experiment_id,run_id,prob_kb_version,subject,predicate,object,triple_key,observation_confidence,source_id,source_type,provenance,extractor_version,iteration
DEC036_B_deepseek-v3.2,train_kb,conservative_noisy_or_conflict_adjusted,Auralex Smartphone Max 1,manufactured_by,Auralex,auralex smartphone max 1|manufactured_by|auralex,0.98,product_1,structured,structured_row:Auralex Smartphone Max 1,structured,1
DEC036_B_deepseek-v3.2,train_kb,conservative_noisy_or_conflict_adjusted,Auralex Smartphone Max 1,belongs_to_category,smartphone,auralex smartphone max 1|belongs_to_category|smartphone,0.98,product_1,structured,structured_row:Auralex Smartphone Max 1,structured,1
DEC036_B_deepseek-v3.2,train_kb,conservative_noisy_or_conflict_adjusted,Auralex Smartphone Max 1,has_price_usd,249,auralex smartphone max 1|has_price_usd|249,0.98,product_1,structured,structured_row:Auralex Smartphone Max 1,structured,1
DEC036_B_deepseek-v3.2,train_kb,conservative_noisy_or_conflict_adjusted,Auralex Smartphone Max 1,has_screen_size_inch,14.0,auralex smartphone max 1|has_screen_size_inch|14.0,0.98,product_1,structured,structured_row:Auralex Smartphone Max 1,structured,1
DEC036_B_deepseek-v3.2,train_kb,conservative_noisy_or_conflict_adjusted,Auralex Smartphone Max 1,has_ram_gb,32,auralex smartphone max 1|has_ram_gb|32,0.98,product_1,structured,structured_row:Auralex Smartphone Max 1,structured,1
DEC036_B_deepseek-v3.2,train_kb,conservative_noisy_or_conflict_adjusted,Auralex Smartphone Max 1,has_storage_gb,1024,auralex smartphone max 1|has_storage_gb|1024,0.98,product_1,structured,structured_row:Auralex Smartphone Max 1,structured,1
DEC036_B_deepseek-v3.2,train_kb,conservative_noisy_or_conflict_adjusted,Auralex Smartphone Max 1,has_battery_life_hours,8,auralex smartphone max 1|has_battery_life_hours|8,0.98,product_1,structured,structured_row:Auralex Smartphone Max 1,structured,1
DEC036_B_deepseek-v3.2,train_kb,conservative_noisy_or_conflict_adjusted,Auralex Smartphone Max 1,has_weight_kg,1.2,auralex smartphone max 1|has_weight_kg|1.2,0.98,product_1,structured,structured_row:Auralex Smartphone Max 1,structured,1
DEC036_B_deepseek-v3.2,train_kb,conservative_noisy_or_conflict_adjusted,Auralex Smartphone Max 1,has_color,blue,auralex smartphone max 1|has_color|blue,0.98,product_1,structured,structured_row:Auralex Smartphone Max 1,structured,1
DEC036_B_deepseek-v3.2,train_kb,conservative_noisy_or_conflict_adjusted,Auralex Smartphone Max 1,made_of_material,aluminum,auralex smartphone max 1|made_of_material|aluminum,0.98,product_1,structured,structured_row:Auralex Smartphone Max 1,structured,1
DEC036_B_deepseek-v3.2,train_kb,conservative_noisy_or_conflict_adjusted,Auralex Smartphone Max 1,target_market_region,US,auralex smartphone max 1|target_market_region|us,0.98,product_1,structured,structured_row:Auralex Smartphone Max 1,structured,1
DEC036_B_deepseek-v3.2,train_kb,conservative_noisy_or_conflict_adjusted,Auralex Smartphone Max 1,supports_fast_charging,no,auralex smartphone max 1|supports_fast_charging|no,0.98,product_1,structured,structured_row:Auralex Smartphone Max 1,structured,1
DEC036_B_deepseek-v3.2,train_kb,conservative_noisy_or_conflict_adjusted,Auralex Smartphone Max 1,has_noise_cancellation,no,auralex smartphone max 1|has_noise_cancellation|no,0.98,product_1,structured,structured_row:Auralex Smartphone Max 1,structured,1
DEC036_B_deepseek-v3.2,train_kb,conservative_noisy_or_conflict_adjusted,Auralex Smartphone Max 1,manufactured_by,Auralex,auralex smartphone max 1|manufactured_by|auralex,0.95,product_1,unstructured,LP=0.999996;LPO=0.999995|Auralex Smartphone Max 1 is manufactured by Auralex. It is a smartphone device. The display measures 14.0 inches. Comes with 32GB of RAM. Built with aluminum construction. Fast charging is no. Noise cancellation: no.,unstructured,1
DEC036_B_deepseek-v3.2,train_kb,conservative_noisy_or_conflict_adjusted,Auralex Smartphone Max 1,belongs_to_category,smartphone device,auralex smartphone max 1|belongs_to_category|smartphone device,0.93,product_1,unstructured,LP=0.966284;LPO=0.678818|Auralex Smartphone Max 1 is manufactured by Auralex. It is a smartphone device. The display measures 14.0 inches. Comes with 32GB of RAM. Built with aluminum construction. Fast charging is no. Noise cancellation: no.,unstructured,1
DEC036_B_deepseek-v3.2,train_kb,conservative_noisy_or_conflict_adjusted,Auralex Smartphone Max 1,has_screen_size_inch,14.0,auralex smartphone max 1|has_screen_size_inch|14.0,0.92,product_1,unstructured,LP=0.999938;LPO=0.999697|Auralex Smartphone Max 1 is manufactured by Auralex. It is a smartphone device. The display measures 14.0 inches. Comes with 32GB of RAM. Built with aluminum construction. Fast charging is no. Noise cancellation: no.,unstructured,1
DEC036_B_deepseek-v3.2,train_kb,conservative_noisy_or_conflict_adjusted,Auralex Smartphone Max 1,has_ram_gb,32,auralex smartphone max 1|has_ram_gb|32,0.94,product_1,unstructured,LP=0.999998;LPO=0.999997|Auralex Smartphone Max 1 is manufactured by Auralex. It is a smartphone device. The display measures 14.0 inches. Comes with 32GB of RAM. Built with aluminum construction. Fast charging is no. Noise cancellation: no.,unstructured,1
DEC036_B_deepseek-v3.2,train_kb,conservative_noisy_or_conflict_adjusted,Auralex Smartphone Max 1,made_of_material,aluminum,auralex smartphone max 1|made_of_material|aluminum,0.91,product_1,unstructured,LP=0.999968;LPO=0.999990|Auralex Smartphone Max 1 is manufactured by Auralex. It is a smartphone device. The display measures 14.0 inches. Comes with 32GB of RAM. Built with aluminum construction. Fast charging is no. Noise cancellation: no.,unstructured,1
DEC036_B_deepseek-v3.2,train_kb,conservative_noisy_or_conflict_adjusted,Auralex Smartphone Max 1,supports_fast_charging,no,auralex smartphone max 1|supports_fast_charging|no,0.9,product_1,unstructured,LP=0.997994;LPO=0.970363|Auralex Smartphone Max 1 is manufactured by Auralex. It is a smartphone device. The display measures 14.0 inches. Comes with 32GB of RAM. Built with aluminum construction. Fast charging is no. Noise cancellation: no.,unstructured,1
DEC036_B_deepseek-v3.2,train_kb,conservative_noisy_or_conflict_adjusted,Auralex Smartphone Max 1,has_noise_cancellation,no,auralex smartphone max 1|has_noise_cancellation|no,0.9,product_1,unstructured,LP=0.999998;LPO=0.999998|Auralex Smartphone Max 1 is manufactured by Auralex. It is a smartphone device. The display measures 14.0 inches. Comes with 32GB of RAM. Built with aluminum construction. Fast charging is no. Noise cancellation: no.,unstructured,1
DEC036_B_deepseek-v3.2,train_kb,conservative_noisy_or_conflict_adjusted,TechNova Laptop Air 2,manufactured_by,TechNova,technova laptop air 2|manufactured_by|technova,0.98,product_2,structured,structured_row:TechNova Laptop Air 2,structured,1
DEC036_B_deepseek-v3.2,train_kb,conservative_noisy_or_conflict_adjusted,TechNova Laptop Air 2,belongs_to_category,laptop,technova laptop air 2|belongs_to_category|laptop,0.98,product_2,structured,structured_row:TechNova Laptop Air 2,structured,1
DEC036_B_deepseek-v3.2,train_kb,conservative_noisy_or_conflict_adjusted,TechNova Laptop Air 2,has_price_usd,499,technova laptop air 2|has_price_usd|499,0.98,product_2,structured,structured_row:TechNova Laptop Air 2,structured,1
DEC036_B_deepseek-v3.2,train_kb,conservative_noisy_or_conflict_adjusted,TechNova Laptop Air 2,has_screen_size_inch,15.6,technova laptop air 2|has_screen_size_inch|15.6,0.98,product_2,structured,structured_row:TechNova Laptop Air 2,structured,1
DEC036_B_deepseek-v3.2,train_kb,conservative_noisy_or_conflict_adjusted,TechNova Laptop Air 2,has_ram_gb,4,technova laptop air 2|has_ram_gb|4,0.98,product_2,structured,structured_row:TechNova Laptop Air 2,structured,1
DEC036_B_deepseek-v3.2,train_kb,conservative_noisy_or_conflict_adjusted,TechNova Laptop Air 2,has_storage_gb,128,technova laptop air 2|has_storage_gb|128,0.98,product_2,structured,structured_row:TechNova Laptop Air 2,structured,1
DEC036_B_deepseek-v3.2,train_kb,conservative_noisy_or_conflict_adjusted,TechNova Laptop Air 2,has_battery_life_hours,20,technova laptop air 2|has_battery_life_hours|20,0.98,product_2,structured,structured_row:TechNova Laptop Air 2,structured,1
DEC036_B_deepseek-v3.2,train_kb,conservative_noisy_or_conflict_adjusted,TechNova Laptop Air 2,has_weight_kg,0.55,technova laptop air 2|has_weight_kg|0.55,0.98,product_2,structured,structured_row:TechNova Laptop Air 2,structured,1
DEC036_B_deepseek-v3.2,train_kb,conservative_noisy_or_conflict_adjusted,TechNova Laptop Air 2,has_color,green,technova laptop air 2|has_color|green,0.98,product_2,structured,structured_row:TechNova Laptop Air 2,structured,1
DEC036_B_deepseek-v3.2,train_kb,conservative_noisy_or_conflict_adjusted,TechNova Laptop Air 2,made_of_material,plastic,technova laptop air 2|made_of_material|plastic,0.98,product_2,structured,structured_row:TechNova Laptop Air 2,structured,1
DEC036_B_deepseek-v3.2,train_kb,conservative_noisy_or_conflict_adjusted,TechNova Laptop Air 2,target_market_region,US,technova laptop air 2|target_market_region|us,0.98,product_2,structured,structured_row:TechNova Laptop Air 2,structured,1
DEC036_B_deepseek-v3.2,train_kb,conservative_noisy_or_conflict_adjusted,TechNova Laptop Air 2,supports_fast_charging,no,technova laptop air 2|supports_fast_charging|no,0.98,product_2,structured,structured_row:TechNova Laptop Air 2,structured,1
DEC036_B_deepseek-v3.2,train_kb,conservative_noisy_or_conflict_adjusted,TechNova Laptop Air 2,has_noise_cancellation,no,technova laptop air 2|has_noise_cancellation|no,0.98,product_2,structured,structured_row:TechNova Laptop Air 2,structured,1
DEC036_B_deepseek-v3.2,train_kb,conservative_noisy_or_conflict_adjusted,laptop device,has_price_usd,499,laptop device|has_price_usd|499,0.93,product_2,unstructured,LP=0.915866;LPO=0.999977|It is a laptop device. Priced at 499 USD. The display measures 15.6 inches. Comes with 4GB of RAM. Offers 128GB of internal storage. Available in green. Targeted at the US market.,unstructured,1
DEC036_B_deepseek-v3.2,train_kb,conservative_noisy_or_conflict_adjusted,laptop device,has_screen_size_inch,15.6,laptop device|has_screen_size_inch|15.6,0.92,product_2,unstructured,LP=0.999651;LPO=0.999992|It is a laptop device. Priced at 499 USD. The display measures 15.6 inches. Comes with 4GB of RAM. Offers 128GB of internal storage. Available in green. Targeted at the US market.,unstructured,1
DEC036_B_deepseek-v3.2,train_kb,conservative_noisy_or_conflict_adjusted,laptop device,has_ram_gb,4,laptop device|has_ram_gb|4,0.92,product_2,unstructured,LP=0.999985;LPO=0.999990|It is a laptop device. Priced at 499 USD. The display measures 15.6 inches. Comes with 4GB of RAM. Offers 128GB of internal storage. Available in green. Targeted at the US market.,unstructured,1
DEC036_B_deepseek-v3.2,train_kb,conservative_noisy_or_conflict_adjusted,laptop device,has_storage_gb,128,laptop device|has_storage_gb|128,0.92,product_2,unstructured,LP=0.999995;LPO=1.000000|It is a laptop device. Priced at 499 USD. The display measures 15.6 inches. Comes with 4GB of RAM. Offers 128GB of internal storage. Available in green. Targeted at the US market.,unstructured,1
DEC036_B_deepseek-v3.2,train_kb,conservative_noisy_or_conflict_adjusted,laptop device,has_color,green,laptop device|has_color|green,0.9,product_2,unstructured,LP=0.999097;LPO=0.999992|It is a laptop device. Priced at 499 USD. The display measures 15.6 inches. Comes with 4GB of RAM. Offers 128GB of internal storage. Available in green. Targeted at the US market.,unstructured,1
DEC036_B_deepseek-v3.2,train_kb,conservative_noisy_or_conflict_adjusted,laptop device,target_market_region,US,laptop device|target_market_region|us,0.9,product_2,unstructured,LP=0.999912;LPO=0.999680|It is a laptop device. Priced at 499 USD. The display measures 15.6 inches. Comes with 4GB of RAM. Offers 128GB of internal storage. Available in green. Targeted at the US market.,unstructured,1
DEC036_B_deepseek-v3.2,train_kb,conservative_noisy_or_conflict_adjusted,NeoTech Smartphone Pro 3,manufactured_by,NeoTech,neotech smartphone pro 3|manufactured_by|neotech,0.98,product_3,structured,structured_row:NeoTech Smartphone Pro 3,structured,1
DEC036_B_deepseek-v3.2,train_kb,conservative_noisy_or_conflict_adjusted,NeoTech Smartphone Pro 3,belongs_to_category,smartphone,neotech smartphone pro 3|belongs_to_category|smartphone,0.98,product_3,structured,structured_row:NeoTech Smartphone Pro 3,structured,1
DEC036_B_deepseek-v3.2,train_kb,conservative_noisy_or_conflict_adjusted,NeoTech Smartphone Pro 3,has_price_usd,1099,neotech smartphone pro 3|has_price_usd|1099,0.98,product_3,structured,structured_row:NeoTech Smartphone Pro 3,structured,1
DEC036_B_deepseek-v3.2,train_kb,conservative_noisy_or_conflict_adjusted,NeoTech Smartphone Pro 3,has_screen_size_inch,13.3,neotech smartphone pro 3|has_screen_size_inch|13.3,0.98,product_3,structured,structured_row:NeoTech Smartphone Pro 3,structured,1
DEC036_B_deepseek-v3.2,train_kb,conservative_noisy_or_conflict_adjusted,NeoTech Smartphone Pro 3,has_ram_gb,4,neotech smartphone pro 3|has_ram_gb|4,0.98,product_3,structured,structured_row:NeoTech Smartphone Pro 3,structured,1
DEC036_B_deepseek-v3.2,train_kb,conservative_noisy_or_conflict_adjusted,NeoTech Smartphone Pro 3,has_storage_gb,512,neotech smartphone pro 3|has_storage_gb|512,0.98,product_3,structured,structured_row:NeoTech Smartphone Pro 3,structured,1
DEC036_B_deepseek-v3.2,train_kb,conservative_noisy_or_conflict_adjusted,NeoTech Smartphone Pro 3,has_battery_life_hours,8,neotech smartphone pro 3|has_battery_life_hours|8,0.98,product_3,structured,structured_row:NeoTech Smartphone Pro 3,structured,1
DEC036_B_deepseek-v3.2,train_kb,conservative_noisy_or_conflict_adjusted,NeoTech Smartphone Pro 3,has_weight_kg,1.2,neotech smartphone pro 3|has_weight_kg|1.2,0.98,product_3,structured,structured_row:NeoTech Smartphone Pro 3,structured,1
DEC036_B_deepseek-v3.2,train_kb,conservative_noisy_or_conflict_adjusted,NeoTech Smartphone Pro 3,has_color,blue,neotech smartphone pro 3|has_color|blue,0.98,product_3,structured,structured_row:NeoTech Smartphone Pro 3,structured,1
DEC036_B_deepseek-v3.2,train_kb,conservative_noisy_or_conflict_adjusted,NeoTech Smartphone Pro 3,made_of_material,carbon fiber,neotech smartphone pro 3|made_of_material|carbon fiber,0.98,product_3,structured,structured_row:NeoTech Smartphone Pro 3,structured,1
DEC036_B_deepseek-v3.2,train_kb,conservative_noisy_or_conflict_adjusted,NeoTech Smartphone Pro 3,target_market_region,APAC,neotech smartphone pro 3|target_market_region|apac,0.98,product_3,structured,structured_row:NeoTech Smartphone Pro 3,structured,1
DEC036_B_deepseek-v3.2,train_kb,conservative_noisy_or_conflict_adjusted,NeoTech Smartphone Pro 3,supports_fast_charging,no,neotech smartphone pro 3|supports_fast_charging|no,0.98,product_3,structured,structured_row:NeoTech Smartphone Pro 3,structured,1
DEC036_B_deepseek-v3.2,train_kb,conservative_noisy_or_conflict_adjusted,NeoTech Smartphone Pro 3,has_noise_cancellation,no,neotech smartphone pro 3|has_noise_cancellation|no,0.98,product_3,structured,structured_row:NeoTech Smartphone Pro 3,structured,1
DEC036_B_deepseek-v3.2,train_kb,conservative_noisy_or_conflict_adjusted,NeoTech Smartphone Pro 3,manufactured_by,NeoTech,neotech smartphone pro 3|manufactured_by|neotech,0.96,product_3,unstructured,LP=0.999996;LPO=0.999997|NeoTech Smartphone Pro 3 is manufactured by NeoTech. It is a smartphone device. The display measures 13.3 inches. Offers 512GB of internal storage. Built with carbon fiber construction. Targeted at the APAC market. Fast charging is no.,unstructured,1
DEC036_B_deepseek-v3.2,train_kb,conservative_noisy_or_conflict_adjusted,NeoTech Smartphone Pro 3,belongs_to_category,smartphone device,neotech smartphone pro 3|belongs_to_category|smartphone device,0.9,product_3,unstructured,LP=0.948625;LPO=0.730216|NeoTech Smartphone Pro 3 is manufactured by NeoTech. It is a smartphone device. The display measures 13.3 inches. Offers 512GB of internal storage. Built with carbon fiber construction. Targeted at the APAC market. Fast charging is no.,unstructured,1
DEC036_B_deepseek-v3.2,train_kb,conservative_noisy_or_conflict_adjusted,NeoTech Smartphone Pro 3,has_screen_size_inch,13.3,neotech smartphone pro 3|has_screen_size_inch|13.3,0.93,product_3,unstructured,LP=0.998626;LPO=0.999991|NeoTech Smartphone Pro 3 is manufactured by NeoTech. It is a smartphone device. The display measures 13.3 inches. Offers 512GB of internal storage. Built with carbon fiber construction. Targeted at the APAC market. Fast charging is no.,unstructured,1
DEC036_B_deepseek-v3.2,train_kb,conservative_noisy_or_conflict_adjusted,NeoTech Smartphone Pro 3,has_storage_gb,512,neotech smartphone pro 3|has_storage_gb|512,0.94,product_3,unstructured,LP=0.999999;LPO=1.000000|NeoTech Smartphone Pro 3 is manufactured by NeoTech. It is a smartphone device. The display measures 13.3 inches. Offers 512GB of internal storage. Built with carbon fiber construction. Targeted at the APAC market. Fast charging is no.,unstructured,1
DEC036_B_deepseek-v3.2,train_kb,conservative_noisy_or_conflict_adjusted,NeoTech Smartphone Pro 3,made_of_material,carbon fiber,neotech smartphone pro 3|made_of_material|carbon fiber,0.91,product_3,unstructured,LP=0.999989;LPO=0.999991|NeoTech Smartphone Pro 3 is manufactured by NeoTech. It is a smartphone device. The display measures 13.3 inches. Offers 512GB of internal storage. Built with carbon fiber construction. Targeted at the APAC market. Fast charging is no.,unstructured,1
DEC036_B_deepseek-v3.2,train_kb,conservative_noisy_or_conflict_adjusted,NeoTech Smartphone Pro 3,target_market_region,APAC,neotech smartphone pro 3|target_market_region|apac,0.92,product_3,unstructured,LP=0.999996;LPO=0.999998|NeoTech Smartphone Pro 3 is manufactured by NeoTech. It is a smartphone device. The display measures 13.3 inches. Offers 512GB of internal storage. Built with carbon fiber construction. Targeted at the APAC market. Fast charging is no.,unstructured,1
DEC036_B_deepseek-v3.2,train_kb,conservative_noisy_or_conflict_adjusted,NeoTech Smartphone Pro 3,supports_fast_charging,no,neotech smartphone pro 3|supports_fast_charging|no,0.9,product_3,unstructured,LP=0.999820;LPO=0.997335|NeoTech Smartphone Pro 3 is manufactured by NeoTech. It is a smartphone device. The display measures 13.3 inches. Offers 512GB of internal storage. Built with carbon fiber construction. Targeted at the APAC market. Fast charging is no.,unstructured,1
DEC036_B_deepseek-v3.2,train_kb,conservative_noisy_or_conflict_adjusted,NeoTech Laptop Air 4,manufactured_by,NeoTech,neotech laptop air 4|manufactured_by|neotech,0.98,product_4,structured,structured_row:NeoTech Laptop Air 4,structured,1
DEC036_B_deepseek-v3.2,train_kb,conservative_noisy_or_conflict_adjusted,NeoTech Laptop Air 4,belongs_to_category,laptop,neotech laptop air 4|belongs_to_category|laptop,0.98,product_4,structured,structured_row:NeoTech Laptop Air 4,structured,1
DEC036_B_deepseek-v3.2,train_kb,conservative_noisy_or_conflict_adjusted,NeoTech Laptop Air 4,has_price_usd,499,neotech laptop air 4|has_price_usd|499,0.98,product_4,structured,structured_row:NeoTech Laptop Air 4,structured,1
DEC036_B_deepseek-v3.2,train_kb,conservative_noisy_or_conflict_adjusted,NeoTech Laptop Air 4,has_screen_size_inch,11.0,neotech laptop air 4|has_screen_size_inch|11.0,0.98,product_4,structured,structured_row:NeoTech Laptop Air 4,structured,1
DEC036_B_deepseek-v3.2,train_kb,conservative_noisy_or_conflict_adjusted,NeoTech Laptop Air 4,has_ram_gb,32,neotech laptop air 4|has_ram_gb|32,0.98,product_4,structured,structured_row:NeoTech Laptop Air 4,structured,1
DEC036_B_deepseek-v3.2,train_kb,conservative_noisy_or_conflict_adjusted,NeoTech Laptop Air 4,has_storage_gb,256,neotech laptop air 4|has_storage_gb|256,0.98,product_4,structured,structured_row:NeoTech Laptop Air 4,structured,1
DEC036_B_deepseek-v3.2,train_kb,conservative_noisy_or_conflict_adjusted,NeoTech Laptop Air 4,has_battery_life_hours,10,neotech laptop air 4|has_battery_life_hours|10,0.98,product_4,structured,structured_row:NeoTech Laptop Air 4,structured,1
DEC036_B_deepseek-v3.2,train_kb,conservative_noisy_or_conflict_adjusted,NeoTech Laptop Air 4,has_weight_kg,0.42,neotech laptop air 4|has_weight_kg|0.42,0.98,product_4,structured,structured_row:NeoTech Laptop Air 4,structured,1
DEC036_B_deepseek-v3.2,train_kb,conservative_noisy_or_conflict_adjusted,NeoTech Laptop Air 4,has_color,black,neotech laptop air 4|has_color|black,0.98,product_4,structured,structured_row:NeoTech Laptop Air 4,structured,1
DEC036_B_deepseek-v3.2,train_kb,conservative_noisy_or_conflict_adjusted,NeoTech Laptop Air 4,made_of_material,aluminum,neotech laptop air 4|made_of_material|aluminum,0.98,product_4,structured,structured_row:NeoTech Laptop Air 4,structured,1
DEC036_B_deepseek-v3.2,train_kb,conservative_noisy_or_conflict_adjusted,NeoTech Laptop Air 4,target_market_region,EU,neotech laptop air 4|target_market_region|eu,0.98,product_4,structured,structured_row:NeoTech Laptop Air 4,structured,1
DEC036_B_deepseek-v3.2,train_kb,conservative_noisy_or_conflict_adjusted,NeoTech Laptop Air 4,supports_fast_charging,no,neotech laptop air 4|supports_fast_charging|no,0.98,product_4,structured,structured_row:NeoTech Laptop Air 4,structured,1
DEC036_B_deepseek-v3.2,train_kb,conservative_noisy_or_conflict_adjusted,NeoTech Laptop Air 4,has_noise_cancellation,no,neotech laptop air 4|has_noise_cancellation|no,0.98,product_4,structured,structured_row:NeoTech Laptop Air 4,structured,1
DEC036_B_deepseek-v3.2,train_kb,conservative_noisy_or_conflict_adjusted,It,belongs_to_category,laptop device,it|belongs_to_category|laptop device,0.92,product_4,unstructured,LP=0.774768;LPO=0.962224|It is a laptop device. Priced at 499 USD. The display measures 11.0 inches. Comes with 32GB of RAM. Built with aluminum construction. Targeted at the EU market. Noise cancellation: no.,unstructured,1
DEC036_B_deepseek-v3.2,train_kb,conservative_noisy_or_conflict_adjusted,It,has_price_usd,499,it|has_price_usd|499,0.94,product_4,unstructured,LP=0.999903;LPO=0.999968|It is a laptop device. Priced at 499 USD. The display measures 11.0 inches. Comes with 32GB of RAM. Built with aluminum construction. Targeted at the EU market. Noise cancellation: no.,unstructured,1
DEC036_B_deepseek-v3.2,train_kb,conservative_noisy_or_conflict_adjusted,It,has_screen_size_inch,11.0,it|has_screen_size_inch|11.0,0.93,product_4,unstructured,LP=0.998591;LPO=0.999889|It is a laptop device. Priced at 499 USD. The display measures 11.0 inches. Comes with 32GB of RAM. Built with aluminum construction. Targeted at the EU market. Noise cancellation: no.,unstructured,1
DEC036_B_deepseek-v3.2,train_kb,conservative_noisy_or_conflict_adjusted,It,has_ram_gb,32,it|has_ram_gb|32,0.95,product_4,unstructured,LP=0.999998;LPO=0.999997|It is a laptop device. Priced at 499 USD. The display measures 11.0 inches. Comes with 32GB of RAM. Built with aluminum construction. Targeted at the EU market. Noise cancellation: no.,unstructured,1
DEC036_B_deepseek-v3.2,train_kb,conservative_noisy_or_conflict_adjusted,It,made_of_material,aluminum,it|made_of_material|aluminum,0.92,product_4,unstructured,LP=0.999981;LPO=0.999970|It is a laptop device. Priced at 499 USD. The display measures 11.0 inches. Comes with 32GB of RAM. Built with aluminum construction. Targeted at the EU market. Noise cancellation: no.,unstructured,1
DEC036_B_deepseek-v3.2,train_kb,conservative_noisy_or_conflict_adjusted,It,target_market_region,EU,it|target_market_region|eu,0.91,product_4,unstructured,LP=0.999989;LPO=0.999945|It is a laptop device. Priced at 499 USD. The display measures 11.0 inches. Comes with 32GB of RAM. Built with aluminum construction. Targeted at the EU market. Noise cancellation: no.,unstructured,1
DEC036_B_deepseek-v3.2,train_kb,conservative_noisy_or_conflict_adjusted,It,has_noise_cancellation,no,it|has_noise_cancellation|no,0.9,product_4,unstructured,LP=0.999142;LPO=0.993233|It is a laptop device. Priced at 499 USD. The display measures 11.0 inches. Comes with 32GB of RAM. Built with aluminum construction. Targeted at the EU market. Noise cancellation: no.,unstructured,1
DEC036_B_deepseek-v3.2,train_kb,conservative_noisy_or_conflict_adjusted,VoltEdge Tablet Lite 5,manufactured_by,VoltEdge,voltedge tablet lite 5|manufactured_by|voltedge,0.98,product_5,structured,structured_row:VoltEdge Tablet Lite 5,structured,1
DEC036_B_deepseek-v3.2,train_kb,conservative_noisy_or_conflict_adjusted,VoltEdge Tablet Lite 5,belongs_to_category,tablet,voltedge tablet lite 5|belongs_to_category|tablet,0.98,product_5,structured,structured_row:VoltEdge Tablet Lite 5,structured,1
DEC036_B_deepseek-v3.2,train_kb,conservative_noisy_or_conflict_adjusted,VoltEdge Tablet Lite 5,has_price_usd,199,voltedge tablet lite 5|has_price_usd|199,0.98,product_5,structured,structured_row:VoltEdge Tablet Lite 5,structured,1
DEC036_B_deepseek-v3.2,train_kb,conservative_noisy_or_conflict_adjusted,VoltEdge Tablet Lite 5,has_screen_size_inch,6.7,voltedge tablet lite 5|has_screen_size_inch|6.7,0.98,product_5,structured,structured_row:VoltEdge Tablet Lite 5,structured,1
DEC036_B_deepseek-v3.2,train_kb,conservative_noisy_or_conflict_adjusted,VoltEdge Tablet Lite 5,has_ram_gb,4,voltedge tablet lite 5|has_ram_gb|4,0.98,product_5,structured,structured_row:VoltEdge Tablet Lite 5,structured,1
DEC036_B_deepseek-v3.2,train_kb,conservative_noisy_or_conflict_adjusted,VoltEdge Tablet Lite 5,has_storage_gb,256,voltedge tablet lite 5|has_storage_gb|256,0.98,product_5,structured,structured_row:VoltEdge Tablet Lite 5,structured,1
DEC036_B_deepseek-v3.2,train_kb,conservative_noisy_or_conflict_adjusted,VoltEdge Tablet Lite 5,has_battery_life_hours,14,voltedge tablet lite 5|has_battery_life_hours|14,0.98,product_5,structured,structured_row:VoltEdge Tablet Lite 5,structured,1
DEC036_B_deepseek-v3.2,train_kb,conservative_noisy_or_conflict_adjusted,VoltEdge Tablet Lite 5,has_weight_kg,0.42,voltedge tablet lite 5|has_weight_kg|0.42,0.98,product_5,structured,structured_row:VoltEdge Tablet Lite 5,structured,1
DEC036_B_deepseek-v3.2,train_kb,conservative_noisy_or_conflict_adjusted,VoltEdge Tablet Lite 5,has_color,blue,voltedge tablet lite 5|has_color|blue,0.98,product_5,structured,structured_row:VoltEdge Tablet Lite 5,structured,1
DEC036_B_deepseek-v3.2,train_kb,conservative_noisy_or_conflict_adjusted,VoltEdge Tablet Lite 5,made_of_material,carbon fiber,voltedge tablet lite 5|made_of_material|carbon fiber,0.98,product_5,structured,structured_row:VoltEdge Tablet Lite 5,structured,1
DEC036_B_deepseek-v3.2,train_kb,conservative_noisy_or_conflict_adjusted,VoltEdge Tablet Lite 5,target_market_region,US,voltedge tablet lite 5|target_market_region|us,0.98,product_5,structured,structured_row:VoltEdge Tablet Lite 5,structured,1
DEC036_B_deepseek-v3.2,train_kb,conservative_noisy_or_conflict_adjusted,VoltEdge Tablet Lite 5,supports_fast_charging,yes,voltedge tablet lite 5|supports_fast_charging|yes,0.98,product_5,structured,structured_row:VoltEdge Tablet Lite 5,structured,1
DEC036_B_deepseek-v3.2,train_kb,conservative_noisy_or_conflict_adjusted,VoltEdge Tablet Lite 5,has_noise_cancellation,no,voltedge tablet lite 5|has_noise_cancellation|no,0.98,product_5,structured,structured_row:VoltEdge Tablet Lite 5,structured,1
DEC036_B_deepseek-v3.2,train_kb,conservative_noisy_or_conflict_adjusted,product,has_screen_size_inch,6.7,product|has_screen_size_inch|6.7,0.95,product_5,unstructured,LP=0.954806;LPO=0.999994|The display measures 6.7 inches. Offers 256GB of internal storage. Battery lasts up to 14 hours. Weighs approximately 0.42kg. Built with carbon fiber construction. Targeted at the US market. Noise cancellation: no.,unstructured,1
DEC036_B_deepseek-v3.2,train_kb,conservative_noisy_or_conflict_adjusted,product,has_storage_gb,256,product|has_storage_gb|256,0.94,product_5,unstructured,LP=1.000000;LPO=1.000000|The display measures 6.7 inches. Offers 256GB of internal storage. Battery lasts up to 14 hours. Weighs approximately 0.42kg. Built with carbon fiber construction. Targeted at the US market. Noise cancellation: no.,unstructured,1
DEC036_B_deepseek-v3.2,train_kb,conservative_noisy_or_conflict_adjusted,product,has_battery_life_hours,14,product|has_battery_life_hours|14,0.91,product_5,unstructured,LP=0.999991;LPO=0.999953|The display measures 6.7 inches. Offers 256GB of internal storage. Battery lasts up to 14 hours. Weighs approximately 0.42kg. Built with carbon fiber construction. Targeted at the US market. Noise cancellation: no.,unstructured,1
DEC036_B_deepseek-v3.2,train_kb,conservative_noisy_or_conflict_adjusted,product,has_weight_kg,0.42,product|has_weight_kg|0.42,0.92,product_5,unstructured,LP=0.999999;LPO=0.999996|The display measures 6.7 inches. Offers 256GB of internal storage. Battery lasts up to 14 hours. Weighs approximately 0.42kg. Built with carbon fiber construction. Targeted at the US market. Noise cancellation: no.,unstructured,1
DEC036_B_deepseek-v3.2,train_kb,conservative_noisy_or_conflict_adjusted,product,made_of_material,carbon fiber,product|made_of_material|carbon fiber,0.93,product_5,unstructured,LP=0.999970;LPO=0.999977|The display measures 6.7 inches. Offers 256GB of internal storage. Battery lasts up to 14 hours. Weighs approximately 0.42kg. Built with carbon fiber construction. Targeted at the US market. Noise cancellation: no.,unstructured,1
DEC036_B_deepseek-v3.2,train_kb,conservative_noisy_or_conflict_adjusted,product,target_market_region,US,product|target_market_region|us,0.94,product_5,unstructured,LP=0.999944;LPO=0.999641|The display measures 6.7 inches. Offers 256GB of internal storage. Battery lasts up to 14 hours. Weighs approximately 0.42kg. Built with carbon fiber construction. Targeted at the US market. Noise cancellation: no.,unstructured,1
DEC036_B_deepseek-v3.2,train_kb,conservative_noisy_or_conflict_adjusted,product,has_noise_cancellation,no,product|has_noise_cancellation|no,0.96,product_5,unstructured,LP=0.995228;LPO=0.962562|The display measures 6.7 inches. Offers 256GB of internal storage. Battery lasts up to 14 hours. Weighs approximately 0.42kg. Built with carbon fiber construction. Targeted at the US market. Noise cancellation: no.,unstructured,1
DEC036_B_deepseek-v3.2,train_kb,conservative_noisy_or_conflict_adjusted,PixelWare Tablet Plus 6,manufactured_by,PixelWare,pixelware tablet plus 6|manufactured_by|pixelware,0.98,product_6,structured,structured_row:PixelWare Tablet Plus 6,structured,1
DEC036_B_deepseek-v3.2,train_kb,conservative_noisy_or_conflict_adjusted,PixelWare Tablet Plus 6,belongs_to_category,tablet,pixelware tablet plus 6|belongs_to_category|tablet,0.98,product_6,structured,structured_row:PixelWare Tablet Plus 6,structured,1
DEC036_B_deepseek-v3.2,train_kb,conservative_noisy_or_conflict_adjusted,PixelWare Tablet Plus 6,has_price_usd,1299,pixelware tablet plus 6|has_price_usd|1299,0.98,product_6,structured,structured_row:PixelWare Tablet Plus 6,structured,1
DEC036_B_deepseek-v3.2,train_kb,conservative_noisy_or_conflict_adjusted,PixelWare Tablet Plus 6,has_screen_size_inch,10.9,pixelware tablet plus 6|has_screen_size_inch|10.9,0.98,product_6,structured,structured_row:PixelWare Tablet Plus 6,structured,1
DEC036_B_deepseek-v3.2,train_kb,conservative_noisy_or_conflict_adjusted,PixelWare Tablet Plus 6,has_ram_gb,32,pixelware tablet plus 6|has_ram_gb|32,0.98,product_6,structured,structured_row:PixelWare Tablet Plus 6,structured,1
DEC036_B_deepseek-v3.2,train_kb,conservative_noisy_or_conflict_adjusted,PixelWare Tablet Plus 6,has_storage_gb,1024,pixelware tablet plus 6|has_storage_gb|1024,0.98,product_6,structured,structured_row:PixelWare Tablet Plus 6,structured,1
DEC036_B_deepseek-v3.2,train_kb,conservative_noisy_or_conflict_adjusted,PixelWare Tablet Plus 6,has_battery_life_hours,14,pixelware tablet plus 6|has_battery_life_hours|14,0.98,product_6,structured,structured_row:PixelWare Tablet Plus 6,structured,1
DEC036_B_deepseek-v3.2,train_kb,conservative_noisy_or_conflict_adjusted,PixelWare Tablet Plus 6,has_weight_kg,1.2,pixelware tablet plus 6|has_weight_kg|1.2,0.98,product_6,structured,structured_row:PixelWare Tablet Plus 6,structured,1
DEC036_B_deepseek-v3.2,train_kb,conservative_noisy_or_conflict_adjusted,PixelWare Tablet Plus 6,has_color,blue,pixelware tablet plus 6|has_color|blue,0.98,product_6,structured,structured_row:PixelWare Tablet Plus 6,structured,1
DEC036_B_deepseek-v3.2,train_kb,conservative_noisy_or_conflict_adjusted,PixelWare Tablet Plus 6,made_of_material,aluminum,pixelware tablet plus 6|made_of_material|aluminum,0.98,product_6,structured,structured_row:PixelWare Tablet Plus 6,structured,1
DEC036_B_deepseek-v3.2,train_kb,conservative_noisy_or_conflict_adjusted,PixelWare Tablet Plus 6,target_market_region,US,pixelware tablet plus 6|target_market_region|us,0.98,product_6,structured,structured_row:PixelWare Tablet Plus 6,structured,1
DEC036_B_deepseek-v3.2,train_kb,conservative_noisy_or_conflict_adjusted,PixelWare Tablet Plus 6,supports_fast_charging,no,pixelware tablet plus 6|supports_fast_charging|no,0.98,product_6,structured,structured_row:PixelWare Tablet Plus 6,structured,1
DEC036_B_deepseek-v3.2,train_kb,conservative_noisy_or_conflict_adjusted,PixelWare Tablet Plus 6,has_noise_cancellation,no,pixelware tablet plus 6|has_noise_cancellation|no,0.98,product_6,structured,structured_row:PixelWare Tablet Plus 6,structured,1
DEC036_B_deepseek-v3.2,train_kb,conservative_noisy_or_conflict_adjusted,tablet device,has_price_usd,1299,tablet device|has_price_usd|1299,0.95,product_6,unstructured,LP=0.956372;LPO=0.999992|It is a tablet device. Priced at 1299 USD. The display measures 10.9 inches. Offers 1024GB of internal storage. Battery lasts up to 14 hours. Weighs approximately 1.2kg. Available in blue.,unstructured,1
DEC036_B_deepseek-v3.2,train_kb,conservative_noisy_or_conflict_adjusted,tablet device,has_screen_size_inch,10.9,tablet device|has_screen_size_inch|10.9,0.94,product_6,unstructured,LP=0.999400;LPO=0.999998|It is a tablet device. Priced at 1299 USD. The display measures 10.9 inches. Offers 1024GB of internal storage. Battery lasts up to 14 hours. Weighs approximately 1.2kg. Available in blue.,unstructured,1
DEC036_B_deepseek-v3.2,train_kb,conservative_noisy_or_conflict_adjusted,tablet device,has_storage_gb,1024,tablet device|has_storage_gb|1024,0.95,product_6,unstructured,LP=0.999998;LPO=0.999999|It is a tablet device. Priced at 1299 USD. The display measures 10.9 inches. Offers 1024GB of internal storage. Battery lasts up to 14 hours. Weighs approximately 1.2kg. Available in blue.,unstructured,1
DEC036_B_deepseek-v3.2,train_kb,conservative_noisy_or_conflict_adjusted,tablet device,has_battery_life_hours,14,tablet device|has_battery_life_hours|14,0.93,product_6,unstructured,LP=0.999995;LPO=0.999969|It is a tablet device. Priced at 1299 USD. The display measures 10.9 inches. Offers 1024GB of internal storage. Battery lasts up to 14 hours. Weighs approximately 1.2kg. Available in blue.,unstructured,1
DEC036_B_deepseek-v3.2,train_kb,conservative_noisy_or_conflict_adjusted,tablet device,has_weight_kg,1.2,tablet device|has_weight_kg|1.2,0.9,product_6,unstructured,LP=0.999999;LPO=0.999994|It is a tablet device. Priced at 1299 USD. The display measures 10.9 inches. Offers 1024GB of internal storage. Battery lasts up to 14 hours. Weighs approximately 1.2kg. Available in blue.,unstructured,1
DEC036_B_deepseek-v3.2,train_kb,conservative_noisy_or_conflict_adjusted,tablet device,has_color,blue,tablet device|has_color|blue,0.92,product_6,unstructured,LP=0.999989;LPO=0.999990|It is a tablet device. Priced at 1299 USD. The display measures 10.9 inches. Offers 1024GB of internal storage. Battery lasts up to 14 hours. Weighs approximately 1.2kg. Available in blue.,unstructured,1
DEC036_B_deepseek-v3.2,train_kb,conservative_noisy_or_conflict_adjusted,Auralex Smartphone Air 7,manufactured_by,Auralex,auralex smartphone air 7|manufactured_by|auralex,0.98,product_7,structured,structured_row:Auralex Smartphone Air 7,structured,1
DEC036_B_deepseek-v3.2,train_kb,conservative_noisy_or_conflict_adjusted,Auralex Smartphone Air 7,belongs_to_category,smartphone,auralex smartphone air 7|belongs_to_category|smartphone,0.98,product_7,structured,structured_row:Auralex Smartphone Air 7,structured,1
DEC036_B_deepseek-v3.2,train_kb,conservative_noisy_or_conflict_adjusted,Auralex Smartphone Air 7,has_price_usd,249,auralex smartphone air 7|has_price_usd|249,0.98,product_7,structured,structured_row:Auralex Smartphone Air 7,structured,1
DEC036_B_deepseek-v3.2,train_kb,conservative_noisy_or_conflict_adjusted,Auralex Smartphone Air 7,has_screen_size_inch,11.0,auralex smartphone air 7|has_screen_size_inch|11.0,0.98,product_7,structured,structured_row:Auralex Smartphone Air 7,structured,1
DEC036_B_deepseek-v3.2,train_kb,conservative_noisy_or_conflict_adjusted,Auralex Smartphone Air 7,has_ram_gb,12,auralex smartphone air 7|has_ram_gb|12,0.98,product_7,structured,structured_row:Auralex Smartphone Air 7,structured,1
DEC036_B_deepseek-v3.2,train_kb,conservative_noisy_or_conflict_adjusted,Auralex Smartphone Air 7,has_storage_gb,1024,auralex smartphone air 7|has_storage_gb|1024,0.98,product_7,structured,structured_row:Auralex Smartphone Air 7,structured,1
DEC036_B_deepseek-v3.2,train_kb,conservative_noisy_or_conflict_adjusted,Auralex Smartphone Air 7,has_battery_life_hours,14,auralex smartphone air 7|has_battery_life_hours|14,0.98,product_7,structured,structured_row:Auralex Smartphone Air 7,structured,1
DEC036_B_deepseek-v3.2,train_kb,conservative_noisy_or_conflict_adjusted,Auralex Smartphone Air 7,has_weight_kg,1.2,auralex smartphone air 7|has_weight_kg|1.2,0.98,product_7,structured,structured_row:Auralex Smartphone Air 7,structured,1
DEC036_B_deepseek-v3.2,train_kb,conservative_noisy_or_conflict_adjusted,Auralex Smartphone Air 7,has_color,silver,auralex smartphone air 7|has_color|silver,0.98,product_7,structured,structured_row:Auralex Smartphone Air 7,structured,1
DEC036_B_deepseek-v3.2,train_kb,conservative_noisy_or_conflict_adjusted,Auralex Smartphone Air 7,made_of_material,carbon fiber,auralex smartphone air 7|made_of_material|carbon fiber,0.98,product_7,structured,structured_row:Auralex Smartphone Air 7,structured,1
DEC036_B_deepseek-v3.2,train_kb,conservative_noisy_or_conflict_adjusted,Auralex Smartphone Air 7,target_market_region,US,auralex smartphone air 7|target_market_region|us,0.98,product_7,structured,structured_row:Auralex Smartphone Air 7,structured,1
DEC036_B_deepseek-v3.2,train_kb,conservative_noisy_or_conflict_adjusted,Auralex Smartphone Air 7,supports_fast_charging,no,auralex smartphone air 7|supports_fast_charging|no,0.98,product_7,structured,structured_row:Auralex Smartphone Air 7,structured,1
DEC036_B_deepseek-v3.2,train_kb,conservative_noisy_or_conflict_adjusted,Auralex Smartphone Air 7,has_noise_cancellation,no,auralex smartphone air 7|has_noise_cancellation|no,0.98,product_7,structured,structured_row:Auralex Smartphone Air 7,structured,1
DEC036_B_deepseek-v3.2,train_kb,conservative_noisy_or_conflict_adjusted,Auralex Smartphone Air 7,manufactured_by,Auralex,auralex smartphone air 7|manufactured_by|auralex,0.95,product_7,unstructured,LP=0.999992;LPO=0.999998|Auralex Smartphone Air 7 is manufactured by Auralex. It is a smartphone device. Comes with 12GB of RAM. Battery lasts up to 14 hours. Available in silver. Targeted at the US market. Noise cancellation: no.,unstructured,1
DEC036_B_deepseek-v3.2,train_kb,conservative_noisy_or_conflict_adjusted,Auralex Smartphone Air 7,belongs_to_category,smartphone device,auralex smartphone air 7|belongs_to_category|smartphone device,0.9,product_7,unstructured,LP=0.975013;LPO=0.880418|Auralex Smartphone Air 7 is manufactured by Auralex. It is a smartphone device. Comes with 12GB of RAM. Battery lasts up to 14 hours. Available in silver. Targeted at the US market. Noise cancellation: no.,unstructured,1
DEC036_B_deepseek-v3.2,train_kb,conservative_noisy_or_conflict_adjusted,Auralex Smartphone Air 7,has_ram_gb,12,auralex smartphone air 7|has_ram_gb|12,0.93,product_7,unstructured,LP=0.999978;LPO=0.999999|Auralex Smartphone Air 7 is manufactured by Auralex. It is a smartphone device. Comes with 12GB of RAM. Battery lasts up to 14 hours. Available in silver. Targeted at the US market. Noise cancellation: no.,unstructured,1
DEC036_B_deepseek-v3.2,train_kb,conservative_noisy_or_conflict_adjusted,Auralex Smartphone Air 7,has_battery_life_hours,14,auralex smartphone air 7|has_battery_life_hours|14,0.91,product_7,unstructured,LP=0.999991;LPO=0.999901|Auralex Smartphone Air 7 is manufactured by Auralex. It is a smartphone device. Comes with 12GB of RAM. Battery lasts up to 14 hours. Available in silver. Targeted at the US market. Noise cancellation: no.,unstructured,1
DEC036_B_deepseek-v3.2,train_kb,conservative_noisy_or_conflict_adjusted,Auralex Smartphone Air 7,has_color,silver,auralex smartphone air 7|has_color|silver,0.92,product_7,unstructured,LP=0.999987;LPO=0.999977|Auralex Smartphone Air 7 is manufactured by Auralex. It is a smartphone device. Comes with 12GB of RAM. Battery lasts up to 14 hours. Available in silver. Targeted at the US market. Noise cancellation: no.,unstructured,1
DEC036_B_deepseek-v3.2,train_kb,conservative_noisy_or_conflict_adjusted,Auralex Smartphone Air 7,target_market_region,US,auralex smartphone air 7|target_market_region|us,0.94,product_7,unstructured,LP=0.999990;LPO=0.999932|Auralex Smartphone Air 7 is manufactured by Auralex. It is a smartphone device. Comes with 12GB of RAM. Battery lasts up to 14 hours. Available in silver. Targeted at the US market. Noise cancellation: no.,unstructured,1
DEC036_B_deepseek-v3.2,train_kb,conservative_noisy_or_conflict_adjusted,Auralex Smartphone Air 7,has_noise_cancellation,no,auralex smartphone air 7|has_noise_cancellation|no,0.96,product_7,unstructured,LP=0.978591;LPO=0.988856|Auralex Smartphone Air 7 is manufactured by Auralex. It is a smartphone device. Comes with 12GB of RAM. Battery lasts up to 14 hours. Available in silver. Targeted at the US market. Noise cancellation: no.,unstructured,1
DEC036_B_deepseek-v3.2,train_kb,conservative_noisy_or_conflict_adjusted,Auralex Headphones Air 8,manufactured_by,Auralex,auralex headphones air 8|manufactured_by|auralex,0.98,product_8,structured,structured_row:Auralex Headphones Air 8,structured,1
DEC036_B_deepseek-v3.2,train_kb,conservative_noisy_or_conflict_adjusted,Auralex Headphones Air 8,belongs_to_category,headphones,auralex headphones air 8|belongs_to_category|headphones,0.98,product_8,structured,structured_row:Auralex Headphones Air 8,structured,1
DEC036_B_deepseek-v3.2,train_kb,conservative_noisy_or_conflict_adjusted,Auralex Headphones Air 8,has_price_usd,199,auralex headphones air 8|has_price_usd|199,0.98,product_8,structured,structured_row:Auralex Headphones Air 8,structured,1
DEC036_B_deepseek-v3.2,train_kb,conservative_noisy_or_conflict_adjusted,Auralex Headphones Air 8,has_screen_size_inch,14.0,auralex headphones air 8|has_screen_size_inch|14.0,0.98,product_8,structured,structured_row:Auralex Headphones Air 8,structured,1
DEC036_B_deepseek-v3.2,train_kb,conservative_noisy_or_conflict_adjusted,Auralex Headphones Air 8,has_ram_gb,32,auralex headphones air 8|has_ram_gb|32,0.98,product_8,structured,structured_row:Auralex Headphones Air 8,structured,1
DEC036_B_deepseek-v3.2,train_kb,conservative_noisy_or_conflict_adjusted,Auralex Headphones Air 8,has_storage_gb,256,auralex headphones air 8|has_storage_gb|256,0.98,product_8,structured,structured_row:Auralex Headphones Air 8,structured,1
DEC036_B_deepseek-v3.2,train_kb,conservative_noisy_or_conflict_adjusted,Auralex Headphones Air 8,has_battery_life_hours,18,auralex headphones air 8|has_battery_life_hours|18,0.98,product_8,structured,structured_row:Auralex Headphones Air 8,structured,1
DEC036_B_deepseek-v3.2,train_kb,conservative_noisy_or_conflict_adjusted,Auralex Headphones Air 8,has_weight_kg,1.8,auralex headphones air 8|has_weight_kg|1.8,0.98,product_8,structured,structured_row:Auralex Headphones Air 8,structured,1
DEC036_B_deepseek-v3.2,train_kb,conservative_noisy_or_conflict_adjusted,Auralex Headphones Air 8,has_color,blue,auralex headphones air 8|has_color|blue,0.98,product_8,structured,structured_row:Auralex Headphones Air 8,structured,1
DEC036_B_deepseek-v3.2,train_kb,conservative_noisy_or_conflict_adjusted,Auralex Headphones Air 8,made_of_material,plastic,auralex headphones air 8|made_of_material|plastic,0.98,product_8,structured,structured_row:Auralex Headphones Air 8,structured,1
DEC036_B_deepseek-v3.2,train_kb,conservative_noisy_or_conflict_adjusted,Auralex Headphones Air 8,target_market_region,US,auralex headphones air 8|target_market_region|us,0.98,product_8,structured,structured_row:Auralex Headphones Air 8,structured,1
DEC036_B_deepseek-v3.2,train_kb,conservative_noisy_or_conflict_adjusted,Auralex Headphones Air 8,supports_fast_charging,yes,auralex headphones air 8|supports_fast_charging|yes,0.98,product_8,structured,structured_row:Auralex Headphones Air 8,structured,1
DEC036_B_deepseek-v3.2,train_kb,conservative_noisy_or_conflict_adjusted,Auralex Headphones Air 8,has_noise_cancellation,yes,auralex headphones air 8|has_noise_cancellation|yes,0.98,product_8,structured,structured_row:Auralex Headphones Air 8,structured,1
DEC036_B_deepseek-v3.2,train_kb,conservative_noisy_or_conflict_adjusted,Product,has_price_usd,199,product|has_price_usd|199,0.95,product_8,unstructured,LP=0.797235;LPO=0.999970|Priced at 199 USD. The display measures 14.0 inches. Comes with 32GB of RAM. Weighs approximately 1.8kg. Available in blue. Targeted at the US market. Noise cancellation: yes.,unstructured,1
DEC036_B_deepseek-v3.2,train_kb,conservative_noisy_or_conflict_adjusted,Product,has_screen_size_inch,14.0,product|has_screen_size_inch|14.0,0.94,product_8,unstructured,LP=0.999962;LPO=0.999711|Priced at 199 USD. The display measures 14.0 inches. Comes with 32GB of RAM. Weighs approximately 1.8kg. Available in blue. Targeted at the US market. Noise cancellation: yes.,unstructured,1
DEC036_B_deepseek-v3.2,train_kb,conservative_noisy_or_conflict_adjusted,Product,has_ram_gb,32,product|has_ram_gb|32,0.93,product_8,unstructured,LP=0.999996;LPO=0.999992|Priced at 199 USD. The display measures 14.0 inches. Comes with 32GB of RAM. Weighs approximately 1.8kg. Available in blue. Targeted at the US market. Noise cancellation: yes.,unstructured,1
DEC036_B_deepseek-v3.2,train_kb,conservative_noisy_or_conflict_adjusted,Product,has_weight_kg,1.8,product|has_weight_kg|1.8,0.9,product_8,unstructured,LP=0.999990;LPO=0.999987|Priced at 199 USD. The display measures 14.0 inches. Comes with 32GB of RAM. Weighs approximately 1.8kg. Available in blue. Targeted at the US market. Noise cancellation: yes.,unstructured,1
DEC036_B_deepseek-v3.2,train_kb,conservative_noisy_or_conflict_adjusted,Product,has_color,blue,product|has_color|blue,0.91,product_8,unstructured,LP=0.999976;LPO=0.999940|Priced at 199 USD. The display measures 14.0 inches. Comes with 32GB of RAM. Weighs approximately 1.8kg. Available in blue. Targeted at the US market. Noise cancellation: yes.,unstructured,1
DEC036_B_deepseek-v3.2,train_kb,conservative_noisy_or_conflict_adjusted,Product,target_market_region,US,product|target_market_region|us,0.92,product_8,unstructured,LP=0.999941;LPO=0.999653|Priced at 199 USD. The display measures 14.0 inches. Comes with 32GB of RAM. Weighs approximately 1.8kg. Available in blue. Targeted at the US market. Noise cancellation: yes.,unstructured,1
DEC036_B_deepseek-v3.2,train_kb,conservative_noisy_or_conflict_adjusted,Product,has_noise_cancellation,yes,product|has_noise_cancellation|yes,0.92,product_8,unstructured,LP=0.999125;LPO=0.993063|Priced at 199 USD. The display measures 14.0 inches. Comes with 32GB of RAM. Weighs approximately 1.8kg. Available in blue. Targeted at the US market. Noise cancellation: yes.,unstructured,1
DEC036_B_deepseek-v3.2,train_kb,conservative_noisy_or_conflict_adjusted,Zenbyte Laptop Air 9,manufactured_by,Zenbyte,zenbyte laptop air 9|manufactured_by|zenbyte,0.98,product_9,structured,structured_row:Zenbyte Laptop Air 9,structured,1
DEC036_B_deepseek-v3.2,train_kb,conservative_noisy_or_conflict_adjusted,Zenbyte Laptop Air 9,belongs_to_category,laptop,zenbyte laptop air 9|belongs_to_category|laptop,0.98,product_9,structured,structured_row:Zenbyte Laptop Air 9,structured,1
DEC036_B_deepseek-v3.2,train_kb,conservative_noisy_or_conflict_adjusted,Zenbyte Laptop Air 9,has_price_usd,199,zenbyte laptop air 9|has_price_usd|199,0.98,product_9,structured,structured_row:Zenbyte Laptop Air 9,structured,1
DEC036_B_deepseek-v3.2,train_kb,conservative_noisy_or_conflict_adjusted,Zenbyte Laptop Air 9,has_screen_size_inch,6.1,zenbyte laptop air 9|has_screen_size_inch|6.1,0.98,product_9,structured,structured_row:Zenbyte Laptop Air 9,structured,1
DEC036_B_deepseek-v3.2,train_kb,conservative_noisy_or_conflict_adjusted,Zenbyte Laptop Air 9,has_ram_gb,8,zenbyte laptop air 9|has_ram_gb|8,0.98,product_9,structured,structured_row:Zenbyte Laptop Air 9,structured,1
DEC036_B_deepseek-v3.2,train_kb,conservative_noisy_or_conflict_adjusted,Zenbyte Laptop Air 9,has_storage_gb,256,zenbyte laptop air 9|has_storage_gb|256,0.98,product_9,structured,structured_row:Zenbyte Laptop Air 9,structured,1
DEC036_B_deepseek-v3.2,train_kb,conservative_noisy_or_conflict_adjusted,Zenbyte Laptop Air 9,has_battery_life_hours,10,zenbyte laptop air 9|has_battery_life_hours|10,0.98,product_9,structured,structured_row:Zenbyte Laptop Air 9,structured,1
DEC036_B_deepseek-v3.2,train_kb,conservative_noisy_or_conflict_adjusted,Zenbyte Laptop Air 9,has_weight_kg,0.18,zenbyte laptop air 9|has_weight_kg|0.18,0.98,product_9,structured,structured_row:Zenbyte Laptop Air 9,structured,1
DEC036_B_deepseek-v3.2,train_kb,conservative_noisy_or_conflict_adjusted,Zenbyte Laptop Air 9,has_color,green,zenbyte laptop air 9|has_color|green,0.98,product_9,structured,structured_row:Zenbyte Laptop Air 9,structured,1
DEC036_B_deepseek-v3.2,train_kb,conservative_noisy_or_conflict_adjusted,Zenbyte Laptop Air 9,made_of_material,aluminum,zenbyte laptop air 9|made_of_material|aluminum,0.98,product_9,structured,structured_row:Zenbyte Laptop Air 9,structured,1
DEC036_B_deepseek-v3.2,train_kb,conservative_noisy_or_conflict_adjusted,Zenbyte Laptop Air 9,target_market_region,APAC,zenbyte laptop air 9|target_market_region|apac,0.98,product_9,structured,structured_row:Zenbyte Laptop Air 9,structured,1
DEC036_B_deepseek-v3.2,train_kb,conservative_noisy_or_conflict_adjusted,Zenbyte Laptop Air 9,supports_fast_charging,yes,zenbyte laptop air 9|supports_fast_charging|yes,0.98,product_9,structured,structured_row:Zenbyte Laptop Air 9,structured,1
DEC036_B_deepseek-v3.2,train_kb,conservative_noisy_or_conflict_adjusted,Zenbyte Laptop Air 9,has_noise_cancellation,no,zenbyte laptop air 9|has_noise_cancellation|no,0.98,product_9,structured,structured_row:Zenbyte Laptop Air 9,structured,1
DEC036_B_deepseek-v3.2,train_kb,conservative_noisy_or_conflict_adjusted,It,belongs_to_category,laptop device,it|belongs_to_category|laptop device,0.9,product_9,unstructured,LP=0.850762;LPO=0.879916|It is a laptop device. Priced at 199 USD. Weighs approximately 0.18kg. Available in green. Built with aluminum construction. Targeted at the APAC market. Fast charging is yes.,unstructured,1
DEC036_B_deepseek-v3.2,train_kb,conservative_noisy_or_conflict_adjusted,It,has_price_usd,199,it|has_price_usd|199,0.92,product_9,unstructured,LP=0.999893;LPO=0.999957|It is a laptop device. Priced at 199 USD. Weighs approximately 0.18kg. Available in green. Built with aluminum construction. Targeted at the APAC market. Fast charging is yes.,unstructured,1
DEC036_B_deepseek-v3.2,train_kb,conservative_noisy_or_conflict_adjusted,It,has_weight_kg,0.18,it|has_weight_kg|0.18,0.9,product_9,unstructured,LP=0.999968;LPO=0.999760|It is a laptop device. Priced at 199 USD. Weighs approximately 0.18kg. Available in green. Built with aluminum construction. Targeted at the APAC market. Fast charging is yes.,unstructured,1
DEC036_B_deepseek-v3.2,train_kb,conservative_noisy_or_conflict_adjusted,It,has_color,green,it|has_color|green,0.91,product_9,unstructured,LP=0.999994;LPO=0.999987|It is a laptop device. Priced at 199 USD. Weighs approximately 0.18kg. Available in green. Built with aluminum construction. Targeted at the APAC market. Fast charging is yes.,unstructured,1
DEC036_B_deepseek-v3.2,train_kb,conservative_noisy_or_conflict_adjusted,It,made_of_material,aluminum,it|made_of_material|aluminum,0.92,product_9,unstructured,LP=0.999974;LPO=0.999990|It is a laptop device. Priced at 199 USD. Weighs approximately 0.18kg. Available in green. Built with aluminum construction. Targeted at the APAC market. Fast charging is yes.,unstructured,1
DEC036_B_deepseek-v3.2,train_kb,conservative_noisy_or_conflict_adjusted,It,target_market_region,APAC,it|target_market_region|apac,0.9,product_9,unstructured,LP=0.999994;LPO=0.999981|It is a laptop device. Priced at 199 USD. Weighs approximately 0.18kg. Available in green. Built with aluminum construction. Targeted at the APAC market. Fast charging is yes.,unstructured,1
DEC036_B_deepseek-v3.2,train_kb,conservative_noisy_or_conflict_adjusted,It,supports_fast_charging,yes,it|supports_fast_charging|yes,0.92,product_9,unstructured,LP=0.999829;LPO=0.998858|It is a laptop device. Priced at 199 USD. Weighs approximately 0.18kg. Available in green. Built with aluminum construction. Targeted at the APAC market. Fast charging is yes.,unstructured,1
DEC036_B_deepseek-v3.2,train_kb,conservative_noisy_or_conflict_adjusted,PixelWare Laptop Plus 11,manufactured_by,PixelWare,pixelware laptop plus 11|manufactured_by|pixelware,0.98,product_11,structured,structured_row:PixelWare Laptop Plus 11,structured,1
DEC036_B_deepseek-v3.2,train_kb,conservative_noisy_or_conflict_adjusted,PixelWare Laptop Plus 11,belongs_to_category,laptop,pixelware laptop plus 11|belongs_to_category|laptop,0.98,product_11,structured,structured_row:PixelWare Laptop Plus 11,structured,1
DEC036_B_deepseek-v3.2,train_kb,conservative_noisy_or_conflict_adjusted,PixelWare Laptop Plus 11,has_price_usd,1299,pixelware laptop plus 11|has_price_usd|1299,0.98,product_11,structured,structured_row:PixelWare Laptop Plus 11,structured,1
DEC036_B_deepseek-v3.2,train_kb,conservative_noisy_or_conflict_adjusted,PixelWare Laptop Plus 11,has_screen_size_inch,6.7,pixelware laptop plus 11|has_screen_size_inch|6.7,0.98,product_11,structured,structured_row:PixelWare Laptop Plus 11,structured,1
DEC036_B_deepseek-v3.2,train_kb,conservative_noisy_or_conflict_adjusted,PixelWare Laptop Plus 11,has_ram_gb,16,pixelware laptop plus 11|has_ram_gb|16,0.98,product_11,structured,structured_row:PixelWare Laptop Plus 11,structured,1
DEC036_B_deepseek-v3.2,train_kb,conservative_noisy_or_conflict_adjusted,PixelWare Laptop Plus 11,has_storage_gb,128,pixelware laptop plus 11|has_storage_gb|128,0.98,product_11,structured,structured_row:PixelWare Laptop Plus 11,structured,1
DEC036_B_deepseek-v3.2,train_kb,conservative_noisy_or_conflict_adjusted,PixelWare Laptop Plus 11,has_battery_life_hours,8,pixelware laptop plus 11|has_battery_life_hours|8,0.98,product_11,structured,structured_row:PixelWare Laptop Plus 11,structured,1
DEC036_B_deepseek-v3.2,train_kb,conservative_noisy_or_conflict_adjusted,PixelWare Laptop Plus 11,has_weight_kg,0.18,pixelware laptop plus 11|has_weight_kg|0.18,0.98,product_11,structured,structured_row:PixelWare Laptop Plus 11,structured,1
DEC036_B_deepseek-v3.2,train_kb,conservative_noisy_or_conflict_adjusted,PixelWare Laptop Plus 11,has_color,black,pixelware laptop plus 11|has_color|black,0.98,product_11,structured,structured_row:PixelWare Laptop Plus 11,structured,1
DEC036_B_deepseek-v3.2,train_kb,conservative_noisy_or_conflict_adjusted,PixelWare Laptop Plus 11,made_of_material,plastic,pixelware laptop plus 11|made_of_material|plastic,0.98,product_11,structured,structured_row:PixelWare Laptop Plus 11,structured,1
DEC036_B_deepseek-v3.2,train_kb,conservative_noisy_or_conflict_adjusted,PixelWare Laptop Plus 11,target_market_region,EU,pixelware laptop plus 11|target_market_region|eu,0.98,product_11,structured,structured_row:PixelWare Laptop Plus 11,structured,1
DEC036_B_deepseek-v3.2,train_kb,conservative_noisy_or_conflict_adjusted,PixelWare Laptop Plus 11,supports_fast_charging,yes,pixelware laptop plus 11|supports_fast_charging|yes,0.98,product_11,structured,structured_row:PixelWare Laptop Plus 11,structured,1
DEC036_B_deepseek-v3.2,train_kb,conservative_noisy_or_conflict_adjusted,PixelWare Laptop Plus 11,has_noise_cancellation,no,pixelware laptop plus 11|has_noise_cancellation|no,0.98,product_11,structured,structured_row:PixelWare Laptop Plus 11,structured,1
DEC036_B_deepseek-v3.2,train_kb,conservative_noisy_or_conflict_adjusted,PixelWare Laptop Plus 11,manufactured_by,PixelWare,pixelware laptop plus 11|manufactured_by|pixelware,0.95,product_11,unstructured,LP=0.999977;LPO=0.999991|PixelWare Laptop Plus 11 is manufactured by PixelWare. It is a laptop device. Priced at 1299 USD. The display measures 6.7 inches. Offers 128GB of internal storage. Fast charging is yes. Noise cancellation: no.,unstructured,1
DEC036_B_deepseek-v3.2,train_kb,conservative_noisy_or_conflict_adjusted,PixelWare Laptop Plus 11,belongs_to_category,laptop device,pixelware laptop plus 11|belongs_to_category|laptop device,0.9,product_11,unstructured,LP=0.985922;LPO=0.962572|PixelWare Laptop Plus 11 is manufactured by PixelWare. It is a laptop device. Priced at 1299 USD. The display measures 6.7 inches. Offers 128GB of internal storage. Fast charging is yes. Noise cancellation: no.,unstructured,1
DEC036_B_deepseek-v3.2,train_kb,conservative_noisy_or_conflict_adjusted,PixelWare Laptop Plus 11,has_price_usd,1299,pixelware laptop plus 11|has_price_usd|1299,0.94,product_11,unstructured,LP=0.999974;LPO=0.999997|PixelWare Laptop Plus 11 is manufactured by PixelWare. It is a laptop device. Priced at 1299 USD. The display measures 6.7 inches. Offers 128GB of internal storage. Fast charging is yes. Noise cancellation: no.,unstructured,1
DEC036_B_deepseek-v3.2,train_kb,conservative_noisy_or_conflict_adjusted,PixelWare Laptop Plus 11,has_screen_size_inch,6.7,pixelware laptop plus 11|has_screen_size_inch|6.7,0.92,product_11,unstructured,LP=0.999111;LPO=0.999983|PixelWare Laptop Plus 11 is manufactured by PixelWare. It is a laptop device. Priced at 1299 USD. The display measures 6.7 inches. Offers 128GB of internal storage. Fast charging is yes. Noise cancellation: no.,unstructured,1
DEC036_B_deepseek-v3.2,train_kb,conservative_noisy_or_conflict_adjusted,PixelWare Laptop Plus 11,has_storage_gb,128,pixelware laptop plus 11|has_storage_gb|128,0.93,product_11,unstructured,LP=0.999999;LPO=1.000000|PixelWare Laptop Plus 11 is manufactured by PixelWare. It is a laptop device. Priced at 1299 USD. The display measures 6.7 inches. Offers 128GB of internal storage. Fast charging is yes. Noise cancellation: no.,unstructured,1
DEC036_B_deepseek-v3.2,train_kb,conservative_noisy_or_conflict_adjusted,PixelWare Laptop Plus 11,supports_fast_charging,yes,pixelware laptop plus 11|supports_fast_charging|yes,0.91,product_11,unstructured,LP=0.999911;LPO=0.998797|PixelWare Laptop Plus 11 is manufactured by PixelWare. It is a laptop device. Priced at 1299 USD. The display measures 6.7 inches. Offers 128GB of internal storage. Fast charging is yes. Noise cancellation: no.,unstructured,1
DEC036_B_deepseek-v3.2,train_kb,conservative_noisy_or_conflict_adjusted,PixelWare Laptop Plus 11,has_noise_cancellation,no,pixelware laptop plus 11|has_noise_cancellation|no,0.9,product_11,unstructured,LP=0.999998;LPO=0.999996|PixelWare Laptop Plus 11 is manufactured by PixelWare. It is a laptop device. Priced at 1299 USD. The display measures 6.7 inches. Offers 128GB of internal storage. Fast charging is yes. Noise cancellation: no.,unstructured,1
DEC036_B_deepseek-v3.2,train_kb,conservative_noisy_or_conflict_adjusted,Auralex Smartwatch Air 14,manufactured_by,Auralex,auralex smartwatch air 14|manufactured_by|auralex,0.98,product_14,structured,structured_row:Auralex Smartwatch Air 14,structured,1
DEC036_B_deepseek-v3.2,train_kb,conservative_noisy_or_conflict_adjusted,Auralex Smartwatch Air 14,belongs_to_category,smartwatch,auralex smartwatch air 14|belongs_to_category|smartwatch,0.98,product_14,structured,structured_row:Auralex Smartwatch Air 14,structured,1
DEC036_B_deepseek-v3.2,train_kb,conservative_noisy_or_conflict_adjusted,Auralex Smartwatch Air 14,has_price_usd,1099,auralex smartwatch air 14|has_price_usd|1099,0.98,product_14,structured,structured_row:Auralex Smartwatch Air 14,structured,1
DEC036_B_deepseek-v3.2,train_kb,conservative_noisy_or_conflict_adjusted,Auralex Smartwatch Air 14,has_screen_size_inch,11.0,auralex smartwatch air 14|has_screen_size_inch|11.0,0.98,product_14,structured,structured_row:Auralex Smartwatch Air 14,structured,1
DEC036_B_deepseek-v3.2,train_kb,conservative_noisy_or_conflict_adjusted,Auralex Smartwatch Air 14,has_ram_gb,6,auralex smartwatch air 14|has_ram_gb|6,0.98,product_14,structured,structured_row:Auralex Smartwatch Air 14,structured,1
DEC036_B_deepseek-v3.2,train_kb,conservative_noisy_or_conflict_adjusted,Auralex Smartwatch Air 14,has_storage_gb,512,auralex smartwatch air 14|has_storage_gb|512,0.98,product_14,structured,structured_row:Auralex Smartwatch Air 14,structured,1
DEC036_B_deepseek-v3.2,train_kb,conservative_noisy_or_conflict_adjusted,Auralex Smartwatch Air 14,has_battery_life_hours,8,auralex smartwatch air 14|has_battery_life_hours|8,0.98,product_14,structured,structured_row:Auralex Smartwatch Air 14,structured,1
DEC036_B_deepseek-v3.2,train_kb,conservative_noisy_or_conflict_adjusted,Auralex Smartwatch Air 14,has_weight_kg,0.23,auralex smartwatch air 14|has_weight_kg|0.23,0.98,product_14,structured,structured_row:Auralex Smartwatch Air 14,structured,1
DEC036_B_deepseek-v3.2,train_kb,conservative_noisy_or_conflict_adjusted,Auralex Smartwatch Air 14,has_color,black,auralex smartwatch air 14|has_color|black,0.98,product_14,structured,structured_row:Auralex Smartwatch Air 14,structured,1
DEC036_B_deepseek-v3.2,train_kb,conservative_noisy_or_conflict_adjusted,Auralex Smartwatch Air 14,made_of_material,aluminum,auralex smartwatch air 14|made_of_material|aluminum,0.98,product_14,structured,structured_row:Auralex Smartwatch Air 14,structured,1
DEC036_B_deepseek-v3.2,train_kb,conservative_noisy_or_conflict_adjusted,Auralex Smartwatch Air 14,target_market_region,US,auralex smartwatch air 14|target_market_region|us,0.98,product_14,structured,structured_row:Auralex Smartwatch Air 14,structured,1
DEC036_B_deepseek-v3.2,train_kb,conservative_noisy_or_conflict_adjusted,Auralex Smartwatch Air 14,supports_fast_charging,no,auralex smartwatch air 14|supports_fast_charging|no,0.98,product_14,structured,structured_row:Auralex Smartwatch Air 14,structured,1
DEC036_B_deepseek-v3.2,train_kb,conservative_noisy_or_conflict_adjusted,Auralex Smartwatch Air 14,has_noise_cancellation,no,auralex smartwatch air 14|has_noise_cancellation|no,0.98,product_14,structured,structured_row:Auralex Smartwatch Air 14,structured,1
DEC036_B_deepseek-v3.2,train_kb,conservative_noisy_or_conflict_adjusted,Auralex Smartwatch Air 14,manufactured_by,Auralex,auralex smartwatch air 14|manufactured_by|auralex,0.93,product_14,unstructured,LP=0.999996;LPO=0.999996|Auralex Smartwatch Air 14 is manufactured by Auralex. Comes with 6GB of RAM. Offers 512GB of internal storage. Battery lasts up to 8 hours. Weighs approximately 0.23kg. Targeted at the US market. Fast charging is no.,unstructured,1
DEC036_B_deepseek-v3.2,train_kb,conservative_noisy_or_conflict_adjusted,Auralex Smartwatch Air 14,has_ram_gb,6,auralex smartwatch air 14|has_ram_gb|6,0.92,product_14,unstructured,LP=0.999938;LPO=0.999990|Auralex Smartwatch Air 14 is manufactured by Auralex. Comes with 6GB of RAM. Offers 512GB of internal storage. Battery lasts up to 8 hours. Weighs approximately 0.23kg. Targeted at the US market. Fast charging is no.,unstructured,1
DEC036_B_deepseek-v3.2,train_kb,conservative_noisy_or_conflict_adjusted,Auralex Smartwatch Air 14,has_storage_gb,512,auralex smartwatch air 14|has_storage_gb|512,0.92,product_14,unstructured,LP=0.999974;LPO=0.999999|Auralex Smartwatch Air 14 is manufactured by Auralex. Comes with 6GB of RAM. Offers 512GB of internal storage. Battery lasts up to 8 hours. Weighs approximately 0.23kg. Targeted at the US market. Fast charging is no.,unstructured,1
DEC036_B_deepseek-v3.2,train_kb,conservative_noisy_or_conflict_adjusted,Auralex Smartwatch Air 14,has_battery_life_hours,8,auralex smartwatch air 14|has_battery_life_hours|8,0.9,product_14,unstructured,LP=0.999979;LPO=0.999919|Auralex Smartwatch Air 14 is manufactured by Auralex. Comes with 6GB of RAM. Offers 512GB of internal storage. Battery lasts up to 8 hours. Weighs approximately 0.23kg. Targeted at the US market. Fast charging is no.,unstructured,1
DEC036_B_deepseek-v3.2,train_kb,conservative_noisy_or_conflict_adjusted,Auralex Smartwatch Air 14,has_weight_kg,0.23,auralex smartwatch air 14|has_weight_kg|0.23,0.91,product_14,unstructured,LP=0.999993;LPO=0.999993|Auralex Smartwatch Air 14 is manufactured by Auralex. Comes with 6GB of RAM. Offers 512GB of internal storage. Battery lasts up to 8 hours. Weighs approximately 0.23kg. Targeted at the US market. Fast charging is no.,unstructured,1
DEC036_B_deepseek-v3.2,train_kb,conservative_noisy_or_conflict_adjusted,Auralex Smartwatch Air 14,target_market_region,US,auralex smartwatch air 14|target_market_region|us,0.92,product_14,unstructured,LP=0.999977;LPO=0.999757|Auralex Smartwatch Air 14 is manufactured by Auralex. Comes with 6GB of RAM. Offers 512GB of internal storage. Battery lasts up to 8 hours. Weighs approximately 0.23kg. Targeted at the US market. Fast charging is no.,unstructured,1
DEC036_B_deepseek-v3.2,train_kb,conservative_noisy_or_conflict_adjusted,Auralex Smartwatch Air 14,supports_fast_charging,no,auralex smartwatch air 14|supports_fast_charging|no,0.9,product_14,unstructured,LP=0.997769;LPO=0.967302|Auralex Smartwatch Air 14 is manufactured by Auralex. Comes with 6GB of RAM. Offers 512GB of internal storage. Battery lasts up to 8 hours. Weighs approximately 0.23kg. Targeted at the US market. Fast charging is no.,unstructured,1
DEC036_B_deepseek-v3.2,train_kb,conservative_noisy_or_conflict_adjusted,Auralex Smartphone Pro 20,manufactured_by,Auralex,auralex smartphone pro 20|manufactured_by|auralex,0.98,product_20,structured,structured_row:Auralex Smartphone Pro 20,structured,1
DEC036_B_deepseek-v3.2,train_kb,conservative_noisy_or_conflict_adjusted,Auralex Smartphone Pro 20,belongs_to_category,smartphone,auralex smartphone pro 20|belongs_to_category|smartphone,0.98,product_20,structured,structured_row:Auralex Smartphone Pro 20,structured,1
DEC036_B_deepseek-v3.2,train_kb,conservative_noisy_or_conflict_adjusted,Auralex Smartphone Pro 20,has_price_usd,699,auralex smartphone pro 20|has_price_usd|699,0.98,product_20,structured,structured_row:Auralex Smartphone Pro 20,structured,1
DEC036_B_deepseek-v3.2,train_kb,conservative_noisy_or_conflict_adjusted,Auralex Smartphone Pro 20,has_screen_size_inch,15.6,auralex smartphone pro 20|has_screen_size_inch|15.6,0.98,product_20,structured,structured_row:Auralex Smartphone Pro 20,structured,1
DEC036_B_deepseek-v3.2,train_kb,conservative_noisy_or_conflict_adjusted,Auralex Smartphone Pro 20,has_ram_gb,6,auralex smartphone pro 20|has_ram_gb|6,0.98,product_20,structured,structured_row:Auralex Smartphone Pro 20,structured,1
DEC036_B_deepseek-v3.2,train_kb,conservative_noisy_or_conflict_adjusted,Auralex Smartphone Pro 20,has_storage_gb,256,auralex smartphone pro 20|has_storage_gb|256,0.98,product_20,structured,structured_row:Auralex Smartphone Pro 20,structured,1
DEC036_B_deepseek-v3.2,train_kb,conservative_noisy_or_conflict_adjusted,Auralex Smartphone Pro 20,has_battery_life_hours,10,auralex smartphone pro 20|has_battery_life_hours|10,0.98,product_20,structured,structured_row:Auralex Smartphone Pro 20,structured,1
DEC036_B_deepseek-v3.2,train_kb,conservative_noisy_or_conflict_adjusted,Auralex Smartphone Pro 20,has_weight_kg,1.45,auralex smartphone pro 20|has_weight_kg|1.45,0.98,product_20,structured,structured_row:Auralex Smartphone Pro 20,structured,1
DEC036_B_deepseek-v3.2,train_kb,conservative_noisy_or_conflict_adjusted,Auralex Smartphone Pro 20,has_color,white,auralex smartphone pro 20|has_color|white,0.98,product_20,structured,structured_row:Auralex Smartphone Pro 20,structured,1
DEC036_B_deepseek-v3.2,train_kb,conservative_noisy_or_conflict_adjusted,Auralex Smartphone Pro 20,made_of_material,plastic,auralex smartphone pro 20|made_of_material|plastic,0.98,product_20,structured,structured_row:Auralex Smartphone Pro 20,structured,1
DEC036_B_deepseek-v3.2,train_kb,conservative_noisy_or_conflict_adjusted,Auralex Smartphone Pro 20,target_market_region,EU,auralex smartphone pro 20|target_market_region|eu,0.98,product_20,structured,structured_row:Auralex Smartphone Pro 20,structured,1
DEC036_B_deepseek-v3.2,train_kb,conservative_noisy_or_conflict_adjusted,Auralex Smartphone Pro 20,supports_fast_charging,no,auralex smartphone pro 20|supports_fast_charging|no,0.98,product_20,structured,structured_row:Auralex Smartphone Pro 20,structured,1
DEC036_B_deepseek-v3.2,train_kb,conservative_noisy_or_conflict_adjusted,Auralex Smartphone Pro 20,has_noise_cancellation,no,auralex smartphone pro 20|has_noise_cancellation|no,0.98,product_20,structured,structured_row:Auralex Smartphone Pro 20,structured,1
DEC036_B_deepseek-v3.2,train_kb,conservative_noisy_or_conflict_adjusted,Auralex Smartphone Pro 20,manufactured_by,Auralex,auralex smartphone pro 20|manufactured_by|auralex,0.95,product_20,unstructured,LP=0.999992;LPO=0.999993|Auralex Smartphone Pro 20 is manufactured by Auralex. It is a smartphone device. Battery lasts up to 10 hours. Available in white. Built with plastic construction. Fast charging is no. Noise cancellation: no.,unstructured,1
DEC036_B_deepseek-v3.2,train_kb,conservative_noisy_or_conflict_adjusted,Auralex Smartphone Pro 20,belongs_to_category,smartphone device,auralex smartphone pro 20|belongs_to_category|smartphone device,0.9,product_20,unstructured,LP=0.949770;LPO=0.499778|Auralex Smartphone Pro 20 is manufactured by Auralex. It is a smartphone device. Battery lasts up to 10 hours. Available in white. Built with plastic construction. Fast charging is no. Noise cancellation: no.,unstructured,1
DEC036_B_deepseek-v3.2,train_kb,conservative_noisy_or_conflict_adjusted,Auralex Smartphone Pro 20,has_battery_life_hours,10,auralex smartphone pro 20|has_battery_life_hours|10,0.88,product_20,unstructured,LP=0.999831;LPO=0.997523|Auralex Smartphone Pro 20 is manufactured by Auralex. It is a smartphone device. Battery lasts up to 10 hours. Available in white. Built with plastic construction. Fast charging is no. Noise cancellation: no.,unstructured,1
DEC036_B_deepseek-v3.2,train_kb,conservative_noisy_or_conflict_adjusted,Auralex Smartphone Pro 20,has_color,white,auralex smartphone pro 20|has_color|white,0.92,product_20,unstructured,LP=0.999983;LPO=0.999995|Auralex Smartphone Pro 20 is manufactured by Auralex. It is a smartphone device. Battery lasts up to 10 hours. Available in white. Built with plastic construction. Fast charging is no. Noise cancellation: no.,unstructured,1
DEC036_B_deepseek-v3.2,train_kb,conservative_noisy_or_conflict_adjusted,Auralex Smartphone Pro 20,made_of_material,plastic,auralex smartphone pro 20|made_of_material|plastic,0.9,product_20,unstructured,LP=0.999991;LPO=0.999996|Auralex Smartphone Pro 20 is manufactured by Auralex. It is a smartphone device. Battery lasts up to 10 hours. Available in white. Built with plastic construction. Fast charging is no. Noise cancellation: no.,unstructured,1
DEC036_B_deepseek-v3.2,train_kb,conservative_noisy_or_conflict_adjusted,Auralex Smartphone Pro 20,supports_fast_charging,no,auralex smartphone pro 20|supports_fast_charging|no,0.91,product_20,unstructured,LP=0.999779;LPO=0.996790|Auralex Smartphone Pro 20 is manufactured by Auralex. It is a smartphone device. Battery lasts up to 10 hours. Available in white. Built with plastic construction. Fast charging is no. Noise cancellation: no.,unstructured,1
DEC036_B_deepseek-v3.2,train_kb,conservative_noisy_or_conflict_adjusted,Auralex Smartphone Pro 20,has_noise_cancellation,no,auralex smartphone pro 20|has_noise_cancellation|no,0.91,product_20,unstructured,LP=0.999999;LPO=0.999999|Auralex Smartphone Pro 20 is manufactured by Auralex. It is a smartphone device. Battery lasts up to 10 hours. Available in white. Built with plastic construction. Fast charging is no. Noise cancellation: no.,unstructured,1
DEC036_B_deepseek-v3.2,train_kb,conservative_noisy_or_conflict_adjusted,Zenbyte Laptop Air 21,manufactured_by,Zenbyte,zenbyte laptop air 21|manufactured_by|zenbyte,0.98,product_21,structured,structured_row:Zenbyte Laptop Air 21,structured,1
DEC036_B_deepseek-v3.2,train_kb,conservative_noisy_or_conflict_adjusted,Zenbyte Laptop Air 21,belongs_to_category,laptop,zenbyte laptop air 21|belongs_to_category|laptop,0.98,product_21,structured,structured_row:Zenbyte Laptop Air 21,structured,1
DEC036_B_deepseek-v3.2,train_kb,conservative_noisy_or_conflict_adjusted,Zenbyte Laptop Air 21,has_price_usd,299,zenbyte laptop air 21|has_price_usd|299,0.98,product_21,structured,structured_row:Zenbyte Laptop Air 21,structured,1
DEC036_B_deepseek-v3.2,train_kb,conservative_noisy_or_conflict_adjusted,Zenbyte Laptop Air 21,has_screen_size_inch,6.1,zenbyte laptop air 21|has_screen_size_inch|6.1,0.98,product_21,structured,structured_row:Zenbyte Laptop Air 21,structured,1
DEC036_B_deepseek-v3.2,train_kb,conservative_noisy_or_conflict_adjusted,Zenbyte Laptop Air 21,has_ram_gb,8,zenbyte laptop air 21|has_ram_gb|8,0.98,product_21,structured,structured_row:Zenbyte Laptop Air 21,structured,1
DEC036_B_deepseek-v3.2,train_kb,conservative_noisy_or_conflict_adjusted,Zenbyte Laptop Air 21,has_storage_gb,256,zenbyte laptop air 21|has_storage_gb|256,0.98,product_21,structured,structured_row:Zenbyte Laptop Air 21,structured,1
DEC036_B_deepseek-v3.2,train_kb,conservative_noisy_or_conflict_adjusted,Zenbyte Laptop Air 21,has_battery_life_hours,24,zenbyte laptop air 21|has_battery_life_hours|24,0.98,product_21,structured,structured_row:Zenbyte Laptop Air 21,structured,1
DEC036_B_deepseek-v3.2,train_kb,conservative_noisy_or_conflict_adjusted,Zenbyte Laptop Air 21,has_weight_kg,1.8,zenbyte laptop air 21|has_weight_kg|1.8,0.98,product_21,structured,structured_row:Zenbyte Laptop Air 21,structured,1
DEC036_B_deepseek-v3.2,train_kb,conservative_noisy_or_conflict_adjusted,Zenbyte Laptop Air 21,has_color,black,zenbyte laptop air 21|has_color|black,0.98,product_21,structured,structured_row:Zenbyte Laptop Air 21,structured,1
DEC036_B_deepseek-v3.2,train_kb,conservative_noisy_or_conflict_adjusted,Zenbyte Laptop Air 21,made_of_material,plastic,zenbyte laptop air 21|made_of_material|plastic,0.98,product_21,structured,structured_row:Zenbyte Laptop Air 21,structured,1
DEC036_B_deepseek-v3.2,train_kb,conservative_noisy_or_conflict_adjusted,Zenbyte Laptop Air 21,target_market_region,US,zenbyte laptop air 21|target_market_region|us,0.98,product_21,structured,structured_row:Zenbyte Laptop Air 21,structured,1
DEC036_B_deepseek-v3.2,train_kb,conservative_noisy_or_conflict_adjusted,Zenbyte Laptop Air 21,supports_fast_charging,yes,zenbyte laptop air 21|supports_fast_charging|yes,0.98,product_21,structured,structured_row:Zenbyte Laptop Air 21,structured,1
DEC036_B_deepseek-v3.2,train_kb,conservative_noisy_or_conflict_adjusted,Zenbyte Laptop Air 21,has_noise_cancellation,no,zenbyte laptop air 21|has_noise_cancellation|no,0.98,product_21,structured,structured_row:Zenbyte Laptop Air 21,structured,1
DEC036_B_deepseek-v3.2,train_kb,conservative_noisy_or_conflict_adjusted,laptop,has_screen_size_inch,6.1,laptop|has_screen_size_inch|6.1,0.9,product_21,unstructured,LP=0.960027;LPO=0.999984|It is a laptop device. The display measures 6.1 inches. Offers 256GB of internal storage. Battery lasts up to 24 hours. Targeted at the US market. Fast charging is yes. Noise cancellation: no.,unstructured,1
DEC036_B_deepseek-v3.2,train_kb,conservative_noisy_or_conflict_adjusted,laptop,has_storage_gb,256,laptop|has_storage_gb|256,0.92,product_21,unstructured,LP=0.999986;LPO=1.000000|It is a laptop device. The display measures 6.1 inches. Offers 256GB of internal storage. Battery lasts up to 24 hours. Targeted at the US market. Fast charging is yes. Noise cancellation: no.,unstructured,1
DEC036_B_deepseek-v3.2,train_kb,conservative_noisy_or_conflict_adjusted,laptop,has_battery_life_hours,24,laptop|has_battery_life_hours|24,0.9,product_21,unstructured,LP=0.999965;LPO=0.999840|It is a laptop device. The display measures 6.1 inches. Offers 256GB of internal storage. Battery lasts up to 24 hours. Targeted at the US market. Fast charging is yes. Noise cancellation: no.,unstructured,1
DEC036_B_deepseek-v3.2,train_kb,conservative_noisy_or_conflict_adjusted,laptop,target_market_region,US,laptop|target_market_region|us,0.91,product_21,unstructured,LP=0.999876;LPO=0.999088|It is a laptop device. The display measures 6.1 inches. Offers 256GB of internal storage. Battery lasts up to 24 hours. Targeted at the US market. Fast charging is yes. Noise cancellation: no.,unstructured,1
DEC036_B_deepseek-v3.2,train_kb,conservative_noisy_or_conflict_adjusted,laptop,supports_fast_charging,yes,laptop|supports_fast_charging|yes,0.92,product_21,unstructured,LP=0.999564;LPO=0.996698|It is a laptop device. The display measures 6.1 inches. Offers 256GB of internal storage. Battery lasts up to 24 hours. Targeted at the US market. Fast charging is yes. Noise cancellation: no.,unstructured,1
DEC036_B_deepseek-v3.2,train_kb,conservative_noisy_or_conflict_adjusted,laptop,has_noise_cancellation,no,laptop|has_noise_cancellation|no,0.92,product_21,unstructured,LP=0.999986;LPO=0.999975|It is a laptop device. The display measures 6.1 inches. Offers 256GB of internal storage. Battery lasts up to 24 hours. Targeted at the US market. Fast charging is yes. Noise cancellation: no.,unstructured,1
DEC036_B_deepseek-v3.2,train_kb,conservative_noisy_or_conflict_adjusted,VoltEdge Smartwatch Max 22,manufactured_by,VoltEdge,voltedge smartwatch max 22|manufactured_by|voltedge,0.98,product_22,structured,structured_row:VoltEdge Smartwatch Max 22,structured,1
DEC036_B_deepseek-v3.2,train_kb,conservative_noisy_or_conflict_adjusted,VoltEdge Smartwatch Max 22,belongs_to_category,smartwatch,voltedge smartwatch max 22|belongs_to_category|smartwatch,0.98,product_22,structured,structured_row:VoltEdge Smartwatch Max 22,structured,1
DEC036_B_deepseek-v3.2,train_kb,conservative_noisy_or_conflict_adjusted,VoltEdge Smartwatch Max 22,has_price_usd,299,voltedge smartwatch max 22|has_price_usd|299,0.98,product_22,structured,structured_row:VoltEdge Smartwatch Max 22,structured,1
DEC036_B_deepseek-v3.2,train_kb,conservative_noisy_or_conflict_adjusted,VoltEdge Smartwatch Max 22,has_screen_size_inch,15.6,voltedge smartwatch max 22|has_screen_size_inch|15.6,0.98,product_22,structured,structured_row:VoltEdge Smartwatch Max 22,structured,1
DEC036_B_deepseek-v3.2,train_kb,conservative_noisy_or_conflict_adjusted,VoltEdge Smartwatch Max 22,has_ram_gb,6,voltedge smartwatch max 22|has_ram_gb|6,0.98,product_22,structured,structured_row:VoltEdge Smartwatch Max 22,structured,1
DEC036_B_deepseek-v3.2,train_kb,conservative_noisy_or_conflict_adjusted,VoltEdge Smartwatch Max 22,has_storage_gb,512,voltedge smartwatch max 22|has_storage_gb|512,0.98,product_22,structured,structured_row:VoltEdge Smartwatch Max 22,structured,1
DEC036_B_deepseek-v3.2,train_kb,conservative_noisy_or_conflict_adjusted,VoltEdge Smartwatch Max 22,has_battery_life_hours,8,voltedge smartwatch max 22|has_battery_life_hours|8,0.98,product_22,structured,structured_row:VoltEdge Smartwatch Max 22,structured,1
DEC036_B_deepseek-v3.2,train_kb,conservative_noisy_or_conflict_adjusted,VoltEdge Smartwatch Max 22,has_weight_kg,0.23,voltedge smartwatch max 22|has_weight_kg|0.23,0.98,product_22,structured,structured_row:VoltEdge Smartwatch Max 22,structured,1
DEC036_B_deepseek-v3.2,train_kb,conservative_noisy_or_conflict_adjusted,VoltEdge Smartwatch Max 22,has_color,green,voltedge smartwatch max 22|has_color|green,0.98,product_22,structured,structured_row:VoltEdge Smartwatch Max 22,structured,1
DEC036_B_deepseek-v3.2,train_kb,conservative_noisy_or_conflict_adjusted,VoltEdge Smartwatch Max 22,made_of_material,carbon fiber,voltedge smartwatch max 22|made_of_material|carbon fiber,0.98,product_22,structured,structured_row:VoltEdge Smartwatch Max 22,structured,1
DEC036_B_deepseek-v3.2,train_kb,conservative_noisy_or_conflict_adjusted,VoltEdge Smartwatch Max 22,target_market_region,US,voltedge smartwatch max 22|target_market_region|us,0.98,product_22,structured,structured_row:VoltEdge Smartwatch Max 22,structured,1
DEC036_B_deepseek-v3.2,train_kb,conservative_noisy_or_conflict_adjusted,VoltEdge Smartwatch Max 22,supports_fast_charging,no,voltedge smartwatch max 22|supports_fast_charging|no,0.98,product_22,structured,structured_row:VoltEdge Smartwatch Max 22,structured,1
DEC036_B_deepseek-v3.2,train_kb,conservative_noisy_or_conflict_adjusted,VoltEdge Smartwatch Max 22,has_noise_cancellation,no,voltedge smartwatch max 22|has_noise_cancellation|no,0.98,product_22,structured,structured_row:VoltEdge Smartwatch Max 22,structured,1
DEC036_B_deepseek-v3.2,train_kb,conservative_noisy_or_conflict_adjusted,product,has_price_usd,299,product|has_price_usd|299,0.92,product_22,unstructured,LP=0.953433;LPO=0.999980|Priced at 299 USD. The display measures 15.6 inches. Comes with 6GB of RAM. Battery lasts up to 8 hours. Targeted at the US market. Fast charging is no. Noise cancellation: no.,unstructured,1
DEC036_B_deepseek-v3.2,train_kb,conservative_noisy_or_conflict_adjusted,product,has_screen_size_inch,15.6,product|has_screen_size_inch|15.6,0.94,product_22,unstructured,LP=0.999961;LPO=0.999994|Priced at 299 USD. The display measures 15.6 inches. Comes with 6GB of RAM. Battery lasts up to 8 hours. Targeted at the US market. Fast charging is no. Noise cancellation: no.,unstructured,1
DEC036_B_deepseek-v3.2,train_kb,conservative_noisy_or_conflict_adjusted,product,has_ram_gb,6,product|has_ram_gb|6,0.93,product_22,unstructured,LP=0.999997;LPO=0.999994|Priced at 299 USD. The display measures 15.6 inches. Comes with 6GB of RAM. Battery lasts up to 8 hours. Targeted at the US market. Fast charging is no. Noise cancellation: no.,unstructured,1
DEC036_B_deepseek-v3.2,train_kb,conservative_noisy_or_conflict_adjusted,product,has_battery_life_hours,8,product|has_battery_life_hours|8,0.91,product_22,unstructured,LP=0.999987;LPO=0.999972|Priced at 299 USD. The display measures 15.6 inches. Comes with 6GB of RAM. Battery lasts up to 8 hours. Targeted at the US market. Fast charging is no. Noise cancellation: no.,unstructured,1
DEC036_B_deepseek-v3.2,train_kb,conservative_noisy_or_conflict_adjusted,product,target_market_region,US,product|target_market_region|us,0.9,product_22,unstructured,LP=0.999847;LPO=0.999024|Priced at 299 USD. The display measures 15.6 inches. Comes with 6GB of RAM. Battery lasts up to 8 hours. Targeted at the US market. Fast charging is no. Noise cancellation: no.,unstructured,1
DEC036_B_deepseek-v3.2,train_kb,conservative_noisy_or_conflict_adjusted,product,supports_fast_charging,no,product|supports_fast_charging|no,0.88,product_22,unstructured,LP=0.997691;LPO=0.981836|Priced at 299 USD. The display measures 15.6 inches. Comes with 6GB of RAM. Battery lasts up to 8 hours. Targeted at the US market. Fast charging is no. Noise cancellation: no.,unstructured,1
DEC036_B_deepseek-v3.2,train_kb,conservative_noisy_or_conflict_adjusted,product,has_noise_cancellation,no,product|has_noise_cancellation|no,0.88,product_22,unstructured,LP=0.999996;LPO=0.999990|Priced at 299 USD. The display measures 15.6 inches. Comes with 6GB of RAM. Battery lasts up to 8 hours. Targeted at the US market. Fast charging is no. Noise cancellation: no.,unstructured,1
DEC036_B_deepseek-v3.2,train_kb,conservative_noisy_or_conflict_adjusted,TechNova Headphones Lite 26,manufactured_by,TechNova,technova headphones lite 26|manufactured_by|technova,0.98,product_26,structured,structured_row:TechNova Headphones Lite 26,structured,1
DEC036_B_deepseek-v3.2,train_kb,conservative_noisy_or_conflict_adjusted,TechNova Headphones Lite 26,belongs_to_category,headphones,technova headphones lite 26|belongs_to_category|headphones,0.98,product_26,structured,structured_row:TechNova Headphones Lite 26,structured,1
DEC036_B_deepseek-v3.2,train_kb,conservative_noisy_or_conflict_adjusted,TechNova Headphones Lite 26,has_price_usd,1299,technova headphones lite 26|has_price_usd|1299,0.98,product_26,structured,structured_row:TechNova Headphones Lite 26,structured,1
DEC036_B_deepseek-v3.2,train_kb,conservative_noisy_or_conflict_adjusted,TechNova Headphones Lite 26,has_screen_size_inch,6.7,technova headphones lite 26|has_screen_size_inch|6.7,0.98,product_26,structured,structured_row:TechNova Headphones Lite 26,structured,1
DEC036_B_deepseek-v3.2,train_kb,conservative_noisy_or_conflict_adjusted,TechNova Headphones Lite 26,has_ram_gb,6,technova headphones lite 26|has_ram_gb|6,0.98,product_26,structured,structured_row:TechNova Headphones Lite 26,structured,1
DEC036_B_deepseek-v3.2,train_kb,conservative_noisy_or_conflict_adjusted,TechNova Headphones Lite 26,has_storage_gb,512,technova headphones lite 26|has_storage_gb|512,0.98,product_26,structured,structured_row:TechNova Headphones Lite 26,structured,1
DEC036_B_deepseek-v3.2,train_kb,conservative_noisy_or_conflict_adjusted,TechNova Headphones Lite 26,has_battery_life_hours,20,technova headphones lite 26|has_battery_life_hours|20,0.98,product_26,structured,structured_row:TechNova Headphones Lite 26,structured,1
DEC036_B_deepseek-v3.2,train_kb,conservative_noisy_or_conflict_adjusted,TechNova Headphones Lite 26,has_weight_kg,0.55,technova headphones lite 26|has_weight_kg|0.55,0.98,product_26,structured,structured_row:TechNova Headphones Lite 26,structured,1
DEC036_B_deepseek-v3.2,train_kb,conservative_noisy_or_conflict_adjusted,TechNova Headphones Lite 26,has_color,white,technova headphones lite 26|has_color|white,0.98,product_26,structured,structured_row:TechNova Headphones Lite 26,structured,1
DEC036_B_deepseek-v3.2,train_kb,conservative_noisy_or_conflict_adjusted,TechNova Headphones Lite 26,made_of_material,plastic,technova headphones lite 26|made_of_material|plastic,0.98,product_26,structured,structured_row:TechNova Headphones Lite 26,structured,1
DEC036_B_deepseek-v3.2,train_kb,conservative_noisy_or_conflict_adjusted,TechNova Headphones Lite 26,target_market_region,Global,technova headphones lite 26|target_market_region|global,0.98,product_26,structured,structured_row:TechNova Headphones Lite 26,structured,1
DEC036_B_deepseek-v3.2,train_kb,conservative_noisy_or_conflict_adjusted,TechNova Headphones Lite 26,supports_fast_charging,yes,technova headphones lite 26|supports_fast_charging|yes,0.98,product_26,structured,structured_row:TechNova Headphones Lite 26,structured,1
DEC036_B_deepseek-v3.2,train_kb,conservative_noisy_or_conflict_adjusted,TechNova Headphones Lite 26,has_noise_cancellation,no,technova headphones lite 26|has_noise_cancellation|no,0.98,product_26,structured,structured_row:TechNova Headphones Lite 26,structured,1
DEC036_B_deepseek-v3.2,train_kb,conservative_noisy_or_conflict_adjusted,TechNova Headphones Lite 26,manufactured_by,TechNova,technova headphones lite 26|manufactured_by|technova,0.94,product_26,unstructured,LP=0.999961;LPO=0.999997|TechNova Headphones Lite 26 is manufactured by TechNova. The display measures 6.7 inches. Comes with 6GB of RAM. Battery lasts up to 20 hours. Weighs approximately 0.55kg. Available in white. Built with plastic construction.,unstructured,1
DEC036_B_deepseek-v3.2,train_kb,conservative_noisy_or_conflict_adjusted,TechNova Headphones Lite 26,has_screen_size_inch,6.7,technova headphones lite 26|has_screen_size_inch|6.7,0.92,product_26,unstructured,LP=0.998755;LPO=0.999990|TechNova Headphones Lite 26 is manufactured by TechNova. The display measures 6.7 inches. Comes with 6GB of RAM. Battery lasts up to 20 hours. Weighs approximately 0.55kg. Available in white. Built with plastic construction.,unstructured,1
DEC036_B_deepseek-v3.2,train_kb,conservative_noisy_or_conflict_adjusted,TechNova Headphones Lite 26,has_ram_gb,6,technova headphones lite 26|has_ram_gb|6,0.93,product_26,unstructured,LP=0.999970;LPO=0.999998|TechNova Headphones Lite 26 is manufactured by TechNova. The display measures 6.7 inches. Comes with 6GB of RAM. Battery lasts up to 20 hours. Weighs approximately 0.55kg. Available in white. Built with plastic construction.,unstructured,1
DEC036_B_deepseek-v3.2,train_kb,conservative_noisy_or_conflict_adjusted,TechNova Headphones Lite 26,has_battery_life_hours,20,technova headphones lite 26|has_battery_life_hours|20,0.91,product_26,unstructured,LP=0.999993;LPO=0.999953|TechNova Headphones Lite 26 is manufactured by TechNova. The display measures 6.7 inches. Comes with 6GB of RAM. Battery lasts up to 20 hours. Weighs approximately 0.55kg. Available in white. Built with plastic construction.,unstructured,1
DEC036_B_deepseek-v3.2,train_kb,conservative_noisy_or_conflict_adjusted,TechNova Headphones Lite 26,has_weight_kg,0.55,technova headphones lite 26|has_weight_kg|0.55,0.9,product_26,unstructured,LP=0.999997;LPO=0.999989|TechNova Headphones Lite 26 is manufactured by TechNova. The display measures 6.7 inches. Comes with 6GB of RAM. Battery lasts up to 20 hours. Weighs approximately 0.55kg. Available in white. Built with plastic construction.,unstructured,1
DEC036_B_deepseek-v3.2,train_kb,conservative_noisy_or_conflict_adjusted,TechNova Headphones Lite 26,has_color,white,technova headphones lite 26|has_color|white,0.95,product_26,unstructured,LP=0.999985;LPO=0.999875|TechNova Headphones Lite 26 is manufactured by TechNova. The display measures 6.7 inches. Comes with 6GB of RAM. Battery lasts up to 20 hours. Weighs approximately 0.55kg. Available in white. Built with plastic construction.,unstructured,1
DEC036_B_deepseek-v3.2,train_kb,conservative_noisy_or_conflict_adjusted,TechNova Headphones Lite 26,made_of_material,plastic,technova headphones lite 26|made_of_material|plastic,0.92,product_26,unstructured,LP=0.999993;LPO=0.999975|TechNova Headphones Lite 26 is manufactured by TechNova. The display measures 6.7 inches. Comes with 6GB of RAM. Battery lasts up to 20 hours. Weighs approximately 0.55kg. Available in white. Built with plastic construction.,unstructured,1
DEC036_B_deepseek-v3.2,train_kb,conservative_noisy_or_conflict_adjusted,TechNova Laptop Max 28,manufactured_by,TechNova,technova laptop max 28|manufactured_by|technova,0.98,product_28,structured,structured_row:TechNova Laptop Max 28,structured,1
DEC036_B_deepseek-v3.2,train_kb,conservative_noisy_or_conflict_adjusted,TechNova Laptop Max 28,belongs_to_category,laptop,technova laptop max 28|belongs_to_category|laptop,0.98,product_28,structured,structured_row:TechNova Laptop Max 28,structured,1
DEC036_B_deepseek-v3.2,train_kb,conservative_noisy_or_conflict_adjusted,TechNova Laptop Max 28,has_price_usd,199,technova laptop max 28|has_price_usd|199,0.98,product_28,structured,structured_row:TechNova Laptop Max 28,structured,1
DEC036_B_deepseek-v3.2,train_kb,conservative_noisy_or_conflict_adjusted,TechNova Laptop Max 28,has_screen_size_inch,6.1,technova laptop max 28|has_screen_size_inch|6.1,0.98,product_28,structured,structured_row:TechNova Laptop Max 28,structured,1
DEC036_B_deepseek-v3.2,train_kb,conservative_noisy_or_conflict_adjusted,TechNova Laptop Max 28,has_ram_gb,6,technova laptop max 28|has_ram_gb|6,0.98,product_28,structured,structured_row:TechNova Laptop Max 28,structured,1
DEC036_B_deepseek-v3.2,train_kb,conservative_noisy_or_conflict_adjusted,TechNova Laptop Max 28,has_storage_gb,512,technova laptop max 28|has_storage_gb|512,0.98,product_28,structured,structured_row:TechNova Laptop Max 28,structured,1
DEC036_B_deepseek-v3.2,train_kb,conservative_noisy_or_conflict_adjusted,TechNova Laptop Max 28,has_battery_life_hours,18,technova laptop max 28|has_battery_life_hours|18,0.98,product_28,structured,structured_row:TechNova Laptop Max 28,structured,1
DEC036_B_deepseek-v3.2,train_kb,conservative_noisy_or_conflict_adjusted,TechNova Laptop Max 28,has_weight_kg,1.8,technova laptop max 28|has_weight_kg|1.8,0.98,product_28,structured,structured_row:TechNova Laptop Max 28,structured,1
DEC036_B_deepseek-v3.2,train_kb,conservative_noisy_or_conflict_adjusted,TechNova Laptop Max 28,has_color,blue,technova laptop max 28|has_color|blue,0.98,product_28,structured,structured_row:TechNova Laptop Max 28,structured,1
DEC036_B_deepseek-v3.2,train_kb,conservative_noisy_or_conflict_adjusted,TechNova Laptop Max 28,made_of_material,aluminum,technova laptop max 28|made_of_material|aluminum,0.98,product_28,structured,structured_row:TechNova Laptop Max 28,structured,1
DEC036_B_deepseek-v3.2,train_kb,conservative_noisy_or_conflict_adjusted,TechNova Laptop Max 28,target_market_region,US,technova laptop max 28|target_market_region|us,0.98,product_28,structured,structured_row:TechNova Laptop Max 28,structured,1
DEC036_B_deepseek-v3.2,train_kb,conservative_noisy_or_conflict_adjusted,TechNova Laptop Max 28,supports_fast_charging,yes,technova laptop max 28|supports_fast_charging|yes,0.98,product_28,structured,structured_row:TechNova Laptop Max 28,structured,1
DEC036_B_deepseek-v3.2,train_kb,conservative_noisy_or_conflict_adjusted,TechNova Laptop Max 28,has_noise_cancellation,no,technova laptop max 28|has_noise_cancellation|no,0.98,product_28,structured,structured_row:TechNova Laptop Max 28,structured,1
DEC036_B_deepseek-v3.2,train_kb,conservative_noisy_or_conflict_adjusted,product,has_screen_size_inch,6.1,product|has_screen_size_inch|6.1,0.95,product_28,unstructured,LP=0.959573;LPO=0.999990|The display measures 6.1 inches. Battery lasts up to 18 hours. Weighs approximately 1.8kg. Available in blue. Built with aluminum construction. Targeted at the US market. Fast charging is yes.,unstructured,1
DEC036_B_deepseek-v3.2,train_kb,conservative_noisy_or_conflict_adjusted,product,has_battery_life_hours,18,product|has_battery_life_hours|18,0.9,product_28,unstructured,LP=0.999947;LPO=0.999792|The display measures 6.1 inches. Battery lasts up to 18 hours. Weighs approximately 1.8kg. Available in blue. Built with aluminum construction. Targeted at the US market. Fast charging is yes.,unstructured,1
DEC036_B_deepseek-v3.2,train_kb,conservative_noisy_or_conflict_adjusted,product,has_weight_kg,1.8,product|has_weight_kg|1.8,0.88,product_28,unstructured,LP=0.999994;LPO=0.999981|The display measures 6.1 inches. Battery lasts up to 18 hours. Weighs approximately 1.8kg. Available in blue. Built with aluminum construction. Targeted at the US market. Fast charging is yes.,unstructured,1
DEC036_B_deepseek-v3.2,train_kb,conservative_noisy_or_conflict_adjusted,product,has_color,blue,product|has_color|blue,0.92,product_28,unstructured,LP=0.999995;LPO=0.999995|The display measures 6.1 inches. Battery lasts up to 18 hours. Weighs approximately 1.8kg. Available in blue. Built with aluminum construction. Targeted at the US market. Fast charging is yes.,unstructured,1
DEC036_B_deepseek-v3.2,train_kb,conservative_noisy_or_conflict_adjusted,product,made_of_material,aluminum,product|made_of_material|aluminum,0.93,product_28,unstructured,LP=0.999987;LPO=0.999954|The display measures 6.1 inches. Battery lasts up to 18 hours. Weighs approximately 1.8kg. Available in blue. Built with aluminum construction. Targeted at the US market. Fast charging is yes.,unstructured,1
DEC036_B_deepseek-v3.2,train_kb,conservative_noisy_or_conflict_adjusted,product,target_market_region,US,product|target_market_region|us,0.94,product_28,unstructured,LP=0.999929;LPO=0.999565|The display measures 6.1 inches. Battery lasts up to 18 hours. Weighs approximately 1.8kg. Available in blue. Built with aluminum construction. Targeted at the US market. Fast charging is yes.,unstructured,1
DEC036_B_deepseek-v3.2,train_kb,conservative_noisy_or_conflict_adjusted,product,supports_fast_charging,yes,product|supports_fast_charging|yes,0.96,product_28,unstructured,LP=0.999153;LPO=0.993251|The display measures 6.1 inches. Battery lasts up to 18 hours. Weighs approximately 1.8kg. Available in blue. Built with aluminum construction. Targeted at the US market. Fast charging is yes.,unstructured,1
DEC036_B_deepseek-v3.2,train_kb,conservative_noisy_or_conflict_adjusted,PixelWare Tablet Pro 29,manufactured_by,PixelWare,pixelware tablet pro 29|manufactured_by|pixelware,0.98,product_29,structured,structured_row:PixelWare Tablet Pro 29,structured,1
DEC036_B_deepseek-v3.2,train_kb,conservative_noisy_or_conflict_adjusted,PixelWare Tablet Pro 29,belongs_to_category,tablet,pixelware tablet pro 29|belongs_to_category|tablet,0.98,product_29,structured,structured_row:PixelWare Tablet Pro 29,structured,1
DEC036_B_deepseek-v3.2,train_kb,conservative_noisy_or_conflict_adjusted,PixelWare Tablet Pro 29,has_price_usd,899,pixelware tablet pro 29|has_price_usd|899,0.98,product_29,structured,structured_row:PixelWare Tablet Pro 29,structured,1
DEC036_B_deepseek-v3.2,train_kb,conservative_noisy_or_conflict_adjusted,PixelWare Tablet Pro 29,has_screen_size_inch,6.7,pixelware tablet pro 29|has_screen_size_inch|6.7,0.98,product_29,structured,structured_row:PixelWare Tablet Pro 29,structured,1
DEC036_B_deepseek-v3.2,train_kb,conservative_noisy_or_conflict_adjusted,PixelWare Tablet Pro 29,has_ram_gb,6,pixelware tablet pro 29|has_ram_gb|6,0.98,product_29,structured,structured_row:PixelWare Tablet Pro 29,structured,1
DEC036_B_deepseek-v3.2,train_kb,conservative_noisy_or_conflict_adjusted,PixelWare Tablet Pro 29,has_storage_gb,1024,pixelware tablet pro 29|has_storage_gb|1024,0.98,product_29,structured,structured_row:PixelWare Tablet Pro 29,structured,1
DEC036_B_deepseek-v3.2,train_kb,conservative_noisy_or_conflict_adjusted,PixelWare Tablet Pro 29,has_battery_life_hours,14,pixelware tablet pro 29|has_battery_life_hours|14,0.98,product_29,structured,structured_row:PixelWare Tablet Pro 29,structured,1
DEC036_B_deepseek-v3.2,train_kb,conservative_noisy_or_conflict_adjusted,PixelWare Tablet Pro 29,has_weight_kg,0.18,pixelware tablet pro 29|has_weight_kg|0.18,0.98,product_29,structured,structured_row:PixelWare Tablet Pro 29,structured,1
DEC036_B_deepseek-v3.2,train_kb,conservative_noisy_or_conflict_adjusted,PixelWare Tablet Pro 29,has_color,silver,pixelware tablet pro 29|has_color|silver,0.98,product_29,structured,structured_row:PixelWare Tablet Pro 29,structured,1
DEC036_B_deepseek-v3.2,train_kb,conservative_noisy_or_conflict_adjusted,PixelWare Tablet Pro 29,made_of_material,carbon fiber,pixelware tablet pro 29|made_of_material|carbon fiber,0.98,product_29,structured,structured_row:PixelWare Tablet Pro 29,structured,1
DEC036_B_deepseek-v3.2,train_kb,conservative_noisy_or_conflict_adjusted,PixelWare Tablet Pro 29,target_market_region,EU,pixelware tablet pro 29|target_market_region|eu,0.98,product_29,structured,structured_row:PixelWare Tablet Pro 29,structured,1
DEC036_B_deepseek-v3.2,train_kb,conservative_noisy_or_conflict_adjusted,PixelWare Tablet Pro 29,supports_fast_charging,yes,pixelware tablet pro 29|supports_fast_charging|yes,0.98,product_29,structured,structured_row:PixelWare Tablet Pro 29,structured,1
DEC036_B_deepseek-v3.2,train_kb,conservative_noisy_or_conflict_adjusted,PixelWare Tablet Pro 29,has_noise_cancellation,no,pixelware tablet pro 29|has_noise_cancellation|no,0.98,product_29,structured,structured_row:PixelWare Tablet Pro 29,structured,1
DEC036_B_deepseek-v3.2,train_kb,conservative_noisy_or_conflict_adjusted,tablet device,has_price_usd,899,tablet device|has_price_usd|899,0.95,product_29,unstructured,LP=0.909662;LPO=0.999982|It is a tablet device. Priced at 899 USD. Offers 1024GB of internal storage. Battery lasts up to 14 hours. Weighs approximately 0.18kg. Available in silver. Fast charging is yes.,unstructured,1
DEC036_B_deepseek-v3.2,train_kb,conservative_noisy_or_conflict_adjusted,tablet device,has_storage_gb,1024,tablet device|has_storage_gb|1024,0.94,product_29,unstructured,LP=0.999977;LPO=0.999997|It is a tablet device. Priced at 899 USD. Offers 1024GB of internal storage. Battery lasts up to 14 hours. Weighs approximately 0.18kg. Available in silver. Fast charging is yes.,unstructured,1
DEC036_B_deepseek-v3.2,train_kb,conservative_noisy_or_conflict_adjusted,tablet device,has_battery_life_hours,14,tablet device|has_battery_life_hours|14,0.91,product_29,unstructured,LP=0.999994;LPO=0.999978|It is a tablet device. Priced at 899 USD. Offers 1024GB of internal storage. Battery lasts up to 14 hours. Weighs approximately 0.18kg. Available in silver. Fast charging is yes.,unstructured,1
DEC036_B_deepseek-v3.2,train_kb,conservative_noisy_or_conflict_adjusted,tablet device,has_weight_kg,0.18,tablet device|has_weight_kg|0.18,0.92,product_29,unstructured,LP=0.999995;LPO=0.999990|It is a tablet device. Priced at 899 USD. Offers 1024GB of internal storage. Battery lasts up to 14 hours. Weighs approximately 0.18kg. Available in silver. Fast charging is yes.,unstructured,1
DEC036_B_deepseek-v3.2,train_kb,conservative_noisy_or_conflict_adjusted,tablet device,has_color,silver,tablet device|has_color|silver,0.93,product_29,unstructured,LP=0.999974;LPO=0.999932|It is a tablet device. Priced at 899 USD. Offers 1024GB of internal storage. Battery lasts up to 14 hours. Weighs approximately 0.18kg. Available in silver. Fast charging is yes.,unstructured,1
DEC036_B_deepseek-v3.2,train_kb,conservative_noisy_or_conflict_adjusted,tablet device,supports_fast_charging,yes,tablet device|supports_fast_charging|yes,0.9,product_29,unstructured,LP=0.998874;LPO=0.988862|It is a tablet device. Priced at 899 USD. Offers 1024GB of internal storage. Battery lasts up to 14 hours. Weighs approximately 0.18kg. Available in silver. Fast charging is yes.,unstructured,1
DEC036_B_deepseek-v3.2,train_kb,conservative_noisy_or_conflict_adjusted,Zenbyte Tablet Max 30,manufactured_by,Zenbyte,zenbyte tablet max 30|manufactured_by|zenbyte,0.98,product_30,structured,structured_row:Zenbyte Tablet Max 30,structured,1
DEC036_B_deepseek-v3.2,train_kb,conservative_noisy_or_conflict_adjusted,Zenbyte Tablet Max 30,belongs_to_category,tablet,zenbyte tablet max 30|belongs_to_category|tablet,0.98,product_30,structured,structured_row:Zenbyte Tablet Max 30,structured,1
DEC036_B_deepseek-v3.2,train_kb,conservative_noisy_or_conflict_adjusted,Zenbyte Tablet Max 30,has_price_usd,1099,zenbyte tablet max 30|has_price_usd|1099,0.98,product_30,structured,structured_row:Zenbyte Tablet Max 30,structured,1
DEC036_B_deepseek-v3.2,train_kb,conservative_noisy_or_conflict_adjusted,Zenbyte Tablet Max 30,has_screen_size_inch,11.0,zenbyte tablet max 30|has_screen_size_inch|11.0,0.98,product_30,structured,structured_row:Zenbyte Tablet Max 30,structured,1
DEC036_B_deepseek-v3.2,train_kb,conservative_noisy_or_conflict_adjusted,Zenbyte Tablet Max 30,has_ram_gb,8,zenbyte tablet max 30|has_ram_gb|8,0.98,product_30,structured,structured_row:Zenbyte Tablet Max 30,structured,1
DEC036_B_deepseek-v3.2,train_kb,conservative_noisy_or_conflict_adjusted,Zenbyte Tablet Max 30,has_storage_gb,128,zenbyte tablet max 30|has_storage_gb|128,0.98,product_30,structured,structured_row:Zenbyte Tablet Max 30,structured,1
DEC036_B_deepseek-v3.2,train_kb,conservative_noisy_or_conflict_adjusted,Zenbyte Tablet Max 30,has_battery_life_hours,24,zenbyte tablet max 30|has_battery_life_hours|24,0.98,product_30,structured,structured_row:Zenbyte Tablet Max 30,structured,1
DEC036_B_deepseek-v3.2,train_kb,conservative_noisy_or_conflict_adjusted,Zenbyte Tablet Max 30,has_weight_kg,1.45,zenbyte tablet max 30|has_weight_kg|1.45,0.98,product_30,structured,structured_row:Zenbyte Tablet Max 30,structured,1
DEC036_B_deepseek-v3.2,train_kb,conservative_noisy_or_conflict_adjusted,Zenbyte Tablet Max 30,has_color,green,zenbyte tablet max 30|has_color|green,0.98,product_30,structured,structured_row:Zenbyte Tablet Max 30,structured,1
DEC036_B_deepseek-v3.2,train_kb,conservative_noisy_or_conflict_adjusted,Zenbyte Tablet Max 30,made_of_material,plastic,zenbyte tablet max 30|made_of_material|plastic,0.98,product_30,structured,structured_row:Zenbyte Tablet Max 30,structured,1
DEC036_B_deepseek-v3.2,train_kb,conservative_noisy_or_conflict_adjusted,Zenbyte Tablet Max 30,target_market_region,Global,zenbyte tablet max 30|target_market_region|global,0.98,product_30,structured,structured_row:Zenbyte Tablet Max 30,structured,1
DEC036_B_deepseek-v3.2,train_kb,conservative_noisy_or_conflict_adjusted,Zenbyte Tablet Max 30,supports_fast_charging,no,zenbyte tablet max 30|supports_fast_charging|no,0.98,product_30,structured,structured_row:Zenbyte Tablet Max 30,structured,1
DEC036_B_deepseek-v3.2,train_kb,conservative_noisy_or_conflict_adjusted,Zenbyte Tablet Max 30,has_noise_cancellation,no,zenbyte tablet max 30|has_noise_cancellation|no,0.98,product_30,structured,structured_row:Zenbyte Tablet Max 30,structured,1
DEC036_B_deepseek-v3.2,train_kb,conservative_noisy_or_conflict_adjusted,Zenbyte Tablet Max 30,manufactured_by,Zenbyte,zenbyte tablet max 30|manufactured_by|zenbyte,0.96,product_30,unstructured,LP=0.999991;LPO=0.999987|Zenbyte Tablet Max 30 is manufactured by Zenbyte. The display measures 11.0 inches. Comes with 8GB of RAM. Weighs approximately 1.45kg. Available in green. Targeted at the Global market. Noise cancellation: no.,unstructured,1
DEC036_B_deepseek-v3.2,train_kb,conservative_noisy_or_conflict_adjusted,Zenbyte Tablet Max 30,has_screen_size_inch,11.0,zenbyte tablet max 30|has_screen_size_inch|11.0,0.94,product_30,unstructured,LP=0.999907;LPO=0.999662|Zenbyte Tablet Max 30 is manufactured by Zenbyte. The display measures 11.0 inches. Comes with 8GB of RAM. Weighs approximately 1.45kg. Available in green. Targeted at the Global market. Noise cancellation: no.,unstructured,1
DEC036_B_deepseek-v3.2,train_kb,conservative_noisy_or_conflict_adjusted,Zenbyte Tablet Max 30,has_ram_gb,8,zenbyte tablet max 30|has_ram_gb|8,0.93,product_30,unstructured,LP=0.999992;LPO=1.000000|Zenbyte Tablet Max 30 is manufactured by Zenbyte. The display measures 11.0 inches. Comes with 8GB of RAM. Weighs approximately 1.45kg. Available in green. Targeted at the Global market. Noise cancellation: no.,unstructured,1
DEC036_B_deepseek-v3.2,train_kb,conservative_noisy_or_conflict_adjusted,Zenbyte Tablet Max 30,has_weight_kg,1.45,zenbyte tablet max 30|has_weight_kg|1.45,0.92,product_30,unstructured,LP=0.999987;LPO=0.999936|Zenbyte Tablet Max 30 is manufactured by Zenbyte. The display measures 11.0 inches. Comes with 8GB of RAM. Weighs approximately 1.45kg. Available in green. Targeted at the Global market. Noise cancellation: no.,unstructured,1
DEC036_B_deepseek-v3.2,train_kb,conservative_noisy_or_conflict_adjusted,Zenbyte Tablet Max 30,has_color,green,zenbyte tablet max 30|has_color|green,0.91,product_30,unstructured,LP=0.999957;LPO=0.999954|Zenbyte Tablet Max 30 is manufactured by Zenbyte. The display measures 11.0 inches. Comes with 8GB of RAM. Weighs approximately 1.45kg. Available in green. Targeted at the Global market. Noise cancellation: no.,unstructured,1
DEC036_B_deepseek-v3.2,train_kb,conservative_noisy_or_conflict_adjusted,Zenbyte Tablet Max 30,target_market_region,Global,zenbyte tablet max 30|target_market_region|global,0.9,product_30,unstructured,LP=0.999977;LPO=0.999841|Zenbyte Tablet Max 30 is manufactured by Zenbyte. The display measures 11.0 inches. Comes with 8GB of RAM. Weighs approximately 1.45kg. Available in green. Targeted at the Global market. Noise cancellation: no.,unstructured,1
DEC036_B_deepseek-v3.2,train_kb,conservative_noisy_or_conflict_adjusted,Zenbyte Tablet Max 30,has_noise_cancellation,no,zenbyte tablet max 30|has_noise_cancellation|no,0.89,product_30,unstructured,LP=0.999573;LPO=0.994733|Zenbyte Tablet Max 30 is manufactured by Zenbyte. The display measures 11.0 inches. Comes with 8GB of RAM. Weighs approximately 1.45kg. Available in green. Targeted at the Global market. Noise cancellation: no.,unstructured,1
DEC036_B_deepseek-v3.2,train_kb,conservative_noisy_or_conflict_adjusted,VoltEdge Headphones Lite 33,manufactured_by,VoltEdge,voltedge headphones lite 33|manufactured_by|voltedge,0.98,product_33,structured,structured_row:VoltEdge Headphones Lite 33,structured,1
DEC036_B_deepseek-v3.2,train_kb,conservative_noisy_or_conflict_adjusted,VoltEdge Headphones Lite 33,belongs_to_category,headphones,voltedge headphones lite 33|belongs_to_category|headphones,0.98,product_33,structured,structured_row:VoltEdge Headphones Lite 33,structured,1
DEC036_B_deepseek-v3.2,train_kb,conservative_noisy_or_conflict_adjusted,VoltEdge Headphones Lite 33,has_price_usd,899,voltedge headphones lite 33|has_price_usd|899,0.98,product_33,structured,structured_row:VoltEdge Headphones Lite 33,structured,1
DEC036_B_deepseek-v3.2,train_kb,conservative_noisy_or_conflict_adjusted,VoltEdge Headphones Lite 33,has_screen_size_inch,14.0,voltedge headphones lite 33|has_screen_size_inch|14.0,0.98,product_33,structured,structured_row:VoltEdge Headphones Lite 33,structured,1
DEC036_B_deepseek-v3.2,train_kb,conservative_noisy_or_conflict_adjusted,VoltEdge Headphones Lite 33,has_ram_gb,6,voltedge headphones lite 33|has_ram_gb|6,0.98,product_33,structured,structured_row:VoltEdge Headphones Lite 33,structured,1
DEC036_B_deepseek-v3.2,train_kb,conservative_noisy_or_conflict_adjusted,VoltEdge Headphones Lite 33,has_storage_gb,512,voltedge headphones lite 33|has_storage_gb|512,0.98,product_33,structured,structured_row:VoltEdge Headphones Lite 33,structured,1
DEC036_B_deepseek-v3.2,train_kb,conservative_noisy_or_conflict_adjusted,VoltEdge Headphones Lite 33,has_battery_life_hours,10,voltedge headphones lite 33|has_battery_life_hours|10,0.98,product_33,structured,structured_row:VoltEdge Headphones Lite 33,structured,1
DEC036_B_deepseek-v3.2,train_kb,conservative_noisy_or_conflict_adjusted,VoltEdge Headphones Lite 33,has_weight_kg,1.2,voltedge headphones lite 33|has_weight_kg|1.2,0.98,product_33,structured,structured_row:VoltEdge Headphones Lite 33,structured,1
DEC036_B_deepseek-v3.2,train_kb,conservative_noisy_or_conflict_adjusted,VoltEdge Headphones Lite 33,has_color,white,voltedge headphones lite 33|has_color|white,0.98,product_33,structured,structured_row:VoltEdge Headphones Lite 33,structured,1
DEC036_B_deepseek-v3.2,train_kb,conservative_noisy_or_conflict_adjusted,VoltEdge Headphones Lite 33,made_of_material,aluminum,voltedge headphones lite 33|made_of_material|aluminum,0.98,product_33,structured,structured_row:VoltEdge Headphones Lite 33,structured,1
DEC036_B_deepseek-v3.2,train_kb,conservative_noisy_or_conflict_adjusted,VoltEdge Headphones Lite 33,target_market_region,Global,voltedge headphones lite 33|target_market_region|global,0.98,product_33,structured,structured_row:VoltEdge Headphones Lite 33,structured,1
DEC036_B_deepseek-v3.2,train_kb,conservative_noisy_or_conflict_adjusted,VoltEdge Headphones Lite 33,supports_fast_charging,yes,voltedge headphones lite 33|supports_fast_charging|yes,0.98,product_33,structured,structured_row:VoltEdge Headphones Lite 33,structured,1
DEC036_B_deepseek-v3.2,train_kb,conservative_noisy_or_conflict_adjusted,VoltEdge Headphones Lite 33,has_noise_cancellation,no,voltedge headphones lite 33|has_noise_cancellation|no,0.98,product_33,structured,structured_row:VoltEdge Headphones Lite 33,structured,1
DEC036_B_deepseek-v3.2,train_kb,conservative_noisy_or_conflict_adjusted,VoltEdge Headphones Lite 33,manufactured_by,VoltEdge,voltedge headphones lite 33|manufactured_by|voltedge,0.96,product_33,unstructured,LP=0.999989;LPO=0.999968|VoltEdge Headphones Lite 33 is manufactured by VoltEdge. It is a headphones device. Battery lasts up to 10 hours. Available in white. Built with aluminum construction. Targeted at the Global market. Noise cancellation: no.,unstructured,1
DEC036_B_deepseek-v3.2,train_kb,conservative_noisy_or_conflict_adjusted,VoltEdge Headphones Lite 33,belongs_to_category,headphones,voltedge headphones lite 33|belongs_to_category|headphones,0.9,product_33,unstructured,LP=0.994200;LPO=0.999795|VoltEdge Headphones Lite 33 is manufactured by VoltEdge. It is a headphones device. Battery lasts up to 10 hours. Available in white. Built with aluminum construction. Targeted at the Global market. Noise cancellation: no.,unstructured,1
DEC036_B_deepseek-v3.2,train_kb,conservative_noisy_or_conflict_adjusted,VoltEdge Headphones Lite 33,has_battery_life_hours,10,voltedge headphones lite 33|has_battery_life_hours|10,0.92,product_33,unstructured,LP=0.999965;LPO=0.999924|VoltEdge Headphones Lite 33 is manufactured by VoltEdge. It is a headphones device. Battery lasts up to 10 hours. Available in white. Built with aluminum construction. Targeted at the Global market. Noise cancellation: no.,unstructured,1
DEC036_B_deepseek-v3.2,train_kb,conservative_noisy_or_conflict_adjusted,VoltEdge Headphones Lite 33,has_color,white,voltedge headphones lite 33|has_color|white,0.94,product_33,unstructured,LP=0.999974;LPO=0.999983|VoltEdge Headphones Lite 33 is manufactured by VoltEdge. It is a headphones device. Battery lasts up to 10 hours. Available in white. Built with aluminum construction. Targeted at the Global market. Noise cancellation: no.,unstructured,1
DEC036_B_deepseek-v3.2,train_kb,conservative_noisy_or_conflict_adjusted,VoltEdge Headphones Lite 33,made_of_material,aluminum,voltedge headphones lite 33|made_of_material|aluminum,0.93,product_33,unstructured,LP=0.999987;LPO=0.999972|VoltEdge Headphones Lite 33 is manufactured by VoltEdge. It is a headphones device. Battery lasts up to 10 hours. Available in white. Built with aluminum construction. Targeted at the Global market. Noise cancellation: no.,unstructured,1
DEC036_B_deepseek-v3.2,train_kb,conservative_noisy_or_conflict_adjusted,VoltEdge Headphones Lite 33,target_market_region,Global,voltedge headphones lite 33|target_market_region|global,0.95,product_33,unstructured,LP=0.999961;LPO=0.999738|VoltEdge Headphones Lite 33 is manufactured by VoltEdge. It is a headphones device. Battery lasts up to 10 hours. Available in white. Built with aluminum construction. Targeted at the Global market. Noise cancellation: no.,unstructured,1
DEC036_B_deepseek-v3.2,train_kb,conservative_noisy_or_conflict_adjusted,VoltEdge Headphones Lite 33,has_noise_cancellation,no,voltedge headphones lite 33|has_noise_cancellation|no,0.91,product_33,unstructured,LP=0.998784;LPO=0.981963|VoltEdge Headphones Lite 33 is manufactured by VoltEdge. It is a headphones device. Battery lasts up to 10 hours. Available in white. Built with aluminum construction. Targeted at the Global market. Noise cancellation: no.,unstructured,1
DEC036_B_deepseek-v3.2,train_kb,conservative_noisy_or_conflict_adjusted,PixelWare Tablet Lite 34,manufactured_by,PixelWare,pixelware tablet lite 34|manufactured_by|pixelware,0.98,product_34,structured,structured_row:PixelWare Tablet Lite 34,structured,1
DEC036_B_deepseek-v3.2,train_kb,conservative_noisy_or_conflict_adjusted,PixelWare Tablet Lite 34,belongs_to_category,tablet,pixelware tablet lite 34|belongs_to_category|tablet,0.98,product_34,structured,structured_row:PixelWare Tablet Lite 34,structured,1
DEC036_B_deepseek-v3.2,train_kb,conservative_noisy_or_conflict_adjusted,PixelWare Tablet Lite 34,has_price_usd,349,pixelware tablet lite 34|has_price_usd|349,0.98,product_34,structured,structured_row:PixelWare Tablet Lite 34,structured,1
DEC036_B_deepseek-v3.2,train_kb,conservative_noisy_or_conflict_adjusted,PixelWare Tablet Lite 34,has_screen_size_inch,11.0,pixelware tablet lite 34|has_screen_size_inch|11.0,0.98,product_34,structured,structured_row:PixelWare Tablet Lite 34,structured,1
DEC036_B_deepseek-v3.2,train_kb,conservative_noisy_or_conflict_adjusted,PixelWare Tablet Lite 34,has_ram_gb,8,pixelware tablet lite 34|has_ram_gb|8,0.98,product_34,structured,structured_row:PixelWare Tablet Lite 34,structured,1
DEC036_B_deepseek-v3.2,train_kb,conservative_noisy_or_conflict_adjusted,PixelWare Tablet Lite 34,has_storage_gb,256,pixelware tablet lite 34|has_storage_gb|256,0.98,product_34,structured,structured_row:PixelWare Tablet Lite 34,structured,1
DEC036_B_deepseek-v3.2,train_kb,conservative_noisy_or_conflict_adjusted,PixelWare Tablet Lite 34,has_battery_life_hours,24,pixelware tablet lite 34|has_battery_life_hours|24,0.98,product_34,structured,structured_row:PixelWare Tablet Lite 34,structured,1
DEC036_B_deepseek-v3.2,train_kb,conservative_noisy_or_conflict_adjusted,PixelWare Tablet Lite 34,has_weight_kg,0.55,pixelware tablet lite 34|has_weight_kg|0.55,0.98,product_34,structured,structured_row:PixelWare Tablet Lite 34,structured,1
DEC036_B_deepseek-v3.2,train_kb,conservative_noisy_or_conflict_adjusted,PixelWare Tablet Lite 34,has_color,black,pixelware tablet lite 34|has_color|black,0.98,product_34,structured,structured_row:PixelWare Tablet Lite 34,structured,1
DEC036_B_deepseek-v3.2,train_kb,conservative_noisy_or_conflict_adjusted,PixelWare Tablet Lite 34,made_of_material,plastic,pixelware tablet lite 34|made_of_material|plastic,0.98,product_34,structured,structured_row:PixelWare Tablet Lite 34,structured,1
DEC036_B_deepseek-v3.2,train_kb,conservative_noisy_or_conflict_adjusted,PixelWare Tablet Lite 34,target_market_region,Global,pixelware tablet lite 34|target_market_region|global,0.98,product_34,structured,structured_row:PixelWare Tablet Lite 34,structured,1
DEC036_B_deepseek-v3.2,train_kb,conservative_noisy_or_conflict_adjusted,PixelWare Tablet Lite 34,supports_fast_charging,no,pixelware tablet lite 34|supports_fast_charging|no,0.98,product_34,structured,structured_row:PixelWare Tablet Lite 34,structured,1
DEC036_B_deepseek-v3.2,train_kb,conservative_noisy_or_conflict_adjusted,PixelWare Tablet Lite 34,has_noise_cancellation,no,pixelware tablet lite 34|has_noise_cancellation|no,0.98,product_34,structured,structured_row:PixelWare Tablet Lite 34,structured,1
DEC036_B_deepseek-v3.2,train_kb,conservative_noisy_or_conflict_adjusted,PixelWare Tablet Lite 34,manufactured_by,PixelWare,pixelware tablet lite 34|manufactured_by|pixelware,0.95,product_34,unstructured,LP=0.999996;LPO=0.999990|PixelWare Tablet Lite 34 is manufactured by PixelWare. It is a tablet device. Comes with 8GB of RAM. Offers 256GB of internal storage. Battery lasts up to 24 hours. Weighs approximately 0.55kg. Noise cancellation: no.,unstructured,1
DEC036_B_deepseek-v3.2,train_kb,conservative_noisy_or_conflict_adjusted,PixelWare Tablet Lite 34,belongs_to_category,tablet device,pixelware tablet lite 34|belongs_to_category|tablet device,0.92,product_34,unstructured,LP=0.982668;LPO=0.904543|PixelWare Tablet Lite 34 is manufactured by PixelWare. It is a tablet device. Comes with 8GB of RAM. Offers 256GB of internal storage. Battery lasts up to 24 hours. Weighs approximately 0.55kg. Noise cancellation: no.,unstructured,1
DEC036_B_deepseek-v3.2,train_kb,conservative_noisy_or_conflict_adjusted,PixelWare Tablet Lite 34,has_ram_gb,8,pixelware tablet lite 34|has_ram_gb|8,0.93,product_34,unstructured,LP=0.999981;LPO=0.999964|PixelWare Tablet Lite 34 is manufactured by PixelWare. It is a tablet device. Comes with 8GB of RAM. Offers 256GB of internal storage. Battery lasts up to 24 hours. Weighs approximately 0.55kg. Noise cancellation: no.,unstructured,1
DEC036_B_deepseek-v3.2,train_kb,conservative_noisy_or_conflict_adjusted,PixelWare Tablet Lite 34,has_storage_gb,256,pixelware tablet lite 34|has_storage_gb|256,0.93,product_34,unstructured,LP=0.999999;LPO=1.000000|PixelWare Tablet Lite 34 is manufactured by PixelWare. It is a tablet device. Comes with 8GB of RAM. Offers 256GB of internal storage. Battery lasts up to 24 hours. Weighs approximately 0.55kg. Noise cancellation: no.,unstructured,1
DEC036_B_deepseek-v3.2,train_kb,conservative_noisy_or_conflict_adjusted,PixelWare Tablet Lite 34,has_battery_life_hours,24,pixelware tablet lite 34|has_battery_life_hours|24,0.9,product_34,unstructured,LP=0.999985;LPO=0.999839|PixelWare Tablet Lite 34 is manufactured by PixelWare. It is a tablet device. Comes with 8GB of RAM. Offers 256GB of internal storage. Battery lasts up to 24 hours. Weighs approximately 0.55kg. Noise cancellation: no.,unstructured,1
DEC036_B_deepseek-v3.2,train_kb,conservative_noisy_or_conflict_adjusted,PixelWare Tablet Lite 34,has_weight_kg,0.55,pixelware tablet lite 34|has_weight_kg|0.55,0.91,product_34,unstructured,LP=0.999984;LPO=0.999996|PixelWare Tablet Lite 34 is manufactured by PixelWare. It is a tablet device. Comes with 8GB of RAM. Offers 256GB of internal storage. Battery lasts up to 24 hours. Weighs approximately 0.55kg. Noise cancellation: no.,unstructured,1
DEC036_B_deepseek-v3.2,train_kb,conservative_noisy_or_conflict_adjusted,PixelWare Tablet Lite 34,has_noise_cancellation,no,pixelware tablet lite 34|has_noise_cancellation|no,0.94,product_34,unstructured,LP=0.998877;LPO=0.985808|PixelWare Tablet Lite 34 is manufactured by PixelWare. It is a tablet device. Comes with 8GB of RAM. Offers 256GB of internal storage. Battery lasts up to 24 hours. Weighs approximately 0.55kg. Noise cancellation: no.,unstructured,1
DEC036_B_deepseek-v3.2,train_kb,conservative_noisy_or_conflict_adjusted,NeoTech Headphones Max 36,manufactured_by,NeoTech,neotech headphones max 36|manufactured_by|neotech,0.98,product_36,structured,structured_row:NeoTech Headphones Max 36,structured,1
DEC036_B_deepseek-v3.2,train_kb,conservative_noisy_or_conflict_adjusted,NeoTech Headphones Max 36,belongs_to_category,headphones,neotech headphones max 36|belongs_to_category|headphones,0.98,product_36,structured,structured_row:NeoTech Headphones Max 36,structured,1
DEC036_B_deepseek-v3.2,train_kb,conservative_noisy_or_conflict_adjusted,NeoTech Headphones Max 36,has_price_usd,499,neotech headphones max 36|has_price_usd|499,0.98,product_36,structured,structured_row:NeoTech Headphones Max 36,structured,1
DEC036_B_deepseek-v3.2,train_kb,conservative_noisy_or_conflict_adjusted,NeoTech Headphones Max 36,has_screen_size_inch,6.1,neotech headphones max 36|has_screen_size_inch|6.1,0.98,product_36,structured,structured_row:NeoTech Headphones Max 36,structured,1
DEC036_B_deepseek-v3.2,train_kb,conservative_noisy_or_conflict_adjusted,NeoTech Headphones Max 36,has_ram_gb,16,neotech headphones max 36|has_ram_gb|16,0.98,product_36,structured,structured_row:NeoTech Headphones Max 36,structured,1
DEC036_B_deepseek-v3.2,train_kb,conservative_noisy_or_conflict_adjusted,NeoTech Headphones Max 36,has_storage_gb,64,neotech headphones max 36|has_storage_gb|64,0.98,product_36,structured,structured_row:NeoTech Headphones Max 36,structured,1
DEC036_B_deepseek-v3.2,train_kb,conservative_noisy_or_conflict_adjusted,NeoTech Headphones Max 36,has_battery_life_hours,12,neotech headphones max 36|has_battery_life_hours|12,0.98,product_36,structured,structured_row:NeoTech Headphones Max 36,structured,1
DEC036_B_deepseek-v3.2,train_kb,conservative_noisy_or_conflict_adjusted,NeoTech Headphones Max 36,has_weight_kg,1.2,neotech headphones max 36|has_weight_kg|1.2,0.98,product_36,structured,structured_row:NeoTech Headphones Max 36,structured,1
DEC036_B_deepseek-v3.2,train_kb,conservative_noisy_or_conflict_adjusted,NeoTech Headphones Max 36,has_color,silver,neotech headphones max 36|has_color|silver,0.98,product_36,structured,structured_row:NeoTech Headphones Max 36,structured,1
DEC036_B_deepseek-v3.2,train_kb,conservative_noisy_or_conflict_adjusted,NeoTech Headphones Max 36,made_of_material,carbon fiber,neotech headphones max 36|made_of_material|carbon fiber,0.98,product_36,structured,structured_row:NeoTech Headphones Max 36,structured,1
DEC036_B_deepseek-v3.2,train_kb,conservative_noisy_or_conflict_adjusted,NeoTech Headphones Max 36,target_market_region,EU,neotech headphones max 36|target_market_region|eu,0.98,product_36,structured,structured_row:NeoTech Headphones Max 36,structured,1
DEC036_B_deepseek-v3.2,train_kb,conservative_noisy_or_conflict_adjusted,NeoTech Headphones Max 36,supports_fast_charging,no,neotech headphones max 36|supports_fast_charging|no,0.98,product_36,structured,structured_row:NeoTech Headphones Max 36,structured,1
DEC036_B_deepseek-v3.2,train_kb,conservative_noisy_or_conflict_adjusted,NeoTech Headphones Max 36,has_noise_cancellation,no,neotech headphones max 36|has_noise_cancellation|no,0.98,product_36,structured,structured_row:NeoTech Headphones Max 36,structured,1
DEC036_B_deepseek-v3.2,train_kb,conservative_noisy_or_conflict_adjusted,headphones device,belongs_to_category,headphones,headphones device|belongs_to_category|headphones,0.86,product_36,unstructured,LP=0.904547;LPO=0.995059|It is a headphones device. The display measures 6.1 inches. Offers 64GB of internal storage. Built with carbon fiber construction. Targeted at the EU market. Fast charging is no. Noise cancellation: no.,unstructured,1
DEC036_B_deepseek-v3.2,train_kb,conservative_noisy_or_conflict_adjusted,headphones device,has_storage_gb,64,headphones device|has_storage_gb|64,0.9,product_36,unstructured,LP=0.827013;LPO=0.999993|It is a headphones device. The display measures 6.1 inches. Offers 64GB of internal storage. Built with carbon fiber construction. Targeted at the EU market. Fast charging is no. Noise cancellation: no.,unstructured,1
DEC036_B_deepseek-v3.2,train_kb,conservative_noisy_or_conflict_adjusted,headphones device,made_of_material,carbon fiber,headphones device|made_of_material|carbon fiber,0.92,product_36,unstructured,LP=0.999000;LPO=0.999980|It is a headphones device. The display measures 6.1 inches. Offers 64GB of internal storage. Built with carbon fiber construction. Targeted at the EU market. Fast charging is no. Noise cancellation: no.,unstructured,1
DEC036_B_deepseek-v3.2,train_kb,conservative_noisy_or_conflict_adjusted,headphones device,target_market_region,EU,headphones device|target_market_region|eu,0.91,product_36,unstructured,LP=0.999952;LPO=0.999942|It is a headphones device. The display measures 6.1 inches. Offers 64GB of internal storage. Built with carbon fiber construction. Targeted at the EU market. Fast charging is no. Noise cancellation: no.,unstructured,1
DEC036_B_deepseek-v3.2,train_kb,conservative_noisy_or_conflict_adjusted,headphones device,supports_fast_charging,no,headphones device|supports_fast_charging|no,0.88,product_36,unstructured,LP=0.997743;LPO=0.981723|It is a headphones device. The display measures 6.1 inches. Offers 64GB of internal storage. Built with carbon fiber construction. Targeted at the EU market. Fast charging is no. Noise cancellation: no.,unstructured,1
DEC036_B_deepseek-v3.2,train_kb,conservative_noisy_or_conflict_adjusted,headphones device,has_noise_cancellation,no,headphones device|has_noise_cancellation|no,0.89,product_36,unstructured,LP=0.999995;LPO=0.999995|It is a headphones device. The display measures 6.1 inches. Offers 64GB of internal storage. Built with carbon fiber construction. Targeted at the EU market. Fast charging is no. Noise cancellation: no.,unstructured,1
DEC036_B_deepseek-v3.2,train_kb,conservative_noisy_or_conflict_adjusted,VoltEdge Laptop Plus 38,manufactured_by,VoltEdge,voltedge laptop plus 38|manufactured_by|voltedge,0.98,product_38,structured,structured_row:VoltEdge Laptop Plus 38,structured,1
DEC036_B_deepseek-v3.2,train_kb,conservative_noisy_or_conflict_adjusted,VoltEdge Laptop Plus 38,belongs_to_category,laptop,voltedge laptop plus 38|belongs_to_category|laptop,0.98,product_38,structured,structured_row:VoltEdge Laptop Plus 38,structured,1
DEC036_B_deepseek-v3.2,train_kb,conservative_noisy_or_conflict_adjusted,VoltEdge Laptop Plus 38,has_price_usd,1299,voltedge laptop plus 38|has_price_usd|1299,0.98,product_38,structured,structured_row:VoltEdge Laptop Plus 38,structured,1
DEC036_B_deepseek-v3.2,train_kb,conservative_noisy_or_conflict_adjusted,VoltEdge Laptop Plus 38,has_screen_size_inch,15.6,voltedge laptop plus 38|has_screen_size_inch|15.6,0.98,product_38,structured,structured_row:VoltEdge Laptop Plus 38,structured,1
DEC036_B_deepseek-v3.2,train_kb,conservative_noisy_or_conflict_adjusted,VoltEdge Laptop Plus 38,has_ram_gb,12,voltedge laptop plus 38|has_ram_gb|12,0.98,product_38,structured,structured_row:VoltEdge Laptop Plus 38,structured,1
DEC036_B_deepseek-v3.2,train_kb,conservative_noisy_or_conflict_adjusted,VoltEdge Laptop Plus 38,has_storage_gb,512,voltedge laptop plus 38|has_storage_gb|512,0.98,product_38,structured,structured_row:VoltEdge Laptop Plus 38,structured,1
DEC036_B_deepseek-v3.2,train_kb,conservative_noisy_or_conflict_adjusted,VoltEdge Laptop Plus 38,has_battery_life_hours,14,voltedge laptop plus 38|has_battery_life_hours|14,0.98,product_38,structured,structured_row:VoltEdge Laptop Plus 38,structured,1
DEC036_B_deepseek-v3.2,train_kb,conservative_noisy_or_conflict_adjusted,VoltEdge Laptop Plus 38,has_weight_kg,1.8,voltedge laptop plus 38|has_weight_kg|1.8,0.98,product_38,structured,structured_row:VoltEdge Laptop Plus 38,structured,1
DEC036_B_deepseek-v3.2,train_kb,conservative_noisy_or_conflict_adjusted,VoltEdge Laptop Plus 38,has_color,silver,voltedge laptop plus 38|has_color|silver,0.98,product_38,structured,structured_row:VoltEdge Laptop Plus 38,structured,1
DEC036_B_deepseek-v3.2,train_kb,conservative_noisy_or_conflict_adjusted,VoltEdge Laptop Plus 38,made_of_material,carbon fiber,voltedge laptop plus 38|made_of_material|carbon fiber,0.98,product_38,structured,structured_row:VoltEdge Laptop Plus 38,structured,1
DEC036_B_deepseek-v3.2,train_kb,conservative_noisy_or_conflict_adjusted,VoltEdge Laptop Plus 38,target_market_region,APAC,voltedge laptop plus 38|target_market_region|apac,0.98,product_38,structured,structured_row:VoltEdge Laptop Plus 38,structured,1
DEC036_B_deepseek-v3.2,train_kb,conservative_noisy_or_conflict_adjusted,VoltEdge Laptop Plus 38,supports_fast_charging,no,voltedge laptop plus 38|supports_fast_charging|no,0.98,product_38,structured,structured_row:VoltEdge Laptop Plus 38,structured,1
DEC036_B_deepseek-v3.2,train_kb,conservative_noisy_or_conflict_adjusted,VoltEdge Laptop Plus 38,has_noise_cancellation,no,voltedge laptop plus 38|has_noise_cancellation|no,0.98,product_38,structured,structured_row:VoltEdge Laptop Plus 38,structured,1
DEC036_B_deepseek-v3.2,train_kb,conservative_noisy_or_conflict_adjusted,laptop device,belongs_to_category,laptop,laptop device|belongs_to_category|laptop,0.89,product_38,unstructured,LP=0.885605;LPO=0.988578|It is a laptop device. The display measures 15.6 inches. Comes with 12GB of RAM. Offers 512GB of internal storage. Battery lasts up to 14 hours. Weighs approximately 1.8kg. Fast charging is no.,unstructured,1
DEC036_B_deepseek-v3.2,train_kb,conservative_noisy_or_conflict_adjusted,laptop device,has_screen_size_inch,15.6,laptop device|has_screen_size_inch|15.6,0.93,product_38,unstructured,LP=0.999915;LPO=0.999998|It is a laptop device. The display measures 15.6 inches. Comes with 12GB of RAM. Offers 512GB of internal storage. Battery lasts up to 14 hours. Weighs approximately 1.8kg. Fast charging is no.,unstructured,1
DEC036_B_deepseek-v3.2,train_kb,conservative_noisy_or_conflict_adjusted,laptop device,has_ram_gb,12,laptop device|has_ram_gb|12,0.91,product_38,unstructured,LP=0.999996;LPO=0.999995|It is a laptop device. The display measures 15.6 inches. Comes with 12GB of RAM. Offers 512GB of internal storage. Battery lasts up to 14 hours. Weighs approximately 1.8kg. Fast charging is no.,unstructured,1
DEC036_B_deepseek-v3.2,train_kb,conservative_noisy_or_conflict_adjusted,laptop device,has_storage_gb,512,laptop device|has_storage_gb|512,0.92,product_38,unstructured,LP=0.999997;LPO=0.999998|It is a laptop device. The display measures 15.6 inches. Comes with 12GB of RAM. Offers 512GB of internal storage. Battery lasts up to 14 hours. Weighs approximately 1.8kg. Fast charging is no.,unstructured,1
DEC036_B_deepseek-v3.2,train_kb,conservative_noisy_or_conflict_adjusted,laptop device,has_battery_life_hours,14,laptop device|has_battery_life_hours|14,0.88,product_38,unstructured,LP=0.999992;LPO=0.999971|It is a laptop device. The display measures 15.6 inches. Comes with 12GB of RAM. Offers 512GB of internal storage. Battery lasts up to 14 hours. Weighs approximately 1.8kg. Fast charging is no.,unstructured,1
DEC036_B_deepseek-v3.2,train_kb,conservative_noisy_or_conflict_adjusted,laptop device,has_weight_kg,1.8,laptop device|has_weight_kg|1.8,0.9,product_38,unstructured,LP=0.999996;LPO=0.999984|It is a laptop device. The display measures 15.6 inches. Comes with 12GB of RAM. Offers 512GB of internal storage. Battery lasts up to 14 hours. Weighs approximately 1.8kg. Fast charging is no.,unstructured,1
DEC036_B_deepseek-v3.2,train_kb,conservative_noisy_or_conflict_adjusted,laptop device,supports_fast_charging,no,laptop device|supports_fast_charging|no,0.91,product_38,unstructured,LP=0.994920;LPO=0.951399|It is a laptop device. The display measures 15.6 inches. Comes with 12GB of RAM. Offers 512GB of internal storage. Battery lasts up to 14 hours. Weighs approximately 1.8kg. Fast charging is no.,unstructured,1
DEC036_B_deepseek-v3.2,train_kb,conservative_noisy_or_conflict_adjusted,Auralex Laptop Air 40,manufactured_by,Auralex,auralex laptop air 40|manufactured_by|auralex,0.98,product_40,structured,structured_row:Auralex Laptop Air 40,structured,1
DEC036_B_deepseek-v3.2,train_kb,conservative_noisy_or_conflict_adjusted,Auralex Laptop Air 40,belongs_to_category,laptop,auralex laptop air 40|belongs_to_category|laptop,0.98,product_40,structured,structured_row:Auralex Laptop Air 40,structured,1
DEC036_B_deepseek-v3.2,train_kb,conservative_noisy_or_conflict_adjusted,Auralex Laptop Air 40,has_price_usd,1299,auralex laptop air 40|has_price_usd|1299,0.98,product_40,structured,structured_row:Auralex Laptop Air 40,structured,1
DEC036_B_deepseek-v3.2,train_kb,conservative_noisy_or_conflict_adjusted,Auralex Laptop Air 40,has_screen_size_inch,15.6,auralex laptop air 40|has_screen_size_inch|15.6,0.98,product_40,structured,structured_row:Auralex Laptop Air 40,structured,1
DEC036_B_deepseek-v3.2,train_kb,conservative_noisy_or_conflict_adjusted,Auralex Laptop Air 40,has_ram_gb,6,auralex laptop air 40|has_ram_gb|6,0.98,product_40,structured,structured_row:Auralex Laptop Air 40,structured,1
DEC036_B_deepseek-v3.2,train_kb,conservative_noisy_or_conflict_adjusted,Auralex Laptop Air 40,has_storage_gb,512,auralex laptop air 40|has_storage_gb|512,0.98,product_40,structured,structured_row:Auralex Laptop Air 40,structured,1
DEC036_B_deepseek-v3.2,train_kb,conservative_noisy_or_conflict_adjusted,Auralex Laptop Air 40,has_battery_life_hours,20,auralex laptop air 40|has_battery_life_hours|20,0.98,product_40,structured,structured_row:Auralex Laptop Air 40,structured,1
DEC036_B_deepseek-v3.2,train_kb,conservative_noisy_or_conflict_adjusted,Auralex Laptop Air 40,has_weight_kg,1.45,auralex laptop air 40|has_weight_kg|1.45,0.98,product_40,structured,structured_row:Auralex Laptop Air 40,structured,1
DEC036_B_deepseek-v3.2,train_kb,conservative_noisy_or_conflict_adjusted,Auralex Laptop Air 40,has_color,silver,auralex laptop air 40|has_color|silver,0.98,product_40,structured,structured_row:Auralex Laptop Air 40,structured,1
DEC036_B_deepseek-v3.2,train_kb,conservative_noisy_or_conflict_adjusted,Auralex Laptop Air 40,made_of_material,carbon fiber,auralex laptop air 40|made_of_material|carbon fiber,0.98,product_40,structured,structured_row:Auralex Laptop Air 40,structured,1
DEC036_B_deepseek-v3.2,train_kb,conservative_noisy_or_conflict_adjusted,Auralex Laptop Air 40,target_market_region,Global,auralex laptop air 40|target_market_region|global,0.98,product_40,structured,structured_row:Auralex Laptop Air 40,structured,1
DEC036_B_deepseek-v3.2,train_kb,conservative_noisy_or_conflict_adjusted,Auralex Laptop Air 40,supports_fast_charging,no,auralex laptop air 40|supports_fast_charging|no,0.98,product_40,structured,structured_row:Auralex Laptop Air 40,structured,1
DEC036_B_deepseek-v3.2,train_kb,conservative_noisy_or_conflict_adjusted,Auralex Laptop Air 40,has_noise_cancellation,no,auralex laptop air 40|has_noise_cancellation|no,0.98,product_40,structured,structured_row:Auralex Laptop Air 40,structured,1
DEC036_B_deepseek-v3.2,train_kb,conservative_noisy_or_conflict_adjusted,Auralex Laptop Air 40,manufactured_by,Auralex,auralex laptop air 40|manufactured_by|auralex,0.95,product_40,unstructured,LP=0.999993;LPO=0.999977|Auralex Laptop Air 40 is manufactured by Auralex. It is a laptop device. The display measures 15.6 inches. Comes with 6GB of RAM. Offers 512GB of internal storage. Battery lasts up to 20 hours. Weighs approximately 1.45kg.,unstructured,1
DEC036_B_deepseek-v3.2,train_kb,conservative_noisy_or_conflict_adjusted,Auralex Laptop Air 40,belongs_to_category,laptop device,auralex laptop air 40|belongs_to_category|laptop device,0.91,product_40,unstructured,LP=0.984161;LPO=0.923927|Auralex Laptop Air 40 is manufactured by Auralex. It is a laptop device. The display measures 15.6 inches. Comes with 6GB of RAM. Offers 512GB of internal storage. Battery lasts up to 20 hours. Weighs approximately 1.45kg.,unstructured,1
DEC036_B_deepseek-v3.2,train_kb,conservative_noisy_or_conflict_adjusted,Auralex Laptop Air 40,has_screen_size_inch,15.6,auralex laptop air 40|has_screen_size_inch|15.6,0.94,product_40,unstructured,LP=0.999955;LPO=0.999999|Auralex Laptop Air 40 is manufactured by Auralex. It is a laptop device. The display measures 15.6 inches. Comes with 6GB of RAM. Offers 512GB of internal storage. Battery lasts up to 20 hours. Weighs approximately 1.45kg.,unstructured,1
DEC036_B_deepseek-v3.2,train_kb,conservative_noisy_or_conflict_adjusted,Auralex Laptop Air 40,has_ram_gb,6,auralex laptop air 40|has_ram_gb|6,0.93,product_40,unstructured,LP=0.999998;LPO=0.999992|Auralex Laptop Air 40 is manufactured by Auralex. It is a laptop device. The display measures 15.6 inches. Comes with 6GB of RAM. Offers 512GB of internal storage. Battery lasts up to 20 hours. Weighs approximately 1.45kg.,unstructured,1
DEC036_B_deepseek-v3.2,train_kb,conservative_noisy_or_conflict_adjusted,Auralex Laptop Air 40,has_storage_gb,512,auralex laptop air 40|has_storage_gb|512,0.94,product_40,unstructured,LP=0.999998;LPO=1.000000|Auralex Laptop Air 40 is manufactured by Auralex. It is a laptop device. The display measures 15.6 inches. Comes with 6GB of RAM. Offers 512GB of internal storage. Battery lasts up to 20 hours. Weighs approximately 1.45kg.,unstructured,1
DEC036_B_deepseek-v3.2,train_kb,conservative_noisy_or_conflict_adjusted,Auralex Laptop Air 40,has_battery_life_hours,20,auralex laptop air 40|has_battery_life_hours|20,0.92,product_40,unstructured,LP=0.999992;LPO=0.999903|Auralex Laptop Air 40 is manufactured by Auralex. It is a laptop device. The display measures 15.6 inches. Comes with 6GB of RAM. Offers 512GB of internal storage. Battery lasts up to 20 hours. Weighs approximately 1.45kg.,unstructured,1
DEC036_B_deepseek-v3.2,train_kb,conservative_noisy_or_conflict_adjusted,Auralex Laptop Air 40,has_weight_kg,1.45,auralex laptop air 40|has_weight_kg|1.45,0.9,product_40,unstructured,LP=0.999997;LPO=0.999962|Auralex Laptop Air 40 is manufactured by Auralex. It is a laptop device. The display measures 15.6 inches. Comes with 6GB of RAM. Offers 512GB of internal storage. Battery lasts up to 20 hours. Weighs approximately 1.45kg.,unstructured,1
DEC036_B_deepseek-v3.2,train_kb,conservative_noisy_or_conflict_adjusted,NeoTech Laptop Plus 41,manufactured_by,NeoTech,neotech laptop plus 41|manufactured_by|neotech,0.98,product_41,structured,structured_row:NeoTech Laptop Plus 41,structured,1
DEC036_B_deepseek-v3.2,train_kb,conservative_noisy_or_conflict_adjusted,NeoTech Laptop Plus 41,belongs_to_category,laptop,neotech laptop plus 41|belongs_to_category|laptop,0.98,product_41,structured,structured_row:NeoTech Laptop Plus 41,structured,1
DEC036_B_deepseek-v3.2,train_kb,conservative_noisy_or_conflict_adjusted,NeoTech Laptop Plus 41,has_price_usd,1299,neotech laptop plus 41|has_price_usd|1299,0.98,product_41,structured,structured_row:NeoTech Laptop Plus 41,structured,1
DEC036_B_deepseek-v3.2,train_kb,conservative_noisy_or_conflict_adjusted,NeoTech Laptop Plus 41,has_screen_size_inch,10.9,neotech laptop plus 41|has_screen_size_inch|10.9,0.98,product_41,structured,structured_row:NeoTech Laptop Plus 41,structured,1
DEC036_B_deepseek-v3.2,train_kb,conservative_noisy_or_conflict_adjusted,NeoTech Laptop Plus 41,has_ram_gb,12,neotech laptop plus 41|has_ram_gb|12,0.98,product_41,structured,structured_row:NeoTech Laptop Plus 41,structured,1
DEC036_B_deepseek-v3.2,train_kb,conservative_noisy_or_conflict_adjusted,NeoTech Laptop Plus 41,has_storage_gb,1024,neotech laptop plus 41|has_storage_gb|1024,0.98,product_41,structured,structured_row:NeoTech Laptop Plus 41,structured,1
DEC036_B_deepseek-v3.2,train_kb,conservative_noisy_or_conflict_adjusted,NeoTech Laptop Plus 41,has_battery_life_hours,12,neotech laptop plus 41|has_battery_life_hours|12,0.98,product_41,structured,structured_row:NeoTech Laptop Plus 41,structured,1
DEC036_B_deepseek-v3.2,train_kb,conservative_noisy_or_conflict_adjusted,NeoTech Laptop Plus 41,has_weight_kg,0.42,neotech laptop plus 41|has_weight_kg|0.42,0.98,product_41,structured,structured_row:NeoTech Laptop Plus 41,structured,1
DEC036_B_deepseek-v3.2,train_kb,conservative_noisy_or_conflict_adjusted,NeoTech Laptop Plus 41,has_color,green,neotech laptop plus 41|has_color|green,0.98,product_41,structured,structured_row:NeoTech Laptop Plus 41,structured,1
DEC036_B_deepseek-v3.2,train_kb,conservative_noisy_or_conflict_adjusted,NeoTech Laptop Plus 41,made_of_material,plastic,neotech laptop plus 41|made_of_material|plastic,0.98,product_41,structured,structured_row:NeoTech Laptop Plus 41,structured,1
DEC036_B_deepseek-v3.2,train_kb,conservative_noisy_or_conflict_adjusted,NeoTech Laptop Plus 41,target_market_region,Global,neotech laptop plus 41|target_market_region|global,0.98,product_41,structured,structured_row:NeoTech Laptop Plus 41,structured,1
DEC036_B_deepseek-v3.2,train_kb,conservative_noisy_or_conflict_adjusted,NeoTech Laptop Plus 41,supports_fast_charging,no,neotech laptop plus 41|supports_fast_charging|no,0.98,product_41,structured,structured_row:NeoTech Laptop Plus 41,structured,1
DEC036_B_deepseek-v3.2,train_kb,conservative_noisy_or_conflict_adjusted,NeoTech Laptop Plus 41,has_noise_cancellation,no,neotech laptop plus 41|has_noise_cancellation|no,0.98,product_41,structured,structured_row:NeoTech Laptop Plus 41,structured,1
DEC036_B_deepseek-v3.2,train_kb,conservative_noisy_or_conflict_adjusted,It,belongs_to_category,laptop device,it|belongs_to_category|laptop device,0.96,product_41,unstructured,LP=0.825827;LPO=0.730623|It is a laptop device. Priced at 1299 USD. The display measures 10.9 inches. Comes with 12GB of RAM. Built with plastic construction. Fast charging is no. Noise cancellation: no.,unstructured,1
DEC036_B_deepseek-v3.2,train_kb,conservative_noisy_or_conflict_adjusted,It,has_price_usd,1299,it|has_price_usd|1299,0.95,product_41,unstructured,LP=0.999936;LPO=0.999991|It is a laptop device. Priced at 1299 USD. The display measures 10.9 inches. Comes with 12GB of RAM. Built with plastic construction. Fast charging is no. Noise cancellation: no.,unstructured,1
DEC036_B_deepseek-v3.2,train_kb,conservative_noisy_or_conflict_adjusted,It,has_screen_size_inch,10.9,it|has_screen_size_inch|10.9,0.94,product_41,unstructured,LP=0.999973;LPO=0.999994|It is a laptop device. Priced at 1299 USD. The display measures 10.9 inches. Comes with 12GB of RAM. Built with plastic construction. Fast charging is no. Noise cancellation: no.,unstructured,1
DEC036_B_deepseek-v3.2,train_kb,conservative_noisy_or_conflict_adjusted,It,has_ram_gb,12,it|has_ram_gb|12,0.95,product_41,unstructured,LP=0.999997;LPO=0.999999|It is a laptop device. Priced at 1299 USD. The display measures 10.9 inches. Comes with 12GB of RAM. Built with plastic construction. Fast charging is no. Noise cancellation: no.,unstructured,1
DEC036_B_deepseek-v3.2,train_kb,conservative_noisy_or_conflict_adjusted,It,made_of_material,plastic,it|made_of_material|plastic,0.93,product_41,unstructured,LP=0.999970;LPO=0.999977|It is a laptop device. Priced at 1299 USD. The display measures 10.9 inches. Comes with 12GB of RAM. Built with plastic construction. Fast charging is no. Noise cancellation: no.,unstructured,1
DEC036_B_deepseek-v3.2,train_kb,conservative_noisy_or_conflict_adjusted,It,supports_fast_charging,no,it|supports_fast_charging|no,0.92,product_41,unstructured,LP=0.998843;LPO=0.990865|It is a laptop device. Priced at 1299 USD. The display measures 10.9 inches. Comes with 12GB of RAM. Built with plastic construction. Fast charging is no. Noise cancellation: no.,unstructured,1
DEC036_B_deepseek-v3.2,train_kb,conservative_noisy_or_conflict_adjusted,It,has_noise_cancellation,no,it|has_noise_cancellation|no,0.92,product_41,unstructured,LP=0.999997;LPO=0.999998|It is a laptop device. Priced at 1299 USD. The display measures 10.9 inches. Comes with 12GB of RAM. Built with plastic construction. Fast charging is no. Noise cancellation: no.,unstructured,1
DEC036_B_deepseek-v3.2,train_kb,conservative_noisy_or_conflict_adjusted,TechNova Smartphone Max 42,manufactured_by,TechNova,technova smartphone max 42|manufactured_by|technova,0.98,product_42,structured,structured_row:TechNova Smartphone Max 42,structured,1
DEC036_B_deepseek-v3.2,train_kb,conservative_noisy_or_conflict_adjusted,TechNova Smartphone Max 42,belongs_to_category,smartphone,technova smartphone max 42|belongs_to_category|smartphone,0.98,product_42,structured,structured_row:TechNova Smartphone Max 42,structured,1
DEC036_B_deepseek-v3.2,train_kb,conservative_noisy_or_conflict_adjusted,TechNova Smartphone Max 42,has_price_usd,349,technova smartphone max 42|has_price_usd|349,0.98,product_42,structured,structured_row:TechNova Smartphone Max 42,structured,1
DEC036_B_deepseek-v3.2,train_kb,conservative_noisy_or_conflict_adjusted,TechNova Smartphone Max 42,has_screen_size_inch,14.0,technova smartphone max 42|has_screen_size_inch|14.0,0.98,product_42,structured,structured_row:TechNova Smartphone Max 42,structured,1
DEC036_B_deepseek-v3.2,train_kb,conservative_noisy_or_conflict_adjusted,TechNova Smartphone Max 42,has_ram_gb,12,technova smartphone max 42|has_ram_gb|12,0.98,product_42,structured,structured_row:TechNova Smartphone Max 42,structured,1
DEC036_B_deepseek-v3.2,train_kb,conservative_noisy_or_conflict_adjusted,TechNova Smartphone Max 42,has_storage_gb,256,technova smartphone max 42|has_storage_gb|256,0.98,product_42,structured,structured_row:TechNova Smartphone Max 42,structured,1
DEC036_B_deepseek-v3.2,train_kb,conservative_noisy_or_conflict_adjusted,TechNova Smartphone Max 42,has_battery_life_hours,20,technova smartphone max 42|has_battery_life_hours|20,0.98,product_42,structured,structured_row:TechNova Smartphone Max 42,structured,1
DEC036_B_deepseek-v3.2,train_kb,conservative_noisy_or_conflict_adjusted,TechNova Smartphone Max 42,has_weight_kg,1.2,technova smartphone max 42|has_weight_kg|1.2,0.98,product_42,structured,structured_row:TechNova Smartphone Max 42,structured,1
DEC036_B_deepseek-v3.2,train_kb,conservative_noisy_or_conflict_adjusted,TechNova Smartphone Max 42,has_color,green,technova smartphone max 42|has_color|green,0.98,product_42,structured,structured_row:TechNova Smartphone Max 42,structured,1
DEC036_B_deepseek-v3.2,train_kb,conservative_noisy_or_conflict_adjusted,TechNova Smartphone Max 42,made_of_material,carbon fiber,technova smartphone max 42|made_of_material|carbon fiber,0.98,product_42,structured,structured_row:TechNova Smartphone Max 42,structured,1
DEC036_B_deepseek-v3.2,train_kb,conservative_noisy_or_conflict_adjusted,TechNova Smartphone Max 42,target_market_region,US,technova smartphone max 42|target_market_region|us,0.98,product_42,structured,structured_row:TechNova Smartphone Max 42,structured,1
DEC036_B_deepseek-v3.2,train_kb,conservative_noisy_or_conflict_adjusted,TechNova Smartphone Max 42,supports_fast_charging,no,technova smartphone max 42|supports_fast_charging|no,0.98,product_42,structured,structured_row:TechNova Smartphone Max 42,structured,1
DEC036_B_deepseek-v3.2,train_kb,conservative_noisy_or_conflict_adjusted,TechNova Smartphone Max 42,has_noise_cancellation,no,technova smartphone max 42|has_noise_cancellation|no,0.98,product_42,structured,structured_row:TechNova Smartphone Max 42,structured,1
DEC036_B_deepseek-v3.2,train_kb,conservative_noisy_or_conflict_adjusted,smartphone device,has_price_usd,349,smartphone device|has_price_usd|349,0.92,product_42,unstructured,LP=0.955416;LPO=0.999982|It is a smartphone device. Priced at 349 USD. The display measures 14.0 inches. Comes with 12GB of RAM. Offers 256GB of internal storage. Weighs approximately 1.2kg. Fast charging is no.,unstructured,1
DEC036_B_deepseek-v3.2,train_kb,conservative_noisy_or_conflict_adjusted,smartphone device,has_screen_size_inch,14.0,smartphone device|has_screen_size_inch|14.0,0.93,product_42,unstructured,LP=0.999867;LPO=0.999386|It is a smartphone device. Priced at 349 USD. The display measures 14.0 inches. Comes with 12GB of RAM. Offers 256GB of internal storage. Weighs approximately 1.2kg. Fast charging is no.,unstructured,1
DEC036_B_deepseek-v3.2,train_kb,conservative_noisy_or_conflict_adjusted,smartphone device,has_ram_gb,12,smartphone device|has_ram_gb|12,0.94,product_42,unstructured,LP=0.999999;LPO=0.999997|It is a smartphone device. Priced at 349 USD. The display measures 14.0 inches. Comes with 12GB of RAM. Offers 256GB of internal storage. Weighs approximately 1.2kg. Fast charging is no.,unstructured,1
DEC036_B_deepseek-v3.2,train_kb,conservative_noisy_or_conflict_adjusted,smartphone device,has_storage_gb,256,smartphone device|has_storage_gb|256,0.94,product_42,unstructured,LP=0.999999;LPO=0.999999|It is a smartphone device. Priced at 349 USD. The display measures 14.0 inches. Comes with 12GB of RAM. Offers 256GB of internal storage. Weighs approximately 1.2kg. Fast charging is no.,unstructured,1
DEC036_B_deepseek-v3.2,train_kb,conservative_noisy_or_conflict_adjusted,smartphone device,has_weight_kg,1.2,smartphone device|has_weight_kg|1.2,0.9,product_42,unstructured,LP=0.999991;LPO=0.999973|It is a smartphone device. Priced at 349 USD. The display measures 14.0 inches. Comes with 12GB of RAM. Offers 256GB of internal storage. Weighs approximately 1.2kg. Fast charging is no.,unstructured,1
DEC036_B_deepseek-v3.2,train_kb,conservative_noisy_or_conflict_adjusted,smartphone device,supports_fast_charging,no,smartphone device|supports_fast_charging|no,0.91,product_42,unstructured,LP=0.994630;LPO=0.948775|It is a smartphone device. Priced at 349 USD. The display measures 14.0 inches. Comes with 12GB of RAM. Offers 256GB of internal storage. Weighs approximately 1.2kg. Fast charging is no.,unstructured,1
DEC036_B_deepseek-v3.2,train_kb,conservative_noisy_or_conflict_adjusted,TechNova Smartphone Pro 43,manufactured_by,TechNova,technova smartphone pro 43|manufactured_by|technova,0.98,product_43,structured,structured_row:TechNova Smartphone Pro 43,structured,1
DEC036_B_deepseek-v3.2,train_kb,conservative_noisy_or_conflict_adjusted,TechNova Smartphone Pro 43,belongs_to_category,smartphone,technova smartphone pro 43|belongs_to_category|smartphone,0.98,product_43,structured,structured_row:TechNova Smartphone Pro 43,structured,1
DEC036_B_deepseek-v3.2,train_kb,conservative_noisy_or_conflict_adjusted,TechNova Smartphone Pro 43,has_price_usd,199,technova smartphone pro 43|has_price_usd|199,0.98,product_43,structured,structured_row:TechNova Smartphone Pro 43,structured,1
DEC036_B_deepseek-v3.2,train_kb,conservative_noisy_or_conflict_adjusted,TechNova Smartphone Pro 43,has_screen_size_inch,13.3,technova smartphone pro 43|has_screen_size_inch|13.3,0.98,product_43,structured,structured_row:TechNova Smartphone Pro 43,structured,1
DEC036_B_deepseek-v3.2,train_kb,conservative_noisy_or_conflict_adjusted,TechNova Smartphone Pro 43,has_ram_gb,8,technova smartphone pro 43|has_ram_gb|8,0.98,product_43,structured,structured_row:TechNova Smartphone Pro 43,structured,1
DEC036_B_deepseek-v3.2,train_kb,conservative_noisy_or_conflict_adjusted,TechNova Smartphone Pro 43,has_storage_gb,128,technova smartphone pro 43|has_storage_gb|128,0.98,product_43,structured,structured_row:TechNova Smartphone Pro 43,structured,1
DEC036_B_deepseek-v3.2,train_kb,conservative_noisy_or_conflict_adjusted,TechNova Smartphone Pro 43,has_battery_life_hours,20,technova smartphone pro 43|has_battery_life_hours|20,0.98,product_43,structured,structured_row:TechNova Smartphone Pro 43,structured,1
DEC036_B_deepseek-v3.2,train_kb,conservative_noisy_or_conflict_adjusted,TechNova Smartphone Pro 43,has_weight_kg,1.8,technova smartphone pro 43|has_weight_kg|1.8,0.98,product_43,structured,structured_row:TechNova Smartphone Pro 43,structured,1
DEC036_B_deepseek-v3.2,train_kb,conservative_noisy_or_conflict_adjusted,TechNova Smartphone Pro 43,has_color,green,technova smartphone pro 43|has_color|green,0.98,product_43,structured,structured_row:TechNova Smartphone Pro 43,structured,1
DEC036_B_deepseek-v3.2,train_kb,conservative_noisy_or_conflict_adjusted,TechNova Smartphone Pro 43,made_of_material,aluminum,technova smartphone pro 43|made_of_material|aluminum,0.98,product_43,structured,structured_row:TechNova Smartphone Pro 43,structured,1
DEC036_B_deepseek-v3.2,train_kb,conservative_noisy_or_conflict_adjusted,TechNova Smartphone Pro 43,target_market_region,APAC,technova smartphone pro 43|target_market_region|apac,0.98,product_43,structured,structured_row:TechNova Smartphone Pro 43,structured,1
DEC036_B_deepseek-v3.2,train_kb,conservative_noisy_or_conflict_adjusted,TechNova Smartphone Pro 43,supports_fast_charging,no,technova smartphone pro 43|supports_fast_charging|no,0.98,product_43,structured,structured_row:TechNova Smartphone Pro 43,structured,1
DEC036_B_deepseek-v3.2,train_kb,conservative_noisy_or_conflict_adjusted,TechNova Smartphone Pro 43,has_noise_cancellation,no,technova smartphone pro 43|has_noise_cancellation|no,0.98,product_43,structured,structured_row:TechNova Smartphone Pro 43,structured,1
DEC036_B_deepseek-v3.2,train_kb,conservative_noisy_or_conflict_adjusted,TechNova Smartphone Pro 43,manufactured_by,TechNova,technova smartphone pro 43|manufactured_by|technova,0.96,product_43,unstructured,LP=0.999996;LPO=0.999996|TechNova Smartphone Pro 43 is manufactured by TechNova. It is a smartphone device. The display measures 13.3 inches. Comes with 8GB of RAM. Weighs approximately 1.8kg. Available in green. Built with aluminum construction.,unstructured,1
DEC036_B_deepseek-v3.2,train_kb,conservative_noisy_or_conflict_adjusted,TechNova Smartphone Pro 43,belongs_to_category,smartphone,technova smartphone pro 43|belongs_to_category|smartphone,0.9,product_43,unstructured,LP=0.977850;LPO=0.999777|TechNova Smartphone Pro 43 is manufactured by TechNova. It is a smartphone device. The display measures 13.3 inches. Comes with 8GB of RAM. Weighs approximately 1.8kg. Available in green. Built with aluminum construction.,unstructured,1
DEC036_B_deepseek-v3.2,train_kb,conservative_noisy_or_conflict_adjusted,TechNova Smartphone Pro 43,has_screen_size_inch,13.3,technova smartphone pro 43|has_screen_size_inch|13.3,0.93,product_43,unstructured,LP=0.999942;LPO=0.999985|TechNova Smartphone Pro 43 is manufactured by TechNova. It is a smartphone device. The display measures 13.3 inches. Comes with 8GB of RAM. Weighs approximately 1.8kg. Available in green. Built with aluminum construction.,unstructured,1
DEC036_B_deepseek-v3.2,train_kb,conservative_noisy_or_conflict_adjusted,TechNova Smartphone Pro 43,has_ram_gb,8,technova smartphone pro 43|has_ram_gb|8,0.92,product_43,unstructured,LP=0.999991;LPO=0.999999|TechNova Smartphone Pro 43 is manufactured by TechNova. It is a smartphone device. The display measures 13.3 inches. Comes with 8GB of RAM. Weighs approximately 1.8kg. Available in green. Built with aluminum construction.,unstructured,1
DEC036_B_deepseek-v3.2,train_kb,conservative_noisy_or_conflict_adjusted,TechNova Smartphone Pro 43,has_weight_kg,1.8,technova smartphone pro 43|has_weight_kg|1.8,0.9,product_43,unstructured,LP=0.999992;LPO=0.999936|TechNova Smartphone Pro 43 is manufactured by TechNova. It is a smartphone device. The display measures 13.3 inches. Comes with 8GB of RAM. Weighs approximately 1.8kg. Available in green. Built with aluminum construction.,unstructured,1
DEC036_B_deepseek-v3.2,train_kb,conservative_noisy_or_conflict_adjusted,TechNova Smartphone Pro 43,has_color,green,technova smartphone pro 43|has_color|green,0.91,product_43,unstructured,LP=0.999998;LPO=0.999998|TechNova Smartphone Pro 43 is manufactured by TechNova. It is a smartphone device. The display measures 13.3 inches. Comes with 8GB of RAM. Weighs approximately 1.8kg. Available in green. Built with aluminum construction.,unstructured,1
DEC036_B_deepseek-v3.2,train_kb,conservative_noisy_or_conflict_adjusted,TechNova Smartphone Pro 43,made_of_material,aluminum,technova smartphone pro 43|made_of_material|aluminum,0.92,product_43,unstructured,LP=0.999995;LPO=0.999986|TechNova Smartphone Pro 43 is manufactured by TechNova. It is a smartphone device. The display measures 13.3 inches. Comes with 8GB of RAM. Weighs approximately 1.8kg. Available in green. Built with aluminum construction.,unstructured,1
DEC036_B_deepseek-v3.2,train_kb,conservative_noisy_or_conflict_adjusted,PixelWare Headphones Pro 44,manufactured_by,PixelWare,pixelware headphones pro 44|manufactured_by|pixelware,0.98,product_44,structured,structured_row:PixelWare Headphones Pro 44,structured,1
DEC036_B_deepseek-v3.2,train_kb,conservative_noisy_or_conflict_adjusted,PixelWare Headphones Pro 44,belongs_to_category,headphones,pixelware headphones pro 44|belongs_to_category|headphones,0.98,product_44,structured,structured_row:PixelWare Headphones Pro 44,structured,1
DEC036_B_deepseek-v3.2,train_kb,conservative_noisy_or_conflict_adjusted,PixelWare Headphones Pro 44,has_price_usd,249,pixelware headphones pro 44|has_price_usd|249,0.98,product_44,structured,structured_row:PixelWare Headphones Pro 44,structured,1
DEC036_B_deepseek-v3.2,train_kb,conservative_noisy_or_conflict_adjusted,PixelWare Headphones Pro 44,has_screen_size_inch,11.0,pixelware headphones pro 44|has_screen_size_inch|11.0,0.98,product_44,structured,structured_row:PixelWare Headphones Pro 44,structured,1
DEC036_B_deepseek-v3.2,train_kb,conservative_noisy_or_conflict_adjusted,PixelWare Headphones Pro 44,has_ram_gb,12,pixelware headphones pro 44|has_ram_gb|12,0.98,product_44,structured,structured_row:PixelWare Headphones Pro 44,structured,1
DEC036_B_deepseek-v3.2,train_kb,conservative_noisy_or_conflict_adjusted,PixelWare Headphones Pro 44,has_storage_gb,64,pixelware headphones pro 44|has_storage_gb|64,0.98,product_44,structured,structured_row:PixelWare Headphones Pro 44,structured,1
DEC036_B_deepseek-v3.2,train_kb,conservative_noisy_or_conflict_adjusted,PixelWare Headphones Pro 44,has_battery_life_hours,18,pixelware headphones pro 44|has_battery_life_hours|18,0.98,product_44,structured,structured_row:PixelWare Headphones Pro 44,structured,1
DEC036_B_deepseek-v3.2,train_kb,conservative_noisy_or_conflict_adjusted,PixelWare Headphones Pro 44,has_weight_kg,1.45,pixelware headphones pro 44|has_weight_kg|1.45,0.98,product_44,structured,structured_row:PixelWare Headphones Pro 44,structured,1
DEC036_B_deepseek-v3.2,train_kb,conservative_noisy_or_conflict_adjusted,PixelWare Headphones Pro 44,has_color,black,pixelware headphones pro 44|has_color|black,0.98,product_44,structured,structured_row:PixelWare Headphones Pro 44,structured,1
DEC036_B_deepseek-v3.2,train_kb,conservative_noisy_or_conflict_adjusted,PixelWare Headphones Pro 44,made_of_material,plastic,pixelware headphones pro 44|made_of_material|plastic,0.98,product_44,structured,structured_row:PixelWare Headphones Pro 44,structured,1
DEC036_B_deepseek-v3.2,train_kb,conservative_noisy_or_conflict_adjusted,PixelWare Headphones Pro 44,target_market_region,Global,pixelware headphones pro 44|target_market_region|global,0.98,product_44,structured,structured_row:PixelWare Headphones Pro 44,structured,1
DEC036_B_deepseek-v3.2,train_kb,conservative_noisy_or_conflict_adjusted,PixelWare Headphones Pro 44,supports_fast_charging,yes,pixelware headphones pro 44|supports_fast_charging|yes,0.98,product_44,structured,structured_row:PixelWare Headphones Pro 44,structured,1
DEC036_B_deepseek-v3.2,train_kb,conservative_noisy_or_conflict_adjusted,PixelWare Headphones Pro 44,has_noise_cancellation,yes,pixelware headphones pro 44|has_noise_cancellation|yes,0.98,product_44,structured,structured_row:PixelWare Headphones Pro 44,structured,1
DEC036_B_deepseek-v3.2,train_kb,conservative_noisy_or_conflict_adjusted,It,belongs_to_category,headphones,it|belongs_to_category|headphones,0.93,product_44,unstructured,LP=0.888687;LPO=0.998332|It is a headphones device. Priced at 249 USD. The display measures 11.0 inches. Comes with 12GB of RAM. Built with plastic construction. Targeted at the Global market. Fast charging is yes.,unstructured,1
DEC036_B_deepseek-v3.2,train_kb,conservative_noisy_or_conflict_adjusted,It,has_price_usd,249,it|has_price_usd|249,0.95,product_44,unstructured,LP=0.999587;LPO=0.999985|It is a headphones device. Priced at 249 USD. The display measures 11.0 inches. Comes with 12GB of RAM. Built with plastic construction. Targeted at the Global market. Fast charging is yes.,unstructured,1
DEC036_B_deepseek-v3.2,train_kb,conservative_noisy_or_conflict_adjusted,It,has_screen_size_inch,11.0,it|has_screen_size_inch|11.0,0.94,product_44,unstructured,LP=0.990542;LPO=0.999696|It is a headphones device. Priced at 249 USD. The display measures 11.0 inches. Comes with 12GB of RAM. Built with plastic construction. Targeted at the Global market. Fast charging is yes.,unstructured,1
DEC036_B_deepseek-v3.2,train_kb,conservative_noisy_or_conflict_adjusted,It,has_ram_gb,12,it|has_ram_gb|12,0.95,product_44,unstructured,LP=0.999993;LPO=0.999998|It is a headphones device. Priced at 249 USD. The display measures 11.0 inches. Comes with 12GB of RAM. Built with plastic construction. Targeted at the Global market. Fast charging is yes.,unstructured,1
DEC036_B_deepseek-v3.2,train_kb,conservative_noisy_or_conflict_adjusted,It,made_of_material,plastic,it|made_of_material|plastic,0.9,product_44,unstructured,LP=0.999944;LPO=0.999929|It is a headphones device. Priced at 249 USD. The display measures 11.0 inches. Comes with 12GB of RAM. Built with plastic construction. Targeted at the Global market. Fast charging is yes.,unstructured,1
DEC036_B_deepseek-v3.2,train_kb,conservative_noisy_or_conflict_adjusted,It,target_market_region,Global,it|target_market_region|global,0.93,product_44,unstructured,LP=0.999964;LPO=0.999794|It is a headphones device. Priced at 249 USD. The display measures 11.0 inches. Comes with 12GB of RAM. Built with plastic construction. Targeted at the Global market. Fast charging is yes.,unstructured,1
DEC036_B_deepseek-v3.2,train_kb,conservative_noisy_or_conflict_adjusted,It,supports_fast_charging,yes,it|supports_fast_charging|yes,0.92,product_44,unstructured,LP=0.999433;LPO=0.995554|It is a headphones device. Priced at 249 USD. The display measures 11.0 inches. Comes with 12GB of RAM. Built with plastic construction. Targeted at the Global market. Fast charging is yes.,unstructured,1
DEC036_B_deepseek-v3.2,train_kb,conservative_noisy_or_conflict_adjusted,Zenbyte Tablet Plus 45,manufactured_by,Zenbyte,zenbyte tablet plus 45|manufactured_by|zenbyte,0.98,product_45,structured,structured_row:Zenbyte Tablet Plus 45,structured,1
DEC036_B_deepseek-v3.2,train_kb,conservative_noisy_or_conflict_adjusted,Zenbyte Tablet Plus 45,belongs_to_category,tablet,zenbyte tablet plus 45|belongs_to_category|tablet,0.98,product_45,structured,structured_row:Zenbyte Tablet Plus 45,structured,1
DEC036_B_deepseek-v3.2,train_kb,conservative_noisy_or_conflict_adjusted,Zenbyte Tablet Plus 45,has_price_usd,899,zenbyte tablet plus 45|has_price_usd|899,0.98,product_45,structured,structured_row:Zenbyte Tablet Plus 45,structured,1
DEC036_B_deepseek-v3.2,train_kb,conservative_noisy_or_conflict_adjusted,Zenbyte Tablet Plus 45,has_screen_size_inch,11.0,zenbyte tablet plus 45|has_screen_size_inch|11.0,0.98,product_45,structured,structured_row:Zenbyte Tablet Plus 45,structured,1
DEC036_B_deepseek-v3.2,train_kb,conservative_noisy_or_conflict_adjusted,Zenbyte Tablet Plus 45,has_ram_gb,12,zenbyte tablet plus 45|has_ram_gb|12,0.98,product_45,structured,structured_row:Zenbyte Tablet Plus 45,structured,1
DEC036_B_deepseek-v3.2,train_kb,conservative_noisy_or_conflict_adjusted,Zenbyte Tablet Plus 45,has_storage_gb,256,zenbyte tablet plus 45|has_storage_gb|256,0.98,product_45,structured,structured_row:Zenbyte Tablet Plus 45,structured,1
DEC036_B_deepseek-v3.2,train_kb,conservative_noisy_or_conflict_adjusted,Zenbyte Tablet Plus 45,has_battery_life_hours,24,zenbyte tablet plus 45|has_battery_life_hours|24,0.98,product_45,structured,structured_row:Zenbyte Tablet Plus 45,structured,1
DEC036_B_deepseek-v3.2,train_kb,conservative_noisy_or_conflict_adjusted,Zenbyte Tablet Plus 45,has_weight_kg,1.2,zenbyte tablet plus 45|has_weight_kg|1.2,0.98,product_45,structured,structured_row:Zenbyte Tablet Plus 45,structured,1
DEC036_B_deepseek-v3.2,train_kb,conservative_noisy_or_conflict_adjusted,Zenbyte Tablet Plus 45,has_color,green,zenbyte tablet plus 45|has_color|green,0.98,product_45,structured,structured_row:Zenbyte Tablet Plus 45,structured,1
DEC036_B_deepseek-v3.2,train_kb,conservative_noisy_or_conflict_adjusted,Zenbyte Tablet Plus 45,made_of_material,carbon fiber,zenbyte tablet plus 45|made_of_material|carbon fiber,0.98,product_45,structured,structured_row:Zenbyte Tablet Plus 45,structured,1
DEC036_B_deepseek-v3.2,train_kb,conservative_noisy_or_conflict_adjusted,Zenbyte Tablet Plus 45,target_market_region,US,zenbyte tablet plus 45|target_market_region|us,0.98,product_45,structured,structured_row:Zenbyte Tablet Plus 45,structured,1
DEC036_B_deepseek-v3.2,train_kb,conservative_noisy_or_conflict_adjusted,Zenbyte Tablet Plus 45,supports_fast_charging,no,zenbyte tablet plus 45|supports_fast_charging|no,0.98,product_45,structured,structured_row:Zenbyte Tablet Plus 45,structured,1
DEC036_B_deepseek-v3.2,train_kb,conservative_noisy_or_conflict_adjusted,Zenbyte Tablet Plus 45,has_noise_cancellation,no,zenbyte tablet plus 45|has_noise_cancellation|no,0.98,product_45,structured,structured_row:Zenbyte Tablet Plus 45,structured,1
DEC036_B_deepseek-v3.2,train_kb,conservative_noisy_or_conflict_adjusted,Zenbyte Tablet Plus 45,manufactured_by,Zenbyte,zenbyte tablet plus 45|manufactured_by|zenbyte,0.96,product_45,unstructured,LP=0.999995;LPO=0.999996|Zenbyte Tablet Plus 45 is manufactured by Zenbyte. It is a tablet device. The display measures 11.0 inches. Comes with 12GB of RAM. Offers 256GB of internal storage. Built with carbon fiber construction. Fast charging is no.,unstructured,1
DEC036_B_deepseek-v3.2,train_kb,conservative_noisy_or_conflict_adjusted,Zenbyte Tablet Plus 45,belongs_to_category,tablet,zenbyte tablet plus 45|belongs_to_category|tablet,0.91,product_45,unstructured,LP=0.968253;LPO=0.999807|Zenbyte Tablet Plus 45 is manufactured by Zenbyte. It is a tablet device. The display measures 11.0 inches. Comes with 12GB of RAM. Offers 256GB of internal storage. Built with carbon fiber construction. Fast charging is no.,unstructured,1
DEC036_B_deepseek-v3.2,train_kb,conservative_noisy_or_conflict_adjusted,Zenbyte Tablet Plus 45,has_screen_size_inch,11.0,zenbyte tablet plus 45|has_screen_size_inch|11.0,0.93,product_45,unstructured,LP=0.999966;LPO=0.999732|Zenbyte Tablet Plus 45 is manufactured by Zenbyte. It is a tablet device. The display measures 11.0 inches. Comes with 12GB of RAM. Offers 256GB of internal storage. Built with carbon fiber construction. Fast charging is no.,unstructured,1
DEC036_B_deepseek-v3.2,train_kb,conservative_noisy_or_conflict_adjusted,Zenbyte Tablet Plus 45,has_ram_gb,12,zenbyte tablet plus 45|has_ram_gb|12,0.94,product_45,unstructured,LP=0.999998;LPO=0.999999|Zenbyte Tablet Plus 45 is manufactured by Zenbyte. It is a tablet device. The display measures 11.0 inches. Comes with 12GB of RAM. Offers 256GB of internal storage. Built with carbon fiber construction. Fast charging is no.,unstructured,1
DEC036_B_deepseek-v3.2,train_kb,conservative_noisy_or_conflict_adjusted,Zenbyte Tablet Plus 45,has_storage_gb,256,zenbyte tablet plus 45|has_storage_gb|256,0.94,product_45,unstructured,LP=0.999999;LPO=1.000000|Zenbyte Tablet Plus 45 is manufactured by Zenbyte. It is a tablet device. The display measures 11.0 inches. Comes with 12GB of RAM. Offers 256GB of internal storage. Built with carbon fiber construction. Fast charging is no.,unstructured,1
DEC036_B_deepseek-v3.2,train_kb,conservative_noisy_or_conflict_adjusted,Zenbyte Tablet Plus 45,made_of_material,carbon fiber,zenbyte tablet plus 45|made_of_material|carbon fiber,0.92,product_45,unstructured,LP=0.999859;LPO=0.999976|Zenbyte Tablet Plus 45 is manufactured by Zenbyte. It is a tablet device. The display measures 11.0 inches. Comes with 12GB of RAM. Offers 256GB of internal storage. Built with carbon fiber construction. Fast charging is no.,unstructured,1
DEC036_B_deepseek-v3.2,train_kb,conservative_noisy_or_conflict_adjusted,Zenbyte Tablet Plus 45,supports_fast_charging,no,zenbyte tablet plus 45|supports_fast_charging|no,0.91,product_45,unstructured,LP=0.996954;LPO=0.961152|Zenbyte Tablet Plus 45 is manufactured by Zenbyte. It is a tablet device. The display measures 11.0 inches. Comes with 12GB of RAM. Offers 256GB of internal storage. Built with carbon fiber construction. Fast charging is no.,unstructured,1
DEC036_B_deepseek-v3.2,train_kb,conservative_noisy_or_conflict_adjusted,NeoTech Laptop Max 46,manufactured_by,NeoTech,neotech laptop max 46|manufactured_by|neotech,0.98,product_46,structured,structured_row:NeoTech Laptop Max 46,structured,1
DEC036_B_deepseek-v3.2,train_kb,conservative_noisy_or_conflict_adjusted,NeoTech Laptop Max 46,belongs_to_category,laptop,neotech laptop max 46|belongs_to_category|laptop,0.98,product_46,structured,structured_row:NeoTech Laptop Max 46,structured,1
DEC036_B_deepseek-v3.2,train_kb,conservative_noisy_or_conflict_adjusted,NeoTech Laptop Max 46,has_price_usd,1299,neotech laptop max 46|has_price_usd|1299,0.98,product_46,structured,structured_row:NeoTech Laptop Max 46,structured,1
DEC036_B_deepseek-v3.2,train_kb,conservative_noisy_or_conflict_adjusted,NeoTech Laptop Max 46,has_screen_size_inch,6.1,neotech laptop max 46|has_screen_size_inch|6.1,0.98,product_46,structured,structured_row:NeoTech Laptop Max 46,structured,1
DEC036_B_deepseek-v3.2,train_kb,conservative_noisy_or_conflict_adjusted,NeoTech Laptop Max 46,has_ram_gb,6,neotech laptop max 46|has_ram_gb|6,0.98,product_46,structured,structured_row:NeoTech Laptop Max 46,structured,1
DEC036_B_deepseek-v3.2,train_kb,conservative_noisy_or_conflict_adjusted,NeoTech Laptop Max 46,has_storage_gb,64,neotech laptop max 46|has_storage_gb|64,0.98,product_46,structured,structured_row:NeoTech Laptop Max 46,structured,1
DEC036_B_deepseek-v3.2,train_kb,conservative_noisy_or_conflict_adjusted,NeoTech Laptop Max 46,has_battery_life_hours,14,neotech laptop max 46|has_battery_life_hours|14,0.98,product_46,structured,structured_row:NeoTech Laptop Max 46,structured,1
DEC036_B_deepseek-v3.2,train_kb,conservative_noisy_or_conflict_adjusted,NeoTech Laptop Max 46,has_weight_kg,0.55,neotech laptop max 46|has_weight_kg|0.55,0.98,product_46,structured,structured_row:NeoTech Laptop Max 46,structured,1
DEC036_B_deepseek-v3.2,train_kb,conservative_noisy_or_conflict_adjusted,NeoTech Laptop Max 46,has_color,black,neotech laptop max 46|has_color|black,0.98,product_46,structured,structured_row:NeoTech Laptop Max 46,structured,1
DEC036_B_deepseek-v3.2,train_kb,conservative_noisy_or_conflict_adjusted,NeoTech Laptop Max 46,made_of_material,aluminum,neotech laptop max 46|made_of_material|aluminum,0.98,product_46,structured,structured_row:NeoTech Laptop Max 46,structured,1
DEC036_B_deepseek-v3.2,train_kb,conservative_noisy_or_conflict_adjusted,NeoTech Laptop Max 46,target_market_region,US,neotech laptop max 46|target_market_region|us,0.98,product_46,structured,structured_row:NeoTech Laptop Max 46,structured,1
DEC036_B_deepseek-v3.2,train_kb,conservative_noisy_or_conflict_adjusted,NeoTech Laptop Max 46,supports_fast_charging,no,neotech laptop max 46|supports_fast_charging|no,0.98,product_46,structured,structured_row:NeoTech Laptop Max 46,structured,1
DEC036_B_deepseek-v3.2,train_kb,conservative_noisy_or_conflict_adjusted,NeoTech Laptop Max 46,has_noise_cancellation,no,neotech laptop max 46|has_noise_cancellation|no,0.98,product_46,structured,structured_row:NeoTech Laptop Max 46,structured,1
DEC036_B_deepseek-v3.2,train_kb,conservative_noisy_or_conflict_adjusted,NeoTech Laptop Max 46,manufactured_by,NeoTech,neotech laptop max 46|manufactured_by|neotech,0.94,product_46,unstructured,LP=0.999968;LPO=0.999998|NeoTech Laptop Max 46 is manufactured by NeoTech. The display measures 6.1 inches. Comes with 6GB of RAM. Weighs approximately 0.55kg. Built with aluminum construction. Fast charging is no. Noise cancellation: no.,unstructured,1
DEC036_B_deepseek-v3.2,train_kb,conservative_noisy_or_conflict_adjusted,NeoTech Laptop Max 46,has_screen_size_inch,6.1,neotech laptop max 46|has_screen_size_inch|6.1,0.91,product_46,unstructured,LP=0.999953;LPO=0.999976|NeoTech Laptop Max 46 is manufactured by NeoTech. The display measures 6.1 inches. Comes with 6GB of RAM. Weighs approximately 0.55kg. Built with aluminum construction. Fast charging is no. Noise cancellation: no.,unstructured,1
DEC036_B_deepseek-v3.2,train_kb,conservative_noisy_or_conflict_adjusted,NeoTech Laptop Max 46,has_ram_gb,6,neotech laptop max 46|has_ram_gb|6,0.92,product_46,unstructured,LP=0.999989;LPO=0.999997|NeoTech Laptop Max 46 is manufactured by NeoTech. The display measures 6.1 inches. Comes with 6GB of RAM. Weighs approximately 0.55kg. Built with aluminum construction. Fast charging is no. Noise cancellation: no.,unstructured,1
DEC036_B_deepseek-v3.2,train_kb,conservative_noisy_or_conflict_adjusted,NeoTech Laptop Max 46,has_weight_kg,0.55,neotech laptop max 46|has_weight_kg|0.55,0.9,product_46,unstructured,LP=0.999997;LPO=0.999990|NeoTech Laptop Max 46 is manufactured by NeoTech. The display measures 6.1 inches. Comes with 6GB of RAM. Weighs approximately 0.55kg. Built with aluminum construction. Fast charging is no. Noise cancellation: no.,unstructured,1
DEC036_B_deepseek-v3.2,train_kb,conservative_noisy_or_conflict_adjusted,NeoTech Laptop Max 46,made_of_material,aluminum,neotech laptop max 46|made_of_material|aluminum,0.93,product_46,unstructured,LP=0.999981;LPO=0.999933|NeoTech Laptop Max 46 is manufactured by NeoTech. The display measures 6.1 inches. Comes with 6GB of RAM. Weighs approximately 0.55kg. Built with aluminum construction. Fast charging is no. Noise cancellation: no.,unstructured,1
DEC036_B_deepseek-v3.2,train_kb,conservative_noisy_or_conflict_adjusted,NeoTech Laptop Max 46,supports_fast_charging,no,neotech laptop max 46|supports_fast_charging|no,0.91,product_46,unstructured,LP=0.999642;LPO=0.994654|NeoTech Laptop Max 46 is manufactured by NeoTech. The display measures 6.1 inches. Comes with 6GB of RAM. Weighs approximately 0.55kg. Built with aluminum construction. Fast charging is no. Noise cancellation: no.,unstructured,1
DEC036_B_deepseek-v3.2,train_kb,conservative_noisy_or_conflict_adjusted,NeoTech Laptop Max 46,has_noise_cancellation,no,neotech laptop max 46|has_noise_cancellation|no,0.91,product_46,unstructured,LP=0.999999;LPO=1.000000|NeoTech Laptop Max 46 is manufactured by NeoTech. The display measures 6.1 inches. Comes with 6GB of RAM. Weighs approximately 0.55kg. Built with aluminum construction. Fast charging is no. Noise cancellation: no.,unstructured,1
DEC036_B_deepseek-v3.2,train_kb,conservative_noisy_or_conflict_adjusted,TechNova Tablet Lite 48,manufactured_by,TechNova,technova tablet lite 48|manufactured_by|technova,0.98,product_48,structured,structured_row:TechNova Tablet Lite 48,structured,1
DEC036_B_deepseek-v3.2,train_kb,conservative_noisy_or_conflict_adjusted,TechNova Tablet Lite 48,belongs_to_category,tablet,technova tablet lite 48|belongs_to_category|tablet,0.98,product_48,structured,structured_row:TechNova Tablet Lite 48,structured,1
DEC036_B_deepseek-v3.2,train_kb,conservative_noisy_or_conflict_adjusted,TechNova Tablet Lite 48,has_price_usd,1299,technova tablet lite 48|has_price_usd|1299,0.98,product_48,structured,structured_row:TechNova Tablet Lite 48,structured,1
DEC036_B_deepseek-v3.2,train_kb,conservative_noisy_or_conflict_adjusted,TechNova Tablet Lite 48,has_screen_size_inch,13.3,technova tablet lite 48|has_screen_size_inch|13.3,0.98,product_48,structured,structured_row:TechNova Tablet Lite 48,structured,1
DEC036_B_deepseek-v3.2,train_kb,conservative_noisy_or_conflict_adjusted,TechNova Tablet Lite 48,has_ram_gb,12,technova tablet lite 48|has_ram_gb|12,0.98,product_48,structured,structured_row:TechNova Tablet Lite 48,structured,1
DEC036_B_deepseek-v3.2,train_kb,conservative_noisy_or_conflict_adjusted,TechNova Tablet Lite 48,has_storage_gb,512,technova tablet lite 48|has_storage_gb|512,0.98,product_48,structured,structured_row:TechNova Tablet Lite 48,structured,1
DEC036_B_deepseek-v3.2,train_kb,conservative_noisy_or_conflict_adjusted,TechNova Tablet Lite 48,has_battery_life_hours,8,technova tablet lite 48|has_battery_life_hours|8,0.98,product_48,structured,structured_row:TechNova Tablet Lite 48,structured,1
DEC036_B_deepseek-v3.2,train_kb,conservative_noisy_or_conflict_adjusted,TechNova Tablet Lite 48,has_weight_kg,1.2,technova tablet lite 48|has_weight_kg|1.2,0.98,product_48,structured,structured_row:TechNova Tablet Lite 48,structured,1
DEC036_B_deepseek-v3.2,train_kb,conservative_noisy_or_conflict_adjusted,TechNova Tablet Lite 48,has_color,blue,technova tablet lite 48|has_color|blue,0.98,product_48,structured,structured_row:TechNova Tablet Lite 48,structured,1
DEC036_B_deepseek-v3.2,train_kb,conservative_noisy_or_conflict_adjusted,TechNova Tablet Lite 48,made_of_material,carbon fiber,technova tablet lite 48|made_of_material|carbon fiber,0.98,product_48,structured,structured_row:TechNova Tablet Lite 48,structured,1
DEC036_B_deepseek-v3.2,train_kb,conservative_noisy_or_conflict_adjusted,TechNova Tablet Lite 48,target_market_region,Global,technova tablet lite 48|target_market_region|global,0.98,product_48,structured,structured_row:TechNova Tablet Lite 48,structured,1
DEC036_B_deepseek-v3.2,train_kb,conservative_noisy_or_conflict_adjusted,TechNova Tablet Lite 48,supports_fast_charging,yes,technova tablet lite 48|supports_fast_charging|yes,0.98,product_48,structured,structured_row:TechNova Tablet Lite 48,structured,1
DEC036_B_deepseek-v3.2,train_kb,conservative_noisy_or_conflict_adjusted,TechNova Tablet Lite 48,has_noise_cancellation,no,technova tablet lite 48|has_noise_cancellation|no,0.98,product_48,structured,structured_row:TechNova Tablet Lite 48,structured,1
DEC036_B_deepseek-v3.2,train_kb,conservative_noisy_or_conflict_adjusted,TechNova Tablet Lite 48,manufactured_by,TechNova,technova tablet lite 48|manufactured_by|technova,0.96,product_48,unstructured,LP=0.999996;LPO=0.999998|TechNova Tablet Lite 48 is manufactured by TechNova. Comes with 12GB of RAM. Offers 512GB of internal storage. Battery lasts up to 8 hours. Weighs approximately 1.2kg. Built with carbon fiber construction. Fast charging is yes.,unstructured,1
DEC036_B_deepseek-v3.2,train_kb,conservative_noisy_or_conflict_adjusted,TechNova Tablet Lite 48,has_ram_gb,12,technova tablet lite 48|has_ram_gb|12,0.93,product_48,unstructured,LP=0.999997;LPO=0.999999|TechNova Tablet Lite 48 is manufactured by TechNova. Comes with 12GB of RAM. Offers 512GB of internal storage. Battery lasts up to 8 hours. Weighs approximately 1.2kg. Built with carbon fiber construction. Fast charging is yes.,unstructured,1
DEC036_B_deepseek-v3.2,train_kb,conservative_noisy_or_conflict_adjusted,TechNova Tablet Lite 48,has_storage_gb,512,technova tablet lite 48|has_storage_gb|512,0.93,product_48,unstructured,LP=0.999977;LPO=1.000000|TechNova Tablet Lite 48 is manufactured by TechNova. Comes with 12GB of RAM. Offers 512GB of internal storage. Battery lasts up to 8 hours. Weighs approximately 1.2kg. Built with carbon fiber construction. Fast charging is yes.,unstructured,1
DEC036_B_deepseek-v3.2,train_kb,conservative_noisy_or_conflict_adjusted,TechNova Tablet Lite 48,has_battery_life_hours,8,technova tablet lite 48|has_battery_life_hours|8,0.88,product_48,unstructured,LP=0.999995;LPO=0.999963|TechNova Tablet Lite 48 is manufactured by TechNova. Comes with 12GB of RAM. Offers 512GB of internal storage. Battery lasts up to 8 hours. Weighs approximately 1.2kg. Built with carbon fiber construction. Fast charging is yes.,unstructured,1
DEC036_B_deepseek-v3.2,train_kb,conservative_noisy_or_conflict_adjusted,TechNova Tablet Lite 48,has_weight_kg,1.2,technova tablet lite 48|has_weight_kg|1.2,0.85,product_48,unstructured,LP=0.999997;LPO=0.999967|TechNova Tablet Lite 48 is manufactured by TechNova. Comes with 12GB of RAM. Offers 512GB of internal storage. Battery lasts up to 8 hours. Weighs approximately 1.2kg. Built with carbon fiber construction. Fast charging is yes.,unstructured,1
DEC036_B_deepseek-v3.2,train_kb,conservative_noisy_or_conflict_adjusted,TechNova Tablet Lite 48,made_of_material,carbon fiber,technova tablet lite 48|made_of_material|carbon fiber,0.9,product_48,unstructured,LP=0.999991;LPO=0.999982|TechNova Tablet Lite 48 is manufactured by TechNova. Comes with 12GB of RAM. Offers 512GB of internal storage. Battery lasts up to 8 hours. Weighs approximately 1.2kg. Built with carbon fiber construction. Fast charging is yes.,unstructured,1
DEC036_B_deepseek-v3.2,train_kb,conservative_noisy_or_conflict_adjusted,TechNova Tablet Lite 48,supports_fast_charging,yes,technova tablet lite 48|supports_fast_charging|yes,0.91,product_48,unstructured,LP=0.999686;LPO=0.995629|TechNova Tablet Lite 48 is manufactured by TechNova. Comes with 12GB of RAM. Offers 512GB of internal storage. Battery lasts up to 8 hours. Weighs approximately 1.2kg. Built with carbon fiber construction. Fast charging is yes.,unstructured,1
DEC036_B_deepseek-v3.2,train_kb,conservative_noisy_or_conflict_adjusted,VoltEdge Headphones Max 50,manufactured_by,VoltEdge,voltedge headphones max 50|manufactured_by|voltedge,0.98,product_50,structured,structured_row:VoltEdge Headphones Max 50,structured,1
DEC036_B_deepseek-v3.2,train_kb,conservative_noisy_or_conflict_adjusted,VoltEdge Headphones Max 50,belongs_to_category,headphones,voltedge headphones max 50|belongs_to_category|headphones,0.98,product_50,structured,structured_row:VoltEdge Headphones Max 50,structured,1
DEC036_B_deepseek-v3.2,train_kb,conservative_noisy_or_conflict_adjusted,VoltEdge Headphones Max 50,has_price_usd,699,voltedge headphones max 50|has_price_usd|699,0.98,product_50,structured,structured_row:VoltEdge Headphones Max 50,structured,1
DEC036_B_deepseek-v3.2,train_kb,conservative_noisy_or_conflict_adjusted,VoltEdge Headphones Max 50,has_screen_size_inch,11.0,voltedge headphones max 50|has_screen_size_inch|11.0,0.98,product_50,structured,structured_row:VoltEdge Headphones Max 50,structured,1
DEC036_B_deepseek-v3.2,train_kb,conservative_noisy_or_conflict_adjusted,VoltEdge Headphones Max 50,has_ram_gb,32,voltedge headphones max 50|has_ram_gb|32,0.98,product_50,structured,structured_row:VoltEdge Headphones Max 50,structured,1
DEC036_B_deepseek-v3.2,train_kb,conservative_noisy_or_conflict_adjusted,VoltEdge Headphones Max 50,has_storage_gb,512,voltedge headphones max 50|has_storage_gb|512,0.98,product_50,structured,structured_row:VoltEdge Headphones Max 50,structured,1
DEC036_B_deepseek-v3.2,train_kb,conservative_noisy_or_conflict_adjusted,VoltEdge Headphones Max 50,has_battery_life_hours,12,voltedge headphones max 50|has_battery_life_hours|12,0.98,product_50,structured,structured_row:VoltEdge Headphones Max 50,structured,1
DEC036_B_deepseek-v3.2,train_kb,conservative_noisy_or_conflict_adjusted,VoltEdge Headphones Max 50,has_weight_kg,1.45,voltedge headphones max 50|has_weight_kg|1.45,0.98,product_50,structured,structured_row:VoltEdge Headphones Max 50,structured,1
DEC036_B_deepseek-v3.2,train_kb,conservative_noisy_or_conflict_adjusted,VoltEdge Headphones Max 50,has_color,blue,voltedge headphones max 50|has_color|blue,0.98,product_50,structured,structured_row:VoltEdge Headphones Max 50,structured,1
DEC036_B_deepseek-v3.2,train_kb,conservative_noisy_or_conflict_adjusted,VoltEdge Headphones Max 50,made_of_material,plastic,voltedge headphones max 50|made_of_material|plastic,0.98,product_50,structured,structured_row:VoltEdge Headphones Max 50,structured,1
DEC036_B_deepseek-v3.2,train_kb,conservative_noisy_or_conflict_adjusted,VoltEdge Headphones Max 50,target_market_region,EU,voltedge headphones max 50|target_market_region|eu,0.98,product_50,structured,structured_row:VoltEdge Headphones Max 50,structured,1
DEC036_B_deepseek-v3.2,train_kb,conservative_noisy_or_conflict_adjusted,VoltEdge Headphones Max 50,supports_fast_charging,no,voltedge headphones max 50|supports_fast_charging|no,0.98,product_50,structured,structured_row:VoltEdge Headphones Max 50,structured,1
DEC036_B_deepseek-v3.2,train_kb,conservative_noisy_or_conflict_adjusted,VoltEdge Headphones Max 50,has_noise_cancellation,yes,voltedge headphones max 50|has_noise_cancellation|yes,0.98,product_50,structured,structured_row:VoltEdge Headphones Max 50,structured,1
DEC036_B_deepseek-v3.2,train_kb,conservative_noisy_or_conflict_adjusted,headphones device,has_ram_gb,32,headphones device|has_ram_gb|32,0.9,product_50,unstructured,LP=0.973980;LPO=0.999998|It is a headphones device. Comes with 32GB of RAM. Offers 512GB of internal storage. Battery lasts up to 12 hours. Weighs approximately 1.45kg. Targeted at the EU market. Fast charging is no.,unstructured,1
DEC036_B_deepseek-v3.2,train_kb,conservative_noisy_or_conflict_adjusted,headphones device,has_storage_gb,512,headphones device|has_storage_gb|512,0.9,product_50,unstructured,LP=0.999996;LPO=1.000000|It is a headphones device. Comes with 32GB of RAM. Offers 512GB of internal storage. Battery lasts up to 12 hours. Weighs approximately 1.45kg. Targeted at the EU market. Fast charging is no.,unstructured,1
DEC036_B_deepseek-v3.2,train_kb,conservative_noisy_or_conflict_adjusted,headphones device,has_battery_life_hours,12,headphones device|has_battery_life_hours|12,0.88,product_50,unstructured,LP=0.999920;LPO=0.999969|It is a headphones device. Comes with 32GB of RAM. Offers 512GB of internal storage. Battery lasts up to 12 hours. Weighs approximately 1.45kg. Targeted at the EU market. Fast charging is no.,unstructured,1
DEC036_B_deepseek-v3.2,train_kb,conservative_noisy_or_conflict_adjusted,headphones device,has_weight_kg,1.45,headphones device|has_weight_kg|1.45,0.87,product_50,unstructured,LP=0.999984;LPO=0.999924|It is a headphones device. Comes with 32GB of RAM. Offers 512GB of internal storage. Battery lasts up to 12 hours. Weighs approximately 1.45kg. Targeted at the EU market. Fast charging is no.,unstructured,1
DEC036_B_deepseek-v3.2,train_kb,conservative_noisy_or_conflict_adjusted,headphones device,target_market_region,EU,headphones device|target_market_region|eu,0.91,product_50,unstructured,LP=0.999982;LPO=0.999985|It is a headphones device. Comes with 32GB of RAM. Offers 512GB of internal storage. Battery lasts up to 12 hours. Weighs approximately 1.45kg. Targeted at the EU market. Fast charging is no.,unstructured,1
DEC036_B_deepseek-v3.2,train_kb,conservative_noisy_or_conflict_adjusted,headphones device,supports_fast_charging,no,headphones device|supports_fast_charging|no,0.93,product_50,unstructured,LP=0.998053;LPO=0.981156|It is a headphones device. Comes with 32GB of RAM. Offers 512GB of internal storage. Battery lasts up to 12 hours. Weighs approximately 1.45kg. Targeted at the EU market. Fast charging is no.,unstructured,1
DEC036_B_deepseek-v3.2,train_kb,conservative_noisy_or_conflict_adjusted,Zenbyte Tablet Air 51,manufactured_by,Zenbyte,zenbyte tablet air 51|manufactured_by|zenbyte,0.98,product_51,structured,structured_row:Zenbyte Tablet Air 51,structured,1
DEC036_B_deepseek-v3.2,train_kb,conservative_noisy_or_conflict_adjusted,Zenbyte Tablet Air 51,belongs_to_category,tablet,zenbyte tablet air 51|belongs_to_category|tablet,0.98,product_51,structured,structured_row:Zenbyte Tablet Air 51,structured,1
DEC036_B_deepseek-v3.2,train_kb,conservative_noisy_or_conflict_adjusted,Zenbyte Tablet Air 51,has_price_usd,199,zenbyte tablet air 51|has_price_usd|199,0.98,product_51,structured,structured_row:Zenbyte Tablet Air 51,structured,1
DEC036_B_deepseek-v3.2,train_kb,conservative_noisy_or_conflict_adjusted,Zenbyte Tablet Air 51,has_screen_size_inch,6.7,zenbyte tablet air 51|has_screen_size_inch|6.7,0.98,product_51,structured,structured_row:Zenbyte Tablet Air 51,structured,1
DEC036_B_deepseek-v3.2,train_kb,conservative_noisy_or_conflict_adjusted,Zenbyte Tablet Air 51,has_ram_gb,16,zenbyte tablet air 51|has_ram_gb|16,0.98,product_51,structured,structured_row:Zenbyte Tablet Air 51,structured,1
DEC036_B_deepseek-v3.2,train_kb,conservative_noisy_or_conflict_adjusted,Zenbyte Tablet Air 51,has_storage_gb,256,zenbyte tablet air 51|has_storage_gb|256,0.98,product_51,structured,structured_row:Zenbyte Tablet Air 51,structured,1
DEC036_B_deepseek-v3.2,train_kb,conservative_noisy_or_conflict_adjusted,Zenbyte Tablet Air 51,has_battery_life_hours,18,zenbyte tablet air 51|has_battery_life_hours|18,0.98,product_51,structured,structured_row:Zenbyte Tablet Air 51,structured,1
DEC036_B_deepseek-v3.2,train_kb,conservative_noisy_or_conflict_adjusted,Zenbyte Tablet Air 51,has_weight_kg,1.8,zenbyte tablet air 51|has_weight_kg|1.8,0.98,product_51,structured,structured_row:Zenbyte Tablet Air 51,structured,1
DEC036_B_deepseek-v3.2,train_kb,conservative_noisy_or_conflict_adjusted,Zenbyte Tablet Air 51,has_color,black,zenbyte tablet air 51|has_color|black,0.98,product_51,structured,structured_row:Zenbyte Tablet Air 51,structured,1
DEC036_B_deepseek-v3.2,train_kb,conservative_noisy_or_conflict_adjusted,Zenbyte Tablet Air 51,made_of_material,carbon fiber,zenbyte tablet air 51|made_of_material|carbon fiber,0.98,product_51,structured,structured_row:Zenbyte Tablet Air 51,structured,1
DEC036_B_deepseek-v3.2,train_kb,conservative_noisy_or_conflict_adjusted,Zenbyte Tablet Air 51,target_market_region,Global,zenbyte tablet air 51|target_market_region|global,0.98,product_51,structured,structured_row:Zenbyte Tablet Air 51,structured,1
DEC036_B_deepseek-v3.2,train_kb,conservative_noisy_or_conflict_adjusted,Zenbyte Tablet Air 51,supports_fast_charging,no,zenbyte tablet air 51|supports_fast_charging|no,0.98,product_51,structured,structured_row:Zenbyte Tablet Air 51,structured,1
DEC036_B_deepseek-v3.2,train_kb,conservative_noisy_or_conflict_adjusted,Zenbyte Tablet Air 51,has_noise_cancellation,no,zenbyte tablet air 51|has_noise_cancellation|no,0.98,product_51,structured,structured_row:Zenbyte Tablet Air 51,structured,1
DEC036_B_deepseek-v3.2,train_kb,conservative_noisy_or_conflict_adjusted,Zenbyte Tablet Air 51,manufactured_by,Zenbyte,zenbyte tablet air 51|manufactured_by|zenbyte,0.95,product_51,unstructured,LP=0.999997;LPO=0.999992|Zenbyte Tablet Air 51 is manufactured by Zenbyte. Priced at 199 USD. The display measures 6.7 inches. Comes with 16GB of RAM. Weighs approximately 1.8kg. Targeted at the Global market. Fast charging is no.,unstructured,1
DEC036_B_deepseek-v3.2,train_kb,conservative_noisy_or_conflict_adjusted,Zenbyte Tablet Air 51,has_price_usd,199,zenbyte tablet air 51|has_price_usd|199,0.91,product_51,unstructured,LP=0.999916;LPO=0.999997|Zenbyte Tablet Air 51 is manufactured by Zenbyte. Priced at 199 USD. The display measures 6.7 inches. Comes with 16GB of RAM. Weighs approximately 1.8kg. Targeted at the Global market. Fast charging is no.,unstructured,1
DEC036_B_deepseek-v3.2,train_kb,conservative_noisy_or_conflict_adjusted,Zenbyte Tablet Air 51,has_screen_size_inch,6.7,zenbyte tablet air 51|has_screen_size_inch|6.7,0.9,product_51,unstructured,LP=0.999989;LPO=0.999995|Zenbyte Tablet Air 51 is manufactured by Zenbyte. Priced at 199 USD. The display measures 6.7 inches. Comes with 16GB of RAM. Weighs approximately 1.8kg. Targeted at the Global market. Fast charging is no.,unstructured,1
DEC036_B_deepseek-v3.2,train_kb,conservative_noisy_or_conflict_adjusted,Zenbyte Tablet Air 51,has_ram_gb,16,zenbyte tablet air 51|has_ram_gb|16,0.92,product_51,unstructured,LP=0.999999;LPO=0.999999|Zenbyte Tablet Air 51 is manufactured by Zenbyte. Priced at 199 USD. The display measures 6.7 inches. Comes with 16GB of RAM. Weighs approximately 1.8kg. Targeted at the Global market. Fast charging is no.,unstructured,1
DEC036_B_deepseek-v3.2,train_kb,conservative_noisy_or_conflict_adjusted,Zenbyte Tablet Air 51,has_weight_kg,1.8,zenbyte tablet air 51|has_weight_kg|1.8,0.9,product_51,unstructured,LP=0.999955;LPO=0.999975|Zenbyte Tablet Air 51 is manufactured by Zenbyte. Priced at 199 USD. The display measures 6.7 inches. Comes with 16GB of RAM. Weighs approximately 1.8kg. Targeted at the Global market. Fast charging is no.,unstructured,1
DEC036_B_deepseek-v3.2,train_kb,conservative_noisy_or_conflict_adjusted,Zenbyte Tablet Air 51,target_market_region,Global,zenbyte tablet air 51|target_market_region|global,0.93,product_51,unstructured,LP=0.999998;LPO=0.999995|Zenbyte Tablet Air 51 is manufactured by Zenbyte. Priced at 199 USD. The display measures 6.7 inches. Comes with 16GB of RAM. Weighs approximately 1.8kg. Targeted at the Global market. Fast charging is no.,unstructured,1
DEC036_B_deepseek-v3.2,train_kb,conservative_noisy_or_conflict_adjusted,Zenbyte Tablet Air 51,supports_fast_charging,no,zenbyte tablet air 51|supports_fast_charging|no,0.91,product_51,unstructured,LP=0.999561;LPO=0.994326|Zenbyte Tablet Air 51 is manufactured by Zenbyte. Priced at 199 USD. The display measures 6.7 inches. Comes with 16GB of RAM. Weighs approximately 1.8kg. Targeted at the Global market. Fast charging is no.,unstructured,1
DEC036_B_deepseek-v3.2,train_kb,conservative_noisy_or_conflict_adjusted,TechNova Tablet Plus 52,manufactured_by,TechNova,technova tablet plus 52|manufactured_by|technova,0.98,product_52,structured,structured_row:TechNova Tablet Plus 52,structured,1
DEC036_B_deepseek-v3.2,train_kb,conservative_noisy_or_conflict_adjusted,TechNova Tablet Plus 52,belongs_to_category,tablet,technova tablet plus 52|belongs_to_category|tablet,0.98,product_52,structured,structured_row:TechNova Tablet Plus 52,structured,1
DEC036_B_deepseek-v3.2,train_kb,conservative_noisy_or_conflict_adjusted,TechNova Tablet Plus 52,has_price_usd,349,technova tablet plus 52|has_price_usd|349,0.98,product_52,structured,structured_row:TechNova Tablet Plus 52,structured,1
DEC036_B_deepseek-v3.2,train_kb,conservative_noisy_or_conflict_adjusted,TechNova Tablet Plus 52,has_screen_size_inch,14.0,technova tablet plus 52|has_screen_size_inch|14.0,0.98,product_52,structured,structured_row:TechNova Tablet Plus 52,structured,1
DEC036_B_deepseek-v3.2,train_kb,conservative_noisy_or_conflict_adjusted,TechNova Tablet Plus 52,has_ram_gb,6,technova tablet plus 52|has_ram_gb|6,0.98,product_52,structured,structured_row:TechNova Tablet Plus 52,structured,1
DEC036_B_deepseek-v3.2,train_kb,conservative_noisy_or_conflict_adjusted,TechNova Tablet Plus 52,has_storage_gb,256,technova tablet plus 52|has_storage_gb|256,0.98,product_52,structured,structured_row:TechNova Tablet Plus 52,structured,1
DEC036_B_deepseek-v3.2,train_kb,conservative_noisy_or_conflict_adjusted,TechNova Tablet Plus 52,has_battery_life_hours,18,technova tablet plus 52|has_battery_life_hours|18,0.98,product_52,structured,structured_row:TechNova Tablet Plus 52,structured,1
DEC036_B_deepseek-v3.2,train_kb,conservative_noisy_or_conflict_adjusted,TechNova Tablet Plus 52,has_weight_kg,0.18,technova tablet plus 52|has_weight_kg|0.18,0.98,product_52,structured,structured_row:TechNova Tablet Plus 52,structured,1
DEC036_B_deepseek-v3.2,train_kb,conservative_noisy_or_conflict_adjusted,TechNova Tablet Plus 52,has_color,white,technova tablet plus 52|has_color|white,0.98,product_52,structured,structured_row:TechNova Tablet Plus 52,structured,1
DEC036_B_deepseek-v3.2,train_kb,conservative_noisy_or_conflict_adjusted,TechNova Tablet Plus 52,made_of_material,aluminum,technova tablet plus 52|made_of_material|aluminum,0.98,product_52,structured,structured_row:TechNova Tablet Plus 52,structured,1
DEC036_B_deepseek-v3.2,train_kb,conservative_noisy_or_conflict_adjusted,TechNova Tablet Plus 52,target_market_region,EU,technova tablet plus 52|target_market_region|eu,0.98,product_52,structured,structured_row:TechNova Tablet Plus 52,structured,1
DEC036_B_deepseek-v3.2,train_kb,conservative_noisy_or_conflict_adjusted,TechNova Tablet Plus 52,supports_fast_charging,no,technova tablet plus 52|supports_fast_charging|no,0.98,product_52,structured,structured_row:TechNova Tablet Plus 52,structured,1
DEC036_B_deepseek-v3.2,train_kb,conservative_noisy_or_conflict_adjusted,TechNova Tablet Plus 52,has_noise_cancellation,no,technova tablet plus 52|has_noise_cancellation|no,0.98,product_52,structured,structured_row:TechNova Tablet Plus 52,structured,1
DEC036_B_deepseek-v3.2,train_kb,conservative_noisy_or_conflict_adjusted,tablet device,has_price_usd,349,tablet device|has_price_usd|349,0.92,product_52,unstructured,LP=0.918779;LPO=0.999991|It is a tablet device. Priced at 349 USD. The display measures 14.0 inches. Weighs approximately 0.18kg. Targeted at the EU market. Fast charging is no. Noise cancellation: no.,unstructured,1
DEC036_B_deepseek-v3.2,train_kb,conservative_noisy_or_conflict_adjusted,tablet device,has_screen_size_inch,14.0,tablet device|has_screen_size_inch|14.0,0.94,product_52,unstructured,LP=0.999832;LPO=0.999902|It is a tablet device. Priced at 349 USD. The display measures 14.0 inches. Weighs approximately 0.18kg. Targeted at the EU market. Fast charging is no. Noise cancellation: no.,unstructured,1
DEC036_B_deepseek-v3.2,train_kb,conservative_noisy_or_conflict_adjusted,tablet device,has_weight_kg,0.18,tablet device|has_weight_kg|0.18,0.9,product_52,unstructured,LP=0.999963;LPO=0.999933|It is a tablet device. Priced at 349 USD. The display measures 14.0 inches. Weighs approximately 0.18kg. Targeted at the EU market. Fast charging is no. Noise cancellation: no.,unstructured,1
DEC036_B_deepseek-v3.2,train_kb,conservative_noisy_or_conflict_adjusted,tablet device,target_market_region,EU,tablet device|target_market_region|eu,0.93,product_52,unstructured,LP=0.999985;LPO=0.999977|It is a tablet device. Priced at 349 USD. The display measures 14.0 inches. Weighs approximately 0.18kg. Targeted at the EU market. Fast charging is no. Noise cancellation: no.,unstructured,1
DEC036_B_deepseek-v3.2,train_kb,conservative_noisy_or_conflict_adjusted,tablet device,supports_fast_charging,no,tablet device|supports_fast_charging|no,0.91,product_52,unstructured,LP=0.997636;LPO=0.976824|It is a tablet device. Priced at 349 USD. The display measures 14.0 inches. Weighs approximately 0.18kg. Targeted at the EU market. Fast charging is no. Noise cancellation: no.,unstructured,1
DEC036_B_deepseek-v3.2,train_kb,conservative_noisy_or_conflict_adjusted,tablet device,has_noise_cancellation,no,tablet device|has_noise_cancellation|no,0.91,product_52,unstructured,LP=0.999991;LPO=1.000000|It is a tablet device. Priced at 349 USD. The display measures 14.0 inches. Weighs approximately 0.18kg. Targeted at the EU market. Fast charging is no. Noise cancellation: no.,unstructured,1
DEC036_B_deepseek-v3.2,train_kb,conservative_noisy_or_conflict_adjusted,Zenbyte Headphones Max 54,manufactured_by,Zenbyte,zenbyte headphones max 54|manufactured_by|zenbyte,0.98,product_54,structured,structured_row:Zenbyte Headphones Max 54,structured,1
DEC036_B_deepseek-v3.2,train_kb,conservative_noisy_or_conflict_adjusted,Zenbyte Headphones Max 54,belongs_to_category,headphones,zenbyte headphones max 54|belongs_to_category|headphones,0.98,product_54,structured,structured_row:Zenbyte Headphones Max 54,structured,1
DEC036_B_deepseek-v3.2,train_kb,conservative_noisy_or_conflict_adjusted,Zenbyte Headphones Max 54,has_price_usd,1099,zenbyte headphones max 54|has_price_usd|1099,0.98,product_54,structured,structured_row:Zenbyte Headphones Max 54,structured,1
DEC036_B_deepseek-v3.2,train_kb,conservative_noisy_or_conflict_adjusted,Zenbyte Headphones Max 54,has_screen_size_inch,13.3,zenbyte headphones max 54|has_screen_size_inch|13.3,0.98,product_54,structured,structured_row:Zenbyte Headphones Max 54,structured,1
DEC036_B_deepseek-v3.2,train_kb,conservative_noisy_or_conflict_adjusted,Zenbyte Headphones Max 54,has_ram_gb,12,zenbyte headphones max 54|has_ram_gb|12,0.98,product_54,structured,structured_row:Zenbyte Headphones Max 54,structured,1
DEC036_B_deepseek-v3.2,train_kb,conservative_noisy_or_conflict_adjusted,Zenbyte Headphones Max 54,has_storage_gb,256,zenbyte headphones max 54|has_storage_gb|256,0.98,product_54,structured,structured_row:Zenbyte Headphones Max 54,structured,1
DEC036_B_deepseek-v3.2,train_kb,conservative_noisy_or_conflict_adjusted,Zenbyte Headphones Max 54,has_battery_life_hours,12,zenbyte headphones max 54|has_battery_life_hours|12,0.98,product_54,structured,structured_row:Zenbyte Headphones Max 54,structured,1
DEC036_B_deepseek-v3.2,train_kb,conservative_noisy_or_conflict_adjusted,Zenbyte Headphones Max 54,has_weight_kg,1.2,zenbyte headphones max 54|has_weight_kg|1.2,0.98,product_54,structured,structured_row:Zenbyte Headphones Max 54,structured,1
DEC036_B_deepseek-v3.2,train_kb,conservative_noisy_or_conflict_adjusted,Zenbyte Headphones Max 54,has_color,green,zenbyte headphones max 54|has_color|green,0.98,product_54,structured,structured_row:Zenbyte Headphones Max 54,structured,1
DEC036_B_deepseek-v3.2,train_kb,conservative_noisy_or_conflict_adjusted,Zenbyte Headphones Max 54,made_of_material,carbon fiber,zenbyte headphones max 54|made_of_material|carbon fiber,0.98,product_54,structured,structured_row:Zenbyte Headphones Max 54,structured,1
DEC036_B_deepseek-v3.2,train_kb,conservative_noisy_or_conflict_adjusted,Zenbyte Headphones Max 54,target_market_region,Global,zenbyte headphones max 54|target_market_region|global,0.98,product_54,structured,structured_row:Zenbyte Headphones Max 54,structured,1
DEC036_B_deepseek-v3.2,train_kb,conservative_noisy_or_conflict_adjusted,Zenbyte Headphones Max 54,supports_fast_charging,no,zenbyte headphones max 54|supports_fast_charging|no,0.98,product_54,structured,structured_row:Zenbyte Headphones Max 54,structured,1
DEC036_B_deepseek-v3.2,train_kb,conservative_noisy_or_conflict_adjusted,Zenbyte Headphones Max 54,has_noise_cancellation,no,zenbyte headphones max 54|has_noise_cancellation|no,0.98,product_54,structured,structured_row:Zenbyte Headphones Max 54,structured,1
DEC036_B_deepseek-v3.2,train_kb,conservative_noisy_or_conflict_adjusted,product,has_screen_size_inch,13.3,product|has_screen_size_inch|13.3,0.96,product_54,unstructured,LP=0.943110;LPO=0.999994|The display measures 13.3 inches. Offers 256GB of internal storage. Battery lasts up to 12 hours. Available in green. Built with carbon fiber construction. Targeted at the Global market. Fast charging is no.,unstructured,1
DEC036_B_deepseek-v3.2,train_kb,conservative_noisy_or_conflict_adjusted,product,has_storage_gb,256,product|has_storage_gb|256,0.95,product_54,unstructured,LP=0.999997;LPO=1.000000|The display measures 13.3 inches. Offers 256GB of internal storage. Battery lasts up to 12 hours. Available in green. Built with carbon fiber construction. Targeted at the Global market. Fast charging is no.,unstructured,1
DEC036_B_deepseek-v3.2,train_kb,conservative_noisy_or_conflict_adjusted,product,has_battery_life_hours,12,product|has_battery_life_hours|12,0.93,product_54,unstructured,LP=0.999958;LPO=0.999663|The display measures 13.3 inches. Offers 256GB of internal storage. Battery lasts up to 12 hours. Available in green. Built with carbon fiber construction. Targeted at the Global market. Fast charging is no.,unstructured,1
DEC036_B_deepseek-v3.2,train_kb,conservative_noisy_or_conflict_adjusted,product,has_color,green,product|has_color|green,0.92,product_54,unstructured,LP=0.999963;LPO=0.999983|The display measures 13.3 inches. Offers 256GB of internal storage. Battery lasts up to 12 hours. Available in green. Built with carbon fiber construction. Targeted at the Global market. Fast charging is no.,unstructured,1
DEC036_B_deepseek-v3.2,train_kb,conservative_noisy_or_conflict_adjusted,product,made_of_material,carbon fiber,product|made_of_material|carbon fiber,0.94,product_54,unstructured,LP=0.999978;LPO=0.999945|The display measures 13.3 inches. Offers 256GB of internal storage. Battery lasts up to 12 hours. Available in green. Built with carbon fiber construction. Targeted at the Global market. Fast charging is no.,unstructured,1
DEC036_B_deepseek-v3.2,train_kb,conservative_noisy_or_conflict_adjusted,product,target_market_region,Global,product|target_market_region|global,0.91,product_54,unstructured,LP=0.999386;LPO=0.995927|The display measures 13.3 inches. Offers 256GB of internal storage. Battery lasts up to 12 hours. Available in green. Built with carbon fiber construction. Targeted at the Global market. Fast charging is no.,unstructured,1
DEC036_B_deepseek-v3.2,train_kb,conservative_noisy_or_conflict_adjusted,product,supports_fast_charging,no,product|supports_fast_charging|no,0.9,product_54,unstructured,LP=0.998182;LPO=0.985579|The display measures 13.3 inches. Offers 256GB of internal storage. Battery lasts up to 12 hours. Available in green. Built with carbon fiber construction. Targeted at the Global market. Fast charging is no.,unstructured,1
DEC036_B_deepseek-v3.2,train_kb,conservative_noisy_or_conflict_adjusted,Auralex Tablet Pro 56,manufactured_by,Auralex,auralex tablet pro 56|manufactured_by|auralex,0.98,product_56,structured,structured_row:Auralex Tablet Pro 56,structured,1
DEC036_B_deepseek-v3.2,train_kb,conservative_noisy_or_conflict_adjusted,Auralex Tablet Pro 56,belongs_to_category,tablet,auralex tablet pro 56|belongs_to_category|tablet,0.98,product_56,structured,structured_row:Auralex Tablet Pro 56,structured,1
DEC036_B_deepseek-v3.2,train_kb,conservative_noisy_or_conflict_adjusted,Auralex Tablet Pro 56,has_price_usd,1099,auralex tablet pro 56|has_price_usd|1099,0.98,product_56,structured,structured_row:Auralex Tablet Pro 56,structured,1
DEC036_B_deepseek-v3.2,train_kb,conservative_noisy_or_conflict_adjusted,Auralex Tablet Pro 56,has_screen_size_inch,15.6,auralex tablet pro 56|has_screen_size_inch|15.6,0.98,product_56,structured,structured_row:Auralex Tablet Pro 56,structured,1
DEC036_B_deepseek-v3.2,train_kb,conservative_noisy_or_conflict_adjusted,Auralex Tablet Pro 56,has_ram_gb,8,auralex tablet pro 56|has_ram_gb|8,0.98,product_56,structured,structured_row:Auralex Tablet Pro 56,structured,1
DEC036_B_deepseek-v3.2,train_kb,conservative_noisy_or_conflict_adjusted,Auralex Tablet Pro 56,has_storage_gb,256,auralex tablet pro 56|has_storage_gb|256,0.98,product_56,structured,structured_row:Auralex Tablet Pro 56,structured,1
DEC036_B_deepseek-v3.2,train_kb,conservative_noisy_or_conflict_adjusted,Auralex Tablet Pro 56,has_battery_life_hours,18,auralex tablet pro 56|has_battery_life_hours|18,0.98,product_56,structured,structured_row:Auralex Tablet Pro 56,structured,1
DEC036_B_deepseek-v3.2,train_kb,conservative_noisy_or_conflict_adjusted,Auralex Tablet Pro 56,has_weight_kg,1.45,auralex tablet pro 56|has_weight_kg|1.45,0.98,product_56,structured,structured_row:Auralex Tablet Pro 56,structured,1
DEC036_B_deepseek-v3.2,train_kb,conservative_noisy_or_conflict_adjusted,Auralex Tablet Pro 56,has_color,silver,auralex tablet pro 56|has_color|silver,0.98,product_56,structured,structured_row:Auralex Tablet Pro 56,structured,1
DEC036_B_deepseek-v3.2,train_kb,conservative_noisy_or_conflict_adjusted,Auralex Tablet Pro 56,made_of_material,plastic,auralex tablet pro 56|made_of_material|plastic,0.98,product_56,structured,structured_row:Auralex Tablet Pro 56,structured,1
DEC036_B_deepseek-v3.2,train_kb,conservative_noisy_or_conflict_adjusted,Auralex Tablet Pro 56,target_market_region,US,auralex tablet pro 56|target_market_region|us,0.98,product_56,structured,structured_row:Auralex Tablet Pro 56,structured,1
DEC036_B_deepseek-v3.2,train_kb,conservative_noisy_or_conflict_adjusted,Auralex Tablet Pro 56,supports_fast_charging,no,auralex tablet pro 56|supports_fast_charging|no,0.98,product_56,structured,structured_row:Auralex Tablet Pro 56,structured,1
DEC036_B_deepseek-v3.2,train_kb,conservative_noisy_or_conflict_adjusted,Auralex Tablet Pro 56,has_noise_cancellation,no,auralex tablet pro 56|has_noise_cancellation|no,0.98,product_56,structured,structured_row:Auralex Tablet Pro 56,structured,1
DEC036_B_deepseek-v3.2,train_kb,conservative_noisy_or_conflict_adjusted,It,belongs_to_category,tablet device,it|belongs_to_category|tablet device,0.96,product_56,unstructured,LP=0.924139;LPO=0.952348|It is a tablet device. Offers 256GB of internal storage. Battery lasts up to 18 hours. Weighs approximately 1.45kg. Available in silver. Targeted at the US market. Noise cancellation: no.,unstructured,1
DEC036_B_deepseek-v3.2,train_kb,conservative_noisy_or_conflict_adjusted,It,has_storage_gb,256,it|has_storage_gb|256,0.95,product_56,unstructured,LP=0.999994;LPO=1.000000|It is a tablet device. Offers 256GB of internal storage. Battery lasts up to 18 hours. Weighs approximately 1.45kg. Available in silver. Targeted at the US market. Noise cancellation: no.,unstructured,1
DEC036_B_deepseek-v3.2,train_kb,conservative_noisy_or_conflict_adjusted,It,has_battery_life_hours,18,it|has_battery_life_hours|18,0.94,product_56,unstructured,LP=0.999935;LPO=0.999657|It is a tablet device. Offers 256GB of internal storage. Battery lasts up to 18 hours. Weighs approximately 1.45kg. Available in silver. Targeted at the US market. Noise cancellation: no.,unstructured,1
DEC036_B_deepseek-v3.2,train_kb,conservative_noisy_or_conflict_adjusted,It,has_weight_kg,1.45,it|has_weight_kg|1.45,0.93,product_56,unstructured,LP=0.999992;LPO=0.999960|It is a tablet device. Offers 256GB of internal storage. Battery lasts up to 18 hours. Weighs approximately 1.45kg. Available in silver. Targeted at the US market. Noise cancellation: no.,unstructured,1
DEC036_B_deepseek-v3.2,train_kb,conservative_noisy_or_conflict_adjusted,It,has_color,silver,it|has_color|silver,0.92,product_56,unstructured,LP=0.999970;LPO=0.999921|It is a tablet device. Offers 256GB of internal storage. Battery lasts up to 18 hours. Weighs approximately 1.45kg. Available in silver. Targeted at the US market. Noise cancellation: no.,unstructured,1
DEC036_B_deepseek-v3.2,train_kb,conservative_noisy_or_conflict_adjusted,It,target_market_region,US,it|target_market_region|us,0.91,product_56,unstructured,LP=0.999842;LPO=0.998966|It is a tablet device. Offers 256GB of internal storage. Battery lasts up to 18 hours. Weighs approximately 1.45kg. Available in silver. Targeted at the US market. Noise cancellation: no.,unstructured,1
DEC036_B_deepseek-v3.2,train_kb,conservative_noisy_or_conflict_adjusted,It,has_noise_cancellation,no,it|has_noise_cancellation|no,0.9,product_56,unstructured,LP=0.999210;LPO=0.994642|It is a tablet device. Offers 256GB of internal storage. Battery lasts up to 18 hours. Weighs approximately 1.45kg. Available in silver. Targeted at the US market. Noise cancellation: no.,unstructured,1
DEC036_B_deepseek-v3.2,train_kb,conservative_noisy_or_conflict_adjusted,PixelWare Smartwatch Air 59,manufactured_by,PixelWare,pixelware smartwatch air 59|manufactured_by|pixelware,0.98,product_59,structured,structured_row:PixelWare Smartwatch Air 59,structured,1
DEC036_B_deepseek-v3.2,train_kb,conservative_noisy_or_conflict_adjusted,PixelWare Smartwatch Air 59,belongs_to_category,smartwatch,pixelware smartwatch air 59|belongs_to_category|smartwatch,0.98,product_59,structured,structured_row:PixelWare Smartwatch Air 59,structured,1
DEC036_B_deepseek-v3.2,train_kb,conservative_noisy_or_conflict_adjusted,PixelWare Smartwatch Air 59,has_price_usd,499,pixelware smartwatch air 59|has_price_usd|499,0.98,product_59,structured,structured_row:PixelWare Smartwatch Air 59,structured,1
DEC036_B_deepseek-v3.2,train_kb,conservative_noisy_or_conflict_adjusted,PixelWare Smartwatch Air 59,has_screen_size_inch,14.0,pixelware smartwatch air 59|has_screen_size_inch|14.0,0.98,product_59,structured,structured_row:PixelWare Smartwatch Air 59,structured,1
DEC036_B_deepseek-v3.2,train_kb,conservative_noisy_or_conflict_adjusted,PixelWare Smartwatch Air 59,has_ram_gb,4,pixelware smartwatch air 59|has_ram_gb|4,0.98,product_59,structured,structured_row:PixelWare Smartwatch Air 59,structured,1
DEC036_B_deepseek-v3.2,train_kb,conservative_noisy_or_conflict_adjusted,PixelWare Smartwatch Air 59,has_storage_gb,512,pixelware smartwatch air 59|has_storage_gb|512,0.98,product_59,structured,structured_row:PixelWare Smartwatch Air 59,structured,1
DEC036_B_deepseek-v3.2,train_kb,conservative_noisy_or_conflict_adjusted,PixelWare Smartwatch Air 59,has_battery_life_hours,12,pixelware smartwatch air 59|has_battery_life_hours|12,0.98,product_59,structured,structured_row:PixelWare Smartwatch Air 59,structured,1
DEC036_B_deepseek-v3.2,train_kb,conservative_noisy_or_conflict_adjusted,PixelWare Smartwatch Air 59,has_weight_kg,1.45,pixelware smartwatch air 59|has_weight_kg|1.45,0.98,product_59,structured,structured_row:PixelWare Smartwatch Air 59,structured,1
DEC036_B_deepseek-v3.2,train_kb,conservative_noisy_or_conflict_adjusted,PixelWare Smartwatch Air 59,has_color,silver,pixelware smartwatch air 59|has_color|silver,0.98,product_59,structured,structured_row:PixelWare Smartwatch Air 59,structured,1
DEC036_B_deepseek-v3.2,train_kb,conservative_noisy_or_conflict_adjusted,PixelWare Smartwatch Air 59,made_of_material,plastic,pixelware smartwatch air 59|made_of_material|plastic,0.98,product_59,structured,structured_row:PixelWare Smartwatch Air 59,structured,1
DEC036_B_deepseek-v3.2,train_kb,conservative_noisy_or_conflict_adjusted,PixelWare Smartwatch Air 59,target_market_region,APAC,pixelware smartwatch air 59|target_market_region|apac,0.98,product_59,structured,structured_row:PixelWare Smartwatch Air 59,structured,1
DEC036_B_deepseek-v3.2,train_kb,conservative_noisy_or_conflict_adjusted,PixelWare Smartwatch Air 59,supports_fast_charging,yes,pixelware smartwatch air 59|supports_fast_charging|yes,0.98,product_59,structured,structured_row:PixelWare Smartwatch Air 59,structured,1
DEC036_B_deepseek-v3.2,train_kb,conservative_noisy_or_conflict_adjusted,PixelWare Smartwatch Air 59,has_noise_cancellation,no,pixelware smartwatch air 59|has_noise_cancellation|no,0.98,product_59,structured,structured_row:PixelWare Smartwatch Air 59,structured,1
DEC036_B_deepseek-v3.2,train_kb,conservative_noisy_or_conflict_adjusted,smartwatch device,has_ram_gb,4,smartwatch device|has_ram_gb|4,0.9,product_59,unstructured,LP=0.984505;LPO=0.999996|It is a smartwatch device. Comes with 4GB of RAM. Offers 512GB of internal storage. Battery lasts up to 12 hours. Weighs approximately 1.45kg. Built with plastic construction. Targeted at the APAC market.,unstructured,1
DEC036_B_deepseek-v3.2,train_kb,conservative_noisy_or_conflict_adjusted,smartwatch device,has_storage_gb,512,smartwatch device|has_storage_gb|512,0.9,product_59,unstructured,LP=0.999941;LPO=1.000000|It is a smartwatch device. Comes with 4GB of RAM. Offers 512GB of internal storage. Battery lasts up to 12 hours. Weighs approximately 1.45kg. Built with plastic construction. Targeted at the APAC market.,unstructured,1
DEC036_B_deepseek-v3.2,train_kb,conservative_noisy_or_conflict_adjusted,smartwatch device,has_battery_life_hours,12,smartwatch device|has_battery_life_hours|12,0.88,product_59,unstructured,LP=0.999983;LPO=0.999903|It is a smartwatch device. Comes with 4GB of RAM. Offers 512GB of internal storage. Battery lasts up to 12 hours. Weighs approximately 1.45kg. Built with plastic construction. Targeted at the APAC market.,unstructured,1
DEC036_B_deepseek-v3.2,train_kb,conservative_noisy_or_conflict_adjusted,smartwatch device,has_weight_kg,1.45,smartwatch device|has_weight_kg|1.45,0.89,product_59,unstructured,LP=0.999987;LPO=0.999954|It is a smartwatch device. Comes with 4GB of RAM. Offers 512GB of internal storage. Battery lasts up to 12 hours. Weighs approximately 1.45kg. Built with plastic construction. Targeted at the APAC market.,unstructured,1
DEC036_B_deepseek-v3.2,train_kb,conservative_noisy_or_conflict_adjusted,smartwatch device,made_of_material,plastic,smartwatch device|made_of_material|plastic,0.91,product_59,unstructured,LP=0.999956;LPO=0.999976|It is a smartwatch device. Comes with 4GB of RAM. Offers 512GB of internal storage. Battery lasts up to 12 hours. Weighs approximately 1.45kg. Built with plastic construction. Targeted at the APAC market.,unstructured,1
DEC036_B_deepseek-v3.2,train_kb,conservative_noisy_or_conflict_adjusted,smartwatch device,target_market_region,APAC,smartwatch device|target_market_region|apac,0.92,product_59,unstructured,LP=0.999979;LPO=0.999983|It is a smartwatch device. Comes with 4GB of RAM. Offers 512GB of internal storage. Battery lasts up to 12 hours. Weighs approximately 1.45kg. Built with plastic construction. Targeted at the APAC market.,unstructured,1
DEC036_B_deepseek-v3.2,train_kb,conservative_noisy_or_conflict_adjusted,VoltEdge Headphones Air 60,manufactured_by,VoltEdge,voltedge headphones air 60|manufactured_by|voltedge,0.98,product_60,structured,structured_row:VoltEdge Headphones Air 60,structured,1
DEC036_B_deepseek-v3.2,train_kb,conservative_noisy_or_conflict_adjusted,VoltEdge Headphones Air 60,belongs_to_category,headphones,voltedge headphones air 60|belongs_to_category|headphones,0.98,product_60,structured,structured_row:VoltEdge Headphones Air 60,structured,1
DEC036_B_deepseek-v3.2,train_kb,conservative_noisy_or_conflict_adjusted,VoltEdge Headphones Air 60,has_price_usd,249,voltedge headphones air 60|has_price_usd|249,0.98,product_60,structured,structured_row:VoltEdge Headphones Air 60,structured,1
DEC036_B_deepseek-v3.2,train_kb,conservative_noisy_or_conflict_adjusted,VoltEdge Headphones Air 60,has_screen_size_inch,6.7,voltedge headphones air 60|has_screen_size_inch|6.7,0.98,product_60,structured,structured_row:VoltEdge Headphones Air 60,structured,1
DEC036_B_deepseek-v3.2,train_kb,conservative_noisy_or_conflict_adjusted,VoltEdge Headphones Air 60,has_ram_gb,12,voltedge headphones air 60|has_ram_gb|12,0.98,product_60,structured,structured_row:VoltEdge Headphones Air 60,structured,1
DEC036_B_deepseek-v3.2,train_kb,conservative_noisy_or_conflict_adjusted,VoltEdge Headphones Air 60,has_storage_gb,1024,voltedge headphones air 60|has_storage_gb|1024,0.98,product_60,structured,structured_row:VoltEdge Headphones Air 60,structured,1
DEC036_B_deepseek-v3.2,train_kb,conservative_noisy_or_conflict_adjusted,VoltEdge Headphones Air 60,has_battery_life_hours,12,voltedge headphones air 60|has_battery_life_hours|12,0.98,product_60,structured,structured_row:VoltEdge Headphones Air 60,structured,1
DEC036_B_deepseek-v3.2,train_kb,conservative_noisy_or_conflict_adjusted,VoltEdge Headphones Air 60,has_weight_kg,1.2,voltedge headphones air 60|has_weight_kg|1.2,0.98,product_60,structured,structured_row:VoltEdge Headphones Air 60,structured,1
DEC036_B_deepseek-v3.2,train_kb,conservative_noisy_or_conflict_adjusted,VoltEdge Headphones Air 60,has_color,blue,voltedge headphones air 60|has_color|blue,0.98,product_60,structured,structured_row:VoltEdge Headphones Air 60,structured,1
DEC036_B_deepseek-v3.2,train_kb,conservative_noisy_or_conflict_adjusted,VoltEdge Headphones Air 60,made_of_material,aluminum,voltedge headphones air 60|made_of_material|aluminum,0.98,product_60,structured,structured_row:VoltEdge Headphones Air 60,structured,1
DEC036_B_deepseek-v3.2,train_kb,conservative_noisy_or_conflict_adjusted,VoltEdge Headphones Air 60,target_market_region,Global,voltedge headphones air 60|target_market_region|global,0.98,product_60,structured,structured_row:VoltEdge Headphones Air 60,structured,1
DEC036_B_deepseek-v3.2,train_kb,conservative_noisy_or_conflict_adjusted,VoltEdge Headphones Air 60,supports_fast_charging,no,voltedge headphones air 60|supports_fast_charging|no,0.98,product_60,structured,structured_row:VoltEdge Headphones Air 60,structured,1
DEC036_B_deepseek-v3.2,train_kb,conservative_noisy_or_conflict_adjusted,VoltEdge Headphones Air 60,has_noise_cancellation,no,voltedge headphones air 60|has_noise_cancellation|no,0.98,product_60,structured,structured_row:VoltEdge Headphones Air 60,structured,1
DEC036_B_deepseek-v3.2,train_kb,conservative_noisy_or_conflict_adjusted,VoltEdge Headphones Air 60,manufactured_by,VoltEdge,voltedge headphones air 60|manufactured_by|voltedge,0.96,product_60,unstructured,LP=0.999991;LPO=0.999989|VoltEdge Headphones Air 60 is manufactured by VoltEdge. Comes with 12GB of RAM. Battery lasts up to 12 hours. Available in blue. Built with aluminum construction. Targeted at the Global market. Noise cancellation: no.,unstructured,1
DEC036_B_deepseek-v3.2,train_kb,conservative_noisy_or_conflict_adjusted,VoltEdge Headphones Air 60,has_ram_gb,12,voltedge headphones air 60|has_ram_gb|12,0.91,product_60,unstructured,LP=0.999937;LPO=0.999999|VoltEdge Headphones Air 60 is manufactured by VoltEdge. Comes with 12GB of RAM. Battery lasts up to 12 hours. Available in blue. Built with aluminum construction. Targeted at the Global market. Noise cancellation: no.,unstructured,1
DEC036_B_deepseek-v3.2,train_kb,conservative_noisy_or_conflict_adjusted,VoltEdge Headphones Air 60,has_battery_life_hours,12,voltedge headphones air 60|has_battery_life_hours|12,0.9,product_60,unstructured,LP=0.999985;LPO=0.999940|VoltEdge Headphones Air 60 is manufactured by VoltEdge. Comes with 12GB of RAM. Battery lasts up to 12 hours. Available in blue. Built with aluminum construction. Targeted at the Global market. Noise cancellation: no.,unstructured,1
DEC036_B_deepseek-v3.2,train_kb,conservative_noisy_or_conflict_adjusted,VoltEdge Headphones Air 60,has_color,blue,voltedge headphones air 60|has_color|blue,0.92,product_60,unstructured,LP=0.999996;LPO=0.999994|VoltEdge Headphones Air 60 is manufactured by VoltEdge. Comes with 12GB of RAM. Battery lasts up to 12 hours. Available in blue. Built with aluminum construction. Targeted at the Global market. Noise cancellation: no.,unstructured,1
DEC036_B_deepseek-v3.2,train_kb,conservative_noisy_or_conflict_adjusted,VoltEdge Headphones Air 60,made_of_material,aluminum,voltedge headphones air 60|made_of_material|aluminum,0.93,product_60,unstructured,LP=0.999985;LPO=0.999963|VoltEdge Headphones Air 60 is manufactured by VoltEdge. Comes with 12GB of RAM. Battery lasts up to 12 hours. Available in blue. Built with aluminum construction. Targeted at the Global market. Noise cancellation: no.,unstructured,1
DEC036_B_deepseek-v3.2,train_kb,conservative_noisy_or_conflict_adjusted,VoltEdge Headphones Air 60,target_market_region,Global,voltedge headphones air 60|target_market_region|global,0.94,product_60,unstructured,LP=0.999984;LPO=0.999925|VoltEdge Headphones Air 60 is manufactured by VoltEdge. Comes with 12GB of RAM. Battery lasts up to 12 hours. Available in blue. Built with aluminum construction. Targeted at the Global market. Noise cancellation: no.,unstructured,1
DEC036_B_deepseek-v3.2,train_kb,conservative_noisy_or_conflict_adjusted,VoltEdge Headphones Air 60,has_noise_cancellation,no,voltedge headphones air 60|has_noise_cancellation|no,0.95,product_60,unstructured,LP=0.999545;LPO=0.993277|VoltEdge Headphones Air 60 is manufactured by VoltEdge. Comes with 12GB of RAM. Battery lasts up to 12 hours. Available in blue. Built with aluminum construction. Targeted at the Global market. Noise cancellation: no.,unstructured,1
DEC036_B_deepseek-v3.2,train_kb,conservative_noisy_or_conflict_adjusted,NeoTech Tablet Max 61,manufactured_by,NeoTech,neotech tablet max 61|manufactured_by|neotech,0.98,product_61,structured,structured_row:NeoTech Tablet Max 61,structured,1
DEC036_B_deepseek-v3.2,train_kb,conservative_noisy_or_conflict_adjusted,NeoTech Tablet Max 61,belongs_to_category,tablet,neotech tablet max 61|belongs_to_category|tablet,0.98,product_61,structured,structured_row:NeoTech Tablet Max 61,structured,1
DEC036_B_deepseek-v3.2,train_kb,conservative_noisy_or_conflict_adjusted,NeoTech Tablet Max 61,has_price_usd,349,neotech tablet max 61|has_price_usd|349,0.98,product_61,structured,structured_row:NeoTech Tablet Max 61,structured,1
DEC036_B_deepseek-v3.2,train_kb,conservative_noisy_or_conflict_adjusted,NeoTech Tablet Max 61,has_screen_size_inch,13.3,neotech tablet max 61|has_screen_size_inch|13.3,0.98,product_61,structured,structured_row:NeoTech Tablet Max 61,structured,1
DEC036_B_deepseek-v3.2,train_kb,conservative_noisy_or_conflict_adjusted,NeoTech Tablet Max 61,has_ram_gb,8,neotech tablet max 61|has_ram_gb|8,0.98,product_61,structured,structured_row:NeoTech Tablet Max 61,structured,1
DEC036_B_deepseek-v3.2,train_kb,conservative_noisy_or_conflict_adjusted,NeoTech Tablet Max 61,has_storage_gb,128,neotech tablet max 61|has_storage_gb|128,0.98,product_61,structured,structured_row:NeoTech Tablet Max 61,structured,1
DEC036_B_deepseek-v3.2,train_kb,conservative_noisy_or_conflict_adjusted,NeoTech Tablet Max 61,has_battery_life_hours,20,neotech tablet max 61|has_battery_life_hours|20,0.98,product_61,structured,structured_row:NeoTech Tablet Max 61,structured,1
DEC036_B_deepseek-v3.2,train_kb,conservative_noisy_or_conflict_adjusted,NeoTech Tablet Max 61,has_weight_kg,0.18,neotech tablet max 61|has_weight_kg|0.18,0.98,product_61,structured,structured_row:NeoTech Tablet Max 61,structured,1
DEC036_B_deepseek-v3.2,train_kb,conservative_noisy_or_conflict_adjusted,NeoTech Tablet Max 61,has_color,silver,neotech tablet max 61|has_color|silver,0.98,product_61,structured,structured_row:NeoTech Tablet Max 61,structured,1
DEC036_B_deepseek-v3.2,train_kb,conservative_noisy_or_conflict_adjusted,NeoTech Tablet Max 61,made_of_material,carbon fiber,neotech tablet max 61|made_of_material|carbon fiber,0.98,product_61,structured,structured_row:NeoTech Tablet Max 61,structured,1
DEC036_B_deepseek-v3.2,train_kb,conservative_noisy_or_conflict_adjusted,NeoTech Tablet Max 61,target_market_region,APAC,neotech tablet max 61|target_market_region|apac,0.98,product_61,structured,structured_row:NeoTech Tablet Max 61,structured,1
DEC036_B_deepseek-v3.2,train_kb,conservative_noisy_or_conflict_adjusted,NeoTech Tablet Max 61,supports_fast_charging,yes,neotech tablet max 61|supports_fast_charging|yes,0.98,product_61,structured,structured_row:NeoTech Tablet Max 61,structured,1
DEC036_B_deepseek-v3.2,train_kb,conservative_noisy_or_conflict_adjusted,NeoTech Tablet Max 61,has_noise_cancellation,no,neotech tablet max 61|has_noise_cancellation|no,0.98,product_61,structured,structured_row:NeoTech Tablet Max 61,structured,1
DEC036_B_deepseek-v3.2,train_kb,conservative_noisy_or_conflict_adjusted,NeoTech Tablet Max 61,manufactured_by,NeoTech,neotech tablet max 61|manufactured_by|neotech,0.95,product_61,unstructured,LP=0.999969;LPO=0.999993|NeoTech Tablet Max 61 is manufactured by NeoTech. Priced at 349 USD. Comes with 8GB of RAM. Offers 128GB of internal storage. Weighs approximately 0.18kg. Built with carbon fiber construction. Targeted at the APAC market.,unstructured,1
DEC036_B_deepseek-v3.2,train_kb,conservative_noisy_or_conflict_adjusted,NeoTech Tablet Max 61,has_price_usd,349,neotech tablet max 61|has_price_usd|349,0.93,product_61,unstructured,LP=0.999963;LPO=0.999985|NeoTech Tablet Max 61 is manufactured by NeoTech. Priced at 349 USD. Comes with 8GB of RAM. Offers 128GB of internal storage. Weighs approximately 0.18kg. Built with carbon fiber construction. Targeted at the APAC market.,unstructured,1
DEC036_B_deepseek-v3.2,train_kb,conservative_noisy_or_conflict_adjusted,NeoTech Tablet Max 61,has_ram_gb,8,neotech tablet max 61|has_ram_gb|8,0.92,product_61,unstructured,LP=0.999992;LPO=0.999924|NeoTech Tablet Max 61 is manufactured by NeoTech. Priced at 349 USD. Comes with 8GB of RAM. Offers 128GB of internal storage. Weighs approximately 0.18kg. Built with carbon fiber construction. Targeted at the APAC market.,unstructured,1
DEC036_B_deepseek-v3.2,train_kb,conservative_noisy_or_conflict_adjusted,NeoTech Tablet Max 61,has_storage_gb,128,neotech tablet max 61|has_storage_gb|128,0.92,product_61,unstructured,LP=0.999999;LPO=1.000000|NeoTech Tablet Max 61 is manufactured by NeoTech. Priced at 349 USD. Comes with 8GB of RAM. Offers 128GB of internal storage. Weighs approximately 0.18kg. Built with carbon fiber construction. Targeted at the APAC market.,unstructured,1
DEC036_B_deepseek-v3.2,train_kb,conservative_noisy_or_conflict_adjusted,NeoTech Tablet Max 61,has_weight_kg,0.18,neotech tablet max 61|has_weight_kg|0.18,0.9,product_61,unstructured,LP=0.999994;LPO=0.999958|NeoTech Tablet Max 61 is manufactured by NeoTech. Priced at 349 USD. Comes with 8GB of RAM. Offers 128GB of internal storage. Weighs approximately 0.18kg. Built with carbon fiber construction. Targeted at the APAC market.,unstructured,1
DEC036_B_deepseek-v3.2,train_kb,conservative_noisy_or_conflict_adjusted,NeoTech Tablet Max 61,made_of_material,carbon fiber,neotech tablet max 61|made_of_material|carbon fiber,0.91,product_61,unstructured,LP=0.999991;LPO=0.999974|NeoTech Tablet Max 61 is manufactured by NeoTech. Priced at 349 USD. Comes with 8GB of RAM. Offers 128GB of internal storage. Weighs approximately 0.18kg. Built with carbon fiber construction. Targeted at the APAC market.,unstructured,1
DEC036_B_deepseek-v3.2,train_kb,conservative_noisy_or_conflict_adjusted,NeoTech Tablet Max 61,target_market_region,APAC,neotech tablet max 61|target_market_region|apac,0.94,product_61,unstructured,LP=0.999998;LPO=0.999996|NeoTech Tablet Max 61 is manufactured by NeoTech. Priced at 349 USD. Comes with 8GB of RAM. Offers 128GB of internal storage. Weighs approximately 0.18kg. Built with carbon fiber construction. Targeted at the APAC market.,unstructured,1
DEC036_B_deepseek-v3.2,train_kb,conservative_noisy_or_conflict_adjusted,TechNova Laptop Pro 63,manufactured_by,TechNova,technova laptop pro 63|manufactured_by|technova,0.98,product_63,structured,structured_row:TechNova Laptop Pro 63,structured,1
DEC036_B_deepseek-v3.2,train_kb,conservative_noisy_or_conflict_adjusted,TechNova Laptop Pro 63,belongs_to_category,laptop,technova laptop pro 63|belongs_to_category|laptop,0.98,product_63,structured,structured_row:TechNova Laptop Pro 63,structured,1
DEC036_B_deepseek-v3.2,train_kb,conservative_noisy_or_conflict_adjusted,TechNova Laptop Pro 63,has_price_usd,899,technova laptop pro 63|has_price_usd|899,0.98,product_63,structured,structured_row:TechNova Laptop Pro 63,structured,1
DEC036_B_deepseek-v3.2,train_kb,conservative_noisy_or_conflict_adjusted,TechNova Laptop Pro 63,has_screen_size_inch,6.1,technova laptop pro 63|has_screen_size_inch|6.1,0.98,product_63,structured,structured_row:TechNova Laptop Pro 63,structured,1
DEC036_B_deepseek-v3.2,train_kb,conservative_noisy_or_conflict_adjusted,TechNova Laptop Pro 63,has_ram_gb,8,technova laptop pro 63|has_ram_gb|8,0.98,product_63,structured,structured_row:TechNova Laptop Pro 63,structured,1
DEC036_B_deepseek-v3.2,train_kb,conservative_noisy_or_conflict_adjusted,TechNova Laptop Pro 63,has_storage_gb,1024,technova laptop pro 63|has_storage_gb|1024,0.98,product_63,structured,structured_row:TechNova Laptop Pro 63,structured,1
DEC036_B_deepseek-v3.2,train_kb,conservative_noisy_or_conflict_adjusted,TechNova Laptop Pro 63,has_battery_life_hours,8,technova laptop pro 63|has_battery_life_hours|8,0.98,product_63,structured,structured_row:TechNova Laptop Pro 63,structured,1
DEC036_B_deepseek-v3.2,train_kb,conservative_noisy_or_conflict_adjusted,TechNova Laptop Pro 63,has_weight_kg,0.55,technova laptop pro 63|has_weight_kg|0.55,0.98,product_63,structured,structured_row:TechNova Laptop Pro 63,structured,1
DEC036_B_deepseek-v3.2,train_kb,conservative_noisy_or_conflict_adjusted,TechNova Laptop Pro 63,has_color,white,technova laptop pro 63|has_color|white,0.98,product_63,structured,structured_row:TechNova Laptop Pro 63,structured,1
DEC036_B_deepseek-v3.2,train_kb,conservative_noisy_or_conflict_adjusted,TechNova Laptop Pro 63,made_of_material,carbon fiber,technova laptop pro 63|made_of_material|carbon fiber,0.98,product_63,structured,structured_row:TechNova Laptop Pro 63,structured,1
DEC036_B_deepseek-v3.2,train_kb,conservative_noisy_or_conflict_adjusted,TechNova Laptop Pro 63,target_market_region,APAC,technova laptop pro 63|target_market_region|apac,0.98,product_63,structured,structured_row:TechNova Laptop Pro 63,structured,1
DEC036_B_deepseek-v3.2,train_kb,conservative_noisy_or_conflict_adjusted,TechNova Laptop Pro 63,supports_fast_charging,no,technova laptop pro 63|supports_fast_charging|no,0.98,product_63,structured,structured_row:TechNova Laptop Pro 63,structured,1
DEC036_B_deepseek-v3.2,train_kb,conservative_noisy_or_conflict_adjusted,TechNova Laptop Pro 63,has_noise_cancellation,no,technova laptop pro 63|has_noise_cancellation|no,0.98,product_63,structured,structured_row:TechNova Laptop Pro 63,structured,1
DEC036_B_deepseek-v3.2,train_kb,conservative_noisy_or_conflict_adjusted,TechNova Laptop Pro 63,manufactured_by,TechNova,technova laptop pro 63|manufactured_by|technova,0.95,product_63,unstructured,LP=0.999995;LPO=0.999994|TechNova Laptop Pro 63 is manufactured by TechNova. Comes with 8GB of RAM. Offers 1024GB of internal storage. Battery lasts up to 8 hours. Targeted at the APAC market. Fast charging is no. Noise cancellation: no.,unstructured,1
DEC036_B_deepseek-v3.2,train_kb,conservative_noisy_or_conflict_adjusted,TechNova Laptop Pro 63,has_ram_gb,8,technova laptop pro 63|has_ram_gb|8,0.91,product_63,unstructured,LP=0.999881;LPO=0.999983|TechNova Laptop Pro 63 is manufactured by TechNova. Comes with 8GB of RAM. Offers 1024GB of internal storage. Battery lasts up to 8 hours. Targeted at the APAC market. Fast charging is no. Noise cancellation: no.,unstructured,1
DEC036_B_deepseek-v3.2,train_kb,conservative_noisy_or_conflict_adjusted,TechNova Laptop Pro 63,has_storage_gb,1024,technova laptop pro 63|has_storage_gb|1024,0.92,product_63,unstructured,LP=0.999989;LPO=0.999999|TechNova Laptop Pro 63 is manufactured by TechNova. Comes with 8GB of RAM. Offers 1024GB of internal storage. Battery lasts up to 8 hours. Targeted at the APAC market. Fast charging is no. Noise cancellation: no.,unstructured,1
DEC036_B_deepseek-v3.2,train_kb,conservative_noisy_or_conflict_adjusted,TechNova Laptop Pro 63,has_battery_life_hours,8,technova laptop pro 63|has_battery_life_hours|8,0.9,product_63,unstructured,LP=0.999979;LPO=0.999953|TechNova Laptop Pro 63 is manufactured by TechNova. Comes with 8GB of RAM. Offers 1024GB of internal storage. Battery lasts up to 8 hours. Targeted at the APAC market. Fast charging is no. Noise cancellation: no.,unstructured,1
DEC036_B_deepseek-v3.2,train_kb,conservative_noisy_or_conflict_adjusted,TechNova Laptop Pro 63,target_market_region,APAC,technova laptop pro 63|target_market_region|apac,0.93,product_63,unstructured,LP=0.999994;LPO=0.999934|TechNova Laptop Pro 63 is manufactured by TechNova. Comes with 8GB of RAM. Offers 1024GB of internal storage. Battery lasts up to 8 hours. Targeted at the APAC market. Fast charging is no. Noise cancellation: no.,unstructured,1
DEC036_B_deepseek-v3.2,train_kb,conservative_noisy_or_conflict_adjusted,TechNova Laptop Pro 63,supports_fast_charging,no,technova laptop pro 63|supports_fast_charging|no,0.88,product_63,unstructured,LP=0.998411;LPO=0.976476|TechNova Laptop Pro 63 is manufactured by TechNova. Comes with 8GB of RAM. Offers 1024GB of internal storage. Battery lasts up to 8 hours. Targeted at the APAC market. Fast charging is no. Noise cancellation: no.,unstructured,1
DEC036_B_deepseek-v3.2,train_kb,conservative_noisy_or_conflict_adjusted,TechNova Laptop Pro 63,has_noise_cancellation,no,technova laptop pro 63|has_noise_cancellation|no,0.88,product_63,unstructured,LP=0.999998;LPO=0.999999|TechNova Laptop Pro 63 is manufactured by TechNova. Comes with 8GB of RAM. Offers 1024GB of internal storage. Battery lasts up to 8 hours. Targeted at the APAC market. Fast charging is no. Noise cancellation: no.,unstructured,1
DEC036_B_deepseek-v3.2,train_kb,conservative_noisy_or_conflict_adjusted,VoltEdge Laptop Plus 64,manufactured_by,VoltEdge,voltedge laptop plus 64|manufactured_by|voltedge,0.98,product_64,structured,structured_row:VoltEdge Laptop Plus 64,structured,1
DEC036_B_deepseek-v3.2,train_kb,conservative_noisy_or_conflict_adjusted,VoltEdge Laptop Plus 64,belongs_to_category,laptop,voltedge laptop plus 64|belongs_to_category|laptop,0.98,product_64,structured,structured_row:VoltEdge Laptop Plus 64,structured,1
DEC036_B_deepseek-v3.2,train_kb,conservative_noisy_or_conflict_adjusted,VoltEdge Laptop Plus 64,has_price_usd,349,voltedge laptop plus 64|has_price_usd|349,0.98,product_64,structured,structured_row:VoltEdge Laptop Plus 64,structured,1
DEC036_B_deepseek-v3.2,train_kb,conservative_noisy_or_conflict_adjusted,VoltEdge Laptop Plus 64,has_screen_size_inch,14.0,voltedge laptop plus 64|has_screen_size_inch|14.0,0.98,product_64,structured,structured_row:VoltEdge Laptop Plus 64,structured,1
DEC036_B_deepseek-v3.2,train_kb,conservative_noisy_or_conflict_adjusted,VoltEdge Laptop Plus 64,has_ram_gb,4,voltedge laptop plus 64|has_ram_gb|4,0.98,product_64,structured,structured_row:VoltEdge Laptop Plus 64,structured,1
DEC036_B_deepseek-v3.2,train_kb,conservative_noisy_or_conflict_adjusted,VoltEdge Laptop Plus 64,has_storage_gb,512,voltedge laptop plus 64|has_storage_gb|512,0.98,product_64,structured,structured_row:VoltEdge Laptop Plus 64,structured,1
DEC036_B_deepseek-v3.2,train_kb,conservative_noisy_or_conflict_adjusted,VoltEdge Laptop Plus 64,has_battery_life_hours,20,voltedge laptop plus 64|has_battery_life_hours|20,0.98,product_64,structured,structured_row:VoltEdge Laptop Plus 64,structured,1
DEC036_B_deepseek-v3.2,train_kb,conservative_noisy_or_conflict_adjusted,VoltEdge Laptop Plus 64,has_weight_kg,0.42,voltedge laptop plus 64|has_weight_kg|0.42,0.98,product_64,structured,structured_row:VoltEdge Laptop Plus 64,structured,1
DEC036_B_deepseek-v3.2,train_kb,conservative_noisy_or_conflict_adjusted,VoltEdge Laptop Plus 64,has_color,black,voltedge laptop plus 64|has_color|black,0.98,product_64,structured,structured_row:VoltEdge Laptop Plus 64,structured,1
DEC036_B_deepseek-v3.2,train_kb,conservative_noisy_or_conflict_adjusted,VoltEdge Laptop Plus 64,made_of_material,carbon fiber,voltedge laptop plus 64|made_of_material|carbon fiber,0.98,product_64,structured,structured_row:VoltEdge Laptop Plus 64,structured,1
DEC036_B_deepseek-v3.2,train_kb,conservative_noisy_or_conflict_adjusted,VoltEdge Laptop Plus 64,target_market_region,APAC,voltedge laptop plus 64|target_market_region|apac,0.98,product_64,structured,structured_row:VoltEdge Laptop Plus 64,structured,1
DEC036_B_deepseek-v3.2,train_kb,conservative_noisy_or_conflict_adjusted,VoltEdge Laptop Plus 64,supports_fast_charging,no,voltedge laptop plus 64|supports_fast_charging|no,0.98,product_64,structured,structured_row:VoltEdge Laptop Plus 64,structured,1
DEC036_B_deepseek-v3.2,train_kb,conservative_noisy_or_conflict_adjusted,VoltEdge Laptop Plus 64,has_noise_cancellation,no,voltedge laptop plus 64|has_noise_cancellation|no,0.98,product_64,structured,structured_row:VoltEdge Laptop Plus 64,structured,1
DEC036_B_deepseek-v3.2,train_kb,conservative_noisy_or_conflict_adjusted,VoltEdge Laptop Plus 64,manufactured_by,VoltEdge,voltedge laptop plus 64|manufactured_by|voltedge,0.96,product_64,unstructured,LP=0.999991;LPO=0.999954|VoltEdge Laptop Plus 64 is manufactured by VoltEdge. It is a laptop device. Priced at 349 USD. Comes with 4GB of RAM. Weighs approximately 0.42kg. Built with carbon fiber construction. Targeted at the APAC market.,unstructured,1
DEC036_B_deepseek-v3.2,train_kb,conservative_noisy_or_conflict_adjusted,VoltEdge Laptop Plus 64,belongs_to_category,laptop device,voltedge laptop plus 64|belongs_to_category|laptop device,0.92,product_64,unstructured,LP=0.990628;LPO=0.939820|VoltEdge Laptop Plus 64 is manufactured by VoltEdge. It is a laptop device. Priced at 349 USD. Comes with 4GB of RAM. Weighs approximately 0.42kg. Built with carbon fiber construction. Targeted at the APAC market.,unstructured,1
DEC036_B_deepseek-v3.2,train_kb,conservative_noisy_or_conflict_adjusted,VoltEdge Laptop Plus 64,has_price_usd,349,voltedge laptop plus 64|has_price_usd|349,0.94,product_64,unstructured,LP=0.999995;LPO=0.999997|VoltEdge Laptop Plus 64 is manufactured by VoltEdge. It is a laptop device. Priced at 349 USD. Comes with 4GB of RAM. Weighs approximately 0.42kg. Built with carbon fiber construction. Targeted at the APAC market.,unstructured,1
DEC036_B_deepseek-v3.2,train_kb,conservative_noisy_or_conflict_adjusted,VoltEdge Laptop Plus 64,has_ram_gb,4,voltedge laptop plus 64|has_ram_gb|4,0.93,product_64,unstructured,LP=0.999987;LPO=0.999999|VoltEdge Laptop Plus 64 is manufactured by VoltEdge. It is a laptop device. Priced at 349 USD. Comes with 4GB of RAM. Weighs approximately 0.42kg. Built with carbon fiber construction. Targeted at the APAC market.,unstructured,1
DEC036_B_deepseek-v3.2,train_kb,conservative_noisy_or_conflict_adjusted,VoltEdge Laptop Plus 64,has_weight_kg,0.42,voltedge laptop plus 64|has_weight_kg|0.42,0.85,product_64,unstructured,LP=0.999997;LPO=0.999976|VoltEdge Laptop Plus 64 is manufactured by VoltEdge. It is a laptop device. Priced at 349 USD. Comes with 4GB of RAM. Weighs approximately 0.42kg. Built with carbon fiber construction. Targeted at the APAC market.,unstructured,1
DEC036_B_deepseek-v3.2,train_kb,conservative_noisy_or_conflict_adjusted,VoltEdge Laptop Plus 64,made_of_material,carbon fiber,voltedge laptop plus 64|made_of_material|carbon fiber,0.91,product_64,unstructured,LP=0.999991;LPO=0.999995|VoltEdge Laptop Plus 64 is manufactured by VoltEdge. It is a laptop device. Priced at 349 USD. Comes with 4GB of RAM. Weighs approximately 0.42kg. Built with carbon fiber construction. Targeted at the APAC market.,unstructured,1
DEC036_B_deepseek-v3.2,train_kb,conservative_noisy_or_conflict_adjusted,VoltEdge Laptop Plus 64,target_market_region,APAC,voltedge laptop plus 64|target_market_region|apac,0.94,product_64,unstructured,LP=0.999998;LPO=0.999998|VoltEdge Laptop Plus 64 is manufactured by VoltEdge. It is a laptop device. Priced at 349 USD. Comes with 4GB of RAM. Weighs approximately 0.42kg. Built with carbon fiber construction. Targeted at the APAC market.,unstructured,1
DEC036_B_deepseek-v3.2,train_kb,conservative_noisy_or_conflict_adjusted,PixelWare Smartphone Air 65,manufactured_by,PixelWare,pixelware smartphone air 65|manufactured_by|pixelware,0.98,product_65,structured,structured_row:PixelWare Smartphone Air 65,structured,1
DEC036_B_deepseek-v3.2,train_kb,conservative_noisy_or_conflict_adjusted,PixelWare Smartphone Air 65,belongs_to_category,smartphone,pixelware smartphone air 65|belongs_to_category|smartphone,0.98,product_65,structured,structured_row:PixelWare Smartphone Air 65,structured,1
DEC036_B_deepseek-v3.2,train_kb,conservative_noisy_or_conflict_adjusted,PixelWare Smartphone Air 65,has_price_usd,699,pixelware smartphone air 65|has_price_usd|699,0.98,product_65,structured,structured_row:PixelWare Smartphone Air 65,structured,1
DEC036_B_deepseek-v3.2,train_kb,conservative_noisy_or_conflict_adjusted,PixelWare Smartphone Air 65,has_screen_size_inch,14.0,pixelware smartphone air 65|has_screen_size_inch|14.0,0.98,product_65,structured,structured_row:PixelWare Smartphone Air 65,structured,1
DEC036_B_deepseek-v3.2,train_kb,conservative_noisy_or_conflict_adjusted,PixelWare Smartphone Air 65,has_ram_gb,32,pixelware smartphone air 65|has_ram_gb|32,0.98,product_65,structured,structured_row:PixelWare Smartphone Air 65,structured,1
DEC036_B_deepseek-v3.2,train_kb,conservative_noisy_or_conflict_adjusted,PixelWare Smartphone Air 65,has_storage_gb,1024,pixelware smartphone air 65|has_storage_gb|1024,0.98,product_65,structured,structured_row:PixelWare Smartphone Air 65,structured,1
DEC036_B_deepseek-v3.2,train_kb,conservative_noisy_or_conflict_adjusted,PixelWare Smartphone Air 65,has_battery_life_hours,14,pixelware smartphone air 65|has_battery_life_hours|14,0.98,product_65,structured,structured_row:PixelWare Smartphone Air 65,structured,1
DEC036_B_deepseek-v3.2,train_kb,conservative_noisy_or_conflict_adjusted,PixelWare Smartphone Air 65,has_weight_kg,1.2,pixelware smartphone air 65|has_weight_kg|1.2,0.98,product_65,structured,structured_row:PixelWare Smartphone Air 65,structured,1
DEC036_B_deepseek-v3.2,train_kb,conservative_noisy_or_conflict_adjusted,PixelWare Smartphone Air 65,has_color,green,pixelware smartphone air 65|has_color|green,0.98,product_65,structured,structured_row:PixelWare Smartphone Air 65,structured,1
DEC036_B_deepseek-v3.2,train_kb,conservative_noisy_or_conflict_adjusted,PixelWare Smartphone Air 65,made_of_material,aluminum,pixelware smartphone air 65|made_of_material|aluminum,0.98,product_65,structured,structured_row:PixelWare Smartphone Air 65,structured,1
DEC036_B_deepseek-v3.2,train_kb,conservative_noisy_or_conflict_adjusted,PixelWare Smartphone Air 65,target_market_region,Global,pixelware smartphone air 65|target_market_region|global,0.98,product_65,structured,structured_row:PixelWare Smartphone Air 65,structured,1
DEC036_B_deepseek-v3.2,train_kb,conservative_noisy_or_conflict_adjusted,PixelWare Smartphone Air 65,supports_fast_charging,yes,pixelware smartphone air 65|supports_fast_charging|yes,0.98,product_65,structured,structured_row:PixelWare Smartphone Air 65,structured,1
DEC036_B_deepseek-v3.2,train_kb,conservative_noisy_or_conflict_adjusted,PixelWare Smartphone Air 65,has_noise_cancellation,no,pixelware smartphone air 65|has_noise_cancellation|no,0.98,product_65,structured,structured_row:PixelWare Smartphone Air 65,structured,1
DEC036_B_deepseek-v3.2,train_kb,conservative_noisy_or_conflict_adjusted,PixelWare Smartphone Air 65,manufactured_by,PixelWare,pixelware smartphone air 65|manufactured_by|pixelware,0.96,product_65,unstructured,LP=0.999998;LPO=0.999993|PixelWare Smartphone Air 65 is manufactured by PixelWare. It is a smartphone device. Comes with 32GB of RAM. Battery lasts up to 14 hours. Weighs approximately 1.2kg. Targeted at the Global market. Noise cancellation: no.,unstructured,1
DEC036_B_deepseek-v3.2,train_kb,conservative_noisy_or_conflict_adjusted,PixelWare Smartphone Air 65,belongs_to_category,smartphone device,pixelware smartphone air 65|belongs_to_category|smartphone device,0.94,product_65,unstructured,LP=0.955533;LPO=0.622244|PixelWare Smartphone Air 65 is manufactured by PixelWare. It is a smartphone device. Comes with 32GB of RAM. Battery lasts up to 14 hours. Weighs approximately 1.2kg. Targeted at the Global market. Noise cancellation: no.,unstructured,1
DEC036_B_deepseek-v3.2,train_kb,conservative_noisy_or_conflict_adjusted,PixelWare Smartphone Air 65,has_ram_gb,32,pixelware smartphone air 65|has_ram_gb|32,0.95,product_65,unstructured,LP=0.999970;LPO=0.999998|PixelWare Smartphone Air 65 is manufactured by PixelWare. It is a smartphone device. Comes with 32GB of RAM. Battery lasts up to 14 hours. Weighs approximately 1.2kg. Targeted at the Global market. Noise cancellation: no.,unstructured,1
DEC036_B_deepseek-v3.2,train_kb,conservative_noisy_or_conflict_adjusted,PixelWare Smartphone Air 65,has_battery_life_hours,14,pixelware smartphone air 65|has_battery_life_hours|14,0.88,product_65,unstructured,LP=0.999981;LPO=0.999982|PixelWare Smartphone Air 65 is manufactured by PixelWare. It is a smartphone device. Comes with 32GB of RAM. Battery lasts up to 14 hours. Weighs approximately 1.2kg. Targeted at the Global market. Noise cancellation: no.,unstructured,1
DEC036_B_deepseek-v3.2,train_kb,conservative_noisy_or_conflict_adjusted,PixelWare Smartphone Air 65,has_weight_kg,1.2,pixelware smartphone air 65|has_weight_kg|1.2,0.87,product_65,unstructured,LP=0.999986;LPO=0.999832|PixelWare Smartphone Air 65 is manufactured by PixelWare. It is a smartphone device. Comes with 32GB of RAM. Battery lasts up to 14 hours. Weighs approximately 1.2kg. Targeted at the Global market. Noise cancellation: no.,unstructured,1
DEC036_B_deepseek-v3.2,train_kb,conservative_noisy_or_conflict_adjusted,PixelWare Smartphone Air 65,target_market_region,Global,pixelware smartphone air 65|target_market_region|global,0.93,product_65,unstructured,LP=0.999981;LPO=0.999896|PixelWare Smartphone Air 65 is manufactured by PixelWare. It is a smartphone device. Comes with 32GB of RAM. Battery lasts up to 14 hours. Weighs approximately 1.2kg. Targeted at the Global market. Noise cancellation: no.,unstructured,1
DEC036_B_deepseek-v3.2,train_kb,conservative_noisy_or_conflict_adjusted,PixelWare Smartphone Air 65,has_noise_cancellation,no,pixelware smartphone air 65|has_noise_cancellation|no,0.96,product_65,unstructured,LP=0.999692;LPO=0.995891|PixelWare Smartphone Air 65 is manufactured by PixelWare. It is a smartphone device. Comes with 32GB of RAM. Battery lasts up to 14 hours. Weighs approximately 1.2kg. Targeted at the Global market. Noise cancellation: no.,unstructured,1
DEC036_B_deepseek-v3.2,train_kb,conservative_noisy_or_conflict_adjusted,PixelWare Headphones Lite 66,manufactured_by,PixelWare,pixelware headphones lite 66|manufactured_by|pixelware,0.98,product_66,structured,structured_row:PixelWare Headphones Lite 66,structured,1
DEC036_B_deepseek-v3.2,train_kb,conservative_noisy_or_conflict_adjusted,PixelWare Headphones Lite 66,belongs_to_category,headphones,pixelware headphones lite 66|belongs_to_category|headphones,0.98,product_66,structured,structured_row:PixelWare Headphones Lite 66,structured,1
DEC036_B_deepseek-v3.2,train_kb,conservative_noisy_or_conflict_adjusted,PixelWare Headphones Lite 66,has_price_usd,249,pixelware headphones lite 66|has_price_usd|249,0.98,product_66,structured,structured_row:PixelWare Headphones Lite 66,structured,1
DEC036_B_deepseek-v3.2,train_kb,conservative_noisy_or_conflict_adjusted,PixelWare Headphones Lite 66,has_screen_size_inch,14.0,pixelware headphones lite 66|has_screen_size_inch|14.0,0.98,product_66,structured,structured_row:PixelWare Headphones Lite 66,structured,1
DEC036_B_deepseek-v3.2,train_kb,conservative_noisy_or_conflict_adjusted,PixelWare Headphones Lite 66,has_ram_gb,8,pixelware headphones lite 66|has_ram_gb|8,0.98,product_66,structured,structured_row:PixelWare Headphones Lite 66,structured,1
DEC036_B_deepseek-v3.2,train_kb,conservative_noisy_or_conflict_adjusted,PixelWare Headphones Lite 66,has_storage_gb,1024,pixelware headphones lite 66|has_storage_gb|1024,0.98,product_66,structured,structured_row:PixelWare Headphones Lite 66,structured,1
DEC036_B_deepseek-v3.2,train_kb,conservative_noisy_or_conflict_adjusted,PixelWare Headphones Lite 66,has_battery_life_hours,20,pixelware headphones lite 66|has_battery_life_hours|20,0.98,product_66,structured,structured_row:PixelWare Headphones Lite 66,structured,1
DEC036_B_deepseek-v3.2,train_kb,conservative_noisy_or_conflict_adjusted,PixelWare Headphones Lite 66,has_weight_kg,0.42,pixelware headphones lite 66|has_weight_kg|0.42,0.98,product_66,structured,structured_row:PixelWare Headphones Lite 66,structured,1
DEC036_B_deepseek-v3.2,train_kb,conservative_noisy_or_conflict_adjusted,PixelWare Headphones Lite 66,has_color,white,pixelware headphones lite 66|has_color|white,0.98,product_66,structured,structured_row:PixelWare Headphones Lite 66,structured,1
DEC036_B_deepseek-v3.2,train_kb,conservative_noisy_or_conflict_adjusted,PixelWare Headphones Lite 66,made_of_material,plastic,pixelware headphones lite 66|made_of_material|plastic,0.98,product_66,structured,structured_row:PixelWare Headphones Lite 66,structured,1
DEC036_B_deepseek-v3.2,train_kb,conservative_noisy_or_conflict_adjusted,PixelWare Headphones Lite 66,target_market_region,US,pixelware headphones lite 66|target_market_region|us,0.98,product_66,structured,structured_row:PixelWare Headphones Lite 66,structured,1
DEC036_B_deepseek-v3.2,train_kb,conservative_noisy_or_conflict_adjusted,PixelWare Headphones Lite 66,supports_fast_charging,yes,pixelware headphones lite 66|supports_fast_charging|yes,0.98,product_66,structured,structured_row:PixelWare Headphones Lite 66,structured,1
DEC036_B_deepseek-v3.2,train_kb,conservative_noisy_or_conflict_adjusted,PixelWare Headphones Lite 66,has_noise_cancellation,no,pixelware headphones lite 66|has_noise_cancellation|no,0.98,product_66,structured,structured_row:PixelWare Headphones Lite 66,structured,1
DEC036_B_deepseek-v3.2,train_kb,conservative_noisy_or_conflict_adjusted,headphones device,has_screen_size_inch,14.0,headphones device|has_screen_size_inch|14.0,0.85,product_66,unstructured,LP=0.958898;LPO=0.996716|It is a headphones device. The display measures 14.0 inches. Comes with 8GB of RAM. Offers 1024GB of internal storage. Weighs approximately 0.42kg. Targeted at the US market. Fast charging is yes.,unstructured,1
DEC036_B_deepseek-v3.2,train_kb,conservative_noisy_or_conflict_adjusted,headphones device,has_ram_gb,8,headphones device|has_ram_gb|8,0.92,product_66,unstructured,LP=0.999952;LPO=0.999994|It is a headphones device. The display measures 14.0 inches. Comes with 8GB of RAM. Offers 1024GB of internal storage. Weighs approximately 0.42kg. Targeted at the US market. Fast charging is yes.,unstructured,1
DEC036_B_deepseek-v3.2,train_kb,conservative_noisy_or_conflict_adjusted,headphones device,has_storage_gb,1024,headphones device|has_storage_gb|1024,0.94,product_66,unstructured,LP=0.999990;LPO=0.999998|It is a headphones device. The display measures 14.0 inches. Comes with 8GB of RAM. Offers 1024GB of internal storage. Weighs approximately 0.42kg. Targeted at the US market. Fast charging is yes.,unstructured,1
DEC036_B_deepseek-v3.2,train_kb,conservative_noisy_or_conflict_adjusted,headphones device,has_weight_kg,0.42,headphones device|has_weight_kg|0.42,0.88,product_66,unstructured,LP=0.999993;LPO=0.999980|It is a headphones device. The display measures 14.0 inches. Comes with 8GB of RAM. Offers 1024GB of internal storage. Weighs approximately 0.42kg. Targeted at the US market. Fast charging is yes.,unstructured,1
DEC036_B_deepseek-v3.2,train_kb,conservative_noisy_or_conflict_adjusted,headphones device,target_market_region,US,headphones device|target_market_region|us,0.91,product_66,unstructured,LP=0.999962;LPO=0.999792|It is a headphones device. The display measures 14.0 inches. Comes with 8GB of RAM. Offers 1024GB of internal storage. Weighs approximately 0.42kg. Targeted at the US market. Fast charging is yes.,unstructured,1
DEC036_B_deepseek-v3.2,train_kb,conservative_noisy_or_conflict_adjusted,headphones device,supports_fast_charging,yes,headphones device|supports_fast_charging|yes,0.93,product_66,unstructured,LP=0.999890;LPO=0.998944|It is a headphones device. The display measures 14.0 inches. Comes with 8GB of RAM. Offers 1024GB of internal storage. Weighs approximately 0.42kg. Targeted at the US market. Fast charging is yes.,unstructured,1
DEC036_B_deepseek-v3.2,train_kb,conservative_noisy_or_conflict_adjusted,Auralex Smartwatch Max 67,manufactured_by,Auralex,auralex smartwatch max 67|manufactured_by|auralex,0.98,product_67,structured,structured_row:Auralex Smartwatch Max 67,structured,1
DEC036_B_deepseek-v3.2,train_kb,conservative_noisy_or_conflict_adjusted,Auralex Smartwatch Max 67,belongs_to_category,smartwatch,auralex smartwatch max 67|belongs_to_category|smartwatch,0.98,product_67,structured,structured_row:Auralex Smartwatch Max 67,structured,1
DEC036_B_deepseek-v3.2,train_kb,conservative_noisy_or_conflict_adjusted,Auralex Smartwatch Max 67,has_price_usd,349,auralex smartwatch max 67|has_price_usd|349,0.98,product_67,structured,structured_row:Auralex Smartwatch Max 67,structured,1
DEC036_B_deepseek-v3.2,train_kb,conservative_noisy_or_conflict_adjusted,Auralex Smartwatch Max 67,has_screen_size_inch,6.1,auralex smartwatch max 67|has_screen_size_inch|6.1,0.98,product_67,structured,structured_row:Auralex Smartwatch Max 67,structured,1
DEC036_B_deepseek-v3.2,train_kb,conservative_noisy_or_conflict_adjusted,Auralex Smartwatch Max 67,has_ram_gb,16,auralex smartwatch max 67|has_ram_gb|16,0.98,product_67,structured,structured_row:Auralex Smartwatch Max 67,structured,1
DEC036_B_deepseek-v3.2,train_kb,conservative_noisy_or_conflict_adjusted,Auralex Smartwatch Max 67,has_storage_gb,128,auralex smartwatch max 67|has_storage_gb|128,0.98,product_67,structured,structured_row:Auralex Smartwatch Max 67,structured,1
DEC036_B_deepseek-v3.2,train_kb,conservative_noisy_or_conflict_adjusted,Auralex Smartwatch Max 67,has_battery_life_hours,18,auralex smartwatch max 67|has_battery_life_hours|18,0.98,product_67,structured,structured_row:Auralex Smartwatch Max 67,structured,1
DEC036_B_deepseek-v3.2,train_kb,conservative_noisy_or_conflict_adjusted,Auralex Smartwatch Max 67,has_weight_kg,0.23,auralex smartwatch max 67|has_weight_kg|0.23,0.98,product_67,structured,structured_row:Auralex Smartwatch Max 67,structured,1
DEC036_B_deepseek-v3.2,train_kb,conservative_noisy_or_conflict_adjusted,Auralex Smartwatch Max 67,has_color,black,auralex smartwatch max 67|has_color|black,0.98,product_67,structured,structured_row:Auralex Smartwatch Max 67,structured,1
DEC036_B_deepseek-v3.2,train_kb,conservative_noisy_or_conflict_adjusted,Auralex Smartwatch Max 67,made_of_material,plastic,auralex smartwatch max 67|made_of_material|plastic,0.98,product_67,structured,structured_row:Auralex Smartwatch Max 67,structured,1
DEC036_B_deepseek-v3.2,train_kb,conservative_noisy_or_conflict_adjusted,Auralex Smartwatch Max 67,target_market_region,US,auralex smartwatch max 67|target_market_region|us,0.98,product_67,structured,structured_row:Auralex Smartwatch Max 67,structured,1
DEC036_B_deepseek-v3.2,train_kb,conservative_noisy_or_conflict_adjusted,Auralex Smartwatch Max 67,supports_fast_charging,yes,auralex smartwatch max 67|supports_fast_charging|yes,0.98,product_67,structured,structured_row:Auralex Smartwatch Max 67,structured,1
DEC036_B_deepseek-v3.2,train_kb,conservative_noisy_or_conflict_adjusted,Auralex Smartwatch Max 67,has_noise_cancellation,no,auralex smartwatch max 67|has_noise_cancellation|no,0.98,product_67,structured,structured_row:Auralex Smartwatch Max 67,structured,1
DEC036_B_deepseek-v3.2,train_kb,conservative_noisy_or_conflict_adjusted,Auralex Smartwatch Max 67,manufactured_by,Auralex,auralex smartwatch max 67|manufactured_by|auralex,0.96,product_67,unstructured,LP=0.999995;LPO=0.999987|Auralex Smartwatch Max 67 is manufactured by Auralex. It is a smartwatch device. Priced at 349 USD. Comes with 16GB of RAM. Offers 128GB of internal storage. Built with plastic construction. Fast charging is yes.,unstructured,1
DEC036_B_deepseek-v3.2,train_kb,conservative_noisy_or_conflict_adjusted,Auralex Smartwatch Max 67,has_price_usd,349,auralex smartwatch max 67|has_price_usd|349,0.94,product_67,unstructured,LP=0.966655;LPO=0.999998|Auralex Smartwatch Max 67 is manufactured by Auralex. It is a smartwatch device. Priced at 349 USD. Comes with 16GB of RAM. Offers 128GB of internal storage. Built with plastic construction. Fast charging is yes.,unstructured,1
DEC036_B_deepseek-v3.2,train_kb,conservative_noisy_or_conflict_adjusted,Auralex Smartwatch Max 67,has_ram_gb,16,auralex smartwatch max 67|has_ram_gb|16,0.93,product_67,unstructured,LP=0.999987;LPO=0.999998|Auralex Smartwatch Max 67 is manufactured by Auralex. It is a smartwatch device. Priced at 349 USD. Comes with 16GB of RAM. Offers 128GB of internal storage. Built with plastic construction. Fast charging is yes.,unstructured,1
DEC036_B_deepseek-v3.2,train_kb,conservative_noisy_or_conflict_adjusted,Auralex Smartwatch Max 67,has_storage_gb,128,auralex smartwatch max 67|has_storage_gb|128,0.93,product_67,unstructured,LP=0.999999;LPO=1.000000|Auralex Smartwatch Max 67 is manufactured by Auralex. It is a smartwatch device. Priced at 349 USD. Comes with 16GB of RAM. Offers 128GB of internal storage. Built with plastic construction. Fast charging is yes.,unstructured,1
DEC036_B_deepseek-v3.2,train_kb,conservative_noisy_or_conflict_adjusted,Auralex Smartwatch Max 67,made_of_material,plastic,auralex smartwatch max 67|made_of_material|plastic,0.91,product_67,unstructured,LP=0.999895;LPO=0.999945|Auralex Smartwatch Max 67 is manufactured by Auralex. It is a smartwatch device. Priced at 349 USD. Comes with 16GB of RAM. Offers 128GB of internal storage. Built with plastic construction. Fast charging is yes.,unstructured,1
DEC036_B_deepseek-v3.2,train_kb,conservative_noisy_or_conflict_adjusted,Auralex Smartwatch Max 67,supports_fast_charging,yes,auralex smartwatch max 67|supports_fast_charging|yes,0.9,product_67,unstructured,LP=0.999888;LPO=0.998405|Auralex Smartwatch Max 67 is manufactured by Auralex. It is a smartwatch device. Priced at 349 USD. Comes with 16GB of RAM. Offers 128GB of internal storage. Built with plastic construction. Fast charging is yes.,unstructured,1
DEC036_B_deepseek-v3.2,train_kb,conservative_noisy_or_conflict_adjusted,NeoTech Smartwatch Max 68,manufactured_by,NeoTech,neotech smartwatch max 68|manufactured_by|neotech,0.98,product_68,structured,structured_row:NeoTech Smartwatch Max 68,structured,1
DEC036_B_deepseek-v3.2,train_kb,conservative_noisy_or_conflict_adjusted,NeoTech Smartwatch Max 68,belongs_to_category,smartwatch,neotech smartwatch max 68|belongs_to_category|smartwatch,0.98,product_68,structured,structured_row:NeoTech Smartwatch Max 68,structured,1
DEC036_B_deepseek-v3.2,train_kb,conservative_noisy_or_conflict_adjusted,NeoTech Smartwatch Max 68,has_price_usd,199,neotech smartwatch max 68|has_price_usd|199,0.98,product_68,structured,structured_row:NeoTech Smartwatch Max 68,structured,1
DEC036_B_deepseek-v3.2,train_kb,conservative_noisy_or_conflict_adjusted,NeoTech Smartwatch Max 68,has_screen_size_inch,10.9,neotech smartwatch max 68|has_screen_size_inch|10.9,0.98,product_68,structured,structured_row:NeoTech Smartwatch Max 68,structured,1
DEC036_B_deepseek-v3.2,train_kb,conservative_noisy_or_conflict_adjusted,NeoTech Smartwatch Max 68,has_ram_gb,6,neotech smartwatch max 68|has_ram_gb|6,0.98,product_68,structured,structured_row:NeoTech Smartwatch Max 68,structured,1
DEC036_B_deepseek-v3.2,train_kb,conservative_noisy_or_conflict_adjusted,NeoTech Smartwatch Max 68,has_storage_gb,1024,neotech smartwatch max 68|has_storage_gb|1024,0.98,product_68,structured,structured_row:NeoTech Smartwatch Max 68,structured,1
DEC036_B_deepseek-v3.2,train_kb,conservative_noisy_or_conflict_adjusted,NeoTech Smartwatch Max 68,has_battery_life_hours,12,neotech smartwatch max 68|has_battery_life_hours|12,0.98,product_68,structured,structured_row:NeoTech Smartwatch Max 68,structured,1
DEC036_B_deepseek-v3.2,train_kb,conservative_noisy_or_conflict_adjusted,NeoTech Smartwatch Max 68,has_weight_kg,0.18,neotech smartwatch max 68|has_weight_kg|0.18,0.98,product_68,structured,structured_row:NeoTech Smartwatch Max 68,structured,1
DEC036_B_deepseek-v3.2,train_kb,conservative_noisy_or_conflict_adjusted,NeoTech Smartwatch Max 68,has_color,silver,neotech smartwatch max 68|has_color|silver,0.98,product_68,structured,structured_row:NeoTech Smartwatch Max 68,structured,1
DEC036_B_deepseek-v3.2,train_kb,conservative_noisy_or_conflict_adjusted,NeoTech Smartwatch Max 68,made_of_material,aluminum,neotech smartwatch max 68|made_of_material|aluminum,0.98,product_68,structured,structured_row:NeoTech Smartwatch Max 68,structured,1
DEC036_B_deepseek-v3.2,train_kb,conservative_noisy_or_conflict_adjusted,NeoTech Smartwatch Max 68,target_market_region,EU,neotech smartwatch max 68|target_market_region|eu,0.98,product_68,structured,structured_row:NeoTech Smartwatch Max 68,structured,1
DEC036_B_deepseek-v3.2,train_kb,conservative_noisy_or_conflict_adjusted,NeoTech Smartwatch Max 68,supports_fast_charging,yes,neotech smartwatch max 68|supports_fast_charging|yes,0.98,product_68,structured,structured_row:NeoTech Smartwatch Max 68,structured,1
DEC036_B_deepseek-v3.2,train_kb,conservative_noisy_or_conflict_adjusted,NeoTech Smartwatch Max 68,has_noise_cancellation,no,neotech smartwatch max 68|has_noise_cancellation|no,0.98,product_68,structured,structured_row:NeoTech Smartwatch Max 68,structured,1
DEC036_B_deepseek-v3.2,train_kb,conservative_noisy_or_conflict_adjusted,NeoTech Smartwatch Max 68,manufactured_by,NeoTech,neotech smartwatch max 68|manufactured_by|neotech,0.95,product_68,unstructured,LP=0.999983;LPO=0.999993|NeoTech Smartwatch Max 68 is manufactured by NeoTech. It is a smartwatch device. Priced at 199 USD. Comes with 6GB of RAM. Offers 1024GB of internal storage. Battery lasts up to 12 hours. Available in silver.,unstructured,1
DEC036_B_deepseek-v3.2,train_kb,conservative_noisy_or_conflict_adjusted,NeoTech Smartwatch Max 68,belongs_to_category,smartwatch device,neotech smartwatch max 68|belongs_to_category|smartwatch device,0.91,product_68,unstructured,LP=0.955941;LPO=0.817370|NeoTech Smartwatch Max 68 is manufactured by NeoTech. It is a smartwatch device. Priced at 199 USD. Comes with 6GB of RAM. Offers 1024GB of internal storage. Battery lasts up to 12 hours. Available in silver.,unstructured,1
DEC036_B_deepseek-v3.2,train_kb,conservative_noisy_or_conflict_adjusted,NeoTech Smartwatch Max 68,has_price_usd,199,neotech smartwatch max 68|has_price_usd|199,0.93,product_68,unstructured,LP=0.999983;LPO=0.999998|NeoTech Smartwatch Max 68 is manufactured by NeoTech. It is a smartwatch device. Priced at 199 USD. Comes with 6GB of RAM. Offers 1024GB of internal storage. Battery lasts up to 12 hours. Available in silver.,unstructured,1
DEC036_B_deepseek-v3.2,train_kb,conservative_noisy_or_conflict_adjusted,NeoTech Smartwatch Max 68,has_ram_gb,6,neotech smartwatch max 68|has_ram_gb|6,0.92,product_68,unstructured,LP=0.999998;LPO=0.999995|NeoTech Smartwatch Max 68 is manufactured by NeoTech. It is a smartwatch device. Priced at 199 USD. Comes with 6GB of RAM. Offers 1024GB of internal storage. Battery lasts up to 12 hours. Available in silver.,unstructured,1
DEC036_B_deepseek-v3.2,train_kb,conservative_noisy_or_conflict_adjusted,NeoTech Smartwatch Max 68,has_storage_gb,1024,neotech smartwatch max 68|has_storage_gb|1024,0.92,product_68,unstructured,LP=0.999999;LPO=0.999998|NeoTech Smartwatch Max 68 is manufactured by NeoTech. It is a smartwatch device. Priced at 199 USD. Comes with 6GB of RAM. Offers 1024GB of internal storage. Battery lasts up to 12 hours. Available in silver.,unstructured,1
DEC036_B_deepseek-v3.2,train_kb,conservative_noisy_or_conflict_adjusted,NeoTech Smartwatch Max 68,has_battery_life_hours,12,neotech smartwatch max 68|has_battery_life_hours|12,0.9,product_68,unstructured,LP=0.999995;LPO=0.999963|NeoTech Smartwatch Max 68 is manufactured by NeoTech. It is a smartwatch device. Priced at 199 USD. Comes with 6GB of RAM. Offers 1024GB of internal storage. Battery lasts up to 12 hours. Available in silver.,unstructured,1
DEC036_B_deepseek-v3.2,train_kb,conservative_noisy_or_conflict_adjusted,NeoTech Smartwatch Max 68,has_color,silver,neotech smartwatch max 68|has_color|silver,0.91,product_68,unstructured,LP=0.999998;LPO=0.999994|NeoTech Smartwatch Max 68 is manufactured by NeoTech. It is a smartwatch device. Priced at 199 USD. Comes with 6GB of RAM. Offers 1024GB of internal storage. Battery lasts up to 12 hours. Available in silver.,unstructured,1
DEC036_B_deepseek-v3.2,train_kb,conservative_noisy_or_conflict_adjusted,VoltEdge Smartphone Air 69,manufactured_by,VoltEdge,voltedge smartphone air 69|manufactured_by|voltedge,0.98,product_69,structured,structured_row:VoltEdge Smartphone Air 69,structured,1
DEC036_B_deepseek-v3.2,train_kb,conservative_noisy_or_conflict_adjusted,VoltEdge Smartphone Air 69,belongs_to_category,smartphone,voltedge smartphone air 69|belongs_to_category|smartphone,0.98,product_69,structured,structured_row:VoltEdge Smartphone Air 69,structured,1
DEC036_B_deepseek-v3.2,train_kb,conservative_noisy_or_conflict_adjusted,VoltEdge Smartphone Air 69,has_price_usd,1299,voltedge smartphone air 69|has_price_usd|1299,0.98,product_69,structured,structured_row:VoltEdge Smartphone Air 69,structured,1
DEC036_B_deepseek-v3.2,train_kb,conservative_noisy_or_conflict_adjusted,VoltEdge Smartphone Air 69,has_screen_size_inch,6.7,voltedge smartphone air 69|has_screen_size_inch|6.7,0.98,product_69,structured,structured_row:VoltEdge Smartphone Air 69,structured,1
DEC036_B_deepseek-v3.2,train_kb,conservative_noisy_or_conflict_adjusted,VoltEdge Smartphone Air 69,has_ram_gb,16,voltedge smartphone air 69|has_ram_gb|16,0.98,product_69,structured,structured_row:VoltEdge Smartphone Air 69,structured,1
DEC036_B_deepseek-v3.2,train_kb,conservative_noisy_or_conflict_adjusted,VoltEdge Smartphone Air 69,has_storage_gb,64,voltedge smartphone air 69|has_storage_gb|64,0.98,product_69,structured,structured_row:VoltEdge Smartphone Air 69,structured,1
DEC036_B_deepseek-v3.2,train_kb,conservative_noisy_or_conflict_adjusted,VoltEdge Smartphone Air 69,has_battery_life_hours,20,voltedge smartphone air 69|has_battery_life_hours|20,0.98,product_69,structured,structured_row:VoltEdge Smartphone Air 69,structured,1
DEC036_B_deepseek-v3.2,train_kb,conservative_noisy_or_conflict_adjusted,VoltEdge Smartphone Air 69,has_weight_kg,1.8,voltedge smartphone air 69|has_weight_kg|1.8,0.98,product_69,structured,structured_row:VoltEdge Smartphone Air 69,structured,1
DEC036_B_deepseek-v3.2,train_kb,conservative_noisy_or_conflict_adjusted,VoltEdge Smartphone Air 69,has_color,white,voltedge smartphone air 69|has_color|white,0.98,product_69,structured,structured_row:VoltEdge Smartphone Air 69,structured,1
DEC036_B_deepseek-v3.2,train_kb,conservative_noisy_or_conflict_adjusted,VoltEdge Smartphone Air 69,made_of_material,plastic,voltedge smartphone air 69|made_of_material|plastic,0.98,product_69,structured,structured_row:VoltEdge Smartphone Air 69,structured,1
DEC036_B_deepseek-v3.2,train_kb,conservative_noisy_or_conflict_adjusted,VoltEdge Smartphone Air 69,target_market_region,EU,voltedge smartphone air 69|target_market_region|eu,0.98,product_69,structured,structured_row:VoltEdge Smartphone Air 69,structured,1
DEC036_B_deepseek-v3.2,train_kb,conservative_noisy_or_conflict_adjusted,VoltEdge Smartphone Air 69,supports_fast_charging,no,voltedge smartphone air 69|supports_fast_charging|no,0.98,product_69,structured,structured_row:VoltEdge Smartphone Air 69,structured,1
DEC036_B_deepseek-v3.2,train_kb,conservative_noisy_or_conflict_adjusted,VoltEdge Smartphone Air 69,has_noise_cancellation,no,voltedge smartphone air 69|has_noise_cancellation|no,0.98,product_69,structured,structured_row:VoltEdge Smartphone Air 69,structured,1
DEC036_B_deepseek-v3.2,train_kb,conservative_noisy_or_conflict_adjusted,VoltEdge Smartphone Air 69,manufactured_by,VoltEdge,voltedge smartphone air 69|manufactured_by|voltedge,0.96,product_69,unstructured,LP=0.999995;LPO=0.999990|VoltEdge Smartphone Air 69 is manufactured by VoltEdge. The display measures 6.7 inches. Battery lasts up to 20 hours. Weighs approximately 1.8kg. Targeted at the EU market. Fast charging is no. Noise cancellation: no.,unstructured,1
DEC036_B_deepseek-v3.2,train_kb,conservative_noisy_or_conflict_adjusted,VoltEdge Smartphone Air 69,has_screen_size_inch,6.7,voltedge smartphone air 69|has_screen_size_inch|6.7,0.93,product_69,unstructured,LP=0.999906;LPO=0.999997|VoltEdge Smartphone Air 69 is manufactured by VoltEdge. The display measures 6.7 inches. Battery lasts up to 20 hours. Weighs approximately 1.8kg. Targeted at the EU market. Fast charging is no. Noise cancellation: no.,unstructured,1
DEC036_B_deepseek-v3.2,train_kb,conservative_noisy_or_conflict_adjusted,VoltEdge Smartphone Air 69,has_battery_life_hours,20,voltedge smartphone air 69|has_battery_life_hours|20,0.91,product_69,unstructured,LP=0.999960;LPO=0.999923|VoltEdge Smartphone Air 69 is manufactured by VoltEdge. The display measures 6.7 inches. Battery lasts up to 20 hours. Weighs approximately 1.8kg. Targeted at the EU market. Fast charging is no. Noise cancellation: no.,unstructured,1
DEC036_B_deepseek-v3.2,train_kb,conservative_noisy_or_conflict_adjusted,VoltEdge Smartphone Air 69,has_weight_kg,1.8,voltedge smartphone air 69|has_weight_kg|1.8,0.9,product_69,unstructured,LP=0.999987;LPO=0.999917|VoltEdge Smartphone Air 69 is manufactured by VoltEdge. The display measures 6.7 inches. Battery lasts up to 20 hours. Weighs approximately 1.8kg. Targeted at the EU market. Fast charging is no. Noise cancellation: no.,unstructured,1
DEC036_B_deepseek-v3.2,train_kb,conservative_noisy_or_conflict_adjusted,VoltEdge Smartphone Air 69,target_market_region,EU,voltedge smartphone air 69|target_market_region|eu,0.91,product_69,unstructured,LP=0.999994;LPO=0.999966|VoltEdge Smartphone Air 69 is manufactured by VoltEdge. The display measures 6.7 inches. Battery lasts up to 20 hours. Weighs approximately 1.8kg. Targeted at the EU market. Fast charging is no. Noise cancellation: no.,unstructured,1
DEC036_B_deepseek-v3.2,train_kb,conservative_noisy_or_conflict_adjusted,VoltEdge Smartphone Air 69,supports_fast_charging,no,voltedge smartphone air 69|supports_fast_charging|no,0.92,product_69,unstructured,LP=0.999414;LPO=0.991278|VoltEdge Smartphone Air 69 is manufactured by VoltEdge. The display measures 6.7 inches. Battery lasts up to 20 hours. Weighs approximately 1.8kg. Targeted at the EU market. Fast charging is no. Noise cancellation: no.,unstructured,1
DEC036_B_deepseek-v3.2,train_kb,conservative_noisy_or_conflict_adjusted,VoltEdge Smartphone Air 69,has_noise_cancellation,no,voltedge smartphone air 69|has_noise_cancellation|no,0.92,product_69,unstructured,LP=0.999999;LPO=1.000000|VoltEdge Smartphone Air 69 is manufactured by VoltEdge. The display measures 6.7 inches. Battery lasts up to 20 hours. Weighs approximately 1.8kg. Targeted at the EU market. Fast charging is no. Noise cancellation: no.,unstructured,1
DEC036_B_deepseek-v3.2,train_kb,conservative_noisy_or_conflict_adjusted,VoltEdge Smartphone Lite 70,manufactured_by,VoltEdge,voltedge smartphone lite 70|manufactured_by|voltedge,0.98,product_70,structured,structured_row:VoltEdge Smartphone Lite 70,structured,1
DEC036_B_deepseek-v3.2,train_kb,conservative_noisy_or_conflict_adjusted,VoltEdge Smartphone Lite 70,belongs_to_category,smartphone,voltedge smartphone lite 70|belongs_to_category|smartphone,0.98,product_70,structured,structured_row:VoltEdge Smartphone Lite 70,structured,1
DEC036_B_deepseek-v3.2,train_kb,conservative_noisy_or_conflict_adjusted,VoltEdge Smartphone Lite 70,has_price_usd,299,voltedge smartphone lite 70|has_price_usd|299,0.98,product_70,structured,structured_row:VoltEdge Smartphone Lite 70,structured,1
DEC036_B_deepseek-v3.2,train_kb,conservative_noisy_or_conflict_adjusted,VoltEdge Smartphone Lite 70,has_screen_size_inch,6.1,voltedge smartphone lite 70|has_screen_size_inch|6.1,0.98,product_70,structured,structured_row:VoltEdge Smartphone Lite 70,structured,1
DEC036_B_deepseek-v3.2,train_kb,conservative_noisy_or_conflict_adjusted,VoltEdge Smartphone Lite 70,has_ram_gb,6,voltedge smartphone lite 70|has_ram_gb|6,0.98,product_70,structured,structured_row:VoltEdge Smartphone Lite 70,structured,1
DEC036_B_deepseek-v3.2,train_kb,conservative_noisy_or_conflict_adjusted,VoltEdge Smartphone Lite 70,has_storage_gb,256,voltedge smartphone lite 70|has_storage_gb|256,0.98,product_70,structured,structured_row:VoltEdge Smartphone Lite 70,structured,1
DEC036_B_deepseek-v3.2,train_kb,conservative_noisy_or_conflict_adjusted,VoltEdge Smartphone Lite 70,has_battery_life_hours,18,voltedge smartphone lite 70|has_battery_life_hours|18,0.98,product_70,structured,structured_row:VoltEdge Smartphone Lite 70,structured,1
DEC036_B_deepseek-v3.2,train_kb,conservative_noisy_or_conflict_adjusted,VoltEdge Smartphone Lite 70,has_weight_kg,1.45,voltedge smartphone lite 70|has_weight_kg|1.45,0.98,product_70,structured,structured_row:VoltEdge Smartphone Lite 70,structured,1
DEC036_B_deepseek-v3.2,train_kb,conservative_noisy_or_conflict_adjusted,VoltEdge Smartphone Lite 70,has_color,white,voltedge smartphone lite 70|has_color|white,0.98,product_70,structured,structured_row:VoltEdge Smartphone Lite 70,structured,1
DEC036_B_deepseek-v3.2,train_kb,conservative_noisy_or_conflict_adjusted,VoltEdge Smartphone Lite 70,made_of_material,aluminum,voltedge smartphone lite 70|made_of_material|aluminum,0.98,product_70,structured,structured_row:VoltEdge Smartphone Lite 70,structured,1
DEC036_B_deepseek-v3.2,train_kb,conservative_noisy_or_conflict_adjusted,VoltEdge Smartphone Lite 70,target_market_region,EU,voltedge smartphone lite 70|target_market_region|eu,0.98,product_70,structured,structured_row:VoltEdge Smartphone Lite 70,structured,1
DEC036_B_deepseek-v3.2,train_kb,conservative_noisy_or_conflict_adjusted,VoltEdge Smartphone Lite 70,supports_fast_charging,no,voltedge smartphone lite 70|supports_fast_charging|no,0.98,product_70,structured,structured_row:VoltEdge Smartphone Lite 70,structured,1
DEC036_B_deepseek-v3.2,train_kb,conservative_noisy_or_conflict_adjusted,VoltEdge Smartphone Lite 70,has_noise_cancellation,no,voltedge smartphone lite 70|has_noise_cancellation|no,0.98,product_70,structured,structured_row:VoltEdge Smartphone Lite 70,structured,1
DEC036_B_deepseek-v3.2,train_kb,conservative_noisy_or_conflict_adjusted,VoltEdge Smartphone Lite 70,manufactured_by,VoltEdge,voltedge smartphone lite 70|manufactured_by|voltedge,0.96,product_70,unstructured,LP=0.999989;LPO=0.999987|VoltEdge Smartphone Lite 70 is manufactured by VoltEdge. Comes with 6GB of RAM. Battery lasts up to 18 hours. Weighs approximately 1.45kg. Available in white. Built with aluminum construction. Noise cancellation: no.,unstructured,1
DEC036_B_deepseek-v3.2,train_kb,conservative_noisy_or_conflict_adjusted,VoltEdge Smartphone Lite 70,has_ram_gb,6,voltedge smartphone lite 70|has_ram_gb|6,0.93,product_70,unstructured,LP=0.999992;LPO=0.999993|VoltEdge Smartphone Lite 70 is manufactured by VoltEdge. Comes with 6GB of RAM. Battery lasts up to 18 hours. Weighs approximately 1.45kg. Available in white. Built with aluminum construction. Noise cancellation: no.,unstructured,1
DEC036_B_deepseek-v3.2,train_kb,conservative_noisy_or_conflict_adjusted,VoltEdge Smartphone Lite 70,has_battery_life_hours,18,voltedge smartphone lite 70|has_battery_life_hours|18,0.9,product_70,unstructured,LP=0.999970;LPO=0.999919|VoltEdge Smartphone Lite 70 is manufactured by VoltEdge. Comes with 6GB of RAM. Battery lasts up to 18 hours. Weighs approximately 1.45kg. Available in white. Built with aluminum construction. Noise cancellation: no.,unstructured,1
DEC036_B_deepseek-v3.2,train_kb,conservative_noisy_or_conflict_adjusted,VoltEdge Smartphone Lite 70,has_weight_kg,1.45,voltedge smartphone lite 70|has_weight_kg|1.45,0.92,product_70,unstructured,LP=0.999995;LPO=0.999960|VoltEdge Smartphone Lite 70 is manufactured by VoltEdge. Comes with 6GB of RAM. Battery lasts up to 18 hours. Weighs approximately 1.45kg. Available in white. Built with aluminum construction. Noise cancellation: no.,unstructured,1
DEC036_B_deepseek-v3.2,train_kb,conservative_noisy_or_conflict_adjusted,VoltEdge Smartphone Lite 70,has_color,white,voltedge smartphone lite 70|has_color|white,0.91,product_70,unstructured,LP=0.999996;LPO=0.999964|VoltEdge Smartphone Lite 70 is manufactured by VoltEdge. Comes with 6GB of RAM. Battery lasts up to 18 hours. Weighs approximately 1.45kg. Available in white. Built with aluminum construction. Noise cancellation: no.,unstructured,1
DEC036_B_deepseek-v3.2,train_kb,conservative_noisy_or_conflict_adjusted,VoltEdge Smartphone Lite 70,made_of_material,aluminum,voltedge smartphone lite 70|made_of_material|aluminum,0.93,product_70,unstructured,LP=0.999988;LPO=0.999954|VoltEdge Smartphone Lite 70 is manufactured by VoltEdge. Comes with 6GB of RAM. Battery lasts up to 18 hours. Weighs approximately 1.45kg. Available in white. Built with aluminum construction. Noise cancellation: no.,unstructured,1
DEC036_B_deepseek-v3.2,train_kb,conservative_noisy_or_conflict_adjusted,VoltEdge Smartphone Lite 70,has_noise_cancellation,no,voltedge smartphone lite 70|has_noise_cancellation|no,0.95,product_70,unstructured,LP=0.999027;LPO=0.985854|VoltEdge Smartphone Lite 70 is manufactured by VoltEdge. Comes with 6GB of RAM. Battery lasts up to 18 hours. Weighs approximately 1.45kg. Available in white. Built with aluminum construction. Noise cancellation: no.,unstructured,1
DEC036_B_deepseek-v3.2,train_kb,conservative_noisy_or_conflict_adjusted,TechNova Smartphone Air 71,manufactured_by,TechNova,technova smartphone air 71|manufactured_by|technova,0.98,product_71,structured,structured_row:TechNova Smartphone Air 71,structured,1
DEC036_B_deepseek-v3.2,train_kb,conservative_noisy_or_conflict_adjusted,TechNova Smartphone Air 71,belongs_to_category,smartphone,technova smartphone air 71|belongs_to_category|smartphone,0.98,product_71,structured,structured_row:TechNova Smartphone Air 71,structured,1
DEC036_B_deepseek-v3.2,train_kb,conservative_noisy_or_conflict_adjusted,TechNova Smartphone Air 71,has_price_usd,1099,technova smartphone air 71|has_price_usd|1099,0.98,product_71,structured,structured_row:TechNova Smartphone Air 71,structured,1
DEC036_B_deepseek-v3.2,train_kb,conservative_noisy_or_conflict_adjusted,TechNova Smartphone Air 71,has_screen_size_inch,6.7,technova smartphone air 71|has_screen_size_inch|6.7,0.98,product_71,structured,structured_row:TechNova Smartphone Air 71,structured,1
DEC036_B_deepseek-v3.2,train_kb,conservative_noisy_or_conflict_adjusted,TechNova Smartphone Air 71,has_ram_gb,12,technova smartphone air 71|has_ram_gb|12,0.98,product_71,structured,structured_row:TechNova Smartphone Air 71,structured,1
DEC036_B_deepseek-v3.2,train_kb,conservative_noisy_or_conflict_adjusted,TechNova Smartphone Air 71,has_storage_gb,256,technova smartphone air 71|has_storage_gb|256,0.98,product_71,structured,structured_row:TechNova Smartphone Air 71,structured,1
DEC036_B_deepseek-v3.2,train_kb,conservative_noisy_or_conflict_adjusted,TechNova Smartphone Air 71,has_battery_life_hours,24,technova smartphone air 71|has_battery_life_hours|24,0.98,product_71,structured,structured_row:TechNova Smartphone Air 71,structured,1
DEC036_B_deepseek-v3.2,train_kb,conservative_noisy_or_conflict_adjusted,TechNova Smartphone Air 71,has_weight_kg,0.55,technova smartphone air 71|has_weight_kg|0.55,0.98,product_71,structured,structured_row:TechNova Smartphone Air 71,structured,1
DEC036_B_deepseek-v3.2,train_kb,conservative_noisy_or_conflict_adjusted,TechNova Smartphone Air 71,has_color,green,technova smartphone air 71|has_color|green,0.98,product_71,structured,structured_row:TechNova Smartphone Air 71,structured,1
DEC036_B_deepseek-v3.2,train_kb,conservative_noisy_or_conflict_adjusted,TechNova Smartphone Air 71,made_of_material,carbon fiber,technova smartphone air 71|made_of_material|carbon fiber,0.98,product_71,structured,structured_row:TechNova Smartphone Air 71,structured,1
DEC036_B_deepseek-v3.2,train_kb,conservative_noisy_or_conflict_adjusted,TechNova Smartphone Air 71,target_market_region,US,technova smartphone air 71|target_market_region|us,0.98,product_71,structured,structured_row:TechNova Smartphone Air 71,structured,1
DEC036_B_deepseek-v3.2,train_kb,conservative_noisy_or_conflict_adjusted,TechNova Smartphone Air 71,supports_fast_charging,no,technova smartphone air 71|supports_fast_charging|no,0.98,product_71,structured,structured_row:TechNova Smartphone Air 71,structured,1
DEC036_B_deepseek-v3.2,train_kb,conservative_noisy_or_conflict_adjusted,TechNova Smartphone Air 71,has_noise_cancellation,no,technova smartphone air 71|has_noise_cancellation|no,0.98,product_71,structured,structured_row:TechNova Smartphone Air 71,structured,1
DEC036_B_deepseek-v3.2,train_kb,conservative_noisy_or_conflict_adjusted,It,belongs_to_category,smartphone device,it|belongs_to_category|smartphone device,0.9,product_71,unstructured,LP=0.883412;LPO=0.816614|It is a smartphone device. Offers 256GB of internal storage. Battery lasts up to 24 hours. Weighs approximately 0.55kg. Built with carbon fiber construction. Fast charging is no. Noise cancellation: no.,unstructured,1
DEC036_B_deepseek-v3.2,train_kb,conservative_noisy_or_conflict_adjusted,It,has_storage_gb,256,it|has_storage_gb|256,0.95,product_71,unstructured,LP=0.999994;LPO=1.000000|It is a smartphone device. Offers 256GB of internal storage. Battery lasts up to 24 hours. Weighs approximately 0.55kg. Built with carbon fiber construction. Fast charging is no. Noise cancellation: no.,unstructured,1
DEC036_B_deepseek-v3.2,train_kb,conservative_noisy_or_conflict_adjusted,It,has_battery_life_hours,24,it|has_battery_life_hours|24,0.92,product_71,unstructured,LP=0.999646;LPO=0.997516|It is a smartphone device. Offers 256GB of internal storage. Battery lasts up to 24 hours. Weighs approximately 0.55kg. Built with carbon fiber construction. Fast charging is no. Noise cancellation: no.,unstructured,1
DEC036_B_deepseek-v3.2,train_kb,conservative_noisy_or_conflict_adjusted,It,has_weight_kg,0.55,it|has_weight_kg|0.55,0.93,product_71,unstructured,LP=0.999998;LPO=0.999994|It is a smartphone device. Offers 256GB of internal storage. Battery lasts up to 24 hours. Weighs approximately 0.55kg. Built with carbon fiber construction. Fast charging is no. Noise cancellation: no.,unstructured,1
DEC036_B_deepseek-v3.2,train_kb,conservative_noisy_or_conflict_adjusted,It,made_of_material,carbon fiber,it|made_of_material|carbon fiber,0.94,product_71,unstructured,LP=0.999984;LPO=0.999987|It is a smartphone device. Offers 256GB of internal storage. Battery lasts up to 24 hours. Weighs approximately 0.55kg. Built with carbon fiber construction. Fast charging is no. Noise cancellation: no.,unstructured,1
DEC036_B_deepseek-v3.2,train_kb,conservative_noisy_or_conflict_adjusted,It,supports_fast_charging,no,it|supports_fast_charging|no,0.91,product_71,unstructured,LP=0.997020;LPO=0.976464|It is a smartphone device. Offers 256GB of internal storage. Battery lasts up to 24 hours. Weighs approximately 0.55kg. Built with carbon fiber construction. Fast charging is no. Noise cancellation: no.,unstructured,1
DEC036_B_deepseek-v3.2,train_kb,conservative_noisy_or_conflict_adjusted,It,has_noise_cancellation,no,it|has_noise_cancellation|no,0.91,product_71,unstructured,LP=0.999998;LPO=0.999997|It is a smartphone device. Offers 256GB of internal storage. Battery lasts up to 24 hours. Weighs approximately 0.55kg. Built with carbon fiber construction. Fast charging is no. Noise cancellation: no.,unstructured,1
DEC036_B_deepseek-v3.2,train_kb,conservative_noisy_or_conflict_adjusted,NeoTech Headphones Pro 72,manufactured_by,NeoTech,neotech headphones pro 72|manufactured_by|neotech,0.98,product_72,structured,structured_row:NeoTech Headphones Pro 72,structured,1
DEC036_B_deepseek-v3.2,train_kb,conservative_noisy_or_conflict_adjusted,NeoTech Headphones Pro 72,belongs_to_category,headphones,neotech headphones pro 72|belongs_to_category|headphones,0.98,product_72,structured,structured_row:NeoTech Headphones Pro 72,structured,1
DEC036_B_deepseek-v3.2,train_kb,conservative_noisy_or_conflict_adjusted,NeoTech Headphones Pro 72,has_price_usd,249,neotech headphones pro 72|has_price_usd|249,0.98,product_72,structured,structured_row:NeoTech Headphones Pro 72,structured,1
DEC036_B_deepseek-v3.2,train_kb,conservative_noisy_or_conflict_adjusted,NeoTech Headphones Pro 72,has_screen_size_inch,15.6,neotech headphones pro 72|has_screen_size_inch|15.6,0.98,product_72,structured,structured_row:NeoTech Headphones Pro 72,structured,1
DEC036_B_deepseek-v3.2,train_kb,conservative_noisy_or_conflict_adjusted,NeoTech Headphones Pro 72,has_ram_gb,4,neotech headphones pro 72|has_ram_gb|4,0.98,product_72,structured,structured_row:NeoTech Headphones Pro 72,structured,1
DEC036_B_deepseek-v3.2,train_kb,conservative_noisy_or_conflict_adjusted,NeoTech Headphones Pro 72,has_storage_gb,64,neotech headphones pro 72|has_storage_gb|64,0.98,product_72,structured,structured_row:NeoTech Headphones Pro 72,structured,1
DEC036_B_deepseek-v3.2,train_kb,conservative_noisy_or_conflict_adjusted,NeoTech Headphones Pro 72,has_battery_life_hours,14,neotech headphones pro 72|has_battery_life_hours|14,0.98,product_72,structured,structured_row:NeoTech Headphones Pro 72,structured,1
DEC036_B_deepseek-v3.2,train_kb,conservative_noisy_or_conflict_adjusted,NeoTech Headphones Pro 72,has_weight_kg,0.18,neotech headphones pro 72|has_weight_kg|0.18,0.98,product_72,structured,structured_row:NeoTech Headphones Pro 72,structured,1
DEC036_B_deepseek-v3.2,train_kb,conservative_noisy_or_conflict_adjusted,NeoTech Headphones Pro 72,has_color,silver,neotech headphones pro 72|has_color|silver,0.98,product_72,structured,structured_row:NeoTech Headphones Pro 72,structured,1
DEC036_B_deepseek-v3.2,train_kb,conservative_noisy_or_conflict_adjusted,NeoTech Headphones Pro 72,made_of_material,carbon fiber,neotech headphones pro 72|made_of_material|carbon fiber,0.98,product_72,structured,structured_row:NeoTech Headphones Pro 72,structured,1
DEC036_B_deepseek-v3.2,train_kb,conservative_noisy_or_conflict_adjusted,NeoTech Headphones Pro 72,target_market_region,Global,neotech headphones pro 72|target_market_region|global,0.98,product_72,structured,structured_row:NeoTech Headphones Pro 72,structured,1
DEC036_B_deepseek-v3.2,train_kb,conservative_noisy_or_conflict_adjusted,NeoTech Headphones Pro 72,supports_fast_charging,no,neotech headphones pro 72|supports_fast_charging|no,0.98,product_72,structured,structured_row:NeoTech Headphones Pro 72,structured,1
DEC036_B_deepseek-v3.2,train_kb,conservative_noisy_or_conflict_adjusted,NeoTech Headphones Pro 72,has_noise_cancellation,yes,neotech headphones pro 72|has_noise_cancellation|yes,0.98,product_72,structured,structured_row:NeoTech Headphones Pro 72,structured,1
DEC036_B_deepseek-v3.2,train_kb,conservative_noisy_or_conflict_adjusted,NeoTech Headphones Pro 72,manufactured_by,NeoTech,neotech headphones pro 72|manufactured_by|neotech,0.96,product_72,unstructured,LP=0.999980;LPO=0.999998|NeoTech Headphones Pro 72 is manufactured by NeoTech. Offers 64GB of internal storage. Weighs approximately 0.18kg. Available in silver. Built with carbon fiber construction. Targeted at the Global market. Noise cancellation: yes.,unstructured,1
DEC036_B_deepseek-v3.2,train_kb,conservative_noisy_or_conflict_adjusted,NeoTech Headphones Pro 72,has_storage_gb,64,neotech headphones pro 72|has_storage_gb|64,0.93,product_72,unstructured,LP=0.999979;LPO=0.999997|NeoTech Headphones Pro 72 is manufactured by NeoTech. Offers 64GB of internal storage. Weighs approximately 0.18kg. Available in silver. Built with carbon fiber construction. Targeted at the Global market. Noise cancellation: yes.,unstructured,1
DEC036_B_deepseek-v3.2,train_kb,conservative_noisy_or_conflict_adjusted,NeoTech Headphones Pro 72,has_weight_kg,0.18,neotech headphones pro 72|has_weight_kg|0.18,0.91,product_72,unstructured,LP=0.999970;LPO=0.999962|NeoTech Headphones Pro 72 is manufactured by NeoTech. Offers 64GB of internal storage. Weighs approximately 0.18kg. Available in silver. Built with carbon fiber construction. Targeted at the Global market. Noise cancellation: yes.,unstructured,1
DEC036_B_deepseek-v3.2,train_kb,conservative_noisy_or_conflict_adjusted,NeoTech Headphones Pro 72,has_color,silver,neotech headphones pro 72|has_color|silver,0.94,product_72,unstructured,LP=0.999991;LPO=0.999915|NeoTech Headphones Pro 72 is manufactured by NeoTech. Offers 64GB of internal storage. Weighs approximately 0.18kg. Available in silver. Built with carbon fiber construction. Targeted at the Global market. Noise cancellation: yes.,unstructured,1
DEC036_B_deepseek-v3.2,train_kb,conservative_noisy_or_conflict_adjusted,NeoTech Headphones Pro 72,made_of_material,carbon fiber,neotech headphones pro 72|made_of_material|carbon fiber,0.92,product_72,unstructured,LP=0.999987;LPO=0.999989|NeoTech Headphones Pro 72 is manufactured by NeoTech. Offers 64GB of internal storage. Weighs approximately 0.18kg. Available in silver. Built with carbon fiber construction. Targeted at the Global market. Noise cancellation: yes.,unstructured,1
DEC036_B_deepseek-v3.2,train_kb,conservative_noisy_or_conflict_adjusted,NeoTech Headphones Pro 72,target_market_region,Global,neotech headphones pro 72|target_market_region|global,0.95,product_72,unstructured,LP=0.999983;LPO=0.999977|NeoTech Headphones Pro 72 is manufactured by NeoTech. Offers 64GB of internal storage. Weighs approximately 0.18kg. Available in silver. Built with carbon fiber construction. Targeted at the Global market. Noise cancellation: yes.,unstructured,1
DEC036_B_deepseek-v3.2,train_kb,conservative_noisy_or_conflict_adjusted,NeoTech Headphones Pro 72,has_noise_cancellation,yes,neotech headphones pro 72|has_noise_cancellation|yes,0.94,product_72,unstructured,LP=0.999554;LPO=0.995814|NeoTech Headphones Pro 72 is manufactured by NeoTech. Offers 64GB of internal storage. Weighs approximately 0.18kg. Available in silver. Built with carbon fiber construction. Targeted at the Global market. Noise cancellation: yes.,unstructured,1
DEC036_B_deepseek-v3.2,train_kb,conservative_noisy_or_conflict_adjusted,VoltEdge Smartphone Pro 73,manufactured_by,VoltEdge,voltedge smartphone pro 73|manufactured_by|voltedge,0.98,product_73,structured,structured_row:VoltEdge Smartphone Pro 73,structured,1
DEC036_B_deepseek-v3.2,train_kb,conservative_noisy_or_conflict_adjusted,VoltEdge Smartphone Pro 73,belongs_to_category,smartphone,voltedge smartphone pro 73|belongs_to_category|smartphone,0.98,product_73,structured,structured_row:VoltEdge Smartphone Pro 73,structured,1
DEC036_B_deepseek-v3.2,train_kb,conservative_noisy_or_conflict_adjusted,VoltEdge Smartphone Pro 73,has_price_usd,499,voltedge smartphone pro 73|has_price_usd|499,0.98,product_73,structured,structured_row:VoltEdge Smartphone Pro 73,structured,1
DEC036_B_deepseek-v3.2,train_kb,conservative_noisy_or_conflict_adjusted,VoltEdge Smartphone Pro 73,has_screen_size_inch,13.3,voltedge smartphone pro 73|has_screen_size_inch|13.3,0.98,product_73,structured,structured_row:VoltEdge Smartphone Pro 73,structured,1
DEC036_B_deepseek-v3.2,train_kb,conservative_noisy_or_conflict_adjusted,VoltEdge Smartphone Pro 73,has_ram_gb,8,voltedge smartphone pro 73|has_ram_gb|8,0.98,product_73,structured,structured_row:VoltEdge Smartphone Pro 73,structured,1
DEC036_B_deepseek-v3.2,train_kb,conservative_noisy_or_conflict_adjusted,VoltEdge Smartphone Pro 73,has_storage_gb,256,voltedge smartphone pro 73|has_storage_gb|256,0.98,product_73,structured,structured_row:VoltEdge Smartphone Pro 73,structured,1
DEC036_B_deepseek-v3.2,train_kb,conservative_noisy_or_conflict_adjusted,VoltEdge Smartphone Pro 73,has_battery_life_hours,8,voltedge smartphone pro 73|has_battery_life_hours|8,0.98,product_73,structured,structured_row:VoltEdge Smartphone Pro 73,structured,1
DEC036_B_deepseek-v3.2,train_kb,conservative_noisy_or_conflict_adjusted,VoltEdge Smartphone Pro 73,has_weight_kg,1.2,voltedge smartphone pro 73|has_weight_kg|1.2,0.98,product_73,structured,structured_row:VoltEdge Smartphone Pro 73,structured,1
DEC036_B_deepseek-v3.2,train_kb,conservative_noisy_or_conflict_adjusted,VoltEdge Smartphone Pro 73,has_color,blue,voltedge smartphone pro 73|has_color|blue,0.98,product_73,structured,structured_row:VoltEdge Smartphone Pro 73,structured,1
DEC036_B_deepseek-v3.2,train_kb,conservative_noisy_or_conflict_adjusted,VoltEdge Smartphone Pro 73,made_of_material,carbon fiber,voltedge smartphone pro 73|made_of_material|carbon fiber,0.98,product_73,structured,structured_row:VoltEdge Smartphone Pro 73,structured,1
DEC036_B_deepseek-v3.2,train_kb,conservative_noisy_or_conflict_adjusted,VoltEdge Smartphone Pro 73,target_market_region,Global,voltedge smartphone pro 73|target_market_region|global,0.98,product_73,structured,structured_row:VoltEdge Smartphone Pro 73,structured,1
DEC036_B_deepseek-v3.2,train_kb,conservative_noisy_or_conflict_adjusted,VoltEdge Smartphone Pro 73,supports_fast_charging,yes,voltedge smartphone pro 73|supports_fast_charging|yes,0.98,product_73,structured,structured_row:VoltEdge Smartphone Pro 73,structured,1
DEC036_B_deepseek-v3.2,train_kb,conservative_noisy_or_conflict_adjusted,VoltEdge Smartphone Pro 73,has_noise_cancellation,no,voltedge smartphone pro 73|has_noise_cancellation|no,0.98,product_73,structured,structured_row:VoltEdge Smartphone Pro 73,structured,1
DEC036_B_deepseek-v3.2,train_kb,conservative_noisy_or_conflict_adjusted,smartphone device,has_price_usd,499,smartphone device|has_price_usd|499,0.94,product_73,unstructured,LP=0.909091;LPO=0.999969|It is a smartphone device. Priced at 499 USD. The display measures 13.3 inches. Offers 256GB of internal storage. Battery lasts up to 8 hours. Weighs approximately 1.2kg. Targeted at the Global market.,unstructured,1
DEC036_B_deepseek-v3.2,train_kb,conservative_noisy_or_conflict_adjusted,smartphone device,has_screen_size_inch,13.3,smartphone device|has_screen_size_inch|13.3,0.93,product_73,unstructured,LP=0.999768;LPO=0.999992|It is a smartphone device. Priced at 499 USD. The display measures 13.3 inches. Offers 256GB of internal storage. Battery lasts up to 8 hours. Weighs approximately 1.2kg. Targeted at the Global market.,unstructured,1
DEC036_B_deepseek-v3.2,train_kb,conservative_noisy_or_conflict_adjusted,smartphone device,has_storage_gb,256,smartphone device|has_storage_gb|256,0.94,product_73,unstructured,LP=0.999976;LPO=1.000000|It is a smartphone device. Priced at 499 USD. The display measures 13.3 inches. Offers 256GB of internal storage. Battery lasts up to 8 hours. Weighs approximately 1.2kg. Targeted at the Global market.,unstructured,1
DEC036_B_deepseek-v3.2,train_kb,conservative_noisy_or_conflict_adjusted,smartphone device,has_battery_life_hours,8,smartphone device|has_battery_life_hours|8,0.88,product_73,unstructured,LP=0.999965;LPO=0.999911|It is a smartphone device. Priced at 499 USD. The display measures 13.3 inches. Offers 256GB of internal storage. Battery lasts up to 8 hours. Weighs approximately 1.2kg. Targeted at the Global market.,unstructured,1
DEC036_B_deepseek-v3.2,train_kb,conservative_noisy_or_conflict_adjusted,smartphone device,has_weight_kg,1.2,smartphone device|has_weight_kg|1.2,0.91,product_73,unstructured,LP=0.999993;LPO=0.999985|It is a smartphone device. Priced at 499 USD. The display measures 13.3 inches. Offers 256GB of internal storage. Battery lasts up to 8 hours. Weighs approximately 1.2kg. Targeted at the Global market.,unstructured,1
DEC036_B_deepseek-v3.2,train_kb,conservative_noisy_or_conflict_adjusted,smartphone device,target_market_region,Global,smartphone device|target_market_region|global,0.92,product_73,unstructured,LP=0.999961;LPO=0.999789|It is a smartphone device. Priced at 499 USD. The display measures 13.3 inches. Offers 256GB of internal storage. Battery lasts up to 8 hours. Weighs approximately 1.2kg. Targeted at the Global market.,unstructured,1
DEC036_B_deepseek-v3.2,train_kb,conservative_noisy_or_conflict_adjusted,NeoTech Smartwatch Air 74,manufactured_by,NeoTech,neotech smartwatch air 74|manufactured_by|neotech,0.98,product_74,structured,structured_row:NeoTech Smartwatch Air 74,structured,1
DEC036_B_deepseek-v3.2,train_kb,conservative_noisy_or_conflict_adjusted,NeoTech Smartwatch Air 74,belongs_to_category,smartwatch,neotech smartwatch air 74|belongs_to_category|smartwatch,0.98,product_74,structured,structured_row:NeoTech Smartwatch Air 74,structured,1
DEC036_B_deepseek-v3.2,train_kb,conservative_noisy_or_conflict_adjusted,NeoTech Smartwatch Air 74,has_price_usd,1299,neotech smartwatch air 74|has_price_usd|1299,0.98,product_74,structured,structured_row:NeoTech Smartwatch Air 74,structured,1
DEC036_B_deepseek-v3.2,train_kb,conservative_noisy_or_conflict_adjusted,NeoTech Smartwatch Air 74,has_screen_size_inch,15.6,neotech smartwatch air 74|has_screen_size_inch|15.6,0.98,product_74,structured,structured_row:NeoTech Smartwatch Air 74,structured,1
DEC036_B_deepseek-v3.2,train_kb,conservative_noisy_or_conflict_adjusted,NeoTech Smartwatch Air 74,has_ram_gb,16,neotech smartwatch air 74|has_ram_gb|16,0.98,product_74,structured,structured_row:NeoTech Smartwatch Air 74,structured,1
DEC036_B_deepseek-v3.2,train_kb,conservative_noisy_or_conflict_adjusted,NeoTech Smartwatch Air 74,has_storage_gb,1024,neotech smartwatch air 74|has_storage_gb|1024,0.98,product_74,structured,structured_row:NeoTech Smartwatch Air 74,structured,1
DEC036_B_deepseek-v3.2,train_kb,conservative_noisy_or_conflict_adjusted,NeoTech Smartwatch Air 74,has_battery_life_hours,20,neotech smartwatch air 74|has_battery_life_hours|20,0.98,product_74,structured,structured_row:NeoTech Smartwatch Air 74,structured,1
DEC036_B_deepseek-v3.2,train_kb,conservative_noisy_or_conflict_adjusted,NeoTech Smartwatch Air 74,has_weight_kg,1.45,neotech smartwatch air 74|has_weight_kg|1.45,0.98,product_74,structured,structured_row:NeoTech Smartwatch Air 74,structured,1
DEC036_B_deepseek-v3.2,train_kb,conservative_noisy_or_conflict_adjusted,NeoTech Smartwatch Air 74,has_color,black,neotech smartwatch air 74|has_color|black,0.98,product_74,structured,structured_row:NeoTech Smartwatch Air 74,structured,1
DEC036_B_deepseek-v3.2,train_kb,conservative_noisy_or_conflict_adjusted,NeoTech Smartwatch Air 74,made_of_material,plastic,neotech smartwatch air 74|made_of_material|plastic,0.98,product_74,structured,structured_row:NeoTech Smartwatch Air 74,structured,1
DEC036_B_deepseek-v3.2,train_kb,conservative_noisy_or_conflict_adjusted,NeoTech Smartwatch Air 74,target_market_region,US,neotech smartwatch air 74|target_market_region|us,0.98,product_74,structured,structured_row:NeoTech Smartwatch Air 74,structured,1
DEC036_B_deepseek-v3.2,train_kb,conservative_noisy_or_conflict_adjusted,NeoTech Smartwatch Air 74,supports_fast_charging,yes,neotech smartwatch air 74|supports_fast_charging|yes,0.98,product_74,structured,structured_row:NeoTech Smartwatch Air 74,structured,1
DEC036_B_deepseek-v3.2,train_kb,conservative_noisy_or_conflict_adjusted,NeoTech Smartwatch Air 74,has_noise_cancellation,no,neotech smartwatch air 74|has_noise_cancellation|no,0.98,product_74,structured,structured_row:NeoTech Smartwatch Air 74,structured,1
DEC036_B_deepseek-v3.2,train_kb,conservative_noisy_or_conflict_adjusted,NeoTech Smartwatch Air 74,manufactured_by,NeoTech,neotech smartwatch air 74|manufactured_by|neotech,0.94,product_74,unstructured,LP=0.999994;LPO=0.999993|NeoTech Smartwatch Air 74 is manufactured by NeoTech. Priced at 1299 USD. Comes with 16GB of RAM. Offers 1024GB of internal storage. Built with plastic construction. Targeted at the US market. Fast charging is yes.,unstructured,1
DEC036_B_deepseek-v3.2,train_kb,conservative_noisy_or_conflict_adjusted,NeoTech Smartwatch Air 74,has_price_usd,1299,neotech smartwatch air 74|has_price_usd|1299,0.93,product_74,unstructured,LP=0.999825;LPO=0.999988|NeoTech Smartwatch Air 74 is manufactured by NeoTech. Priced at 1299 USD. Comes with 16GB of RAM. Offers 1024GB of internal storage. Built with plastic construction. Targeted at the US market. Fast charging is yes.,unstructured,1
DEC036_B_deepseek-v3.2,train_kb,conservative_noisy_or_conflict_adjusted,NeoTech Smartwatch Air 74,has_ram_gb,16,neotech smartwatch air 74|has_ram_gb|16,0.92,product_74,unstructured,LP=0.999993;LPO=0.999994|NeoTech Smartwatch Air 74 is manufactured by NeoTech. Priced at 1299 USD. Comes with 16GB of RAM. Offers 1024GB of internal storage. Built with plastic construction. Targeted at the US market. Fast charging is yes.,unstructured,1
DEC036_B_deepseek-v3.2,train_kb,conservative_noisy_or_conflict_adjusted,NeoTech Smartwatch Air 74,has_storage_gb,1024,neotech smartwatch air 74|has_storage_gb|1024,0.92,product_74,unstructured,LP=0.999999;LPO=1.000000|NeoTech Smartwatch Air 74 is manufactured by NeoTech. Priced at 1299 USD. Comes with 16GB of RAM. Offers 1024GB of internal storage. Built with plastic construction. Targeted at the US market. Fast charging is yes.,unstructured,1
DEC036_B_deepseek-v3.2,train_kb,conservative_noisy_or_conflict_adjusted,NeoTech Smartwatch Air 74,made_of_material,plastic,neotech smartwatch air 74|made_of_material|plastic,0.91,product_74,unstructured,LP=0.999967;LPO=0.999952|NeoTech Smartwatch Air 74 is manufactured by NeoTech. Priced at 1299 USD. Comes with 16GB of RAM. Offers 1024GB of internal storage. Built with plastic construction. Targeted at the US market. Fast charging is yes.,unstructured,1
DEC036_B_deepseek-v3.2,train_kb,conservative_noisy_or_conflict_adjusted,NeoTech Smartwatch Air 74,target_market_region,US,neotech smartwatch air 74|target_market_region|us,0.91,product_74,unstructured,LP=0.999987;LPO=0.999876|NeoTech Smartwatch Air 74 is manufactured by NeoTech. Priced at 1299 USD. Comes with 16GB of RAM. Offers 1024GB of internal storage. Built with plastic construction. Targeted at the US market. Fast charging is yes.,unstructured,1
DEC036_B_deepseek-v3.2,train_kb,conservative_noisy_or_conflict_adjusted,NeoTech Smartwatch Air 74,supports_fast_charging,yes,neotech smartwatch air 74|supports_fast_charging|yes,0.9,product_74,unstructured,LP=0.999703;LPO=0.995602|NeoTech Smartwatch Air 74 is manufactured by NeoTech. Priced at 1299 USD. Comes with 16GB of RAM. Offers 1024GB of internal storage. Built with plastic construction. Targeted at the US market. Fast charging is yes.,unstructured,1
DEC036_B_deepseek-v3.2,train_kb,conservative_noisy_or_conflict_adjusted,Zenbyte Headphones Max 76,manufactured_by,Zenbyte,zenbyte headphones max 76|manufactured_by|zenbyte,0.98,product_76,structured,structured_row:Zenbyte Headphones Max 76,structured,1
DEC036_B_deepseek-v3.2,train_kb,conservative_noisy_or_conflict_adjusted,Zenbyte Headphones Max 76,belongs_to_category,headphones,zenbyte headphones max 76|belongs_to_category|headphones,0.98,product_76,structured,structured_row:Zenbyte Headphones Max 76,structured,1
DEC036_B_deepseek-v3.2,train_kb,conservative_noisy_or_conflict_adjusted,Zenbyte Headphones Max 76,has_price_usd,299,zenbyte headphones max 76|has_price_usd|299,0.98,product_76,structured,structured_row:Zenbyte Headphones Max 76,structured,1
DEC036_B_deepseek-v3.2,train_kb,conservative_noisy_or_conflict_adjusted,Zenbyte Headphones Max 76,has_screen_size_inch,15.6,zenbyte headphones max 76|has_screen_size_inch|15.6,0.98,product_76,structured,structured_row:Zenbyte Headphones Max 76,structured,1
DEC036_B_deepseek-v3.2,train_kb,conservative_noisy_or_conflict_adjusted,Zenbyte Headphones Max 76,has_ram_gb,16,zenbyte headphones max 76|has_ram_gb|16,0.98,product_76,structured,structured_row:Zenbyte Headphones Max 76,structured,1
DEC036_B_deepseek-v3.2,train_kb,conservative_noisy_or_conflict_adjusted,Zenbyte Headphones Max 76,has_storage_gb,64,zenbyte headphones max 76|has_storage_gb|64,0.98,product_76,structured,structured_row:Zenbyte Headphones Max 76,structured,1
DEC036_B_deepseek-v3.2,train_kb,conservative_noisy_or_conflict_adjusted,Zenbyte Headphones Max 76,has_battery_life_hours,20,zenbyte headphones max 76|has_battery_life_hours|20,0.98,product_76,structured,structured_row:Zenbyte Headphones Max 76,structured,1
DEC036_B_deepseek-v3.2,train_kb,conservative_noisy_or_conflict_adjusted,Zenbyte Headphones Max 76,has_weight_kg,0.18,zenbyte headphones max 76|has_weight_kg|0.18,0.98,product_76,structured,structured_row:Zenbyte Headphones Max 76,structured,1
DEC036_B_deepseek-v3.2,train_kb,conservative_noisy_or_conflict_adjusted,Zenbyte Headphones Max 76,has_color,green,zenbyte headphones max 76|has_color|green,0.98,product_76,structured,structured_row:Zenbyte Headphones Max 76,structured,1
DEC036_B_deepseek-v3.2,train_kb,conservative_noisy_or_conflict_adjusted,Zenbyte Headphones Max 76,made_of_material,aluminum,zenbyte headphones max 76|made_of_material|aluminum,0.98,product_76,structured,structured_row:Zenbyte Headphones Max 76,structured,1
DEC036_B_deepseek-v3.2,train_kb,conservative_noisy_or_conflict_adjusted,Zenbyte Headphones Max 76,target_market_region,EU,zenbyte headphones max 76|target_market_region|eu,0.98,product_76,structured,structured_row:Zenbyte Headphones Max 76,structured,1
DEC036_B_deepseek-v3.2,train_kb,conservative_noisy_or_conflict_adjusted,Zenbyte Headphones Max 76,supports_fast_charging,no,zenbyte headphones max 76|supports_fast_charging|no,0.98,product_76,structured,structured_row:Zenbyte Headphones Max 76,structured,1
DEC036_B_deepseek-v3.2,train_kb,conservative_noisy_or_conflict_adjusted,Zenbyte Headphones Max 76,has_noise_cancellation,no,zenbyte headphones max 76|has_noise_cancellation|no,0.98,product_76,structured,structured_row:Zenbyte Headphones Max 76,structured,1
DEC036_B_deepseek-v3.2,train_kb,conservative_noisy_or_conflict_adjusted,product,has_price_usd,299,product|has_price_usd|299,0.95,product_76,unstructured,LP=0.745641;LPO=0.999949|Priced at 299 USD. Battery lasts up to 20 hours. Weighs approximately 0.18kg. Built with aluminum construction. Targeted at the EU market. Fast charging is no. Noise cancellation: no.,unstructured,1
DEC036_B_deepseek-v3.2,train_kb,conservative_noisy_or_conflict_adjusted,product,has_battery_life_hours,20,product|has_battery_life_hours|20,0.9,product_76,unstructured,LP=0.999921;LPO=0.999795|Priced at 299 USD. Battery lasts up to 20 hours. Weighs approximately 0.18kg. Built with aluminum construction. Targeted at the EU market. Fast charging is no. Noise cancellation: no.,unstructured,1
DEC036_B_deepseek-v3.2,train_kb,conservative_noisy_or_conflict_adjusted,product,has_weight_kg,0.18,product|has_weight_kg|0.18,0.91,product_76,unstructured,LP=0.999995;LPO=0.999986|Priced at 299 USD. Battery lasts up to 20 hours. Weighs approximately 0.18kg. Built with aluminum construction. Targeted at the EU market. Fast charging is no. Noise cancellation: no.,unstructured,1
DEC036_B_deepseek-v3.2,train_kb,conservative_noisy_or_conflict_adjusted,product,made_of_material,aluminum,product|made_of_material|aluminum,0.92,product_76,unstructured,LP=0.999922;LPO=0.999792|Priced at 299 USD. Battery lasts up to 20 hours. Weighs approximately 0.18kg. Built with aluminum construction. Targeted at the EU market. Fast charging is no. Noise cancellation: no.,unstructured,1
DEC036_B_deepseek-v3.2,train_kb,conservative_noisy_or_conflict_adjusted,product,target_market_region,EU,product|target_market_region|eu,0.93,product_76,unstructured,LP=0.999978;LPO=0.999890|Priced at 299 USD. Battery lasts up to 20 hours. Weighs approximately 0.18kg. Built with aluminum construction. Targeted at the EU market. Fast charging is no. Noise cancellation: no.,unstructured,1
DEC036_B_deepseek-v3.2,train_kb,conservative_noisy_or_conflict_adjusted,product,supports_fast_charging,no,product|supports_fast_charging|no,0.94,product_76,unstructured,LP=0.998223;LPO=0.985892|Priced at 299 USD. Battery lasts up to 20 hours. Weighs approximately 0.18kg. Built with aluminum construction. Targeted at the EU market. Fast charging is no. Noise cancellation: no.,unstructured,1
DEC036_B_deepseek-v3.2,train_kb,conservative_noisy_or_conflict_adjusted,product,has_noise_cancellation,no,product|has_noise_cancellation|no,0.94,product_76,unstructured,LP=0.999999;LPO=0.999998|Priced at 299 USD. Battery lasts up to 20 hours. Weighs approximately 0.18kg. Built with aluminum construction. Targeted at the EU market. Fast charging is no. Noise cancellation: no.,unstructured,1
DEC036_B_deepseek-v3.2,train_kb,conservative_noisy_or_conflict_adjusted,Zenbyte Laptop Pro 77,manufactured_by,Zenbyte,zenbyte laptop pro 77|manufactured_by|zenbyte,0.98,product_77,structured,structured_row:Zenbyte Laptop Pro 77,structured,1
DEC036_B_deepseek-v3.2,train_kb,conservative_noisy_or_conflict_adjusted,Zenbyte Laptop Pro 77,belongs_to_category,laptop,zenbyte laptop pro 77|belongs_to_category|laptop,0.98,product_77,structured,structured_row:Zenbyte Laptop Pro 77,structured,1
DEC036_B_deepseek-v3.2,train_kb,conservative_noisy_or_conflict_adjusted,Zenbyte Laptop Pro 77,has_price_usd,499,zenbyte laptop pro 77|has_price_usd|499,0.98,product_77,structured,structured_row:Zenbyte Laptop Pro 77,structured,1
DEC036_B_deepseek-v3.2,train_kb,conservative_noisy_or_conflict_adjusted,Zenbyte Laptop Pro 77,has_screen_size_inch,14.0,zenbyte laptop pro 77|has_screen_size_inch|14.0,0.98,product_77,structured,structured_row:Zenbyte Laptop Pro 77,structured,1
DEC036_B_deepseek-v3.2,train_kb,conservative_noisy_or_conflict_adjusted,Zenbyte Laptop Pro 77,has_ram_gb,32,zenbyte laptop pro 77|has_ram_gb|32,0.98,product_77,structured,structured_row:Zenbyte Laptop Pro 77,structured,1
DEC036_B_deepseek-v3.2,train_kb,conservative_noisy_or_conflict_adjusted,Zenbyte Laptop Pro 77,has_storage_gb,1024,zenbyte laptop pro 77|has_storage_gb|1024,0.98,product_77,structured,structured_row:Zenbyte Laptop Pro 77,structured,1
DEC036_B_deepseek-v3.2,train_kb,conservative_noisy_or_conflict_adjusted,Zenbyte Laptop Pro 77,has_battery_life_hours,14,zenbyte laptop pro 77|has_battery_life_hours|14,0.98,product_77,structured,structured_row:Zenbyte Laptop Pro 77,structured,1
DEC036_B_deepseek-v3.2,train_kb,conservative_noisy_or_conflict_adjusted,Zenbyte Laptop Pro 77,has_weight_kg,1.2,zenbyte laptop pro 77|has_weight_kg|1.2,0.98,product_77,structured,structured_row:Zenbyte Laptop Pro 77,structured,1
DEC036_B_deepseek-v3.2,train_kb,conservative_noisy_or_conflict_adjusted,Zenbyte Laptop Pro 77,has_color,black,zenbyte laptop pro 77|has_color|black,0.98,product_77,structured,structured_row:Zenbyte Laptop Pro 77,structured,1
DEC036_B_deepseek-v3.2,train_kb,conservative_noisy_or_conflict_adjusted,Zenbyte Laptop Pro 77,made_of_material,plastic,zenbyte laptop pro 77|made_of_material|plastic,0.98,product_77,structured,structured_row:Zenbyte Laptop Pro 77,structured,1
DEC036_B_deepseek-v3.2,train_kb,conservative_noisy_or_conflict_adjusted,Zenbyte Laptop Pro 77,target_market_region,Global,zenbyte laptop pro 77|target_market_region|global,0.98,product_77,structured,structured_row:Zenbyte Laptop Pro 77,structured,1
DEC036_B_deepseek-v3.2,train_kb,conservative_noisy_or_conflict_adjusted,Zenbyte Laptop Pro 77,supports_fast_charging,no,zenbyte laptop pro 77|supports_fast_charging|no,0.98,product_77,structured,structured_row:Zenbyte Laptop Pro 77,structured,1
DEC036_B_deepseek-v3.2,train_kb,conservative_noisy_or_conflict_adjusted,Zenbyte Laptop Pro 77,has_noise_cancellation,no,zenbyte laptop pro 77|has_noise_cancellation|no,0.98,product_77,structured,structured_row:Zenbyte Laptop Pro 77,structured,1
DEC036_B_deepseek-v3.2,train_kb,conservative_noisy_or_conflict_adjusted,Zenbyte Laptop Pro 77,manufactured_by,Zenbyte,zenbyte laptop pro 77|manufactured_by|zenbyte,0.95,product_77,unstructured,LP=0.999974;LPO=0.999985|Zenbyte Laptop Pro 77 is manufactured by Zenbyte. It is a laptop device. The display measures 14.0 inches. Battery lasts up to 14 hours. Available in black. Built with plastic construction. Noise cancellation: no.,unstructured,1
DEC036_B_deepseek-v3.2,train_kb,conservative_noisy_or_conflict_adjusted,Zenbyte Laptop Pro 77,belongs_to_category,laptop,zenbyte laptop pro 77|belongs_to_category|laptop,0.94,product_77,unstructured,LP=0.998891;LPO=0.999797|Zenbyte Laptop Pro 77 is manufactured by Zenbyte. It is a laptop device. The display measures 14.0 inches. Battery lasts up to 14 hours. Available in black. Built with plastic construction. Noise cancellation: no.,unstructured,1
DEC036_B_deepseek-v3.2,train_kb,conservative_noisy_or_conflict_adjusted,Zenbyte Laptop Pro 77,has_screen_size_inch,14.0,zenbyte laptop pro 77|has_screen_size_inch|14.0,0.92,product_77,unstructured,LP=0.999977;LPO=0.999686|Zenbyte Laptop Pro 77 is manufactured by Zenbyte. It is a laptop device. The display measures 14.0 inches. Battery lasts up to 14 hours. Available in black. Built with plastic construction. Noise cancellation: no.,unstructured,1
DEC036_B_deepseek-v3.2,train_kb,conservative_noisy_or_conflict_adjusted,Zenbyte Laptop Pro 77,has_battery_life_hours,14,zenbyte laptop pro 77|has_battery_life_hours|14,0.9,product_77,unstructured,LP=0.999990;LPO=0.999949|Zenbyte Laptop Pro 77 is manufactured by Zenbyte. It is a laptop device. The display measures 14.0 inches. Battery lasts up to 14 hours. Available in black. Built with plastic construction. Noise cancellation: no.,unstructured,1
DEC036_B_deepseek-v3.2,train_kb,conservative_noisy_or_conflict_adjusted,Zenbyte Laptop Pro 77,has_color,black,zenbyte laptop pro 77|has_color|black,0.92,product_77,unstructured,LP=0.999989;LPO=0.999982|Zenbyte Laptop Pro 77 is manufactured by Zenbyte. It is a laptop device. The display measures 14.0 inches. Battery lasts up to 14 hours. Available in black. Built with plastic construction. Noise cancellation: no.,unstructured,1
DEC036_B_deepseek-v3.2,train_kb,conservative_noisy_or_conflict_adjusted,Zenbyte Laptop Pro 77,made_of_material,plastic,zenbyte laptop pro 77|made_of_material|plastic,0.93,product_77,unstructured,LP=0.999866;LPO=0.999971|Zenbyte Laptop Pro 77 is manufactured by Zenbyte. It is a laptop device. The display measures 14.0 inches. Battery lasts up to 14 hours. Available in black. Built with plastic construction. Noise cancellation: no.,unstructured,1
DEC036_B_deepseek-v3.2,train_kb,conservative_noisy_or_conflict_adjusted,Zenbyte Laptop Pro 77,has_noise_cancellation,no,zenbyte laptop pro 77|has_noise_cancellation|no,0.9,product_77,unstructured,LP=0.996517;LPO=0.952379|Zenbyte Laptop Pro 77 is manufactured by Zenbyte. It is a laptop device. The display measures 14.0 inches. Battery lasts up to 14 hours. Available in black. Built with plastic construction. Noise cancellation: no.,unstructured,1
DEC036_B_deepseek-v3.2,train_kb,conservative_noisy_or_conflict_adjusted,PixelWare Headphones Lite 78,manufactured_by,PixelWare,pixelware headphones lite 78|manufactured_by|pixelware,0.98,product_78,structured,structured_row:PixelWare Headphones Lite 78,structured,1
DEC036_B_deepseek-v3.2,train_kb,conservative_noisy_or_conflict_adjusted,PixelWare Headphones Lite 78,belongs_to_category,headphones,pixelware headphones lite 78|belongs_to_category|headphones,0.98,product_78,structured,structured_row:PixelWare Headphones Lite 78,structured,1
DEC036_B_deepseek-v3.2,train_kb,conservative_noisy_or_conflict_adjusted,PixelWare Headphones Lite 78,has_price_usd,249,pixelware headphones lite 78|has_price_usd|249,0.98,product_78,structured,structured_row:PixelWare Headphones Lite 78,structured,1
DEC036_B_deepseek-v3.2,train_kb,conservative_noisy_or_conflict_adjusted,PixelWare Headphones Lite 78,has_screen_size_inch,6.1,pixelware headphones lite 78|has_screen_size_inch|6.1,0.98,product_78,structured,structured_row:PixelWare Headphones Lite 78,structured,1
DEC036_B_deepseek-v3.2,train_kb,conservative_noisy_or_conflict_adjusted,PixelWare Headphones Lite 78,has_ram_gb,12,pixelware headphones lite 78|has_ram_gb|12,0.98,product_78,structured,structured_row:PixelWare Headphones Lite 78,structured,1
DEC036_B_deepseek-v3.2,train_kb,conservative_noisy_or_conflict_adjusted,PixelWare Headphones Lite 78,has_storage_gb,512,pixelware headphones lite 78|has_storage_gb|512,0.98,product_78,structured,structured_row:PixelWare Headphones Lite 78,structured,1
DEC036_B_deepseek-v3.2,train_kb,conservative_noisy_or_conflict_adjusted,PixelWare Headphones Lite 78,has_battery_life_hours,10,pixelware headphones lite 78|has_battery_life_hours|10,0.98,product_78,structured,structured_row:PixelWare Headphones Lite 78,structured,1
DEC036_B_deepseek-v3.2,train_kb,conservative_noisy_or_conflict_adjusted,PixelWare Headphones Lite 78,has_weight_kg,0.23,pixelware headphones lite 78|has_weight_kg|0.23,0.98,product_78,structured,structured_row:PixelWare Headphones Lite 78,structured,1
DEC036_B_deepseek-v3.2,train_kb,conservative_noisy_or_conflict_adjusted,PixelWare Headphones Lite 78,has_color,silver,pixelware headphones lite 78|has_color|silver,0.98,product_78,structured,structured_row:PixelWare Headphones Lite 78,structured,1
DEC036_B_deepseek-v3.2,train_kb,conservative_noisy_or_conflict_adjusted,PixelWare Headphones Lite 78,made_of_material,plastic,pixelware headphones lite 78|made_of_material|plastic,0.98,product_78,structured,structured_row:PixelWare Headphones Lite 78,structured,1
DEC036_B_deepseek-v3.2,train_kb,conservative_noisy_or_conflict_adjusted,PixelWare Headphones Lite 78,target_market_region,APAC,pixelware headphones lite 78|target_market_region|apac,0.98,product_78,structured,structured_row:PixelWare Headphones Lite 78,structured,1
DEC036_B_deepseek-v3.2,train_kb,conservative_noisy_or_conflict_adjusted,PixelWare Headphones Lite 78,supports_fast_charging,no,pixelware headphones lite 78|supports_fast_charging|no,0.98,product_78,structured,structured_row:PixelWare Headphones Lite 78,structured,1
DEC036_B_deepseek-v3.2,train_kb,conservative_noisy_or_conflict_adjusted,PixelWare Headphones Lite 78,has_noise_cancellation,yes,pixelware headphones lite 78|has_noise_cancellation|yes,0.98,product_78,structured,structured_row:PixelWare Headphones Lite 78,structured,1
DEC036_B_deepseek-v3.2,train_kb,conservative_noisy_or_conflict_adjusted,headphones device,has_storage_gb,512,headphones device|has_storage_gb|512,0.91,product_78,unstructured,LP=0.954756;LPO=0.999999|It is a headphones device. Offers 512GB of internal storage. Battery lasts up to 10 hours. Weighs approximately 0.23kg. Available in silver. Targeted at the APAC market. Noise cancellation: yes.,unstructured,1
DEC036_B_deepseek-v3.2,train_kb,conservative_noisy_or_conflict_adjusted,headphones device,has_battery_life_hours,10,headphones device|has_battery_life_hours|10,0.9,product_78,unstructured,LP=0.999981;LPO=0.999952|It is a headphones device. Offers 512GB of internal storage. Battery lasts up to 10 hours. Weighs approximately 0.23kg. Available in silver. Targeted at the APAC market. Noise cancellation: yes.,unstructured,1
DEC036_B_deepseek-v3.2,train_kb,conservative_noisy_or_conflict_adjusted,headphones device,has_weight_kg,0.23,headphones device|has_weight_kg|0.23,0.89,product_78,unstructured,LP=0.999994;LPO=0.999992|It is a headphones device. Offers 512GB of internal storage. Battery lasts up to 10 hours. Weighs approximately 0.23kg. Available in silver. Targeted at the APAC market. Noise cancellation: yes.,unstructured,1
DEC036_B_deepseek-v3.2,train_kb,conservative_noisy_or_conflict_adjusted,headphones device,has_color,silver,headphones device|has_color|silver,0.92,product_78,unstructured,LP=0.999944;LPO=0.999893|It is a headphones device. Offers 512GB of internal storage. Battery lasts up to 10 hours. Weighs approximately 0.23kg. Available in silver. Targeted at the APAC market. Noise cancellation: yes.,unstructured,1
DEC036_B_deepseek-v3.2,train_kb,conservative_noisy_or_conflict_adjusted,headphones device,target_market_region,APAC,headphones device|target_market_region|apac,0.91,product_78,unstructured,LP=0.999957;LPO=0.999947|It is a headphones device. Offers 512GB of internal storage. Battery lasts up to 10 hours. Weighs approximately 0.23kg. Available in silver. Targeted at the APAC market. Noise cancellation: yes.,unstructured,1
DEC036_B_deepseek-v3.2,train_kb,conservative_noisy_or_conflict_adjusted,headphones device,has_noise_cancellation,yes,headphones device|has_noise_cancellation|yes,0.93,product_78,unstructured,LP=0.999736;LPO=0.997470|It is a headphones device. Offers 512GB of internal storage. Battery lasts up to 10 hours. Weighs approximately 0.23kg. Available in silver. Targeted at the APAC market. Noise cancellation: yes.,unstructured,1
DEC036_B_deepseek-v3.2,train_kb,conservative_noisy_or_conflict_adjusted,Auralex Tablet Plus 80,manufactured_by,Auralex,auralex tablet plus 80|manufactured_by|auralex,0.98,product_80,structured,structured_row:Auralex Tablet Plus 80,structured,1
DEC036_B_deepseek-v3.2,train_kb,conservative_noisy_or_conflict_adjusted,Auralex Tablet Plus 80,belongs_to_category,tablet,auralex tablet plus 80|belongs_to_category|tablet,0.98,product_80,structured,structured_row:Auralex Tablet Plus 80,structured,1
DEC036_B_deepseek-v3.2,train_kb,conservative_noisy_or_conflict_adjusted,Auralex Tablet Plus 80,has_price_usd,249,auralex tablet plus 80|has_price_usd|249,0.98,product_80,structured,structured_row:Auralex Tablet Plus 80,structured,1
DEC036_B_deepseek-v3.2,train_kb,conservative_noisy_or_conflict_adjusted,Auralex Tablet Plus 80,has_screen_size_inch,11.0,auralex tablet plus 80|has_screen_size_inch|11.0,0.98,product_80,structured,structured_row:Auralex Tablet Plus 80,structured,1
DEC036_B_deepseek-v3.2,train_kb,conservative_noisy_or_conflict_adjusted,Auralex Tablet Plus 80,has_ram_gb,8,auralex tablet plus 80|has_ram_gb|8,0.98,product_80,structured,structured_row:Auralex Tablet Plus 80,structured,1
DEC036_B_deepseek-v3.2,train_kb,conservative_noisy_or_conflict_adjusted,Auralex Tablet Plus 80,has_storage_gb,256,auralex tablet plus 80|has_storage_gb|256,0.98,product_80,structured,structured_row:Auralex Tablet Plus 80,structured,1
DEC036_B_deepseek-v3.2,train_kb,conservative_noisy_or_conflict_adjusted,Auralex Tablet Plus 80,has_battery_life_hours,10,auralex tablet plus 80|has_battery_life_hours|10,0.98,product_80,structured,structured_row:Auralex Tablet Plus 80,structured,1
DEC036_B_deepseek-v3.2,train_kb,conservative_noisy_or_conflict_adjusted,Auralex Tablet Plus 80,has_weight_kg,0.42,auralex tablet plus 80|has_weight_kg|0.42,0.98,product_80,structured,structured_row:Auralex Tablet Plus 80,structured,1
DEC036_B_deepseek-v3.2,train_kb,conservative_noisy_or_conflict_adjusted,Auralex Tablet Plus 80,has_color,silver,auralex tablet plus 80|has_color|silver,0.98,product_80,structured,structured_row:Auralex Tablet Plus 80,structured,1
DEC036_B_deepseek-v3.2,train_kb,conservative_noisy_or_conflict_adjusted,Auralex Tablet Plus 80,made_of_material,plastic,auralex tablet plus 80|made_of_material|plastic,0.98,product_80,structured,structured_row:Auralex Tablet Plus 80,structured,1
DEC036_B_deepseek-v3.2,train_kb,conservative_noisy_or_conflict_adjusted,Auralex Tablet Plus 80,target_market_region,Global,auralex tablet plus 80|target_market_region|global,0.98,product_80,structured,structured_row:Auralex Tablet Plus 80,structured,1
DEC036_B_deepseek-v3.2,train_kb,conservative_noisy_or_conflict_adjusted,Auralex Tablet Plus 80,supports_fast_charging,yes,auralex tablet plus 80|supports_fast_charging|yes,0.98,product_80,structured,structured_row:Auralex Tablet Plus 80,structured,1
DEC036_B_deepseek-v3.2,train_kb,conservative_noisy_or_conflict_adjusted,Auralex Tablet Plus 80,has_noise_cancellation,no,auralex tablet plus 80|has_noise_cancellation|no,0.98,product_80,structured,structured_row:Auralex Tablet Plus 80,structured,1
DEC036_B_deepseek-v3.2,train_kb,conservative_noisy_or_conflict_adjusted,tablet device,has_screen_size_inch,11.0,tablet device|has_screen_size_inch|11.0,0.94,product_80,unstructured,LP=0.967498;LPO=0.999246|It is a tablet device. The display measures 11.0 inches. Battery lasts up to 10 hours. Available in silver. Targeted at the Global market. Fast charging is yes. Noise cancellation: no.,unstructured,1
DEC036_B_deepseek-v3.2,train_kb,conservative_noisy_or_conflict_adjusted,tablet device,has_battery_life_hours,10,tablet device|has_battery_life_hours|10,0.9,product_80,unstructured,LP=0.999938;LPO=0.999841|It is a tablet device. The display measures 11.0 inches. Battery lasts up to 10 hours. Available in silver. Targeted at the Global market. Fast charging is yes. Noise cancellation: no.,unstructured,1
DEC036_B_deepseek-v3.2,train_kb,conservative_noisy_or_conflict_adjusted,tablet device,has_color,silver,tablet device|has_color|silver,0.92,product_80,unstructured,LP=0.999828;LPO=0.999927|It is a tablet device. The display measures 11.0 inches. Battery lasts up to 10 hours. Available in silver. Targeted at the Global market. Fast charging is yes. Noise cancellation: no.,unstructured,1
DEC036_B_deepseek-v3.2,train_kb,conservative_noisy_or_conflict_adjusted,tablet device,target_market_region,Global,tablet device|target_market_region|global,0.95,product_80,unstructured,LP=0.999956;LPO=0.999737|It is a tablet device. The display measures 11.0 inches. Battery lasts up to 10 hours. Available in silver. Targeted at the Global market. Fast charging is yes. Noise cancellation: no.,unstructured,1
DEC036_B_deepseek-v3.2,train_kb,conservative_noisy_or_conflict_adjusted,tablet device,supports_fast_charging,yes,tablet device|supports_fast_charging|yes,0.93,product_80,unstructured,LP=0.999892;LPO=0.999047|It is a tablet device. The display measures 11.0 inches. Battery lasts up to 10 hours. Available in silver. Targeted at the Global market. Fast charging is yes. Noise cancellation: no.,unstructured,1
DEC036_B_deepseek-v3.2,train_kb,conservative_noisy_or_conflict_adjusted,tablet device,has_noise_cancellation,no,tablet device|has_noise_cancellation|no,0.91,product_80,unstructured,LP=0.999996;LPO=0.999991|It is a tablet device. The display measures 11.0 inches. Battery lasts up to 10 hours. Available in silver. Targeted at the Global market. Fast charging is yes. Noise cancellation: no.,unstructured,1
DEC036_B_deepseek-v3.2,train_kb,conservative_noisy_or_conflict_adjusted,NeoTech Headphones Max 81,manufactured_by,NeoTech,neotech headphones max 81|manufactured_by|neotech,0.98,product_81,structured,structured_row:NeoTech Headphones Max 81,structured,1
DEC036_B_deepseek-v3.2,train_kb,conservative_noisy_or_conflict_adjusted,NeoTech Headphones Max 81,belongs_to_category,headphones,neotech headphones max 81|belongs_to_category|headphones,0.98,product_81,structured,structured_row:NeoTech Headphones Max 81,structured,1
DEC036_B_deepseek-v3.2,train_kb,conservative_noisy_or_conflict_adjusted,NeoTech Headphones Max 81,has_price_usd,499,neotech headphones max 81|has_price_usd|499,0.98,product_81,structured,structured_row:NeoTech Headphones Max 81,structured,1
DEC036_B_deepseek-v3.2,train_kb,conservative_noisy_or_conflict_adjusted,NeoTech Headphones Max 81,has_screen_size_inch,6.7,neotech headphones max 81|has_screen_size_inch|6.7,0.98,product_81,structured,structured_row:NeoTech Headphones Max 81,structured,1
DEC036_B_deepseek-v3.2,train_kb,conservative_noisy_or_conflict_adjusted,NeoTech Headphones Max 81,has_ram_gb,6,neotech headphones max 81|has_ram_gb|6,0.98,product_81,structured,structured_row:NeoTech Headphones Max 81,structured,1
DEC036_B_deepseek-v3.2,train_kb,conservative_noisy_or_conflict_adjusted,NeoTech Headphones Max 81,has_storage_gb,1024,neotech headphones max 81|has_storage_gb|1024,0.98,product_81,structured,structured_row:NeoTech Headphones Max 81,structured,1
DEC036_B_deepseek-v3.2,train_kb,conservative_noisy_or_conflict_adjusted,NeoTech Headphones Max 81,has_battery_life_hours,10,neotech headphones max 81|has_battery_life_hours|10,0.98,product_81,structured,structured_row:NeoTech Headphones Max 81,structured,1
DEC036_B_deepseek-v3.2,train_kb,conservative_noisy_or_conflict_adjusted,NeoTech Headphones Max 81,has_weight_kg,1.8,neotech headphones max 81|has_weight_kg|1.8,0.98,product_81,structured,structured_row:NeoTech Headphones Max 81,structured,1
DEC036_B_deepseek-v3.2,train_kb,conservative_noisy_or_conflict_adjusted,NeoTech Headphones Max 81,has_color,silver,neotech headphones max 81|has_color|silver,0.98,product_81,structured,structured_row:NeoTech Headphones Max 81,structured,1
DEC036_B_deepseek-v3.2,train_kb,conservative_noisy_or_conflict_adjusted,NeoTech Headphones Max 81,made_of_material,aluminum,neotech headphones max 81|made_of_material|aluminum,0.98,product_81,structured,structured_row:NeoTech Headphones Max 81,structured,1
DEC036_B_deepseek-v3.2,train_kb,conservative_noisy_or_conflict_adjusted,NeoTech Headphones Max 81,target_market_region,EU,neotech headphones max 81|target_market_region|eu,0.98,product_81,structured,structured_row:NeoTech Headphones Max 81,structured,1
DEC036_B_deepseek-v3.2,train_kb,conservative_noisy_or_conflict_adjusted,NeoTech Headphones Max 81,supports_fast_charging,yes,neotech headphones max 81|supports_fast_charging|yes,0.98,product_81,structured,structured_row:NeoTech Headphones Max 81,structured,1
DEC036_B_deepseek-v3.2,train_kb,conservative_noisy_or_conflict_adjusted,NeoTech Headphones Max 81,has_noise_cancellation,yes,neotech headphones max 81|has_noise_cancellation|yes,0.98,product_81,structured,structured_row:NeoTech Headphones Max 81,structured,1
DEC036_B_deepseek-v3.2,train_kb,conservative_noisy_or_conflict_adjusted,product,has_storage_gb,1024,product|has_storage_gb|1024,0.93,product_81,unstructured,LP=0.958906;LPO=0.999997|Offers 1024GB of internal storage. Battery lasts up to 10 hours. Weighs approximately 1.8kg. Built with aluminum construction. Targeted at the EU market. Fast charging is yes. Noise cancellation: yes.,unstructured,1
DEC036_B_deepseek-v3.2,train_kb,conservative_noisy_or_conflict_adjusted,product,has_battery_life_hours,10,product|has_battery_life_hours|10,0.9,product_81,unstructured,LP=0.999977;LPO=0.999839|Offers 1024GB of internal storage. Battery lasts up to 10 hours. Weighs approximately 1.8kg. Built with aluminum construction. Targeted at the EU market. Fast charging is yes. Noise cancellation: yes.,unstructured,1
DEC036_B_deepseek-v3.2,train_kb,conservative_noisy_or_conflict_adjusted,product,has_weight_kg,1.8,product|has_weight_kg|1.8,0.91,product_81,unstructured,LP=0.999998;LPO=0.999992|Offers 1024GB of internal storage. Battery lasts up to 10 hours. Weighs approximately 1.8kg. Built with aluminum construction. Targeted at the EU market. Fast charging is yes. Noise cancellation: yes.,unstructured,1
DEC036_B_deepseek-v3.2,train_kb,conservative_noisy_or_conflict_adjusted,product,made_of_material,aluminum,product|made_of_material|aluminum,0.92,product_81,unstructured,LP=0.999941;LPO=0.999983|Offers 1024GB of internal storage. Battery lasts up to 10 hours. Weighs approximately 1.8kg. Built with aluminum construction. Targeted at the EU market. Fast charging is yes. Noise cancellation: yes.,unstructured,1
DEC036_B_deepseek-v3.2,train_kb,conservative_noisy_or_conflict_adjusted,product,target_market_region,EU,product|target_market_region|eu,0.92,product_81,unstructured,LP=0.999972;LPO=0.999867|Offers 1024GB of internal storage. Battery lasts up to 10 hours. Weighs approximately 1.8kg. Built with aluminum construction. Targeted at the EU market. Fast charging is yes. Noise cancellation: yes.,unstructured,1
DEC036_B_deepseek-v3.2,train_kb,conservative_noisy_or_conflict_adjusted,product,supports_fast_charging,yes,product|supports_fast_charging|yes,0.93,product_81,unstructured,LP=0.998912;LPO=0.991336|Offers 1024GB of internal storage. Battery lasts up to 10 hours. Weighs approximately 1.8kg. Built with aluminum construction. Targeted at the EU market. Fast charging is yes. Noise cancellation: yes.,unstructured,1
DEC036_B_deepseek-v3.2,train_kb,conservative_noisy_or_conflict_adjusted,product,has_noise_cancellation,yes,product|has_noise_cancellation|yes,0.92,product_81,unstructured,LP=0.999999;LPO=1.000000|Offers 1024GB of internal storage. Battery lasts up to 10 hours. Weighs approximately 1.8kg. Built with aluminum construction. Targeted at the EU market. Fast charging is yes. Noise cancellation: yes.,unstructured,1
DEC036_B_deepseek-v3.2,train_kb,conservative_noisy_or_conflict_adjusted,PixelWare Headphones Air 82,manufactured_by,PixelWare,pixelware headphones air 82|manufactured_by|pixelware,0.98,product_82,structured,structured_row:PixelWare Headphones Air 82,structured,1
DEC036_B_deepseek-v3.2,train_kb,conservative_noisy_or_conflict_adjusted,PixelWare Headphones Air 82,belongs_to_category,headphones,pixelware headphones air 82|belongs_to_category|headphones,0.98,product_82,structured,structured_row:PixelWare Headphones Air 82,structured,1
DEC036_B_deepseek-v3.2,train_kb,conservative_noisy_or_conflict_adjusted,PixelWare Headphones Air 82,has_price_usd,499,pixelware headphones air 82|has_price_usd|499,0.98,product_82,structured,structured_row:PixelWare Headphones Air 82,structured,1
DEC036_B_deepseek-v3.2,train_kb,conservative_noisy_or_conflict_adjusted,PixelWare Headphones Air 82,has_screen_size_inch,15.6,pixelware headphones air 82|has_screen_size_inch|15.6,0.98,product_82,structured,structured_row:PixelWare Headphones Air 82,structured,1
DEC036_B_deepseek-v3.2,train_kb,conservative_noisy_or_conflict_adjusted,PixelWare Headphones Air 82,has_ram_gb,8,pixelware headphones air 82|has_ram_gb|8,0.98,product_82,structured,structured_row:PixelWare Headphones Air 82,structured,1
DEC036_B_deepseek-v3.2,train_kb,conservative_noisy_or_conflict_adjusted,PixelWare Headphones Air 82,has_storage_gb,1024,pixelware headphones air 82|has_storage_gb|1024,0.98,product_82,structured,structured_row:PixelWare Headphones Air 82,structured,1
DEC036_B_deepseek-v3.2,train_kb,conservative_noisy_or_conflict_adjusted,PixelWare Headphones Air 82,has_battery_life_hours,8,pixelware headphones air 82|has_battery_life_hours|8,0.98,product_82,structured,structured_row:PixelWare Headphones Air 82,structured,1
DEC036_B_deepseek-v3.2,train_kb,conservative_noisy_or_conflict_adjusted,PixelWare Headphones Air 82,has_weight_kg,0.42,pixelware headphones air 82|has_weight_kg|0.42,0.98,product_82,structured,structured_row:PixelWare Headphones Air 82,structured,1
DEC036_B_deepseek-v3.2,train_kb,conservative_noisy_or_conflict_adjusted,PixelWare Headphones Air 82,has_color,white,pixelware headphones air 82|has_color|white,0.98,product_82,structured,structured_row:PixelWare Headphones Air 82,structured,1
DEC036_B_deepseek-v3.2,train_kb,conservative_noisy_or_conflict_adjusted,PixelWare Headphones Air 82,made_of_material,aluminum,pixelware headphones air 82|made_of_material|aluminum,0.98,product_82,structured,structured_row:PixelWare Headphones Air 82,structured,1
DEC036_B_deepseek-v3.2,train_kb,conservative_noisy_or_conflict_adjusted,PixelWare Headphones Air 82,target_market_region,Global,pixelware headphones air 82|target_market_region|global,0.98,product_82,structured,structured_row:PixelWare Headphones Air 82,structured,1
DEC036_B_deepseek-v3.2,train_kb,conservative_noisy_or_conflict_adjusted,PixelWare Headphones Air 82,supports_fast_charging,yes,pixelware headphones air 82|supports_fast_charging|yes,0.98,product_82,structured,structured_row:PixelWare Headphones Air 82,structured,1
DEC036_B_deepseek-v3.2,train_kb,conservative_noisy_or_conflict_adjusted,PixelWare Headphones Air 82,has_noise_cancellation,no,pixelware headphones air 82|has_noise_cancellation|no,0.98,product_82,structured,structured_row:PixelWare Headphones Air 82,structured,1
DEC036_B_deepseek-v3.2,train_kb,conservative_noisy_or_conflict_adjusted,PixelWare Headphones Air 82,manufactured_by,PixelWare,pixelware headphones air 82|manufactured_by|pixelware,0.94,product_82,unstructured,LP=0.999991;LPO=0.999996|PixelWare Headphones Air 82 is manufactured by PixelWare. Comes with 8GB of RAM. Offers 1024GB of internal storage. Weighs approximately 0.42kg. Built with aluminum construction. Targeted at the Global market. Noise cancellation: no.,unstructured,1
DEC036_B_deepseek-v3.2,train_kb,conservative_noisy_or_conflict_adjusted,PixelWare Headphones Air 82,has_ram_gb,8,pixelware headphones air 82|has_ram_gb|8,0.92,product_82,unstructured,LP=0.999464;LPO=0.999979|PixelWare Headphones Air 82 is manufactured by PixelWare. Comes with 8GB of RAM. Offers 1024GB of internal storage. Weighs approximately 0.42kg. Built with aluminum construction. Targeted at the Global market. Noise cancellation: no.,unstructured,1
DEC036_B_deepseek-v3.2,train_kb,conservative_noisy_or_conflict_adjusted,PixelWare Headphones Air 82,has_storage_gb,1024,pixelware headphones air 82|has_storage_gb|1024,0.93,product_82,unstructured,LP=0.999987;LPO=0.999996|PixelWare Headphones Air 82 is manufactured by PixelWare. Comes with 8GB of RAM. Offers 1024GB of internal storage. Weighs approximately 0.42kg. Built with aluminum construction. Targeted at the Global market. Noise cancellation: no.,unstructured,1
DEC036_B_deepseek-v3.2,train_kb,conservative_noisy_or_conflict_adjusted,PixelWare Headphones Air 82,has_weight_kg,0.42,pixelware headphones air 82|has_weight_kg|0.42,0.9,product_82,unstructured,LP=0.999996;LPO=0.999982|PixelWare Headphones Air 82 is manufactured by PixelWare. Comes with 8GB of RAM. Offers 1024GB of internal storage. Weighs approximately 0.42kg. Built with aluminum construction. Targeted at the Global market. Noise cancellation: no.,unstructured,1
DEC036_B_deepseek-v3.2,train_kb,conservative_noisy_or_conflict_adjusted,PixelWare Headphones Air 82,made_of_material,aluminum,pixelware headphones air 82|made_of_material|aluminum,0.91,product_82,unstructured,LP=0.999904;LPO=0.999970|PixelWare Headphones Air 82 is manufactured by PixelWare. Comes with 8GB of RAM. Offers 1024GB of internal storage. Weighs approximately 0.42kg. Built with aluminum construction. Targeted at the Global market. Noise cancellation: no.,unstructured,1
DEC036_B_deepseek-v3.2,train_kb,conservative_noisy_or_conflict_adjusted,PixelWare Headphones Air 82,target_market_region,Global,pixelware headphones air 82|target_market_region|global,0.94,product_82,unstructured,LP=0.999993;LPO=0.999982|PixelWare Headphones Air 82 is manufactured by PixelWare. Comes with 8GB of RAM. Offers 1024GB of internal storage. Weighs approximately 0.42kg. Built with aluminum construction. Targeted at the Global market. Noise cancellation: no.,unstructured,1
DEC036_B_deepseek-v3.2,train_kb,conservative_noisy_or_conflict_adjusted,PixelWare Headphones Air 82,has_noise_cancellation,no,pixelware headphones air 82|has_noise_cancellation|no,0.95,product_82,unstructured,LP=0.999370;LPO=0.991311|PixelWare Headphones Air 82 is manufactured by PixelWare. Comes with 8GB of RAM. Offers 1024GB of internal storage. Weighs approximately 0.42kg. Built with aluminum construction. Targeted at the Global market. Noise cancellation: no.,unstructured,1
DEC036_B_deepseek-v3.2,train_kb,conservative_noisy_or_conflict_adjusted,NeoTech Smartphone Pro 84,manufactured_by,NeoTech,neotech smartphone pro 84|manufactured_by|neotech,0.98,product_84,structured,structured_row:NeoTech Smartphone Pro 84,structured,1
DEC036_B_deepseek-v3.2,train_kb,conservative_noisy_or_conflict_adjusted,NeoTech Smartphone Pro 84,belongs_to_category,smartphone,neotech smartphone pro 84|belongs_to_category|smartphone,0.98,product_84,structured,structured_row:NeoTech Smartphone Pro 84,structured,1
DEC036_B_deepseek-v3.2,train_kb,conservative_noisy_or_conflict_adjusted,NeoTech Smartphone Pro 84,has_price_usd,349,neotech smartphone pro 84|has_price_usd|349,0.98,product_84,structured,structured_row:NeoTech Smartphone Pro 84,structured,1
DEC036_B_deepseek-v3.2,train_kb,conservative_noisy_or_conflict_adjusted,NeoTech Smartphone Pro 84,has_screen_size_inch,14.0,neotech smartphone pro 84|has_screen_size_inch|14.0,0.98,product_84,structured,structured_row:NeoTech Smartphone Pro 84,structured,1
DEC036_B_deepseek-v3.2,train_kb,conservative_noisy_or_conflict_adjusted,NeoTech Smartphone Pro 84,has_ram_gb,12,neotech smartphone pro 84|has_ram_gb|12,0.98,product_84,structured,structured_row:NeoTech Smartphone Pro 84,structured,1
DEC036_B_deepseek-v3.2,train_kb,conservative_noisy_or_conflict_adjusted,NeoTech Smartphone Pro 84,has_storage_gb,512,neotech smartphone pro 84|has_storage_gb|512,0.98,product_84,structured,structured_row:NeoTech Smartphone Pro 84,structured,1
DEC036_B_deepseek-v3.2,train_kb,conservative_noisy_or_conflict_adjusted,NeoTech Smartphone Pro 84,has_battery_life_hours,18,neotech smartphone pro 84|has_battery_life_hours|18,0.98,product_84,structured,structured_row:NeoTech Smartphone Pro 84,structured,1
DEC036_B_deepseek-v3.2,train_kb,conservative_noisy_or_conflict_adjusted,NeoTech Smartphone Pro 84,has_weight_kg,1.2,neotech smartphone pro 84|has_weight_kg|1.2,0.98,product_84,structured,structured_row:NeoTech Smartphone Pro 84,structured,1
DEC036_B_deepseek-v3.2,train_kb,conservative_noisy_or_conflict_adjusted,NeoTech Smartphone Pro 84,has_color,black,neotech smartphone pro 84|has_color|black,0.98,product_84,structured,structured_row:NeoTech Smartphone Pro 84,structured,1
DEC036_B_deepseek-v3.2,train_kb,conservative_noisy_or_conflict_adjusted,NeoTech Smartphone Pro 84,made_of_material,carbon fiber,neotech smartphone pro 84|made_of_material|carbon fiber,0.98,product_84,structured,structured_row:NeoTech Smartphone Pro 84,structured,1
DEC036_B_deepseek-v3.2,train_kb,conservative_noisy_or_conflict_adjusted,NeoTech Smartphone Pro 84,target_market_region,US,neotech smartphone pro 84|target_market_region|us,0.98,product_84,structured,structured_row:NeoTech Smartphone Pro 84,structured,1
DEC036_B_deepseek-v3.2,train_kb,conservative_noisy_or_conflict_adjusted,NeoTech Smartphone Pro 84,supports_fast_charging,yes,neotech smartphone pro 84|supports_fast_charging|yes,0.98,product_84,structured,structured_row:NeoTech Smartphone Pro 84,structured,1
DEC036_B_deepseek-v3.2,train_kb,conservative_noisy_or_conflict_adjusted,NeoTech Smartphone Pro 84,has_noise_cancellation,no,neotech smartphone pro 84|has_noise_cancellation|no,0.98,product_84,structured,structured_row:NeoTech Smartphone Pro 84,structured,1
DEC036_B_deepseek-v3.2,train_kb,conservative_noisy_or_conflict_adjusted,product,has_ram_gb,12,product|has_ram_gb|12,0.93,product_84,unstructured,LP=0.943344;LPO=0.999999|Comes with 12GB of RAM. Offers 512GB of internal storage. Battery lasts up to 18 hours. Weighs approximately 1.2kg. Built with carbon fiber construction. Fast charging is yes. Noise cancellation: no.,unstructured,1
DEC036_B_deepseek-v3.2,train_kb,conservative_noisy_or_conflict_adjusted,product,has_storage_gb,512,product|has_storage_gb|512,0.94,product_84,unstructured,LP=0.999999;LPO=1.000000|Comes with 12GB of RAM. Offers 512GB of internal storage. Battery lasts up to 18 hours. Weighs approximately 1.2kg. Built with carbon fiber construction. Fast charging is yes. Noise cancellation: no.,unstructured,1
DEC036_B_deepseek-v3.2,train_kb,conservative_noisy_or_conflict_adjusted,product,has_battery_life_hours,18,product|has_battery_life_hours|18,0.9,product_84,unstructured,LP=0.999997;LPO=0.999981|Comes with 12GB of RAM. Offers 512GB of internal storage. Battery lasts up to 18 hours. Weighs approximately 1.2kg. Built with carbon fiber construction. Fast charging is yes. Noise cancellation: no.,unstructured,1
DEC036_B_deepseek-v3.2,train_kb,conservative_noisy_or_conflict_adjusted,product,has_weight_kg,1.2,product|has_weight_kg|1.2,0.85,product_84,unstructured,LP=0.999998;LPO=0.999989|Comes with 12GB of RAM. Offers 512GB of internal storage. Battery lasts up to 18 hours. Weighs approximately 1.2kg. Built with carbon fiber construction. Fast charging is yes. Noise cancellation: no.,unstructured,1
DEC036_B_deepseek-v3.2,train_kb,conservative_noisy_or_conflict_adjusted,product,made_of_material,carbon fiber,product|made_of_material|carbon fiber,0.92,product_84,unstructured,LP=0.999966;LPO=0.999959|Comes with 12GB of RAM. Offers 512GB of internal storage. Battery lasts up to 18 hours. Weighs approximately 1.2kg. Built with carbon fiber construction. Fast charging is yes. Noise cancellation: no.,unstructured,1
DEC036_B_deepseek-v3.2,train_kb,conservative_noisy_or_conflict_adjusted,product,supports_fast_charging,yes,product|supports_fast_charging|yes,0.91,product_84,unstructured,LP=0.999151;LPO=0.993239|Comes with 12GB of RAM. Offers 512GB of internal storage. Battery lasts up to 18 hours. Weighs approximately 1.2kg. Built with carbon fiber construction. Fast charging is yes. Noise cancellation: no.,unstructured,1
DEC036_B_deepseek-v3.2,train_kb,conservative_noisy_or_conflict_adjusted,product,has_noise_cancellation,no,product|has_noise_cancellation|no,0.93,product_84,unstructured,LP=0.999996;LPO=0.999977|Comes with 12GB of RAM. Offers 512GB of internal storage. Battery lasts up to 18 hours. Weighs approximately 1.2kg. Built with carbon fiber construction. Fast charging is yes. Noise cancellation: no.,unstructured,1
DEC036_B_deepseek-v3.2,train_kb,conservative_noisy_or_conflict_adjusted,Auralex Smartwatch Pro 85,manufactured_by,Auralex,auralex smartwatch pro 85|manufactured_by|auralex,0.98,product_85,structured,structured_row:Auralex Smartwatch Pro 85,structured,1
DEC036_B_deepseek-v3.2,train_kb,conservative_noisy_or_conflict_adjusted,Auralex Smartwatch Pro 85,belongs_to_category,smartwatch,auralex smartwatch pro 85|belongs_to_category|smartwatch,0.98,product_85,structured,structured_row:Auralex Smartwatch Pro 85,structured,1
DEC036_B_deepseek-v3.2,train_kb,conservative_noisy_or_conflict_adjusted,Auralex Smartwatch Pro 85,has_price_usd,1299,auralex smartwatch pro 85|has_price_usd|1299,0.98,product_85,structured,structured_row:Auralex Smartwatch Pro 85,structured,1
DEC036_B_deepseek-v3.2,train_kb,conservative_noisy_or_conflict_adjusted,Auralex Smartwatch Pro 85,has_screen_size_inch,14.0,auralex smartwatch pro 85|has_screen_size_inch|14.0,0.98,product_85,structured,structured_row:Auralex Smartwatch Pro 85,structured,1
DEC036_B_deepseek-v3.2,train_kb,conservative_noisy_or_conflict_adjusted,Auralex Smartwatch Pro 85,has_ram_gb,12,auralex smartwatch pro 85|has_ram_gb|12,0.98,product_85,structured,structured_row:Auralex Smartwatch Pro 85,structured,1
DEC036_B_deepseek-v3.2,train_kb,conservative_noisy_or_conflict_adjusted,Auralex Smartwatch Pro 85,has_storage_gb,256,auralex smartwatch pro 85|has_storage_gb|256,0.98,product_85,structured,structured_row:Auralex Smartwatch Pro 85,structured,1
DEC036_B_deepseek-v3.2,train_kb,conservative_noisy_or_conflict_adjusted,Auralex Smartwatch Pro 85,has_battery_life_hours,12,auralex smartwatch pro 85|has_battery_life_hours|12,0.98,product_85,structured,structured_row:Auralex Smartwatch Pro 85,structured,1
DEC036_B_deepseek-v3.2,train_kb,conservative_noisy_or_conflict_adjusted,Auralex Smartwatch Pro 85,has_weight_kg,1.45,auralex smartwatch pro 85|has_weight_kg|1.45,0.98,product_85,structured,structured_row:Auralex Smartwatch Pro 85,structured,1
DEC036_B_deepseek-v3.2,train_kb,conservative_noisy_or_conflict_adjusted,Auralex Smartwatch Pro 85,has_color,blue,auralex smartwatch pro 85|has_color|blue,0.98,product_85,structured,structured_row:Auralex Smartwatch Pro 85,structured,1
DEC036_B_deepseek-v3.2,train_kb,conservative_noisy_or_conflict_adjusted,Auralex Smartwatch Pro 85,made_of_material,aluminum,auralex smartwatch pro 85|made_of_material|aluminum,0.98,product_85,structured,structured_row:Auralex Smartwatch Pro 85,structured,1
DEC036_B_deepseek-v3.2,train_kb,conservative_noisy_or_conflict_adjusted,Auralex Smartwatch Pro 85,target_market_region,APAC,auralex smartwatch pro 85|target_market_region|apac,0.98,product_85,structured,structured_row:Auralex Smartwatch Pro 85,structured,1
DEC036_B_deepseek-v3.2,train_kb,conservative_noisy_or_conflict_adjusted,Auralex Smartwatch Pro 85,supports_fast_charging,yes,auralex smartwatch pro 85|supports_fast_charging|yes,0.98,product_85,structured,structured_row:Auralex Smartwatch Pro 85,structured,1
DEC036_B_deepseek-v3.2,train_kb,conservative_noisy_or_conflict_adjusted,Auralex Smartwatch Pro 85,has_noise_cancellation,no,auralex smartwatch pro 85|has_noise_cancellation|no,0.98,product_85,structured,structured_row:Auralex Smartwatch Pro 85,structured,1
DEC036_B_deepseek-v3.2,train_kb,conservative_noisy_or_conflict_adjusted,smartwatch device,has_price_usd,1299,smartwatch device|has_price_usd|1299,0.92,product_85,unstructured,LP=0.957180;LPO=0.999977|It is a smartwatch device. Priced at 1299 USD. Comes with 12GB of RAM. Offers 256GB of internal storage. Available in blue. Built with aluminum construction. Noise cancellation: no.,unstructured,1
DEC036_B_deepseek-v3.2,train_kb,conservative_noisy_or_conflict_adjusted,smartwatch device,has_ram_gb,12,smartwatch device|has_ram_gb|12,0.93,product_85,unstructured,LP=0.999986;LPO=0.999995|It is a smartwatch device. Priced at 1299 USD. Comes with 12GB of RAM. Offers 256GB of internal storage. Available in blue. Built with aluminum construction. Noise cancellation: no.,unstructured,1
DEC036_B_deepseek-v3.2,train_kb,conservative_noisy_or_conflict_adjusted,smartwatch device,has_storage_gb,256,smartwatch device|has_storage_gb|256,0.93,product_85,unstructured,LP=0.999998;LPO=0.999998|It is a smartwatch device. Priced at 1299 USD. Comes with 12GB of RAM. Offers 256GB of internal storage. Available in blue. Built with aluminum construction. Noise cancellation: no.,unstructured,1
DEC036_B_deepseek-v3.2,train_kb,conservative_noisy_or_conflict_adjusted,smartwatch device,has_color,blue,smartwatch device|has_color|blue,0.92,product_85,unstructured,LP=0.999960;LPO=0.999989|It is a smartwatch device. Priced at 1299 USD. Comes with 12GB of RAM. Offers 256GB of internal storage. Available in blue. Built with aluminum construction. Noise cancellation: no.,unstructured,1
DEC036_B_deepseek-v3.2,train_kb,conservative_noisy_or_conflict_adjusted,smartwatch device,made_of_material,aluminum,smartwatch device|made_of_material|aluminum,0.91,product_85,unstructured,LP=0.999963;LPO=0.999902|It is a smartwatch device. Priced at 1299 USD. Comes with 12GB of RAM. Offers 256GB of internal storage. Available in blue. Built with aluminum construction. Noise cancellation: no.,unstructured,1
DEC036_B_deepseek-v3.2,train_kb,conservative_noisy_or_conflict_adjusted,smartwatch device,has_noise_cancellation,no,smartwatch device|has_noise_cancellation|no,0.91,product_85,unstructured,LP=0.996154;LPO=0.970585|It is a smartwatch device. Priced at 1299 USD. Comes with 12GB of RAM. Offers 256GB of internal storage. Available in blue. Built with aluminum construction. Noise cancellation: no.,unstructured,1
DEC036_B_deepseek-v3.2,train_kb,conservative_noisy_or_conflict_adjusted,PixelWare Tablet Lite 86,manufactured_by,PixelWare,pixelware tablet lite 86|manufactured_by|pixelware,0.98,product_86,structured,structured_row:PixelWare Tablet Lite 86,structured,1
DEC036_B_deepseek-v3.2,train_kb,conservative_noisy_or_conflict_adjusted,PixelWare Tablet Lite 86,belongs_to_category,tablet,pixelware tablet lite 86|belongs_to_category|tablet,0.98,product_86,structured,structured_row:PixelWare Tablet Lite 86,structured,1
DEC036_B_deepseek-v3.2,train_kb,conservative_noisy_or_conflict_adjusted,PixelWare Tablet Lite 86,has_price_usd,1299,pixelware tablet lite 86|has_price_usd|1299,0.98,product_86,structured,structured_row:PixelWare Tablet Lite 86,structured,1
DEC036_B_deepseek-v3.2,train_kb,conservative_noisy_or_conflict_adjusted,PixelWare Tablet Lite 86,has_screen_size_inch,11.0,pixelware tablet lite 86|has_screen_size_inch|11.0,0.98,product_86,structured,structured_row:PixelWare Tablet Lite 86,structured,1
DEC036_B_deepseek-v3.2,train_kb,conservative_noisy_or_conflict_adjusted,PixelWare Tablet Lite 86,has_ram_gb,32,pixelware tablet lite 86|has_ram_gb|32,0.98,product_86,structured,structured_row:PixelWare Tablet Lite 86,structured,1
DEC036_B_deepseek-v3.2,train_kb,conservative_noisy_or_conflict_adjusted,PixelWare Tablet Lite 86,has_storage_gb,256,pixelware tablet lite 86|has_storage_gb|256,0.98,product_86,structured,structured_row:PixelWare Tablet Lite 86,structured,1
DEC036_B_deepseek-v3.2,train_kb,conservative_noisy_or_conflict_adjusted,PixelWare Tablet Lite 86,has_battery_life_hours,24,pixelware tablet lite 86|has_battery_life_hours|24,0.98,product_86,structured,structured_row:PixelWare Tablet Lite 86,structured,1
DEC036_B_deepseek-v3.2,train_kb,conservative_noisy_or_conflict_adjusted,PixelWare Tablet Lite 86,has_weight_kg,0.23,pixelware tablet lite 86|has_weight_kg|0.23,0.98,product_86,structured,structured_row:PixelWare Tablet Lite 86,structured,1
DEC036_B_deepseek-v3.2,train_kb,conservative_noisy_or_conflict_adjusted,PixelWare Tablet Lite 86,has_color,green,pixelware tablet lite 86|has_color|green,0.98,product_86,structured,structured_row:PixelWare Tablet Lite 86,structured,1
DEC036_B_deepseek-v3.2,train_kb,conservative_noisy_or_conflict_adjusted,PixelWare Tablet Lite 86,made_of_material,carbon fiber,pixelware tablet lite 86|made_of_material|carbon fiber,0.98,product_86,structured,structured_row:PixelWare Tablet Lite 86,structured,1
DEC036_B_deepseek-v3.2,train_kb,conservative_noisy_or_conflict_adjusted,PixelWare Tablet Lite 86,target_market_region,EU,pixelware tablet lite 86|target_market_region|eu,0.98,product_86,structured,structured_row:PixelWare Tablet Lite 86,structured,1
DEC036_B_deepseek-v3.2,train_kb,conservative_noisy_or_conflict_adjusted,PixelWare Tablet Lite 86,supports_fast_charging,yes,pixelware tablet lite 86|supports_fast_charging|yes,0.98,product_86,structured,structured_row:PixelWare Tablet Lite 86,structured,1
DEC036_B_deepseek-v3.2,train_kb,conservative_noisy_or_conflict_adjusted,PixelWare Tablet Lite 86,has_noise_cancellation,no,pixelware tablet lite 86|has_noise_cancellation|no,0.98,product_86,structured,structured_row:PixelWare Tablet Lite 86,structured,1
DEC036_B_deepseek-v3.2,train_kb,conservative_noisy_or_conflict_adjusted,PixelWare Tablet Lite 86,manufactured_by,PixelWare,pixelware tablet lite 86|manufactured_by|pixelware,0.94,product_86,unstructured,LP=0.999992;LPO=0.999981|PixelWare Tablet Lite 86 is manufactured by PixelWare. Priced at 1299 USD. Offers 256GB of internal storage. Battery lasts up to 24 hours. Available in green. Targeted at the EU market. Noise cancellation: no.,unstructured,1
DEC036_B_deepseek-v3.2,train_kb,conservative_noisy_or_conflict_adjusted,PixelWare Tablet Lite 86,has_price_usd,1299,pixelware tablet lite 86|has_price_usd|1299,0.93,product_86,unstructured,LP=0.999817;LPO=0.999992|PixelWare Tablet Lite 86 is manufactured by PixelWare. Priced at 1299 USD. Offers 256GB of internal storage. Battery lasts up to 24 hours. Available in green. Targeted at the EU market. Noise cancellation: no.,unstructured,1
DEC036_B_deepseek-v3.2,train_kb,conservative_noisy_or_conflict_adjusted,PixelWare Tablet Lite 86,has_storage_gb,256,pixelware tablet lite 86|has_storage_gb|256,0.92,product_86,unstructured,LP=0.999998;LPO=1.000000|PixelWare Tablet Lite 86 is manufactured by PixelWare. Priced at 1299 USD. Offers 256GB of internal storage. Battery lasts up to 24 hours. Available in green. Targeted at the EU market. Noise cancellation: no.,unstructured,1
DEC036_B_deepseek-v3.2,train_kb,conservative_noisy_or_conflict_adjusted,PixelWare Tablet Lite 86,has_battery_life_hours,24,pixelware tablet lite 86|has_battery_life_hours|24,0.91,product_86,unstructured,LP=0.999995;LPO=0.999963|PixelWare Tablet Lite 86 is manufactured by PixelWare. Priced at 1299 USD. Offers 256GB of internal storage. Battery lasts up to 24 hours. Available in green. Targeted at the EU market. Noise cancellation: no.,unstructured,1
DEC036_B_deepseek-v3.2,train_kb,conservative_noisy_or_conflict_adjusted,PixelWare Tablet Lite 86,has_color,green,pixelware tablet lite 86|has_color|green,0.92,product_86,unstructured,LP=0.999946;LPO=0.999969|PixelWare Tablet Lite 86 is manufactured by PixelWare. Priced at 1299 USD. Offers 256GB of internal storage. Battery lasts up to 24 hours. Available in green. Targeted at the EU market. Noise cancellation: no.,unstructured,1
DEC036_B_deepseek-v3.2,train_kb,conservative_noisy_or_conflict_adjusted,PixelWare Tablet Lite 86,target_market_region,EU,pixelware tablet lite 86|target_market_region|eu,0.91,product_86,unstructured,LP=0.999992;LPO=0.999940|PixelWare Tablet Lite 86 is manufactured by PixelWare. Priced at 1299 USD. Offers 256GB of internal storage. Battery lasts up to 24 hours. Available in green. Targeted at the EU market. Noise cancellation: no.,unstructured,1
DEC036_B_deepseek-v3.2,train_kb,conservative_noisy_or_conflict_adjusted,PixelWare Tablet Lite 86,has_noise_cancellation,no,pixelware tablet lite 86|has_noise_cancellation|no,0.9,product_86,unstructured,LP=0.999185;LPO=0.991195|PixelWare Tablet Lite 86 is manufactured by PixelWare. Priced at 1299 USD. Offers 256GB of internal storage. Battery lasts up to 24 hours. Available in green. Targeted at the EU market. Noise cancellation: no.,unstructured,1
DEC036_B_deepseek-v3.2,train_kb,conservative_noisy_or_conflict_adjusted,PixelWare Headphones Max 87,manufactured_by,PixelWare,pixelware headphones max 87|manufactured_by|pixelware,0.98,product_87,structured,structured_row:PixelWare Headphones Max 87,structured,1
DEC036_B_deepseek-v3.2,train_kb,conservative_noisy_or_conflict_adjusted,PixelWare Headphones Max 87,belongs_to_category,headphones,pixelware headphones max 87|belongs_to_category|headphones,0.98,product_87,structured,structured_row:PixelWare Headphones Max 87,structured,1
DEC036_B_deepseek-v3.2,train_kb,conservative_noisy_or_conflict_adjusted,PixelWare Headphones Max 87,has_price_usd,349,pixelware headphones max 87|has_price_usd|349,0.98,product_87,structured,structured_row:PixelWare Headphones Max 87,structured,1
DEC036_B_deepseek-v3.2,train_kb,conservative_noisy_or_conflict_adjusted,PixelWare Headphones Max 87,has_screen_size_inch,6.7,pixelware headphones max 87|has_screen_size_inch|6.7,0.98,product_87,structured,structured_row:PixelWare Headphones Max 87,structured,1
DEC036_B_deepseek-v3.2,train_kb,conservative_noisy_or_conflict_adjusted,PixelWare Headphones Max 87,has_ram_gb,6,pixelware headphones max 87|has_ram_gb|6,0.98,product_87,structured,structured_row:PixelWare Headphones Max 87,structured,1
DEC036_B_deepseek-v3.2,train_kb,conservative_noisy_or_conflict_adjusted,PixelWare Headphones Max 87,has_storage_gb,64,pixelware headphones max 87|has_storage_gb|64,0.98,product_87,structured,structured_row:PixelWare Headphones Max 87,structured,1
DEC036_B_deepseek-v3.2,train_kb,conservative_noisy_or_conflict_adjusted,PixelWare Headphones Max 87,has_battery_life_hours,12,pixelware headphones max 87|has_battery_life_hours|12,0.98,product_87,structured,structured_row:PixelWare Headphones Max 87,structured,1
DEC036_B_deepseek-v3.2,train_kb,conservative_noisy_or_conflict_adjusted,PixelWare Headphones Max 87,has_weight_kg,1.8,pixelware headphones max 87|has_weight_kg|1.8,0.98,product_87,structured,structured_row:PixelWare Headphones Max 87,structured,1
DEC036_B_deepseek-v3.2,train_kb,conservative_noisy_or_conflict_adjusted,PixelWare Headphones Max 87,has_color,silver,pixelware headphones max 87|has_color|silver,0.98,product_87,structured,structured_row:PixelWare Headphones Max 87,structured,1
DEC036_B_deepseek-v3.2,train_kb,conservative_noisy_or_conflict_adjusted,PixelWare Headphones Max 87,made_of_material,plastic,pixelware headphones max 87|made_of_material|plastic,0.98,product_87,structured,structured_row:PixelWare Headphones Max 87,structured,1
DEC036_B_deepseek-v3.2,train_kb,conservative_noisy_or_conflict_adjusted,PixelWare Headphones Max 87,target_market_region,Global,pixelware headphones max 87|target_market_region|global,0.98,product_87,structured,structured_row:PixelWare Headphones Max 87,structured,1
DEC036_B_deepseek-v3.2,train_kb,conservative_noisy_or_conflict_adjusted,PixelWare Headphones Max 87,supports_fast_charging,yes,pixelware headphones max 87|supports_fast_charging|yes,0.98,product_87,structured,structured_row:PixelWare Headphones Max 87,structured,1
DEC036_B_deepseek-v3.2,train_kb,conservative_noisy_or_conflict_adjusted,PixelWare Headphones Max 87,has_noise_cancellation,yes,pixelware headphones max 87|has_noise_cancellation|yes,0.98,product_87,structured,structured_row:PixelWare Headphones Max 87,structured,1
DEC036_B_deepseek-v3.2,train_kb,conservative_noisy_or_conflict_adjusted,headphones device,has_price_usd,349,headphones device|has_price_usd|349,0.92,product_87,unstructured,LP=0.963997;LPO=0.999989|It is a headphones device. Priced at 349 USD. Offers 64GB of internal storage. Battery lasts up to 12 hours. Built with plastic construction. Targeted at the Global market. Noise cancellation: yes.,unstructured,1
DEC036_B_deepseek-v3.2,train_kb,conservative_noisy_or_conflict_adjusted,headphones device,has_storage_gb,64,headphones device|has_storage_gb|64,0.9,product_87,unstructured,LP=0.999893;LPO=0.999999|It is a headphones device. Priced at 349 USD. Offers 64GB of internal storage. Battery lasts up to 12 hours. Built with plastic construction. Targeted at the Global market. Noise cancellation: yes.,unstructured,1
DEC036_B_deepseek-v3.2,train_kb,conservative_noisy_or_conflict_adjusted,headphones device,has_battery_life_hours,12,headphones device|has_battery_life_hours|12,0.91,product_87,unstructured,LP=0.999947;LPO=0.999989|It is a headphones device. Priced at 349 USD. Offers 64GB of internal storage. Battery lasts up to 12 hours. Built with plastic construction. Targeted at the Global market. Noise cancellation: yes.,unstructured,1
DEC036_B_deepseek-v3.2,train_kb,conservative_noisy_or_conflict_adjusted,headphones device,made_of_material,plastic,headphones device|made_of_material|plastic,0.89,product_87,unstructured,LP=0.999719;LPO=0.999974|It is a headphones device. Priced at 349 USD. Offers 64GB of internal storage. Battery lasts up to 12 hours. Built with plastic construction. Targeted at the Global market. Noise cancellation: yes.,unstructured,1
DEC036_B_deepseek-v3.2,train_kb,conservative_noisy_or_conflict_adjusted,headphones device,target_market_region,Global,headphones device|target_market_region|global,0.9,product_87,unstructured,LP=0.999937;LPO=0.999795|It is a headphones device. Priced at 349 USD. Offers 64GB of internal storage. Battery lasts up to 12 hours. Built with plastic construction. Targeted at the Global market. Noise cancellation: yes.,unstructured,1
DEC036_B_deepseek-v3.2,train_kb,conservative_noisy_or_conflict_adjusted,headphones device,has_noise_cancellation,yes,headphones device|has_noise_cancellation|yes,0.92,product_87,unstructured,LP=0.999832;LPO=0.998787|It is a headphones device. Priced at 349 USD. Offers 64GB of internal storage. Battery lasts up to 12 hours. Built with plastic construction. Targeted at the Global market. Noise cancellation: yes.,unstructured,1
DEC036_B_deepseek-v3.2,train_kb,conservative_noisy_or_conflict_adjusted,TechNova Laptop Pro 88,manufactured_by,TechNova,technova laptop pro 88|manufactured_by|technova,0.98,product_88,structured,structured_row:TechNova Laptop Pro 88,structured,1
DEC036_B_deepseek-v3.2,train_kb,conservative_noisy_or_conflict_adjusted,TechNova Laptop Pro 88,belongs_to_category,laptop,technova laptop pro 88|belongs_to_category|laptop,0.98,product_88,structured,structured_row:TechNova Laptop Pro 88,structured,1
DEC036_B_deepseek-v3.2,train_kb,conservative_noisy_or_conflict_adjusted,TechNova Laptop Pro 88,has_price_usd,899,technova laptop pro 88|has_price_usd|899,0.98,product_88,structured,structured_row:TechNova Laptop Pro 88,structured,1
DEC036_B_deepseek-v3.2,train_kb,conservative_noisy_or_conflict_adjusted,TechNova Laptop Pro 88,has_screen_size_inch,10.9,technova laptop pro 88|has_screen_size_inch|10.9,0.98,product_88,structured,structured_row:TechNova Laptop Pro 88,structured,1
DEC036_B_deepseek-v3.2,train_kb,conservative_noisy_or_conflict_adjusted,TechNova Laptop Pro 88,has_ram_gb,32,technova laptop pro 88|has_ram_gb|32,0.98,product_88,structured,structured_row:TechNova Laptop Pro 88,structured,1
DEC036_B_deepseek-v3.2,train_kb,conservative_noisy_or_conflict_adjusted,TechNova Laptop Pro 88,has_storage_gb,128,technova laptop pro 88|has_storage_gb|128,0.98,product_88,structured,structured_row:TechNova Laptop Pro 88,structured,1
DEC036_B_deepseek-v3.2,train_kb,conservative_noisy_or_conflict_adjusted,TechNova Laptop Pro 88,has_battery_life_hours,14,technova laptop pro 88|has_battery_life_hours|14,0.98,product_88,structured,structured_row:TechNova Laptop Pro 88,structured,1
DEC036_B_deepseek-v3.2,train_kb,conservative_noisy_or_conflict_adjusted,TechNova Laptop Pro 88,has_weight_kg,1.2,technova laptop pro 88|has_weight_kg|1.2,0.98,product_88,structured,structured_row:TechNova Laptop Pro 88,structured,1
DEC036_B_deepseek-v3.2,train_kb,conservative_noisy_or_conflict_adjusted,TechNova Laptop Pro 88,has_color,green,technova laptop pro 88|has_color|green,0.98,product_88,structured,structured_row:TechNova Laptop Pro 88,structured,1
DEC036_B_deepseek-v3.2,train_kb,conservative_noisy_or_conflict_adjusted,TechNova Laptop Pro 88,made_of_material,aluminum,technova laptop pro 88|made_of_material|aluminum,0.98,product_88,structured,structured_row:TechNova Laptop Pro 88,structured,1
DEC036_B_deepseek-v3.2,train_kb,conservative_noisy_or_conflict_adjusted,TechNova Laptop Pro 88,target_market_region,Global,technova laptop pro 88|target_market_region|global,0.98,product_88,structured,structured_row:TechNova Laptop Pro 88,structured,1
DEC036_B_deepseek-v3.2,train_kb,conservative_noisy_or_conflict_adjusted,TechNova Laptop Pro 88,supports_fast_charging,no,technova laptop pro 88|supports_fast_charging|no,0.98,product_88,structured,structured_row:TechNova Laptop Pro 88,structured,1
DEC036_B_deepseek-v3.2,train_kb,conservative_noisy_or_conflict_adjusted,TechNova Laptop Pro 88,has_noise_cancellation,no,technova laptop pro 88|has_noise_cancellation|no,0.98,product_88,structured,structured_row:TechNova Laptop Pro 88,structured,1
DEC036_B_deepseek-v3.2,train_kb,conservative_noisy_or_conflict_adjusted,Product,has_price_usd,899,product|has_price_usd|899,0.96,product_88,unstructured,LP=0.825338;LPO=0.999959|Priced at 899 USD. The display measures 10.9 inches. Weighs approximately 1.2kg. Available in green. Built with aluminum construction. Fast charging is no. Noise cancellation: no.,unstructured,1
DEC036_B_deepseek-v3.2,train_kb,conservative_noisy_or_conflict_adjusted,Product,has_screen_size_inch,10.9,product|has_screen_size_inch|10.9,0.96,product_88,unstructured,LP=0.999984;LPO=0.999995|Priced at 899 USD. The display measures 10.9 inches. Weighs approximately 1.2kg. Available in green. Built with aluminum construction. Fast charging is no. Noise cancellation: no.,unstructured,1
DEC036_B_deepseek-v3.2,train_kb,conservative_noisy_or_conflict_adjusted,Product,has_weight_kg,1.2,product|has_weight_kg|1.2,0.91,product_88,unstructured,LP=0.999984;LPO=0.999953|Priced at 899 USD. The display measures 10.9 inches. Weighs approximately 1.2kg. Available in green. Built with aluminum construction. Fast charging is no. Noise cancellation: no.,unstructured,1
DEC036_B_deepseek-v3.2,train_kb,conservative_noisy_or_conflict_adjusted,Product,has_color,green,product|has_color|green,0.91,product_88,unstructured,LP=0.999979;LPO=0.999941|Priced at 899 USD. The display measures 10.9 inches. Weighs approximately 1.2kg. Available in green. Built with aluminum construction. Fast charging is no. Noise cancellation: no.,unstructured,1
DEC036_B_deepseek-v3.2,train_kb,conservative_noisy_or_conflict_adjusted,Product,made_of_material,aluminum,product|made_of_material|aluminum,0.91,product_88,unstructured,LP=0.999987;LPO=0.999949|Priced at 899 USD. The display measures 10.9 inches. Weighs approximately 1.2kg. Available in green. Built with aluminum construction. Fast charging is no. Noise cancellation: no.,unstructured,1
DEC036_B_deepseek-v3.2,train_kb,conservative_noisy_or_conflict_adjusted,Product,supports_fast_charging,no,product|supports_fast_charging|no,0.9,product_88,unstructured,LP=0.995206;LPO=0.962310|Priced at 899 USD. The display measures 10.9 inches. Weighs approximately 1.2kg. Available in green. Built with aluminum construction. Fast charging is no. Noise cancellation: no.,unstructured,1
DEC036_B_deepseek-v3.2,train_kb,conservative_noisy_or_conflict_adjusted,Product,has_noise_cancellation,no,product|has_noise_cancellation|no,0.9,product_88,unstructured,LP=0.999993;LPO=0.999999|Priced at 899 USD. The display measures 10.9 inches. Weighs approximately 1.2kg. Available in green. Built with aluminum construction. Fast charging is no. Noise cancellation: no.,unstructured,1
DEC036_B_deepseek-v3.2,train_kb,conservative_noisy_or_conflict_adjusted,PixelWare Tablet Air 89,manufactured_by,PixelWare,pixelware tablet air 89|manufactured_by|pixelware,0.98,product_89,structured,structured_row:PixelWare Tablet Air 89,structured,1
DEC036_B_deepseek-v3.2,train_kb,conservative_noisy_or_conflict_adjusted,PixelWare Tablet Air 89,belongs_to_category,tablet,pixelware tablet air 89|belongs_to_category|tablet,0.98,product_89,structured,structured_row:PixelWare Tablet Air 89,structured,1
DEC036_B_deepseek-v3.2,train_kb,conservative_noisy_or_conflict_adjusted,PixelWare Tablet Air 89,has_price_usd,499,pixelware tablet air 89|has_price_usd|499,0.98,product_89,structured,structured_row:PixelWare Tablet Air 89,structured,1
DEC036_B_deepseek-v3.2,train_kb,conservative_noisy_or_conflict_adjusted,PixelWare Tablet Air 89,has_screen_size_inch,15.6,pixelware tablet air 89|has_screen_size_inch|15.6,0.98,product_89,structured,structured_row:PixelWare Tablet Air 89,structured,1
DEC036_B_deepseek-v3.2,train_kb,conservative_noisy_or_conflict_adjusted,PixelWare Tablet Air 89,has_ram_gb,12,pixelware tablet air 89|has_ram_gb|12,0.98,product_89,structured,structured_row:PixelWare Tablet Air 89,structured,1
DEC036_B_deepseek-v3.2,train_kb,conservative_noisy_or_conflict_adjusted,PixelWare Tablet Air 89,has_storage_gb,1024,pixelware tablet air 89|has_storage_gb|1024,0.98,product_89,structured,structured_row:PixelWare Tablet Air 89,structured,1
DEC036_B_deepseek-v3.2,train_kb,conservative_noisy_or_conflict_adjusted,PixelWare Tablet Air 89,has_battery_life_hours,18,pixelware tablet air 89|has_battery_life_hours|18,0.98,product_89,structured,structured_row:PixelWare Tablet Air 89,structured,1
DEC036_B_deepseek-v3.2,train_kb,conservative_noisy_or_conflict_adjusted,PixelWare Tablet Air 89,has_weight_kg,0.55,pixelware tablet air 89|has_weight_kg|0.55,0.98,product_89,structured,structured_row:PixelWare Tablet Air 89,structured,1
DEC036_B_deepseek-v3.2,train_kb,conservative_noisy_or_conflict_adjusted,PixelWare Tablet Air 89,has_color,blue,pixelware tablet air 89|has_color|blue,0.98,product_89,structured,structured_row:PixelWare Tablet Air 89,structured,1
DEC036_B_deepseek-v3.2,train_kb,conservative_noisy_or_conflict_adjusted,PixelWare Tablet Air 89,made_of_material,carbon fiber,pixelware tablet air 89|made_of_material|carbon fiber,0.98,product_89,structured,structured_row:PixelWare Tablet Air 89,structured,1
DEC036_B_deepseek-v3.2,train_kb,conservative_noisy_or_conflict_adjusted,PixelWare Tablet Air 89,target_market_region,Global,pixelware tablet air 89|target_market_region|global,0.98,product_89,structured,structured_row:PixelWare Tablet Air 89,structured,1
DEC036_B_deepseek-v3.2,train_kb,conservative_noisy_or_conflict_adjusted,PixelWare Tablet Air 89,supports_fast_charging,yes,pixelware tablet air 89|supports_fast_charging|yes,0.98,product_89,structured,structured_row:PixelWare Tablet Air 89,structured,1
DEC036_B_deepseek-v3.2,train_kb,conservative_noisy_or_conflict_adjusted,PixelWare Tablet Air 89,has_noise_cancellation,no,pixelware tablet air 89|has_noise_cancellation|no,0.98,product_89,structured,structured_row:PixelWare Tablet Air 89,structured,1
DEC036_B_deepseek-v3.2,train_kb,conservative_noisy_or_conflict_adjusted,PixelWare Tablet Air 89,manufactured_by,PixelWare,pixelware tablet air 89|manufactured_by|pixelware,0.95,product_89,unstructured,LP=0.999996;LPO=0.999993|PixelWare Tablet Air 89 is manufactured by PixelWare. Priced at 499 USD. The display measures 15.6 inches. Comes with 12GB of RAM. Battery lasts up to 18 hours. Weighs approximately 0.55kg. Built with carbon fiber construction.,unstructured,1
DEC036_B_deepseek-v3.2,train_kb,conservative_noisy_or_conflict_adjusted,PixelWare Tablet Air 89,has_price_usd,499,pixelware tablet air 89|has_price_usd|499,0.94,product_89,unstructured,LP=0.999993;LPO=0.999996|PixelWare Tablet Air 89 is manufactured by PixelWare. Priced at 499 USD. The display measures 15.6 inches. Comes with 12GB of RAM. Battery lasts up to 18 hours. Weighs approximately 0.55kg. Built with carbon fiber construction.,unstructured,1
DEC036_B_deepseek-v3.2,train_kb,conservative_noisy_or_conflict_adjusted,PixelWare Tablet Air 89,has_screen_size_inch,15.6,pixelware tablet air 89|has_screen_size_inch|15.6,0.93,product_89,unstructured,LP=0.999998;LPO=0.999998|PixelWare Tablet Air 89 is manufactured by PixelWare. Priced at 499 USD. The display measures 15.6 inches. Comes with 12GB of RAM. Battery lasts up to 18 hours. Weighs approximately 0.55kg. Built with carbon fiber construction.,unstructured,1
DEC036_B_deepseek-v3.2,train_kb,conservative_noisy_or_conflict_adjusted,PixelWare Tablet Air 89,has_ram_gb,12,pixelware tablet air 89|has_ram_gb|12,0.92,product_89,unstructured,LP=0.999999;LPO=1.000000|PixelWare Tablet Air 89 is manufactured by PixelWare. Priced at 499 USD. The display measures 15.6 inches. Comes with 12GB of RAM. Battery lasts up to 18 hours. Weighs approximately 0.55kg. Built with carbon fiber construction.,unstructured,1
DEC036_B_deepseek-v3.2,train_kb,conservative_noisy_or_conflict_adjusted,PixelWare Tablet Air 89,has_battery_life_hours,18,pixelware tablet air 89|has_battery_life_hours|18,0.91,product_89,unstructured,LP=0.999998;LPO=0.999997|PixelWare Tablet Air 89 is manufactured by PixelWare. Priced at 499 USD. The display measures 15.6 inches. Comes with 12GB of RAM. Battery lasts up to 18 hours. Weighs approximately 0.55kg. Built with carbon fiber construction.,unstructured,1
DEC036_B_deepseek-v3.2,train_kb,conservative_noisy_or_conflict_adjusted,PixelWare Tablet Air 89,has_weight_kg,0.55,pixelware tablet air 89|has_weight_kg|0.55,0.9,product_89,unstructured,LP=0.999999;LPO=0.999997|PixelWare Tablet Air 89 is manufactured by PixelWare. Priced at 499 USD. The display measures 15.6 inches. Comes with 12GB of RAM. Battery lasts up to 18 hours. Weighs approximately 0.55kg. Built with carbon fiber construction.,unstructured,1
DEC036_B_deepseek-v3.2,train_kb,conservative_noisy_or_conflict_adjusted,PixelWare Tablet Air 89,made_of_material,carbon fiber,pixelware tablet air 89|made_of_material|carbon fiber,0.89,product_89,unstructured,LP=0.999987;LPO=0.999975|PixelWare Tablet Air 89 is manufactured by PixelWare. Priced at 499 USD. The display measures 15.6 inches. Comes with 12GB of RAM. Battery lasts up to 18 hours. Weighs approximately 0.55kg. Built with carbon fiber construction.,unstructured,1
DEC036_B_deepseek-v3.2,train_kb,conservative_noisy_or_conflict_adjusted,Zenbyte Headphones Lite 90,manufactured_by,Zenbyte,zenbyte headphones lite 90|manufactured_by|zenbyte,0.98,product_90,structured,structured_row:Zenbyte Headphones Lite 90,structured,1
DEC036_B_deepseek-v3.2,train_kb,conservative_noisy_or_conflict_adjusted,Zenbyte Headphones Lite 90,belongs_to_category,headphones,zenbyte headphones lite 90|belongs_to_category|headphones,0.98,product_90,structured,structured_row:Zenbyte Headphones Lite 90,structured,1
DEC036_B_deepseek-v3.2,train_kb,conservative_noisy_or_conflict_adjusted,Zenbyte Headphones Lite 90,has_price_usd,249,zenbyte headphones lite 90|has_price_usd|249,0.98,product_90,structured,structured_row:Zenbyte Headphones Lite 90,structured,1
DEC036_B_deepseek-v3.2,train_kb,conservative_noisy_or_conflict_adjusted,Zenbyte Headphones Lite 90,has_screen_size_inch,15.6,zenbyte headphones lite 90|has_screen_size_inch|15.6,0.98,product_90,structured,structured_row:Zenbyte Headphones Lite 90,structured,1
DEC036_B_deepseek-v3.2,train_kb,conservative_noisy_or_conflict_adjusted,Zenbyte Headphones Lite 90,has_ram_gb,6,zenbyte headphones lite 90|has_ram_gb|6,0.98,product_90,structured,structured_row:Zenbyte Headphones Lite 90,structured,1
DEC036_B_deepseek-v3.2,train_kb,conservative_noisy_or_conflict_adjusted,Zenbyte Headphones Lite 90,has_storage_gb,256,zenbyte headphones lite 90|has_storage_gb|256,0.98,product_90,structured,structured_row:Zenbyte Headphones Lite 90,structured,1
DEC036_B_deepseek-v3.2,train_kb,conservative_noisy_or_conflict_adjusted,Zenbyte Headphones Lite 90,has_battery_life_hours,14,zenbyte headphones lite 90|has_battery_life_hours|14,0.98,product_90,structured,structured_row:Zenbyte Headphones Lite 90,structured,1
DEC036_B_deepseek-v3.2,train_kb,conservative_noisy_or_conflict_adjusted,Zenbyte Headphones Lite 90,has_weight_kg,1.2,zenbyte headphones lite 90|has_weight_kg|1.2,0.98,product_90,structured,structured_row:Zenbyte Headphones Lite 90,structured,1
DEC036_B_deepseek-v3.2,train_kb,conservative_noisy_or_conflict_adjusted,Zenbyte Headphones Lite 90,has_color,black,zenbyte headphones lite 90|has_color|black,0.98,product_90,structured,structured_row:Zenbyte Headphones Lite 90,structured,1
DEC036_B_deepseek-v3.2,train_kb,conservative_noisy_or_conflict_adjusted,Zenbyte Headphones Lite 90,made_of_material,carbon fiber,zenbyte headphones lite 90|made_of_material|carbon fiber,0.98,product_90,structured,structured_row:Zenbyte Headphones Lite 90,structured,1
DEC036_B_deepseek-v3.2,train_kb,conservative_noisy_or_conflict_adjusted,Zenbyte Headphones Lite 90,target_market_region,EU,zenbyte headphones lite 90|target_market_region|eu,0.98,product_90,structured,structured_row:Zenbyte Headphones Lite 90,structured,1
DEC036_B_deepseek-v3.2,train_kb,conservative_noisy_or_conflict_adjusted,Zenbyte Headphones Lite 90,supports_fast_charging,yes,zenbyte headphones lite 90|supports_fast_charging|yes,0.98,product_90,structured,structured_row:Zenbyte Headphones Lite 90,structured,1
DEC036_B_deepseek-v3.2,train_kb,conservative_noisy_or_conflict_adjusted,Zenbyte Headphones Lite 90,has_noise_cancellation,no,zenbyte headphones lite 90|has_noise_cancellation|no,0.98,product_90,structured,structured_row:Zenbyte Headphones Lite 90,structured,1
DEC036_B_deepseek-v3.2,train_kb,conservative_noisy_or_conflict_adjusted,Zenbyte Headphones Lite 90,manufactured_by,Zenbyte,zenbyte headphones lite 90|manufactured_by|zenbyte,0.93,product_90,unstructured,LP=0.999991;LPO=0.999997|Zenbyte Headphones Lite 90 is manufactured by Zenbyte. It is a headphones device. The display measures 15.6 inches. Offers 256GB of internal storage. Battery lasts up to 14 hours. Weighs approximately 1.2kg. Available in black.,unstructured,1
DEC036_B_deepseek-v3.2,train_kb,conservative_noisy_or_conflict_adjusted,Zenbyte Headphones Lite 90,belongs_to_category,headphones device,zenbyte headphones lite 90|belongs_to_category|headphones device,0.88,product_90,unstructured,LP=0.929460;LPO=0.377349|Zenbyte Headphones Lite 90 is manufactured by Zenbyte. It is a headphones device. The display measures 15.6 inches. Offers 256GB of internal storage. Battery lasts up to 14 hours. Weighs approximately 1.2kg. Available in black.,unstructured,1
DEC036_B_deepseek-v3.2,train_kb,conservative_noisy_or_conflict_adjusted,Zenbyte Headphones Lite 90,has_screen_size_inch,15.6,zenbyte headphones lite 90|has_screen_size_inch|15.6,0.92,product_90,unstructured,LP=0.940880;LPO=0.999991|Zenbyte Headphones Lite 90 is manufactured by Zenbyte. It is a headphones device. The display measures 15.6 inches. Offers 256GB of internal storage. Battery lasts up to 14 hours. Weighs approximately 1.2kg. Available in black.,unstructured,1
DEC036_B_deepseek-v3.2,train_kb,conservative_noisy_or_conflict_adjusted,Zenbyte Headphones Lite 90,has_storage_gb,256,zenbyte headphones lite 90|has_storage_gb|256,0.94,product_90,unstructured,LP=0.999998;LPO=1.000000|Zenbyte Headphones Lite 90 is manufactured by Zenbyte. It is a headphones device. The display measures 15.6 inches. Offers 256GB of internal storage. Battery lasts up to 14 hours. Weighs approximately 1.2kg. Available in black.,unstructured,1
DEC036_B_deepseek-v3.2,train_kb,conservative_noisy_or_conflict_adjusted,Zenbyte Headphones Lite 90,has_battery_life_hours,14,zenbyte headphones lite 90|has_battery_life_hours|14,0.9,product_90,unstructured,LP=0.999996;LPO=0.999976|Zenbyte Headphones Lite 90 is manufactured by Zenbyte. It is a headphones device. The display measures 15.6 inches. Offers 256GB of internal storage. Battery lasts up to 14 hours. Weighs approximately 1.2kg. Available in black.,unstructured,1
DEC036_B_deepseek-v3.2,train_kb,conservative_noisy_or_conflict_adjusted,Zenbyte Headphones Lite 90,has_weight_kg,1.2,zenbyte headphones lite 90|has_weight_kg|1.2,0.89,product_90,unstructured,LP=0.999996;LPO=0.999972|Zenbyte Headphones Lite 90 is manufactured by Zenbyte. It is a headphones device. The display measures 15.6 inches. Offers 256GB of internal storage. Battery lasts up to 14 hours. Weighs approximately 1.2kg. Available in black.,unstructured,1
DEC036_B_deepseek-v3.2,train_kb,conservative_noisy_or_conflict_adjusted,Zenbyte Headphones Lite 90,has_color,black,zenbyte headphones lite 90|has_color|black,0.91,product_90,unstructured,LP=0.999998;LPO=0.999996|Zenbyte Headphones Lite 90 is manufactured by Zenbyte. It is a headphones device. The display measures 15.6 inches. Offers 256GB of internal storage. Battery lasts up to 14 hours. Weighs approximately 1.2kg. Available in black.,unstructured,1
DEC036_B_deepseek-v3.2,train_kb,conservative_noisy_or_conflict_adjusted,Zenbyte Tablet Pro 91,manufactured_by,Zenbyte,zenbyte tablet pro 91|manufactured_by|zenbyte,0.98,product_91,structured,structured_row:Zenbyte Tablet Pro 91,structured,1
DEC036_B_deepseek-v3.2,train_kb,conservative_noisy_or_conflict_adjusted,Zenbyte Tablet Pro 91,belongs_to_category,tablet,zenbyte tablet pro 91|belongs_to_category|tablet,0.98,product_91,structured,structured_row:Zenbyte Tablet Pro 91,structured,1
DEC036_B_deepseek-v3.2,train_kb,conservative_noisy_or_conflict_adjusted,Zenbyte Tablet Pro 91,has_price_usd,699,zenbyte tablet pro 91|has_price_usd|699,0.98,product_91,structured,structured_row:Zenbyte Tablet Pro 91,structured,1
DEC036_B_deepseek-v3.2,train_kb,conservative_noisy_or_conflict_adjusted,Zenbyte Tablet Pro 91,has_screen_size_inch,6.7,zenbyte tablet pro 91|has_screen_size_inch|6.7,0.98,product_91,structured,structured_row:Zenbyte Tablet Pro 91,structured,1
DEC036_B_deepseek-v3.2,train_kb,conservative_noisy_or_conflict_adjusted,Zenbyte Tablet Pro 91,has_ram_gb,4,zenbyte tablet pro 91|has_ram_gb|4,0.98,product_91,structured,structured_row:Zenbyte Tablet Pro 91,structured,1
DEC036_B_deepseek-v3.2,train_kb,conservative_noisy_or_conflict_adjusted,Zenbyte Tablet Pro 91,has_storage_gb,256,zenbyte tablet pro 91|has_storage_gb|256,0.98,product_91,structured,structured_row:Zenbyte Tablet Pro 91,structured,1
DEC036_B_deepseek-v3.2,train_kb,conservative_noisy_or_conflict_adjusted,Zenbyte Tablet Pro 91,has_battery_life_hours,8,zenbyte tablet pro 91|has_battery_life_hours|8,0.98,product_91,structured,structured_row:Zenbyte Tablet Pro 91,structured,1
DEC036_B_deepseek-v3.2,train_kb,conservative_noisy_or_conflict_adjusted,Zenbyte Tablet Pro 91,has_weight_kg,1.8,zenbyte tablet pro 91|has_weight_kg|1.8,0.98,product_91,structured,structured_row:Zenbyte Tablet Pro 91,structured,1
DEC036_B_deepseek-v3.2,train_kb,conservative_noisy_or_conflict_adjusted,Zenbyte Tablet Pro 91,has_color,blue,zenbyte tablet pro 91|has_color|blue,0.98,product_91,structured,structured_row:Zenbyte Tablet Pro 91,structured,1
DEC036_B_deepseek-v3.2,train_kb,conservative_noisy_or_conflict_adjusted,Zenbyte Tablet Pro 91,made_of_material,aluminum,zenbyte tablet pro 91|made_of_material|aluminum,0.98,product_91,structured,structured_row:Zenbyte Tablet Pro 91,structured,1
DEC036_B_deepseek-v3.2,train_kb,conservative_noisy_or_conflict_adjusted,Zenbyte Tablet Pro 91,target_market_region,Global,zenbyte tablet pro 91|target_market_region|global,0.98,product_91,structured,structured_row:Zenbyte Tablet Pro 91,structured,1
DEC036_B_deepseek-v3.2,train_kb,conservative_noisy_or_conflict_adjusted,Zenbyte Tablet Pro 91,supports_fast_charging,no,zenbyte tablet pro 91|supports_fast_charging|no,0.98,product_91,structured,structured_row:Zenbyte Tablet Pro 91,structured,1
DEC036_B_deepseek-v3.2,train_kb,conservative_noisy_or_conflict_adjusted,Zenbyte Tablet Pro 91,has_noise_cancellation,no,zenbyte tablet pro 91|has_noise_cancellation|no,0.98,product_91,structured,structured_row:Zenbyte Tablet Pro 91,structured,1
DEC036_B_deepseek-v3.2,train_kb,conservative_noisy_or_conflict_adjusted,Zenbyte Tablet Pro 91,manufactured_by,Zenbyte,zenbyte tablet pro 91|manufactured_by|zenbyte,0.95,product_91,unstructured,LP=0.999994;LPO=0.999995|Zenbyte Tablet Pro 91 is manufactured by Zenbyte. Priced at 699 USD. Comes with 4GB of RAM. Offers 256GB of internal storage. Weighs approximately 1.8kg. Fast charging is no. Noise cancellation: no.,unstructured,1
DEC036_B_deepseek-v3.2,train_kb,conservative_noisy_or_conflict_adjusted,Zenbyte Tablet Pro 91,has_price_usd,699,zenbyte tablet pro 91|has_price_usd|699,0.94,product_91,unstructured,LP=0.999957;LPO=0.999997|Zenbyte Tablet Pro 91 is manufactured by Zenbyte. Priced at 699 USD. Comes with 4GB of RAM. Offers 256GB of internal storage. Weighs approximately 1.8kg. Fast charging is no. Noise cancellation: no.,unstructured,1
DEC036_B_deepseek-v3.2,train_kb,conservative_noisy_or_conflict_adjusted,Zenbyte Tablet Pro 91,has_ram_gb,4,zenbyte tablet pro 91|has_ram_gb|4,0.93,product_91,unstructured,LP=0.999991;LPO=0.999995|Zenbyte Tablet Pro 91 is manufactured by Zenbyte. Priced at 699 USD. Comes with 4GB of RAM. Offers 256GB of internal storage. Weighs approximately 1.8kg. Fast charging is no. Noise cancellation: no.,unstructured,1
DEC036_B_deepseek-v3.2,train_kb,conservative_noisy_or_conflict_adjusted,Zenbyte Tablet Pro 91,has_storage_gb,256,zenbyte tablet pro 91|has_storage_gb|256,0.93,product_91,unstructured,LP=0.999998;LPO=1.000000|Zenbyte Tablet Pro 91 is manufactured by Zenbyte. Priced at 699 USD. Comes with 4GB of RAM. Offers 256GB of internal storage. Weighs approximately 1.8kg. Fast charging is no. Noise cancellation: no.,unstructured,1
DEC036_B_deepseek-v3.2,train_kb,conservative_noisy_or_conflict_adjusted,Zenbyte Tablet Pro 91,has_weight_kg,1.8,zenbyte tablet pro 91|has_weight_kg|1.8,0.9,product_91,unstructured,LP=0.999965;LPO=0.999561|Zenbyte Tablet Pro 91 is manufactured by Zenbyte. Priced at 699 USD. Comes with 4GB of RAM. Offers 256GB of internal storage. Weighs approximately 1.8kg. Fast charging is no. Noise cancellation: no.,unstructured,1
DEC036_B_deepseek-v3.2,train_kb,conservative_noisy_or_conflict_adjusted,Zenbyte Tablet Pro 91,supports_fast_charging,no,zenbyte tablet pro 91|supports_fast_charging|no,0.92,product_91,unstructured,LP=0.998885;LPO=0.985649|Zenbyte Tablet Pro 91 is manufactured by Zenbyte. Priced at 699 USD. Comes with 4GB of RAM. Offers 256GB of internal storage. Weighs approximately 1.8kg. Fast charging is no. Noise cancellation: no.,unstructured,1
DEC036_B_deepseek-v3.2,train_kb,conservative_noisy_or_conflict_adjusted,Zenbyte Tablet Pro 91,has_noise_cancellation,no,zenbyte tablet pro 91|has_noise_cancellation|no,0.92,product_91,unstructured,LP=0.999999;LPO=1.000000|Zenbyte Tablet Pro 91 is manufactured by Zenbyte. Priced at 699 USD. Comes with 4GB of RAM. Offers 256GB of internal storage. Weighs approximately 1.8kg. Fast charging is no. Noise cancellation: no.,unstructured,1
DEC036_B_deepseek-v3.2,train_kb,conservative_noisy_or_conflict_adjusted,TechNova Laptop Pro 92,manufactured_by,TechNova,technova laptop pro 92|manufactured_by|technova,0.98,product_92,structured,structured_row:TechNova Laptop Pro 92,structured,1
DEC036_B_deepseek-v3.2,train_kb,conservative_noisy_or_conflict_adjusted,TechNova Laptop Pro 92,belongs_to_category,laptop,technova laptop pro 92|belongs_to_category|laptop,0.98,product_92,structured,structured_row:TechNova Laptop Pro 92,structured,1
DEC036_B_deepseek-v3.2,train_kb,conservative_noisy_or_conflict_adjusted,TechNova Laptop Pro 92,has_price_usd,199,technova laptop pro 92|has_price_usd|199,0.98,product_92,structured,structured_row:TechNova Laptop Pro 92,structured,1
DEC036_B_deepseek-v3.2,train_kb,conservative_noisy_or_conflict_adjusted,TechNova Laptop Pro 92,has_screen_size_inch,10.9,technova laptop pro 92|has_screen_size_inch|10.9,0.98,product_92,structured,structured_row:TechNova Laptop Pro 92,structured,1
DEC036_B_deepseek-v3.2,train_kb,conservative_noisy_or_conflict_adjusted,TechNova Laptop Pro 92,has_ram_gb,6,technova laptop pro 92|has_ram_gb|6,0.98,product_92,structured,structured_row:TechNova Laptop Pro 92,structured,1
DEC036_B_deepseek-v3.2,train_kb,conservative_noisy_or_conflict_adjusted,TechNova Laptop Pro 92,has_storage_gb,128,technova laptop pro 92|has_storage_gb|128,0.98,product_92,structured,structured_row:TechNova Laptop Pro 92,structured,1
DEC036_B_deepseek-v3.2,train_kb,conservative_noisy_or_conflict_adjusted,TechNova Laptop Pro 92,has_battery_life_hours,18,technova laptop pro 92|has_battery_life_hours|18,0.98,product_92,structured,structured_row:TechNova Laptop Pro 92,structured,1
DEC036_B_deepseek-v3.2,train_kb,conservative_noisy_or_conflict_adjusted,TechNova Laptop Pro 92,has_weight_kg,1.45,technova laptop pro 92|has_weight_kg|1.45,0.98,product_92,structured,structured_row:TechNova Laptop Pro 92,structured,1
DEC036_B_deepseek-v3.2,train_kb,conservative_noisy_or_conflict_adjusted,TechNova Laptop Pro 92,has_color,white,technova laptop pro 92|has_color|white,0.98,product_92,structured,structured_row:TechNova Laptop Pro 92,structured,1
DEC036_B_deepseek-v3.2,train_kb,conservative_noisy_or_conflict_adjusted,TechNova Laptop Pro 92,made_of_material,plastic,technova laptop pro 92|made_of_material|plastic,0.98,product_92,structured,structured_row:TechNova Laptop Pro 92,structured,1
DEC036_B_deepseek-v3.2,train_kb,conservative_noisy_or_conflict_adjusted,TechNova Laptop Pro 92,target_market_region,EU,technova laptop pro 92|target_market_region|eu,0.98,product_92,structured,structured_row:TechNova Laptop Pro 92,structured,1
DEC036_B_deepseek-v3.2,train_kb,conservative_noisy_or_conflict_adjusted,TechNova Laptop Pro 92,supports_fast_charging,no,technova laptop pro 92|supports_fast_charging|no,0.98,product_92,structured,structured_row:TechNova Laptop Pro 92,structured,1
DEC036_B_deepseek-v3.2,train_kb,conservative_noisy_or_conflict_adjusted,TechNova Laptop Pro 92,has_noise_cancellation,no,technova laptop pro 92|has_noise_cancellation|no,0.98,product_92,structured,structured_row:TechNova Laptop Pro 92,structured,1
DEC036_B_deepseek-v3.2,train_kb,conservative_noisy_or_conflict_adjusted,TechNova Laptop Pro 92,manufactured_by,TechNova,technova laptop pro 92|manufactured_by|technova,0.95,product_92,unstructured,LP=0.999994;LPO=0.999997|TechNova Laptop Pro 92 is manufactured by TechNova. It is a laptop device. The display measures 10.9 inches. Comes with 6GB of RAM. Available in white. Fast charging is no. Noise cancellation: no.,unstructured,1
DEC036_B_deepseek-v3.2,train_kb,conservative_noisy_or_conflict_adjusted,TechNova Laptop Pro 92,belongs_to_category,laptop,technova laptop pro 92|belongs_to_category|laptop,0.9,product_92,unstructured,LP=0.990954;LPO=0.999760|TechNova Laptop Pro 92 is manufactured by TechNova. It is a laptop device. The display measures 10.9 inches. Comes with 6GB of RAM. Available in white. Fast charging is no. Noise cancellation: no.,unstructured,1
DEC036_B_deepseek-v3.2,train_kb,conservative_noisy_or_conflict_adjusted,TechNova Laptop Pro 92,has_screen_size_inch,10.9,technova laptop pro 92|has_screen_size_inch|10.9,0.93,product_92,unstructured,LP=0.999929;LPO=0.999994|TechNova Laptop Pro 92 is manufactured by TechNova. It is a laptop device. The display measures 10.9 inches. Comes with 6GB of RAM. Available in white. Fast charging is no. Noise cancellation: no.,unstructured,1
DEC036_B_deepseek-v3.2,train_kb,conservative_noisy_or_conflict_adjusted,TechNova Laptop Pro 92,has_ram_gb,6,technova laptop pro 92|has_ram_gb|6,0.92,product_92,unstructured,LP=0.999995;LPO=0.999998|TechNova Laptop Pro 92 is manufactured by TechNova. It is a laptop device. The display measures 10.9 inches. Comes with 6GB of RAM. Available in white. Fast charging is no. Noise cancellation: no.,unstructured,1
DEC036_B_deepseek-v3.2,train_kb,conservative_noisy_or_conflict_adjusted,TechNova Laptop Pro 92,has_color,white,technova laptop pro 92|has_color|white,0.94,product_92,unstructured,LP=0.999992;LPO=0.999964|TechNova Laptop Pro 92 is manufactured by TechNova. It is a laptop device. The display measures 10.9 inches. Comes with 6GB of RAM. Available in white. Fast charging is no. Noise cancellation: no.,unstructured,1
DEC036_B_deepseek-v3.2,train_kb,conservative_noisy_or_conflict_adjusted,TechNova Laptop Pro 92,supports_fast_charging,no,technova laptop pro 92|supports_fast_charging|no,0.88,product_92,unstructured,LP=0.998436;LPO=0.976847|TechNova Laptop Pro 92 is manufactured by TechNova. It is a laptop device. The display measures 10.9 inches. Comes with 6GB of RAM. Available in white. Fast charging is no. Noise cancellation: no.,unstructured,1
DEC036_B_deepseek-v3.2,train_kb,conservative_noisy_or_conflict_adjusted,TechNova Laptop Pro 92,has_noise_cancellation,no,technova laptop pro 92|has_noise_cancellation|no,0.87,product_92,unstructured,LP=0.999999;LPO=0.999998|TechNova Laptop Pro 92 is manufactured by TechNova. It is a laptop device. The display measures 10.9 inches. Comes with 6GB of RAM. Available in white. Fast charging is no. Noise cancellation: no.,unstructured,1
DEC036_B_deepseek-v3.2,train_kb,conservative_noisy_or_conflict_adjusted,TechNova Tablet Pro 93,manufactured_by,TechNova,technova tablet pro 93|manufactured_by|technova,0.98,product_93,structured,structured_row:TechNova Tablet Pro 93,structured,1
DEC036_B_deepseek-v3.2,train_kb,conservative_noisy_or_conflict_adjusted,TechNova Tablet Pro 93,belongs_to_category,tablet,technova tablet pro 93|belongs_to_category|tablet,0.98,product_93,structured,structured_row:TechNova Tablet Pro 93,structured,1
DEC036_B_deepseek-v3.2,train_kb,conservative_noisy_or_conflict_adjusted,TechNova Tablet Pro 93,has_price_usd,1099,technova tablet pro 93|has_price_usd|1099,0.98,product_93,structured,structured_row:TechNova Tablet Pro 93,structured,1
DEC036_B_deepseek-v3.2,train_kb,conservative_noisy_or_conflict_adjusted,TechNova Tablet Pro 93,has_screen_size_inch,13.3,technova tablet pro 93|has_screen_size_inch|13.3,0.98,product_93,structured,structured_row:TechNova Tablet Pro 93,structured,1
DEC036_B_deepseek-v3.2,train_kb,conservative_noisy_or_conflict_adjusted,TechNova Tablet Pro 93,has_ram_gb,16,technova tablet pro 93|has_ram_gb|16,0.98,product_93,structured,structured_row:TechNova Tablet Pro 93,structured,1
DEC036_B_deepseek-v3.2,train_kb,conservative_noisy_or_conflict_adjusted,TechNova Tablet Pro 93,has_storage_gb,64,technova tablet pro 93|has_storage_gb|64,0.98,product_93,structured,structured_row:TechNova Tablet Pro 93,structured,1
DEC036_B_deepseek-v3.2,train_kb,conservative_noisy_or_conflict_adjusted,TechNova Tablet Pro 93,has_battery_life_hours,20,technova tablet pro 93|has_battery_life_hours|20,0.98,product_93,structured,structured_row:TechNova Tablet Pro 93,structured,1
DEC036_B_deepseek-v3.2,train_kb,conservative_noisy_or_conflict_adjusted,TechNova Tablet Pro 93,has_weight_kg,1.2,technova tablet pro 93|has_weight_kg|1.2,0.98,product_93,structured,structured_row:TechNova Tablet Pro 93,structured,1
DEC036_B_deepseek-v3.2,train_kb,conservative_noisy_or_conflict_adjusted,TechNova Tablet Pro 93,has_color,green,technova tablet pro 93|has_color|green,0.98,product_93,structured,structured_row:TechNova Tablet Pro 93,structured,1
DEC036_B_deepseek-v3.2,train_kb,conservative_noisy_or_conflict_adjusted,TechNova Tablet Pro 93,made_of_material,plastic,technova tablet pro 93|made_of_material|plastic,0.98,product_93,structured,structured_row:TechNova Tablet Pro 93,structured,1
DEC036_B_deepseek-v3.2,train_kb,conservative_noisy_or_conflict_adjusted,TechNova Tablet Pro 93,target_market_region,EU,technova tablet pro 93|target_market_region|eu,0.98,product_93,structured,structured_row:TechNova Tablet Pro 93,structured,1
DEC036_B_deepseek-v3.2,train_kb,conservative_noisy_or_conflict_adjusted,TechNova Tablet Pro 93,supports_fast_charging,yes,technova tablet pro 93|supports_fast_charging|yes,0.98,product_93,structured,structured_row:TechNova Tablet Pro 93,structured,1
DEC036_B_deepseek-v3.2,train_kb,conservative_noisy_or_conflict_adjusted,TechNova Tablet Pro 93,has_noise_cancellation,no,technova tablet pro 93|has_noise_cancellation|no,0.98,product_93,structured,structured_row:TechNova Tablet Pro 93,structured,1
DEC036_B_deepseek-v3.2,train_kb,conservative_noisy_or_conflict_adjusted,TechNova Tablet Pro 93,manufactured_by,TechNova,technova tablet pro 93|manufactured_by|technova,0.95,product_93,unstructured,LP=0.999996;LPO=0.999996|TechNova Tablet Pro 93 is manufactured by TechNova. It is a tablet device. Priced at 1099 USD. Comes with 16GB of RAM. Offers 64GB of internal storage. Battery lasts up to 20 hours. Fast charging is yes.,unstructured,1
DEC036_B_deepseek-v3.2,train_kb,conservative_noisy_or_conflict_adjusted,TechNova Tablet Pro 93,belongs_to_category,tablet device,technova tablet pro 93|belongs_to_category|tablet device,0.9,product_93,unstructured,LP=0.966729;LPO=0.851839|TechNova Tablet Pro 93 is manufactured by TechNova. It is a tablet device. Priced at 1099 USD. Comes with 16GB of RAM. Offers 64GB of internal storage. Battery lasts up to 20 hours. Fast charging is yes.,unstructured,1
DEC036_B_deepseek-v3.2,train_kb,conservative_noisy_or_conflict_adjusted,TechNova Tablet Pro 93,has_price_usd,1099,technova tablet pro 93|has_price_usd|1099,0.94,product_93,unstructured,LP=0.999997;LPO=0.999994|TechNova Tablet Pro 93 is manufactured by TechNova. It is a tablet device. Priced at 1099 USD. Comes with 16GB of RAM. Offers 64GB of internal storage. Battery lasts up to 20 hours. Fast charging is yes.,unstructured,1
DEC036_B_deepseek-v3.2,train_kb,conservative_noisy_or_conflict_adjusted,TechNova Tablet Pro 93,has_ram_gb,16,technova tablet pro 93|has_ram_gb|16,0.93,product_93,unstructured,LP=0.999999;LPO=0.999999|TechNova Tablet Pro 93 is manufactured by TechNova. It is a tablet device. Priced at 1099 USD. Comes with 16GB of RAM. Offers 64GB of internal storage. Battery lasts up to 20 hours. Fast charging is yes.,unstructured,1
DEC036_B_deepseek-v3.2,train_kb,conservative_noisy_or_conflict_adjusted,TechNova Tablet Pro 93,has_storage_gb,64,technova tablet pro 93|has_storage_gb|64,0.92,product_93,unstructured,LP=0.999999;LPO=0.999998|TechNova Tablet Pro 93 is manufactured by TechNova. It is a tablet device. Priced at 1099 USD. Comes with 16GB of RAM. Offers 64GB of internal storage. Battery lasts up to 20 hours. Fast charging is yes.,unstructured,1
DEC036_B_deepseek-v3.2,train_kb,conservative_noisy_or_conflict_adjusted,TechNova Tablet Pro 93,has_battery_life_hours,20,technova tablet pro 93|has_battery_life_hours|20,0.91,product_93,unstructured,LP=0.999983;LPO=0.999796|TechNova Tablet Pro 93 is manufactured by TechNova. It is a tablet device. Priced at 1099 USD. Comes with 16GB of RAM. Offers 64GB of internal storage. Battery lasts up to 20 hours. Fast charging is yes.,unstructured,1
DEC036_B_deepseek-v3.2,train_kb,conservative_noisy_or_conflict_adjusted,TechNova Tablet Pro 93,supports_fast_charging,yes,technova tablet pro 93|supports_fast_charging|yes,0.9,product_93,unstructured,LP=0.999944;LPO=0.999232|TechNova Tablet Pro 93 is manufactured by TechNova. It is a tablet device. Priced at 1099 USD. Comes with 16GB of RAM. Offers 64GB of internal storage. Battery lasts up to 20 hours. Fast charging is yes.,unstructured,1
DEC036_B_deepseek-v3.2,train_kb,conservative_noisy_or_conflict_adjusted,NeoTech Smartphone Pro 95,manufactured_by,NeoTech,neotech smartphone pro 95|manufactured_by|neotech,0.98,product_95,structured,structured_row:NeoTech Smartphone Pro 95,structured,1
DEC036_B_deepseek-v3.2,train_kb,conservative_noisy_or_conflict_adjusted,NeoTech Smartphone Pro 95,belongs_to_category,smartphone,neotech smartphone pro 95|belongs_to_category|smartphone,0.98,product_95,structured,structured_row:NeoTech Smartphone Pro 95,structured,1
DEC036_B_deepseek-v3.2,train_kb,conservative_noisy_or_conflict_adjusted,NeoTech Smartphone Pro 95,has_price_usd,699,neotech smartphone pro 95|has_price_usd|699,0.98,product_95,structured,structured_row:NeoTech Smartphone Pro 95,structured,1
DEC036_B_deepseek-v3.2,train_kb,conservative_noisy_or_conflict_adjusted,NeoTech Smartphone Pro 95,has_screen_size_inch,6.7,neotech smartphone pro 95|has_screen_size_inch|6.7,0.98,product_95,structured,structured_row:NeoTech Smartphone Pro 95,structured,1
DEC036_B_deepseek-v3.2,train_kb,conservative_noisy_or_conflict_adjusted,NeoTech Smartphone Pro 95,has_ram_gb,4,neotech smartphone pro 95|has_ram_gb|4,0.98,product_95,structured,structured_row:NeoTech Smartphone Pro 95,structured,1
DEC036_B_deepseek-v3.2,train_kb,conservative_noisy_or_conflict_adjusted,NeoTech Smartphone Pro 95,has_storage_gb,256,neotech smartphone pro 95|has_storage_gb|256,0.98,product_95,structured,structured_row:NeoTech Smartphone Pro 95,structured,1
DEC036_B_deepseek-v3.2,train_kb,conservative_noisy_or_conflict_adjusted,NeoTech Smartphone Pro 95,has_battery_life_hours,18,neotech smartphone pro 95|has_battery_life_hours|18,0.98,product_95,structured,structured_row:NeoTech Smartphone Pro 95,structured,1
DEC036_B_deepseek-v3.2,train_kb,conservative_noisy_or_conflict_adjusted,NeoTech Smartphone Pro 95,has_weight_kg,0.42,neotech smartphone pro 95|has_weight_kg|0.42,0.98,product_95,structured,structured_row:NeoTech Smartphone Pro 95,structured,1
DEC036_B_deepseek-v3.2,train_kb,conservative_noisy_or_conflict_adjusted,NeoTech Smartphone Pro 95,has_color,black,neotech smartphone pro 95|has_color|black,0.98,product_95,structured,structured_row:NeoTech Smartphone Pro 95,structured,1
DEC036_B_deepseek-v3.2,train_kb,conservative_noisy_or_conflict_adjusted,NeoTech Smartphone Pro 95,made_of_material,plastic,neotech smartphone pro 95|made_of_material|plastic,0.98,product_95,structured,structured_row:NeoTech Smartphone Pro 95,structured,1
DEC036_B_deepseek-v3.2,train_kb,conservative_noisy_or_conflict_adjusted,NeoTech Smartphone Pro 95,target_market_region,US,neotech smartphone pro 95|target_market_region|us,0.98,product_95,structured,structured_row:NeoTech Smartphone Pro 95,structured,1
DEC036_B_deepseek-v3.2,train_kb,conservative_noisy_or_conflict_adjusted,NeoTech Smartphone Pro 95,supports_fast_charging,yes,neotech smartphone pro 95|supports_fast_charging|yes,0.98,product_95,structured,structured_row:NeoTech Smartphone Pro 95,structured,1
DEC036_B_deepseek-v3.2,train_kb,conservative_noisy_or_conflict_adjusted,NeoTech Smartphone Pro 95,has_noise_cancellation,no,neotech smartphone pro 95|has_noise_cancellation|no,0.98,product_95,structured,structured_row:NeoTech Smartphone Pro 95,structured,1
DEC036_B_deepseek-v3.2,train_kb,conservative_noisy_or_conflict_adjusted,NeoTech Smartphone Pro 95,manufactured_by,NeoTech,neotech smartphone pro 95|manufactured_by|neotech,0.96,product_95,unstructured,LP=0.999995;LPO=0.999998|NeoTech Smartphone Pro 95 is manufactured by NeoTech. Priced at 699 USD. Weighs approximately 0.42kg. Available in black. Targeted at the US market. Fast charging is yes. Noise cancellation: no.,unstructured,1
DEC036_B_deepseek-v3.2,train_kb,conservative_noisy_or_conflict_adjusted,NeoTech Smartphone Pro 95,has_price_usd,699,neotech smartphone pro 95|has_price_usd|699,0.94,product_95,unstructured,LP=0.999833;LPO=0.999987|NeoTech Smartphone Pro 95 is manufactured by NeoTech. Priced at 699 USD. Weighs approximately 0.42kg. Available in black. Targeted at the US market. Fast charging is yes. Noise cancellation: no.,unstructured,1
DEC036_B_deepseek-v3.2,train_kb,conservative_noisy_or_conflict_adjusted,NeoTech Smartphone Pro 95,has_weight_kg,0.42,neotech smartphone pro 95|has_weight_kg|0.42,0.9,product_95,unstructured,LP=0.999991;LPO=0.999967|NeoTech Smartphone Pro 95 is manufactured by NeoTech. Priced at 699 USD. Weighs approximately 0.42kg. Available in black. Targeted at the US market. Fast charging is yes. Noise cancellation: no.,unstructured,1
DEC036_B_deepseek-v3.2,train_kb,conservative_noisy_or_conflict_adjusted,NeoTech Smartphone Pro 95,has_color,black,neotech smartphone pro 95|has_color|black,0.92,product_95,unstructured,LP=0.999958;LPO=0.999986|NeoTech Smartphone Pro 95 is manufactured by NeoTech. Priced at 699 USD. Weighs approximately 0.42kg. Available in black. Targeted at the US market. Fast charging is yes. Noise cancellation: no.,unstructured,1
DEC036_B_deepseek-v3.2,train_kb,conservative_noisy_or_conflict_adjusted,NeoTech Smartphone Pro 95,target_market_region,US,neotech smartphone pro 95|target_market_region|us,0.93,product_95,unstructured,LP=0.999986;LPO=0.999895|NeoTech Smartphone Pro 95 is manufactured by NeoTech. Priced at 699 USD. Weighs approximately 0.42kg. Available in black. Targeted at the US market. Fast charging is yes. Noise cancellation: no.,unstructured,1
DEC036_B_deepseek-v3.2,train_kb,conservative_noisy_or_conflict_adjusted,NeoTech Smartphone Pro 95,supports_fast_charging,yes,neotech smartphone pro 95|supports_fast_charging|yes,0.91,product_95,unstructured,LP=0.999825;LPO=0.997442|NeoTech Smartphone Pro 95 is manufactured by NeoTech. Priced at 699 USD. Weighs approximately 0.42kg. Available in black. Targeted at the US market. Fast charging is yes. Noise cancellation: no.,unstructured,1
DEC036_B_deepseek-v3.2,train_kb,conservative_noisy_or_conflict_adjusted,NeoTech Smartphone Pro 95,has_noise_cancellation,no,neotech smartphone pro 95|has_noise_cancellation|no,0.91,product_95,unstructured,LP=0.999998;LPO=0.999995|NeoTech Smartphone Pro 95 is manufactured by NeoTech. Priced at 699 USD. Weighs approximately 0.42kg. Available in black. Targeted at the US market. Fast charging is yes. Noise cancellation: no.,unstructured,1
DEC036_B_deepseek-v3.2,train_kb,conservative_noisy_or_conflict_adjusted,TechNova Smartphone Lite 97,manufactured_by,TechNova,technova smartphone lite 97|manufactured_by|technova,0.98,product_97,structured,structured_row:TechNova Smartphone Lite 97,structured,1
DEC036_B_deepseek-v3.2,train_kb,conservative_noisy_or_conflict_adjusted,TechNova Smartphone Lite 97,belongs_to_category,smartphone,technova smartphone lite 97|belongs_to_category|smartphone,0.98,product_97,structured,structured_row:TechNova Smartphone Lite 97,structured,1
DEC036_B_deepseek-v3.2,train_kb,conservative_noisy_or_conflict_adjusted,TechNova Smartphone Lite 97,has_price_usd,899,technova smartphone lite 97|has_price_usd|899,0.98,product_97,structured,structured_row:TechNova Smartphone Lite 97,structured,1
DEC036_B_deepseek-v3.2,train_kb,conservative_noisy_or_conflict_adjusted,TechNova Smartphone Lite 97,has_screen_size_inch,11.0,technova smartphone lite 97|has_screen_size_inch|11.0,0.98,product_97,structured,structured_row:TechNova Smartphone Lite 97,structured,1
DEC036_B_deepseek-v3.2,train_kb,conservative_noisy_or_conflict_adjusted,TechNova Smartphone Lite 97,has_ram_gb,32,technova smartphone lite 97|has_ram_gb|32,0.98,product_97,structured,structured_row:TechNova Smartphone Lite 97,structured,1
DEC036_B_deepseek-v3.2,train_kb,conservative_noisy_or_conflict_adjusted,TechNova Smartphone Lite 97,has_storage_gb,512,technova smartphone lite 97|has_storage_gb|512,0.98,product_97,structured,structured_row:TechNova Smartphone Lite 97,structured,1
DEC036_B_deepseek-v3.2,train_kb,conservative_noisy_or_conflict_adjusted,TechNova Smartphone Lite 97,has_battery_life_hours,14,technova smartphone lite 97|has_battery_life_hours|14,0.98,product_97,structured,structured_row:TechNova Smartphone Lite 97,structured,1
DEC036_B_deepseek-v3.2,train_kb,conservative_noisy_or_conflict_adjusted,TechNova Smartphone Lite 97,has_weight_kg,0.42,technova smartphone lite 97|has_weight_kg|0.42,0.98,product_97,structured,structured_row:TechNova Smartphone Lite 97,structured,1
DEC036_B_deepseek-v3.2,train_kb,conservative_noisy_or_conflict_adjusted,TechNova Smartphone Lite 97,has_color,blue,technova smartphone lite 97|has_color|blue,0.98,product_97,structured,structured_row:TechNova Smartphone Lite 97,structured,1
DEC036_B_deepseek-v3.2,train_kb,conservative_noisy_or_conflict_adjusted,TechNova Smartphone Lite 97,made_of_material,plastic,technova smartphone lite 97|made_of_material|plastic,0.98,product_97,structured,structured_row:TechNova Smartphone Lite 97,structured,1
DEC036_B_deepseek-v3.2,train_kb,conservative_noisy_or_conflict_adjusted,TechNova Smartphone Lite 97,target_market_region,EU,technova smartphone lite 97|target_market_region|eu,0.98,product_97,structured,structured_row:TechNova Smartphone Lite 97,structured,1
DEC036_B_deepseek-v3.2,train_kb,conservative_noisy_or_conflict_adjusted,TechNova Smartphone Lite 97,supports_fast_charging,yes,technova smartphone lite 97|supports_fast_charging|yes,0.98,product_97,structured,structured_row:TechNova Smartphone Lite 97,structured,1
DEC036_B_deepseek-v3.2,train_kb,conservative_noisy_or_conflict_adjusted,TechNova Smartphone Lite 97,has_noise_cancellation,no,technova smartphone lite 97|has_noise_cancellation|no,0.98,product_97,structured,structured_row:TechNova Smartphone Lite 97,structured,1
DEC036_B_deepseek-v3.2,train_kb,conservative_noisy_or_conflict_adjusted,product,has_ram_gb,32,product|has_ram_gb|32,0.91,product_97,unstructured,LP=0.947551;LPO=0.999995|Comes with 32GB of RAM. Offers 512GB of internal storage. Battery lasts up to 14 hours. Weighs approximately 0.42kg. Available in blue. Fast charging is yes. Noise cancellation: no.,unstructured,1
DEC036_B_deepseek-v3.2,train_kb,conservative_noisy_or_conflict_adjusted,product,has_storage_gb,512,product|has_storage_gb|512,0.91,product_97,unstructured,LP=0.999999;LPO=1.000000|Comes with 32GB of RAM. Offers 512GB of internal storage. Battery lasts up to 14 hours. Weighs approximately 0.42kg. Available in blue. Fast charging is yes. Noise cancellation: no.,unstructured,1
DEC036_B_deepseek-v3.2,train_kb,conservative_noisy_or_conflict_adjusted,product,has_battery_life_hours,14,product|has_battery_life_hours|14,0.9,product_97,unstructured,LP=0.999996;LPO=0.999979|Comes with 32GB of RAM. Offers 512GB of internal storage. Battery lasts up to 14 hours. Weighs approximately 0.42kg. Available in blue. Fast charging is yes. Noise cancellation: no.,unstructured,1
DEC036_B_deepseek-v3.2,train_kb,conservative_noisy_or_conflict_adjusted,product,has_weight_kg,0.42,product|has_weight_kg|0.42,0.92,product_97,unstructured,LP=0.999998;LPO=0.999996|Comes with 32GB of RAM. Offers 512GB of internal storage. Battery lasts up to 14 hours. Weighs approximately 0.42kg. Available in blue. Fast charging is yes. Noise cancellation: no.,unstructured,1
DEC036_B_deepseek-v3.2,train_kb,conservative_noisy_or_conflict_adjusted,product,has_color,blue,product|has_color|blue,0.93,product_97,unstructured,LP=0.999995;LPO=0.999984|Comes with 32GB of RAM. Offers 512GB of internal storage. Battery lasts up to 14 hours. Weighs approximately 0.42kg. Available in blue. Fast charging is yes. Noise cancellation: no.,unstructured,1
DEC036_B_deepseek-v3.2,train_kb,conservative_noisy_or_conflict_adjusted,product,supports_fast_charging,yes,product|supports_fast_charging|yes,0.91,product_97,unstructured,LP=0.998205;LPO=0.985741|Comes with 32GB of RAM. Offers 512GB of internal storage. Battery lasts up to 14 hours. Weighs approximately 0.42kg. Available in blue. Fast charging is yes. Noise cancellation: no.,unstructured,1
DEC036_B_deepseek-v3.2,train_kb,conservative_noisy_or_conflict_adjusted,product,has_noise_cancellation,no,product|has_noise_cancellation|no,0.94,product_97,unstructured,LP=0.999993;LPO=0.999951|Comes with 32GB of RAM. Offers 512GB of internal storage. Battery lasts up to 14 hours. Weighs approximately 0.42kg. Available in blue. Fast charging is yes. Noise cancellation: no.,unstructured,1
DEC036_B_deepseek-v3.2,train_kb,conservative_noisy_or_conflict_adjusted,TechNova Smartphone Plus 98,manufactured_by,TechNova,technova smartphone plus 98|manufactured_by|technova,0.98,product_98,structured,structured_row:TechNova Smartphone Plus 98,structured,1
DEC036_B_deepseek-v3.2,train_kb,conservative_noisy_or_conflict_adjusted,TechNova Smartphone Plus 98,belongs_to_category,smartphone,technova smartphone plus 98|belongs_to_category|smartphone,0.98,product_98,structured,structured_row:TechNova Smartphone Plus 98,structured,1
DEC036_B_deepseek-v3.2,train_kb,conservative_noisy_or_conflict_adjusted,TechNova Smartphone Plus 98,has_price_usd,299,technova smartphone plus 98|has_price_usd|299,0.98,product_98,structured,structured_row:TechNova Smartphone Plus 98,structured,1
DEC036_B_deepseek-v3.2,train_kb,conservative_noisy_or_conflict_adjusted,TechNova Smartphone Plus 98,has_screen_size_inch,13.3,technova smartphone plus 98|has_screen_size_inch|13.3,0.98,product_98,structured,structured_row:TechNova Smartphone Plus 98,structured,1
DEC036_B_deepseek-v3.2,train_kb,conservative_noisy_or_conflict_adjusted,TechNova Smartphone Plus 98,has_ram_gb,8,technova smartphone plus 98|has_ram_gb|8,0.98,product_98,structured,structured_row:TechNova Smartphone Plus 98,structured,1
DEC036_B_deepseek-v3.2,train_kb,conservative_noisy_or_conflict_adjusted,TechNova Smartphone Plus 98,has_storage_gb,256,technova smartphone plus 98|has_storage_gb|256,0.98,product_98,structured,structured_row:TechNova Smartphone Plus 98,structured,1
DEC036_B_deepseek-v3.2,train_kb,conservative_noisy_or_conflict_adjusted,TechNova Smartphone Plus 98,has_battery_life_hours,8,technova smartphone plus 98|has_battery_life_hours|8,0.98,product_98,structured,structured_row:TechNova Smartphone Plus 98,structured,1
DEC036_B_deepseek-v3.2,train_kb,conservative_noisy_or_conflict_adjusted,TechNova Smartphone Plus 98,has_weight_kg,0.18,technova smartphone plus 98|has_weight_kg|0.18,0.98,product_98,structured,structured_row:TechNova Smartphone Plus 98,structured,1
DEC036_B_deepseek-v3.2,train_kb,conservative_noisy_or_conflict_adjusted,TechNova Smartphone Plus 98,has_color,white,technova smartphone plus 98|has_color|white,0.98,product_98,structured,structured_row:TechNova Smartphone Plus 98,structured,1
DEC036_B_deepseek-v3.2,train_kb,conservative_noisy_or_conflict_adjusted,TechNova Smartphone Plus 98,made_of_material,aluminum,technova smartphone plus 98|made_of_material|aluminum,0.98,product_98,structured,structured_row:TechNova Smartphone Plus 98,structured,1
DEC036_B_deepseek-v3.2,train_kb,conservative_noisy_or_conflict_adjusted,TechNova Smartphone Plus 98,target_market_region,Global,technova smartphone plus 98|target_market_region|global,0.98,product_98,structured,structured_row:TechNova Smartphone Plus 98,structured,1
DEC036_B_deepseek-v3.2,train_kb,conservative_noisy_or_conflict_adjusted,TechNova Smartphone Plus 98,supports_fast_charging,no,technova smartphone plus 98|supports_fast_charging|no,0.98,product_98,structured,structured_row:TechNova Smartphone Plus 98,structured,1
DEC036_B_deepseek-v3.2,train_kb,conservative_noisy_or_conflict_adjusted,TechNova Smartphone Plus 98,has_noise_cancellation,no,technova smartphone plus 98|has_noise_cancellation|no,0.98,product_98,structured,structured_row:TechNova Smartphone Plus 98,structured,1
DEC036_B_deepseek-v3.2,train_kb,conservative_noisy_or_conflict_adjusted,TechNova Smartphone Pro 1,has_price_usd,299,technova smartphone pro 1|has_price_usd|299,0.9,product_98,unstructured,LP=0.763742;LPO=0.999951|Priced at 299 USD. Comes with 8GB of RAM. Offers 256GB of internal storage. Battery lasts up to 8 hours. Weighs approximately 0.18kg. Targeted at the Global market. Fast charging is no.,unstructured,1
DEC036_B_deepseek-v3.2,train_kb,conservative_noisy_or_conflict_adjusted,TechNova Smartphone Pro 1,has_ram_gb,8,technova smartphone pro 1|has_ram_gb|8,0.93,product_98,unstructured,LP=0.999989;LPO=0.999989|Priced at 299 USD. Comes with 8GB of RAM. Offers 256GB of internal storage. Battery lasts up to 8 hours. Weighs approximately 0.18kg. Targeted at the Global market. Fast charging is no.,unstructured,1
DEC036_B_deepseek-v3.2,train_kb,conservative_noisy_or_conflict_adjusted,TechNova Smartphone Pro 1,has_storage_gb,256,technova smartphone pro 1|has_storage_gb|256,0.94,product_98,unstructured,LP=0.999999;LPO=0.999999|Priced at 299 USD. Comes with 8GB of RAM. Offers 256GB of internal storage. Battery lasts up to 8 hours. Weighs approximately 0.18kg. Targeted at the Global market. Fast charging is no.,unstructured,1
DEC036_B_deepseek-v3.2,train_kb,conservative_noisy_or_conflict_adjusted,TechNova Smartphone Pro 1,has_battery_life_hours,8,technova smartphone pro 1|has_battery_life_hours|8,0.88,product_98,unstructured,LP=0.999990;LPO=0.999896|Priced at 299 USD. Comes with 8GB of RAM. Offers 256GB of internal storage. Battery lasts up to 8 hours. Weighs approximately 0.18kg. Targeted at the Global market. Fast charging is no.,unstructured,1
DEC036_B_deepseek-v3.2,train_kb,conservative_noisy_or_conflict_adjusted,TechNova Smartphone Pro 1,has_weight_kg,0.18,technova smartphone pro 1|has_weight_kg|0.18,0.85,product_98,unstructured,LP=0.999991;LPO=0.999962|Priced at 299 USD. Comes with 8GB of RAM. Offers 256GB of internal storage. Battery lasts up to 8 hours. Weighs approximately 0.18kg. Targeted at the Global market. Fast charging is no.,unstructured,1
DEC036_B_deepseek-v3.2,train_kb,conservative_noisy_or_conflict_adjusted,TechNova Smartphone Pro 1,target_market_region,Global,technova smartphone pro 1|target_market_region|global,0.92,product_98,unstructured,LP=0.999848;LPO=0.998058|Priced at 299 USD. Comes with 8GB of RAM. Offers 256GB of internal storage. Battery lasts up to 8 hours. Weighs approximately 0.18kg. Targeted at the Global market. Fast charging is no.,unstructured,1
DEC036_B_deepseek-v3.2,train_kb,conservative_noisy_or_conflict_adjusted,TechNova Smartphone Pro 1,supports_fast_charging,no,technova smartphone pro 1|supports_fast_charging|no,0.91,product_98,unstructured,LP=0.994053;LPO=0.914475|Priced at 299 USD. Comes with 8GB of RAM. Offers 256GB of internal storage. Battery lasts up to 8 hours. Weighs approximately 0.18kg. Targeted at the Global market. Fast charging is no.,unstructured,1
DEC036_B_deepseek-v3.2,train_kb,conservative_noisy_or_conflict_adjusted,NeoTech Tablet Plus 99,manufactured_by,NeoTech,neotech tablet plus 99|manufactured_by|neotech,0.98,product_99,structured,structured_row:NeoTech Tablet Plus 99,structured,1
DEC036_B_deepseek-v3.2,train_kb,conservative_noisy_or_conflict_adjusted,NeoTech Tablet Plus 99,belongs_to_category,tablet,neotech tablet plus 99|belongs_to_category|tablet,0.98,product_99,structured,structured_row:NeoTech Tablet Plus 99,structured,1
DEC036_B_deepseek-v3.2,train_kb,conservative_noisy_or_conflict_adjusted,NeoTech Tablet Plus 99,has_price_usd,899,neotech tablet plus 99|has_price_usd|899,0.98,product_99,structured,structured_row:NeoTech Tablet Plus 99,structured,1
DEC036_B_deepseek-v3.2,train_kb,conservative_noisy_or_conflict_adjusted,NeoTech Tablet Plus 99,has_screen_size_inch,10.9,neotech tablet plus 99|has_screen_size_inch|10.9,0.98,product_99,structured,structured_row:NeoTech Tablet Plus 99,structured,1
DEC036_B_deepseek-v3.2,train_kb,conservative_noisy_or_conflict_adjusted,NeoTech Tablet Plus 99,has_ram_gb,32,neotech tablet plus 99|has_ram_gb|32,0.98,product_99,structured,structured_row:NeoTech Tablet Plus 99,structured,1
DEC036_B_deepseek-v3.2,train_kb,conservative_noisy_or_conflict_adjusted,NeoTech Tablet Plus 99,has_storage_gb,64,neotech tablet plus 99|has_storage_gb|64,0.98,product_99,structured,structured_row:NeoTech Tablet Plus 99,structured,1
DEC036_B_deepseek-v3.2,train_kb,conservative_noisy_or_conflict_adjusted,NeoTech Tablet Plus 99,has_battery_life_hours,8,neotech tablet plus 99|has_battery_life_hours|8,0.98,product_99,structured,structured_row:NeoTech Tablet Plus 99,structured,1
DEC036_B_deepseek-v3.2,train_kb,conservative_noisy_or_conflict_adjusted,NeoTech Tablet Plus 99,has_weight_kg,1.45,neotech tablet plus 99|has_weight_kg|1.45,0.98,product_99,structured,structured_row:NeoTech Tablet Plus 99,structured,1
DEC036_B_deepseek-v3.2,train_kb,conservative_noisy_or_conflict_adjusted,NeoTech Tablet Plus 99,has_color,white,neotech tablet plus 99|has_color|white,0.98,product_99,structured,structured_row:NeoTech Tablet Plus 99,structured,1
DEC036_B_deepseek-v3.2,train_kb,conservative_noisy_or_conflict_adjusted,NeoTech Tablet Plus 99,made_of_material,aluminum,neotech tablet plus 99|made_of_material|aluminum,0.98,product_99,structured,structured_row:NeoTech Tablet Plus 99,structured,1
DEC036_B_deepseek-v3.2,train_kb,conservative_noisy_or_conflict_adjusted,NeoTech Tablet Plus 99,target_market_region,APAC,neotech tablet plus 99|target_market_region|apac,0.98,product_99,structured,structured_row:NeoTech Tablet Plus 99,structured,1
DEC036_B_deepseek-v3.2,train_kb,conservative_noisy_or_conflict_adjusted,NeoTech Tablet Plus 99,supports_fast_charging,no,neotech tablet plus 99|supports_fast_charging|no,0.98,product_99,structured,structured_row:NeoTech Tablet Plus 99,structured,1
DEC036_B_deepseek-v3.2,train_kb,conservative_noisy_or_conflict_adjusted,NeoTech Tablet Plus 99,has_noise_cancellation,no,neotech tablet plus 99|has_noise_cancellation|no,0.98,product_99,structured,structured_row:NeoTech Tablet Plus 99,structured,1
DEC036_B_deepseek-v3.2,train_kb,conservative_noisy_or_conflict_adjusted,NeoTech Tablet Plus 99,manufactured_by,NeoTech,neotech tablet plus 99|manufactured_by|neotech,0.94,product_99,unstructured,LP=0.999996;LPO=0.999996|NeoTech Tablet Plus 99 is manufactured by NeoTech. Priced at 899 USD. Offers 64GB of internal storage. Battery lasts up to 8 hours. Available in white. Built with aluminum construction. Targeted at the APAC market.,unstructured,1
DEC036_B_deepseek-v3.2,train_kb,conservative_noisy_or_conflict_adjusted,NeoTech Tablet Plus 99,has_price_usd,899,neotech tablet plus 99|has_price_usd|899,0.91,product_99,unstructured,LP=0.999889;LPO=0.999989|NeoTech Tablet Plus 99 is manufactured by NeoTech. Priced at 899 USD. Offers 64GB of internal storage. Battery lasts up to 8 hours. Available in white. Built with aluminum construction. Targeted at the APAC market.,unstructured,1
DEC036_B_deepseek-v3.2,train_kb,conservative_noisy_or_conflict_adjusted,NeoTech Tablet Plus 99,has_storage_gb,64,neotech tablet plus 99|has_storage_gb|64,0.92,product_99,unstructured,LP=0.999992;LPO=0.999998|NeoTech Tablet Plus 99 is manufactured by NeoTech. Priced at 899 USD. Offers 64GB of internal storage. Battery lasts up to 8 hours. Available in white. Built with aluminum construction. Targeted at the APAC market.,unstructured,1
DEC036_B_deepseek-v3.2,train_kb,conservative_noisy_or_conflict_adjusted,NeoTech Tablet Plus 99,has_battery_life_hours,8,neotech tablet plus 99|has_battery_life_hours|8,0.89,product_99,unstructured,LP=0.999985;LPO=0.999794|NeoTech Tablet Plus 99 is manufactured by NeoTech. Priced at 899 USD. Offers 64GB of internal storage. Battery lasts up to 8 hours. Available in white. Built with aluminum construction. Targeted at the APAC market.,unstructured,1
DEC036_B_deepseek-v3.2,train_kb,conservative_noisy_or_conflict_adjusted,NeoTech Tablet Plus 99,has_color,white,neotech tablet plus 99|has_color|white,0.9,product_99,unstructured,LP=0.999982;LPO=0.999901|NeoTech Tablet Plus 99 is manufactured by NeoTech. Priced at 899 USD. Offers 64GB of internal storage. Battery lasts up to 8 hours. Available in white. Built with aluminum construction. Targeted at the APAC market.,unstructured,1
DEC036_B_deepseek-v3.2,train_kb,conservative_noisy_or_conflict_adjusted,NeoTech Tablet Plus 99,made_of_material,aluminum,neotech tablet plus 99|made_of_material|aluminum,0.93,product_99,unstructured,LP=0.999990;LPO=0.999976|NeoTech Tablet Plus 99 is manufactured by NeoTech. Priced at 899 USD. Offers 64GB of internal storage. Battery lasts up to 8 hours. Available in white. Built with aluminum construction. Targeted at the APAC market.,unstructured,1
DEC036_B_deepseek-v3.2,train_kb,conservative_noisy_or_conflict_adjusted,NeoTech Tablet Plus 99,target_market_region,APAC,neotech tablet plus 99|target_market_region|apac,0.92,product_99,unstructured,LP=0.999999;LPO=0.999995|NeoTech Tablet Plus 99 is manufactured by NeoTech. Priced at 899 USD. Offers 64GB of internal storage. Battery lasts up to 8 hours. Available in white. Built with aluminum construction. Targeted at the APAC market.,unstructured,1
DEC036_B_deepseek-v3.2,train_kb,conservative_noisy_or_conflict_adjusted,TechNova Smartwatch Pro 100,manufactured_by,TechNova,technova smartwatch pro 100|manufactured_by|technova,0.98,product_100,structured,structured_row:TechNova Smartwatch Pro 100,structured,1
DEC036_B_deepseek-v3.2,train_kb,conservative_noisy_or_conflict_adjusted,TechNova Smartwatch Pro 100,belongs_to_category,smartwatch,technova smartwatch pro 100|belongs_to_category|smartwatch,0.98,product_100,structured,structured_row:TechNova Smartwatch Pro 100,structured,1
DEC036_B_deepseek-v3.2,train_kb,conservative_noisy_or_conflict_adjusted,TechNova Smartwatch Pro 100,has_price_usd,349,technova smartwatch pro 100|has_price_usd|349,0.98,product_100,structured,structured_row:TechNova Smartwatch Pro 100,structured,1
DEC036_B_deepseek-v3.2,train_kb,conservative_noisy_or_conflict_adjusted,TechNova Smartwatch Pro 100,has_screen_size_inch,15.6,technova smartwatch pro 100|has_screen_size_inch|15.6,0.98,product_100,structured,structured_row:TechNova Smartwatch Pro 100,structured,1
DEC036_B_deepseek-v3.2,train_kb,conservative_noisy_or_conflict_adjusted,TechNova Smartwatch Pro 100,has_ram_gb,32,technova smartwatch pro 100|has_ram_gb|32,0.98,product_100,structured,structured_row:TechNova Smartwatch Pro 100,structured,1
DEC036_B_deepseek-v3.2,train_kb,conservative_noisy_or_conflict_adjusted,TechNova Smartwatch Pro 100,has_storage_gb,256,technova smartwatch pro 100|has_storage_gb|256,0.98,product_100,structured,structured_row:TechNova Smartwatch Pro 100,structured,1
DEC036_B_deepseek-v3.2,train_kb,conservative_noisy_or_conflict_adjusted,TechNova Smartwatch Pro 100,has_battery_life_hours,12,technova smartwatch pro 100|has_battery_life_hours|12,0.98,product_100,structured,structured_row:TechNova Smartwatch Pro 100,structured,1
DEC036_B_deepseek-v3.2,train_kb,conservative_noisy_or_conflict_adjusted,TechNova Smartwatch Pro 100,has_weight_kg,0.55,technova smartwatch pro 100|has_weight_kg|0.55,0.98,product_100,structured,structured_row:TechNova Smartwatch Pro 100,structured,1
DEC036_B_deepseek-v3.2,train_kb,conservative_noisy_or_conflict_adjusted,TechNova Smartwatch Pro 100,has_color,white,technova smartwatch pro 100|has_color|white,0.98,product_100,structured,structured_row:TechNova Smartwatch Pro 100,structured,1
DEC036_B_deepseek-v3.2,train_kb,conservative_noisy_or_conflict_adjusted,TechNova Smartwatch Pro 100,made_of_material,aluminum,technova smartwatch pro 100|made_of_material|aluminum,0.98,product_100,structured,structured_row:TechNova Smartwatch Pro 100,structured,1
DEC036_B_deepseek-v3.2,train_kb,conservative_noisy_or_conflict_adjusted,TechNova Smartwatch Pro 100,target_market_region,US,technova smartwatch pro 100|target_market_region|us,0.98,product_100,structured,structured_row:TechNova Smartwatch Pro 100,structured,1
DEC036_B_deepseek-v3.2,train_kb,conservative_noisy_or_conflict_adjusted,TechNova Smartwatch Pro 100,supports_fast_charging,yes,technova smartwatch pro 100|supports_fast_charging|yes,0.98,product_100,structured,structured_row:TechNova Smartwatch Pro 100,structured,1
DEC036_B_deepseek-v3.2,train_kb,conservative_noisy_or_conflict_adjusted,TechNova Smartwatch Pro 100,has_noise_cancellation,no,technova smartwatch pro 100|has_noise_cancellation|no,0.98,product_100,structured,structured_row:TechNova Smartwatch Pro 100,structured,1
DEC036_B_deepseek-v3.2,train_kb,conservative_noisy_or_conflict_adjusted,product,has_price_usd,349,product|has_price_usd|349,0.96,product_100,unstructured,LP=0.951706;LPO=0.999987|Priced at 349 USD. The display measures 15.6 inches. Offers 256GB of internal storage. Weighs approximately 0.55kg. Available in white. Built with aluminum construction. Targeted at the US market.,unstructured,1
DEC036_B_deepseek-v3.2,train_kb,conservative_noisy_or_conflict_adjusted,product,has_screen_size_inch,15.6,product|has_screen_size_inch|15.6,0.95,product_100,unstructured,LP=0.999951;LPO=0.999998|Priced at 349 USD. The display measures 15.6 inches. Offers 256GB of internal storage. Weighs approximately 0.55kg. Available in white. Built with aluminum construction. Targeted at the US market.,unstructured,1
DEC036_B_deepseek-v3.2,train_kb,conservative_noisy_or_conflict_adjusted,product,has_storage_gb,256,product|has_storage_gb|256,0.94,product_100,unstructured,LP=0.999999;LPO=1.000000|Priced at 349 USD. The display measures 15.6 inches. Offers 256GB of internal storage. Weighs approximately 0.55kg. Available in white. Built with aluminum construction. Targeted at the US market.,unstructured,1
DEC036_B_deepseek-v3.2,train_kb,conservative_noisy_or_conflict_adjusted,product,has_weight_kg,0.55,product|has_weight_kg|0.55,0.92,product_100,unstructured,LP=0.999998;LPO=0.999989|Priced at 349 USD. The display measures 15.6 inches. Offers 256GB of internal storage. Weighs approximately 0.55kg. Available in white. Built with aluminum construction. Targeted at the US market.,unstructured,1
DEC036_B_deepseek-v3.2,train_kb,conservative_noisy_or_conflict_adjusted,product,has_color,white,product|has_color|white,0.93,product_100,unstructured,LP=0.999986;LPO=0.999962|Priced at 349 USD. The display measures 15.6 inches. Offers 256GB of internal storage. Weighs approximately 0.55kg. Available in white. Built with aluminum construction. Targeted at the US market.,unstructured,1
DEC036_B_deepseek-v3.2,train_kb,conservative_noisy_or_conflict_adjusted,product,made_of_material,aluminum,product|made_of_material|aluminum,0.91,product_100,unstructured,LP=0.999986;LPO=0.999977|Priced at 349 USD. The display measures 15.6 inches. Offers 256GB of internal storage. Weighs approximately 0.55kg. Available in white. Built with aluminum construction. Targeted at the US market.,unstructured,1
DEC036_B_deepseek-v3.2,train_kb,conservative_noisy_or_conflict_adjusted,product,target_market_region,US,product|target_market_region|us,0.9,product_100,unstructured,LP=0.999958;LPO=0.999723|Priced at 349 USD. The display measures 15.6 inches. Offers 256GB of internal storage. Weighs approximately 0.55kg. Available in white. Built with aluminum construction. Targeted at the US market.,unstructured,1
DEC036_B_deepseek-v3.2,train_kb,conservative_noisy_or_conflict_adjusted,Zenbyte Smartphone Air 101,manufactured_by,Zenbyte,zenbyte smartphone air 101|manufactured_by|zenbyte,0.98,product_101,structured,structured_row:Zenbyte Smartphone Air 101,structured,1
DEC036_B_deepseek-v3.2,train_kb,conservative_noisy_or_conflict_adjusted,Zenbyte Smartphone Air 101,belongs_to_category,smartphone,zenbyte smartphone air 101|belongs_to_category|smartphone,0.98,product_101,structured,structured_row:Zenbyte Smartphone Air 101,structured,1
DEC036_B_deepseek-v3.2,train_kb,conservative_noisy_or_conflict_adjusted,Zenbyte Smartphone Air 101,has_price_usd,699,zenbyte smartphone air 101|has_price_usd|699,0.98,product_101,structured,structured_row:Zenbyte Smartphone Air 101,structured,1
DEC036_B_deepseek-v3.2,train_kb,conservative_noisy_or_conflict_adjusted,Zenbyte Smartphone Air 101,has_screen_size_inch,14.0,zenbyte smartphone air 101|has_screen_size_inch|14.0,0.98,product_101,structured,structured_row:Zenbyte Smartphone Air 101,structured,1
DEC036_B_deepseek-v3.2,train_kb,conservative_noisy_or_conflict_adjusted,Zenbyte Smartphone Air 101,has_ram_gb,8,zenbyte smartphone air 101|has_ram_gb|8,0.98,product_101,structured,structured_row:Zenbyte Smartphone Air 101,structured,1
DEC036_B_deepseek-v3.2,train_kb,conservative_noisy_or_conflict_adjusted,Zenbyte Smartphone Air 101,has_storage_gb,128,zenbyte smartphone air 101|has_storage_gb|128,0.98,product_101,structured,structured_row:Zenbyte Smartphone Air 101,structured,1
DEC036_B_deepseek-v3.2,train_kb,conservative_noisy_or_conflict_adjusted,Zenbyte Smartphone Air 101,has_battery_life_hours,8,zenbyte smartphone air 101|has_battery_life_hours|8,0.98,product_101,structured,structured_row:Zenbyte Smartphone Air 101,structured,1
DEC036_B_deepseek-v3.2,train_kb,conservative_noisy_or_conflict_adjusted,Zenbyte Smartphone Air 101,has_weight_kg,0.18,zenbyte smartphone air 101|has_weight_kg|0.18,0.98,product_101,structured,structured_row:Zenbyte Smartphone Air 101,structured,1
DEC036_B_deepseek-v3.2,train_kb,conservative_noisy_or_conflict_adjusted,Zenbyte Smartphone Air 101,has_color,silver,zenbyte smartphone air 101|has_color|silver,0.98,product_101,structured,structured_row:Zenbyte Smartphone Air 101,structured,1
DEC036_B_deepseek-v3.2,train_kb,conservative_noisy_or_conflict_adjusted,Zenbyte Smartphone Air 101,made_of_material,carbon fiber,zenbyte smartphone air 101|made_of_material|carbon fiber,0.98,product_101,structured,structured_row:Zenbyte Smartphone Air 101,structured,1
DEC036_B_deepseek-v3.2,train_kb,conservative_noisy_or_conflict_adjusted,Zenbyte Smartphone Air 101,target_market_region,APAC,zenbyte smartphone air 101|target_market_region|apac,0.98,product_101,structured,structured_row:Zenbyte Smartphone Air 101,structured,1
DEC036_B_deepseek-v3.2,train_kb,conservative_noisy_or_conflict_adjusted,Zenbyte Smartphone Air 101,supports_fast_charging,yes,zenbyte smartphone air 101|supports_fast_charging|yes,0.98,product_101,structured,structured_row:Zenbyte Smartphone Air 101,structured,1
DEC036_B_deepseek-v3.2,train_kb,conservative_noisy_or_conflict_adjusted,Zenbyte Smartphone Air 101,has_noise_cancellation,no,zenbyte smartphone air 101|has_noise_cancellation|no,0.98,product_101,structured,structured_row:Zenbyte Smartphone Air 101,structured,1
DEC036_B_deepseek-v3.2,train_kb,conservative_noisy_or_conflict_adjusted,smartphone device,has_ram_gb,8,smartphone device|has_ram_gb|8,0.88,product_101,unstructured,LP=0.955147;LPO=0.999998|It is a smartphone device. Comes with 8GB of RAM. Battery lasts up to 8 hours. Weighs approximately 0.18kg. Available in silver. Targeted at the APAC market. Fast charging is yes.,unstructured,1
DEC036_B_deepseek-v3.2,train_kb,conservative_noisy_or_conflict_adjusted,smartphone device,has_battery_life_hours,8,smartphone device|has_battery_life_hours|8,0.85,product_101,unstructured,LP=0.999803;LPO=0.998474|It is a smartphone device. Comes with 8GB of RAM. Battery lasts up to 8 hours. Weighs approximately 0.18kg. Available in silver. Targeted at the APAC market. Fast charging is yes.,unstructured,1
DEC036_B_deepseek-v3.2,train_kb,conservative_noisy_or_conflict_adjusted,smartphone device,has_weight_kg,0.18,smartphone device|has_weight_kg|0.18,0.86,product_101,unstructured,LP=0.999991;LPO=0.999932|It is a smartphone device. Comes with 8GB of RAM. Battery lasts up to 8 hours. Weighs approximately 0.18kg. Available in silver. Targeted at the APAC market. Fast charging is yes.,unstructured,1
DEC036_B_deepseek-v3.2,train_kb,conservative_noisy_or_conflict_adjusted,smartphone device,has_color,silver,smartphone device|has_color|silver,0.9,product_101,unstructured,LP=0.999975;LPO=0.999944|It is a smartphone device. Comes with 8GB of RAM. Battery lasts up to 8 hours. Weighs approximately 0.18kg. Available in silver. Targeted at the APAC market. Fast charging is yes.,unstructured,1
DEC036_B_deepseek-v3.2,train_kb,conservative_noisy_or_conflict_adjusted,smartphone device,target_market_region,APAC,smartphone device|target_market_region|apac,0.92,product_101,unstructured,LP=0.999981;LPO=0.999892|It is a smartphone device. Comes with 8GB of RAM. Battery lasts up to 8 hours. Weighs approximately 0.18kg. Available in silver. Targeted at the APAC market. Fast charging is yes.,unstructured,1
DEC036_B_deepseek-v3.2,train_kb,conservative_noisy_or_conflict_adjusted,smartphone device,supports_fast_charging,yes,smartphone device|supports_fast_charging|yes,0.93,product_101,unstructured,LP=0.999534;LPO=0.995760|It is a smartphone device. Comes with 8GB of RAM. Battery lasts up to 8 hours. Weighs approximately 0.18kg. Available in silver. Targeted at the APAC market. Fast charging is yes.,unstructured,1
DEC036_B_deepseek-v3.2,train_kb,conservative_noisy_or_conflict_adjusted,TechNova Laptop Pro 103,manufactured_by,TechNova,technova laptop pro 103|manufactured_by|technova,0.98,product_103,structured,structured_row:TechNova Laptop Pro 103,structured,1
DEC036_B_deepseek-v3.2,train_kb,conservative_noisy_or_conflict_adjusted,TechNova Laptop Pro 103,belongs_to_category,laptop,technova laptop pro 103|belongs_to_category|laptop,0.98,product_103,structured,structured_row:TechNova Laptop Pro 103,structured,1
DEC036_B_deepseek-v3.2,train_kb,conservative_noisy_or_conflict_adjusted,TechNova Laptop Pro 103,has_price_usd,349,technova laptop pro 103|has_price_usd|349,0.98,product_103,structured,structured_row:TechNova Laptop Pro 103,structured,1
DEC036_B_deepseek-v3.2,train_kb,conservative_noisy_or_conflict_adjusted,TechNova Laptop Pro 103,has_screen_size_inch,15.6,technova laptop pro 103|has_screen_size_inch|15.6,0.98,product_103,structured,structured_row:TechNova Laptop Pro 103,structured,1
DEC036_B_deepseek-v3.2,train_kb,conservative_noisy_or_conflict_adjusted,TechNova Laptop Pro 103,has_ram_gb,6,technova laptop pro 103|has_ram_gb|6,0.98,product_103,structured,structured_row:TechNova Laptop Pro 103,structured,1
DEC036_B_deepseek-v3.2,train_kb,conservative_noisy_or_conflict_adjusted,TechNova Laptop Pro 103,has_storage_gb,128,technova laptop pro 103|has_storage_gb|128,0.98,product_103,structured,structured_row:TechNova Laptop Pro 103,structured,1
DEC036_B_deepseek-v3.2,train_kb,conservative_noisy_or_conflict_adjusted,TechNova Laptop Pro 103,has_battery_life_hours,24,technova laptop pro 103|has_battery_life_hours|24,0.98,product_103,structured,structured_row:TechNova Laptop Pro 103,structured,1
DEC036_B_deepseek-v3.2,train_kb,conservative_noisy_or_conflict_adjusted,TechNova Laptop Pro 103,has_weight_kg,0.55,technova laptop pro 103|has_weight_kg|0.55,0.98,product_103,structured,structured_row:TechNova Laptop Pro 103,structured,1
DEC036_B_deepseek-v3.2,train_kb,conservative_noisy_or_conflict_adjusted,TechNova Laptop Pro 103,has_color,silver,technova laptop pro 103|has_color|silver,0.98,product_103,structured,structured_row:TechNova Laptop Pro 103,structured,1
DEC036_B_deepseek-v3.2,train_kb,conservative_noisy_or_conflict_adjusted,TechNova Laptop Pro 103,made_of_material,plastic,technova laptop pro 103|made_of_material|plastic,0.98,product_103,structured,structured_row:TechNova Laptop Pro 103,structured,1
DEC036_B_deepseek-v3.2,train_kb,conservative_noisy_or_conflict_adjusted,TechNova Laptop Pro 103,target_market_region,US,technova laptop pro 103|target_market_region|us,0.98,product_103,structured,structured_row:TechNova Laptop Pro 103,structured,1
DEC036_B_deepseek-v3.2,train_kb,conservative_noisy_or_conflict_adjusted,TechNova Laptop Pro 103,supports_fast_charging,yes,technova laptop pro 103|supports_fast_charging|yes,0.98,product_103,structured,structured_row:TechNova Laptop Pro 103,structured,1
DEC036_B_deepseek-v3.2,train_kb,conservative_noisy_or_conflict_adjusted,TechNova Laptop Pro 103,has_noise_cancellation,no,technova laptop pro 103|has_noise_cancellation|no,0.98,product_103,structured,structured_row:TechNova Laptop Pro 103,structured,1
DEC036_B_deepseek-v3.2,train_kb,conservative_noisy_or_conflict_adjusted,Product,has_price_usd,349,product|has_price_usd|349,0.95,product_103,unstructured,LP=0.904187;LPO=0.999949|Priced at 349 USD. Comes with 6GB of RAM. Offers 128GB of internal storage. Weighs approximately 0.55kg. Available in silver. Built with plastic construction. Noise cancellation: no.,unstructured,1
DEC036_B_deepseek-v3.2,train_kb,conservative_noisy_or_conflict_adjusted,Product,has_ram_gb,6,product|has_ram_gb|6,0.94,product_103,unstructured,LP=0.999994;LPO=0.999995|Priced at 349 USD. Comes with 6GB of RAM. Offers 128GB of internal storage. Weighs approximately 0.55kg. Available in silver. Built with plastic construction. Noise cancellation: no.,unstructured,1
DEC036_B_deepseek-v3.2,train_kb,conservative_noisy_or_conflict_adjusted,Product,has_storage_gb,128,product|has_storage_gb|128,0.94,product_103,unstructured,LP=0.999998;LPO=1.000000|Priced at 349 USD. Comes with 6GB of RAM. Offers 128GB of internal storage. Weighs approximately 0.55kg. Available in silver. Built with plastic construction. Noise cancellation: no.,unstructured,1
DEC036_B_deepseek-v3.2,train_kb,conservative_noisy_or_conflict_adjusted,Product,has_weight_kg,0.55,product|has_weight_kg|0.55,0.93,product_103,unstructured,LP=0.999988;LPO=0.999994|Priced at 349 USD. Comes with 6GB of RAM. Offers 128GB of internal storage. Weighs approximately 0.55kg. Available in silver. Built with plastic construction. Noise cancellation: no.,unstructured,1
DEC036_B_deepseek-v3.2,train_kb,conservative_noisy_or_conflict_adjusted,Product,has_color,silver,product|has_color|silver,0.92,product_103,unstructured,LP=0.999692;LPO=0.998478|Priced at 349 USD. Comes with 6GB of RAM. Offers 128GB of internal storage. Weighs approximately 0.55kg. Available in silver. Built with plastic construction. Noise cancellation: no.,unstructured,1
DEC036_B_deepseek-v3.2,train_kb,conservative_noisy_or_conflict_adjusted,Product,made_of_material,plastic,product|made_of_material|plastic,0.92,product_103,unstructured,LP=0.999963;LPO=0.999949|Priced at 349 USD. Comes with 6GB of RAM. Offers 128GB of internal storage. Weighs approximately 0.55kg. Available in silver. Built with plastic construction. Noise cancellation: no.,unstructured,1
DEC036_B_deepseek-v3.2,train_kb,conservative_noisy_or_conflict_adjusted,Product,has_noise_cancellation,no,product|has_noise_cancellation|no,0.91,product_103,unstructured,LP=0.997642;LPO=0.981662|Priced at 349 USD. Comes with 6GB of RAM. Offers 128GB of internal storage. Weighs approximately 0.55kg. Available in silver. Built with plastic construction. Noise cancellation: no.,unstructured,1
DEC036_B_deepseek-v3.2,train_kb,conservative_noisy_or_conflict_adjusted,Auralex Smartphone Plus 104,manufactured_by,Auralex,auralex smartphone plus 104|manufactured_by|auralex,0.98,product_104,structured,structured_row:Auralex Smartphone Plus 104,structured,1
DEC036_B_deepseek-v3.2,train_kb,conservative_noisy_or_conflict_adjusted,Auralex Smartphone Plus 104,belongs_to_category,smartphone,auralex smartphone plus 104|belongs_to_category|smartphone,0.98,product_104,structured,structured_row:Auralex Smartphone Plus 104,structured,1
DEC036_B_deepseek-v3.2,train_kb,conservative_noisy_or_conflict_adjusted,Auralex Smartphone Plus 104,has_price_usd,899,auralex smartphone plus 104|has_price_usd|899,0.98,product_104,structured,structured_row:Auralex Smartphone Plus 104,structured,1
DEC036_B_deepseek-v3.2,train_kb,conservative_noisy_or_conflict_adjusted,Auralex Smartphone Plus 104,has_screen_size_inch,15.6,auralex smartphone plus 104|has_screen_size_inch|15.6,0.98,product_104,structured,structured_row:Auralex Smartphone Plus 104,structured,1
DEC036_B_deepseek-v3.2,train_kb,conservative_noisy_or_conflict_adjusted,Auralex Smartphone Plus 104,has_ram_gb,12,auralex smartphone plus 104|has_ram_gb|12,0.98,product_104,structured,structured_row:Auralex Smartphone Plus 104,structured,1
DEC036_B_deepseek-v3.2,train_kb,conservative_noisy_or_conflict_adjusted,Auralex Smartphone Plus 104,has_storage_gb,1024,auralex smartphone plus 104|has_storage_gb|1024,0.98,product_104,structured,structured_row:Auralex Smartphone Plus 104,structured,1
DEC036_B_deepseek-v3.2,train_kb,conservative_noisy_or_conflict_adjusted,Auralex Smartphone Plus 104,has_battery_life_hours,8,auralex smartphone plus 104|has_battery_life_hours|8,0.98,product_104,structured,structured_row:Auralex Smartphone Plus 104,structured,1
DEC036_B_deepseek-v3.2,train_kb,conservative_noisy_or_conflict_adjusted,Auralex Smartphone Plus 104,has_weight_kg,0.23,auralex smartphone plus 104|has_weight_kg|0.23,0.98,product_104,structured,structured_row:Auralex Smartphone Plus 104,structured,1
DEC036_B_deepseek-v3.2,train_kb,conservative_noisy_or_conflict_adjusted,Auralex Smartphone Plus 104,has_color,blue,auralex smartphone plus 104|has_color|blue,0.98,product_104,structured,structured_row:Auralex Smartphone Plus 104,structured,1
DEC036_B_deepseek-v3.2,train_kb,conservative_noisy_or_conflict_adjusted,Auralex Smartphone Plus 104,made_of_material,plastic,auralex smartphone plus 104|made_of_material|plastic,0.98,product_104,structured,structured_row:Auralex Smartphone Plus 104,structured,1
DEC036_B_deepseek-v3.2,train_kb,conservative_noisy_or_conflict_adjusted,Auralex Smartphone Plus 104,target_market_region,Global,auralex smartphone plus 104|target_market_region|global,0.98,product_104,structured,structured_row:Auralex Smartphone Plus 104,structured,1
DEC036_B_deepseek-v3.2,train_kb,conservative_noisy_or_conflict_adjusted,Auralex Smartphone Plus 104,supports_fast_charging,no,auralex smartphone plus 104|supports_fast_charging|no,0.98,product_104,structured,structured_row:Auralex Smartphone Plus 104,structured,1
DEC036_B_deepseek-v3.2,train_kb,conservative_noisy_or_conflict_adjusted,Auralex Smartphone Plus 104,has_noise_cancellation,no,auralex smartphone plus 104|has_noise_cancellation|no,0.98,product_104,structured,structured_row:Auralex Smartphone Plus 104,structured,1
DEC036_B_deepseek-v3.2,train_kb,conservative_noisy_or_conflict_adjusted,smartphone device,has_storage_gb,1024,smartphone device|has_storage_gb|1024,0.95,product_104,unstructured,LP=0.910981;LPO=0.999997|It is a smartphone device. Offers 1024GB of internal storage. Weighs approximately 0.23kg. Available in blue. Targeted at the Global market. Fast charging is no. Noise cancellation: no.,unstructured,1
DEC036_B_deepseek-v3.2,train_kb,conservative_noisy_or_conflict_adjusted,smartphone device,has_weight_kg,0.23,smartphone device|has_weight_kg|0.23,0.92,product_104,unstructured,LP=0.999979;LPO=0.999980|It is a smartphone device. Offers 1024GB of internal storage. Weighs approximately 0.23kg. Available in blue. Targeted at the Global market. Fast charging is no. Noise cancellation: no.,unstructured,1
DEC036_B_deepseek-v3.2,train_kb,conservative_noisy_or_conflict_adjusted,smartphone device,has_color,blue,smartphone device|has_color|blue,0.94,product_104,unstructured,LP=0.999668;LPO=0.999986|It is a smartphone device. Offers 1024GB of internal storage. Weighs approximately 0.23kg. Available in blue. Targeted at the Global market. Fast charging is no. Noise cancellation: no.,unstructured,1
DEC036_B_deepseek-v3.2,train_kb,conservative_noisy_or_conflict_adjusted,smartphone device,target_market_region,Global,smartphone device|target_market_region|global,0.93,product_104,unstructured,LP=0.999956;LPO=0.999795|It is a smartphone device. Offers 1024GB of internal storage. Weighs approximately 0.23kg. Available in blue. Targeted at the Global market. Fast charging is no. Noise cancellation: no.,unstructured,1
DEC036_B_deepseek-v3.2,train_kb,conservative_noisy_or_conflict_adjusted,smartphone device,supports_fast_charging,no,smartphone device|supports_fast_charging|no,0.91,product_104,unstructured,LP=0.998149;LPO=0.981696|It is a smartphone device. Offers 1024GB of internal storage. Weighs approximately 0.23kg. Available in blue. Targeted at the Global market. Fast charging is no. Noise cancellation: no.,unstructured,1
DEC036_B_deepseek-v3.2,train_kb,conservative_noisy_or_conflict_adjusted,smartphone device,has_noise_cancellation,no,smartphone device|has_noise_cancellation|no,0.9,product_104,unstructured,LP=0.999996;LPO=0.999995|It is a smartphone device. Offers 1024GB of internal storage. Weighs approximately 0.23kg. Available in blue. Targeted at the Global market. Fast charging is no. Noise cancellation: no.,unstructured,1
DEC036_B_deepseek-v3.2,train_kb,conservative_noisy_or_conflict_adjusted,TechNova Smartwatch Air 105,manufactured_by,TechNova,technova smartwatch air 105|manufactured_by|technova,0.98,product_105,structured,structured_row:TechNova Smartwatch Air 105,structured,1
DEC036_B_deepseek-v3.2,train_kb,conservative_noisy_or_conflict_adjusted,TechNova Smartwatch Air 105,belongs_to_category,smartwatch,technova smartwatch air 105|belongs_to_category|smartwatch,0.98,product_105,structured,structured_row:TechNova Smartwatch Air 105,structured,1
DEC036_B_deepseek-v3.2,train_kb,conservative_noisy_or_conflict_adjusted,TechNova Smartwatch Air 105,has_price_usd,1299,technova smartwatch air 105|has_price_usd|1299,0.98,product_105,structured,structured_row:TechNova Smartwatch Air 105,structured,1
DEC036_B_deepseek-v3.2,train_kb,conservative_noisy_or_conflict_adjusted,TechNova Smartwatch Air 105,has_screen_size_inch,15.6,technova smartwatch air 105|has_screen_size_inch|15.6,0.98,product_105,structured,structured_row:TechNova Smartwatch Air 105,structured,1
DEC036_B_deepseek-v3.2,train_kb,conservative_noisy_or_conflict_adjusted,TechNova Smartwatch Air 105,has_ram_gb,4,technova smartwatch air 105|has_ram_gb|4,0.98,product_105,structured,structured_row:TechNova Smartwatch Air 105,structured,1
DEC036_B_deepseek-v3.2,train_kb,conservative_noisy_or_conflict_adjusted,TechNova Smartwatch Air 105,has_storage_gb,64,technova smartwatch air 105|has_storage_gb|64,0.98,product_105,structured,structured_row:TechNova Smartwatch Air 105,structured,1
DEC036_B_deepseek-v3.2,train_kb,conservative_noisy_or_conflict_adjusted,TechNova Smartwatch Air 105,has_battery_life_hours,18,technova smartwatch air 105|has_battery_life_hours|18,0.98,product_105,structured,structured_row:TechNova Smartwatch Air 105,structured,1
DEC036_B_deepseek-v3.2,train_kb,conservative_noisy_or_conflict_adjusted,TechNova Smartwatch Air 105,has_weight_kg,0.23,technova smartwatch air 105|has_weight_kg|0.23,0.98,product_105,structured,structured_row:TechNova Smartwatch Air 105,structured,1
DEC036_B_deepseek-v3.2,train_kb,conservative_noisy_or_conflict_adjusted,TechNova Smartwatch Air 105,has_color,green,technova smartwatch air 105|has_color|green,0.98,product_105,structured,structured_row:TechNova Smartwatch Air 105,structured,1
DEC036_B_deepseek-v3.2,train_kb,conservative_noisy_or_conflict_adjusted,TechNova Smartwatch Air 105,made_of_material,aluminum,technova smartwatch air 105|made_of_material|aluminum,0.98,product_105,structured,structured_row:TechNova Smartwatch Air 105,structured,1
DEC036_B_deepseek-v3.2,train_kb,conservative_noisy_or_conflict_adjusted,TechNova Smartwatch Air 105,target_market_region,US,technova smartwatch air 105|target_market_region|us,0.98,product_105,structured,structured_row:TechNova Smartwatch Air 105,structured,1
DEC036_B_deepseek-v3.2,train_kb,conservative_noisy_or_conflict_adjusted,TechNova Smartwatch Air 105,supports_fast_charging,no,technova smartwatch air 105|supports_fast_charging|no,0.98,product_105,structured,structured_row:TechNova Smartwatch Air 105,structured,1
DEC036_B_deepseek-v3.2,train_kb,conservative_noisy_or_conflict_adjusted,TechNova Smartwatch Air 105,has_noise_cancellation,no,technova smartwatch air 105|has_noise_cancellation|no,0.98,product_105,structured,structured_row:TechNova Smartwatch Air 105,structured,1
DEC036_B_deepseek-v3.2,train_kb,conservative_noisy_or_conflict_adjusted,product,has_price_usd,1299,product|has_price_usd|1299,0.91,product_105,unstructured,LP=0.984335;LPO=0.999973|Priced at 1299 USD. The display measures 15.6 inches. Comes with 4GB of RAM. Offers 64GB of internal storage. Battery lasts up to 18 hours. Targeted at the US market. Noise cancellation: no.,unstructured,1
DEC036_B_deepseek-v3.2,train_kb,conservative_noisy_or_conflict_adjusted,product,has_screen_size_inch,15.6,product|has_screen_size_inch|15.6,0.92,product_105,unstructured,LP=0.999802;LPO=0.999995|Priced at 1299 USD. The display measures 15.6 inches. Comes with 4GB of RAM. Offers 64GB of internal storage. Battery lasts up to 18 hours. Targeted at the US market. Noise cancellation: no.,unstructured,1
DEC036_B_deepseek-v3.2,train_kb,conservative_noisy_or_conflict_adjusted,product,has_ram_gb,4,product|has_ram_gb|4,0.92,product_105,unstructured,LP=0.999997;LPO=0.999984|Priced at 1299 USD. The display measures 15.6 inches. Comes with 4GB of RAM. Offers 64GB of internal storage. Battery lasts up to 18 hours. Targeted at the US market. Noise cancellation: no.,unstructured,1
DEC036_B_deepseek-v3.2,train_kb,conservative_noisy_or_conflict_adjusted,product,has_storage_gb,64,product|has_storage_gb|64,0.91,product_105,unstructured,LP=0.999999;LPO=0.999996|Priced at 1299 USD. The display measures 15.6 inches. Comes with 4GB of RAM. Offers 64GB of internal storage. Battery lasts up to 18 hours. Targeted at the US market. Noise cancellation: no.,unstructured,1
DEC036_B_deepseek-v3.2,train_kb,conservative_noisy_or_conflict_adjusted,product,has_battery_life_hours,18,product|has_battery_life_hours|18,0.9,product_105,unstructured,LP=0.999995;LPO=0.999982|Priced at 1299 USD. The display measures 15.6 inches. Comes with 4GB of RAM. Offers 64GB of internal storage. Battery lasts up to 18 hours. Targeted at the US market. Noise cancellation: no.,unstructured,1
DEC036_B_deepseek-v3.2,train_kb,conservative_noisy_or_conflict_adjusted,product,target_market_region,US,product|target_market_region|us,0.92,product_105,unstructured,LP=0.999851;LPO=0.999019|Priced at 1299 USD. The display measures 15.6 inches. Comes with 4GB of RAM. Offers 64GB of internal storage. Battery lasts up to 18 hours. Targeted at the US market. Noise cancellation: no.,unstructured,1
DEC036_B_deepseek-v3.2,train_kb,conservative_noisy_or_conflict_adjusted,product,has_noise_cancellation,no,product|has_noise_cancellation|no,0.91,product_105,unstructured,LP=0.996259;LPO=0.970550|Priced at 1299 USD. The display measures 15.6 inches. Comes with 4GB of RAM. Offers 64GB of internal storage. Battery lasts up to 18 hours. Targeted at the US market. Noise cancellation: no.,unstructured,1
DEC036_B_deepseek-v3.2,train_kb,conservative_noisy_or_conflict_adjusted,NeoTech Smartphone Max 106,manufactured_by,NeoTech,neotech smartphone max 106|manufactured_by|neotech,0.98,product_106,structured,structured_row:NeoTech Smartphone Max 106,structured,1
DEC036_B_deepseek-v3.2,train_kb,conservative_noisy_or_conflict_adjusted,NeoTech Smartphone Max 106,belongs_to_category,smartphone,neotech smartphone max 106|belongs_to_category|smartphone,0.98,product_106,structured,structured_row:NeoTech Smartphone Max 106,structured,1
DEC036_B_deepseek-v3.2,train_kb,conservative_noisy_or_conflict_adjusted,NeoTech Smartphone Max 106,has_price_usd,499,neotech smartphone max 106|has_price_usd|499,0.98,product_106,structured,structured_row:NeoTech Smartphone Max 106,structured,1
DEC036_B_deepseek-v3.2,train_kb,conservative_noisy_or_conflict_adjusted,NeoTech Smartphone Max 106,has_screen_size_inch,13.3,neotech smartphone max 106|has_screen_size_inch|13.3,0.98,product_106,structured,structured_row:NeoTech Smartphone Max 106,structured,1
DEC036_B_deepseek-v3.2,train_kb,conservative_noisy_or_conflict_adjusted,NeoTech Smartphone Max 106,has_ram_gb,16,neotech smartphone max 106|has_ram_gb|16,0.98,product_106,structured,structured_row:NeoTech Smartphone Max 106,structured,1
DEC036_B_deepseek-v3.2,train_kb,conservative_noisy_or_conflict_adjusted,NeoTech Smartphone Max 106,has_storage_gb,64,neotech smartphone max 106|has_storage_gb|64,0.98,product_106,structured,structured_row:NeoTech Smartphone Max 106,structured,1
DEC036_B_deepseek-v3.2,train_kb,conservative_noisy_or_conflict_adjusted,NeoTech Smartphone Max 106,has_battery_life_hours,18,neotech smartphone max 106|has_battery_life_hours|18,0.98,product_106,structured,structured_row:NeoTech Smartphone Max 106,structured,1
DEC036_B_deepseek-v3.2,train_kb,conservative_noisy_or_conflict_adjusted,NeoTech Smartphone Max 106,has_weight_kg,1.45,neotech smartphone max 106|has_weight_kg|1.45,0.98,product_106,structured,structured_row:NeoTech Smartphone Max 106,structured,1
DEC036_B_deepseek-v3.2,train_kb,conservative_noisy_or_conflict_adjusted,NeoTech Smartphone Max 106,has_color,silver,neotech smartphone max 106|has_color|silver,0.98,product_106,structured,structured_row:NeoTech Smartphone Max 106,structured,1
DEC036_B_deepseek-v3.2,train_kb,conservative_noisy_or_conflict_adjusted,NeoTech Smartphone Max 106,made_of_material,carbon fiber,neotech smartphone max 106|made_of_material|carbon fiber,0.98,product_106,structured,structured_row:NeoTech Smartphone Max 106,structured,1
DEC036_B_deepseek-v3.2,train_kb,conservative_noisy_or_conflict_adjusted,NeoTech Smartphone Max 106,target_market_region,APAC,neotech smartphone max 106|target_market_region|apac,0.98,product_106,structured,structured_row:NeoTech Smartphone Max 106,structured,1
DEC036_B_deepseek-v3.2,train_kb,conservative_noisy_or_conflict_adjusted,NeoTech Smartphone Max 106,supports_fast_charging,yes,neotech smartphone max 106|supports_fast_charging|yes,0.98,product_106,structured,structured_row:NeoTech Smartphone Max 106,structured,1
DEC036_B_deepseek-v3.2,train_kb,conservative_noisy_or_conflict_adjusted,NeoTech Smartphone Max 106,has_noise_cancellation,no,neotech smartphone max 106|has_noise_cancellation|no,0.98,product_106,structured,structured_row:NeoTech Smartphone Max 106,structured,1
DEC036_B_deepseek-v3.2,train_kb,conservative_noisy_or_conflict_adjusted,NeoTech Smartphone Max 106,manufactured_by,NeoTech,neotech smartphone max 106|manufactured_by|neotech,0.95,product_106,unstructured,LP=0.999997;LPO=0.999994|NeoTech Smartphone Max 106 is manufactured by NeoTech. Priced at 499 USD. Offers 64GB of internal storage. Battery lasts up to 18 hours. Built with carbon fiber construction. Targeted at the APAC market. Noise cancellation: no.,unstructured,1
DEC036_B_deepseek-v3.2,train_kb,conservative_noisy_or_conflict_adjusted,NeoTech Smartphone Max 106,has_price_usd,499,neotech smartphone max 106|has_price_usd|499,0.93,product_106,unstructured,LP=0.999885;LPO=0.999991|NeoTech Smartphone Max 106 is manufactured by NeoTech. Priced at 499 USD. Offers 64GB of internal storage. Battery lasts up to 18 hours. Built with carbon fiber construction. Targeted at the APAC market. Noise cancellation: no.,unstructured,1
DEC036_B_deepseek-v3.2,train_kb,conservative_noisy_or_conflict_adjusted,NeoTech Smartphone Max 106,has_storage_gb,64,neotech smartphone max 106|has_storage_gb|64,0.94,product_106,unstructured,LP=0.999999;LPO=0.999998|NeoTech Smartphone Max 106 is manufactured by NeoTech. Priced at 499 USD. Offers 64GB of internal storage. Battery lasts up to 18 hours. Built with carbon fiber construction. Targeted at the APAC market. Noise cancellation: no.,unstructured,1
DEC036_B_deepseek-v3.2,train_kb,conservative_noisy_or_conflict_adjusted,NeoTech Smartphone Max 106,has_battery_life_hours,18,neotech smartphone max 106|has_battery_life_hours|18,0.91,product_106,unstructured,LP=0.999998;LPO=0.999985|NeoTech Smartphone Max 106 is manufactured by NeoTech. Priced at 499 USD. Offers 64GB of internal storage. Battery lasts up to 18 hours. Built with carbon fiber construction. Targeted at the APAC market. Noise cancellation: no.,unstructured,1
DEC036_B_deepseek-v3.2,train_kb,conservative_noisy_or_conflict_adjusted,NeoTech Smartphone Max 106,made_of_material,carbon fiber,neotech smartphone max 106|made_of_material|carbon fiber,0.92,product_106,unstructured,LP=0.999952;LPO=0.999966|NeoTech Smartphone Max 106 is manufactured by NeoTech. Priced at 499 USD. Offers 64GB of internal storage. Battery lasts up to 18 hours. Built with carbon fiber construction. Targeted at the APAC market. Noise cancellation: no.,unstructured,1
DEC036_B_deepseek-v3.2,train_kb,conservative_noisy_or_conflict_adjusted,NeoTech Smartphone Max 106,target_market_region,APAC,neotech smartphone max 106|target_market_region|apac,0.94,product_106,unstructured,LP=0.999999;LPO=0.999994|NeoTech Smartphone Max 106 is manufactured by NeoTech. Priced at 499 USD. Offers 64GB of internal storage. Battery lasts up to 18 hours. Built with carbon fiber construction. Targeted at the APAC market. Noise cancellation: no.,unstructured,1
DEC036_B_deepseek-v3.2,train_kb,conservative_noisy_or_conflict_adjusted,NeoTech Smartphone Max 106,has_noise_cancellation,no,neotech smartphone max 106|has_noise_cancellation|no,0.9,product_106,unstructured,LP=0.995851;LPO=0.939675|NeoTech Smartphone Max 106 is manufactured by NeoTech. Priced at 499 USD. Offers 64GB of internal storage. Battery lasts up to 18 hours. Built with carbon fiber construction. Targeted at the APAC market. Noise cancellation: no.,unstructured,1
DEC036_B_deepseek-v3.2,train_kb,conservative_noisy_or_conflict_adjusted,Auralex Smartphone Max 107,manufactured_by,Auralex,auralex smartphone max 107|manufactured_by|auralex,0.98,product_107,structured,structured_row:Auralex Smartphone Max 107,structured,1
DEC036_B_deepseek-v3.2,train_kb,conservative_noisy_or_conflict_adjusted,Auralex Smartphone Max 107,belongs_to_category,smartphone,auralex smartphone max 107|belongs_to_category|smartphone,0.98,product_107,structured,structured_row:Auralex Smartphone Max 107,structured,1
DEC036_B_deepseek-v3.2,train_kb,conservative_noisy_or_conflict_adjusted,Auralex Smartphone Max 107,has_price_usd,899,auralex smartphone max 107|has_price_usd|899,0.98,product_107,structured,structured_row:Auralex Smartphone Max 107,structured,1
DEC036_B_deepseek-v3.2,train_kb,conservative_noisy_or_conflict_adjusted,Auralex Smartphone Max 107,has_screen_size_inch,13.3,auralex smartphone max 107|has_screen_size_inch|13.3,0.98,product_107,structured,structured_row:Auralex Smartphone Max 107,structured,1
DEC036_B_deepseek-v3.2,train_kb,conservative_noisy_or_conflict_adjusted,Auralex Smartphone Max 107,has_ram_gb,32,auralex smartphone max 107|has_ram_gb|32,0.98,product_107,structured,structured_row:Auralex Smartphone Max 107,structured,1
DEC036_B_deepseek-v3.2,train_kb,conservative_noisy_or_conflict_adjusted,Auralex Smartphone Max 107,has_storage_gb,64,auralex smartphone max 107|has_storage_gb|64,0.98,product_107,structured,structured_row:Auralex Smartphone Max 107,structured,1
DEC036_B_deepseek-v3.2,train_kb,conservative_noisy_or_conflict_adjusted,Auralex Smartphone Max 107,has_battery_life_hours,14,auralex smartphone max 107|has_battery_life_hours|14,0.98,product_107,structured,structured_row:Auralex Smartphone Max 107,structured,1
DEC036_B_deepseek-v3.2,train_kb,conservative_noisy_or_conflict_adjusted,Auralex Smartphone Max 107,has_weight_kg,1.45,auralex smartphone max 107|has_weight_kg|1.45,0.98,product_107,structured,structured_row:Auralex Smartphone Max 107,structured,1
DEC036_B_deepseek-v3.2,train_kb,conservative_noisy_or_conflict_adjusted,Auralex Smartphone Max 107,has_color,black,auralex smartphone max 107|has_color|black,0.98,product_107,structured,structured_row:Auralex Smartphone Max 107,structured,1
DEC036_B_deepseek-v3.2,train_kb,conservative_noisy_or_conflict_adjusted,Auralex Smartphone Max 107,made_of_material,carbon fiber,auralex smartphone max 107|made_of_material|carbon fiber,0.98,product_107,structured,structured_row:Auralex Smartphone Max 107,structured,1
DEC036_B_deepseek-v3.2,train_kb,conservative_noisy_or_conflict_adjusted,Auralex Smartphone Max 107,target_market_region,APAC,auralex smartphone max 107|target_market_region|apac,0.98,product_107,structured,structured_row:Auralex Smartphone Max 107,structured,1
DEC036_B_deepseek-v3.2,train_kb,conservative_noisy_or_conflict_adjusted,Auralex Smartphone Max 107,supports_fast_charging,no,auralex smartphone max 107|supports_fast_charging|no,0.98,product_107,structured,structured_row:Auralex Smartphone Max 107,structured,1
DEC036_B_deepseek-v3.2,train_kb,conservative_noisy_or_conflict_adjusted,Auralex Smartphone Max 107,has_noise_cancellation,no,auralex smartphone max 107|has_noise_cancellation|no,0.98,product_107,structured,structured_row:Auralex Smartphone Max 107,structured,1
DEC036_B_deepseek-v3.2,train_kb,conservative_noisy_or_conflict_adjusted,product,has_screen_size_inch,13.3,product|has_screen_size_inch|13.3,0.92,product_107,unstructured,LP=0.966646;LPO=0.999997|The display measures 13.3 inches. Comes with 32GB of RAM. Battery lasts up to 14 hours. Weighs approximately 1.45kg. Built with carbon fiber construction. Targeted at the APAC market. Fast charging is no.,unstructured,1
DEC036_B_deepseek-v3.2,train_kb,conservative_noisy_or_conflict_adjusted,product,has_ram_gb,32,product|has_ram_gb|32,0.93,product_107,unstructured,LP=0.999999;LPO=0.999999|The display measures 13.3 inches. Comes with 32GB of RAM. Battery lasts up to 14 hours. Weighs approximately 1.45kg. Built with carbon fiber construction. Targeted at the APAC market. Fast charging is no.,unstructured,1
DEC036_B_deepseek-v3.2,train_kb,conservative_noisy_or_conflict_adjusted,product,has_battery_life_hours,14,product|has_battery_life_hours|14,0.91,product_107,unstructured,LP=0.999950;LPO=0.999566|The display measures 13.3 inches. Comes with 32GB of RAM. Battery lasts up to 14 hours. Weighs approximately 1.45kg. Built with carbon fiber construction. Targeted at the APAC market. Fast charging is no.,unstructured,1
DEC036_B_deepseek-v3.2,train_kb,conservative_noisy_or_conflict_adjusted,product,has_weight_kg,1.45,product|has_weight_kg|1.45,0.9,product_107,unstructured,LP=0.999982;LPO=0.999858|The display measures 13.3 inches. Comes with 32GB of RAM. Battery lasts up to 14 hours. Weighs approximately 1.45kg. Built with carbon fiber construction. Targeted at the APAC market. Fast charging is no.,unstructured,1
DEC036_B_deepseek-v3.2,train_kb,conservative_noisy_or_conflict_adjusted,product,made_of_material,carbon fiber,product|made_of_material|carbon fiber,0.92,product_107,unstructured,LP=0.999961;LPO=0.999955|The display measures 13.3 inches. Comes with 32GB of RAM. Battery lasts up to 14 hours. Weighs approximately 1.45kg. Built with carbon fiber construction. Targeted at the APAC market. Fast charging is no.,unstructured,1
DEC036_B_deepseek-v3.2,train_kb,conservative_noisy_or_conflict_adjusted,product,target_market_region,APAC,product|target_market_region|apac,0.94,product_107,unstructured,LP=0.999995;LPO=0.999980|The display measures 13.3 inches. Comes with 32GB of RAM. Battery lasts up to 14 hours. Weighs approximately 1.45kg. Built with carbon fiber construction. Targeted at the APAC market. Fast charging is no.,unstructured,1
DEC036_B_deepseek-v3.2,train_kb,conservative_noisy_or_conflict_adjusted,product,supports_fast_charging,no,product|supports_fast_charging|no,0.92,product_107,unstructured,LP=0.995157;LPO=0.961922|The display measures 13.3 inches. Comes with 32GB of RAM. Battery lasts up to 14 hours. Weighs approximately 1.45kg. Built with carbon fiber construction. Targeted at the APAC market. Fast charging is no.,unstructured,1
DEC036_B_deepseek-v3.2,train_kb,conservative_noisy_or_conflict_adjusted,PixelWare Headphones Air 110,manufactured_by,PixelWare,pixelware headphones air 110|manufactured_by|pixelware,0.98,product_110,structured,structured_row:PixelWare Headphones Air 110,structured,1
DEC036_B_deepseek-v3.2,train_kb,conservative_noisy_or_conflict_adjusted,PixelWare Headphones Air 110,belongs_to_category,headphones,pixelware headphones air 110|belongs_to_category|headphones,0.98,product_110,structured,structured_row:PixelWare Headphones Air 110,structured,1
DEC036_B_deepseek-v3.2,train_kb,conservative_noisy_or_conflict_adjusted,PixelWare Headphones Air 110,has_price_usd,499,pixelware headphones air 110|has_price_usd|499,0.98,product_110,structured,structured_row:PixelWare Headphones Air 110,structured,1
DEC036_B_deepseek-v3.2,train_kb,conservative_noisy_or_conflict_adjusted,PixelWare Headphones Air 110,has_screen_size_inch,11.0,pixelware headphones air 110|has_screen_size_inch|11.0,0.98,product_110,structured,structured_row:PixelWare Headphones Air 110,structured,1
DEC036_B_deepseek-v3.2,train_kb,conservative_noisy_or_conflict_adjusted,PixelWare Headphones Air 110,has_ram_gb,4,pixelware headphones air 110|has_ram_gb|4,0.98,product_110,structured,structured_row:PixelWare Headphones Air 110,structured,1
DEC036_B_deepseek-v3.2,train_kb,conservative_noisy_or_conflict_adjusted,PixelWare Headphones Air 110,has_storage_gb,64,pixelware headphones air 110|has_storage_gb|64,0.98,product_110,structured,structured_row:PixelWare Headphones Air 110,structured,1
DEC036_B_deepseek-v3.2,train_kb,conservative_noisy_or_conflict_adjusted,PixelWare Headphones Air 110,has_battery_life_hours,14,pixelware headphones air 110|has_battery_life_hours|14,0.98,product_110,structured,structured_row:PixelWare Headphones Air 110,structured,1
DEC036_B_deepseek-v3.2,train_kb,conservative_noisy_or_conflict_adjusted,PixelWare Headphones Air 110,has_weight_kg,1.2,pixelware headphones air 110|has_weight_kg|1.2,0.98,product_110,structured,structured_row:PixelWare Headphones Air 110,structured,1
DEC036_B_deepseek-v3.2,train_kb,conservative_noisy_or_conflict_adjusted,PixelWare Headphones Air 110,has_color,silver,pixelware headphones air 110|has_color|silver,0.98,product_110,structured,structured_row:PixelWare Headphones Air 110,structured,1
DEC036_B_deepseek-v3.2,train_kb,conservative_noisy_or_conflict_adjusted,PixelWare Headphones Air 110,made_of_material,plastic,pixelware headphones air 110|made_of_material|plastic,0.98,product_110,structured,structured_row:PixelWare Headphones Air 110,structured,1
DEC036_B_deepseek-v3.2,train_kb,conservative_noisy_or_conflict_adjusted,PixelWare Headphones Air 110,target_market_region,Global,pixelware headphones air 110|target_market_region|global,0.98,product_110,structured,structured_row:PixelWare Headphones Air 110,structured,1
DEC036_B_deepseek-v3.2,train_kb,conservative_noisy_or_conflict_adjusted,PixelWare Headphones Air 110,supports_fast_charging,no,pixelware headphones air 110|supports_fast_charging|no,0.98,product_110,structured,structured_row:PixelWare Headphones Air 110,structured,1
DEC036_B_deepseek-v3.2,train_kb,conservative_noisy_or_conflict_adjusted,PixelWare Headphones Air 110,has_noise_cancellation,yes,pixelware headphones air 110|has_noise_cancellation|yes,0.98,product_110,structured,structured_row:PixelWare Headphones Air 110,structured,1
DEC036_B_deepseek-v3.2,train_kb,conservative_noisy_or_conflict_adjusted,PixelWare Headphones Air 110,manufactured_by,PixelWare,pixelware headphones air 110|manufactured_by|pixelware,0.96,product_110,unstructured,LP=0.999968;LPO=0.999991|PixelWare Headphones Air 110 is manufactured by PixelWare. The display measures 11.0 inches. Comes with 4GB of RAM. Offers 64GB of internal storage. Built with plastic construction. Fast charging is no. Noise cancellation: yes.,unstructured,1
DEC036_B_deepseek-v3.2,train_kb,conservative_noisy_or_conflict_adjusted,PixelWare Headphones Air 110,has_screen_size_inch,11.0,pixelware headphones air 110|has_screen_size_inch|11.0,0.94,product_110,unstructured,LP=0.995217;LPO=0.999612|PixelWare Headphones Air 110 is manufactured by PixelWare. The display measures 11.0 inches. Comes with 4GB of RAM. Offers 64GB of internal storage. Built with plastic construction. Fast charging is no. Noise cancellation: yes.,unstructured,1
DEC036_B_deepseek-v3.2,train_kb,conservative_noisy_or_conflict_adjusted,PixelWare Headphones Air 110,has_ram_gb,4,pixelware headphones air 110|has_ram_gb|4,0.95,product_110,unstructured,LP=0.999993;LPO=0.999989|PixelWare Headphones Air 110 is manufactured by PixelWare. The display measures 11.0 inches. Comes with 4GB of RAM. Offers 64GB of internal storage. Built with plastic construction. Fast charging is no. Noise cancellation: yes.,unstructured,1
DEC036_B_deepseek-v3.2,train_kb,conservative_noisy_or_conflict_adjusted,PixelWare Headphones Air 110,has_storage_gb,64,pixelware headphones air 110|has_storage_gb|64,0.95,product_110,unstructured,LP=0.999999;LPO=1.000000|PixelWare Headphones Air 110 is manufactured by PixelWare. The display measures 11.0 inches. Comes with 4GB of RAM. Offers 64GB of internal storage. Built with plastic construction. Fast charging is no. Noise cancellation: yes.,unstructured,1
DEC036_B_deepseek-v3.2,train_kb,conservative_noisy_or_conflict_adjusted,PixelWare Headphones Air 110,made_of_material,plastic,pixelware headphones air 110|made_of_material|plastic,0.9,product_110,unstructured,LP=0.999717;LPO=0.999965|PixelWare Headphones Air 110 is manufactured by PixelWare. The display measures 11.0 inches. Comes with 4GB of RAM. Offers 64GB of internal storage. Built with plastic construction. Fast charging is no. Noise cancellation: yes.,unstructured,1
DEC036_B_deepseek-v3.2,train_kb,conservative_noisy_or_conflict_adjusted,PixelWare Headphones Air 110,supports_fast_charging,no,pixelware headphones air 110|supports_fast_charging|no,0.91,product_110,unstructured,LP=0.988526;LPO=0.850919|PixelWare Headphones Air 110 is manufactured by PixelWare. The display measures 11.0 inches. Comes with 4GB of RAM. Offers 64GB of internal storage. Built with plastic construction. Fast charging is no. Noise cancellation: yes.,unstructured,1
DEC036_B_deepseek-v3.2,train_kb,conservative_noisy_or_conflict_adjusted,PixelWare Headphones Air 110,has_noise_cancellation,yes,pixelware headphones air 110|has_noise_cancellation|yes,0.92,product_110,unstructured,LP=0.999997;LPO=0.999998|PixelWare Headphones Air 110 is manufactured by PixelWare. The display measures 11.0 inches. Comes with 4GB of RAM. Offers 64GB of internal storage. Built with plastic construction. Fast charging is no. Noise cancellation: yes.,unstructured,1
DEC036_B_deepseek-v3.2,train_kb,conservative_noisy_or_conflict_adjusted,TechNova Smartwatch Pro 111,manufactured_by,TechNova,technova smartwatch pro 111|manufactured_by|technova,0.98,product_111,structured,structured_row:TechNova Smartwatch Pro 111,structured,1
DEC036_B_deepseek-v3.2,train_kb,conservative_noisy_or_conflict_adjusted,TechNova Smartwatch Pro 111,belongs_to_category,smartwatch,technova smartwatch pro 111|belongs_to_category|smartwatch,0.98,product_111,structured,structured_row:TechNova Smartwatch Pro 111,structured,1
DEC036_B_deepseek-v3.2,train_kb,conservative_noisy_or_conflict_adjusted,TechNova Smartwatch Pro 111,has_price_usd,899,technova smartwatch pro 111|has_price_usd|899,0.98,product_111,structured,structured_row:TechNova Smartwatch Pro 111,structured,1
DEC036_B_deepseek-v3.2,train_kb,conservative_noisy_or_conflict_adjusted,TechNova Smartwatch Pro 111,has_screen_size_inch,6.7,technova smartwatch pro 111|has_screen_size_inch|6.7,0.98,product_111,structured,structured_row:TechNova Smartwatch Pro 111,structured,1
DEC036_B_deepseek-v3.2,train_kb,conservative_noisy_or_conflict_adjusted,TechNova Smartwatch Pro 111,has_ram_gb,8,technova smartwatch pro 111|has_ram_gb|8,0.98,product_111,structured,structured_row:TechNova Smartwatch Pro 111,structured,1
DEC036_B_deepseek-v3.2,train_kb,conservative_noisy_or_conflict_adjusted,TechNova Smartwatch Pro 111,has_storage_gb,256,technova smartwatch pro 111|has_storage_gb|256,0.98,product_111,structured,structured_row:TechNova Smartwatch Pro 111,structured,1
DEC036_B_deepseek-v3.2,train_kb,conservative_noisy_or_conflict_adjusted,TechNova Smartwatch Pro 111,has_battery_life_hours,24,technova smartwatch pro 111|has_battery_life_hours|24,0.98,product_111,structured,structured_row:TechNova Smartwatch Pro 111,structured,1
DEC036_B_deepseek-v3.2,train_kb,conservative_noisy_or_conflict_adjusted,TechNova Smartwatch Pro 111,has_weight_kg,0.55,technova smartwatch pro 111|has_weight_kg|0.55,0.98,product_111,structured,structured_row:TechNova Smartwatch Pro 111,structured,1
DEC036_B_deepseek-v3.2,train_kb,conservative_noisy_or_conflict_adjusted,TechNova Smartwatch Pro 111,has_color,white,technova smartwatch pro 111|has_color|white,0.98,product_111,structured,structured_row:TechNova Smartwatch Pro 111,structured,1
DEC036_B_deepseek-v3.2,train_kb,conservative_noisy_or_conflict_adjusted,TechNova Smartwatch Pro 111,made_of_material,plastic,technova smartwatch pro 111|made_of_material|plastic,0.98,product_111,structured,structured_row:TechNova Smartwatch Pro 111,structured,1
DEC036_B_deepseek-v3.2,train_kb,conservative_noisy_or_conflict_adjusted,TechNova Smartwatch Pro 111,target_market_region,EU,technova smartwatch pro 111|target_market_region|eu,0.98,product_111,structured,structured_row:TechNova Smartwatch Pro 111,structured,1
DEC036_B_deepseek-v3.2,train_kb,conservative_noisy_or_conflict_adjusted,TechNova Smartwatch Pro 111,supports_fast_charging,no,technova smartwatch pro 111|supports_fast_charging|no,0.98,product_111,structured,structured_row:TechNova Smartwatch Pro 111,structured,1
DEC036_B_deepseek-v3.2,train_kb,conservative_noisy_or_conflict_adjusted,TechNova Smartwatch Pro 111,has_noise_cancellation,no,technova smartwatch pro 111|has_noise_cancellation|no,0.98,product_111,structured,structured_row:TechNova Smartwatch Pro 111,structured,1
DEC036_B_deepseek-v3.2,train_kb,conservative_noisy_or_conflict_adjusted,TechNova Smartwatch Pro 111,manufactured_by,TechNova,technova smartwatch pro 111|manufactured_by|technova,0.96,product_111,unstructured,LP=0.999974;LPO=0.999992|TechNova Smartwatch Pro 111 is manufactured by TechNova. Priced at 899 USD. The display measures 6.7 inches. Battery lasts up to 24 hours. Available in white. Built with plastic construction. Noise cancellation: no.,unstructured,1
DEC036_B_deepseek-v3.2,train_kb,conservative_noisy_or_conflict_adjusted,TechNova Smartwatch Pro 111,has_price_usd,899,technova smartwatch pro 111|has_price_usd|899,0.95,product_111,unstructured,LP=0.999917;LPO=0.999984|TechNova Smartwatch Pro 111 is manufactured by TechNova. Priced at 899 USD. The display measures 6.7 inches. Battery lasts up to 24 hours. Available in white. Built with plastic construction. Noise cancellation: no.,unstructured,1
DEC036_B_deepseek-v3.2,train_kb,conservative_noisy_or_conflict_adjusted,TechNova Smartwatch Pro 111,has_screen_size_inch,6.7,technova smartwatch pro 111|has_screen_size_inch|6.7,0.94,product_111,unstructured,LP=0.999984;LPO=0.999986|TechNova Smartwatch Pro 111 is manufactured by TechNova. Priced at 899 USD. The display measures 6.7 inches. Battery lasts up to 24 hours. Available in white. Built with plastic construction. Noise cancellation: no.,unstructured,1
DEC036_B_deepseek-v3.2,train_kb,conservative_noisy_or_conflict_adjusted,TechNova Smartwatch Pro 111,has_battery_life_hours,24,technova smartwatch pro 111|has_battery_life_hours|24,0.93,product_111,unstructured,LP=0.999998;LPO=0.999997|TechNova Smartwatch Pro 111 is manufactured by TechNova. Priced at 899 USD. The display measures 6.7 inches. Battery lasts up to 24 hours. Available in white. Built with plastic construction. Noise cancellation: no.,unstructured,1
DEC036_B_deepseek-v3.2,train_kb,conservative_noisy_or_conflict_adjusted,TechNova Smartwatch Pro 111,has_color,white,technova smartwatch pro 111|has_color|white,0.92,product_111,unstructured,LP=0.999971;LPO=0.999836|TechNova Smartwatch Pro 111 is manufactured by TechNova. Priced at 899 USD. The display measures 6.7 inches. Battery lasts up to 24 hours. Available in white. Built with plastic construction. Noise cancellation: no.,unstructured,1
DEC036_B_deepseek-v3.2,train_kb,conservative_noisy_or_conflict_adjusted,TechNova Smartwatch Pro 111,made_of_material,plastic,technova smartwatch pro 111|made_of_material|plastic,0.91,product_111,unstructured,LP=0.999876;LPO=0.999979|TechNova Smartwatch Pro 111 is manufactured by TechNova. Priced at 899 USD. The display measures 6.7 inches. Battery lasts up to 24 hours. Available in white. Built with plastic construction. Noise cancellation: no.,unstructured,1
DEC036_B_deepseek-v3.2,train_kb,conservative_noisy_or_conflict_adjusted,TechNova Smartwatch Pro 111,has_noise_cancellation,no,technova smartwatch pro 111|has_noise_cancellation|no,0.9,product_111,unstructured,LP=0.997957;LPO=0.970517|TechNova Smartwatch Pro 111 is manufactured by TechNova. Priced at 899 USD. The display measures 6.7 inches. Battery lasts up to 24 hours. Available in white. Built with plastic construction. Noise cancellation: no.,unstructured,1
DEC036_B_deepseek-v3.2,train_kb,conservative_noisy_or_conflict_adjusted,Zenbyte Smartwatch Pro 113,manufactured_by,Zenbyte,zenbyte smartwatch pro 113|manufactured_by|zenbyte,0.98,product_113,structured,structured_row:Zenbyte Smartwatch Pro 113,structured,1
DEC036_B_deepseek-v3.2,train_kb,conservative_noisy_or_conflict_adjusted,Zenbyte Smartwatch Pro 113,belongs_to_category,smartwatch,zenbyte smartwatch pro 113|belongs_to_category|smartwatch,0.98,product_113,structured,structured_row:Zenbyte Smartwatch Pro 113,structured,1
DEC036_B_deepseek-v3.2,train_kb,conservative_noisy_or_conflict_adjusted,Zenbyte Smartwatch Pro 113,has_price_usd,199,zenbyte smartwatch pro 113|has_price_usd|199,0.98,product_113,structured,structured_row:Zenbyte Smartwatch Pro 113,structured,1
DEC036_B_deepseek-v3.2,train_kb,conservative_noisy_or_conflict_adjusted,Zenbyte Smartwatch Pro 113,has_screen_size_inch,6.7,zenbyte smartwatch pro 113|has_screen_size_inch|6.7,0.98,product_113,structured,structured_row:Zenbyte Smartwatch Pro 113,structured,1
DEC036_B_deepseek-v3.2,train_kb,conservative_noisy_or_conflict_adjusted,Zenbyte Smartwatch Pro 113,has_ram_gb,32,zenbyte smartwatch pro 113|has_ram_gb|32,0.98,product_113,structured,structured_row:Zenbyte Smartwatch Pro 113,structured,1
DEC036_B_deepseek-v3.2,train_kb,conservative_noisy_or_conflict_adjusted,Zenbyte Smartwatch Pro 113,has_storage_gb,256,zenbyte smartwatch pro 113|has_storage_gb|256,0.98,product_113,structured,structured_row:Zenbyte Smartwatch Pro 113,structured,1
DEC036_B_deepseek-v3.2,train_kb,conservative_noisy_or_conflict_adjusted,Zenbyte Smartwatch Pro 113,has_battery_life_hours,24,zenbyte smartwatch pro 113|has_battery_life_hours|24,0.98,product_113,structured,structured_row:Zenbyte Smartwatch Pro 113,structured,1
DEC036_B_deepseek-v3.2,train_kb,conservative_noisy_or_conflict_adjusted,Zenbyte Smartwatch Pro 113,has_weight_kg,0.55,zenbyte smartwatch pro 113|has_weight_kg|0.55,0.98,product_113,structured,structured_row:Zenbyte Smartwatch Pro 113,structured,1
DEC036_B_deepseek-v3.2,train_kb,conservative_noisy_or_conflict_adjusted,Zenbyte Smartwatch Pro 113,has_color,white,zenbyte smartwatch pro 113|has_color|white,0.98,product_113,structured,structured_row:Zenbyte Smartwatch Pro 113,structured,1
DEC036_B_deepseek-v3.2,train_kb,conservative_noisy_or_conflict_adjusted,Zenbyte Smartwatch Pro 113,made_of_material,carbon fiber,zenbyte smartwatch pro 113|made_of_material|carbon fiber,0.98,product_113,structured,structured_row:Zenbyte Smartwatch Pro 113,structured,1
DEC036_B_deepseek-v3.2,train_kb,conservative_noisy_or_conflict_adjusted,Zenbyte Smartwatch Pro 113,target_market_region,EU,zenbyte smartwatch pro 113|target_market_region|eu,0.98,product_113,structured,structured_row:Zenbyte Smartwatch Pro 113,structured,1
DEC036_B_deepseek-v3.2,train_kb,conservative_noisy_or_conflict_adjusted,Zenbyte Smartwatch Pro 113,supports_fast_charging,no,zenbyte smartwatch pro 113|supports_fast_charging|no,0.98,product_113,structured,structured_row:Zenbyte Smartwatch Pro 113,structured,1
DEC036_B_deepseek-v3.2,train_kb,conservative_noisy_or_conflict_adjusted,Zenbyte Smartwatch Pro 113,has_noise_cancellation,no,zenbyte smartwatch pro 113|has_noise_cancellation|no,0.98,product_113,structured,structured_row:Zenbyte Smartwatch Pro 113,structured,1
DEC036_B_deepseek-v3.2,train_kb,conservative_noisy_or_conflict_adjusted,smartwatch device,has_price_usd,199,smartwatch device|has_price_usd|199,0.94,product_113,unstructured,LP=0.969468;LPO=0.999990|It is a smartwatch device. Priced at 199 USD. Offers 256GB of internal storage. Available in white. Built with carbon fiber construction. Targeted at the EU market. Noise cancellation: no.,unstructured,1
DEC036_B_deepseek-v3.2,train_kb,conservative_noisy_or_conflict_adjusted,smartwatch device,has_storage_gb,256,smartwatch device|has_storage_gb|256,0.95,product_113,unstructured,LP=0.999980;LPO=0.999999|It is a smartwatch device. Priced at 199 USD. Offers 256GB of internal storage. Available in white. Built with carbon fiber construction. Targeted at the EU market. Noise cancellation: no.,unstructured,1
DEC036_B_deepseek-v3.2,train_kb,conservative_noisy_or_conflict_adjusted,smartwatch device,has_color,white,smartwatch device|has_color|white,0.93,product_113,unstructured,LP=0.999924;LPO=0.999970|It is a smartwatch device. Priced at 199 USD. Offers 256GB of internal storage. Available in white. Built with carbon fiber construction. Targeted at the EU market. Noise cancellation: no.,unstructured,1
DEC036_B_deepseek-v3.2,train_kb,conservative_noisy_or_conflict_adjusted,smartwatch device,made_of_material,carbon fiber,smartwatch device|made_of_material|carbon fiber,0.92,product_113,unstructured,LP=0.999978;LPO=0.999990|It is a smartwatch device. Priced at 199 USD. Offers 256GB of internal storage. Available in white. Built with carbon fiber construction. Targeted at the EU market. Noise cancellation: no.,unstructured,1
DEC036_B_deepseek-v3.2,train_kb,conservative_noisy_or_conflict_adjusted,smartwatch device,target_market_region,EU,smartwatch device|target_market_region|eu,0.94,product_113,unstructured,LP=0.999987;LPO=0.999928|It is a smartwatch device. Priced at 199 USD. Offers 256GB of internal storage. Available in white. Built with carbon fiber construction. Targeted at the EU market. Noise cancellation: no.,unstructured,1
DEC036_B_deepseek-v3.2,train_kb,conservative_noisy_or_conflict_adjusted,smartwatch device,has_noise_cancellation,no,smartwatch device|has_noise_cancellation|no,0.91,product_113,unstructured,LP=0.998869;LPO=0.988952|It is a smartwatch device. Priced at 199 USD. Offers 256GB of internal storage. Available in white. Built with carbon fiber construction. Targeted at the EU market. Noise cancellation: no.,unstructured,1
DEC036_B_deepseek-v3.2,train_kb,conservative_noisy_or_conflict_adjusted,Zenbyte Tablet Plus 114,manufactured_by,Zenbyte,zenbyte tablet plus 114|manufactured_by|zenbyte,0.98,product_114,structured,structured_row:Zenbyte Tablet Plus 114,structured,1
DEC036_B_deepseek-v3.2,train_kb,conservative_noisy_or_conflict_adjusted,Zenbyte Tablet Plus 114,belongs_to_category,tablet,zenbyte tablet plus 114|belongs_to_category|tablet,0.98,product_114,structured,structured_row:Zenbyte Tablet Plus 114,structured,1
DEC036_B_deepseek-v3.2,train_kb,conservative_noisy_or_conflict_adjusted,Zenbyte Tablet Plus 114,has_price_usd,1299,zenbyte tablet plus 114|has_price_usd|1299,0.98,product_114,structured,structured_row:Zenbyte Tablet Plus 114,structured,1
DEC036_B_deepseek-v3.2,train_kb,conservative_noisy_or_conflict_adjusted,Zenbyte Tablet Plus 114,has_screen_size_inch,13.3,zenbyte tablet plus 114|has_screen_size_inch|13.3,0.98,product_114,structured,structured_row:Zenbyte Tablet Plus 114,structured,1
DEC036_B_deepseek-v3.2,train_kb,conservative_noisy_or_conflict_adjusted,Zenbyte Tablet Plus 114,has_ram_gb,12,zenbyte tablet plus 114|has_ram_gb|12,0.98,product_114,structured,structured_row:Zenbyte Tablet Plus 114,structured,1
DEC036_B_deepseek-v3.2,train_kb,conservative_noisy_or_conflict_adjusted,Zenbyte Tablet Plus 114,has_storage_gb,1024,zenbyte tablet plus 114|has_storage_gb|1024,0.98,product_114,structured,structured_row:Zenbyte Tablet Plus 114,structured,1
DEC036_B_deepseek-v3.2,train_kb,conservative_noisy_or_conflict_adjusted,Zenbyte Tablet Plus 114,has_battery_life_hours,12,zenbyte tablet plus 114|has_battery_life_hours|12,0.98,product_114,structured,structured_row:Zenbyte Tablet Plus 114,structured,1
DEC036_B_deepseek-v3.2,train_kb,conservative_noisy_or_conflict_adjusted,Zenbyte Tablet Plus 114,has_weight_kg,0.55,zenbyte tablet plus 114|has_weight_kg|0.55,0.98,product_114,structured,structured_row:Zenbyte Tablet Plus 114,structured,1
DEC036_B_deepseek-v3.2,train_kb,conservative_noisy_or_conflict_adjusted,Zenbyte Tablet Plus 114,has_color,blue,zenbyte tablet plus 114|has_color|blue,0.98,product_114,structured,structured_row:Zenbyte Tablet Plus 114,structured,1
DEC036_B_deepseek-v3.2,train_kb,conservative_noisy_or_conflict_adjusted,Zenbyte Tablet Plus 114,made_of_material,carbon fiber,zenbyte tablet plus 114|made_of_material|carbon fiber,0.98,product_114,structured,structured_row:Zenbyte Tablet Plus 114,structured,1
DEC036_B_deepseek-v3.2,train_kb,conservative_noisy_or_conflict_adjusted,Zenbyte Tablet Plus 114,target_market_region,APAC,zenbyte tablet plus 114|target_market_region|apac,0.98,product_114,structured,structured_row:Zenbyte Tablet Plus 114,structured,1
DEC036_B_deepseek-v3.2,train_kb,conservative_noisy_or_conflict_adjusted,Zenbyte Tablet Plus 114,supports_fast_charging,yes,zenbyte tablet plus 114|supports_fast_charging|yes,0.98,product_114,structured,structured_row:Zenbyte Tablet Plus 114,structured,1
DEC036_B_deepseek-v3.2,train_kb,conservative_noisy_or_conflict_adjusted,Zenbyte Tablet Plus 114,has_noise_cancellation,no,zenbyte tablet plus 114|has_noise_cancellation|no,0.98,product_114,structured,structured_row:Zenbyte Tablet Plus 114,structured,1
DEC036_B_deepseek-v3.2,train_kb,conservative_noisy_or_conflict_adjusted,tablet device,has_ram_gb,12,tablet device|has_ram_gb|12,0.93,product_114,unstructured,LP=0.963010;LPO=0.999996|It is a tablet device. Comes with 12GB of RAM. Offers 1024GB of internal storage. Battery lasts up to 12 hours. Available in blue. Targeted at the APAC market. Noise cancellation: no.,unstructured,1
DEC036_B_deepseek-v3.2,train_kb,conservative_noisy_or_conflict_adjusted,tablet device,has_storage_gb,1024,tablet device|has_storage_gb|1024,0.94,product_114,unstructured,LP=0.999996;LPO=0.999998|It is a tablet device. Comes with 12GB of RAM. Offers 1024GB of internal storage. Battery lasts up to 12 hours. Available in blue. Targeted at the APAC market. Noise cancellation: no.,unstructured,1
DEC036_B_deepseek-v3.2,train_kb,conservative_noisy_or_conflict_adjusted,tablet device,has_battery_life_hours,12,tablet device|has_battery_life_hours|12,0.92,product_114,unstructured,LP=0.999992;LPO=0.999972|It is a tablet device. Comes with 12GB of RAM. Offers 1024GB of internal storage. Battery lasts up to 12 hours. Available in blue. Targeted at the APAC market. Noise cancellation: no.,unstructured,1
DEC036_B_deepseek-v3.2,train_kb,conservative_noisy_or_conflict_adjusted,tablet device,has_color,blue,tablet device|has_color|blue,0.91,product_114,unstructured,LP=0.999868;LPO=0.999987|It is a tablet device. Comes with 12GB of RAM. Offers 1024GB of internal storage. Battery lasts up to 12 hours. Available in blue. Targeted at the APAC market. Noise cancellation: no.,unstructured,1
DEC036_B_deepseek-v3.2,train_kb,conservative_noisy_or_conflict_adjusted,tablet device,target_market_region,APAC,tablet device|target_market_region|apac,0.9,product_114,unstructured,LP=0.999950;LPO=0.999959|It is a tablet device. Comes with 12GB of RAM. Offers 1024GB of internal storage. Battery lasts up to 12 hours. Available in blue. Targeted at the APAC market. Noise cancellation: no.,unstructured,1
DEC036_B_deepseek-v3.2,train_kb,conservative_noisy_or_conflict_adjusted,tablet device,has_noise_cancellation,no,tablet device|has_noise_cancellation|no,0.92,product_114,unstructured,LP=0.998569;LPO=0.985885|It is a tablet device. Comes with 12GB of RAM. Offers 1024GB of internal storage. Battery lasts up to 12 hours. Available in blue. Targeted at the APAC market. Noise cancellation: no.,unstructured,1
DEC036_B_deepseek-v3.2,train_kb,conservative_noisy_or_conflict_adjusted,Zenbyte Smartphone Pro 115,manufactured_by,Zenbyte,zenbyte smartphone pro 115|manufactured_by|zenbyte,0.98,product_115,structured,structured_row:Zenbyte Smartphone Pro 115,structured,1
DEC036_B_deepseek-v3.2,train_kb,conservative_noisy_or_conflict_adjusted,Zenbyte Smartphone Pro 115,belongs_to_category,smartphone,zenbyte smartphone pro 115|belongs_to_category|smartphone,0.98,product_115,structured,structured_row:Zenbyte Smartphone Pro 115,structured,1
DEC036_B_deepseek-v3.2,train_kb,conservative_noisy_or_conflict_adjusted,Zenbyte Smartphone Pro 115,has_price_usd,1099,zenbyte smartphone pro 115|has_price_usd|1099,0.98,product_115,structured,structured_row:Zenbyte Smartphone Pro 115,structured,1
DEC036_B_deepseek-v3.2,train_kb,conservative_noisy_or_conflict_adjusted,Zenbyte Smartphone Pro 115,has_screen_size_inch,6.7,zenbyte smartphone pro 115|has_screen_size_inch|6.7,0.98,product_115,structured,structured_row:Zenbyte Smartphone Pro 115,structured,1
DEC036_B_deepseek-v3.2,train_kb,conservative_noisy_or_conflict_adjusted,Zenbyte Smartphone Pro 115,has_ram_gb,16,zenbyte smartphone pro 115|has_ram_gb|16,0.98,product_115,structured,structured_row:Zenbyte Smartphone Pro 115,structured,1
DEC036_B_deepseek-v3.2,train_kb,conservative_noisy_or_conflict_adjusted,Zenbyte Smartphone Pro 115,has_storage_gb,1024,zenbyte smartphone pro 115|has_storage_gb|1024,0.98,product_115,structured,structured_row:Zenbyte Smartphone Pro 115,structured,1
DEC036_B_deepseek-v3.2,train_kb,conservative_noisy_or_conflict_adjusted,Zenbyte Smartphone Pro 115,has_battery_life_hours,24,zenbyte smartphone pro 115|has_battery_life_hours|24,0.98,product_115,structured,structured_row:Zenbyte Smartphone Pro 115,structured,1
DEC036_B_deepseek-v3.2,train_kb,conservative_noisy_or_conflict_adjusted,Zenbyte Smartphone Pro 115,has_weight_kg,1.8,zenbyte smartphone pro 115|has_weight_kg|1.8,0.98,product_115,structured,structured_row:Zenbyte Smartphone Pro 115,structured,1
DEC036_B_deepseek-v3.2,train_kb,conservative_noisy_or_conflict_adjusted,Zenbyte Smartphone Pro 115,has_color,white,zenbyte smartphone pro 115|has_color|white,0.98,product_115,structured,structured_row:Zenbyte Smartphone Pro 115,structured,1
DEC036_B_deepseek-v3.2,train_kb,conservative_noisy_or_conflict_adjusted,Zenbyte Smartphone Pro 115,made_of_material,plastic,zenbyte smartphone pro 115|made_of_material|plastic,0.98,product_115,structured,structured_row:Zenbyte Smartphone Pro 115,structured,1
DEC036_B_deepseek-v3.2,train_kb,conservative_noisy_or_conflict_adjusted,Zenbyte Smartphone Pro 115,target_market_region,US,zenbyte smartphone pro 115|target_market_region|us,0.98,product_115,structured,structured_row:Zenbyte Smartphone Pro 115,structured,1
DEC036_B_deepseek-v3.2,train_kb,conservative_noisy_or_conflict_adjusted,Zenbyte Smartphone Pro 115,supports_fast_charging,no,zenbyte smartphone pro 115|supports_fast_charging|no,0.98,product_115,structured,structured_row:Zenbyte Smartphone Pro 115,structured,1
DEC036_B_deepseek-v3.2,train_kb,conservative_noisy_or_conflict_adjusted,Zenbyte Smartphone Pro 115,has_noise_cancellation,no,zenbyte smartphone pro 115|has_noise_cancellation|no,0.98,product_115,structured,structured_row:Zenbyte Smartphone Pro 115,structured,1
DEC036_B_deepseek-v3.2,train_kb,conservative_noisy_or_conflict_adjusted,Zenbyte Smartphone Pro 115,manufactured_by,Zenbyte,zenbyte smartphone pro 115|manufactured_by|zenbyte,0.95,product_115,unstructured,LP=0.999995;LPO=0.999990|Zenbyte Smartphone Pro 115 is manufactured by Zenbyte. It is a smartphone device. Priced at 1099 USD. The display measures 6.7 inches. Built with plastic construction. Targeted at the US market. Fast charging is no.,unstructured,1
DEC036_B_deepseek-v3.2,train_kb,conservative_noisy_or_conflict_adjusted,Zenbyte Smartphone Pro 115,belongs_to_category,smartphone device,zenbyte smartphone pro 115|belongs_to_category|smartphone device,0.9,product_115,unstructured,LP=0.978637;LPO=0.817313|Zenbyte Smartphone Pro 115 is manufactured by Zenbyte. It is a smartphone device. Priced at 1099 USD. The display measures 6.7 inches. Built with plastic construction. Targeted at the US market. Fast charging is no.,unstructured,1
DEC036_B_deepseek-v3.2,train_kb,conservative_noisy_or_conflict_adjusted,Zenbyte Smartphone Pro 115,has_price_usd,1099,zenbyte smartphone pro 115|has_price_usd|1099,0.96,product_115,unstructured,LP=0.999998;LPO=0.999987|Zenbyte Smartphone Pro 115 is manufactured by Zenbyte. It is a smartphone device. Priced at 1099 USD. The display measures 6.7 inches. Built with plastic construction. Targeted at the US market. Fast charging is no.,unstructured,1
DEC036_B_deepseek-v3.2,train_kb,conservative_noisy_or_conflict_adjusted,Zenbyte Smartphone Pro 115,has_screen_size_inch,6.7,zenbyte smartphone pro 115|has_screen_size_inch|6.7,0.93,product_115,unstructured,LP=0.999999;LPO=0.999999|Zenbyte Smartphone Pro 115 is manufactured by Zenbyte. It is a smartphone device. Priced at 1099 USD. The display measures 6.7 inches. Built with plastic construction. Targeted at the US market. Fast charging is no.,unstructured,1
DEC036_B_deepseek-v3.2,train_kb,conservative_noisy_or_conflict_adjusted,Zenbyte Smartphone Pro 115,made_of_material,plastic,zenbyte smartphone pro 115|made_of_material|plastic,0.92,product_115,unstructured,LP=0.999779;LPO=0.999997|Zenbyte Smartphone Pro 115 is manufactured by Zenbyte. It is a smartphone device. Priced at 1099 USD. The display measures 6.7 inches. Built with plastic construction. Targeted at the US market. Fast charging is no.,unstructured,1
DEC036_B_deepseek-v3.2,train_kb,conservative_noisy_or_conflict_adjusted,Zenbyte Smartphone Pro 115,target_market_region,US,zenbyte smartphone pro 115|target_market_region|us,0.94,product_115,unstructured,LP=0.999996;LPO=0.999963|Zenbyte Smartphone Pro 115 is manufactured by Zenbyte. It is a smartphone device. Priced at 1099 USD. The display measures 6.7 inches. Built with plastic construction. Targeted at the US market. Fast charging is no.,unstructured,1
DEC036_B_deepseek-v3.2,train_kb,conservative_noisy_or_conflict_adjusted,Zenbyte Smartphone Pro 115,supports_fast_charging,no,zenbyte smartphone pro 115|supports_fast_charging|no,0.91,product_115,unstructured,LP=0.999586;LPO=0.994283|Zenbyte Smartphone Pro 115 is manufactured by Zenbyte. It is a smartphone device. Priced at 1099 USD. The display measures 6.7 inches. Built with plastic construction. Targeted at the US market. Fast charging is no.,unstructured,1
DEC036_B_deepseek-v3.2,train_kb,conservative_noisy_or_conflict_adjusted,NeoTech Tablet Max 116,manufactured_by,NeoTech,neotech tablet max 116|manufactured_by|neotech,0.98,product_116,structured,structured_row:NeoTech Tablet Max 116,structured,1
DEC036_B_deepseek-v3.2,train_kb,conservative_noisy_or_conflict_adjusted,NeoTech Tablet Max 116,belongs_to_category,tablet,neotech tablet max 116|belongs_to_category|tablet,0.98,product_116,structured,structured_row:NeoTech Tablet Max 116,structured,1
DEC036_B_deepseek-v3.2,train_kb,conservative_noisy_or_conflict_adjusted,NeoTech Tablet Max 116,has_price_usd,899,neotech tablet max 116|has_price_usd|899,0.98,product_116,structured,structured_row:NeoTech Tablet Max 116,structured,1
DEC036_B_deepseek-v3.2,train_kb,conservative_noisy_or_conflict_adjusted,NeoTech Tablet Max 116,has_screen_size_inch,13.3,neotech tablet max 116|has_screen_size_inch|13.3,0.98,product_116,structured,structured_row:NeoTech Tablet Max 116,structured,1
DEC036_B_deepseek-v3.2,train_kb,conservative_noisy_or_conflict_adjusted,NeoTech Tablet Max 116,has_ram_gb,16,neotech tablet max 116|has_ram_gb|16,0.98,product_116,structured,structured_row:NeoTech Tablet Max 116,structured,1
DEC036_B_deepseek-v3.2,train_kb,conservative_noisy_or_conflict_adjusted,NeoTech Tablet Max 116,has_storage_gb,512,neotech tablet max 116|has_storage_gb|512,0.98,product_116,structured,structured_row:NeoTech Tablet Max 116,structured,1
DEC036_B_deepseek-v3.2,train_kb,conservative_noisy_or_conflict_adjusted,NeoTech Tablet Max 116,has_battery_life_hours,24,neotech tablet max 116|has_battery_life_hours|24,0.98,product_116,structured,structured_row:NeoTech Tablet Max 116,structured,1
DEC036_B_deepseek-v3.2,train_kb,conservative_noisy_or_conflict_adjusted,NeoTech Tablet Max 116,has_weight_kg,1.8,neotech tablet max 116|has_weight_kg|1.8,0.98,product_116,structured,structured_row:NeoTech Tablet Max 116,structured,1
DEC036_B_deepseek-v3.2,train_kb,conservative_noisy_or_conflict_adjusted,NeoTech Tablet Max 116,has_color,white,neotech tablet max 116|has_color|white,0.98,product_116,structured,structured_row:NeoTech Tablet Max 116,structured,1
DEC036_B_deepseek-v3.2,train_kb,conservative_noisy_or_conflict_adjusted,NeoTech Tablet Max 116,made_of_material,aluminum,neotech tablet max 116|made_of_material|aluminum,0.98,product_116,structured,structured_row:NeoTech Tablet Max 116,structured,1
DEC036_B_deepseek-v3.2,train_kb,conservative_noisy_or_conflict_adjusted,NeoTech Tablet Max 116,target_market_region,Global,neotech tablet max 116|target_market_region|global,0.98,product_116,structured,structured_row:NeoTech Tablet Max 116,structured,1
DEC036_B_deepseek-v3.2,train_kb,conservative_noisy_or_conflict_adjusted,NeoTech Tablet Max 116,supports_fast_charging,yes,neotech tablet max 116|supports_fast_charging|yes,0.98,product_116,structured,structured_row:NeoTech Tablet Max 116,structured,1
DEC036_B_deepseek-v3.2,train_kb,conservative_noisy_or_conflict_adjusted,NeoTech Tablet Max 116,has_noise_cancellation,no,neotech tablet max 116|has_noise_cancellation|no,0.98,product_116,structured,structured_row:NeoTech Tablet Max 116,structured,1
DEC036_B_deepseek-v3.2,train_kb,conservative_noisy_or_conflict_adjusted,product,has_price_usd,899,product|has_price_usd|899,0.95,product_116,unstructured,LP=0.917252;LPO=0.999964|Priced at 899 USD. The display measures 13.3 inches. Offers 512GB of internal storage. Weighs approximately 1.8kg. Available in white. Targeted at the Global market. Fast charging is yes.,unstructured,1
DEC036_B_deepseek-v3.2,train_kb,conservative_noisy_or_conflict_adjusted,product,has_screen_size_inch,13.3,product|has_screen_size_inch|13.3,0.94,product_116,unstructured,LP=0.999562;LPO=0.999986|Priced at 899 USD. The display measures 13.3 inches. Offers 512GB of internal storage. Weighs approximately 1.8kg. Available in white. Targeted at the Global market. Fast charging is yes.,unstructured,1
DEC036_B_deepseek-v3.2,train_kb,conservative_noisy_or_conflict_adjusted,product,has_storage_gb,512,product|has_storage_gb|512,0.95,product_116,unstructured,LP=0.999998;LPO=0.999999|Priced at 899 USD. The display measures 13.3 inches. Offers 512GB of internal storage. Weighs approximately 1.8kg. Available in white. Targeted at the Global market. Fast charging is yes.,unstructured,1
DEC036_B_deepseek-v3.2,train_kb,conservative_noisy_or_conflict_adjusted,product,has_weight_kg,1.8,product|has_weight_kg|1.8,0.85,product_116,unstructured,LP=0.999997;LPO=0.999991|Priced at 899 USD. The display measures 13.3 inches. Offers 512GB of internal storage. Weighs approximately 1.8kg. Available in white. Targeted at the Global market. Fast charging is yes.,unstructured,1
DEC036_B_deepseek-v3.2,train_kb,conservative_noisy_or_conflict_adjusted,product,has_color,white,product|has_color|white,0.91,product_116,unstructured,LP=0.999908;LPO=0.999795|Priced at 899 USD. The display measures 13.3 inches. Offers 512GB of internal storage. Weighs approximately 1.8kg. Available in white. Targeted at the Global market. Fast charging is yes.,unstructured,1
DEC036_B_deepseek-v3.2,train_kb,conservative_noisy_or_conflict_adjusted,product,target_market_region,Global,product|target_market_region|global,0.92,product_116,unstructured,LP=0.999248;LPO=0.994776|Priced at 899 USD. The display measures 13.3 inches. Offers 512GB of internal storage. Weighs approximately 1.8kg. Available in white. Targeted at the Global market. Fast charging is yes.,unstructured,1
DEC036_B_deepseek-v3.2,train_kb,conservative_noisy_or_conflict_adjusted,product,supports_fast_charging,yes,product|supports_fast_charging|yes,0.93,product_116,unstructured,LP=0.999469;LPO=0.995791|Priced at 899 USD. The display measures 13.3 inches. Offers 512GB of internal storage. Weighs approximately 1.8kg. Available in white. Targeted at the Global market. Fast charging is yes.,unstructured,1
DEC036_B_deepseek-v3.2,train_kb,conservative_noisy_or_conflict_adjusted,Zenbyte Tablet Air 117,manufactured_by,Zenbyte,zenbyte tablet air 117|manufactured_by|zenbyte,0.98,product_117,structured,structured_row:Zenbyte Tablet Air 117,structured,1
DEC036_B_deepseek-v3.2,train_kb,conservative_noisy_or_conflict_adjusted,Zenbyte Tablet Air 117,belongs_to_category,tablet,zenbyte tablet air 117|belongs_to_category|tablet,0.98,product_117,structured,structured_row:Zenbyte Tablet Air 117,structured,1
DEC036_B_deepseek-v3.2,train_kb,conservative_noisy_or_conflict_adjusted,Zenbyte Tablet Air 117,has_price_usd,1299,zenbyte tablet air 117|has_price_usd|1299,0.98,product_117,structured,structured_row:Zenbyte Tablet Air 117,structured,1
DEC036_B_deepseek-v3.2,train_kb,conservative_noisy_or_conflict_adjusted,Zenbyte Tablet Air 117,has_screen_size_inch,10.9,zenbyte tablet air 117|has_screen_size_inch|10.9,0.98,product_117,structured,structured_row:Zenbyte Tablet Air 117,structured,1
DEC036_B_deepseek-v3.2,train_kb,conservative_noisy_or_conflict_adjusted,Zenbyte Tablet Air 117,has_ram_gb,16,zenbyte tablet air 117|has_ram_gb|16,0.98,product_117,structured,structured_row:Zenbyte Tablet Air 117,structured,1
DEC036_B_deepseek-v3.2,train_kb,conservative_noisy_or_conflict_adjusted,Zenbyte Tablet Air 117,has_storage_gb,256,zenbyte tablet air 117|has_storage_gb|256,0.98,product_117,structured,structured_row:Zenbyte Tablet Air 117,structured,1
DEC036_B_deepseek-v3.2,train_kb,conservative_noisy_or_conflict_adjusted,Zenbyte Tablet Air 117,has_battery_life_hours,20,zenbyte tablet air 117|has_battery_life_hours|20,0.98,product_117,structured,structured_row:Zenbyte Tablet Air 117,structured,1
DEC036_B_deepseek-v3.2,train_kb,conservative_noisy_or_conflict_adjusted,Zenbyte Tablet Air 117,has_weight_kg,1.8,zenbyte tablet air 117|has_weight_kg|1.8,0.98,product_117,structured,structured_row:Zenbyte Tablet Air 117,structured,1
DEC036_B_deepseek-v3.2,train_kb,conservative_noisy_or_conflict_adjusted,Zenbyte Tablet Air 117,has_color,white,zenbyte tablet air 117|has_color|white,0.98,product_117,structured,structured_row:Zenbyte Tablet Air 117,structured,1
DEC036_B_deepseek-v3.2,train_kb,conservative_noisy_or_conflict_adjusted,Zenbyte Tablet Air 117,made_of_material,plastic,zenbyte tablet air 117|made_of_material|plastic,0.98,product_117,structured,structured_row:Zenbyte Tablet Air 117,structured,1
DEC036_B_deepseek-v3.2,train_kb,conservative_noisy_or_conflict_adjusted,Zenbyte Tablet Air 117,target_market_region,US,zenbyte tablet air 117|target_market_region|us,0.98,product_117,structured,structured_row:Zenbyte Tablet Air 117,structured,1
DEC036_B_deepseek-v3.2,train_kb,conservative_noisy_or_conflict_adjusted,Zenbyte Tablet Air 117,supports_fast_charging,no,zenbyte tablet air 117|supports_fast_charging|no,0.98,product_117,structured,structured_row:Zenbyte Tablet Air 117,structured,1
DEC036_B_deepseek-v3.2,train_kb,conservative_noisy_or_conflict_adjusted,Zenbyte Tablet Air 117,has_noise_cancellation,no,zenbyte tablet air 117|has_noise_cancellation|no,0.98,product_117,structured,structured_row:Zenbyte Tablet Air 117,structured,1
DEC036_B_deepseek-v3.2,train_kb,conservative_noisy_or_conflict_adjusted,tablet device,has_screen_size_inch,10.9,tablet device|has_screen_size_inch|10.9,0.94,product_117,unstructured,LP=0.973620;LPO=0.999998|It is a tablet device. The display measures 10.9 inches. Comes with 16GB of RAM. Weighs approximately 1.8kg. Available in white. Built with plastic construction. Targeted at the US market.,unstructured,1
DEC036_B_deepseek-v3.2,train_kb,conservative_noisy_or_conflict_adjusted,tablet device,has_ram_gb,16,tablet device|has_ram_gb|16,0.93,product_117,unstructured,LP=0.999954;LPO=0.999999|It is a tablet device. The display measures 10.9 inches. Comes with 16GB of RAM. Weighs approximately 1.8kg. Available in white. Built with plastic construction. Targeted at the US market.,unstructured,1
DEC036_B_deepseek-v3.2,train_kb,conservative_noisy_or_conflict_adjusted,tablet device,has_weight_kg,1.8,tablet device|has_weight_kg|1.8,0.89,product_117,unstructured,LP=0.999986;LPO=0.999900|It is a tablet device. The display measures 10.9 inches. Comes with 16GB of RAM. Weighs approximately 1.8kg. Available in white. Built with plastic construction. Targeted at the US market.,unstructured,1
DEC036_B_deepseek-v3.2,train_kb,conservative_noisy_or_conflict_adjusted,tablet device,has_color,white,tablet device|has_color|white,0.92,product_117,unstructured,LP=0.999988;LPO=0.999992|It is a tablet device. The display measures 10.9 inches. Comes with 16GB of RAM. Weighs approximately 1.8kg. Available in white. Built with plastic construction. Targeted at the US market.,unstructured,1
DEC036_B_deepseek-v3.2,train_kb,conservative_noisy_or_conflict_adjusted,tablet device,made_of_material,plastic,tablet device|made_of_material|plastic,0.91,product_117,unstructured,LP=0.999982;LPO=0.999990|It is a tablet device. The display measures 10.9 inches. Comes with 16GB of RAM. Weighs approximately 1.8kg. Available in white. Built with plastic construction. Targeted at the US market.,unstructured,1
DEC036_B_deepseek-v3.2,train_kb,conservative_noisy_or_conflict_adjusted,tablet device,target_market_region,US,tablet device|target_market_region|us,0.93,product_117,unstructured,LP=0.999981;LPO=0.999860|It is a tablet device. The display measures 10.9 inches. Comes with 16GB of RAM. Weighs approximately 1.8kg. Available in white. Built with plastic construction. Targeted at the US market.,unstructured,1
DEC036_B_deepseek-v3.2,train_kb,conservative_noisy_or_conflict_adjusted,NeoTech Headphones Lite 118,manufactured_by,NeoTech,neotech headphones lite 118|manufactured_by|neotech,0.98,product_118,structured,structured_row:NeoTech Headphones Lite 118,structured,1
DEC036_B_deepseek-v3.2,train_kb,conservative_noisy_or_conflict_adjusted,NeoTech Headphones Lite 118,belongs_to_category,headphones,neotech headphones lite 118|belongs_to_category|headphones,0.98,product_118,structured,structured_row:NeoTech Headphones Lite 118,structured,1
DEC036_B_deepseek-v3.2,train_kb,conservative_noisy_or_conflict_adjusted,NeoTech Headphones Lite 118,has_price_usd,1099,neotech headphones lite 118|has_price_usd|1099,0.98,product_118,structured,structured_row:NeoTech Headphones Lite 118,structured,1
DEC036_B_deepseek-v3.2,train_kb,conservative_noisy_or_conflict_adjusted,NeoTech Headphones Lite 118,has_screen_size_inch,10.9,neotech headphones lite 118|has_screen_size_inch|10.9,0.98,product_118,structured,structured_row:NeoTech Headphones Lite 118,structured,1
DEC036_B_deepseek-v3.2,train_kb,conservative_noisy_or_conflict_adjusted,NeoTech Headphones Lite 118,has_ram_gb,16,neotech headphones lite 118|has_ram_gb|16,0.98,product_118,structured,structured_row:NeoTech Headphones Lite 118,structured,1
DEC036_B_deepseek-v3.2,train_kb,conservative_noisy_or_conflict_adjusted,NeoTech Headphones Lite 118,has_storage_gb,256,neotech headphones lite 118|has_storage_gb|256,0.98,product_118,structured,structured_row:NeoTech Headphones Lite 118,structured,1
DEC036_B_deepseek-v3.2,train_kb,conservative_noisy_or_conflict_adjusted,NeoTech Headphones Lite 118,has_battery_life_hours,12,neotech headphones lite 118|has_battery_life_hours|12,0.98,product_118,structured,structured_row:NeoTech Headphones Lite 118,structured,1
DEC036_B_deepseek-v3.2,train_kb,conservative_noisy_or_conflict_adjusted,NeoTech Headphones Lite 118,has_weight_kg,0.18,neotech headphones lite 118|has_weight_kg|0.18,0.98,product_118,structured,structured_row:NeoTech Headphones Lite 118,structured,1
DEC036_B_deepseek-v3.2,train_kb,conservative_noisy_or_conflict_adjusted,NeoTech Headphones Lite 118,has_color,silver,neotech headphones lite 118|has_color|silver,0.98,product_118,structured,structured_row:NeoTech Headphones Lite 118,structured,1
DEC036_B_deepseek-v3.2,train_kb,conservative_noisy_or_conflict_adjusted,NeoTech Headphones Lite 118,made_of_material,carbon fiber,neotech headphones lite 118|made_of_material|carbon fiber,0.98,product_118,structured,structured_row:NeoTech Headphones Lite 118,structured,1
DEC036_B_deepseek-v3.2,train_kb,conservative_noisy_or_conflict_adjusted,NeoTech Headphones Lite 118,target_market_region,Global,neotech headphones lite 118|target_market_region|global,0.98,product_118,structured,structured_row:NeoTech Headphones Lite 118,structured,1
DEC036_B_deepseek-v3.2,train_kb,conservative_noisy_or_conflict_adjusted,NeoTech Headphones Lite 118,supports_fast_charging,no,neotech headphones lite 118|supports_fast_charging|no,0.98,product_118,structured,structured_row:NeoTech Headphones Lite 118,structured,1
DEC036_B_deepseek-v3.2,train_kb,conservative_noisy_or_conflict_adjusted,NeoTech Headphones Lite 118,has_noise_cancellation,no,neotech headphones lite 118|has_noise_cancellation|no,0.98,product_118,structured,structured_row:NeoTech Headphones Lite 118,structured,1
DEC036_B_deepseek-v3.2,train_kb,conservative_noisy_or_conflict_adjusted,NeoTech Headphones Lite 118,manufactured_by,NeoTech,neotech headphones lite 118|manufactured_by|neotech,0.94,product_118,unstructured,LP=0.999995;LPO=0.999997|NeoTech Headphones Lite 118 is manufactured by NeoTech. It is a headphones device. Priced at 1099 USD. Comes with 16GB of RAM. Offers 256GB of internal storage. Targeted at the Global market. Fast charging is no.,unstructured,1
DEC036_B_deepseek-v3.2,train_kb,conservative_noisy_or_conflict_adjusted,NeoTech Headphones Lite 118,belongs_to_category,headphones device,neotech headphones lite 118|belongs_to_category|headphones device,0.93,product_118,unstructured,LP=0.961402;LPO=0.560577|NeoTech Headphones Lite 118 is manufactured by NeoTech. It is a headphones device. Priced at 1099 USD. Comes with 16GB of RAM. Offers 256GB of internal storage. Targeted at the Global market. Fast charging is no.,unstructured,1
DEC036_B_deepseek-v3.2,train_kb,conservative_noisy_or_conflict_adjusted,NeoTech Headphones Lite 118,has_price_usd,1099,neotech headphones lite 118|has_price_usd|1099,0.95,product_118,unstructured,LP=0.999890;LPO=0.999969|NeoTech Headphones Lite 118 is manufactured by NeoTech. It is a headphones device. Priced at 1099 USD. Comes with 16GB of RAM. Offers 256GB of internal storage. Targeted at the Global market. Fast charging is no.,unstructured,1
DEC036_B_deepseek-v3.2,train_kb,conservative_noisy_or_conflict_adjusted,NeoTech Headphones Lite 118,has_ram_gb,16,neotech headphones lite 118|has_ram_gb|16,0.93,product_118,unstructured,LP=0.999958;LPO=0.999997|NeoTech Headphones Lite 118 is manufactured by NeoTech. It is a headphones device. Priced at 1099 USD. Comes with 16GB of RAM. Offers 256GB of internal storage. Targeted at the Global market. Fast charging is no.,unstructured,1
DEC036_B_deepseek-v3.2,train_kb,conservative_noisy_or_conflict_adjusted,NeoTech Headphones Lite 118,has_storage_gb,256,neotech headphones lite 118|has_storage_gb|256,0.93,product_118,unstructured,LP=0.999997;LPO=0.999999|NeoTech Headphones Lite 118 is manufactured by NeoTech. It is a headphones device. Priced at 1099 USD. Comes with 16GB of RAM. Offers 256GB of internal storage. Targeted at the Global market. Fast charging is no.,unstructured,1
DEC036_B_deepseek-v3.2,train_kb,conservative_noisy_or_conflict_adjusted,NeoTech Headphones Lite 118,target_market_region,Global,neotech headphones lite 118|target_market_region|global,0.92,product_118,unstructured,LP=0.999994;LPO=0.999983|NeoTech Headphones Lite 118 is manufactured by NeoTech. It is a headphones device. Priced at 1099 USD. Comes with 16GB of RAM. Offers 256GB of internal storage. Targeted at the Global market. Fast charging is no.,unstructured,1
DEC036_B_deepseek-v3.2,train_kb,conservative_noisy_or_conflict_adjusted,NeoTech Headphones Lite 118,supports_fast_charging,no,neotech headphones lite 118|supports_fast_charging|no,0.91,product_118,unstructured,LP=0.996491;LPO=0.948859|NeoTech Headphones Lite 118 is manufactured by NeoTech. It is a headphones device. Priced at 1099 USD. Comes with 16GB of RAM. Offers 256GB of internal storage. Targeted at the Global market. Fast charging is no.,unstructured,1
DEC036_B_deepseek-v3.2,train_kb,conservative_noisy_or_conflict_adjusted,TechNova Tablet Max 119,manufactured_by,TechNova,technova tablet max 119|manufactured_by|technova,0.98,product_119,structured,structured_row:TechNova Tablet Max 119,structured,1
DEC036_B_deepseek-v3.2,train_kb,conservative_noisy_or_conflict_adjusted,TechNova Tablet Max 119,belongs_to_category,tablet,technova tablet max 119|belongs_to_category|tablet,0.98,product_119,structured,structured_row:TechNova Tablet Max 119,structured,1
DEC036_B_deepseek-v3.2,train_kb,conservative_noisy_or_conflict_adjusted,TechNova Tablet Max 119,has_price_usd,349,technova tablet max 119|has_price_usd|349,0.98,product_119,structured,structured_row:TechNova Tablet Max 119,structured,1
DEC036_B_deepseek-v3.2,train_kb,conservative_noisy_or_conflict_adjusted,TechNova Tablet Max 119,has_screen_size_inch,15.6,technova tablet max 119|has_screen_size_inch|15.6,0.98,product_119,structured,structured_row:TechNova Tablet Max 119,structured,1
DEC036_B_deepseek-v3.2,train_kb,conservative_noisy_or_conflict_adjusted,TechNova Tablet Max 119,has_ram_gb,16,technova tablet max 119|has_ram_gb|16,0.98,product_119,structured,structured_row:TechNova Tablet Max 119,structured,1
DEC036_B_deepseek-v3.2,train_kb,conservative_noisy_or_conflict_adjusted,TechNova Tablet Max 119,has_storage_gb,256,technova tablet max 119|has_storage_gb|256,0.98,product_119,structured,structured_row:TechNova Tablet Max 119,structured,1
DEC036_B_deepseek-v3.2,train_kb,conservative_noisy_or_conflict_adjusted,TechNova Tablet Max 119,has_battery_life_hours,18,technova tablet max 119|has_battery_life_hours|18,0.98,product_119,structured,structured_row:TechNova Tablet Max 119,structured,1
DEC036_B_deepseek-v3.2,train_kb,conservative_noisy_or_conflict_adjusted,TechNova Tablet Max 119,has_weight_kg,1.45,technova tablet max 119|has_weight_kg|1.45,0.98,product_119,structured,structured_row:TechNova Tablet Max 119,structured,1
DEC036_B_deepseek-v3.2,train_kb,conservative_noisy_or_conflict_adjusted,TechNova Tablet Max 119,has_color,blue,technova tablet max 119|has_color|blue,0.98,product_119,structured,structured_row:TechNova Tablet Max 119,structured,1
DEC036_B_deepseek-v3.2,train_kb,conservative_noisy_or_conflict_adjusted,TechNova Tablet Max 119,made_of_material,carbon fiber,technova tablet max 119|made_of_material|carbon fiber,0.98,product_119,structured,structured_row:TechNova Tablet Max 119,structured,1
DEC036_B_deepseek-v3.2,train_kb,conservative_noisy_or_conflict_adjusted,TechNova Tablet Max 119,target_market_region,Global,technova tablet max 119|target_market_region|global,0.98,product_119,structured,structured_row:TechNova Tablet Max 119,structured,1
DEC036_B_deepseek-v3.2,train_kb,conservative_noisy_or_conflict_adjusted,TechNova Tablet Max 119,supports_fast_charging,no,technova tablet max 119|supports_fast_charging|no,0.98,product_119,structured,structured_row:TechNova Tablet Max 119,structured,1
DEC036_B_deepseek-v3.2,train_kb,conservative_noisy_or_conflict_adjusted,TechNova Tablet Max 119,has_noise_cancellation,no,technova tablet max 119|has_noise_cancellation|no,0.98,product_119,structured,structured_row:TechNova Tablet Max 119,structured,1
DEC036_B_deepseek-v3.2,train_kb,conservative_noisy_or_conflict_adjusted,TechNova Tablet Max 119,manufactured_by,TechNova,technova tablet max 119|manufactured_by|technova,0.96,product_119,unstructured,LP=0.999996;LPO=0.999997|TechNova Tablet Max 119 is manufactured by TechNova. It is a tablet device. Priced at 349 USD. The display measures 15.6 inches. Available in blue. Built with carbon fiber construction. Targeted at the Global market.,unstructured,1
DEC036_B_deepseek-v3.2,train_kb,conservative_noisy_or_conflict_adjusted,TechNova Tablet Max 119,belongs_to_category,tablet device,technova tablet max 119|belongs_to_category|tablet device,0.94,product_119,unstructured,LP=0.988236;LPO=0.994735|TechNova Tablet Max 119 is manufactured by TechNova. It is a tablet device. Priced at 349 USD. The display measures 15.6 inches. Available in blue. Built with carbon fiber construction. Targeted at the Global market.,unstructured,1
DEC036_B_deepseek-v3.2,train_kb,conservative_noisy_or_conflict_adjusted,TechNova Tablet Max 119,has_price_usd,349,technova tablet max 119|has_price_usd|349,0.93,product_119,unstructured,LP=0.999934;LPO=0.999995|TechNova Tablet Max 119 is manufactured by TechNova. It is a tablet device. Priced at 349 USD. The display measures 15.6 inches. Available in blue. Built with carbon fiber construction. Targeted at the Global market.,unstructured,1
DEC036_B_deepseek-v3.2,train_kb,conservative_noisy_or_conflict_adjusted,TechNova Tablet Max 119,has_screen_size_inch,15.6,technova tablet max 119|has_screen_size_inch|15.6,0.92,product_119,unstructured,LP=0.999984;LPO=0.999999|TechNova Tablet Max 119 is manufactured by TechNova. It is a tablet device. Priced at 349 USD. The display measures 15.6 inches. Available in blue. Built with carbon fiber construction. Targeted at the Global market.,unstructured,1
DEC036_B_deepseek-v3.2,train_kb,conservative_noisy_or_conflict_adjusted,TechNova Tablet Max 119,has_color,blue,technova tablet max 119|has_color|blue,0.91,product_119,unstructured,LP=0.999988;LPO=0.999997|TechNova Tablet Max 119 is manufactured by TechNova. It is a tablet device. Priced at 349 USD. The display measures 15.6 inches. Available in blue. Built with carbon fiber construction. Targeted at the Global market.,unstructured,1
DEC036_B_deepseek-v3.2,train_kb,conservative_noisy_or_conflict_adjusted,TechNova Tablet Max 119,made_of_material,carbon fiber,technova tablet max 119|made_of_material|carbon fiber,0.9,product_119,unstructured,LP=0.999994;LPO=0.999996|TechNova Tablet Max 119 is manufactured by TechNova. It is a tablet device. Priced at 349 USD. The display measures 15.6 inches. Available in blue. Built with carbon fiber construction. Targeted at the Global market.,unstructured,1
DEC036_B_deepseek-v3.2,train_kb,conservative_noisy_or_conflict_adjusted,TechNova Tablet Max 119,target_market_region,Global,technova tablet max 119|target_market_region|global,0.89,product_119,unstructured,LP=0.999999;LPO=0.999993|TechNova Tablet Max 119 is manufactured by TechNova. It is a tablet device. Priced at 349 USD. The display measures 15.6 inches. Available in blue. Built with carbon fiber construction. Targeted at the Global market.,unstructured,1
DEC036_B_deepseek-v3.2,train_kb,conservative_noisy_or_conflict_adjusted,PixelWare Smartwatch Air 120,manufactured_by,PixelWare,pixelware smartwatch air 120|manufactured_by|pixelware,0.98,product_120,structured,structured_row:PixelWare Smartwatch Air 120,structured,1
DEC036_B_deepseek-v3.2,train_kb,conservative_noisy_or_conflict_adjusted,PixelWare Smartwatch Air 120,belongs_to_category,smartwatch,pixelware smartwatch air 120|belongs_to_category|smartwatch,0.98,product_120,structured,structured_row:PixelWare Smartwatch Air 120,structured,1
DEC036_B_deepseek-v3.2,train_kb,conservative_noisy_or_conflict_adjusted,PixelWare Smartwatch Air 120,has_price_usd,699,pixelware smartwatch air 120|has_price_usd|699,0.98,product_120,structured,structured_row:PixelWare Smartwatch Air 120,structured,1
DEC036_B_deepseek-v3.2,train_kb,conservative_noisy_or_conflict_adjusted,PixelWare Smartwatch Air 120,has_screen_size_inch,14.0,pixelware smartwatch air 120|has_screen_size_inch|14.0,0.98,product_120,structured,structured_row:PixelWare Smartwatch Air 120,structured,1
DEC036_B_deepseek-v3.2,train_kb,conservative_noisy_or_conflict_adjusted,PixelWare Smartwatch Air 120,has_ram_gb,12,pixelware smartwatch air 120|has_ram_gb|12,0.98,product_120,structured,structured_row:PixelWare Smartwatch Air 120,structured,1
DEC036_B_deepseek-v3.2,train_kb,conservative_noisy_or_conflict_adjusted,PixelWare Smartwatch Air 120,has_storage_gb,64,pixelware smartwatch air 120|has_storage_gb|64,0.98,product_120,structured,structured_row:PixelWare Smartwatch Air 120,structured,1
DEC036_B_deepseek-v3.2,train_kb,conservative_noisy_or_conflict_adjusted,PixelWare Smartwatch Air 120,has_battery_life_hours,20,pixelware smartwatch air 120|has_battery_life_hours|20,0.98,product_120,structured,structured_row:PixelWare Smartwatch Air 120,structured,1
DEC036_B_deepseek-v3.2,train_kb,conservative_noisy_or_conflict_adjusted,PixelWare Smartwatch Air 120,has_weight_kg,1.8,pixelware smartwatch air 120|has_weight_kg|1.8,0.98,product_120,structured,structured_row:PixelWare Smartwatch Air 120,structured,1
DEC036_B_deepseek-v3.2,train_kb,conservative_noisy_or_conflict_adjusted,PixelWare Smartwatch Air 120,has_color,silver,pixelware smartwatch air 120|has_color|silver,0.98,product_120,structured,structured_row:PixelWare Smartwatch Air 120,structured,1
DEC036_B_deepseek-v3.2,train_kb,conservative_noisy_or_conflict_adjusted,PixelWare Smartwatch Air 120,made_of_material,aluminum,pixelware smartwatch air 120|made_of_material|aluminum,0.98,product_120,structured,structured_row:PixelWare Smartwatch Air 120,structured,1
DEC036_B_deepseek-v3.2,train_kb,conservative_noisy_or_conflict_adjusted,PixelWare Smartwatch Air 120,target_market_region,EU,pixelware smartwatch air 120|target_market_region|eu,0.98,product_120,structured,structured_row:PixelWare Smartwatch Air 120,structured,1
DEC036_B_deepseek-v3.2,train_kb,conservative_noisy_or_conflict_adjusted,PixelWare Smartwatch Air 120,supports_fast_charging,yes,pixelware smartwatch air 120|supports_fast_charging|yes,0.98,product_120,structured,structured_row:PixelWare Smartwatch Air 120,structured,1
DEC036_B_deepseek-v3.2,train_kb,conservative_noisy_or_conflict_adjusted,PixelWare Smartwatch Air 120,has_noise_cancellation,no,pixelware smartwatch air 120|has_noise_cancellation|no,0.98,product_120,structured,structured_row:PixelWare Smartwatch Air 120,structured,1
DEC036_B_deepseek-v3.2,train_kb,conservative_noisy_or_conflict_adjusted,PixelWare Smartwatch Air 120,manufactured_by,PixelWare,pixelware smartwatch air 120|manufactured_by|pixelware,0.94,product_120,unstructured,LP=0.999988;LPO=0.999951|PixelWare Smartwatch Air 120 is manufactured by PixelWare. Priced at 699 USD. Offers 64GB of internal storage. Battery lasts up to 20 hours. Weighs approximately 1.8kg. Available in silver. Fast charging is yes.,unstructured,1
DEC036_B_deepseek-v3.2,train_kb,conservative_noisy_or_conflict_adjusted,PixelWare Smartwatch Air 120,has_price_usd,699,pixelware smartwatch air 120|has_price_usd|699,0.93,product_120,unstructured,LP=0.999240;LPO=0.999995|PixelWare Smartwatch Air 120 is manufactured by PixelWare. Priced at 699 USD. Offers 64GB of internal storage. Battery lasts up to 20 hours. Weighs approximately 1.8kg. Available in silver. Fast charging is yes.,unstructured,1
DEC036_B_deepseek-v3.2,train_kb,conservative_noisy_or_conflict_adjusted,PixelWare Smartwatch Air 120,has_storage_gb,64,pixelware smartwatch air 120|has_storage_gb|64,0.92,product_120,unstructured,LP=0.999980;LPO=0.999999|PixelWare Smartwatch Air 120 is manufactured by PixelWare. Priced at 699 USD. Offers 64GB of internal storage. Battery lasts up to 20 hours. Weighs approximately 1.8kg. Available in silver. Fast charging is yes.,unstructured,1
DEC036_B_deepseek-v3.2,train_kb,conservative_noisy_or_conflict_adjusted,PixelWare Smartwatch Air 120,has_battery_life_hours,20,pixelware smartwatch air 120|has_battery_life_hours|20,0.91,product_120,unstructured,LP=0.999994;LPO=0.999977|PixelWare Smartwatch Air 120 is manufactured by PixelWare. Priced at 699 USD. Offers 64GB of internal storage. Battery lasts up to 20 hours. Weighs approximately 1.8kg. Available in silver. Fast charging is yes.,unstructured,1
DEC036_B_deepseek-v3.2,train_kb,conservative_noisy_or_conflict_adjusted,PixelWare Smartwatch Air 120,has_weight_kg,1.8,pixelware smartwatch air 120|has_weight_kg|1.8,0.9,product_120,unstructured,LP=0.999995;LPO=0.999961|PixelWare Smartwatch Air 120 is manufactured by PixelWare. Priced at 699 USD. Offers 64GB of internal storage. Battery lasts up to 20 hours. Weighs approximately 1.8kg. Available in silver. Fast charging is yes.,unstructured,1
DEC036_B_deepseek-v3.2,train_kb,conservative_noisy_or_conflict_adjusted,PixelWare Smartwatch Air 120,has_color,silver,pixelware smartwatch air 120|has_color|silver,0.93,product_120,unstructured,LP=0.999982;LPO=0.999889|PixelWare Smartwatch Air 120 is manufactured by PixelWare. Priced at 699 USD. Offers 64GB of internal storage. Battery lasts up to 20 hours. Weighs approximately 1.8kg. Available in silver. Fast charging is yes.,unstructured,1
DEC036_B_deepseek-v3.2,train_kb,conservative_noisy_or_conflict_adjusted,PixelWare Smartwatch Air 120,supports_fast_charging,yes,pixelware smartwatch air 120|supports_fast_charging|yes,0.92,product_120,unstructured,LP=0.999852;LPO=0.997963|PixelWare Smartwatch Air 120 is manufactured by PixelWare. Priced at 699 USD. Offers 64GB of internal storage. Battery lasts up to 20 hours. Weighs approximately 1.8kg. Available in silver. Fast charging is yes.,unstructured,1
DEC036_B_deepseek-v3.2,train_kb,conservative_noisy_or_conflict_adjusted,NeoTech Laptop Pro 121,manufactured_by,NeoTech,neotech laptop pro 121|manufactured_by|neotech,0.98,product_121,structured,structured_row:NeoTech Laptop Pro 121,structured,1
DEC036_B_deepseek-v3.2,train_kb,conservative_noisy_or_conflict_adjusted,NeoTech Laptop Pro 121,belongs_to_category,laptop,neotech laptop pro 121|belongs_to_category|laptop,0.98,product_121,structured,structured_row:NeoTech Laptop Pro 121,structured,1
DEC036_B_deepseek-v3.2,train_kb,conservative_noisy_or_conflict_adjusted,NeoTech Laptop Pro 121,has_price_usd,349,neotech laptop pro 121|has_price_usd|349,0.98,product_121,structured,structured_row:NeoTech Laptop Pro 121,structured,1
DEC036_B_deepseek-v3.2,train_kb,conservative_noisy_or_conflict_adjusted,NeoTech Laptop Pro 121,has_screen_size_inch,13.3,neotech laptop pro 121|has_screen_size_inch|13.3,0.98,product_121,structured,structured_row:NeoTech Laptop Pro 121,structured,1
DEC036_B_deepseek-v3.2,train_kb,conservative_noisy_or_conflict_adjusted,NeoTech Laptop Pro 121,has_ram_gb,32,neotech laptop pro 121|has_ram_gb|32,0.98,product_121,structured,structured_row:NeoTech Laptop Pro 121,structured,1
DEC036_B_deepseek-v3.2,train_kb,conservative_noisy_or_conflict_adjusted,NeoTech Laptop Pro 121,has_storage_gb,64,neotech laptop pro 121|has_storage_gb|64,0.98,product_121,structured,structured_row:NeoTech Laptop Pro 121,structured,1
DEC036_B_deepseek-v3.2,train_kb,conservative_noisy_or_conflict_adjusted,NeoTech Laptop Pro 121,has_battery_life_hours,10,neotech laptop pro 121|has_battery_life_hours|10,0.98,product_121,structured,structured_row:NeoTech Laptop Pro 121,structured,1
DEC036_B_deepseek-v3.2,train_kb,conservative_noisy_or_conflict_adjusted,NeoTech Laptop Pro 121,has_weight_kg,0.55,neotech laptop pro 121|has_weight_kg|0.55,0.98,product_121,structured,structured_row:NeoTech Laptop Pro 121,structured,1
DEC036_B_deepseek-v3.2,train_kb,conservative_noisy_or_conflict_adjusted,NeoTech Laptop Pro 121,has_color,blue,neotech laptop pro 121|has_color|blue,0.98,product_121,structured,structured_row:NeoTech Laptop Pro 121,structured,1
DEC036_B_deepseek-v3.2,train_kb,conservative_noisy_or_conflict_adjusted,NeoTech Laptop Pro 121,made_of_material,plastic,neotech laptop pro 121|made_of_material|plastic,0.98,product_121,structured,structured_row:NeoTech Laptop Pro 121,structured,1
DEC036_B_deepseek-v3.2,train_kb,conservative_noisy_or_conflict_adjusted,NeoTech Laptop Pro 121,target_market_region,EU,neotech laptop pro 121|target_market_region|eu,0.98,product_121,structured,structured_row:NeoTech Laptop Pro 121,structured,1
DEC036_B_deepseek-v3.2,train_kb,conservative_noisy_or_conflict_adjusted,NeoTech Laptop Pro 121,supports_fast_charging,yes,neotech laptop pro 121|supports_fast_charging|yes,0.98,product_121,structured,structured_row:NeoTech Laptop Pro 121,structured,1
DEC036_B_deepseek-v3.2,train_kb,conservative_noisy_or_conflict_adjusted,NeoTech Laptop Pro 121,has_noise_cancellation,no,neotech laptop pro 121|has_noise_cancellation|no,0.98,product_121,structured,structured_row:NeoTech Laptop Pro 121,structured,1
DEC036_B_deepseek-v3.2,train_kb,conservative_noisy_or_conflict_adjusted,NeoTech Laptop Pro 121,manufactured_by,NeoTech,neotech laptop pro 121|manufactured_by|neotech,0.95,product_121,unstructured,LP=0.999982;LPO=0.999997|NeoTech Laptop Pro 121 is manufactured by NeoTech. Priced at 349 USD. Comes with 32GB of RAM. Battery lasts up to 10 hours. Weighs approximately 0.55kg. Targeted at the EU market. Noise cancellation: no.,unstructured,1
DEC036_B_deepseek-v3.2,train_kb,conservative_noisy_or_conflict_adjusted,NeoTech Laptop Pro 121,has_price_usd,349,neotech laptop pro 121|has_price_usd|349,0.92,product_121,unstructured,LP=0.999932;LPO=0.999992|NeoTech Laptop Pro 121 is manufactured by NeoTech. Priced at 349 USD. Comes with 32GB of RAM. Battery lasts up to 10 hours. Weighs approximately 0.55kg. Targeted at the EU market. Noise cancellation: no.,unstructured,1
DEC036_B_deepseek-v3.2,train_kb,conservative_noisy_or_conflict_adjusted,NeoTech Laptop Pro 121,has_ram_gb,32,neotech laptop pro 121|has_ram_gb|32,0.94,product_121,unstructured,LP=0.999998;LPO=0.999996|NeoTech Laptop Pro 121 is manufactured by NeoTech. Priced at 349 USD. Comes with 32GB of RAM. Battery lasts up to 10 hours. Weighs approximately 0.55kg. Targeted at the EU market. Noise cancellation: no.,unstructured,1
DEC036_B_deepseek-v3.2,train_kb,conservative_noisy_or_conflict_adjusted,NeoTech Laptop Pro 121,has_battery_life_hours,10,neotech laptop pro 121|has_battery_life_hours|10,0.9,product_121,unstructured,LP=0.999994;LPO=0.999952|NeoTech Laptop Pro 121 is manufactured by NeoTech. Priced at 349 USD. Comes with 32GB of RAM. Battery lasts up to 10 hours. Weighs approximately 0.55kg. Targeted at the EU market. Noise cancellation: no.,unstructured,1
DEC036_B_deepseek-v3.2,train_kb,conservative_noisy_or_conflict_adjusted,NeoTech Laptop Pro 121,has_weight_kg,0.55,neotech laptop pro 121|has_weight_kg|0.55,0.91,product_121,unstructured,LP=0.999977;LPO=0.999996|NeoTech Laptop Pro 121 is manufactured by NeoTech. Priced at 349 USD. Comes with 32GB of RAM. Battery lasts up to 10 hours. Weighs approximately 0.55kg. Targeted at the EU market. Noise cancellation: no.,unstructured,1
DEC036_B_deepseek-v3.2,train_kb,conservative_noisy_or_conflict_adjusted,NeoTech Laptop Pro 121,target_market_region,EU,neotech laptop pro 121|target_market_region|eu,0.93,product_121,unstructured,LP=0.999993;LPO=0.999951|NeoTech Laptop Pro 121 is manufactured by NeoTech. Priced at 349 USD. Comes with 32GB of RAM. Battery lasts up to 10 hours. Weighs approximately 0.55kg. Targeted at the EU market. Noise cancellation: no.,unstructured,1
DEC036_B_deepseek-v3.2,train_kb,conservative_noisy_or_conflict_adjusted,NeoTech Laptop Pro 121,supports_fast_charging,no,neotech laptop pro 121|supports_fast_charging|no,0.89,product_121,unstructured,LP=0.967003;LPO=0.895069|NeoTech Laptop Pro 121 is manufactured by NeoTech. Priced at 349 USD. Comes with 32GB of RAM. Battery lasts up to 10 hours. Weighs approximately 0.55kg. Targeted at the EU market. Noise cancellation: no.,unstructured,1
DEC036_B_deepseek-v3.2,train_kb,conservative_noisy_or_conflict_adjusted,NeoTech Laptop Pro 121,has_noise_cancellation,no,neotech laptop pro 121|has_noise_cancellation|no,0.95,product_121,unstructured,LP=0.999931;LPO=0.999071|NeoTech Laptop Pro 121 is manufactured by NeoTech. Priced at 349 USD. Comes with 32GB of RAM. Battery lasts up to 10 hours. Weighs approximately 0.55kg. Targeted at the EU market. Noise cancellation: no.,unstructured,1
DEC036_B_deepseek-v3.2,train_kb,conservative_noisy_or_conflict_adjusted,Zenbyte Headphones Lite 122,manufactured_by,Zenbyte,zenbyte headphones lite 122|manufactured_by|zenbyte,0.98,product_122,structured,structured_row:Zenbyte Headphones Lite 122,structured,1
DEC036_B_deepseek-v3.2,train_kb,conservative_noisy_or_conflict_adjusted,Zenbyte Headphones Lite 122,belongs_to_category,headphones,zenbyte headphones lite 122|belongs_to_category|headphones,0.98,product_122,structured,structured_row:Zenbyte Headphones Lite 122,structured,1
DEC036_B_deepseek-v3.2,train_kb,conservative_noisy_or_conflict_adjusted,Zenbyte Headphones Lite 122,has_price_usd,1099,zenbyte headphones lite 122|has_price_usd|1099,0.98,product_122,structured,structured_row:Zenbyte Headphones Lite 122,structured,1
DEC036_B_deepseek-v3.2,train_kb,conservative_noisy_or_conflict_adjusted,Zenbyte Headphones Lite 122,has_screen_size_inch,14.0,zenbyte headphones lite 122|has_screen_size_inch|14.0,0.98,product_122,structured,structured_row:Zenbyte Headphones Lite 122,structured,1
DEC036_B_deepseek-v3.2,train_kb,conservative_noisy_or_conflict_adjusted,Zenbyte Headphones Lite 122,has_ram_gb,16,zenbyte headphones lite 122|has_ram_gb|16,0.98,product_122,structured,structured_row:Zenbyte Headphones Lite 122,structured,1
DEC036_B_deepseek-v3.2,train_kb,conservative_noisy_or_conflict_adjusted,Zenbyte Headphones Lite 122,has_storage_gb,1024,zenbyte headphones lite 122|has_storage_gb|1024,0.98,product_122,structured,structured_row:Zenbyte Headphones Lite 122,structured,1
DEC036_B_deepseek-v3.2,train_kb,conservative_noisy_or_conflict_adjusted,Zenbyte Headphones Lite 122,has_battery_life_hours,14,zenbyte headphones lite 122|has_battery_life_hours|14,0.98,product_122,structured,structured_row:Zenbyte Headphones Lite 122,structured,1
DEC036_B_deepseek-v3.2,train_kb,conservative_noisy_or_conflict_adjusted,Zenbyte Headphones Lite 122,has_weight_kg,0.23,zenbyte headphones lite 122|has_weight_kg|0.23,0.98,product_122,structured,structured_row:Zenbyte Headphones Lite 122,structured,1
DEC036_B_deepseek-v3.2,train_kb,conservative_noisy_or_conflict_adjusted,Zenbyte Headphones Lite 122,has_color,green,zenbyte headphones lite 122|has_color|green,0.98,product_122,structured,structured_row:Zenbyte Headphones Lite 122,structured,1
DEC036_B_deepseek-v3.2,train_kb,conservative_noisy_or_conflict_adjusted,Zenbyte Headphones Lite 122,made_of_material,aluminum,zenbyte headphones lite 122|made_of_material|aluminum,0.98,product_122,structured,structured_row:Zenbyte Headphones Lite 122,structured,1
DEC036_B_deepseek-v3.2,train_kb,conservative_noisy_or_conflict_adjusted,Zenbyte Headphones Lite 122,target_market_region,APAC,zenbyte headphones lite 122|target_market_region|apac,0.98,product_122,structured,structured_row:Zenbyte Headphones Lite 122,structured,1
DEC036_B_deepseek-v3.2,train_kb,conservative_noisy_or_conflict_adjusted,Zenbyte Headphones Lite 122,supports_fast_charging,no,zenbyte headphones lite 122|supports_fast_charging|no,0.98,product_122,structured,structured_row:Zenbyte Headphones Lite 122,structured,1
DEC036_B_deepseek-v3.2,train_kb,conservative_noisy_or_conflict_adjusted,Zenbyte Headphones Lite 122,has_noise_cancellation,no,zenbyte headphones lite 122|has_noise_cancellation|no,0.98,product_122,structured,structured_row:Zenbyte Headphones Lite 122,structured,1
DEC036_B_deepseek-v3.2,train_kb,conservative_noisy_or_conflict_adjusted,It,belongs_to_category,headphones,it|belongs_to_category|headphones,0.88,product_122,unstructured,LP=0.844252;LPO=0.996734|It is a headphones device. Priced at 1099 USD. The display measures 14.0 inches. Comes with 16GB of RAM. Offers 1024GB of internal storage. Weighs approximately 0.23kg. Targeted at the APAC market.,unstructured,1
DEC036_B_deepseek-v3.2,train_kb,conservative_noisy_or_conflict_adjusted,It,has_price_usd,1099,it|has_price_usd|1099,0.94,product_122,unstructured,LP=0.999571;LPO=0.999975|It is a headphones device. Priced at 1099 USD. The display measures 14.0 inches. Comes with 16GB of RAM. Offers 1024GB of internal storage. Weighs approximately 0.23kg. Targeted at the APAC market.,unstructured,1
DEC036_B_deepseek-v3.2,train_kb,conservative_noisy_or_conflict_adjusted,It,has_screen_size_inch,14.0,it|has_screen_size_inch|14.0,0.92,product_122,unstructured,LP=0.998203;LPO=0.999720|It is a headphones device. Priced at 1099 USD. The display measures 14.0 inches. Comes with 16GB of RAM. Offers 1024GB of internal storage. Weighs approximately 0.23kg. Targeted at the APAC market.,unstructured,1
DEC036_B_deepseek-v3.2,train_kb,conservative_noisy_or_conflict_adjusted,It,has_ram_gb,16,it|has_ram_gb|16,0.93,product_122,unstructured,LP=0.999981;LPO=0.999999|It is a headphones device. Priced at 1099 USD. The display measures 14.0 inches. Comes with 16GB of RAM. Offers 1024GB of internal storage. Weighs approximately 0.23kg. Targeted at the APAC market.,unstructured,1
DEC036_B_deepseek-v3.2,train_kb,conservative_noisy_or_conflict_adjusted,It,has_storage_gb,1024,it|has_storage_gb|1024,0.93,product_122,unstructured,LP=0.999998;LPO=0.999994|It is a headphones device. Priced at 1099 USD. The display measures 14.0 inches. Comes with 16GB of RAM. Offers 1024GB of internal storage. Weighs approximately 0.23kg. Targeted at the APAC market.,unstructured,1
DEC036_B_deepseek-v3.2,train_kb,conservative_noisy_or_conflict_adjusted,It,has_weight_kg,0.23,it|has_weight_kg|0.23,0.9,product_122,unstructured,LP=0.999994;LPO=0.999988|It is a headphones device. Priced at 1099 USD. The display measures 14.0 inches. Comes with 16GB of RAM. Offers 1024GB of internal storage. Weighs approximately 0.23kg. Targeted at the APAC market.,unstructured,1
DEC036_B_deepseek-v3.2,train_kb,conservative_noisy_or_conflict_adjusted,It,target_market_region,APAC,it|target_market_region|apac,0.91,product_122,unstructured,LP=0.999991;LPO=0.999974|It is a headphones device. Priced at 1099 USD. The display measures 14.0 inches. Comes with 16GB of RAM. Offers 1024GB of internal storage. Weighs approximately 0.23kg. Targeted at the APAC market.,unstructured,1
DEC036_B_deepseek-v3.2,train_kb,conservative_noisy_or_conflict_adjusted,Auralex Laptop Max 123,manufactured_by,Auralex,auralex laptop max 123|manufactured_by|auralex,0.98,product_123,structured,structured_row:Auralex Laptop Max 123,structured,1
DEC036_B_deepseek-v3.2,train_kb,conservative_noisy_or_conflict_adjusted,Auralex Laptop Max 123,belongs_to_category,laptop,auralex laptop max 123|belongs_to_category|laptop,0.98,product_123,structured,structured_row:Auralex Laptop Max 123,structured,1
DEC036_B_deepseek-v3.2,train_kb,conservative_noisy_or_conflict_adjusted,Auralex Laptop Max 123,has_price_usd,899,auralex laptop max 123|has_price_usd|899,0.98,product_123,structured,structured_row:Auralex Laptop Max 123,structured,1
DEC036_B_deepseek-v3.2,train_kb,conservative_noisy_or_conflict_adjusted,Auralex Laptop Max 123,has_screen_size_inch,15.6,auralex laptop max 123|has_screen_size_inch|15.6,0.98,product_123,structured,structured_row:Auralex Laptop Max 123,structured,1
DEC036_B_deepseek-v3.2,train_kb,conservative_noisy_or_conflict_adjusted,Auralex Laptop Max 123,has_ram_gb,12,auralex laptop max 123|has_ram_gb|12,0.98,product_123,structured,structured_row:Auralex Laptop Max 123,structured,1
DEC036_B_deepseek-v3.2,train_kb,conservative_noisy_or_conflict_adjusted,Auralex Laptop Max 123,has_storage_gb,1024,auralex laptop max 123|has_storage_gb|1024,0.98,product_123,structured,structured_row:Auralex Laptop Max 123,structured,1
DEC036_B_deepseek-v3.2,train_kb,conservative_noisy_or_conflict_adjusted,Auralex Laptop Max 123,has_battery_life_hours,12,auralex laptop max 123|has_battery_life_hours|12,0.98,product_123,structured,structured_row:Auralex Laptop Max 123,structured,1
DEC036_B_deepseek-v3.2,train_kb,conservative_noisy_or_conflict_adjusted,Auralex Laptop Max 123,has_weight_kg,0.18,auralex laptop max 123|has_weight_kg|0.18,0.98,product_123,structured,structured_row:Auralex Laptop Max 123,structured,1
DEC036_B_deepseek-v3.2,train_kb,conservative_noisy_or_conflict_adjusted,Auralex Laptop Max 123,has_color,blue,auralex laptop max 123|has_color|blue,0.98,product_123,structured,structured_row:Auralex Laptop Max 123,structured,1
DEC036_B_deepseek-v3.2,train_kb,conservative_noisy_or_conflict_adjusted,Auralex Laptop Max 123,made_of_material,plastic,auralex laptop max 123|made_of_material|plastic,0.98,product_123,structured,structured_row:Auralex Laptop Max 123,structured,1
DEC036_B_deepseek-v3.2,train_kb,conservative_noisy_or_conflict_adjusted,Auralex Laptop Max 123,target_market_region,US,auralex laptop max 123|target_market_region|us,0.98,product_123,structured,structured_row:Auralex Laptop Max 123,structured,1
DEC036_B_deepseek-v3.2,train_kb,conservative_noisy_or_conflict_adjusted,Auralex Laptop Max 123,supports_fast_charging,no,auralex laptop max 123|supports_fast_charging|no,0.98,product_123,structured,structured_row:Auralex Laptop Max 123,structured,1
DEC036_B_deepseek-v3.2,train_kb,conservative_noisy_or_conflict_adjusted,Auralex Laptop Max 123,has_noise_cancellation,no,auralex laptop max 123|has_noise_cancellation|no,0.98,product_123,structured,structured_row:Auralex Laptop Max 123,structured,1
DEC036_B_deepseek-v3.2,train_kb,conservative_noisy_or_conflict_adjusted,laptop device,has_price_usd,899,laptop device|has_price_usd|899,0.92,product_123,unstructured,LP=0.893043;LPO=0.999964|It is a laptop device. Priced at 899 USD. Offers 1024GB of internal storage. Weighs approximately 0.18kg. Targeted at the US market. Fast charging is no. Noise cancellation: no.,unstructured,1
DEC036_B_deepseek-v3.2,train_kb,conservative_noisy_or_conflict_adjusted,laptop device,has_storage_gb,1024,laptop device|has_storage_gb|1024,0.94,product_123,unstructured,LP=0.998873;LPO=0.999997|It is a laptop device. Priced at 899 USD. Offers 1024GB of internal storage. Weighs approximately 0.18kg. Targeted at the US market. Fast charging is no. Noise cancellation: no.,unstructured,1
DEC036_B_deepseek-v3.2,train_kb,conservative_noisy_or_conflict_adjusted,laptop device,has_weight_kg,0.18,laptop device|has_weight_kg|0.18,0.91,product_123,unstructured,LP=0.999976;LPO=0.999987|It is a laptop device. Priced at 899 USD. Offers 1024GB of internal storage. Weighs approximately 0.18kg. Targeted at the US market. Fast charging is no. Noise cancellation: no.,unstructured,1
DEC036_B_deepseek-v3.2,train_kb,conservative_noisy_or_conflict_adjusted,laptop device,target_market_region,US,laptop device|target_market_region|us,0.93,product_123,unstructured,LP=0.999944;LPO=0.999608|It is a laptop device. Priced at 899 USD. Offers 1024GB of internal storage. Weighs approximately 0.18kg. Targeted at the US market. Fast charging is no. Noise cancellation: no.,unstructured,1
DEC036_B_deepseek-v3.2,train_kb,conservative_noisy_or_conflict_adjusted,laptop device,supports_fast_charging,no,laptop device|supports_fast_charging|no,0.91,product_123,unstructured,LP=0.996975;LPO=0.970340|It is a laptop device. Priced at 899 USD. Offers 1024GB of internal storage. Weighs approximately 0.18kg. Targeted at the US market. Fast charging is no. Noise cancellation: no.,unstructured,1
DEC036_B_deepseek-v3.2,train_kb,conservative_noisy_or_conflict_adjusted,laptop device,has_noise_cancellation,no,laptop device|has_noise_cancellation|no,0.91,product_123,unstructured,LP=0.999982;LPO=0.999995|It is a laptop device. Priced at 899 USD. Offers 1024GB of internal storage. Weighs approximately 0.18kg. Targeted at the US market. Fast charging is no. Noise cancellation: no.,unstructured,1
DEC036_B_deepseek-v3.2,train_kb,conservative_noisy_or_conflict_adjusted,NeoTech Smartphone Lite 124,manufactured_by,NeoTech,neotech smartphone lite 124|manufactured_by|neotech,0.98,product_124,structured,structured_row:NeoTech Smartphone Lite 124,structured,1
DEC036_B_deepseek-v3.2,train_kb,conservative_noisy_or_conflict_adjusted,NeoTech Smartphone Lite 124,belongs_to_category,smartphone,neotech smartphone lite 124|belongs_to_category|smartphone,0.98,product_124,structured,structured_row:NeoTech Smartphone Lite 124,structured,1
DEC036_B_deepseek-v3.2,train_kb,conservative_noisy_or_conflict_adjusted,NeoTech Smartphone Lite 124,has_price_usd,699,neotech smartphone lite 124|has_price_usd|699,0.98,product_124,structured,structured_row:NeoTech Smartphone Lite 124,structured,1
DEC036_B_deepseek-v3.2,train_kb,conservative_noisy_or_conflict_adjusted,NeoTech Smartphone Lite 124,has_screen_size_inch,10.9,neotech smartphone lite 124|has_screen_size_inch|10.9,0.98,product_124,structured,structured_row:NeoTech Smartphone Lite 124,structured,1
DEC036_B_deepseek-v3.2,train_kb,conservative_noisy_or_conflict_adjusted,NeoTech Smartphone Lite 124,has_ram_gb,16,neotech smartphone lite 124|has_ram_gb|16,0.98,product_124,structured,structured_row:NeoTech Smartphone Lite 124,structured,1
DEC036_B_deepseek-v3.2,train_kb,conservative_noisy_or_conflict_adjusted,NeoTech Smartphone Lite 124,has_storage_gb,1024,neotech smartphone lite 124|has_storage_gb|1024,0.98,product_124,structured,structured_row:NeoTech Smartphone Lite 124,structured,1
DEC036_B_deepseek-v3.2,train_kb,conservative_noisy_or_conflict_adjusted,NeoTech Smartphone Lite 124,has_battery_life_hours,8,neotech smartphone lite 124|has_battery_life_hours|8,0.98,product_124,structured,structured_row:NeoTech Smartphone Lite 124,structured,1
DEC036_B_deepseek-v3.2,train_kb,conservative_noisy_or_conflict_adjusted,NeoTech Smartphone Lite 124,has_weight_kg,0.42,neotech smartphone lite 124|has_weight_kg|0.42,0.98,product_124,structured,structured_row:NeoTech Smartphone Lite 124,structured,1
DEC036_B_deepseek-v3.2,train_kb,conservative_noisy_or_conflict_adjusted,NeoTech Smartphone Lite 124,has_color,white,neotech smartphone lite 124|has_color|white,0.98,product_124,structured,structured_row:NeoTech Smartphone Lite 124,structured,1
DEC036_B_deepseek-v3.2,train_kb,conservative_noisy_or_conflict_adjusted,NeoTech Smartphone Lite 124,made_of_material,aluminum,neotech smartphone lite 124|made_of_material|aluminum,0.98,product_124,structured,structured_row:NeoTech Smartphone Lite 124,structured,1
DEC036_B_deepseek-v3.2,train_kb,conservative_noisy_or_conflict_adjusted,NeoTech Smartphone Lite 124,target_market_region,Global,neotech smartphone lite 124|target_market_region|global,0.98,product_124,structured,structured_row:NeoTech Smartphone Lite 124,structured,1
DEC036_B_deepseek-v3.2,train_kb,conservative_noisy_or_conflict_adjusted,NeoTech Smartphone Lite 124,supports_fast_charging,no,neotech smartphone lite 124|supports_fast_charging|no,0.98,product_124,structured,structured_row:NeoTech Smartphone Lite 124,structured,1
DEC036_B_deepseek-v3.2,train_kb,conservative_noisy_or_conflict_adjusted,NeoTech Smartphone Lite 124,has_noise_cancellation,no,neotech smartphone lite 124|has_noise_cancellation|no,0.98,product_124,structured,structured_row:NeoTech Smartphone Lite 124,structured,1
DEC036_B_deepseek-v3.2,train_kb,conservative_noisy_or_conflict_adjusted,NeoTech Smartphone Lite 124,manufactured_by,NeoTech,neotech smartphone lite 124|manufactured_by|neotech,0.92,product_124,unstructured,LP=0.999999;LPO=0.999999|NeoTech Smartphone Lite 124 is manufactured by NeoTech. It is a smartphone device. The display measures 10.9 inches. Comes with 16GB of RAM. Weighs approximately 0.42kg. Built with aluminum construction. Fast charging is no.,unstructured,1
DEC036_B_deepseek-v3.2,train_kb,conservative_noisy_or_conflict_adjusted,NeoTech Smartphone Lite 124,has_screen_size_inch,10.9,neotech smartphone lite 124|has_screen_size_inch|10.9,0.91,product_124,unstructured,LP=0.914971;LPO=0.999991|NeoTech Smartphone Lite 124 is manufactured by NeoTech. It is a smartphone device. The display measures 10.9 inches. Comes with 16GB of RAM. Weighs approximately 0.42kg. Built with aluminum construction. Fast charging is no.,unstructured,1
DEC036_B_deepseek-v3.2,train_kb,conservative_noisy_or_conflict_adjusted,NeoTech Smartphone Lite 124,has_ram_gb,16,neotech smartphone lite 124|has_ram_gb|16,0.93,product_124,unstructured,LP=0.999981;LPO=1.000000|NeoTech Smartphone Lite 124 is manufactured by NeoTech. It is a smartphone device. The display measures 10.9 inches. Comes with 16GB of RAM. Weighs approximately 0.42kg. Built with aluminum construction. Fast charging is no.,unstructured,1
DEC036_B_deepseek-v3.2,train_kb,conservative_noisy_or_conflict_adjusted,NeoTech Smartphone Lite 124,has_weight_kg,0.42,neotech smartphone lite 124|has_weight_kg|0.42,0.9,product_124,unstructured,LP=0.999997;LPO=0.999997|NeoTech Smartphone Lite 124 is manufactured by NeoTech. It is a smartphone device. The display measures 10.9 inches. Comes with 16GB of RAM. Weighs approximately 0.42kg. Built with aluminum construction. Fast charging is no.,unstructured,1
DEC036_B_deepseek-v3.2,train_kb,conservative_noisy_or_conflict_adjusted,NeoTech Smartphone Lite 124,made_of_material,aluminum,neotech smartphone lite 124|made_of_material|aluminum,0.92,product_124,unstructured,LP=0.999980;LPO=0.999967|NeoTech Smartphone Lite 124 is manufactured by NeoTech. It is a smartphone device. The display measures 10.9 inches. Comes with 16GB of RAM. Weighs approximately 0.42kg. Built with aluminum construction. Fast charging is no.,unstructured,1
DEC036_B_deepseek-v3.2,train_kb,conservative_noisy_or_conflict_adjusted,NeoTech Smartphone Lite 124,supports_fast_charging,no,neotech smartphone lite 124|supports_fast_charging|no,0.88,product_124,unstructured,LP=0.995631;LPO=0.937470|NeoTech Smartphone Lite 124 is manufactured by NeoTech. It is a smartphone device. The display measures 10.9 inches. Comes with 16GB of RAM. Weighs approximately 0.42kg. Built with aluminum construction. Fast charging is no.,unstructured,1
DEC036_B_deepseek-v3.2,train_kb,conservative_noisy_or_conflict_adjusted,TechNova Tablet Pro 125,manufactured_by,TechNova,technova tablet pro 125|manufactured_by|technova,0.98,product_125,structured,structured_row:TechNova Tablet Pro 125,structured,1
DEC036_B_deepseek-v3.2,train_kb,conservative_noisy_or_conflict_adjusted,TechNova Tablet Pro 125,belongs_to_category,tablet,technova tablet pro 125|belongs_to_category|tablet,0.98,product_125,structured,structured_row:TechNova Tablet Pro 125,structured,1
DEC036_B_deepseek-v3.2,train_kb,conservative_noisy_or_conflict_adjusted,TechNova Tablet Pro 125,has_price_usd,499,technova tablet pro 125|has_price_usd|499,0.98,product_125,structured,structured_row:TechNova Tablet Pro 125,structured,1
DEC036_B_deepseek-v3.2,train_kb,conservative_noisy_or_conflict_adjusted,TechNova Tablet Pro 125,has_screen_size_inch,10.9,technova tablet pro 125|has_screen_size_inch|10.9,0.98,product_125,structured,structured_row:TechNova Tablet Pro 125,structured,1
DEC036_B_deepseek-v3.2,train_kb,conservative_noisy_or_conflict_adjusted,TechNova Tablet Pro 125,has_ram_gb,16,technova tablet pro 125|has_ram_gb|16,0.98,product_125,structured,structured_row:TechNova Tablet Pro 125,structured,1
DEC036_B_deepseek-v3.2,train_kb,conservative_noisy_or_conflict_adjusted,TechNova Tablet Pro 125,has_storage_gb,128,technova tablet pro 125|has_storage_gb|128,0.98,product_125,structured,structured_row:TechNova Tablet Pro 125,structured,1
DEC036_B_deepseek-v3.2,train_kb,conservative_noisy_or_conflict_adjusted,TechNova Tablet Pro 125,has_battery_life_hours,10,technova tablet pro 125|has_battery_life_hours|10,0.98,product_125,structured,structured_row:TechNova Tablet Pro 125,structured,1
DEC036_B_deepseek-v3.2,train_kb,conservative_noisy_or_conflict_adjusted,TechNova Tablet Pro 125,has_weight_kg,0.23,technova tablet pro 125|has_weight_kg|0.23,0.98,product_125,structured,structured_row:TechNova Tablet Pro 125,structured,1
DEC036_B_deepseek-v3.2,train_kb,conservative_noisy_or_conflict_adjusted,TechNova Tablet Pro 125,has_color,green,technova tablet pro 125|has_color|green,0.98,product_125,structured,structured_row:TechNova Tablet Pro 125,structured,1
DEC036_B_deepseek-v3.2,train_kb,conservative_noisy_or_conflict_adjusted,TechNova Tablet Pro 125,made_of_material,carbon fiber,technova tablet pro 125|made_of_material|carbon fiber,0.98,product_125,structured,structured_row:TechNova Tablet Pro 125,structured,1
DEC036_B_deepseek-v3.2,train_kb,conservative_noisy_or_conflict_adjusted,TechNova Tablet Pro 125,target_market_region,APAC,technova tablet pro 125|target_market_region|apac,0.98,product_125,structured,structured_row:TechNova Tablet Pro 125,structured,1
DEC036_B_deepseek-v3.2,train_kb,conservative_noisy_or_conflict_adjusted,TechNova Tablet Pro 125,supports_fast_charging,no,technova tablet pro 125|supports_fast_charging|no,0.98,product_125,structured,structured_row:TechNova Tablet Pro 125,structured,1
DEC036_B_deepseek-v3.2,train_kb,conservative_noisy_or_conflict_adjusted,TechNova Tablet Pro 125,has_noise_cancellation,no,technova tablet pro 125|has_noise_cancellation|no,0.98,product_125,structured,structured_row:TechNova Tablet Pro 125,structured,1
DEC036_B_deepseek-v3.2,train_kb,conservative_noisy_or_conflict_adjusted,Product,has_price_usd,499,product|has_price_usd|499,0.95,product_125,unstructured,LP=0.867012;LPO=0.999979|Priced at 499 USD. Offers 128GB of internal storage. Battery lasts up to 10 hours. Weighs approximately 0.23kg. Available in green. Built with carbon fiber construction. Fast charging is no.,unstructured,1
DEC036_B_deepseek-v3.2,train_kb,conservative_noisy_or_conflict_adjusted,Product,has_storage_gb,128,product|has_storage_gb|128,0.94,product_125,unstructured,LP=0.999997;LPO=1.000000|Priced at 499 USD. Offers 128GB of internal storage. Battery lasts up to 10 hours. Weighs approximately 0.23kg. Available in green. Built with carbon fiber construction. Fast charging is no.,unstructured,1
DEC036_B_deepseek-v3.2,train_kb,conservative_noisy_or_conflict_adjusted,Product,has_battery_life_hours,10,product|has_battery_life_hours|10,0.92,product_125,unstructured,LP=0.999990;LPO=0.999963|Priced at 499 USD. Offers 128GB of internal storage. Battery lasts up to 10 hours. Weighs approximately 0.23kg. Available in green. Built with carbon fiber construction. Fast charging is no.,unstructured,1
DEC036_B_deepseek-v3.2,train_kb,conservative_noisy_or_conflict_adjusted,Product,has_weight_kg,0.23,product|has_weight_kg|0.23,0.9,product_125,unstructured,LP=0.999983;LPO=0.999997|Priced at 499 USD. Offers 128GB of internal storage. Battery lasts up to 10 hours. Weighs approximately 0.23kg. Available in green. Built with carbon fiber construction. Fast charging is no.,unstructured,1
DEC036_B_deepseek-v3.2,train_kb,conservative_noisy_or_conflict_adjusted,Product,has_color,green,product|has_color|green,0.93,product_125,unstructured,LP=0.999958;LPO=0.999840|Priced at 499 USD. Offers 128GB of internal storage. Battery lasts up to 10 hours. Weighs approximately 0.23kg. Available in green. Built with carbon fiber construction. Fast charging is no.,unstructured,1
DEC036_B_deepseek-v3.2,train_kb,conservative_noisy_or_conflict_adjusted,Product,made_of_material,carbon fiber,product|made_of_material|carbon fiber,0.91,product_125,unstructured,LP=0.999983;LPO=0.999941|Priced at 499 USD. Offers 128GB of internal storage. Battery lasts up to 10 hours. Weighs approximately 0.23kg. Available in green. Built with carbon fiber construction. Fast charging is no.,unstructured,1
DEC036_B_deepseek-v3.2,train_kb,conservative_noisy_or_conflict_adjusted,Product,supports_fast_charging,no,product|supports_fast_charging|no,0.88,product_125,unstructured,LP=0.989751;LPO=0.920903|Priced at 499 USD. Offers 128GB of internal storage. Battery lasts up to 10 hours. Weighs approximately 0.23kg. Available in green. Built with carbon fiber construction. Fast charging is no.,unstructured,1
DEC036_B_deepseek-v3.2,train_kb,conservative_noisy_or_conflict_adjusted,TechNova Smartwatch Plus 126,manufactured_by,TechNova,technova smartwatch plus 126|manufactured_by|technova,0.98,product_126,structured,structured_row:TechNova Smartwatch Plus 126,structured,1
DEC036_B_deepseek-v3.2,train_kb,conservative_noisy_or_conflict_adjusted,TechNova Smartwatch Plus 126,belongs_to_category,smartwatch,technova smartwatch plus 126|belongs_to_category|smartwatch,0.98,product_126,structured,structured_row:TechNova Smartwatch Plus 126,structured,1
DEC036_B_deepseek-v3.2,train_kb,conservative_noisy_or_conflict_adjusted,TechNova Smartwatch Plus 126,has_price_usd,1099,technova smartwatch plus 126|has_price_usd|1099,0.98,product_126,structured,structured_row:TechNova Smartwatch Plus 126,structured,1
DEC036_B_deepseek-v3.2,train_kb,conservative_noisy_or_conflict_adjusted,TechNova Smartwatch Plus 126,has_screen_size_inch,13.3,technova smartwatch plus 126|has_screen_size_inch|13.3,0.98,product_126,structured,structured_row:TechNova Smartwatch Plus 126,structured,1
DEC036_B_deepseek-v3.2,train_kb,conservative_noisy_or_conflict_adjusted,TechNova Smartwatch Plus 126,has_ram_gb,32,technova smartwatch plus 126|has_ram_gb|32,0.98,product_126,structured,structured_row:TechNova Smartwatch Plus 126,structured,1
DEC036_B_deepseek-v3.2,train_kb,conservative_noisy_or_conflict_adjusted,TechNova Smartwatch Plus 126,has_storage_gb,256,technova smartwatch plus 126|has_storage_gb|256,0.98,product_126,structured,structured_row:TechNova Smartwatch Plus 126,structured,1
DEC036_B_deepseek-v3.2,train_kb,conservative_noisy_or_conflict_adjusted,TechNova Smartwatch Plus 126,has_battery_life_hours,8,technova smartwatch plus 126|has_battery_life_hours|8,0.98,product_126,structured,structured_row:TechNova Smartwatch Plus 126,structured,1
DEC036_B_deepseek-v3.2,train_kb,conservative_noisy_or_conflict_adjusted,TechNova Smartwatch Plus 126,has_weight_kg,1.2,technova smartwatch plus 126|has_weight_kg|1.2,0.98,product_126,structured,structured_row:TechNova Smartwatch Plus 126,structured,1
DEC036_B_deepseek-v3.2,train_kb,conservative_noisy_or_conflict_adjusted,TechNova Smartwatch Plus 126,has_color,silver,technova smartwatch plus 126|has_color|silver,0.98,product_126,structured,structured_row:TechNova Smartwatch Plus 126,structured,1
DEC036_B_deepseek-v3.2,train_kb,conservative_noisy_or_conflict_adjusted,TechNova Smartwatch Plus 126,made_of_material,aluminum,technova smartwatch plus 126|made_of_material|aluminum,0.98,product_126,structured,structured_row:TechNova Smartwatch Plus 126,structured,1
DEC036_B_deepseek-v3.2,train_kb,conservative_noisy_or_conflict_adjusted,TechNova Smartwatch Plus 126,target_market_region,EU,technova smartwatch plus 126|target_market_region|eu,0.98,product_126,structured,structured_row:TechNova Smartwatch Plus 126,structured,1
DEC036_B_deepseek-v3.2,train_kb,conservative_noisy_or_conflict_adjusted,TechNova Smartwatch Plus 126,supports_fast_charging,yes,technova smartwatch plus 126|supports_fast_charging|yes,0.98,product_126,structured,structured_row:TechNova Smartwatch Plus 126,structured,1
DEC036_B_deepseek-v3.2,train_kb,conservative_noisy_or_conflict_adjusted,TechNova Smartwatch Plus 126,has_noise_cancellation,no,technova smartwatch plus 126|has_noise_cancellation|no,0.98,product_126,structured,structured_row:TechNova Smartwatch Plus 126,structured,1
DEC036_B_deepseek-v3.2,train_kb,conservative_noisy_or_conflict_adjusted,TechNova Smartwatch Plus 126,manufactured_by,TechNova,technova smartwatch plus 126|manufactured_by|technova,0.96,product_126,unstructured,LP=0.999996;LPO=0.999999|TechNova Smartwatch Plus 126 is manufactured by TechNova. It is a smartwatch device. Priced at 1099 USD. The display measures 13.3 inches. Available in silver. Targeted at the EU market. Fast charging is yes.,unstructured,1
DEC036_B_deepseek-v3.2,train_kb,conservative_noisy_or_conflict_adjusted,TechNova Smartwatch Plus 126,belongs_to_category,smartwatch device,technova smartwatch plus 126|belongs_to_category|smartwatch device,0.9,product_126,unstructured,LP=0.973460;LPO=0.817474|TechNova Smartwatch Plus 126 is manufactured by TechNova. It is a smartwatch device. Priced at 1099 USD. The display measures 13.3 inches. Available in silver. Targeted at the EU market. Fast charging is yes.,unstructured,1
DEC036_B_deepseek-v3.2,train_kb,conservative_noisy_or_conflict_adjusted,TechNova Smartwatch Plus 126,has_price_usd,1099,technova smartwatch plus 126|has_price_usd|1099,0.95,product_126,unstructured,LP=0.999984;LPO=0.999974|TechNova Smartwatch Plus 126 is manufactured by TechNova. It is a smartwatch device. Priced at 1099 USD. The display measures 13.3 inches. Available in silver. Targeted at the EU market. Fast charging is yes.,unstructured,1
DEC036_B_deepseek-v3.2,train_kb,conservative_noisy_or_conflict_adjusted,TechNova Smartwatch Plus 126,has_screen_size_inch,13.3,technova smartwatch plus 126|has_screen_size_inch|13.3,0.94,product_126,unstructured,LP=0.999972;LPO=0.999975|TechNova Smartwatch Plus 126 is manufactured by TechNova. It is a smartwatch device. Priced at 1099 USD. The display measures 13.3 inches. Available in silver. Targeted at the EU market. Fast charging is yes.,unstructured,1
DEC036_B_deepseek-v3.2,train_kb,conservative_noisy_or_conflict_adjusted,TechNova Smartwatch Plus 126,has_color,silver,technova smartwatch plus 126|has_color|silver,0.92,product_126,unstructured,LP=0.999986;LPO=0.999995|TechNova Smartwatch Plus 126 is manufactured by TechNova. It is a smartwatch device. Priced at 1099 USD. The display measures 13.3 inches. Available in silver. Targeted at the EU market. Fast charging is yes.,unstructured,1
DEC036_B_deepseek-v3.2,train_kb,conservative_noisy_or_conflict_adjusted,TechNova Smartwatch Plus 126,target_market_region,EU,technova smartwatch plus 126|target_market_region|eu,0.93,product_126,unstructured,LP=0.999998;LPO=0.999989|TechNova Smartwatch Plus 126 is manufactured by TechNova. It is a smartwatch device. Priced at 1099 USD. The display measures 13.3 inches. Available in silver. Targeted at the EU market. Fast charging is yes.,unstructured,1
DEC036_B_deepseek-v3.2,train_kb,conservative_noisy_or_conflict_adjusted,TechNova Smartwatch Plus 126,supports_fast_charging,yes,technova smartwatch plus 126|supports_fast_charging|yes,0.91,product_126,unstructured,LP=0.999984;LPO=0.999773|TechNova Smartwatch Plus 126 is manufactured by TechNova. It is a smartwatch device. Priced at 1099 USD. The display measures 13.3 inches. Available in silver. Targeted at the EU market. Fast charging is yes.,unstructured,1
DEC036_B_deepseek-v3.2,train_kb,conservative_noisy_or_conflict_adjusted,Zenbyte Headphones Plus 127,manufactured_by,Zenbyte,zenbyte headphones plus 127|manufactured_by|zenbyte,0.98,product_127,structured,structured_row:Zenbyte Headphones Plus 127,structured,1
DEC036_B_deepseek-v3.2,train_kb,conservative_noisy_or_conflict_adjusted,Zenbyte Headphones Plus 127,belongs_to_category,headphones,zenbyte headphones plus 127|belongs_to_category|headphones,0.98,product_127,structured,structured_row:Zenbyte Headphones Plus 127,structured,1
DEC036_B_deepseek-v3.2,train_kb,conservative_noisy_or_conflict_adjusted,Zenbyte Headphones Plus 127,has_price_usd,1099,zenbyte headphones plus 127|has_price_usd|1099,0.98,product_127,structured,structured_row:Zenbyte Headphones Plus 127,structured,1
DEC036_B_deepseek-v3.2,train_kb,conservative_noisy_or_conflict_adjusted,Zenbyte Headphones Plus 127,has_screen_size_inch,6.1,zenbyte headphones plus 127|has_screen_size_inch|6.1,0.98,product_127,structured,structured_row:Zenbyte Headphones Plus 127,structured,1
DEC036_B_deepseek-v3.2,train_kb,conservative_noisy_or_conflict_adjusted,Zenbyte Headphones Plus 127,has_ram_gb,16,zenbyte headphones plus 127|has_ram_gb|16,0.98,product_127,structured,structured_row:Zenbyte Headphones Plus 127,structured,1
DEC036_B_deepseek-v3.2,train_kb,conservative_noisy_or_conflict_adjusted,Zenbyte Headphones Plus 127,has_storage_gb,512,zenbyte headphones plus 127|has_storage_gb|512,0.98,product_127,structured,structured_row:Zenbyte Headphones Plus 127,structured,1
DEC036_B_deepseek-v3.2,train_kb,conservative_noisy_or_conflict_adjusted,Zenbyte Headphones Plus 127,has_battery_life_hours,24,zenbyte headphones plus 127|has_battery_life_hours|24,0.98,product_127,structured,structured_row:Zenbyte Headphones Plus 127,structured,1
DEC036_B_deepseek-v3.2,train_kb,conservative_noisy_or_conflict_adjusted,Zenbyte Headphones Plus 127,has_weight_kg,0.18,zenbyte headphones plus 127|has_weight_kg|0.18,0.98,product_127,structured,structured_row:Zenbyte Headphones Plus 127,structured,1
DEC036_B_deepseek-v3.2,train_kb,conservative_noisy_or_conflict_adjusted,Zenbyte Headphones Plus 127,has_color,white,zenbyte headphones plus 127|has_color|white,0.98,product_127,structured,structured_row:Zenbyte Headphones Plus 127,structured,1
DEC036_B_deepseek-v3.2,train_kb,conservative_noisy_or_conflict_adjusted,Zenbyte Headphones Plus 127,made_of_material,aluminum,zenbyte headphones plus 127|made_of_material|aluminum,0.98,product_127,structured,structured_row:Zenbyte Headphones Plus 127,structured,1
DEC036_B_deepseek-v3.2,train_kb,conservative_noisy_or_conflict_adjusted,Zenbyte Headphones Plus 127,target_market_region,US,zenbyte headphones plus 127|target_market_region|us,0.98,product_127,structured,structured_row:Zenbyte Headphones Plus 127,structured,1
DEC036_B_deepseek-v3.2,train_kb,conservative_noisy_or_conflict_adjusted,Zenbyte Headphones Plus 127,supports_fast_charging,no,zenbyte headphones plus 127|supports_fast_charging|no,0.98,product_127,structured,structured_row:Zenbyte Headphones Plus 127,structured,1
DEC036_B_deepseek-v3.2,train_kb,conservative_noisy_or_conflict_adjusted,Zenbyte Headphones Plus 127,has_noise_cancellation,yes,zenbyte headphones plus 127|has_noise_cancellation|yes,0.98,product_127,structured,structured_row:Zenbyte Headphones Plus 127,structured,1
DEC036_B_deepseek-v3.2,train_kb,conservative_noisy_or_conflict_adjusted,Zenbyte Headphones Plus 127,manufactured_by,Zenbyte,zenbyte headphones plus 127|manufactured_by|zenbyte,0.96,product_127,unstructured,LP=0.999995;LPO=0.999997|Zenbyte Headphones Plus 127 is manufactured by Zenbyte. Offers 512GB of internal storage. Battery lasts up to 24 hours. Weighs approximately 0.18kg. Available in white. Built with aluminum construction. Targeted at the US market.,unstructured,1
DEC036_B_deepseek-v3.2,train_kb,conservative_noisy_or_conflict_adjusted,Zenbyte Headphones Plus 127,has_storage_gb,512,zenbyte headphones plus 127|has_storage_gb|512,0.93,product_127,unstructured,LP=0.999991;LPO=0.999998|Zenbyte Headphones Plus 127 is manufactured by Zenbyte. Offers 512GB of internal storage. Battery lasts up to 24 hours. Weighs approximately 0.18kg. Available in white. Built with aluminum construction. Targeted at the US market.,unstructured,1
DEC036_B_deepseek-v3.2,train_kb,conservative_noisy_or_conflict_adjusted,Zenbyte Headphones Plus 127,has_battery_life_hours,24,zenbyte headphones plus 127|has_battery_life_hours|24,0.9,product_127,unstructured,LP=0.999983;LPO=0.999993|Zenbyte Headphones Plus 127 is manufactured by Zenbyte. Offers 512GB of internal storage. Battery lasts up to 24 hours. Weighs approximately 0.18kg. Available in white. Built with aluminum construction. Targeted at the US market.,unstructured,1
DEC036_B_deepseek-v3.2,train_kb,conservative_noisy_or_conflict_adjusted,Zenbyte Headphones Plus 127,has_weight_kg,0.18,zenbyte headphones plus 127|has_weight_kg|0.18,0.88,product_127,unstructured,LP=0.999998;LPO=0.999991|Zenbyte Headphones Plus 127 is manufactured by Zenbyte. Offers 512GB of internal storage. Battery lasts up to 24 hours. Weighs approximately 0.18kg. Available in white. Built with aluminum construction. Targeted at the US market.,unstructured,1
DEC036_B_deepseek-v3.2,train_kb,conservative_noisy_or_conflict_adjusted,Zenbyte Headphones Plus 127,has_color,white,zenbyte headphones plus 127|has_color|white,0.92,product_127,unstructured,LP=0.999991;LPO=0.999964|Zenbyte Headphones Plus 127 is manufactured by Zenbyte. Offers 512GB of internal storage. Battery lasts up to 24 hours. Weighs approximately 0.18kg. Available in white. Built with aluminum construction. Targeted at the US market.,unstructured,1
DEC036_B_deepseek-v3.2,train_kb,conservative_noisy_or_conflict_adjusted,Zenbyte Headphones Plus 127,made_of_material,aluminum,zenbyte headphones plus 127|made_of_material|aluminum,0.91,product_127,unstructured,LP=0.999993;LPO=0.999977|Zenbyte Headphones Plus 127 is manufactured by Zenbyte. Offers 512GB of internal storage. Battery lasts up to 24 hours. Weighs approximately 0.18kg. Available in white. Built with aluminum construction. Targeted at the US market.,unstructured,1
DEC036_B_deepseek-v3.2,train_kb,conservative_noisy_or_conflict_adjusted,Zenbyte Headphones Plus 127,target_market_region,US,zenbyte headphones plus 127|target_market_region|us,0.94,product_127,unstructured,LP=0.999994;LPO=0.999941|Zenbyte Headphones Plus 127 is manufactured by Zenbyte. Offers 512GB of internal storage. Battery lasts up to 24 hours. Weighs approximately 0.18kg. Available in white. Built with aluminum construction. Targeted at the US market.,unstructured,1
DEC036_B_deepseek-v3.2,train_kb,conservative_noisy_or_conflict_adjusted,TechNova Laptop Air 129,manufactured_by,TechNova,technova laptop air 129|manufactured_by|technova,0.98,product_129,structured,structured_row:TechNova Laptop Air 129,structured,1
DEC036_B_deepseek-v3.2,train_kb,conservative_noisy_or_conflict_adjusted,TechNova Laptop Air 129,belongs_to_category,laptop,technova laptop air 129|belongs_to_category|laptop,0.98,product_129,structured,structured_row:TechNova Laptop Air 129,structured,1
DEC036_B_deepseek-v3.2,train_kb,conservative_noisy_or_conflict_adjusted,TechNova Laptop Air 129,has_price_usd,899,technova laptop air 129|has_price_usd|899,0.98,product_129,structured,structured_row:TechNova Laptop Air 129,structured,1
DEC036_B_deepseek-v3.2,train_kb,conservative_noisy_or_conflict_adjusted,TechNova Laptop Air 129,has_screen_size_inch,11.0,technova laptop air 129|has_screen_size_inch|11.0,0.98,product_129,structured,structured_row:TechNova Laptop Air 129,structured,1
DEC036_B_deepseek-v3.2,train_kb,conservative_noisy_or_conflict_adjusted,TechNova Laptop Air 129,has_ram_gb,4,technova laptop air 129|has_ram_gb|4,0.98,product_129,structured,structured_row:TechNova Laptop Air 129,structured,1
DEC036_B_deepseek-v3.2,train_kb,conservative_noisy_or_conflict_adjusted,TechNova Laptop Air 129,has_storage_gb,1024,technova laptop air 129|has_storage_gb|1024,0.98,product_129,structured,structured_row:TechNova Laptop Air 129,structured,1
DEC036_B_deepseek-v3.2,train_kb,conservative_noisy_or_conflict_adjusted,TechNova Laptop Air 129,has_battery_life_hours,10,technova laptop air 129|has_battery_life_hours|10,0.98,product_129,structured,structured_row:TechNova Laptop Air 129,structured,1
DEC036_B_deepseek-v3.2,train_kb,conservative_noisy_or_conflict_adjusted,TechNova Laptop Air 129,has_weight_kg,1.45,technova laptop air 129|has_weight_kg|1.45,0.98,product_129,structured,structured_row:TechNova Laptop Air 129,structured,1
DEC036_B_deepseek-v3.2,train_kb,conservative_noisy_or_conflict_adjusted,TechNova Laptop Air 129,has_color,white,technova laptop air 129|has_color|white,0.98,product_129,structured,structured_row:TechNova Laptop Air 129,structured,1
DEC036_B_deepseek-v3.2,train_kb,conservative_noisy_or_conflict_adjusted,TechNova Laptop Air 129,made_of_material,plastic,technova laptop air 129|made_of_material|plastic,0.98,product_129,structured,structured_row:TechNova Laptop Air 129,structured,1
DEC036_B_deepseek-v3.2,train_kb,conservative_noisy_or_conflict_adjusted,TechNova Laptop Air 129,target_market_region,Global,technova laptop air 129|target_market_region|global,0.98,product_129,structured,structured_row:TechNova Laptop Air 129,structured,1
DEC036_B_deepseek-v3.2,train_kb,conservative_noisy_or_conflict_adjusted,TechNova Laptop Air 129,supports_fast_charging,no,technova laptop air 129|supports_fast_charging|no,0.98,product_129,structured,structured_row:TechNova Laptop Air 129,structured,1
DEC036_B_deepseek-v3.2,train_kb,conservative_noisy_or_conflict_adjusted,TechNova Laptop Air 129,has_noise_cancellation,no,technova laptop air 129|has_noise_cancellation|no,0.98,product_129,structured,structured_row:TechNova Laptop Air 129,structured,1
DEC036_B_deepseek-v3.2,train_kb,conservative_noisy_or_conflict_adjusted,laptop device,has_price_usd,899,laptop device|has_price_usd|899,0.94,product_129,unstructured,LP=0.908534;LPO=0.999990|It is a laptop device. Priced at 899 USD. Offers 1024GB of internal storage. Battery lasts up to 10 hours. Available in white. Targeted at the Global market. Fast charging is no.,unstructured,1
DEC036_B_deepseek-v3.2,train_kb,conservative_noisy_or_conflict_adjusted,laptop device,has_storage_gb,1024,laptop device|has_storage_gb|1024,0.95,product_129,unstructured,LP=0.999939;LPO=0.999998|It is a laptop device. Priced at 899 USD. Offers 1024GB of internal storage. Battery lasts up to 10 hours. Available in white. Targeted at the Global market. Fast charging is no.,unstructured,1
DEC036_B_deepseek-v3.2,train_kb,conservative_noisy_or_conflict_adjusted,laptop device,has_battery_life_hours,10,laptop device|has_battery_life_hours|10,0.92,product_129,unstructured,LP=0.999926;LPO=0.999978|It is a laptop device. Priced at 899 USD. Offers 1024GB of internal storage. Battery lasts up to 10 hours. Available in white. Targeted at the Global market. Fast charging is no.,unstructured,1
DEC036_B_deepseek-v3.2,train_kb,conservative_noisy_or_conflict_adjusted,laptop device,has_color,white,laptop device|has_color|white,0.93,product_129,unstructured,LP=0.999797;LPO=0.999983|It is a laptop device. Priced at 899 USD. Offers 1024GB of internal storage. Battery lasts up to 10 hours. Available in white. Targeted at the Global market. Fast charging is no.,unstructured,1
DEC036_B_deepseek-v3.2,train_kb,conservative_noisy_or_conflict_adjusted,laptop device,target_market_region,Global,laptop device|target_market_region|global,0.9,product_129,unstructured,LP=0.999977;LPO=0.999838|It is a laptop device. Priced at 899 USD. Offers 1024GB of internal storage. Battery lasts up to 10 hours. Available in white. Targeted at the Global market. Fast charging is no.,unstructured,1
DEC036_B_deepseek-v3.2,train_kb,conservative_noisy_or_conflict_adjusted,laptop device,supports_fast_charging,no,laptop device|supports_fast_charging|no,0.89,product_129,unstructured,LP=0.999022;LPO=0.990437|It is a laptop device. Priced at 899 USD. Offers 1024GB of internal storage. Battery lasts up to 10 hours. Available in white. Targeted at the Global market. Fast charging is no.,unstructured,1
DEC036_B_deepseek-v3.2,train_kb,conservative_noisy_or_conflict_adjusted,PixelWare Smartphone Plus 131,manufactured_by,PixelWare,pixelware smartphone plus 131|manufactured_by|pixelware,0.98,product_131,structured,structured_row:PixelWare Smartphone Plus 131,structured,1
DEC036_B_deepseek-v3.2,train_kb,conservative_noisy_or_conflict_adjusted,PixelWare Smartphone Plus 131,belongs_to_category,smartphone,pixelware smartphone plus 131|belongs_to_category|smartphone,0.98,product_131,structured,structured_row:PixelWare Smartphone Plus 131,structured,1
DEC036_B_deepseek-v3.2,train_kb,conservative_noisy_or_conflict_adjusted,PixelWare Smartphone Plus 131,has_price_usd,199,pixelware smartphone plus 131|has_price_usd|199,0.98,product_131,structured,structured_row:PixelWare Smartphone Plus 131,structured,1
DEC036_B_deepseek-v3.2,train_kb,conservative_noisy_or_conflict_adjusted,PixelWare Smartphone Plus 131,has_screen_size_inch,11.0,pixelware smartphone plus 131|has_screen_size_inch|11.0,0.98,product_131,structured,structured_row:PixelWare Smartphone Plus 131,structured,1
DEC036_B_deepseek-v3.2,train_kb,conservative_noisy_or_conflict_adjusted,PixelWare Smartphone Plus 131,has_ram_gb,16,pixelware smartphone plus 131|has_ram_gb|16,0.98,product_131,structured,structured_row:PixelWare Smartphone Plus 131,structured,1
DEC036_B_deepseek-v3.2,train_kb,conservative_noisy_or_conflict_adjusted,PixelWare Smartphone Plus 131,has_storage_gb,64,pixelware smartphone plus 131|has_storage_gb|64,0.98,product_131,structured,structured_row:PixelWare Smartphone Plus 131,structured,1
DEC036_B_deepseek-v3.2,train_kb,conservative_noisy_or_conflict_adjusted,PixelWare Smartphone Plus 131,has_battery_life_hours,10,pixelware smartphone plus 131|has_battery_life_hours|10,0.98,product_131,structured,structured_row:PixelWare Smartphone Plus 131,structured,1
DEC036_B_deepseek-v3.2,train_kb,conservative_noisy_or_conflict_adjusted,PixelWare Smartphone Plus 131,has_weight_kg,1.45,pixelware smartphone plus 131|has_weight_kg|1.45,0.98,product_131,structured,structured_row:PixelWare Smartphone Plus 131,structured,1
DEC036_B_deepseek-v3.2,train_kb,conservative_noisy_or_conflict_adjusted,PixelWare Smartphone Plus 131,has_color,silver,pixelware smartphone plus 131|has_color|silver,0.98,product_131,structured,structured_row:PixelWare Smartphone Plus 131,structured,1
DEC036_B_deepseek-v3.2,train_kb,conservative_noisy_or_conflict_adjusted,PixelWare Smartphone Plus 131,made_of_material,aluminum,pixelware smartphone plus 131|made_of_material|aluminum,0.98,product_131,structured,structured_row:PixelWare Smartphone Plus 131,structured,1
DEC036_B_deepseek-v3.2,train_kb,conservative_noisy_or_conflict_adjusted,PixelWare Smartphone Plus 131,target_market_region,EU,pixelware smartphone plus 131|target_market_region|eu,0.98,product_131,structured,structured_row:PixelWare Smartphone Plus 131,structured,1
DEC036_B_deepseek-v3.2,train_kb,conservative_noisy_or_conflict_adjusted,PixelWare Smartphone Plus 131,supports_fast_charging,yes,pixelware smartphone plus 131|supports_fast_charging|yes,0.98,product_131,structured,structured_row:PixelWare Smartphone Plus 131,structured,1
DEC036_B_deepseek-v3.2,train_kb,conservative_noisy_or_conflict_adjusted,PixelWare Smartphone Plus 131,has_noise_cancellation,no,pixelware smartphone plus 131|has_noise_cancellation|no,0.98,product_131,structured,structured_row:PixelWare Smartphone Plus 131,structured,1
DEC036_B_deepseek-v3.2,train_kb,conservative_noisy_or_conflict_adjusted,PixelWare Smartphone Plus 131,manufactured_by,PixelWare,pixelware smartphone plus 131|manufactured_by|pixelware,0.96,product_131,unstructured,LP=0.999990;LPO=0.999995|PixelWare Smartphone Plus 131 is manufactured by PixelWare. It is a smartphone device. The display measures 11.0 inches. Battery lasts up to 10 hours. Weighs approximately 1.45kg. Available in silver. Targeted at the EU market.,unstructured,1
DEC036_B_deepseek-v3.2,train_kb,conservative_noisy_or_conflict_adjusted,PixelWare Smartphone Plus 131,belongs_to_category,smartphone device,pixelware smartphone plus 131|belongs_to_category|smartphone device,0.92,product_131,unstructured,LP=0.948986;LPO=0.622301|PixelWare Smartphone Plus 131 is manufactured by PixelWare. It is a smartphone device. The display measures 11.0 inches. Battery lasts up to 10 hours. Weighs approximately 1.45kg. Available in silver. Targeted at the EU market.,unstructured,1
DEC036_B_deepseek-v3.2,train_kb,conservative_noisy_or_conflict_adjusted,PixelWare Smartphone Plus 131,has_screen_size_inch,11.0,pixelware smartphone plus 131|has_screen_size_inch|11.0,0.94,product_131,unstructured,LP=0.999966;LPO=0.999923|PixelWare Smartphone Plus 131 is manufactured by PixelWare. It is a smartphone device. The display measures 11.0 inches. Battery lasts up to 10 hours. Weighs approximately 1.45kg. Available in silver. Targeted at the EU market.,unstructured,1
DEC036_B_deepseek-v3.2,train_kb,conservative_noisy_or_conflict_adjusted,PixelWare Smartphone Plus 131,has_battery_life_hours,10,pixelware smartphone plus 131|has_battery_life_hours|10,0.91,product_131,unstructured,LP=0.999967;LPO=0.999568|PixelWare Smartphone Plus 131 is manufactured by PixelWare. It is a smartphone device. The display measures 11.0 inches. Battery lasts up to 10 hours. Weighs approximately 1.45kg. Available in silver. Targeted at the EU market.,unstructured,1
DEC036_B_deepseek-v3.2,train_kb,conservative_noisy_or_conflict_adjusted,PixelWare Smartphone Plus 131,has_weight_kg,1.45,pixelware smartphone plus 131|has_weight_kg|1.45,0.9,product_131,unstructured,LP=0.999978;LPO=0.999734|PixelWare Smartphone Plus 131 is manufactured by PixelWare. It is a smartphone device. The display measures 11.0 inches. Battery lasts up to 10 hours. Weighs approximately 1.45kg. Available in silver. Targeted at the EU market.,unstructured,1
DEC036_B_deepseek-v3.2,train_kb,conservative_noisy_or_conflict_adjusted,PixelWare Smartphone Plus 131,has_color,silver,pixelware smartphone plus 131|has_color|silver,0.93,product_131,unstructured,LP=0.999991;LPO=0.999990|PixelWare Smartphone Plus 131 is manufactured by PixelWare. It is a smartphone device. The display measures 11.0 inches. Battery lasts up to 10 hours. Weighs approximately 1.45kg. Available in silver. Targeted at the EU market.,unstructured,1
DEC036_B_deepseek-v3.2,train_kb,conservative_noisy_or_conflict_adjusted,PixelWare Smartphone Plus 131,target_market_region,EU,pixelware smartphone plus 131|target_market_region|eu,0.95,product_131,unstructured,LP=0.999944;LPO=0.999283|PixelWare Smartphone Plus 131 is manufactured by PixelWare. It is a smartphone device. The display measures 11.0 inches. Battery lasts up to 10 hours. Weighs approximately 1.45kg. Available in silver. Targeted at the EU market.,unstructured,1
DEC036_B_deepseek-v3.2,train_kb,conservative_noisy_or_conflict_adjusted,NeoTech Smartwatch Plus 132,manufactured_by,NeoTech,neotech smartwatch plus 132|manufactured_by|neotech,0.98,product_132,structured,structured_row:NeoTech Smartwatch Plus 132,structured,1
DEC036_B_deepseek-v3.2,train_kb,conservative_noisy_or_conflict_adjusted,NeoTech Smartwatch Plus 132,belongs_to_category,smartwatch,neotech smartwatch plus 132|belongs_to_category|smartwatch,0.98,product_132,structured,structured_row:NeoTech Smartwatch Plus 132,structured,1
DEC036_B_deepseek-v3.2,train_kb,conservative_noisy_or_conflict_adjusted,NeoTech Smartwatch Plus 132,has_price_usd,699,neotech smartwatch plus 132|has_price_usd|699,0.98,product_132,structured,structured_row:NeoTech Smartwatch Plus 132,structured,1
DEC036_B_deepseek-v3.2,train_kb,conservative_noisy_or_conflict_adjusted,NeoTech Smartwatch Plus 132,has_screen_size_inch,6.7,neotech smartwatch plus 132|has_screen_size_inch|6.7,0.98,product_132,structured,structured_row:NeoTech Smartwatch Plus 132,structured,1
DEC036_B_deepseek-v3.2,train_kb,conservative_noisy_or_conflict_adjusted,NeoTech Smartwatch Plus 132,has_ram_gb,8,neotech smartwatch plus 132|has_ram_gb|8,0.98,product_132,structured,structured_row:NeoTech Smartwatch Plus 132,structured,1
DEC036_B_deepseek-v3.2,train_kb,conservative_noisy_or_conflict_adjusted,NeoTech Smartwatch Plus 132,has_storage_gb,128,neotech smartwatch plus 132|has_storage_gb|128,0.98,product_132,structured,structured_row:NeoTech Smartwatch Plus 132,structured,1
DEC036_B_deepseek-v3.2,train_kb,conservative_noisy_or_conflict_adjusted,NeoTech Smartwatch Plus 132,has_battery_life_hours,20,neotech smartwatch plus 132|has_battery_life_hours|20,0.98,product_132,structured,structured_row:NeoTech Smartwatch Plus 132,structured,1
DEC036_B_deepseek-v3.2,train_kb,conservative_noisy_or_conflict_adjusted,NeoTech Smartwatch Plus 132,has_weight_kg,1.2,neotech smartwatch plus 132|has_weight_kg|1.2,0.98,product_132,structured,structured_row:NeoTech Smartwatch Plus 132,structured,1
DEC036_B_deepseek-v3.2,train_kb,conservative_noisy_or_conflict_adjusted,NeoTech Smartwatch Plus 132,has_color,silver,neotech smartwatch plus 132|has_color|silver,0.98,product_132,structured,structured_row:NeoTech Smartwatch Plus 132,structured,1
DEC036_B_deepseek-v3.2,train_kb,conservative_noisy_or_conflict_adjusted,NeoTech Smartwatch Plus 132,made_of_material,carbon fiber,neotech smartwatch plus 132|made_of_material|carbon fiber,0.98,product_132,structured,structured_row:NeoTech Smartwatch Plus 132,structured,1
DEC036_B_deepseek-v3.2,train_kb,conservative_noisy_or_conflict_adjusted,NeoTech Smartwatch Plus 132,target_market_region,APAC,neotech smartwatch plus 132|target_market_region|apac,0.98,product_132,structured,structured_row:NeoTech Smartwatch Plus 132,structured,1
DEC036_B_deepseek-v3.2,train_kb,conservative_noisy_or_conflict_adjusted,NeoTech Smartwatch Plus 132,supports_fast_charging,yes,neotech smartwatch plus 132|supports_fast_charging|yes,0.98,product_132,structured,structured_row:NeoTech Smartwatch Plus 132,structured,1
DEC036_B_deepseek-v3.2,train_kb,conservative_noisy_or_conflict_adjusted,NeoTech Smartwatch Plus 132,has_noise_cancellation,no,neotech smartwatch plus 132|has_noise_cancellation|no,0.98,product_132,structured,structured_row:NeoTech Smartwatch Plus 132,structured,1
DEC036_B_deepseek-v3.2,train_kb,conservative_noisy_or_conflict_adjusted,NeoTech Smartwatch Plus 132,manufactured_by,NeoTech,neotech smartwatch plus 132|manufactured_by|neotech,0.95,product_132,unstructured,LP=0.999994;LPO=0.999994|NeoTech Smartwatch Plus 132 is manufactured by NeoTech. Priced at 699 USD. Comes with 8GB of RAM. Offers 128GB of internal storage. Battery lasts up to 20 hours. Available in silver. Fast charging is yes.,unstructured,1
DEC036_B_deepseek-v3.2,train_kb,conservative_noisy_or_conflict_adjusted,NeoTech Smartwatch Plus 132,has_price_usd,699,neotech smartwatch plus 132|has_price_usd|699,0.91,product_132,unstructured,LP=0.999969;LPO=0.999990|NeoTech Smartwatch Plus 132 is manufactured by NeoTech. Priced at 699 USD. Comes with 8GB of RAM. Offers 128GB of internal storage. Battery lasts up to 20 hours. Available in silver. Fast charging is yes.,unstructured,1
DEC036_B_deepseek-v3.2,train_kb,conservative_noisy_or_conflict_adjusted,NeoTech Smartwatch Plus 132,has_ram_gb,8,neotech smartwatch plus 132|has_ram_gb|8,0.93,product_132,unstructured,LP=0.999981;LPO=0.999996|NeoTech Smartwatch Plus 132 is manufactured by NeoTech. Priced at 699 USD. Comes with 8GB of RAM. Offers 128GB of internal storage. Battery lasts up to 20 hours. Available in silver. Fast charging is yes.,unstructured,1
DEC036_B_deepseek-v3.2,train_kb,conservative_noisy_or_conflict_adjusted,NeoTech Smartwatch Plus 132,has_storage_gb,128,neotech smartwatch plus 132|has_storage_gb|128,0.93,product_132,unstructured,LP=0.999999;LPO=1.000000|NeoTech Smartwatch Plus 132 is manufactured by NeoTech. Priced at 699 USD. Comes with 8GB of RAM. Offers 128GB of internal storage. Battery lasts up to 20 hours. Available in silver. Fast charging is yes.,unstructured,1
DEC036_B_deepseek-v3.2,train_kb,conservative_noisy_or_conflict_adjusted,NeoTech Smartwatch Plus 132,has_battery_life_hours,20,neotech smartwatch plus 132|has_battery_life_hours|20,0.9,product_132,unstructured,LP=0.999983;LPO=0.999795|NeoTech Smartwatch Plus 132 is manufactured by NeoTech. Priced at 699 USD. Comes with 8GB of RAM. Offers 128GB of internal storage. Battery lasts up to 20 hours. Available in silver. Fast charging is yes.,unstructured,1
DEC036_B_deepseek-v3.2,train_kb,conservative_noisy_or_conflict_adjusted,NeoTech Smartwatch Plus 132,has_color,silver,neotech smartwatch plus 132|has_color|silver,0.92,product_132,unstructured,LP=0.999987;LPO=0.999894|NeoTech Smartwatch Plus 132 is manufactured by NeoTech. Priced at 699 USD. Comes with 8GB of RAM. Offers 128GB of internal storage. Battery lasts up to 20 hours. Available in silver. Fast charging is yes.,unstructured,1
DEC036_B_deepseek-v3.2,train_kb,conservative_noisy_or_conflict_adjusted,NeoTech Smartwatch Plus 132,supports_fast_charging,yes,neotech smartwatch plus 132|supports_fast_charging|yes,0.92,product_132,unstructured,LP=0.999745;LPO=0.996405|NeoTech Smartwatch Plus 132 is manufactured by NeoTech. Priced at 699 USD. Comes with 8GB of RAM. Offers 128GB of internal storage. Battery lasts up to 20 hours. Available in silver. Fast charging is yes.,unstructured,1
DEC036_B_deepseek-v3.2,train_kb,conservative_noisy_or_conflict_adjusted,Zenbyte Tablet Air 133,manufactured_by,Zenbyte,zenbyte tablet air 133|manufactured_by|zenbyte,0.98,product_133,structured,structured_row:Zenbyte Tablet Air 133,structured,1
DEC036_B_deepseek-v3.2,train_kb,conservative_noisy_or_conflict_adjusted,Zenbyte Tablet Air 133,belongs_to_category,tablet,zenbyte tablet air 133|belongs_to_category|tablet,0.98,product_133,structured,structured_row:Zenbyte Tablet Air 133,structured,1
DEC036_B_deepseek-v3.2,train_kb,conservative_noisy_or_conflict_adjusted,Zenbyte Tablet Air 133,has_price_usd,1299,zenbyte tablet air 133|has_price_usd|1299,0.98,product_133,structured,structured_row:Zenbyte Tablet Air 133,structured,1
DEC036_B_deepseek-v3.2,train_kb,conservative_noisy_or_conflict_adjusted,Zenbyte Tablet Air 133,has_screen_size_inch,10.9,zenbyte tablet air 133|has_screen_size_inch|10.9,0.98,product_133,structured,structured_row:Zenbyte Tablet Air 133,structured,1
DEC036_B_deepseek-v3.2,train_kb,conservative_noisy_or_conflict_adjusted,Zenbyte Tablet Air 133,has_ram_gb,32,zenbyte tablet air 133|has_ram_gb|32,0.98,product_133,structured,structured_row:Zenbyte Tablet Air 133,structured,1
DEC036_B_deepseek-v3.2,train_kb,conservative_noisy_or_conflict_adjusted,Zenbyte Tablet Air 133,has_storage_gb,512,zenbyte tablet air 133|has_storage_gb|512,0.98,product_133,structured,structured_row:Zenbyte Tablet Air 133,structured,1
DEC036_B_deepseek-v3.2,train_kb,conservative_noisy_or_conflict_adjusted,Zenbyte Tablet Air 133,has_battery_life_hours,14,zenbyte tablet air 133|has_battery_life_hours|14,0.98,product_133,structured,structured_row:Zenbyte Tablet Air 133,structured,1
DEC036_B_deepseek-v3.2,train_kb,conservative_noisy_or_conflict_adjusted,Zenbyte Tablet Air 133,has_weight_kg,0.23,zenbyte tablet air 133|has_weight_kg|0.23,0.98,product_133,structured,structured_row:Zenbyte Tablet Air 133,structured,1
DEC036_B_deepseek-v3.2,train_kb,conservative_noisy_or_conflict_adjusted,Zenbyte Tablet Air 133,has_color,white,zenbyte tablet air 133|has_color|white,0.98,product_133,structured,structured_row:Zenbyte Tablet Air 133,structured,1
DEC036_B_deepseek-v3.2,train_kb,conservative_noisy_or_conflict_adjusted,Zenbyte Tablet Air 133,made_of_material,aluminum,zenbyte tablet air 133|made_of_material|aluminum,0.98,product_133,structured,structured_row:Zenbyte Tablet Air 133,structured,1
DEC036_B_deepseek-v3.2,train_kb,conservative_noisy_or_conflict_adjusted,Zenbyte Tablet Air 133,target_market_region,APAC,zenbyte tablet air 133|target_market_region|apac,0.98,product_133,structured,structured_row:Zenbyte Tablet Air 133,structured,1
DEC036_B_deepseek-v3.2,train_kb,conservative_noisy_or_conflict_adjusted,Zenbyte Tablet Air 133,supports_fast_charging,no,zenbyte tablet air 133|supports_fast_charging|no,0.98,product_133,structured,structured_row:Zenbyte Tablet Air 133,structured,1
DEC036_B_deepseek-v3.2,train_kb,conservative_noisy_or_conflict_adjusted,Zenbyte Tablet Air 133,has_noise_cancellation,no,zenbyte tablet air 133|has_noise_cancellation|no,0.98,product_133,structured,structured_row:Zenbyte Tablet Air 133,structured,1
DEC036_B_deepseek-v3.2,train_kb,conservative_noisy_or_conflict_adjusted,product,has_price_usd,1299,product|has_price_usd|1299,0.96,product_133,unstructured,LP=0.939762;LPO=0.999984|Priced at 1299 USD. The display measures 10.9 inches. Battery lasts up to 14 hours. Weighs approximately 0.23kg. Available in white. Targeted at the APAC market. Fast charging is no.,unstructured,1
DEC036_B_deepseek-v3.2,train_kb,conservative_noisy_or_conflict_adjusted,product,has_screen_size_inch,10.9,product|has_screen_size_inch|10.9,0.95,product_133,unstructured,LP=0.999325;LPO=0.999995|Priced at 1299 USD. The display measures 10.9 inches. Battery lasts up to 14 hours. Weighs approximately 0.23kg. Available in white. Targeted at the APAC market. Fast charging is no.,unstructured,1
DEC036_B_deepseek-v3.2,train_kb,conservative_noisy_or_conflict_adjusted,product,has_battery_life_hours,14,product|has_battery_life_hours|14,0.93,product_133,unstructured,LP=0.999996;LPO=0.999994|Priced at 1299 USD. The display measures 10.9 inches. Battery lasts up to 14 hours. Weighs approximately 0.23kg. Available in white. Targeted at the APAC market. Fast charging is no.,unstructured,1
DEC036_B_deepseek-v3.2,train_kb,conservative_noisy_or_conflict_adjusted,product,has_weight_kg,0.23,product|has_weight_kg|0.23,0.92,product_133,unstructured,LP=0.999997;LPO=0.999991|Priced at 1299 USD. The display measures 10.9 inches. Battery lasts up to 14 hours. Weighs approximately 0.23kg. Available in white. Targeted at the APAC market. Fast charging is no.,unstructured,1
DEC036_B_deepseek-v3.2,train_kb,conservative_noisy_or_conflict_adjusted,product,has_color,white,product|has_color|white,0.94,product_133,unstructured,LP=0.999922;LPO=0.999954|Priced at 1299 USD. The display measures 10.9 inches. Battery lasts up to 14 hours. Weighs approximately 0.23kg. Available in white. Targeted at the APAC market. Fast charging is no.,unstructured,1
DEC036_B_deepseek-v3.2,train_kb,conservative_noisy_or_conflict_adjusted,product,target_market_region,APAC,product|target_market_region|apac,0.91,product_133,unstructured,LP=0.999979;LPO=0.999884|Priced at 1299 USD. The display measures 10.9 inches. Battery lasts up to 14 hours. Weighs approximately 0.23kg. Available in white. Targeted at the APAC market. Fast charging is no.,unstructured,1
DEC036_B_deepseek-v3.2,train_kb,conservative_noisy_or_conflict_adjusted,product,supports_fast_charging,no,product|supports_fast_charging|no,0.9,product_133,unstructured,LP=0.996219;LPO=0.970168|Priced at 1299 USD. The display measures 10.9 inches. Battery lasts up to 14 hours. Weighs approximately 0.23kg. Available in white. Targeted at the APAC market. Fast charging is no.,unstructured,1
DEC036_B_deepseek-v3.2,train_kb,conservative_noisy_or_conflict_adjusted,VoltEdge Laptop Air 134,manufactured_by,VoltEdge,voltedge laptop air 134|manufactured_by|voltedge,0.98,product_134,structured,structured_row:VoltEdge Laptop Air 134,structured,1
DEC036_B_deepseek-v3.2,train_kb,conservative_noisy_or_conflict_adjusted,VoltEdge Laptop Air 134,belongs_to_category,laptop,voltedge laptop air 134|belongs_to_category|laptop,0.98,product_134,structured,structured_row:VoltEdge Laptop Air 134,structured,1
DEC036_B_deepseek-v3.2,train_kb,conservative_noisy_or_conflict_adjusted,VoltEdge Laptop Air 134,has_price_usd,1299,voltedge laptop air 134|has_price_usd|1299,0.98,product_134,structured,structured_row:VoltEdge Laptop Air 134,structured,1
DEC036_B_deepseek-v3.2,train_kb,conservative_noisy_or_conflict_adjusted,VoltEdge Laptop Air 134,has_screen_size_inch,13.3,voltedge laptop air 134|has_screen_size_inch|13.3,0.98,product_134,structured,structured_row:VoltEdge Laptop Air 134,structured,1
DEC036_B_deepseek-v3.2,train_kb,conservative_noisy_or_conflict_adjusted,VoltEdge Laptop Air 134,has_ram_gb,6,voltedge laptop air 134|has_ram_gb|6,0.98,product_134,structured,structured_row:VoltEdge Laptop Air 134,structured,1
DEC036_B_deepseek-v3.2,train_kb,conservative_noisy_or_conflict_adjusted,VoltEdge Laptop Air 134,has_storage_gb,512,voltedge laptop air 134|has_storage_gb|512,0.98,product_134,structured,structured_row:VoltEdge Laptop Air 134,structured,1
DEC036_B_deepseek-v3.2,train_kb,conservative_noisy_or_conflict_adjusted,VoltEdge Laptop Air 134,has_battery_life_hours,10,voltedge laptop air 134|has_battery_life_hours|10,0.98,product_134,structured,structured_row:VoltEdge Laptop Air 134,structured,1
DEC036_B_deepseek-v3.2,train_kb,conservative_noisy_or_conflict_adjusted,VoltEdge Laptop Air 134,has_weight_kg,0.42,voltedge laptop air 134|has_weight_kg|0.42,0.98,product_134,structured,structured_row:VoltEdge Laptop Air 134,structured,1
DEC036_B_deepseek-v3.2,train_kb,conservative_noisy_or_conflict_adjusted,VoltEdge Laptop Air 134,has_color,black,voltedge laptop air 134|has_color|black,0.98,product_134,structured,structured_row:VoltEdge Laptop Air 134,structured,1
DEC036_B_deepseek-v3.2,train_kb,conservative_noisy_or_conflict_adjusted,VoltEdge Laptop Air 134,made_of_material,carbon fiber,voltedge laptop air 134|made_of_material|carbon fiber,0.98,product_134,structured,structured_row:VoltEdge Laptop Air 134,structured,1
DEC036_B_deepseek-v3.2,train_kb,conservative_noisy_or_conflict_adjusted,VoltEdge Laptop Air 134,target_market_region,Global,voltedge laptop air 134|target_market_region|global,0.98,product_134,structured,structured_row:VoltEdge Laptop Air 134,structured,1
DEC036_B_deepseek-v3.2,train_kb,conservative_noisy_or_conflict_adjusted,VoltEdge Laptop Air 134,supports_fast_charging,yes,voltedge laptop air 134|supports_fast_charging|yes,0.98,product_134,structured,structured_row:VoltEdge Laptop Air 134,structured,1
DEC036_B_deepseek-v3.2,train_kb,conservative_noisy_or_conflict_adjusted,VoltEdge Laptop Air 134,has_noise_cancellation,no,voltedge laptop air 134|has_noise_cancellation|no,0.98,product_134,structured,structured_row:VoltEdge Laptop Air 134,structured,1
DEC036_B_deepseek-v3.2,train_kb,conservative_noisy_or_conflict_adjusted,laptop device,belongs_to_category,laptop,laptop device|belongs_to_category|laptop,0.9,product_134,unstructured,LP=0.871366;LPO=0.988289|It is a laptop device. Comes with 6GB of RAM. Offers 512GB of internal storage. Weighs approximately 0.42kg. Targeted at the Global market. Fast charging is yes. Noise cancellation: no.,unstructured,1
DEC036_B_deepseek-v3.2,train_kb,conservative_noisy_or_conflict_adjusted,laptop device,has_ram_gb,6,laptop device|has_ram_gb|6,0.94,product_134,unstructured,LP=0.999870;LPO=0.999994|It is a laptop device. Comes with 6GB of RAM. Offers 512GB of internal storage. Weighs approximately 0.42kg. Targeted at the Global market. Fast charging is yes. Noise cancellation: no.,unstructured,1
DEC036_B_deepseek-v3.2,train_kb,conservative_noisy_or_conflict_adjusted,laptop device,has_storage_gb,512,laptop device|has_storage_gb|512,0.94,product_134,unstructured,LP=0.999998;LPO=1.000000|It is a laptop device. Comes with 6GB of RAM. Offers 512GB of internal storage. Weighs approximately 0.42kg. Targeted at the Global market. Fast charging is yes. Noise cancellation: no.,unstructured,1
DEC036_B_deepseek-v3.2,train_kb,conservative_noisy_or_conflict_adjusted,laptop device,has_weight_kg,0.42,laptop device|has_weight_kg|0.42,0.92,product_134,unstructured,LP=0.999992;LPO=0.999985|It is a laptop device. Comes with 6GB of RAM. Offers 512GB of internal storage. Weighs approximately 0.42kg. Targeted at the Global market. Fast charging is yes. Noise cancellation: no.,unstructured,1
DEC036_B_deepseek-v3.2,train_kb,conservative_noisy_or_conflict_adjusted,laptop device,target_market_region,Global,laptop device|target_market_region|global,0.91,product_134,unstructured,LP=0.999932;LPO=0.999445|It is a laptop device. Comes with 6GB of RAM. Offers 512GB of internal storage. Weighs approximately 0.42kg. Targeted at the Global market. Fast charging is yes. Noise cancellation: no.,unstructured,1
DEC036_B_deepseek-v3.2,train_kb,conservative_noisy_or_conflict_adjusted,laptop device,supports_fast_charging,yes,laptop device|supports_fast_charging|yes,0.93,product_134,unstructured,LP=0.999415;LPO=0.994439|It is a laptop device. Comes with 6GB of RAM. Offers 512GB of internal storage. Weighs approximately 0.42kg. Targeted at the Global market. Fast charging is yes. Noise cancellation: no.,unstructured,1
DEC036_B_deepseek-v3.2,train_kb,conservative_noisy_or_conflict_adjusted,laptop device,has_noise_cancellation,no,laptop device|has_noise_cancellation|no,0.93,product_134,unstructured,LP=0.999993;LPO=0.999952|It is a laptop device. Comes with 6GB of RAM. Offers 512GB of internal storage. Weighs approximately 0.42kg. Targeted at the Global market. Fast charging is yes. Noise cancellation: no.,unstructured,1
DEC036_B_deepseek-v3.2,train_kb,conservative_noisy_or_conflict_adjusted,Auralex Laptop Pro 135,manufactured_by,Auralex,auralex laptop pro 135|manufactured_by|auralex,0.98,product_135,structured,structured_row:Auralex Laptop Pro 135,structured,1
DEC036_B_deepseek-v3.2,train_kb,conservative_noisy_or_conflict_adjusted,Auralex Laptop Pro 135,belongs_to_category,laptop,auralex laptop pro 135|belongs_to_category|laptop,0.98,product_135,structured,structured_row:Auralex Laptop Pro 135,structured,1
DEC036_B_deepseek-v3.2,train_kb,conservative_noisy_or_conflict_adjusted,Auralex Laptop Pro 135,has_price_usd,349,auralex laptop pro 135|has_price_usd|349,0.98,product_135,structured,structured_row:Auralex Laptop Pro 135,structured,1
DEC036_B_deepseek-v3.2,train_kb,conservative_noisy_or_conflict_adjusted,Auralex Laptop Pro 135,has_screen_size_inch,15.6,auralex laptop pro 135|has_screen_size_inch|15.6,0.98,product_135,structured,structured_row:Auralex Laptop Pro 135,structured,1
DEC036_B_deepseek-v3.2,train_kb,conservative_noisy_or_conflict_adjusted,Auralex Laptop Pro 135,has_ram_gb,16,auralex laptop pro 135|has_ram_gb|16,0.98,product_135,structured,structured_row:Auralex Laptop Pro 135,structured,1
DEC036_B_deepseek-v3.2,train_kb,conservative_noisy_or_conflict_adjusted,Auralex Laptop Pro 135,has_storage_gb,1024,auralex laptop pro 135|has_storage_gb|1024,0.98,product_135,structured,structured_row:Auralex Laptop Pro 135,structured,1
DEC036_B_deepseek-v3.2,train_kb,conservative_noisy_or_conflict_adjusted,Auralex Laptop Pro 135,has_battery_life_hours,10,auralex laptop pro 135|has_battery_life_hours|10,0.98,product_135,structured,structured_row:Auralex Laptop Pro 135,structured,1
DEC036_B_deepseek-v3.2,train_kb,conservative_noisy_or_conflict_adjusted,Auralex Laptop Pro 135,has_weight_kg,0.55,auralex laptop pro 135|has_weight_kg|0.55,0.98,product_135,structured,structured_row:Auralex Laptop Pro 135,structured,1
DEC036_B_deepseek-v3.2,train_kb,conservative_noisy_or_conflict_adjusted,Auralex Laptop Pro 135,has_color,blue,auralex laptop pro 135|has_color|blue,0.98,product_135,structured,structured_row:Auralex Laptop Pro 135,structured,1
DEC036_B_deepseek-v3.2,train_kb,conservative_noisy_or_conflict_adjusted,Auralex Laptop Pro 135,made_of_material,plastic,auralex laptop pro 135|made_of_material|plastic,0.98,product_135,structured,structured_row:Auralex Laptop Pro 135,structured,1
DEC036_B_deepseek-v3.2,train_kb,conservative_noisy_or_conflict_adjusted,Auralex Laptop Pro 135,target_market_region,EU,auralex laptop pro 135|target_market_region|eu,0.98,product_135,structured,structured_row:Auralex Laptop Pro 135,structured,1
DEC036_B_deepseek-v3.2,train_kb,conservative_noisy_or_conflict_adjusted,Auralex Laptop Pro 135,supports_fast_charging,yes,auralex laptop pro 135|supports_fast_charging|yes,0.98,product_135,structured,structured_row:Auralex Laptop Pro 135,structured,1
DEC036_B_deepseek-v3.2,train_kb,conservative_noisy_or_conflict_adjusted,Auralex Laptop Pro 135,has_noise_cancellation,no,auralex laptop pro 135|has_noise_cancellation|no,0.98,product_135,structured,structured_row:Auralex Laptop Pro 135,structured,1
DEC036_B_deepseek-v3.2,train_kb,conservative_noisy_or_conflict_adjusted,Auralex Laptop Pro 135,manufactured_by,Auralex,auralex laptop pro 135|manufactured_by|auralex,0.95,product_135,unstructured,LP=0.999992;LPO=0.999989|Auralex Laptop Pro 135 is manufactured by Auralex. It is a laptop device. The display measures 15.6 inches. Comes with 16GB of RAM. Offers 1024GB of internal storage. Built with plastic construction. Noise cancellation: no.,unstructured,1
DEC036_B_deepseek-v3.2,train_kb,conservative_noisy_or_conflict_adjusted,Auralex Laptop Pro 135,has_screen_size_inch,15.6,auralex laptop pro 135|has_screen_size_inch|15.6,0.94,product_135,unstructured,LP=0.904642;LPO=0.999996|Auralex Laptop Pro 135 is manufactured by Auralex. It is a laptop device. The display measures 15.6 inches. Comes with 16GB of RAM. Offers 1024GB of internal storage. Built with plastic construction. Noise cancellation: no.,unstructured,1
DEC036_B_deepseek-v3.2,train_kb,conservative_noisy_or_conflict_adjusted,Auralex Laptop Pro 135,has_ram_gb,16,auralex laptop pro 135|has_ram_gb|16,0.93,product_135,unstructured,LP=0.999996;LPO=0.999999|Auralex Laptop Pro 135 is manufactured by Auralex. It is a laptop device. The display measures 15.6 inches. Comes with 16GB of RAM. Offers 1024GB of internal storage. Built with plastic construction. Noise cancellation: no.,unstructured,1
DEC036_B_deepseek-v3.2,train_kb,conservative_noisy_or_conflict_adjusted,Auralex Laptop Pro 135,has_storage_gb,1024,auralex laptop pro 135|has_storage_gb|1024,0.93,product_135,unstructured,LP=0.999999;LPO=0.999996|Auralex Laptop Pro 135 is manufactured by Auralex. It is a laptop device. The display measures 15.6 inches. Comes with 16GB of RAM. Offers 1024GB of internal storage. Built with plastic construction. Noise cancellation: no.,unstructured,1
DEC036_B_deepseek-v3.2,train_kb,conservative_noisy_or_conflict_adjusted,Auralex Laptop Pro 135,made_of_material,plastic,auralex laptop pro 135|made_of_material|plastic,0.92,product_135,unstructured,LP=0.997666;LPO=0.999864|Auralex Laptop Pro 135 is manufactured by Auralex. It is a laptop device. The display measures 15.6 inches. Comes with 16GB of RAM. Offers 1024GB of internal storage. Built with plastic construction. Noise cancellation: no.,unstructured,1
DEC036_B_deepseek-v3.2,train_kb,conservative_noisy_or_conflict_adjusted,Auralex Laptop Pro 135,has_noise_cancellation,no,auralex laptop pro 135|has_noise_cancellation|no,0.9,product_135,unstructured,LP=0.995801;LPO=0.939739|Auralex Laptop Pro 135 is manufactured by Auralex. It is a laptop device. The display measures 15.6 inches. Comes with 16GB of RAM. Offers 1024GB of internal storage. Built with plastic construction. Noise cancellation: no.,unstructured,1
DEC036_B_deepseek-v3.2,train_kb,conservative_noisy_or_conflict_adjusted,PixelWare Tablet Air 136,manufactured_by,PixelWare,pixelware tablet air 136|manufactured_by|pixelware,0.98,product_136,structured,structured_row:PixelWare Tablet Air 136,structured,1
DEC036_B_deepseek-v3.2,train_kb,conservative_noisy_or_conflict_adjusted,PixelWare Tablet Air 136,belongs_to_category,tablet,pixelware tablet air 136|belongs_to_category|tablet,0.98,product_136,structured,structured_row:PixelWare Tablet Air 136,structured,1
DEC036_B_deepseek-v3.2,train_kb,conservative_noisy_or_conflict_adjusted,PixelWare Tablet Air 136,has_price_usd,349,pixelware tablet air 136|has_price_usd|349,0.98,product_136,structured,structured_row:PixelWare Tablet Air 136,structured,1
DEC036_B_deepseek-v3.2,train_kb,conservative_noisy_or_conflict_adjusted,PixelWare Tablet Air 136,has_screen_size_inch,13.3,pixelware tablet air 136|has_screen_size_inch|13.3,0.98,product_136,structured,structured_row:PixelWare Tablet Air 136,structured,1
DEC036_B_deepseek-v3.2,train_kb,conservative_noisy_or_conflict_adjusted,PixelWare Tablet Air 136,has_ram_gb,8,pixelware tablet air 136|has_ram_gb|8,0.98,product_136,structured,structured_row:PixelWare Tablet Air 136,structured,1
DEC036_B_deepseek-v3.2,train_kb,conservative_noisy_or_conflict_adjusted,PixelWare Tablet Air 136,has_storage_gb,256,pixelware tablet air 136|has_storage_gb|256,0.98,product_136,structured,structured_row:PixelWare Tablet Air 136,structured,1
DEC036_B_deepseek-v3.2,train_kb,conservative_noisy_or_conflict_adjusted,PixelWare Tablet Air 136,has_battery_life_hours,14,pixelware tablet air 136|has_battery_life_hours|14,0.98,product_136,structured,structured_row:PixelWare Tablet Air 136,structured,1
DEC036_B_deepseek-v3.2,train_kb,conservative_noisy_or_conflict_adjusted,PixelWare Tablet Air 136,has_weight_kg,0.55,pixelware tablet air 136|has_weight_kg|0.55,0.98,product_136,structured,structured_row:PixelWare Tablet Air 136,structured,1
DEC036_B_deepseek-v3.2,train_kb,conservative_noisy_or_conflict_adjusted,PixelWare Tablet Air 136,has_color,green,pixelware tablet air 136|has_color|green,0.98,product_136,structured,structured_row:PixelWare Tablet Air 136,structured,1
DEC036_B_deepseek-v3.2,train_kb,conservative_noisy_or_conflict_adjusted,PixelWare Tablet Air 136,made_of_material,carbon fiber,pixelware tablet air 136|made_of_material|carbon fiber,0.98,product_136,structured,structured_row:PixelWare Tablet Air 136,structured,1
DEC036_B_deepseek-v3.2,train_kb,conservative_noisy_or_conflict_adjusted,PixelWare Tablet Air 136,target_market_region,US,pixelware tablet air 136|target_market_region|us,0.98,product_136,structured,structured_row:PixelWare Tablet Air 136,structured,1
DEC036_B_deepseek-v3.2,train_kb,conservative_noisy_or_conflict_adjusted,PixelWare Tablet Air 136,supports_fast_charging,no,pixelware tablet air 136|supports_fast_charging|no,0.98,product_136,structured,structured_row:PixelWare Tablet Air 136,structured,1
DEC036_B_deepseek-v3.2,train_kb,conservative_noisy_or_conflict_adjusted,PixelWare Tablet Air 136,has_noise_cancellation,no,pixelware tablet air 136|has_noise_cancellation|no,0.98,product_136,structured,structured_row:PixelWare Tablet Air 136,structured,1
DEC036_B_deepseek-v3.2,train_kb,conservative_noisy_or_conflict_adjusted,PixelWare Tablet Air 136,manufactured_by,PixelWare,pixelware tablet air 136|manufactured_by|pixelware,0.96,product_136,unstructured,LP=0.999989;LPO=0.999986|PixelWare Tablet Air 136 is manufactured by PixelWare. Comes with 8GB of RAM. Offers 256GB of internal storage. Weighs approximately 0.55kg. Available in green. Built with carbon fiber construction. Noise cancellation: no.,unstructured,1
DEC036_B_deepseek-v3.2,train_kb,conservative_noisy_or_conflict_adjusted,PixelWare Tablet Air 136,has_ram_gb,8,pixelware tablet air 136|has_ram_gb|8,0.91,product_136,unstructured,LP=0.999995;LPO=0.999998|PixelWare Tablet Air 136 is manufactured by PixelWare. Comes with 8GB of RAM. Offers 256GB of internal storage. Weighs approximately 0.55kg. Available in green. Built with carbon fiber construction. Noise cancellation: no.,unstructured,1
DEC036_B_deepseek-v3.2,train_kb,conservative_noisy_or_conflict_adjusted,PixelWare Tablet Air 136,has_storage_gb,256,pixelware tablet air 136|has_storage_gb|256,0.91,product_136,unstructured,LP=0.999998;LPO=0.999999|PixelWare Tablet Air 136 is manufactured by PixelWare. Comes with 8GB of RAM. Offers 256GB of internal storage. Weighs approximately 0.55kg. Available in green. Built with carbon fiber construction. Noise cancellation: no.,unstructured,1
DEC036_B_deepseek-v3.2,train_kb,conservative_noisy_or_conflict_adjusted,PixelWare Tablet Air 136,has_weight_kg,0.55,pixelware tablet air 136|has_weight_kg|0.55,0.86,product_136,unstructured,LP=0.999995;LPO=0.999958|PixelWare Tablet Air 136 is manufactured by PixelWare. Comes with 8GB of RAM. Offers 256GB of internal storage. Weighs approximately 0.55kg. Available in green. Built with carbon fiber construction. Noise cancellation: no.,unstructured,1
DEC036_B_deepseek-v3.2,train_kb,conservative_noisy_or_conflict_adjusted,PixelWare Tablet Air 136,has_color,green,pixelware tablet air 136|has_color|green,0.89,product_136,unstructured,LP=0.999996;LPO=0.999991|PixelWare Tablet Air 136 is manufactured by PixelWare. Comes with 8GB of RAM. Offers 256GB of internal storage. Weighs approximately 0.55kg. Available in green. Built with carbon fiber construction. Noise cancellation: no.,unstructured,1
DEC036_B_deepseek-v3.2,train_kb,conservative_noisy_or_conflict_adjusted,PixelWare Tablet Air 136,made_of_material,carbon fiber,pixelware tablet air 136|made_of_material|carbon fiber,0.92,product_136,unstructured,LP=0.999974;LPO=0.999990|PixelWare Tablet Air 136 is manufactured by PixelWare. Comes with 8GB of RAM. Offers 256GB of internal storage. Weighs approximately 0.55kg. Available in green. Built with carbon fiber construction. Noise cancellation: no.,unstructured,1
DEC036_B_deepseek-v3.2,train_kb,conservative_noisy_or_conflict_adjusted,PixelWare Tablet Air 136,has_noise_cancellation,no,pixelware tablet air 136|has_noise_cancellation|no,0.96,product_136,unstructured,LP=0.990258;LPO=0.880536|PixelWare Tablet Air 136 is manufactured by PixelWare. Comes with 8GB of RAM. Offers 256GB of internal storage. Weighs approximately 0.55kg. Available in green. Built with carbon fiber construction. Noise cancellation: no.,unstructured,1
DEC036_B_deepseek-v3.2,train_kb,conservative_noisy_or_conflict_adjusted,Zenbyte Smartphone Pro 140,manufactured_by,Zenbyte,zenbyte smartphone pro 140|manufactured_by|zenbyte,0.98,product_140,structured,structured_row:Zenbyte Smartphone Pro 140,structured,1
DEC036_B_deepseek-v3.2,train_kb,conservative_noisy_or_conflict_adjusted,Zenbyte Smartphone Pro 140,belongs_to_category,smartphone,zenbyte smartphone pro 140|belongs_to_category|smartphone,0.98,product_140,structured,structured_row:Zenbyte Smartphone Pro 140,structured,1
DEC036_B_deepseek-v3.2,train_kb,conservative_noisy_or_conflict_adjusted,Zenbyte Smartphone Pro 140,has_price_usd,1299,zenbyte smartphone pro 140|has_price_usd|1299,0.98,product_140,structured,structured_row:Zenbyte Smartphone Pro 140,structured,1
DEC036_B_deepseek-v3.2,train_kb,conservative_noisy_or_conflict_adjusted,Zenbyte Smartphone Pro 140,has_screen_size_inch,14.0,zenbyte smartphone pro 140|has_screen_size_inch|14.0,0.98,product_140,structured,structured_row:Zenbyte Smartphone Pro 140,structured,1
DEC036_B_deepseek-v3.2,train_kb,conservative_noisy_or_conflict_adjusted,Zenbyte Smartphone Pro 140,has_ram_gb,8,zenbyte smartphone pro 140|has_ram_gb|8,0.98,product_140,structured,structured_row:Zenbyte Smartphone Pro 140,structured,1
DEC036_B_deepseek-v3.2,train_kb,conservative_noisy_or_conflict_adjusted,Zenbyte Smartphone Pro 140,has_storage_gb,1024,zenbyte smartphone pro 140|has_storage_gb|1024,0.98,product_140,structured,structured_row:Zenbyte Smartphone Pro 140,structured,1
DEC036_B_deepseek-v3.2,train_kb,conservative_noisy_or_conflict_adjusted,Zenbyte Smartphone Pro 140,has_battery_life_hours,12,zenbyte smartphone pro 140|has_battery_life_hours|12,0.98,product_140,structured,structured_row:Zenbyte Smartphone Pro 140,structured,1
DEC036_B_deepseek-v3.2,train_kb,conservative_noisy_or_conflict_adjusted,Zenbyte Smartphone Pro 140,has_weight_kg,0.18,zenbyte smartphone pro 140|has_weight_kg|0.18,0.98,product_140,structured,structured_row:Zenbyte Smartphone Pro 140,structured,1
DEC036_B_deepseek-v3.2,train_kb,conservative_noisy_or_conflict_adjusted,Zenbyte Smartphone Pro 140,has_color,green,zenbyte smartphone pro 140|has_color|green,0.98,product_140,structured,structured_row:Zenbyte Smartphone Pro 140,structured,1
DEC036_B_deepseek-v3.2,train_kb,conservative_noisy_or_conflict_adjusted,Zenbyte Smartphone Pro 140,made_of_material,plastic,zenbyte smartphone pro 140|made_of_material|plastic,0.98,product_140,structured,structured_row:Zenbyte Smartphone Pro 140,structured,1
DEC036_B_deepseek-v3.2,train_kb,conservative_noisy_or_conflict_adjusted,Zenbyte Smartphone Pro 140,target_market_region,EU,zenbyte smartphone pro 140|target_market_region|eu,0.98,product_140,structured,structured_row:Zenbyte Smartphone Pro 140,structured,1
DEC036_B_deepseek-v3.2,train_kb,conservative_noisy_or_conflict_adjusted,Zenbyte Smartphone Pro 140,supports_fast_charging,no,zenbyte smartphone pro 140|supports_fast_charging|no,0.98,product_140,structured,structured_row:Zenbyte Smartphone Pro 140,structured,1
DEC036_B_deepseek-v3.2,train_kb,conservative_noisy_or_conflict_adjusted,Zenbyte Smartphone Pro 140,has_noise_cancellation,no,zenbyte smartphone pro 140|has_noise_cancellation|no,0.98,product_140,structured,structured_row:Zenbyte Smartphone Pro 140,structured,1
DEC036_B_deepseek-v3.2,train_kb,conservative_noisy_or_conflict_adjusted,smartphone device,has_price_usd,1299,smartphone device|has_price_usd|1299,0.95,product_140,unstructured,LP=0.927195;LPO=0.999988|It is a smartphone device. Priced at 1299 USD. Available in green. Built with plastic construction. Targeted at the EU market. Fast charging is no. Noise cancellation: no.,unstructured,1
DEC036_B_deepseek-v3.2,train_kb,conservative_noisy_or_conflict_adjusted,smartphone device,has_color,green,smartphone device|has_color|green,0.94,product_140,unstructured,LP=0.998436;LPO=0.999991|It is a smartphone device. Priced at 1299 USD. Available in green. Built with plastic construction. Targeted at the EU market. Fast charging is no. Noise cancellation: no.,unstructured,1
DEC036_B_deepseek-v3.2,train_kb,conservative_noisy_or_conflict_adjusted,smartphone device,made_of_material,plastic,smartphone device|made_of_material|plastic,0.93,product_140,unstructured,LP=0.999800;LPO=0.999989|It is a smartphone device. Priced at 1299 USD. Available in green. Built with plastic construction. Targeted at the EU market. Fast charging is no. Noise cancellation: no.,unstructured,1
DEC036_B_deepseek-v3.2,train_kb,conservative_noisy_or_conflict_adjusted,smartphone device,target_market_region,EU,smartphone device|target_market_region|eu,0.92,product_140,unstructured,LP=0.999970;LPO=0.999982|It is a smartphone device. Priced at 1299 USD. Available in green. Built with plastic construction. Targeted at the EU market. Fast charging is no. Noise cancellation: no.,unstructured,1
DEC036_B_deepseek-v3.2,train_kb,conservative_noisy_or_conflict_adjusted,smartphone device,supports_fast_charging,no,smartphone device|supports_fast_charging|no,0.9,product_140,unstructured,LP=0.998501;LPO=0.985766|It is a smartphone device. Priced at 1299 USD. Available in green. Built with plastic construction. Targeted at the EU market. Fast charging is no. Noise cancellation: no.,unstructured,1
DEC036_B_deepseek-v3.2,train_kb,conservative_noisy_or_conflict_adjusted,smartphone device,has_noise_cancellation,no,smartphone device|has_noise_cancellation|no,0.9,product_140,unstructured,LP=0.999971;LPO=0.999998|It is a smartphone device. Priced at 1299 USD. Available in green. Built with plastic construction. Targeted at the EU market. Fast charging is no. Noise cancellation: no.,unstructured,1
DEC036_B_deepseek-v3.2,train_kb,conservative_noisy_or_conflict_adjusted,NeoTech Smartwatch Pro 146,manufactured_by,NeoTech,neotech smartwatch pro 146|manufactured_by|neotech,0.98,product_146,structured,structured_row:NeoTech Smartwatch Pro 146,structured,1
DEC036_B_deepseek-v3.2,train_kb,conservative_noisy_or_conflict_adjusted,NeoTech Smartwatch Pro 146,belongs_to_category,smartwatch,neotech smartwatch pro 146|belongs_to_category|smartwatch,0.98,product_146,structured,structured_row:NeoTech Smartwatch Pro 146,structured,1
DEC036_B_deepseek-v3.2,train_kb,conservative_noisy_or_conflict_adjusted,NeoTech Smartwatch Pro 146,has_price_usd,499,neotech smartwatch pro 146|has_price_usd|499,0.98,product_146,structured,structured_row:NeoTech Smartwatch Pro 146,structured,1
DEC036_B_deepseek-v3.2,train_kb,conservative_noisy_or_conflict_adjusted,NeoTech Smartwatch Pro 146,has_screen_size_inch,6.7,neotech smartwatch pro 146|has_screen_size_inch|6.7,0.98,product_146,structured,structured_row:NeoTech Smartwatch Pro 146,structured,1
DEC036_B_deepseek-v3.2,train_kb,conservative_noisy_or_conflict_adjusted,NeoTech Smartwatch Pro 146,has_ram_gb,12,neotech smartwatch pro 146|has_ram_gb|12,0.98,product_146,structured,structured_row:NeoTech Smartwatch Pro 146,structured,1
DEC036_B_deepseek-v3.2,train_kb,conservative_noisy_or_conflict_adjusted,NeoTech Smartwatch Pro 146,has_storage_gb,128,neotech smartwatch pro 146|has_storage_gb|128,0.98,product_146,structured,structured_row:NeoTech Smartwatch Pro 146,structured,1
DEC036_B_deepseek-v3.2,train_kb,conservative_noisy_or_conflict_adjusted,NeoTech Smartwatch Pro 146,has_battery_life_hours,20,neotech smartwatch pro 146|has_battery_life_hours|20,0.98,product_146,structured,structured_row:NeoTech Smartwatch Pro 146,structured,1
DEC036_B_deepseek-v3.2,train_kb,conservative_noisy_or_conflict_adjusted,NeoTech Smartwatch Pro 146,has_weight_kg,0.55,neotech smartwatch pro 146|has_weight_kg|0.55,0.98,product_146,structured,structured_row:NeoTech Smartwatch Pro 146,structured,1
DEC036_B_deepseek-v3.2,train_kb,conservative_noisy_or_conflict_adjusted,NeoTech Smartwatch Pro 146,has_color,silver,neotech smartwatch pro 146|has_color|silver,0.98,product_146,structured,structured_row:NeoTech Smartwatch Pro 146,structured,1
DEC036_B_deepseek-v3.2,train_kb,conservative_noisy_or_conflict_adjusted,NeoTech Smartwatch Pro 146,made_of_material,carbon fiber,neotech smartwatch pro 146|made_of_material|carbon fiber,0.98,product_146,structured,structured_row:NeoTech Smartwatch Pro 146,structured,1
DEC036_B_deepseek-v3.2,train_kb,conservative_noisy_or_conflict_adjusted,NeoTech Smartwatch Pro 146,target_market_region,EU,neotech smartwatch pro 146|target_market_region|eu,0.98,product_146,structured,structured_row:NeoTech Smartwatch Pro 146,structured,1
DEC036_B_deepseek-v3.2,train_kb,conservative_noisy_or_conflict_adjusted,NeoTech Smartwatch Pro 146,supports_fast_charging,no,neotech smartwatch pro 146|supports_fast_charging|no,0.98,product_146,structured,structured_row:NeoTech Smartwatch Pro 146,structured,1
DEC036_B_deepseek-v3.2,train_kb,conservative_noisy_or_conflict_adjusted,NeoTech Smartwatch Pro 146,has_noise_cancellation,no,neotech smartwatch pro 146|has_noise_cancellation|no,0.98,product_146,structured,structured_row:NeoTech Smartwatch Pro 146,structured,1
DEC036_B_deepseek-v3.2,train_kb,conservative_noisy_or_conflict_adjusted,NeoTech Smartwatch Pro 146,manufactured_by,NeoTech,neotech smartwatch pro 146|manufactured_by|neotech,0.96,product_146,unstructured,LP=0.999989;LPO=0.999997|NeoTech Smartwatch Pro 146 is manufactured by NeoTech. It is a smartwatch device. Priced at 499 USD. Comes with 12GB of RAM. Offers 128GB of internal storage. Weighs approximately 0.55kg. Fast charging is no.,unstructured,1
DEC036_B_deepseek-v3.2,train_kb,conservative_noisy_or_conflict_adjusted,NeoTech Smartwatch Pro 146,belongs_to_category,smartwatch device,neotech smartwatch pro 146|belongs_to_category|smartwatch device,0.92,product_146,unstructured,LP=0.969357;LPO=0.923765|NeoTech Smartwatch Pro 146 is manufactured by NeoTech. It is a smartwatch device. Priced at 499 USD. Comes with 12GB of RAM. Offers 128GB of internal storage. Weighs approximately 0.55kg. Fast charging is no.,unstructured,1
DEC036_B_deepseek-v3.2,train_kb,conservative_noisy_or_conflict_adjusted,NeoTech Smartwatch Pro 146,has_price_usd,499,neotech smartwatch pro 146|has_price_usd|499,0.95,product_146,unstructured,LP=0.999957;LPO=0.999985|NeoTech Smartwatch Pro 146 is manufactured by NeoTech. It is a smartwatch device. Priced at 499 USD. Comes with 12GB of RAM. Offers 128GB of internal storage. Weighs approximately 0.55kg. Fast charging is no.,unstructured,1
DEC036_B_deepseek-v3.2,train_kb,conservative_noisy_or_conflict_adjusted,NeoTech Smartwatch Pro 146,has_ram_gb,12,neotech smartwatch pro 146|has_ram_gb|12,0.96,product_146,unstructured,LP=0.999986;LPO=0.999876|NeoTech Smartwatch Pro 146 is manufactured by NeoTech. It is a smartwatch device. Priced at 499 USD. Comes with 12GB of RAM. Offers 128GB of internal storage. Weighs approximately 0.55kg. Fast charging is no.,unstructured,1
DEC036_B_deepseek-v3.2,train_kb,conservative_noisy_or_conflict_adjusted,NeoTech Smartwatch Pro 146,has_storage_gb,128,neotech smartwatch pro 146|has_storage_gb|128,0.96,product_146,unstructured,LP=0.999997;LPO=1.000000|NeoTech Smartwatch Pro 146 is manufactured by NeoTech. It is a smartwatch device. Priced at 499 USD. Comes with 12GB of RAM. Offers 128GB of internal storage. Weighs approximately 0.55kg. Fast charging is no.,unstructured,1
DEC036_B_deepseek-v3.2,train_kb,conservative_noisy_or_conflict_adjusted,NeoTech Smartwatch Pro 146,has_weight_kg,0.55,neotech smartwatch pro 146|has_weight_kg|0.55,0.9,product_146,unstructured,LP=0.999972;LPO=0.999958|NeoTech Smartwatch Pro 146 is manufactured by NeoTech. It is a smartwatch device. Priced at 499 USD. Comes with 12GB of RAM. Offers 128GB of internal storage. Weighs approximately 0.55kg. Fast charging is no.,unstructured,1
DEC036_B_deepseek-v3.2,train_kb,conservative_noisy_or_conflict_adjusted,NeoTech Smartwatch Pro 146,supports_fast_charging,no,neotech smartwatch pro 146|supports_fast_charging|no,0.94,product_146,unstructured,LP=0.994892;LPO=0.926217|NeoTech Smartwatch Pro 146 is manufactured by NeoTech. It is a smartwatch device. Priced at 499 USD. Comes with 12GB of RAM. Offers 128GB of internal storage. Weighs approximately 0.55kg. Fast charging is no.,unstructured,1
DEC036_B_deepseek-v3.2,train_kb,conservative_noisy_or_conflict_adjusted,NeoTech Laptop Lite 151,manufactured_by,NeoTech,neotech laptop lite 151|manufactured_by|neotech,0.98,product_151,structured,structured_row:NeoTech Laptop Lite 151,structured,1
DEC036_B_deepseek-v3.2,train_kb,conservative_noisy_or_conflict_adjusted,NeoTech Laptop Lite 151,belongs_to_category,laptop,neotech laptop lite 151|belongs_to_category|laptop,0.98,product_151,structured,structured_row:NeoTech Laptop Lite 151,structured,1
DEC036_B_deepseek-v3.2,train_kb,conservative_noisy_or_conflict_adjusted,NeoTech Laptop Lite 151,has_price_usd,249,neotech laptop lite 151|has_price_usd|249,0.98,product_151,structured,structured_row:NeoTech Laptop Lite 151,structured,1
DEC036_B_deepseek-v3.2,train_kb,conservative_noisy_or_conflict_adjusted,NeoTech Laptop Lite 151,has_screen_size_inch,13.3,neotech laptop lite 151|has_screen_size_inch|13.3,0.98,product_151,structured,structured_row:NeoTech Laptop Lite 151,structured,1
DEC036_B_deepseek-v3.2,train_kb,conservative_noisy_or_conflict_adjusted,NeoTech Laptop Lite 151,has_ram_gb,6,neotech laptop lite 151|has_ram_gb|6,0.98,product_151,structured,structured_row:NeoTech Laptop Lite 151,structured,1
DEC036_B_deepseek-v3.2,train_kb,conservative_noisy_or_conflict_adjusted,NeoTech Laptop Lite 151,has_storage_gb,1024,neotech laptop lite 151|has_storage_gb|1024,0.98,product_151,structured,structured_row:NeoTech Laptop Lite 151,structured,1
DEC036_B_deepseek-v3.2,train_kb,conservative_noisy_or_conflict_adjusted,NeoTech Laptop Lite 151,has_battery_life_hours,18,neotech laptop lite 151|has_battery_life_hours|18,0.98,product_151,structured,structured_row:NeoTech Laptop Lite 151,structured,1
DEC036_B_deepseek-v3.2,train_kb,conservative_noisy_or_conflict_adjusted,NeoTech Laptop Lite 151,has_weight_kg,0.23,neotech laptop lite 151|has_weight_kg|0.23,0.98,product_151,structured,structured_row:NeoTech Laptop Lite 151,structured,1
DEC036_B_deepseek-v3.2,train_kb,conservative_noisy_or_conflict_adjusted,NeoTech Laptop Lite 151,has_color,white,neotech laptop lite 151|has_color|white,0.98,product_151,structured,structured_row:NeoTech Laptop Lite 151,structured,1
DEC036_B_deepseek-v3.2,train_kb,conservative_noisy_or_conflict_adjusted,NeoTech Laptop Lite 151,made_of_material,plastic,neotech laptop lite 151|made_of_material|plastic,0.98,product_151,structured,structured_row:NeoTech Laptop Lite 151,structured,1
DEC036_B_deepseek-v3.2,train_kb,conservative_noisy_or_conflict_adjusted,NeoTech Laptop Lite 151,target_market_region,Global,neotech laptop lite 151|target_market_region|global,0.98,product_151,structured,structured_row:NeoTech Laptop Lite 151,structured,1
DEC036_B_deepseek-v3.2,train_kb,conservative_noisy_or_conflict_adjusted,NeoTech Laptop Lite 151,supports_fast_charging,yes,neotech laptop lite 151|supports_fast_charging|yes,0.98,product_151,structured,structured_row:NeoTech Laptop Lite 151,structured,1
DEC036_B_deepseek-v3.2,train_kb,conservative_noisy_or_conflict_adjusted,NeoTech Laptop Lite 151,has_noise_cancellation,no,neotech laptop lite 151|has_noise_cancellation|no,0.98,product_151,structured,structured_row:NeoTech Laptop Lite 151,structured,1
DEC036_B_deepseek-v3.2,train_kb,conservative_noisy_or_conflict_adjusted,it,belongs_to_category,laptop device,it|belongs_to_category|laptop device,0.92,product_151,unstructured,LP=0.670765;LPO=0.851245|It is a laptop device. The display measures 13.3 inches. Comes with 6GB of RAM. Battery lasts up to 18 hours. Weighs approximately 0.23kg. Fast charging is yes. Noise cancellation: no.,unstructured,1
DEC036_B_deepseek-v3.2,train_kb,conservative_noisy_or_conflict_adjusted,it,has_screen_size_inch,13.3,it|has_screen_size_inch|13.3,0.93,product_151,unstructured,LP=0.999375;LPO=0.999995|It is a laptop device. The display measures 13.3 inches. Comes with 6GB of RAM. Battery lasts up to 18 hours. Weighs approximately 0.23kg. Fast charging is yes. Noise cancellation: no.,unstructured,1
DEC036_B_deepseek-v3.2,train_kb,conservative_noisy_or_conflict_adjusted,it,has_ram_gb,6,it|has_ram_gb|6,0.94,product_151,unstructured,LP=0.999993;LPO=0.999980|It is a laptop device. The display measures 13.3 inches. Comes with 6GB of RAM. Battery lasts up to 18 hours. Weighs approximately 0.23kg. Fast charging is yes. Noise cancellation: no.,unstructured,1
DEC036_B_deepseek-v3.2,train_kb,conservative_noisy_or_conflict_adjusted,it,has_battery_life_hours,18,it|has_battery_life_hours|18,0.9,product_151,unstructured,LP=0.999937;LPO=0.999735|It is a laptop device. The display measures 13.3 inches. Comes with 6GB of RAM. Battery lasts up to 18 hours. Weighs approximately 0.23kg. Fast charging is yes. Noise cancellation: no.,unstructured,1
DEC036_B_deepseek-v3.2,train_kb,conservative_noisy_or_conflict_adjusted,it,has_weight_kg,0.23,it|has_weight_kg|0.23,0.88,product_151,unstructured,LP=0.999993;LPO=0.999985|It is a laptop device. The display measures 13.3 inches. Comes with 6GB of RAM. Battery lasts up to 18 hours. Weighs approximately 0.23kg. Fast charging is yes. Noise cancellation: no.,unstructured,1
DEC036_B_deepseek-v3.2,train_kb,conservative_noisy_or_conflict_adjusted,it,supports_fast_charging,yes,it|supports_fast_charging|yes,0.95,product_151,unstructured,LP=0.999676;LPO=0.997471|It is a laptop device. The display measures 13.3 inches. Comes with 6GB of RAM. Battery lasts up to 18 hours. Weighs approximately 0.23kg. Fast charging is yes. Noise cancellation: no.,unstructured,1
DEC036_B_deepseek-v3.2,train_kb,conservative_noisy_or_conflict_adjusted,it,has_noise_cancellation,no,it|has_noise_cancellation|no,0.94,product_151,unstructured,LP=0.999995;LPO=0.999979|It is a laptop device. The display measures 13.3 inches. Comes with 6GB of RAM. Battery lasts up to 18 hours. Weighs approximately 0.23kg. Fast charging is yes. Noise cancellation: no.,unstructured,1
DEC036_B_deepseek-v3.2,train_kb,conservative_noisy_or_conflict_adjusted,TechNova Tablet Max 152,manufactured_by,TechNova,technova tablet max 152|manufactured_by|technova,0.98,product_152,structured,structured_row:TechNova Tablet Max 152,structured,1
DEC036_B_deepseek-v3.2,train_kb,conservative_noisy_or_conflict_adjusted,TechNova Tablet Max 152,belongs_to_category,tablet,technova tablet max 152|belongs_to_category|tablet,0.98,product_152,structured,structured_row:TechNova Tablet Max 152,structured,1
DEC036_B_deepseek-v3.2,train_kb,conservative_noisy_or_conflict_adjusted,TechNova Tablet Max 152,has_price_usd,499,technova tablet max 152|has_price_usd|499,0.98,product_152,structured,structured_row:TechNova Tablet Max 152,structured,1
DEC036_B_deepseek-v3.2,train_kb,conservative_noisy_or_conflict_adjusted,TechNova Tablet Max 152,has_screen_size_inch,14.0,technova tablet max 152|has_screen_size_inch|14.0,0.98,product_152,structured,structured_row:TechNova Tablet Max 152,structured,1
DEC036_B_deepseek-v3.2,train_kb,conservative_noisy_or_conflict_adjusted,TechNova Tablet Max 152,has_ram_gb,6,technova tablet max 152|has_ram_gb|6,0.98,product_152,structured,structured_row:TechNova Tablet Max 152,structured,1
DEC036_B_deepseek-v3.2,train_kb,conservative_noisy_or_conflict_adjusted,TechNova Tablet Max 152,has_storage_gb,512,technova tablet max 152|has_storage_gb|512,0.98,product_152,structured,structured_row:TechNova Tablet Max 152,structured,1
DEC036_B_deepseek-v3.2,train_kb,conservative_noisy_or_conflict_adjusted,TechNova Tablet Max 152,has_battery_life_hours,24,technova tablet max 152|has_battery_life_hours|24,0.98,product_152,structured,structured_row:TechNova Tablet Max 152,structured,1
DEC036_B_deepseek-v3.2,train_kb,conservative_noisy_or_conflict_adjusted,TechNova Tablet Max 152,has_weight_kg,0.55,technova tablet max 152|has_weight_kg|0.55,0.98,product_152,structured,structured_row:TechNova Tablet Max 152,structured,1
DEC036_B_deepseek-v3.2,train_kb,conservative_noisy_or_conflict_adjusted,TechNova Tablet Max 152,has_color,white,technova tablet max 152|has_color|white,0.98,product_152,structured,structured_row:TechNova Tablet Max 152,structured,1
DEC036_B_deepseek-v3.2,train_kb,conservative_noisy_or_conflict_adjusted,TechNova Tablet Max 152,made_of_material,aluminum,technova tablet max 152|made_of_material|aluminum,0.98,product_152,structured,structured_row:TechNova Tablet Max 152,structured,1
DEC036_B_deepseek-v3.2,train_kb,conservative_noisy_or_conflict_adjusted,TechNova Tablet Max 152,target_market_region,APAC,technova tablet max 152|target_market_region|apac,0.98,product_152,structured,structured_row:TechNova Tablet Max 152,structured,1
DEC036_B_deepseek-v3.2,train_kb,conservative_noisy_or_conflict_adjusted,TechNova Tablet Max 152,supports_fast_charging,yes,technova tablet max 152|supports_fast_charging|yes,0.98,product_152,structured,structured_row:TechNova Tablet Max 152,structured,1
DEC036_B_deepseek-v3.2,train_kb,conservative_noisy_or_conflict_adjusted,TechNova Tablet Max 152,has_noise_cancellation,no,technova tablet max 152|has_noise_cancellation|no,0.98,product_152,structured,structured_row:TechNova Tablet Max 152,structured,1
DEC036_B_deepseek-v3.2,train_kb,conservative_noisy_or_conflict_adjusted,Product,has_ram_gb,6,product|has_ram_gb|6,0.93,product_152,unstructured,LP=0.926859;LPO=0.999997|Comes with 6GB of RAM. Battery lasts up to 24 hours. Weighs approximately 0.55kg. Available in white. Built with aluminum construction. Fast charging is yes. Noise cancellation: no.,unstructured,1
DEC036_B_deepseek-v3.2,train_kb,conservative_noisy_or_conflict_adjusted,Product,has_battery_life_hours,24,product|has_battery_life_hours|24,0.87,product_152,unstructured,LP=0.999981;LPO=0.999936|Comes with 6GB of RAM. Battery lasts up to 24 hours. Weighs approximately 0.55kg. Available in white. Built with aluminum construction. Fast charging is yes. Noise cancellation: no.,unstructured,1
DEC036_B_deepseek-v3.2,train_kb,conservative_noisy_or_conflict_adjusted,Product,has_weight_kg,0.55,product|has_weight_kg|0.55,0.9,product_152,unstructured,LP=0.999995;LPO=0.999981|Comes with 6GB of RAM. Battery lasts up to 24 hours. Weighs approximately 0.55kg. Available in white. Built with aluminum construction. Fast charging is yes. Noise cancellation: no.,unstructured,1
DEC036_B_deepseek-v3.2,train_kb,conservative_noisy_or_conflict_adjusted,Product,has_color,white,product|has_color|white,0.92,product_152,unstructured,LP=0.999820;LPO=0.999289|Comes with 6GB of RAM. Battery lasts up to 24 hours. Weighs approximately 0.55kg. Available in white. Built with aluminum construction. Fast charging is yes. Noise cancellation: no.,unstructured,1
DEC036_B_deepseek-v3.2,train_kb,conservative_noisy_or_conflict_adjusted,Product,made_of_material,aluminum,product|made_of_material|aluminum,0.92,product_152,unstructured,LP=0.999963;LPO=0.999899|Comes with 6GB of RAM. Battery lasts up to 24 hours. Weighs approximately 0.55kg. Available in white. Built with aluminum construction. Fast charging is yes. Noise cancellation: no.,unstructured,1
DEC036_B_deepseek-v3.2,train_kb,conservative_noisy_or_conflict_adjusted,Product,supports_fast_charging,yes,product|supports_fast_charging|yes,0.89,product_152,unstructured,LP=0.998191;LPO=0.985627|Comes with 6GB of RAM. Battery lasts up to 24 hours. Weighs approximately 0.55kg. Available in white. Built with aluminum construction. Fast charging is yes. Noise cancellation: no.,unstructured,1
DEC036_B_deepseek-v3.2,train_kb,conservative_noisy_or_conflict_adjusted,Product,has_noise_cancellation,no,product|has_noise_cancellation|no,0.91,product_152,unstructured,LP=0.999992;LPO=0.999952|Comes with 6GB of RAM. Battery lasts up to 24 hours. Weighs approximately 0.55kg. Available in white. Built with aluminum construction. Fast charging is yes. Noise cancellation: no.,unstructured,1
DEC036_B_deepseek-v3.2,train_kb,conservative_noisy_or_conflict_adjusted,NeoTech Smartphone Pro 153,manufactured_by,NeoTech,neotech smartphone pro 153|manufactured_by|neotech,0.98,product_153,structured,structured_row:NeoTech Smartphone Pro 153,structured,1
DEC036_B_deepseek-v3.2,train_kb,conservative_noisy_or_conflict_adjusted,NeoTech Smartphone Pro 153,belongs_to_category,smartphone,neotech smartphone pro 153|belongs_to_category|smartphone,0.98,product_153,structured,structured_row:NeoTech Smartphone Pro 153,structured,1
DEC036_B_deepseek-v3.2,train_kb,conservative_noisy_or_conflict_adjusted,NeoTech Smartphone Pro 153,has_price_usd,349,neotech smartphone pro 153|has_price_usd|349,0.98,product_153,structured,structured_row:NeoTech Smartphone Pro 153,structured,1
DEC036_B_deepseek-v3.2,train_kb,conservative_noisy_or_conflict_adjusted,NeoTech Smartphone Pro 153,has_screen_size_inch,14.0,neotech smartphone pro 153|has_screen_size_inch|14.0,0.98,product_153,structured,structured_row:NeoTech Smartphone Pro 153,structured,1
DEC036_B_deepseek-v3.2,train_kb,conservative_noisy_or_conflict_adjusted,NeoTech Smartphone Pro 153,has_ram_gb,32,neotech smartphone pro 153|has_ram_gb|32,0.98,product_153,structured,structured_row:NeoTech Smartphone Pro 153,structured,1
DEC036_B_deepseek-v3.2,train_kb,conservative_noisy_or_conflict_adjusted,NeoTech Smartphone Pro 153,has_storage_gb,256,neotech smartphone pro 153|has_storage_gb|256,0.98,product_153,structured,structured_row:NeoTech Smartphone Pro 153,structured,1
DEC036_B_deepseek-v3.2,train_kb,conservative_noisy_or_conflict_adjusted,NeoTech Smartphone Pro 153,has_battery_life_hours,10,neotech smartphone pro 153|has_battery_life_hours|10,0.98,product_153,structured,structured_row:NeoTech Smartphone Pro 153,structured,1
DEC036_B_deepseek-v3.2,train_kb,conservative_noisy_or_conflict_adjusted,NeoTech Smartphone Pro 153,has_weight_kg,1.45,neotech smartphone pro 153|has_weight_kg|1.45,0.98,product_153,structured,structured_row:NeoTech Smartphone Pro 153,structured,1
DEC036_B_deepseek-v3.2,train_kb,conservative_noisy_or_conflict_adjusted,NeoTech Smartphone Pro 153,has_color,green,neotech smartphone pro 153|has_color|green,0.98,product_153,structured,structured_row:NeoTech Smartphone Pro 153,structured,1
DEC036_B_deepseek-v3.2,train_kb,conservative_noisy_or_conflict_adjusted,NeoTech Smartphone Pro 153,made_of_material,carbon fiber,neotech smartphone pro 153|made_of_material|carbon fiber,0.98,product_153,structured,structured_row:NeoTech Smartphone Pro 153,structured,1
DEC036_B_deepseek-v3.2,train_kb,conservative_noisy_or_conflict_adjusted,NeoTech Smartphone Pro 153,target_market_region,EU,neotech smartphone pro 153|target_market_region|eu,0.98,product_153,structured,structured_row:NeoTech Smartphone Pro 153,structured,1
DEC036_B_deepseek-v3.2,train_kb,conservative_noisy_or_conflict_adjusted,NeoTech Smartphone Pro 153,supports_fast_charging,yes,neotech smartphone pro 153|supports_fast_charging|yes,0.98,product_153,structured,structured_row:NeoTech Smartphone Pro 153,structured,1
DEC036_B_deepseek-v3.2,train_kb,conservative_noisy_or_conflict_adjusted,NeoTech Smartphone Pro 153,has_noise_cancellation,no,neotech smartphone pro 153|has_noise_cancellation|no,0.98,product_153,structured,structured_row:NeoTech Smartphone Pro 153,structured,1
DEC036_B_deepseek-v3.2,train_kb,conservative_noisy_or_conflict_adjusted,NeoTech Smartphone Pro 153,manufactured_by,NeoTech,neotech smartphone pro 153|manufactured_by|neotech,0.95,product_153,unstructured,LP=0.999995;LPO=0.999991|NeoTech Smartphone Pro 153 is manufactured by NeoTech. Offers 256GB of internal storage. Battery lasts up to 10 hours. Built with carbon fiber construction. Targeted at the EU market. Fast charging is yes. Noise cancellation: no.,unstructured,1
DEC036_B_deepseek-v3.2,train_kb,conservative_noisy_or_conflict_adjusted,NeoTech Smartphone Pro 153,has_storage_gb,256,neotech smartphone pro 153|has_storage_gb|256,0.92,product_153,unstructured,LP=0.999969;LPO=1.000000|NeoTech Smartphone Pro 153 is manufactured by NeoTech. Offers 256GB of internal storage. Battery lasts up to 10 hours. Built with carbon fiber construction. Targeted at the EU market. Fast charging is yes. Noise cancellation: no.,unstructured,1
DEC036_B_deepseek-v3.2,train_kb,conservative_noisy_or_conflict_adjusted,NeoTech Smartphone Pro 153,has_battery_life_hours,10,neotech smartphone pro 153|has_battery_life_hours|10,0.9,product_153,unstructured,LP=0.999996;LPO=0.999982|NeoTech Smartphone Pro 153 is manufactured by NeoTech. Offers 256GB of internal storage. Battery lasts up to 10 hours. Built with carbon fiber construction. Targeted at the EU market. Fast charging is yes. Noise cancellation: no.,unstructured,1
DEC036_B_deepseek-v3.2,train_kb,conservative_noisy_or_conflict_adjusted,NeoTech Smartphone Pro 153,made_of_material,carbon fiber,neotech smartphone pro 153|made_of_material|carbon fiber,0.89,product_153,unstructured,LP=0.999966;LPO=0.999946|NeoTech Smartphone Pro 153 is manufactured by NeoTech. Offers 256GB of internal storage. Battery lasts up to 10 hours. Built with carbon fiber construction. Targeted at the EU market. Fast charging is yes. Noise cancellation: no.,unstructured,1
DEC036_B_deepseek-v3.2,train_kb,conservative_noisy_or_conflict_adjusted,NeoTech Smartphone Pro 153,target_market_region,EU,neotech smartphone pro 153|target_market_region|eu,0.91,product_153,unstructured,LP=0.999992;LPO=0.999928|NeoTech Smartphone Pro 153 is manufactured by NeoTech. Offers 256GB of internal storage. Battery lasts up to 10 hours. Built with carbon fiber construction. Targeted at the EU market. Fast charging is yes. Noise cancellation: no.,unstructured,1
DEC036_B_deepseek-v3.2,train_kb,conservative_noisy_or_conflict_adjusted,NeoTech Smartphone Pro 153,supports_fast_charging,yes,neotech smartphone pro 153|supports_fast_charging|yes,0.93,product_153,unstructured,LP=0.999031;LPO=0.985574|NeoTech Smartphone Pro 153 is manufactured by NeoTech. Offers 256GB of internal storage. Battery lasts up to 10 hours. Built with carbon fiber construction. Targeted at the EU market. Fast charging is yes. Noise cancellation: no.,unstructured,1
DEC036_B_deepseek-v3.2,train_kb,conservative_noisy_or_conflict_adjusted,NeoTech Smartphone Pro 153,has_noise_cancellation,no,neotech smartphone pro 153|has_noise_cancellation|no,0.94,product_153,unstructured,LP=0.999995;LPO=0.999953|NeoTech Smartphone Pro 153 is manufactured by NeoTech. Offers 256GB of internal storage. Battery lasts up to 10 hours. Built with carbon fiber construction. Targeted at the EU market. Fast charging is yes. Noise cancellation: no.,unstructured,1
DEC036_B_deepseek-v3.2,train_kb,conservative_noisy_or_conflict_adjusted,Auralex Smartphone Air 154,manufactured_by,Auralex,auralex smartphone air 154|manufactured_by|auralex,0.98,product_154,structured,structured_row:Auralex Smartphone Air 154,structured,1
DEC036_B_deepseek-v3.2,train_kb,conservative_noisy_or_conflict_adjusted,Auralex Smartphone Air 154,belongs_to_category,smartphone,auralex smartphone air 154|belongs_to_category|smartphone,0.98,product_154,structured,structured_row:Auralex Smartphone Air 154,structured,1
DEC036_B_deepseek-v3.2,train_kb,conservative_noisy_or_conflict_adjusted,Auralex Smartphone Air 154,has_price_usd,699,auralex smartphone air 154|has_price_usd|699,0.98,product_154,structured,structured_row:Auralex Smartphone Air 154,structured,1
DEC036_B_deepseek-v3.2,train_kb,conservative_noisy_or_conflict_adjusted,Auralex Smartphone Air 154,has_screen_size_inch,11.0,auralex smartphone air 154|has_screen_size_inch|11.0,0.98,product_154,structured,structured_row:Auralex Smartphone Air 154,structured,1
DEC036_B_deepseek-v3.2,train_kb,conservative_noisy_or_conflict_adjusted,Auralex Smartphone Air 154,has_ram_gb,12,auralex smartphone air 154|has_ram_gb|12,0.98,product_154,structured,structured_row:Auralex Smartphone Air 154,structured,1
DEC036_B_deepseek-v3.2,train_kb,conservative_noisy_or_conflict_adjusted,Auralex Smartphone Air 154,has_storage_gb,1024,auralex smartphone air 154|has_storage_gb|1024,0.98,product_154,structured,structured_row:Auralex Smartphone Air 154,structured,1
DEC036_B_deepseek-v3.2,train_kb,conservative_noisy_or_conflict_adjusted,Auralex Smartphone Air 154,has_battery_life_hours,20,auralex smartphone air 154|has_battery_life_hours|20,0.98,product_154,structured,structured_row:Auralex Smartphone Air 154,structured,1
DEC036_B_deepseek-v3.2,train_kb,conservative_noisy_or_conflict_adjusted,Auralex Smartphone Air 154,has_weight_kg,1.2,auralex smartphone air 154|has_weight_kg|1.2,0.98,product_154,structured,structured_row:Auralex Smartphone Air 154,structured,1
DEC036_B_deepseek-v3.2,train_kb,conservative_noisy_or_conflict_adjusted,Auralex Smartphone Air 154,has_color,blue,auralex smartphone air 154|has_color|blue,0.98,product_154,structured,structured_row:Auralex Smartphone Air 154,structured,1
DEC036_B_deepseek-v3.2,train_kb,conservative_noisy_or_conflict_adjusted,Auralex Smartphone Air 154,made_of_material,aluminum,auralex smartphone air 154|made_of_material|aluminum,0.98,product_154,structured,structured_row:Auralex Smartphone Air 154,structured,1
DEC036_B_deepseek-v3.2,train_kb,conservative_noisy_or_conflict_adjusted,Auralex Smartphone Air 154,target_market_region,US,auralex smartphone air 154|target_market_region|us,0.98,product_154,structured,structured_row:Auralex Smartphone Air 154,structured,1
DEC036_B_deepseek-v3.2,train_kb,conservative_noisy_or_conflict_adjusted,Auralex Smartphone Air 154,supports_fast_charging,yes,auralex smartphone air 154|supports_fast_charging|yes,0.98,product_154,structured,structured_row:Auralex Smartphone Air 154,structured,1
DEC036_B_deepseek-v3.2,train_kb,conservative_noisy_or_conflict_adjusted,Auralex Smartphone Air 154,has_noise_cancellation,no,auralex smartphone air 154|has_noise_cancellation|no,0.98,product_154,structured,structured_row:Auralex Smartphone Air 154,structured,1
DEC036_B_deepseek-v3.2,train_kb,conservative_noisy_or_conflict_adjusted,Auralex Smartphone Air 154,manufactured_by,Auralex,auralex smartphone air 154|manufactured_by|auralex,0.96,product_154,unstructured,LP=0.999995;LPO=0.999993|Auralex Smartphone Air 154 is manufactured by Auralex. It is a smartphone device. Comes with 12GB of RAM. Offers 1024GB of internal storage. Battery lasts up to 20 hours. Weighs approximately 1.2kg. Fast charging is yes.,unstructured,1
DEC036_B_deepseek-v3.2,train_kb,conservative_noisy_or_conflict_adjusted,Auralex Smartphone Air 154,belongs_to_category,smartphone device,auralex smartphone air 154|belongs_to_category|smartphone device,0.9,product_154,unstructured,LP=0.921478;LPO=0.776890|Auralex Smartphone Air 154 is manufactured by Auralex. It is a smartphone device. Comes with 12GB of RAM. Offers 1024GB of internal storage. Battery lasts up to 20 hours. Weighs approximately 1.2kg. Fast charging is yes.,unstructured,1
DEC036_B_deepseek-v3.2,train_kb,conservative_noisy_or_conflict_adjusted,Auralex Smartphone Air 154,has_ram_gb,12,auralex smartphone air 154|has_ram_gb|12,0.95,product_154,unstructured,LP=0.999991;LPO=0.999998|Auralex Smartphone Air 154 is manufactured by Auralex. It is a smartphone device. Comes with 12GB of RAM. Offers 1024GB of internal storage. Battery lasts up to 20 hours. Weighs approximately 1.2kg. Fast charging is yes.,unstructured,1
DEC036_B_deepseek-v3.2,train_kb,conservative_noisy_or_conflict_adjusted,Auralex Smartphone Air 154,has_storage_gb,1024,auralex smartphone air 154|has_storage_gb|1024,0.95,product_154,unstructured,LP=0.999999;LPO=1.000000|Auralex Smartphone Air 154 is manufactured by Auralex. It is a smartphone device. Comes with 12GB of RAM. Offers 1024GB of internal storage. Battery lasts up to 20 hours. Weighs approximately 1.2kg. Fast charging is yes.,unstructured,1
DEC036_B_deepseek-v3.2,train_kb,conservative_noisy_or_conflict_adjusted,Auralex Smartphone Air 154,has_battery_life_hours,20,auralex smartphone air 154|has_battery_life_hours|20,0.92,product_154,unstructured,LP=0.999950;LPO=0.999288|Auralex Smartphone Air 154 is manufactured by Auralex. It is a smartphone device. Comes with 12GB of RAM. Offers 1024GB of internal storage. Battery lasts up to 20 hours. Weighs approximately 1.2kg. Fast charging is yes.,unstructured,1
DEC036_B_deepseek-v3.2,train_kb,conservative_noisy_or_conflict_adjusted,Auralex Smartphone Air 154,has_weight_kg,1.2,auralex smartphone air 154|has_weight_kg|1.2,0.91,product_154,unstructured,LP=0.999997;LPO=0.999974|Auralex Smartphone Air 154 is manufactured by Auralex. It is a smartphone device. Comes with 12GB of RAM. Offers 1024GB of internal storage. Battery lasts up to 20 hours. Weighs approximately 1.2kg. Fast charging is yes.,unstructured,1
DEC036_B_deepseek-v3.2,train_kb,conservative_noisy_or_conflict_adjusted,Auralex Smartphone Air 154,supports_fast_charging,yes,auralex smartphone air 154|supports_fast_charging|yes,0.94,product_154,unstructured,LP=0.999914;LPO=0.998737|Auralex Smartphone Air 154 is manufactured by Auralex. It is a smartphone device. Comes with 12GB of RAM. Offers 1024GB of internal storage. Battery lasts up to 20 hours. Weighs approximately 1.2kg. Fast charging is yes.,unstructured,1
DEC036_B_deepseek-v3.2,train_kb,conservative_noisy_or_conflict_adjusted,TechNova Smartphone Lite 155,manufactured_by,TechNova,technova smartphone lite 155|manufactured_by|technova,0.98,product_155,structured,structured_row:TechNova Smartphone Lite 155,structured,1
DEC036_B_deepseek-v3.2,train_kb,conservative_noisy_or_conflict_adjusted,TechNova Smartphone Lite 155,belongs_to_category,smartphone,technova smartphone lite 155|belongs_to_category|smartphone,0.98,product_155,structured,structured_row:TechNova Smartphone Lite 155,structured,1
DEC036_B_deepseek-v3.2,train_kb,conservative_noisy_or_conflict_adjusted,TechNova Smartphone Lite 155,has_price_usd,1099,technova smartphone lite 155|has_price_usd|1099,0.98,product_155,structured,structured_row:TechNova Smartphone Lite 155,structured,1
DEC036_B_deepseek-v3.2,train_kb,conservative_noisy_or_conflict_adjusted,TechNova Smartphone Lite 155,has_screen_size_inch,15.6,technova smartphone lite 155|has_screen_size_inch|15.6,0.98,product_155,structured,structured_row:TechNova Smartphone Lite 155,structured,1
DEC036_B_deepseek-v3.2,train_kb,conservative_noisy_or_conflict_adjusted,TechNova Smartphone Lite 155,has_ram_gb,6,technova smartphone lite 155|has_ram_gb|6,0.98,product_155,structured,structured_row:TechNova Smartphone Lite 155,structured,1
DEC036_B_deepseek-v3.2,train_kb,conservative_noisy_or_conflict_adjusted,TechNova Smartphone Lite 155,has_storage_gb,1024,technova smartphone lite 155|has_storage_gb|1024,0.98,product_155,structured,structured_row:TechNova Smartphone Lite 155,structured,1
DEC036_B_deepseek-v3.2,train_kb,conservative_noisy_or_conflict_adjusted,TechNova Smartphone Lite 155,has_battery_life_hours,14,technova smartphone lite 155|has_battery_life_hours|14,0.98,product_155,structured,structured_row:TechNova Smartphone Lite 155,structured,1
DEC036_B_deepseek-v3.2,train_kb,conservative_noisy_or_conflict_adjusted,TechNova Smartphone Lite 155,has_weight_kg,0.42,technova smartphone lite 155|has_weight_kg|0.42,0.98,product_155,structured,structured_row:TechNova Smartphone Lite 155,structured,1
DEC036_B_deepseek-v3.2,train_kb,conservative_noisy_or_conflict_adjusted,TechNova Smartphone Lite 155,has_color,silver,technova smartphone lite 155|has_color|silver,0.98,product_155,structured,structured_row:TechNova Smartphone Lite 155,structured,1
DEC036_B_deepseek-v3.2,train_kb,conservative_noisy_or_conflict_adjusted,TechNova Smartphone Lite 155,made_of_material,plastic,technova smartphone lite 155|made_of_material|plastic,0.98,product_155,structured,structured_row:TechNova Smartphone Lite 155,structured,1
DEC036_B_deepseek-v3.2,train_kb,conservative_noisy_or_conflict_adjusted,TechNova Smartphone Lite 155,target_market_region,APAC,technova smartphone lite 155|target_market_region|apac,0.98,product_155,structured,structured_row:TechNova Smartphone Lite 155,structured,1
DEC036_B_deepseek-v3.2,train_kb,conservative_noisy_or_conflict_adjusted,TechNova Smartphone Lite 155,supports_fast_charging,no,technova smartphone lite 155|supports_fast_charging|no,0.98,product_155,structured,structured_row:TechNova Smartphone Lite 155,structured,1
DEC036_B_deepseek-v3.2,train_kb,conservative_noisy_or_conflict_adjusted,TechNova Smartphone Lite 155,has_noise_cancellation,no,technova smartphone lite 155|has_noise_cancellation|no,0.98,product_155,structured,structured_row:TechNova Smartphone Lite 155,structured,1
DEC036_B_deepseek-v3.2,train_kb,conservative_noisy_or_conflict_adjusted,TechNova Smartphone Lite 155,manufactured_by,TechNova,technova smartphone lite 155|manufactured_by|technova,0.95,product_155,unstructured,LP=0.999993;LPO=0.999997|TechNova Smartphone Lite 155 is manufactured by TechNova. It is a smartphone device. Comes with 6GB of RAM. Offers 1024GB of internal storage. Weighs approximately 0.42kg. Fast charging is no. Noise cancellation: no.,unstructured,1
DEC036_B_deepseek-v3.2,train_kb,conservative_noisy_or_conflict_adjusted,TechNova Smartphone Lite 155,has_ram_gb,6,technova smartphone lite 155|has_ram_gb|6,0.92,product_155,unstructured,LP=0.966678;LPO=0.999990|TechNova Smartphone Lite 155 is manufactured by TechNova. It is a smartphone device. Comes with 6GB of RAM. Offers 1024GB of internal storage. Weighs approximately 0.42kg. Fast charging is no. Noise cancellation: no.,unstructured,1
DEC036_B_deepseek-v3.2,train_kb,conservative_noisy_or_conflict_adjusted,TechNova Smartphone Lite 155,has_storage_gb,1024,technova smartphone lite 155|has_storage_gb|1024,0.92,product_155,unstructured,LP=0.999977;LPO=0.999995|TechNova Smartphone Lite 155 is manufactured by TechNova. It is a smartphone device. Comes with 6GB of RAM. Offers 1024GB of internal storage. Weighs approximately 0.42kg. Fast charging is no. Noise cancellation: no.,unstructured,1
DEC036_B_deepseek-v3.2,train_kb,conservative_noisy_or_conflict_adjusted,TechNova Smartphone Lite 155,has_weight_kg,0.42,technova smartphone lite 155|has_weight_kg|0.42,0.88,product_155,unstructured,LP=0.999993;LPO=0.999982|TechNova Smartphone Lite 155 is manufactured by TechNova. It is a smartphone device. Comes with 6GB of RAM. Offers 1024GB of internal storage. Weighs approximately 0.42kg. Fast charging is no. Noise cancellation: no.,unstructured,1
DEC036_B_deepseek-v3.2,train_kb,conservative_noisy_or_conflict_adjusted,TechNova Smartphone Lite 155,supports_fast_charging,no,technova smartphone lite 155|supports_fast_charging|no,0.85,product_155,unstructured,LP=0.998397;LPO=0.976469|TechNova Smartphone Lite 155 is manufactured by TechNova. It is a smartphone device. Comes with 6GB of RAM. Offers 1024GB of internal storage. Weighs approximately 0.42kg. Fast charging is no. Noise cancellation: no.,unstructured,1
DEC036_B_deepseek-v3.2,train_kb,conservative_noisy_or_conflict_adjusted,TechNova Smartphone Lite 155,has_noise_cancellation,no,technova smartphone lite 155|has_noise_cancellation|no,0.85,product_155,unstructured,LP=0.999954;LPO=0.999993|TechNova Smartphone Lite 155 is manufactured by TechNova. It is a smartphone device. Comes with 6GB of RAM. Offers 1024GB of internal storage. Weighs approximately 0.42kg. Fast charging is no. Noise cancellation: no.,unstructured,1
DEC036_B_deepseek-v3.2,train_kb,conservative_noisy_or_conflict_adjusted,Auralex Smartphone Max 156,manufactured_by,Auralex,auralex smartphone max 156|manufactured_by|auralex,0.98,product_156,structured,structured_row:Auralex Smartphone Max 156,structured,1
DEC036_B_deepseek-v3.2,train_kb,conservative_noisy_or_conflict_adjusted,Auralex Smartphone Max 156,belongs_to_category,smartphone,auralex smartphone max 156|belongs_to_category|smartphone,0.98,product_156,structured,structured_row:Auralex Smartphone Max 156,structured,1
DEC036_B_deepseek-v3.2,train_kb,conservative_noisy_or_conflict_adjusted,Auralex Smartphone Max 156,has_price_usd,349,auralex smartphone max 156|has_price_usd|349,0.98,product_156,structured,structured_row:Auralex Smartphone Max 156,structured,1
DEC036_B_deepseek-v3.2,train_kb,conservative_noisy_or_conflict_adjusted,Auralex Smartphone Max 156,has_screen_size_inch,13.3,auralex smartphone max 156|has_screen_size_inch|13.3,0.98,product_156,structured,structured_row:Auralex Smartphone Max 156,structured,1
DEC036_B_deepseek-v3.2,train_kb,conservative_noisy_or_conflict_adjusted,Auralex Smartphone Max 156,has_ram_gb,6,auralex smartphone max 156|has_ram_gb|6,0.98,product_156,structured,structured_row:Auralex Smartphone Max 156,structured,1
DEC036_B_deepseek-v3.2,train_kb,conservative_noisy_or_conflict_adjusted,Auralex Smartphone Max 156,has_storage_gb,1024,auralex smartphone max 156|has_storage_gb|1024,0.98,product_156,structured,structured_row:Auralex Smartphone Max 156,structured,1
DEC036_B_deepseek-v3.2,train_kb,conservative_noisy_or_conflict_adjusted,Auralex Smartphone Max 156,has_battery_life_hours,10,auralex smartphone max 156|has_battery_life_hours|10,0.98,product_156,structured,structured_row:Auralex Smartphone Max 156,structured,1
DEC036_B_deepseek-v3.2,train_kb,conservative_noisy_or_conflict_adjusted,Auralex Smartphone Max 156,has_weight_kg,0.42,auralex smartphone max 156|has_weight_kg|0.42,0.98,product_156,structured,structured_row:Auralex Smartphone Max 156,structured,1
DEC036_B_deepseek-v3.2,train_kb,conservative_noisy_or_conflict_adjusted,Auralex Smartphone Max 156,has_color,blue,auralex smartphone max 156|has_color|blue,0.98,product_156,structured,structured_row:Auralex Smartphone Max 156,structured,1
DEC036_B_deepseek-v3.2,train_kb,conservative_noisy_or_conflict_adjusted,Auralex Smartphone Max 156,made_of_material,carbon fiber,auralex smartphone max 156|made_of_material|carbon fiber,0.98,product_156,structured,structured_row:Auralex Smartphone Max 156,structured,1
DEC036_B_deepseek-v3.2,train_kb,conservative_noisy_or_conflict_adjusted,Auralex Smartphone Max 156,target_market_region,EU,auralex smartphone max 156|target_market_region|eu,0.98,product_156,structured,structured_row:Auralex Smartphone Max 156,structured,1
DEC036_B_deepseek-v3.2,train_kb,conservative_noisy_or_conflict_adjusted,Auralex Smartphone Max 156,supports_fast_charging,no,auralex smartphone max 156|supports_fast_charging|no,0.98,product_156,structured,structured_row:Auralex Smartphone Max 156,structured,1
DEC036_B_deepseek-v3.2,train_kb,conservative_noisy_or_conflict_adjusted,Auralex Smartphone Max 156,has_noise_cancellation,no,auralex smartphone max 156|has_noise_cancellation|no,0.98,product_156,structured,structured_row:Auralex Smartphone Max 156,structured,1
DEC036_B_deepseek-v3.2,train_kb,conservative_noisy_or_conflict_adjusted,product,has_price_usd,349,product|has_price_usd|349,0.95,product_156,unstructured,LP=0.959004;LPO=0.999980|Priced at 349 USD. The display measures 13.3 inches. Battery lasts up to 10 hours. Weighs approximately 0.42kg. Built with carbon fiber construction. Targeted at the EU market. Fast charging is no.,unstructured,1
DEC036_B_deepseek-v3.2,train_kb,conservative_noisy_or_conflict_adjusted,product,has_screen_size_inch,13.3,product|has_screen_size_inch|13.3,0.94,product_156,unstructured,LP=0.998892;LPO=0.999992|Priced at 349 USD. The display measures 13.3 inches. Battery lasts up to 10 hours. Weighs approximately 0.42kg. Built with carbon fiber construction. Targeted at the EU market. Fast charging is no.,unstructured,1
DEC036_B_deepseek-v3.2,train_kb,conservative_noisy_or_conflict_adjusted,product,has_battery_life_hours,10,product|has_battery_life_hours|10,0.9,product_156,unstructured,LP=0.999933;LPO=0.999443|Priced at 349 USD. The display measures 13.3 inches. Battery lasts up to 10 hours. Weighs approximately 0.42kg. Built with carbon fiber construction. Targeted at the EU market. Fast charging is no.,unstructured,1
DEC036_B_deepseek-v3.2,train_kb,conservative_noisy_or_conflict_adjusted,product,has_weight_kg,0.42,product|has_weight_kg|0.42,0.9,product_156,unstructured,LP=0.999998;LPO=0.999993|Priced at 349 USD. The display measures 13.3 inches. Battery lasts up to 10 hours. Weighs approximately 0.42kg. Built with carbon fiber construction. Targeted at the EU market. Fast charging is no.,unstructured,1
DEC036_B_deepseek-v3.2,train_kb,conservative_noisy_or_conflict_adjusted,product,made_of_material,carbon fiber,product|made_of_material|carbon fiber,0.93,product_156,unstructured,LP=0.999965;LPO=0.999959|Priced at 349 USD. The display measures 13.3 inches. Battery lasts up to 10 hours. Weighs approximately 0.42kg. Built with carbon fiber construction. Targeted at the EU market. Fast charging is no.,unstructured,1
DEC036_B_deepseek-v3.2,train_kb,conservative_noisy_or_conflict_adjusted,product,target_market_region,EU,product|target_market_region|eu,0.92,product_156,unstructured,LP=0.999984;LPO=0.999922|Priced at 349 USD. The display measures 13.3 inches. Battery lasts up to 10 hours. Weighs approximately 0.42kg. Built with carbon fiber construction. Targeted at the EU market. Fast charging is no.,unstructured,1
DEC036_B_deepseek-v3.2,train_kb,conservative_noisy_or_conflict_adjusted,product,supports_fast_charging,no,product|supports_fast_charging|no,0.92,product_156,unstructured,LP=0.996180;LPO=0.969879|Priced at 349 USD. The display measures 13.3 inches. Battery lasts up to 10 hours. Weighs approximately 0.42kg. Built with carbon fiber construction. Targeted at the EU market. Fast charging is no.,unstructured,1
DEC036_B_deepseek-v3.2,train_kb,conservative_noisy_or_conflict_adjusted,Auralex Tablet Plus 158,manufactured_by,Auralex,auralex tablet plus 158|manufactured_by|auralex,0.98,product_158,structured,structured_row:Auralex Tablet Plus 158,structured,1
DEC036_B_deepseek-v3.2,train_kb,conservative_noisy_or_conflict_adjusted,Auralex Tablet Plus 158,belongs_to_category,tablet,auralex tablet plus 158|belongs_to_category|tablet,0.98,product_158,structured,structured_row:Auralex Tablet Plus 158,structured,1
DEC036_B_deepseek-v3.2,train_kb,conservative_noisy_or_conflict_adjusted,Auralex Tablet Plus 158,has_price_usd,699,auralex tablet plus 158|has_price_usd|699,0.98,product_158,structured,structured_row:Auralex Tablet Plus 158,structured,1
DEC036_B_deepseek-v3.2,train_kb,conservative_noisy_or_conflict_adjusted,Auralex Tablet Plus 158,has_screen_size_inch,13.3,auralex tablet plus 158|has_screen_size_inch|13.3,0.98,product_158,structured,structured_row:Auralex Tablet Plus 158,structured,1
DEC036_B_deepseek-v3.2,train_kb,conservative_noisy_or_conflict_adjusted,Auralex Tablet Plus 158,has_ram_gb,12,auralex tablet plus 158|has_ram_gb|12,0.98,product_158,structured,structured_row:Auralex Tablet Plus 158,structured,1
DEC036_B_deepseek-v3.2,train_kb,conservative_noisy_or_conflict_adjusted,Auralex Tablet Plus 158,has_storage_gb,1024,auralex tablet plus 158|has_storage_gb|1024,0.98,product_158,structured,structured_row:Auralex Tablet Plus 158,structured,1
DEC036_B_deepseek-v3.2,train_kb,conservative_noisy_or_conflict_adjusted,Auralex Tablet Plus 158,has_battery_life_hours,14,auralex tablet plus 158|has_battery_life_hours|14,0.98,product_158,structured,structured_row:Auralex Tablet Plus 158,structured,1
DEC036_B_deepseek-v3.2,train_kb,conservative_noisy_or_conflict_adjusted,Auralex Tablet Plus 158,has_weight_kg,1.2,auralex tablet plus 158|has_weight_kg|1.2,0.98,product_158,structured,structured_row:Auralex Tablet Plus 158,structured,1
DEC036_B_deepseek-v3.2,train_kb,conservative_noisy_or_conflict_adjusted,Auralex Tablet Plus 158,has_color,blue,auralex tablet plus 158|has_color|blue,0.98,product_158,structured,structured_row:Auralex Tablet Plus 158,structured,1
DEC036_B_deepseek-v3.2,train_kb,conservative_noisy_or_conflict_adjusted,Auralex Tablet Plus 158,made_of_material,carbon fiber,auralex tablet plus 158|made_of_material|carbon fiber,0.98,product_158,structured,structured_row:Auralex Tablet Plus 158,structured,1
DEC036_B_deepseek-v3.2,train_kb,conservative_noisy_or_conflict_adjusted,Auralex Tablet Plus 158,target_market_region,Global,auralex tablet plus 158|target_market_region|global,0.98,product_158,structured,structured_row:Auralex Tablet Plus 158,structured,1
DEC036_B_deepseek-v3.2,train_kb,conservative_noisy_or_conflict_adjusted,Auralex Tablet Plus 158,supports_fast_charging,yes,auralex tablet plus 158|supports_fast_charging|yes,0.98,product_158,structured,structured_row:Auralex Tablet Plus 158,structured,1
DEC036_B_deepseek-v3.2,train_kb,conservative_noisy_or_conflict_adjusted,Auralex Tablet Plus 158,has_noise_cancellation,no,auralex tablet plus 158|has_noise_cancellation|no,0.98,product_158,structured,structured_row:Auralex Tablet Plus 158,structured,1
DEC036_B_deepseek-v3.2,train_kb,conservative_noisy_or_conflict_adjusted,Product,has_price_usd,699,product|has_price_usd|699,0.95,product_158,unstructured,LP=0.959950;LPO=0.999987|Priced at 699 USD. Comes with 12GB of RAM. Offers 1024GB of internal storage. Weighs approximately 1.2kg. Built with carbon fiber construction. Targeted at the Global market. Noise cancellation: no.,unstructured,1
DEC036_B_deepseek-v3.2,train_kb,conservative_noisy_or_conflict_adjusted,Product,has_ram_gb,12,product|has_ram_gb|12,0.94,product_158,unstructured,LP=0.999998;LPO=0.999999|Priced at 699 USD. Comes with 12GB of RAM. Offers 1024GB of internal storage. Weighs approximately 1.2kg. Built with carbon fiber construction. Targeted at the Global market. Noise cancellation: no.,unstructured,1
DEC036_B_deepseek-v3.2,train_kb,conservative_noisy_or_conflict_adjusted,Product,has_storage_gb,1024,product|has_storage_gb|1024,0.94,product_158,unstructured,LP=0.999999;LPO=0.999996|Priced at 699 USD. Comes with 12GB of RAM. Offers 1024GB of internal storage. Weighs approximately 1.2kg. Built with carbon fiber construction. Targeted at the Global market. Noise cancellation: no.,unstructured,1
DEC036_B_deepseek-v3.2,train_kb,conservative_noisy_or_conflict_adjusted,Product,has_weight_kg,1.2,product|has_weight_kg|1.2,0.9,product_158,unstructured,LP=0.999992;LPO=0.999987|Priced at 699 USD. Comes with 12GB of RAM. Offers 1024GB of internal storage. Weighs approximately 1.2kg. Built with carbon fiber construction. Targeted at the Global market. Noise cancellation: no.,unstructured,1
DEC036_B_deepseek-v3.2,train_kb,conservative_noisy_or_conflict_adjusted,Product,made_of_material,carbon fiber,product|made_of_material|carbon fiber,0.91,product_158,unstructured,LP=0.999969;LPO=0.999870|Priced at 699 USD. Comes with 12GB of RAM. Offers 1024GB of internal storage. Weighs approximately 1.2kg. Built with carbon fiber construction. Targeted at the Global market. Noise cancellation: no.,unstructured,1
DEC036_B_deepseek-v3.2,train_kb,conservative_noisy_or_conflict_adjusted,Product,target_market_region,Global,product|target_market_region|global,0.93,product_158,unstructured,LP=0.999978;LPO=0.999903|Priced at 699 USD. Comes with 12GB of RAM. Offers 1024GB of internal storage. Weighs approximately 1.2kg. Built with carbon fiber construction. Targeted at the Global market. Noise cancellation: no.,unstructured,1
DEC036_B_deepseek-v3.2,train_kb,conservative_noisy_or_conflict_adjusted,Product,has_noise_cancellation,no,product|has_noise_cancellation|no,0.92,product_158,unstructured,LP=0.998594;LPO=0.988875|Priced at 699 USD. Comes with 12GB of RAM. Offers 1024GB of internal storage. Weighs approximately 1.2kg. Built with carbon fiber construction. Targeted at the Global market. Noise cancellation: no.,unstructured,1
DEC036_B_deepseek-v3.2,train_kb,conservative_noisy_or_conflict_adjusted,Auralex Smartwatch Max 159,manufactured_by,Auralex,auralex smartwatch max 159|manufactured_by|auralex,0.98,product_159,structured,structured_row:Auralex Smartwatch Max 159,structured,1
DEC036_B_deepseek-v3.2,train_kb,conservative_noisy_or_conflict_adjusted,Auralex Smartwatch Max 159,belongs_to_category,smartwatch,auralex smartwatch max 159|belongs_to_category|smartwatch,0.98,product_159,structured,structured_row:Auralex Smartwatch Max 159,structured,1
DEC036_B_deepseek-v3.2,train_kb,conservative_noisy_or_conflict_adjusted,Auralex Smartwatch Max 159,has_price_usd,499,auralex smartwatch max 159|has_price_usd|499,0.98,product_159,structured,structured_row:Auralex Smartwatch Max 159,structured,1
DEC036_B_deepseek-v3.2,train_kb,conservative_noisy_or_conflict_adjusted,Auralex Smartwatch Max 159,has_screen_size_inch,6.1,auralex smartwatch max 159|has_screen_size_inch|6.1,0.98,product_159,structured,structured_row:Auralex Smartwatch Max 159,structured,1
DEC036_B_deepseek-v3.2,train_kb,conservative_noisy_or_conflict_adjusted,Auralex Smartwatch Max 159,has_ram_gb,6,auralex smartwatch max 159|has_ram_gb|6,0.98,product_159,structured,structured_row:Auralex Smartwatch Max 159,structured,1
DEC036_B_deepseek-v3.2,train_kb,conservative_noisy_or_conflict_adjusted,Auralex Smartwatch Max 159,has_storage_gb,256,auralex smartwatch max 159|has_storage_gb|256,0.98,product_159,structured,structured_row:Auralex Smartwatch Max 159,structured,1
DEC036_B_deepseek-v3.2,train_kb,conservative_noisy_or_conflict_adjusted,Auralex Smartwatch Max 159,has_battery_life_hours,20,auralex smartwatch max 159|has_battery_life_hours|20,0.98,product_159,structured,structured_row:Auralex Smartwatch Max 159,structured,1
DEC036_B_deepseek-v3.2,train_kb,conservative_noisy_or_conflict_adjusted,Auralex Smartwatch Max 159,has_weight_kg,0.23,auralex smartwatch max 159|has_weight_kg|0.23,0.98,product_159,structured,structured_row:Auralex Smartwatch Max 159,structured,1
DEC036_B_deepseek-v3.2,train_kb,conservative_noisy_or_conflict_adjusted,Auralex Smartwatch Max 159,has_color,silver,auralex smartwatch max 159|has_color|silver,0.98,product_159,structured,structured_row:Auralex Smartwatch Max 159,structured,1
DEC036_B_deepseek-v3.2,train_kb,conservative_noisy_or_conflict_adjusted,Auralex Smartwatch Max 159,made_of_material,plastic,auralex smartwatch max 159|made_of_material|plastic,0.98,product_159,structured,structured_row:Auralex Smartwatch Max 159,structured,1
DEC036_B_deepseek-v3.2,train_kb,conservative_noisy_or_conflict_adjusted,Auralex Smartwatch Max 159,target_market_region,EU,auralex smartwatch max 159|target_market_region|eu,0.98,product_159,structured,structured_row:Auralex Smartwatch Max 159,structured,1
DEC036_B_deepseek-v3.2,train_kb,conservative_noisy_or_conflict_adjusted,Auralex Smartwatch Max 159,supports_fast_charging,no,auralex smartwatch max 159|supports_fast_charging|no,0.98,product_159,structured,structured_row:Auralex Smartwatch Max 159,structured,1
DEC036_B_deepseek-v3.2,train_kb,conservative_noisy_or_conflict_adjusted,Auralex Smartwatch Max 159,has_noise_cancellation,no,auralex smartwatch max 159|has_noise_cancellation|no,0.98,product_159,structured,structured_row:Auralex Smartwatch Max 159,structured,1
DEC036_B_deepseek-v3.2,train_kb,conservative_noisy_or_conflict_adjusted,smartwatch device,has_price_usd,499,smartwatch device|has_price_usd|499,0.91,product_159,unstructured,LP=0.978515;LPO=0.999964|It is a smartwatch device. Priced at 499 USD. Battery lasts up to 20 hours. Available in silver. Built with plastic construction. Fast charging is no. Noise cancellation: no.,unstructured,1
DEC036_B_deepseek-v3.2,train_kb,conservative_noisy_or_conflict_adjusted,smartwatch device,has_battery_life_hours,20,smartwatch device|has_battery_life_hours|20,0.9,product_159,unstructured,LP=0.999960;LPO=0.999794|It is a smartwatch device. Priced at 499 USD. Battery lasts up to 20 hours. Available in silver. Built with plastic construction. Fast charging is no. Noise cancellation: no.,unstructured,1
DEC036_B_deepseek-v3.2,train_kb,conservative_noisy_or_conflict_adjusted,smartwatch device,has_color,silver,smartwatch device|has_color|silver,0.92,product_159,unstructured,LP=0.999978;LPO=0.999986|It is a smartwatch device. Priced at 499 USD. Battery lasts up to 20 hours. Available in silver. Built with plastic construction. Fast charging is no. Noise cancellation: no.,unstructured,1
DEC036_B_deepseek-v3.2,train_kb,conservative_noisy_or_conflict_adjusted,smartwatch device,made_of_material,plastic,smartwatch device|made_of_material|plastic,0.93,product_159,unstructured,LP=0.999980;LPO=0.999979|It is a smartwatch device. Priced at 499 USD. Battery lasts up to 20 hours. Available in silver. Built with plastic construction. Fast charging is no. Noise cancellation: no.,unstructured,1
DEC036_B_deepseek-v3.2,train_kb,conservative_noisy_or_conflict_adjusted,smartwatch device,supports_fast_charging,no,smartwatch device|supports_fast_charging|no,0.94,product_159,unstructured,LP=0.996989;LPO=0.970520|It is a smartwatch device. Priced at 499 USD. Battery lasts up to 20 hours. Available in silver. Built with plastic construction. Fast charging is no. Noise cancellation: no.,unstructured,1
DEC036_B_deepseek-v3.2,train_kb,conservative_noisy_or_conflict_adjusted,smartwatch device,has_noise_cancellation,no,smartwatch device|has_noise_cancellation|no,0.94,product_159,unstructured,LP=0.999997;LPO=0.999994|It is a smartwatch device. Priced at 499 USD. Battery lasts up to 20 hours. Available in silver. Built with plastic construction. Fast charging is no. Noise cancellation: no.,unstructured,1
DEC036_B_deepseek-v3.2,train_kb,conservative_noisy_or_conflict_adjusted,TechNova Tablet Plus 160,manufactured_by,TechNova,technova tablet plus 160|manufactured_by|technova,0.98,product_160,structured,structured_row:TechNova Tablet Plus 160,structured,1
DEC036_B_deepseek-v3.2,train_kb,conservative_noisy_or_conflict_adjusted,TechNova Tablet Plus 160,belongs_to_category,tablet,technova tablet plus 160|belongs_to_category|tablet,0.98,product_160,structured,structured_row:TechNova Tablet Plus 160,structured,1
DEC036_B_deepseek-v3.2,train_kb,conservative_noisy_or_conflict_adjusted,TechNova Tablet Plus 160,has_price_usd,299,technova tablet plus 160|has_price_usd|299,0.98,product_160,structured,structured_row:TechNova Tablet Plus 160,structured,1
DEC036_B_deepseek-v3.2,train_kb,conservative_noisy_or_conflict_adjusted,TechNova Tablet Plus 160,has_screen_size_inch,11.0,technova tablet plus 160|has_screen_size_inch|11.0,0.98,product_160,structured,structured_row:TechNova Tablet Plus 160,structured,1
DEC036_B_deepseek-v3.2,train_kb,conservative_noisy_or_conflict_adjusted,TechNova Tablet Plus 160,has_ram_gb,8,technova tablet plus 160|has_ram_gb|8,0.98,product_160,structured,structured_row:TechNova Tablet Plus 160,structured,1
DEC036_B_deepseek-v3.2,train_kb,conservative_noisy_or_conflict_adjusted,TechNova Tablet Plus 160,has_storage_gb,128,technova tablet plus 160|has_storage_gb|128,0.98,product_160,structured,structured_row:TechNova Tablet Plus 160,structured,1
DEC036_B_deepseek-v3.2,train_kb,conservative_noisy_or_conflict_adjusted,TechNova Tablet Plus 160,has_battery_life_hours,10,technova tablet plus 160|has_battery_life_hours|10,0.98,product_160,structured,structured_row:TechNova Tablet Plus 160,structured,1
DEC036_B_deepseek-v3.2,train_kb,conservative_noisy_or_conflict_adjusted,TechNova Tablet Plus 160,has_weight_kg,0.42,technova tablet plus 160|has_weight_kg|0.42,0.98,product_160,structured,structured_row:TechNova Tablet Plus 160,structured,1
DEC036_B_deepseek-v3.2,train_kb,conservative_noisy_or_conflict_adjusted,TechNova Tablet Plus 160,has_color,green,technova tablet plus 160|has_color|green,0.98,product_160,structured,structured_row:TechNova Tablet Plus 160,structured,1
DEC036_B_deepseek-v3.2,train_kb,conservative_noisy_or_conflict_adjusted,TechNova Tablet Plus 160,made_of_material,carbon fiber,technova tablet plus 160|made_of_material|carbon fiber,0.98,product_160,structured,structured_row:TechNova Tablet Plus 160,structured,1
DEC036_B_deepseek-v3.2,train_kb,conservative_noisy_or_conflict_adjusted,TechNova Tablet Plus 160,target_market_region,US,technova tablet plus 160|target_market_region|us,0.98,product_160,structured,structured_row:TechNova Tablet Plus 160,structured,1
DEC036_B_deepseek-v3.2,train_kb,conservative_noisy_or_conflict_adjusted,TechNova Tablet Plus 160,supports_fast_charging,no,technova tablet plus 160|supports_fast_charging|no,0.98,product_160,structured,structured_row:TechNova Tablet Plus 160,structured,1
DEC036_B_deepseek-v3.2,train_kb,conservative_noisy_or_conflict_adjusted,TechNova Tablet Plus 160,has_noise_cancellation,no,technova tablet plus 160|has_noise_cancellation|no,0.98,product_160,structured,structured_row:TechNova Tablet Plus 160,structured,1
DEC036_B_deepseek-v3.2,train_kb,conservative_noisy_or_conflict_adjusted,TechNova Tablet Plus 160,manufactured_by,TechNova,technova tablet plus 160|manufactured_by|technova,0.92,product_160,unstructured,LP=0.999997;LPO=0.999997|TechNova Tablet Plus 160 is manufactured by TechNova. It is a tablet device. Priced at 299 USD. Offers 128GB of internal storage. Weighs approximately 0.42kg. Built with carbon fiber construction. Fast charging is no.,unstructured,1
DEC036_B_deepseek-v3.2,train_kb,conservative_noisy_or_conflict_adjusted,TechNova Tablet Plus 160,has_price_usd,299,technova tablet plus 160|has_price_usd|299,0.93,product_160,unstructured,LP=0.804993;LPO=0.999995|TechNova Tablet Plus 160 is manufactured by TechNova. It is a tablet device. Priced at 299 USD. Offers 128GB of internal storage. Weighs approximately 0.42kg. Built with carbon fiber construction. Fast charging is no.,unstructured,1
DEC036_B_deepseek-v3.2,train_kb,conservative_noisy_or_conflict_adjusted,TechNova Tablet Plus 160,has_storage_gb,128,technova tablet plus 160|has_storage_gb|128,0.94,product_160,unstructured,LP=0.999965;LPO=0.999999|TechNova Tablet Plus 160 is manufactured by TechNova. It is a tablet device. Priced at 299 USD. Offers 128GB of internal storage. Weighs approximately 0.42kg. Built with carbon fiber construction. Fast charging is no.,unstructured,1
DEC036_B_deepseek-v3.2,train_kb,conservative_noisy_or_conflict_adjusted,TechNova Tablet Plus 160,has_weight_kg,0.42,technova tablet plus 160|has_weight_kg|0.42,0.89,product_160,unstructured,LP=0.999988;LPO=0.999959|TechNova Tablet Plus 160 is manufactured by TechNova. It is a tablet device. Priced at 299 USD. Offers 128GB of internal storage. Weighs approximately 0.42kg. Built with carbon fiber construction. Fast charging is no.,unstructured,1
DEC036_B_deepseek-v3.2,train_kb,conservative_noisy_or_conflict_adjusted,TechNova Tablet Plus 160,made_of_material,carbon fiber,technova tablet plus 160|made_of_material|carbon fiber,0.91,product_160,unstructured,LP=0.999851;LPO=0.999955|TechNova Tablet Plus 160 is manufactured by TechNova. It is a tablet device. Priced at 299 USD. Offers 128GB of internal storage. Weighs approximately 0.42kg. Built with carbon fiber construction. Fast charging is no.,unstructured,1
DEC036_B_deepseek-v3.2,train_kb,conservative_noisy_or_conflict_adjusted,TechNova Tablet Plus 160,supports_fast_charging,false,technova tablet plus 160|supports_fast_charging|false,0.95,product_160,unstructured,LP=0.831453;LPO=0.075562|TechNova Tablet Plus 160 is manufactured by TechNova. It is a tablet device. Priced at 299 USD. Offers 128GB of internal storage. Weighs approximately 0.42kg. Built with carbon fiber construction. Fast charging is no.,unstructured,1
DEC036_B_deepseek-v3.2,train_kb,conservative_noisy_or_conflict_adjusted,NeoTech Laptop Lite 163,manufactured_by,NeoTech,neotech laptop lite 163|manufactured_by|neotech,0.98,product_163,structured,structured_row:NeoTech Laptop Lite 163,structured,1
DEC036_B_deepseek-v3.2,train_kb,conservative_noisy_or_conflict_adjusted,NeoTech Laptop Lite 163,belongs_to_category,laptop,neotech laptop lite 163|belongs_to_category|laptop,0.98,product_163,structured,structured_row:NeoTech Laptop Lite 163,structured,1
DEC036_B_deepseek-v3.2,train_kb,conservative_noisy_or_conflict_adjusted,NeoTech Laptop Lite 163,has_price_usd,249,neotech laptop lite 163|has_price_usd|249,0.98,product_163,structured,structured_row:NeoTech Laptop Lite 163,structured,1
DEC036_B_deepseek-v3.2,train_kb,conservative_noisy_or_conflict_adjusted,NeoTech Laptop Lite 163,has_screen_size_inch,11.0,neotech laptop lite 163|has_screen_size_inch|11.0,0.98,product_163,structured,structured_row:NeoTech Laptop Lite 163,structured,1
DEC036_B_deepseek-v3.2,train_kb,conservative_noisy_or_conflict_adjusted,NeoTech Laptop Lite 163,has_ram_gb,4,neotech laptop lite 163|has_ram_gb|4,0.98,product_163,structured,structured_row:NeoTech Laptop Lite 163,structured,1
DEC036_B_deepseek-v3.2,train_kb,conservative_noisy_or_conflict_adjusted,NeoTech Laptop Lite 163,has_storage_gb,128,neotech laptop lite 163|has_storage_gb|128,0.98,product_163,structured,structured_row:NeoTech Laptop Lite 163,structured,1
DEC036_B_deepseek-v3.2,train_kb,conservative_noisy_or_conflict_adjusted,NeoTech Laptop Lite 163,has_battery_life_hours,10,neotech laptop lite 163|has_battery_life_hours|10,0.98,product_163,structured,structured_row:NeoTech Laptop Lite 163,structured,1
DEC036_B_deepseek-v3.2,train_kb,conservative_noisy_or_conflict_adjusted,NeoTech Laptop Lite 163,has_weight_kg,1.8,neotech laptop lite 163|has_weight_kg|1.8,0.98,product_163,structured,structured_row:NeoTech Laptop Lite 163,structured,1
DEC036_B_deepseek-v3.2,train_kb,conservative_noisy_or_conflict_adjusted,NeoTech Laptop Lite 163,has_color,black,neotech laptop lite 163|has_color|black,0.98,product_163,structured,structured_row:NeoTech Laptop Lite 163,structured,1
DEC036_B_deepseek-v3.2,train_kb,conservative_noisy_or_conflict_adjusted,NeoTech Laptop Lite 163,made_of_material,plastic,neotech laptop lite 163|made_of_material|plastic,0.98,product_163,structured,structured_row:NeoTech Laptop Lite 163,structured,1
DEC036_B_deepseek-v3.2,train_kb,conservative_noisy_or_conflict_adjusted,NeoTech Laptop Lite 163,target_market_region,APAC,neotech laptop lite 163|target_market_region|apac,0.98,product_163,structured,structured_row:NeoTech Laptop Lite 163,structured,1
DEC036_B_deepseek-v3.2,train_kb,conservative_noisy_or_conflict_adjusted,NeoTech Laptop Lite 163,supports_fast_charging,no,neotech laptop lite 163|supports_fast_charging|no,0.98,product_163,structured,structured_row:NeoTech Laptop Lite 163,structured,1
DEC036_B_deepseek-v3.2,train_kb,conservative_noisy_or_conflict_adjusted,NeoTech Laptop Lite 163,has_noise_cancellation,no,neotech laptop lite 163|has_noise_cancellation|no,0.98,product_163,structured,structured_row:NeoTech Laptop Lite 163,structured,1
DEC036_B_deepseek-v3.2,train_kb,conservative_noisy_or_conflict_adjusted,Product,has_price_usd,249,product|has_price_usd|249,0.96,product_163,unstructured,LP=0.920994;LPO=0.999768|Priced at 249 USD. Battery lasts up to 10 hours. Available in black. Built with plastic construction. Targeted at the APAC market. Fast charging is no. Noise cancellation: no.,unstructured,1
DEC036_B_deepseek-v3.2,train_kb,conservative_noisy_or_conflict_adjusted,Product,has_battery_life_hours,10,product|has_battery_life_hours|10,0.92,product_163,unstructured,LP=0.999951;LPO=0.999660|Priced at 249 USD. Battery lasts up to 10 hours. Available in black. Built with plastic construction. Targeted at the APAC market. Fast charging is no. Noise cancellation: no.,unstructured,1
DEC036_B_deepseek-v3.2,train_kb,conservative_noisy_or_conflict_adjusted,Product,has_color,black,product|has_color|black,0.95,product_163,unstructured,LP=0.999865;LPO=0.999923|Priced at 249 USD. Battery lasts up to 10 hours. Available in black. Built with plastic construction. Targeted at the APAC market. Fast charging is no. Noise cancellation: no.,unstructured,1
DEC036_B_deepseek-v3.2,train_kb,conservative_noisy_or_conflict_adjusted,Product,made_of_material,plastic,product|made_of_material|plastic,0.93,product_163,unstructured,LP=0.999924;LPO=0.999970|Priced at 249 USD. Battery lasts up to 10 hours. Available in black. Built with plastic construction. Targeted at the APAC market. Fast charging is no. Noise cancellation: no.,unstructured,1
DEC036_B_deepseek-v3.2,train_kb,conservative_noisy_or_conflict_adjusted,Product,target_market_region,APAC,product|target_market_region|apac,0.94,product_163,unstructured,LP=0.999993;LPO=0.999970|Priced at 249 USD. Battery lasts up to 10 hours. Available in black. Built with plastic construction. Targeted at the APAC market. Fast charging is no. Noise cancellation: no.,unstructured,1
DEC036_B_deepseek-v3.2,train_kb,conservative_noisy_or_conflict_adjusted,Product,supports_fast_charging,no,product|supports_fast_charging|no,0.9,product_163,unstructured,LP=0.997718;LPO=0.981912|Priced at 249 USD. Battery lasts up to 10 hours. Available in black. Built with plastic construction. Targeted at the APAC market. Fast charging is no. Noise cancellation: no.,unstructured,1
DEC036_B_deepseek-v3.2,train_kb,conservative_noisy_or_conflict_adjusted,Product,has_noise_cancellation,no,product|has_noise_cancellation|no,0.9,product_163,unstructured,LP=0.999994;LPO=0.999989|Priced at 249 USD. Battery lasts up to 10 hours. Available in black. Built with plastic construction. Targeted at the APAC market. Fast charging is no. Noise cancellation: no.,unstructured,1
DEC036_B_deepseek-v3.2,train_kb,conservative_noisy_or_conflict_adjusted,PixelWare Laptop Plus 164,manufactured_by,PixelWare,pixelware laptop plus 164|manufactured_by|pixelware,0.98,product_164,structured,structured_row:PixelWare Laptop Plus 164,structured,1
DEC036_B_deepseek-v3.2,train_kb,conservative_noisy_or_conflict_adjusted,PixelWare Laptop Plus 164,belongs_to_category,laptop,pixelware laptop plus 164|belongs_to_category|laptop,0.98,product_164,structured,structured_row:PixelWare Laptop Plus 164,structured,1
DEC036_B_deepseek-v3.2,train_kb,conservative_noisy_or_conflict_adjusted,PixelWare Laptop Plus 164,has_price_usd,499,pixelware laptop plus 164|has_price_usd|499,0.98,product_164,structured,structured_row:PixelWare Laptop Plus 164,structured,1
DEC036_B_deepseek-v3.2,train_kb,conservative_noisy_or_conflict_adjusted,PixelWare Laptop Plus 164,has_screen_size_inch,13.3,pixelware laptop plus 164|has_screen_size_inch|13.3,0.98,product_164,structured,structured_row:PixelWare Laptop Plus 164,structured,1
DEC036_B_deepseek-v3.2,train_kb,conservative_noisy_or_conflict_adjusted,PixelWare Laptop Plus 164,has_ram_gb,16,pixelware laptop plus 164|has_ram_gb|16,0.98,product_164,structured,structured_row:PixelWare Laptop Plus 164,structured,1
DEC036_B_deepseek-v3.2,train_kb,conservative_noisy_or_conflict_adjusted,PixelWare Laptop Plus 164,has_storage_gb,128,pixelware laptop plus 164|has_storage_gb|128,0.98,product_164,structured,structured_row:PixelWare Laptop Plus 164,structured,1
DEC036_B_deepseek-v3.2,train_kb,conservative_noisy_or_conflict_adjusted,PixelWare Laptop Plus 164,has_battery_life_hours,12,pixelware laptop plus 164|has_battery_life_hours|12,0.98,product_164,structured,structured_row:PixelWare Laptop Plus 164,structured,1
DEC036_B_deepseek-v3.2,train_kb,conservative_noisy_or_conflict_adjusted,PixelWare Laptop Plus 164,has_weight_kg,1.45,pixelware laptop plus 164|has_weight_kg|1.45,0.98,product_164,structured,structured_row:PixelWare Laptop Plus 164,structured,1
DEC036_B_deepseek-v3.2,train_kb,conservative_noisy_or_conflict_adjusted,PixelWare Laptop Plus 164,has_color,black,pixelware laptop plus 164|has_color|black,0.98,product_164,structured,structured_row:PixelWare Laptop Plus 164,structured,1
DEC036_B_deepseek-v3.2,train_kb,conservative_noisy_or_conflict_adjusted,PixelWare Laptop Plus 164,made_of_material,carbon fiber,pixelware laptop plus 164|made_of_material|carbon fiber,0.98,product_164,structured,structured_row:PixelWare Laptop Plus 164,structured,1
DEC036_B_deepseek-v3.2,train_kb,conservative_noisy_or_conflict_adjusted,PixelWare Laptop Plus 164,target_market_region,APAC,pixelware laptop plus 164|target_market_region|apac,0.98,product_164,structured,structured_row:PixelWare Laptop Plus 164,structured,1
DEC036_B_deepseek-v3.2,train_kb,conservative_noisy_or_conflict_adjusted,PixelWare Laptop Plus 164,supports_fast_charging,no,pixelware laptop plus 164|supports_fast_charging|no,0.98,product_164,structured,structured_row:PixelWare Laptop Plus 164,structured,1
DEC036_B_deepseek-v3.2,train_kb,conservative_noisy_or_conflict_adjusted,PixelWare Laptop Plus 164,has_noise_cancellation,no,pixelware laptop plus 164|has_noise_cancellation|no,0.98,product_164,structured,structured_row:PixelWare Laptop Plus 164,structured,1
DEC036_B_deepseek-v3.2,train_kb,conservative_noisy_or_conflict_adjusted,laptop device,has_price_usd,499,laptop device|has_price_usd|499,0.96,product_164,unstructured,LP=0.958837;LPO=0.999989|It is a laptop device. Priced at 499 USD. Comes with 16GB of RAM. Battery lasts up to 12 hours. Available in black. Built with carbon fiber construction. Noise cancellation: no.,unstructured,1
DEC036_B_deepseek-v3.2,train_kb,conservative_noisy_or_conflict_adjusted,laptop device,has_ram_gb,16,laptop device|has_ram_gb|16,0.95,product_164,unstructured,LP=0.999942;LPO=1.000000|It is a laptop device. Priced at 499 USD. Comes with 16GB of RAM. Battery lasts up to 12 hours. Available in black. Built with carbon fiber construction. Noise cancellation: no.,unstructured,1
DEC036_B_deepseek-v3.2,train_kb,conservative_noisy_or_conflict_adjusted,laptop device,has_battery_life_hours,12,laptop device|has_battery_life_hours|12,0.93,product_164,unstructured,LP=0.999995;LPO=0.999989|It is a laptop device. Priced at 499 USD. Comes with 16GB of RAM. Battery lasts up to 12 hours. Available in black. Built with carbon fiber construction. Noise cancellation: no.,unstructured,1
DEC036_B_deepseek-v3.2,train_kb,conservative_noisy_or_conflict_adjusted,laptop device,has_color,black,laptop device|has_color|black,0.92,product_164,unstructured,LP=0.999985;LPO=0.999995|It is a laptop device. Priced at 499 USD. Comes with 16GB of RAM. Battery lasts up to 12 hours. Available in black. Built with carbon fiber construction. Noise cancellation: no.,unstructured,1
DEC036_B_deepseek-v3.2,train_kb,conservative_noisy_or_conflict_adjusted,laptop device,made_of_material,carbon fiber,laptop device|made_of_material|carbon fiber,0.91,product_164,unstructured,LP=0.999861;LPO=0.999995|It is a laptop device. Priced at 499 USD. Comes with 16GB of RAM. Battery lasts up to 12 hours. Available in black. Built with carbon fiber construction. Noise cancellation: no.,unstructured,1
DEC036_B_deepseek-v3.2,train_kb,conservative_noisy_or_conflict_adjusted,laptop device,has_noise_cancellation,no,laptop device|has_noise_cancellation|no,0.9,product_164,unstructured,LP=0.996940;LPO=0.976977|It is a laptop device. Priced at 499 USD. Comes with 16GB of RAM. Battery lasts up to 12 hours. Available in black. Built with carbon fiber construction. Noise cancellation: no.,unstructured,1
DEC036_B_deepseek-v3.2,train_kb,conservative_noisy_or_conflict_adjusted,Auralex Tablet Max 165,manufactured_by,Auralex,auralex tablet max 165|manufactured_by|auralex,0.98,product_165,structured,structured_row:Auralex Tablet Max 165,structured,1
DEC036_B_deepseek-v3.2,train_kb,conservative_noisy_or_conflict_adjusted,Auralex Tablet Max 165,belongs_to_category,tablet,auralex tablet max 165|belongs_to_category|tablet,0.98,product_165,structured,structured_row:Auralex Tablet Max 165,structured,1
DEC036_B_deepseek-v3.2,train_kb,conservative_noisy_or_conflict_adjusted,Auralex Tablet Max 165,has_price_usd,349,auralex tablet max 165|has_price_usd|349,0.98,product_165,structured,structured_row:Auralex Tablet Max 165,structured,1
DEC036_B_deepseek-v3.2,train_kb,conservative_noisy_or_conflict_adjusted,Auralex Tablet Max 165,has_screen_size_inch,6.7,auralex tablet max 165|has_screen_size_inch|6.7,0.98,product_165,structured,structured_row:Auralex Tablet Max 165,structured,1
DEC036_B_deepseek-v3.2,train_kb,conservative_noisy_or_conflict_adjusted,Auralex Tablet Max 165,has_ram_gb,32,auralex tablet max 165|has_ram_gb|32,0.98,product_165,structured,structured_row:Auralex Tablet Max 165,structured,1
DEC036_B_deepseek-v3.2,train_kb,conservative_noisy_or_conflict_adjusted,Auralex Tablet Max 165,has_storage_gb,256,auralex tablet max 165|has_storage_gb|256,0.98,product_165,structured,structured_row:Auralex Tablet Max 165,structured,1
DEC036_B_deepseek-v3.2,train_kb,conservative_noisy_or_conflict_adjusted,Auralex Tablet Max 165,has_battery_life_hours,24,auralex tablet max 165|has_battery_life_hours|24,0.98,product_165,structured,structured_row:Auralex Tablet Max 165,structured,1
DEC036_B_deepseek-v3.2,train_kb,conservative_noisy_or_conflict_adjusted,Auralex Tablet Max 165,has_weight_kg,0.23,auralex tablet max 165|has_weight_kg|0.23,0.98,product_165,structured,structured_row:Auralex Tablet Max 165,structured,1
DEC036_B_deepseek-v3.2,train_kb,conservative_noisy_or_conflict_adjusted,Auralex Tablet Max 165,has_color,blue,auralex tablet max 165|has_color|blue,0.98,product_165,structured,structured_row:Auralex Tablet Max 165,structured,1
DEC036_B_deepseek-v3.2,train_kb,conservative_noisy_or_conflict_adjusted,Auralex Tablet Max 165,made_of_material,carbon fiber,auralex tablet max 165|made_of_material|carbon fiber,0.98,product_165,structured,structured_row:Auralex Tablet Max 165,structured,1
DEC036_B_deepseek-v3.2,train_kb,conservative_noisy_or_conflict_adjusted,Auralex Tablet Max 165,target_market_region,US,auralex tablet max 165|target_market_region|us,0.98,product_165,structured,structured_row:Auralex Tablet Max 165,structured,1
DEC036_B_deepseek-v3.2,train_kb,conservative_noisy_or_conflict_adjusted,Auralex Tablet Max 165,supports_fast_charging,no,auralex tablet max 165|supports_fast_charging|no,0.98,product_165,structured,structured_row:Auralex Tablet Max 165,structured,1
DEC036_B_deepseek-v3.2,train_kb,conservative_noisy_or_conflict_adjusted,Auralex Tablet Max 165,has_noise_cancellation,no,auralex tablet max 165|has_noise_cancellation|no,0.98,product_165,structured,structured_row:Auralex Tablet Max 165,structured,1
DEC036_B_deepseek-v3.2,train_kb,conservative_noisy_or_conflict_adjusted,product,has_price_usd,349,product|has_price_usd|349,0.96,product_165,unstructured,LP=0.906730;LPO=0.999964|Priced at 349 USD. The display measures 6.7 inches. Comes with 32GB of RAM. Battery lasts up to 24 hours. Weighs approximately 0.23kg. Available in blue. Built with carbon fiber construction.,unstructured,1
DEC036_B_deepseek-v3.2,train_kb,conservative_noisy_or_conflict_adjusted,product,has_screen_size_inch,6.7,product|has_screen_size_inch|6.7,0.95,product_165,unstructured,LP=0.999940;LPO=0.999991|Priced at 349 USD. The display measures 6.7 inches. Comes with 32GB of RAM. Battery lasts up to 24 hours. Weighs approximately 0.23kg. Available in blue. Built with carbon fiber construction.,unstructured,1
DEC036_B_deepseek-v3.2,train_kb,conservative_noisy_or_conflict_adjusted,product,has_ram_gb,32,product|has_ram_gb|32,0.96,product_165,unstructured,LP=0.999988;LPO=0.999994|Priced at 349 USD. The display measures 6.7 inches. Comes with 32GB of RAM. Battery lasts up to 24 hours. Weighs approximately 0.23kg. Available in blue. Built with carbon fiber construction.,unstructured,1
DEC036_B_deepseek-v3.2,train_kb,conservative_noisy_or_conflict_adjusted,product,has_battery_life_hours,24,product|has_battery_life_hours|24,0.94,product_165,unstructured,LP=0.999983;LPO=0.999887|Priced at 349 USD. The display measures 6.7 inches. Comes with 32GB of RAM. Battery lasts up to 24 hours. Weighs approximately 0.23kg. Available in blue. Built with carbon fiber construction.,unstructured,1
DEC036_B_deepseek-v3.2,train_kb,conservative_noisy_or_conflict_adjusted,product,has_weight_kg,0.23,product|has_weight_kg|0.23,0.92,product_165,unstructured,LP=0.999997;LPO=0.999993|Priced at 349 USD. The display measures 6.7 inches. Comes with 32GB of RAM. Battery lasts up to 24 hours. Weighs approximately 0.23kg. Available in blue. Built with carbon fiber construction.,unstructured,1
DEC036_B_deepseek-v3.2,train_kb,conservative_noisy_or_conflict_adjusted,product,has_color,blue,product|has_color|blue,0.95,product_165,unstructured,LP=0.999997;LPO=0.999994|Priced at 349 USD. The display measures 6.7 inches. Comes with 32GB of RAM. Battery lasts up to 24 hours. Weighs approximately 0.23kg. Available in blue. Built with carbon fiber construction.,unstructured,1
DEC036_B_deepseek-v3.2,train_kb,conservative_noisy_or_conflict_adjusted,product,made_of_material,carbon fiber,product|made_of_material|carbon fiber,0.93,product_165,unstructured,LP=0.999968;LPO=0.999936|Priced at 349 USD. The display measures 6.7 inches. Comes with 32GB of RAM. Battery lasts up to 24 hours. Weighs approximately 0.23kg. Available in blue. Built with carbon fiber construction.,unstructured,1
DEC036_B_deepseek-v3.2,train_kb,conservative_noisy_or_conflict_adjusted,TechNova Smartphone Lite 166,manufactured_by,TechNova,technova smartphone lite 166|manufactured_by|technova,0.98,product_166,structured,structured_row:TechNova Smartphone Lite 166,structured,1
DEC036_B_deepseek-v3.2,train_kb,conservative_noisy_or_conflict_adjusted,TechNova Smartphone Lite 166,belongs_to_category,smartphone,technova smartphone lite 166|belongs_to_category|smartphone,0.98,product_166,structured,structured_row:TechNova Smartphone Lite 166,structured,1
DEC036_B_deepseek-v3.2,train_kb,conservative_noisy_or_conflict_adjusted,TechNova Smartphone Lite 166,has_price_usd,1099,technova smartphone lite 166|has_price_usd|1099,0.98,product_166,structured,structured_row:TechNova Smartphone Lite 166,structured,1
DEC036_B_deepseek-v3.2,train_kb,conservative_noisy_or_conflict_adjusted,TechNova Smartphone Lite 166,has_screen_size_inch,11.0,technova smartphone lite 166|has_screen_size_inch|11.0,0.98,product_166,structured,structured_row:TechNova Smartphone Lite 166,structured,1
DEC036_B_deepseek-v3.2,train_kb,conservative_noisy_or_conflict_adjusted,TechNova Smartphone Lite 166,has_ram_gb,8,technova smartphone lite 166|has_ram_gb|8,0.98,product_166,structured,structured_row:TechNova Smartphone Lite 166,structured,1
DEC036_B_deepseek-v3.2,train_kb,conservative_noisy_or_conflict_adjusted,TechNova Smartphone Lite 166,has_storage_gb,1024,technova smartphone lite 166|has_storage_gb|1024,0.98,product_166,structured,structured_row:TechNova Smartphone Lite 166,structured,1
DEC036_B_deepseek-v3.2,train_kb,conservative_noisy_or_conflict_adjusted,TechNova Smartphone Lite 166,has_battery_life_hours,8,technova smartphone lite 166|has_battery_life_hours|8,0.98,product_166,structured,structured_row:TechNova Smartphone Lite 166,structured,1
DEC036_B_deepseek-v3.2,train_kb,conservative_noisy_or_conflict_adjusted,TechNova Smartphone Lite 166,has_weight_kg,1.8,technova smartphone lite 166|has_weight_kg|1.8,0.98,product_166,structured,structured_row:TechNova Smartphone Lite 166,structured,1
DEC036_B_deepseek-v3.2,train_kb,conservative_noisy_or_conflict_adjusted,TechNova Smartphone Lite 166,has_color,black,technova smartphone lite 166|has_color|black,0.98,product_166,structured,structured_row:TechNova Smartphone Lite 166,structured,1
DEC036_B_deepseek-v3.2,train_kb,conservative_noisy_or_conflict_adjusted,TechNova Smartphone Lite 166,made_of_material,plastic,technova smartphone lite 166|made_of_material|plastic,0.98,product_166,structured,structured_row:TechNova Smartphone Lite 166,structured,1
DEC036_B_deepseek-v3.2,train_kb,conservative_noisy_or_conflict_adjusted,TechNova Smartphone Lite 166,target_market_region,APAC,technova smartphone lite 166|target_market_region|apac,0.98,product_166,structured,structured_row:TechNova Smartphone Lite 166,structured,1
DEC036_B_deepseek-v3.2,train_kb,conservative_noisy_or_conflict_adjusted,TechNova Smartphone Lite 166,supports_fast_charging,yes,technova smartphone lite 166|supports_fast_charging|yes,0.98,product_166,structured,structured_row:TechNova Smartphone Lite 166,structured,1
DEC036_B_deepseek-v3.2,train_kb,conservative_noisy_or_conflict_adjusted,TechNova Smartphone Lite 166,has_noise_cancellation,no,technova smartphone lite 166|has_noise_cancellation|no,0.98,product_166,structured,structured_row:TechNova Smartphone Lite 166,structured,1
DEC036_B_deepseek-v3.2,train_kb,conservative_noisy_or_conflict_adjusted,smartphone device,has_storage_gb,1024,smartphone device|has_storage_gb|1024,0.94,product_166,unstructured,LP=0.937369;LPO=0.999993|It is a smartphone device. Offers 1024GB of internal storage. Battery lasts up to 8 hours. Weighs approximately 1.8kg. Available in black. Targeted at the APAC market. Fast charging is yes.,unstructured,1
DEC036_B_deepseek-v3.2,train_kb,conservative_noisy_or_conflict_adjusted,smartphone device,has_battery_life_hours,8,smartphone device|has_battery_life_hours|8,0.92,product_166,unstructured,LP=0.999979;LPO=0.999960|It is a smartphone device. Offers 1024GB of internal storage. Battery lasts up to 8 hours. Weighs approximately 1.8kg. Available in black. Targeted at the APAC market. Fast charging is yes.,unstructured,1
DEC036_B_deepseek-v3.2,train_kb,conservative_noisy_or_conflict_adjusted,smartphone device,has_weight_kg,1.8,smartphone device|has_weight_kg|1.8,0.91,product_166,unstructured,LP=0.999988;LPO=0.999939|It is a smartphone device. Offers 1024GB of internal storage. Battery lasts up to 8 hours. Weighs approximately 1.8kg. Available in black. Targeted at the APAC market. Fast charging is yes.,unstructured,1
DEC036_B_deepseek-v3.2,train_kb,conservative_noisy_or_conflict_adjusted,smartphone device,has_color,black,smartphone device|has_color|black,0.93,product_166,unstructured,LP=0.999979;LPO=0.999983|It is a smartphone device. Offers 1024GB of internal storage. Battery lasts up to 8 hours. Weighs approximately 1.8kg. Available in black. Targeted at the APAC market. Fast charging is yes.,unstructured,1
DEC036_B_deepseek-v3.2,train_kb,conservative_noisy_or_conflict_adjusted,smartphone device,target_market_region,APAC,smartphone device|target_market_region|apac,0.92,product_166,unstructured,LP=0.999959;LPO=0.999978|It is a smartphone device. Offers 1024GB of internal storage. Battery lasts up to 8 hours. Weighs approximately 1.8kg. Available in black. Targeted at the APAC market. Fast charging is yes.,unstructured,1
DEC036_B_deepseek-v3.2,train_kb,conservative_noisy_or_conflict_adjusted,smartphone device,supports_fast_charging,yes,smartphone device|supports_fast_charging|yes,0.94,product_166,unstructured,LP=0.999093;LPO=0.990986|It is a smartphone device. Offers 1024GB of internal storage. Battery lasts up to 8 hours. Weighs approximately 1.8kg. Available in black. Targeted at the APAC market. Fast charging is yes.,unstructured,1
DEC036_B_deepseek-v3.2,train_kb,conservative_noisy_or_conflict_adjusted,Auralex Tablet Air 168,manufactured_by,Auralex,auralex tablet air 168|manufactured_by|auralex,0.98,product_168,structured,structured_row:Auralex Tablet Air 168,structured,1
DEC036_B_deepseek-v3.2,train_kb,conservative_noisy_or_conflict_adjusted,Auralex Tablet Air 168,belongs_to_category,tablet,auralex tablet air 168|belongs_to_category|tablet,0.98,product_168,structured,structured_row:Auralex Tablet Air 168,structured,1
DEC036_B_deepseek-v3.2,train_kb,conservative_noisy_or_conflict_adjusted,Auralex Tablet Air 168,has_price_usd,199,auralex tablet air 168|has_price_usd|199,0.98,product_168,structured,structured_row:Auralex Tablet Air 168,structured,1
DEC036_B_deepseek-v3.2,train_kb,conservative_noisy_or_conflict_adjusted,Auralex Tablet Air 168,has_screen_size_inch,11.0,auralex tablet air 168|has_screen_size_inch|11.0,0.98,product_168,structured,structured_row:Auralex Tablet Air 168,structured,1
DEC036_B_deepseek-v3.2,train_kb,conservative_noisy_or_conflict_adjusted,Auralex Tablet Air 168,has_ram_gb,6,auralex tablet air 168|has_ram_gb|6,0.98,product_168,structured,structured_row:Auralex Tablet Air 168,structured,1
DEC036_B_deepseek-v3.2,train_kb,conservative_noisy_or_conflict_adjusted,Auralex Tablet Air 168,has_storage_gb,128,auralex tablet air 168|has_storage_gb|128,0.98,product_168,structured,structured_row:Auralex Tablet Air 168,structured,1
DEC036_B_deepseek-v3.2,train_kb,conservative_noisy_or_conflict_adjusted,Auralex Tablet Air 168,has_battery_life_hours,20,auralex tablet air 168|has_battery_life_hours|20,0.98,product_168,structured,structured_row:Auralex Tablet Air 168,structured,1
DEC036_B_deepseek-v3.2,train_kb,conservative_noisy_or_conflict_adjusted,Auralex Tablet Air 168,has_weight_kg,0.42,auralex tablet air 168|has_weight_kg|0.42,0.98,product_168,structured,structured_row:Auralex Tablet Air 168,structured,1
DEC036_B_deepseek-v3.2,train_kb,conservative_noisy_or_conflict_adjusted,Auralex Tablet Air 168,has_color,black,auralex tablet air 168|has_color|black,0.98,product_168,structured,structured_row:Auralex Tablet Air 168,structured,1
DEC036_B_deepseek-v3.2,train_kb,conservative_noisy_or_conflict_adjusted,Auralex Tablet Air 168,made_of_material,aluminum,auralex tablet air 168|made_of_material|aluminum,0.98,product_168,structured,structured_row:Auralex Tablet Air 168,structured,1
DEC036_B_deepseek-v3.2,train_kb,conservative_noisy_or_conflict_adjusted,Auralex Tablet Air 168,target_market_region,Global,auralex tablet air 168|target_market_region|global,0.98,product_168,structured,structured_row:Auralex Tablet Air 168,structured,1
DEC036_B_deepseek-v3.2,train_kb,conservative_noisy_or_conflict_adjusted,Auralex Tablet Air 168,supports_fast_charging,yes,auralex tablet air 168|supports_fast_charging|yes,0.98,product_168,structured,structured_row:Auralex Tablet Air 168,structured,1
DEC036_B_deepseek-v3.2,train_kb,conservative_noisy_or_conflict_adjusted,Auralex Tablet Air 168,has_noise_cancellation,no,auralex tablet air 168|has_noise_cancellation|no,0.98,product_168,structured,structured_row:Auralex Tablet Air 168,structured,1
DEC036_B_deepseek-v3.2,train_kb,conservative_noisy_or_conflict_adjusted,tablet device,has_price_usd,199,tablet device|has_price_usd|199,0.94,product_168,unstructured,LP=0.926924;LPO=0.999986|It is a tablet device. Priced at 199 USD. Comes with 6GB of RAM. Offers 128GB of internal storage. Targeted at the Global market. Fast charging is yes. Noise cancellation: no.,unstructured,1
DEC036_B_deepseek-v3.2,train_kb,conservative_noisy_or_conflict_adjusted,tablet device,has_ram_gb,6,tablet device|has_ram_gb|6,0.93,product_168,unstructured,LP=0.999843;LPO=0.999972|It is a tablet device. Priced at 199 USD. Comes with 6GB of RAM. Offers 128GB of internal storage. Targeted at the Global market. Fast charging is yes. Noise cancellation: no.,unstructured,1
DEC036_B_deepseek-v3.2,train_kb,conservative_noisy_or_conflict_adjusted,tablet device,has_storage_gb,128,tablet device|has_storage_gb|128,0.93,product_168,unstructured,LP=0.999995;LPO=1.000000|It is a tablet device. Priced at 199 USD. Comes with 6GB of RAM. Offers 128GB of internal storage. Targeted at the Global market. Fast charging is yes. Noise cancellation: no.,unstructured,1
DEC036_B_deepseek-v3.2,train_kb,conservative_noisy_or_conflict_adjusted,tablet device,target_market_region,Global,tablet device|target_market_region|global,0.9,product_168,unstructured,LP=0.999924;LPO=0.999567|It is a tablet device. Priced at 199 USD. Comes with 6GB of RAM. Offers 128GB of internal storage. Targeted at the Global market. Fast charging is yes. Noise cancellation: no.,unstructured,1
DEC036_B_deepseek-v3.2,train_kb,conservative_noisy_or_conflict_adjusted,tablet device,supports_fast_charging,yes,tablet device|supports_fast_charging|yes,0.92,product_168,unstructured,LP=0.999259;LPO=0.992741|It is a tablet device. Priced at 199 USD. Comes with 6GB of RAM. Offers 128GB of internal storage. Targeted at the Global market. Fast charging is yes. Noise cancellation: no.,unstructured,1
DEC036_B_deepseek-v3.2,train_kb,conservative_noisy_or_conflict_adjusted,tablet device,has_noise_cancellation,no,tablet device|has_noise_cancellation|no,0.91,product_168,unstructured,LP=0.999990;LPO=0.999963|It is a tablet device. Priced at 199 USD. Comes with 6GB of RAM. Offers 128GB of internal storage. Targeted at the Global market. Fast charging is yes. Noise cancellation: no.,unstructured,1
DEC036_B_deepseek-v3.2,train_kb,conservative_noisy_or_conflict_adjusted,Auralex Laptop Max 169,manufactured_by,Auralex,auralex laptop max 169|manufactured_by|auralex,0.98,product_169,structured,structured_row:Auralex Laptop Max 169,structured,1
DEC036_B_deepseek-v3.2,train_kb,conservative_noisy_or_conflict_adjusted,Auralex Laptop Max 169,belongs_to_category,laptop,auralex laptop max 169|belongs_to_category|laptop,0.98,product_169,structured,structured_row:Auralex Laptop Max 169,structured,1
DEC036_B_deepseek-v3.2,train_kb,conservative_noisy_or_conflict_adjusted,Auralex Laptop Max 169,has_price_usd,899,auralex laptop max 169|has_price_usd|899,0.98,product_169,structured,structured_row:Auralex Laptop Max 169,structured,1
DEC036_B_deepseek-v3.2,train_kb,conservative_noisy_or_conflict_adjusted,Auralex Laptop Max 169,has_screen_size_inch,14.0,auralex laptop max 169|has_screen_size_inch|14.0,0.98,product_169,structured,structured_row:Auralex Laptop Max 169,structured,1
DEC036_B_deepseek-v3.2,train_kb,conservative_noisy_or_conflict_adjusted,Auralex Laptop Max 169,has_ram_gb,4,auralex laptop max 169|has_ram_gb|4,0.98,product_169,structured,structured_row:Auralex Laptop Max 169,structured,1
DEC036_B_deepseek-v3.2,train_kb,conservative_noisy_or_conflict_adjusted,Auralex Laptop Max 169,has_storage_gb,64,auralex laptop max 169|has_storage_gb|64,0.98,product_169,structured,structured_row:Auralex Laptop Max 169,structured,1
DEC036_B_deepseek-v3.2,train_kb,conservative_noisy_or_conflict_adjusted,Auralex Laptop Max 169,has_battery_life_hours,8,auralex laptop max 169|has_battery_life_hours|8,0.98,product_169,structured,structured_row:Auralex Laptop Max 169,structured,1
DEC036_B_deepseek-v3.2,train_kb,conservative_noisy_or_conflict_adjusted,Auralex Laptop Max 169,has_weight_kg,0.23,auralex laptop max 169|has_weight_kg|0.23,0.98,product_169,structured,structured_row:Auralex Laptop Max 169,structured,1
DEC036_B_deepseek-v3.2,train_kb,conservative_noisy_or_conflict_adjusted,Auralex Laptop Max 169,has_color,white,auralex laptop max 169|has_color|white,0.98,product_169,structured,structured_row:Auralex Laptop Max 169,structured,1
DEC036_B_deepseek-v3.2,train_kb,conservative_noisy_or_conflict_adjusted,Auralex Laptop Max 169,made_of_material,carbon fiber,auralex laptop max 169|made_of_material|carbon fiber,0.98,product_169,structured,structured_row:Auralex Laptop Max 169,structured,1
DEC036_B_deepseek-v3.2,train_kb,conservative_noisy_or_conflict_adjusted,Auralex Laptop Max 169,target_market_region,APAC,auralex laptop max 169|target_market_region|apac,0.98,product_169,structured,structured_row:Auralex Laptop Max 169,structured,1
DEC036_B_deepseek-v3.2,train_kb,conservative_noisy_or_conflict_adjusted,Auralex Laptop Max 169,supports_fast_charging,no,auralex laptop max 169|supports_fast_charging|no,0.98,product_169,structured,structured_row:Auralex Laptop Max 169,structured,1
DEC036_B_deepseek-v3.2,train_kb,conservative_noisy_or_conflict_adjusted,Auralex Laptop Max 169,has_noise_cancellation,no,auralex laptop max 169|has_noise_cancellation|no,0.98,product_169,structured,structured_row:Auralex Laptop Max 169,structured,1
DEC036_B_deepseek-v3.2,train_kb,conservative_noisy_or_conflict_adjusted,Auralex Laptop Max 169,manufactured_by,Auralex,auralex laptop max 169|manufactured_by|auralex,0.96,product_169,unstructured,LP=0.999994;LPO=0.999994|Auralex Laptop Max 169 is manufactured by Auralex. It is a laptop device. Priced at 899 USD. The display measures 14.0 inches. Weighs approximately 0.23kg. Available in white. Built with carbon fiber construction.,unstructured,1
DEC036_B_deepseek-v3.2,train_kb,conservative_noisy_or_conflict_adjusted,Auralex Laptop Max 169,belongs_to_category,laptop device,auralex laptop max 169|belongs_to_category|laptop device,0.92,product_169,unstructured,LP=0.971065;LPO=0.730950|Auralex Laptop Max 169 is manufactured by Auralex. It is a laptop device. Priced at 899 USD. The display measures 14.0 inches. Weighs approximately 0.23kg. Available in white. Built with carbon fiber construction.,unstructured,1
DEC036_B_deepseek-v3.2,train_kb,conservative_noisy_or_conflict_adjusted,Auralex Laptop Max 169,has_price_usd,899,auralex laptop max 169|has_price_usd|899,0.94,product_169,unstructured,LP=0.999996;LPO=0.999990|Auralex Laptop Max 169 is manufactured by Auralex. It is a laptop device. Priced at 899 USD. The display measures 14.0 inches. Weighs approximately 0.23kg. Available in white. Built with carbon fiber construction.,unstructured,1
DEC036_B_deepseek-v3.2,train_kb,conservative_noisy_or_conflict_adjusted,Auralex Laptop Max 169,has_screen_size_inch,14.0,auralex laptop max 169|has_screen_size_inch|14.0,0.93,product_169,unstructured,LP=0.999990;LPO=0.999868|Auralex Laptop Max 169 is manufactured by Auralex. It is a laptop device. Priced at 899 USD. The display measures 14.0 inches. Weighs approximately 0.23kg. Available in white. Built with carbon fiber construction.,unstructured,1
DEC036_B_deepseek-v3.2,train_kb,conservative_noisy_or_conflict_adjusted,Auralex Laptop Max 169,has_weight_kg,0.23,auralex laptop max 169|has_weight_kg|0.23,0.9,product_169,unstructured,LP=0.999987;LPO=0.999895|Auralex Laptop Max 169 is manufactured by Auralex. It is a laptop device. Priced at 899 USD. The display measures 14.0 inches. Weighs approximately 0.23kg. Available in white. Built with carbon fiber construction.,unstructured,1
DEC036_B_deepseek-v3.2,train_kb,conservative_noisy_or_conflict_adjusted,Auralex Laptop Max 169,has_color,white,auralex laptop max 169|has_color|white,0.91,product_169,unstructured,LP=0.999992;LPO=0.999995|Auralex Laptop Max 169 is manufactured by Auralex. It is a laptop device. Priced at 899 USD. The display measures 14.0 inches. Weighs approximately 0.23kg. Available in white. Built with carbon fiber construction.,unstructured,1
DEC036_B_deepseek-v3.2,train_kb,conservative_noisy_or_conflict_adjusted,Auralex Laptop Max 169,made_of_material,carbon fiber,auralex laptop max 169|made_of_material|carbon fiber,0.92,product_169,unstructured,LP=0.999997;LPO=0.999996|Auralex Laptop Max 169 is manufactured by Auralex. It is a laptop device. Priced at 899 USD. The display measures 14.0 inches. Weighs approximately 0.23kg. Available in white. Built with carbon fiber construction.,unstructured,1
DEC036_B_deepseek-v3.2,train_kb,conservative_noisy_or_conflict_adjusted,TechNova Smartphone Max 170,manufactured_by,TechNova,technova smartphone max 170|manufactured_by|technova,0.98,product_170,structured,structured_row:TechNova Smartphone Max 170,structured,1
DEC036_B_deepseek-v3.2,train_kb,conservative_noisy_or_conflict_adjusted,TechNova Smartphone Max 170,belongs_to_category,smartphone,technova smartphone max 170|belongs_to_category|smartphone,0.98,product_170,structured,structured_row:TechNova Smartphone Max 170,structured,1
DEC036_B_deepseek-v3.2,train_kb,conservative_noisy_or_conflict_adjusted,TechNova Smartphone Max 170,has_price_usd,1099,technova smartphone max 170|has_price_usd|1099,0.98,product_170,structured,structured_row:TechNova Smartphone Max 170,structured,1
DEC036_B_deepseek-v3.2,train_kb,conservative_noisy_or_conflict_adjusted,TechNova Smartphone Max 170,has_screen_size_inch,6.1,technova smartphone max 170|has_screen_size_inch|6.1,0.98,product_170,structured,structured_row:TechNova Smartphone Max 170,structured,1
DEC036_B_deepseek-v3.2,train_kb,conservative_noisy_or_conflict_adjusted,TechNova Smartphone Max 170,has_ram_gb,6,technova smartphone max 170|has_ram_gb|6,0.98,product_170,structured,structured_row:TechNova Smartphone Max 170,structured,1
DEC036_B_deepseek-v3.2,train_kb,conservative_noisy_or_conflict_adjusted,TechNova Smartphone Max 170,has_storage_gb,512,technova smartphone max 170|has_storage_gb|512,0.98,product_170,structured,structured_row:TechNova Smartphone Max 170,structured,1
DEC036_B_deepseek-v3.2,train_kb,conservative_noisy_or_conflict_adjusted,TechNova Smartphone Max 170,has_battery_life_hours,8,technova smartphone max 170|has_battery_life_hours|8,0.98,product_170,structured,structured_row:TechNova Smartphone Max 170,structured,1
DEC036_B_deepseek-v3.2,train_kb,conservative_noisy_or_conflict_adjusted,TechNova Smartphone Max 170,has_weight_kg,1.45,technova smartphone max 170|has_weight_kg|1.45,0.98,product_170,structured,structured_row:TechNova Smartphone Max 170,structured,1
DEC036_B_deepseek-v3.2,train_kb,conservative_noisy_or_conflict_adjusted,TechNova Smartphone Max 170,has_color,blue,technova smartphone max 170|has_color|blue,0.98,product_170,structured,structured_row:TechNova Smartphone Max 170,structured,1
DEC036_B_deepseek-v3.2,train_kb,conservative_noisy_or_conflict_adjusted,TechNova Smartphone Max 170,made_of_material,aluminum,technova smartphone max 170|made_of_material|aluminum,0.98,product_170,structured,structured_row:TechNova Smartphone Max 170,structured,1
DEC036_B_deepseek-v3.2,train_kb,conservative_noisy_or_conflict_adjusted,TechNova Smartphone Max 170,target_market_region,Global,technova smartphone max 170|target_market_region|global,0.98,product_170,structured,structured_row:TechNova Smartphone Max 170,structured,1
DEC036_B_deepseek-v3.2,train_kb,conservative_noisy_or_conflict_adjusted,TechNova Smartphone Max 170,supports_fast_charging,yes,technova smartphone max 170|supports_fast_charging|yes,0.98,product_170,structured,structured_row:TechNova Smartphone Max 170,structured,1
DEC036_B_deepseek-v3.2,train_kb,conservative_noisy_or_conflict_adjusted,TechNova Smartphone Max 170,has_noise_cancellation,no,technova smartphone max 170|has_noise_cancellation|no,0.98,product_170,structured,structured_row:TechNova Smartphone Max 170,structured,1
DEC036_B_deepseek-v3.2,train_kb,conservative_noisy_or_conflict_adjusted,smartphone device,has_price_usd,1099,smartphone device|has_price_usd|1099,0.9,product_170,unstructured,LP=0.959867;LPO=0.999968|It is a smartphone device. Priced at 1099 USD. Comes with 6GB of RAM. Offers 512GB of internal storage. Battery lasts up to 8 hours. Weighs approximately 1.45kg. Fast charging is yes.,unstructured,1
DEC036_B_deepseek-v3.2,train_kb,conservative_noisy_or_conflict_adjusted,smartphone device,has_ram_gb,6,smartphone device|has_ram_gb|6,0.92,product_170,unstructured,LP=0.999992;LPO=0.999997|It is a smartphone device. Priced at 1099 USD. Comes with 6GB of RAM. Offers 512GB of internal storage. Battery lasts up to 8 hours. Weighs approximately 1.45kg. Fast charging is yes.,unstructured,1
DEC036_B_deepseek-v3.2,train_kb,conservative_noisy_or_conflict_adjusted,smartphone device,has_storage_gb,512,smartphone device|has_storage_gb|512,0.93,product_170,unstructured,LP=0.999997;LPO=1.000000|It is a smartphone device. Priced at 1099 USD. Comes with 6GB of RAM. Offers 512GB of internal storage. Battery lasts up to 8 hours. Weighs approximately 1.45kg. Fast charging is yes.,unstructured,1
DEC036_B_deepseek-v3.2,train_kb,conservative_noisy_or_conflict_adjusted,smartphone device,has_battery_life_hours,8,smartphone device|has_battery_life_hours|8,0.89,product_170,unstructured,LP=0.999984;LPO=0.999982|It is a smartphone device. Priced at 1099 USD. Comes with 6GB of RAM. Offers 512GB of internal storage. Battery lasts up to 8 hours. Weighs approximately 1.45kg. Fast charging is yes.,unstructured,1
DEC036_B_deepseek-v3.2,train_kb,conservative_noisy_or_conflict_adjusted,smartphone device,has_weight_kg,1.45,smartphone device|has_weight_kg|1.45,0.88,product_170,unstructured,LP=0.999995;LPO=0.999967|It is a smartphone device. Priced at 1099 USD. Comes with 6GB of RAM. Offers 512GB of internal storage. Battery lasts up to 8 hours. Weighs approximately 1.45kg. Fast charging is yes.,unstructured,1
DEC036_B_deepseek-v3.2,train_kb,conservative_noisy_or_conflict_adjusted,smartphone device,supports_fast_charging,yes,smartphone device|supports_fast_charging|yes,0.91,product_170,unstructured,LP=0.999510;LPO=0.995323|It is a smartphone device. Priced at 1099 USD. Comes with 6GB of RAM. Offers 512GB of internal storage. Battery lasts up to 8 hours. Weighs approximately 1.45kg. Fast charging is yes.,unstructured,1
DEC036_B_deepseek-v3.2,train_kb,conservative_noisy_or_conflict_adjusted,PixelWare Headphones Air 173,manufactured_by,PixelWare,pixelware headphones air 173|manufactured_by|pixelware,0.98,product_173,structured,structured_row:PixelWare Headphones Air 173,structured,1
DEC036_B_deepseek-v3.2,train_kb,conservative_noisy_or_conflict_adjusted,PixelWare Headphones Air 173,belongs_to_category,headphones,pixelware headphones air 173|belongs_to_category|headphones,0.98,product_173,structured,structured_row:PixelWare Headphones Air 173,structured,1
DEC036_B_deepseek-v3.2,train_kb,conservative_noisy_or_conflict_adjusted,PixelWare Headphones Air 173,has_price_usd,499,pixelware headphones air 173|has_price_usd|499,0.98,product_173,structured,structured_row:PixelWare Headphones Air 173,structured,1
DEC036_B_deepseek-v3.2,train_kb,conservative_noisy_or_conflict_adjusted,PixelWare Headphones Air 173,has_screen_size_inch,14.0,pixelware headphones air 173|has_screen_size_inch|14.0,0.98,product_173,structured,structured_row:PixelWare Headphones Air 173,structured,1
DEC036_B_deepseek-v3.2,train_kb,conservative_noisy_or_conflict_adjusted,PixelWare Headphones Air 173,has_ram_gb,4,pixelware headphones air 173|has_ram_gb|4,0.98,product_173,structured,structured_row:PixelWare Headphones Air 173,structured,1
DEC036_B_deepseek-v3.2,train_kb,conservative_noisy_or_conflict_adjusted,PixelWare Headphones Air 173,has_storage_gb,128,pixelware headphones air 173|has_storage_gb|128,0.98,product_173,structured,structured_row:PixelWare Headphones Air 173,structured,1
DEC036_B_deepseek-v3.2,train_kb,conservative_noisy_or_conflict_adjusted,PixelWare Headphones Air 173,has_battery_life_hours,14,pixelware headphones air 173|has_battery_life_hours|14,0.98,product_173,structured,structured_row:PixelWare Headphones Air 173,structured,1
DEC036_B_deepseek-v3.2,train_kb,conservative_noisy_or_conflict_adjusted,PixelWare Headphones Air 173,has_weight_kg,0.55,pixelware headphones air 173|has_weight_kg|0.55,0.98,product_173,structured,structured_row:PixelWare Headphones Air 173,structured,1
DEC036_B_deepseek-v3.2,train_kb,conservative_noisy_or_conflict_adjusted,PixelWare Headphones Air 173,has_color,green,pixelware headphones air 173|has_color|green,0.98,product_173,structured,structured_row:PixelWare Headphones Air 173,structured,1
DEC036_B_deepseek-v3.2,train_kb,conservative_noisy_or_conflict_adjusted,PixelWare Headphones Air 173,made_of_material,carbon fiber,pixelware headphones air 173|made_of_material|carbon fiber,0.98,product_173,structured,structured_row:PixelWare Headphones Air 173,structured,1
DEC036_B_deepseek-v3.2,train_kb,conservative_noisy_or_conflict_adjusted,PixelWare Headphones Air 173,target_market_region,US,pixelware headphones air 173|target_market_region|us,0.98,product_173,structured,structured_row:PixelWare Headphones Air 173,structured,1
DEC036_B_deepseek-v3.2,train_kb,conservative_noisy_or_conflict_adjusted,PixelWare Headphones Air 173,supports_fast_charging,yes,pixelware headphones air 173|supports_fast_charging|yes,0.98,product_173,structured,structured_row:PixelWare Headphones Air 173,structured,1
DEC036_B_deepseek-v3.2,train_kb,conservative_noisy_or_conflict_adjusted,PixelWare Headphones Air 173,has_noise_cancellation,yes,pixelware headphones air 173|has_noise_cancellation|yes,0.98,product_173,structured,structured_row:PixelWare Headphones Air 173,structured,1
DEC036_B_deepseek-v3.2,train_kb,conservative_noisy_or_conflict_adjusted,PixelWare Headphones Air 173,manufactured_by,PixelWare,pixelware headphones air 173|manufactured_by|pixelware,0.96,product_173,unstructured,LP=0.999977;LPO=0.999973|PixelWare Headphones Air 173 is manufactured by PixelWare. It is a headphones device. Priced at 499 USD. Weighs approximately 0.55kg. Available in green. Built with carbon fiber construction. Targeted at the US market.,unstructured,1
DEC036_B_deepseek-v3.2,train_kb,conservative_noisy_or_conflict_adjusted,PixelWare Headphones Air 173,has_price_usd,499,pixelware headphones air 173|has_price_usd|499,0.95,product_173,unstructured,LP=0.805586;LPO=0.999991|PixelWare Headphones Air 173 is manufactured by PixelWare. It is a headphones device. Priced at 499 USD. Weighs approximately 0.55kg. Available in green. Built with carbon fiber construction. Targeted at the US market.,unstructured,1
DEC036_B_deepseek-v3.2,train_kb,conservative_noisy_or_conflict_adjusted,PixelWare Headphones Air 173,has_weight_kg,0.55,pixelware headphones air 173|has_weight_kg|0.55,0.91,product_173,unstructured,LP=0.999928;LPO=0.999988|PixelWare Headphones Air 173 is manufactured by PixelWare. It is a headphones device. Priced at 499 USD. Weighs approximately 0.55kg. Available in green. Built with carbon fiber construction. Targeted at the US market.,unstructured,1
DEC036_B_deepseek-v3.2,train_kb,conservative_noisy_or_conflict_adjusted,PixelWare Headphones Air 173,has_color,green,pixelware headphones air 173|has_color|green,0.93,product_173,unstructured,LP=0.999973;LPO=0.999994|PixelWare Headphones Air 173 is manufactured by PixelWare. It is a headphones device. Priced at 499 USD. Weighs approximately 0.55kg. Available in green. Built with carbon fiber construction. Targeted at the US market.,unstructured,1
DEC036_B_deepseek-v3.2,train_kb,conservative_noisy_or_conflict_adjusted,PixelWare Headphones Air 173,made_of_material,carbon fiber,pixelware headphones air 173|made_of_material|carbon fiber,0.94,product_173,unstructured,LP=0.999943;LPO=0.999988|PixelWare Headphones Air 173 is manufactured by PixelWare. It is a headphones device. Priced at 499 USD. Weighs approximately 0.55kg. Available in green. Built with carbon fiber construction. Targeted at the US market.,unstructured,1
DEC036_B_deepseek-v3.2,train_kb,conservative_noisy_or_conflict_adjusted,PixelWare Headphones Air 173,target_market_region,US,pixelware headphones air 173|target_market_region|us,0.92,product_173,unstructured,LP=0.999984;LPO=0.999881|PixelWare Headphones Air 173 is manufactured by PixelWare. It is a headphones device. Priced at 499 USD. Weighs approximately 0.55kg. Available in green. Built with carbon fiber construction. Targeted at the US market.,unstructured,1
DEC036_B_deepseek-v3.2,train_kb,conservative_noisy_or_conflict_adjusted,PixelWare Headphones Lite 174,manufactured_by,PixelWare,pixelware headphones lite 174|manufactured_by|pixelware,0.98,product_174,structured,structured_row:PixelWare Headphones Lite 174,structured,1
DEC036_B_deepseek-v3.2,train_kb,conservative_noisy_or_conflict_adjusted,PixelWare Headphones Lite 174,belongs_to_category,headphones,pixelware headphones lite 174|belongs_to_category|headphones,0.98,product_174,structured,structured_row:PixelWare Headphones Lite 174,structured,1
DEC036_B_deepseek-v3.2,train_kb,conservative_noisy_or_conflict_adjusted,PixelWare Headphones Lite 174,has_price_usd,1299,pixelware headphones lite 174|has_price_usd|1299,0.98,product_174,structured,structured_row:PixelWare Headphones Lite 174,structured,1
DEC036_B_deepseek-v3.2,train_kb,conservative_noisy_or_conflict_adjusted,PixelWare Headphones Lite 174,has_screen_size_inch,14.0,pixelware headphones lite 174|has_screen_size_inch|14.0,0.98,product_174,structured,structured_row:PixelWare Headphones Lite 174,structured,1
DEC036_B_deepseek-v3.2,train_kb,conservative_noisy_or_conflict_adjusted,PixelWare Headphones Lite 174,has_ram_gb,6,pixelware headphones lite 174|has_ram_gb|6,0.98,product_174,structured,structured_row:PixelWare Headphones Lite 174,structured,1
DEC036_B_deepseek-v3.2,train_kb,conservative_noisy_or_conflict_adjusted,PixelWare Headphones Lite 174,has_storage_gb,512,pixelware headphones lite 174|has_storage_gb|512,0.98,product_174,structured,structured_row:PixelWare Headphones Lite 174,structured,1
DEC036_B_deepseek-v3.2,train_kb,conservative_noisy_or_conflict_adjusted,PixelWare Headphones Lite 174,has_battery_life_hours,24,pixelware headphones lite 174|has_battery_life_hours|24,0.98,product_174,structured,structured_row:PixelWare Headphones Lite 174,structured,1
DEC036_B_deepseek-v3.2,train_kb,conservative_noisy_or_conflict_adjusted,PixelWare Headphones Lite 174,has_weight_kg,0.18,pixelware headphones lite 174|has_weight_kg|0.18,0.98,product_174,structured,structured_row:PixelWare Headphones Lite 174,structured,1
DEC036_B_deepseek-v3.2,train_kb,conservative_noisy_or_conflict_adjusted,PixelWare Headphones Lite 174,has_color,white,pixelware headphones lite 174|has_color|white,0.98,product_174,structured,structured_row:PixelWare Headphones Lite 174,structured,1
DEC036_B_deepseek-v3.2,train_kb,conservative_noisy_or_conflict_adjusted,PixelWare Headphones Lite 174,made_of_material,carbon fiber,pixelware headphones lite 174|made_of_material|carbon fiber,0.98,product_174,structured,structured_row:PixelWare Headphones Lite 174,structured,1
DEC036_B_deepseek-v3.2,train_kb,conservative_noisy_or_conflict_adjusted,PixelWare Headphones Lite 174,target_market_region,Global,pixelware headphones lite 174|target_market_region|global,0.98,product_174,structured,structured_row:PixelWare Headphones Lite 174,structured,1
DEC036_B_deepseek-v3.2,train_kb,conservative_noisy_or_conflict_adjusted,PixelWare Headphones Lite 174,supports_fast_charging,yes,pixelware headphones lite 174|supports_fast_charging|yes,0.98,product_174,structured,structured_row:PixelWare Headphones Lite 174,structured,1
DEC036_B_deepseek-v3.2,train_kb,conservative_noisy_or_conflict_adjusted,PixelWare Headphones Lite 174,has_noise_cancellation,yes,pixelware headphones lite 174|has_noise_cancellation|yes,0.98,product_174,structured,structured_row:PixelWare Headphones Lite 174,structured,1
DEC036_B_deepseek-v3.2,train_kb,conservative_noisy_or_conflict_adjusted,PixelWare Headphones Lite 174,manufactured_by,PixelWare,pixelware headphones lite 174|manufactured_by|pixelware,0.96,product_174,unstructured,LP=0.999991;LPO=0.999999|PixelWare Headphones Lite 174 is manufactured by PixelWare. The display measures 14.0 inches. Comes with 6GB of RAM. Battery lasts up to 24 hours. Built with carbon fiber construction. Fast charging is yes. Noise cancellation: yes.,unstructured,1
DEC036_B_deepseek-v3.2,train_kb,conservative_noisy_or_conflict_adjusted,PixelWare Headphones Lite 174,has_screen_size_inch,14.0,pixelware headphones lite 174|has_screen_size_inch|14.0,0.92,product_174,unstructured,LP=0.997997;LPO=0.999443|PixelWare Headphones Lite 174 is manufactured by PixelWare. The display measures 14.0 inches. Comes with 6GB of RAM. Battery lasts up to 24 hours. Built with carbon fiber construction. Fast charging is yes. Noise cancellation: yes.,unstructured,1
DEC036_B_deepseek-v3.2,train_kb,conservative_noisy_or_conflict_adjusted,PixelWare Headphones Lite 174,has_ram_gb,6,pixelware headphones lite 174|has_ram_gb|6,0.92,product_174,unstructured,LP=0.999971;LPO=0.999996|PixelWare Headphones Lite 174 is manufactured by PixelWare. The display measures 14.0 inches. Comes with 6GB of RAM. Battery lasts up to 24 hours. Built with carbon fiber construction. Fast charging is yes. Noise cancellation: yes.,unstructured,1
DEC036_B_deepseek-v3.2,train_kb,conservative_noisy_or_conflict_adjusted,PixelWare Headphones Lite 174,has_battery_life_hours,24,pixelware headphones lite 174|has_battery_life_hours|24,0.9,product_174,unstructured,LP=0.999996;LPO=0.999990|PixelWare Headphones Lite 174 is manufactured by PixelWare. The display measures 14.0 inches. Comes with 6GB of RAM. Battery lasts up to 24 hours. Built with carbon fiber construction. Fast charging is yes. Noise cancellation: yes.,unstructured,1
DEC036_B_deepseek-v3.2,train_kb,conservative_noisy_or_conflict_adjusted,PixelWare Headphones Lite 174,made_of_material,carbon fiber,pixelware headphones lite 174|made_of_material|carbon fiber,0.93,product_174,unstructured,LP=0.999982;LPO=0.999988|PixelWare Headphones Lite 174 is manufactured by PixelWare. The display measures 14.0 inches. Comes with 6GB of RAM. Battery lasts up to 24 hours. Built with carbon fiber construction. Fast charging is yes. Noise cancellation: yes.,unstructured,1
DEC036_B_deepseek-v3.2,train_kb,conservative_noisy_or_conflict_adjusted,PixelWare Headphones Lite 174,supports_fast_charging,yes,pixelware headphones lite 174|supports_fast_charging|yes,0.91,product_174,unstructured,LP=0.999811;LPO=0.997445|PixelWare Headphones Lite 174 is manufactured by PixelWare. The display measures 14.0 inches. Comes with 6GB of RAM. Battery lasts up to 24 hours. Built with carbon fiber construction. Fast charging is yes. Noise cancellation: yes.,unstructured,1
DEC036_B_deepseek-v3.2,train_kb,conservative_noisy_or_conflict_adjusted,PixelWare Headphones Lite 174,has_noise_cancellation,yes,pixelware headphones lite 174|has_noise_cancellation|yes,0.91,product_174,unstructured,LP=0.999998;LPO=1.000000|PixelWare Headphones Lite 174 is manufactured by PixelWare. The display measures 14.0 inches. Comes with 6GB of RAM. Battery lasts up to 24 hours. Built with carbon fiber construction. Fast charging is yes. Noise cancellation: yes.,unstructured,1
DEC036_B_deepseek-v3.2,train_kb,conservative_noisy_or_conflict_adjusted,TechNova Headphones Air 175,manufactured_by,TechNova,technova headphones air 175|manufactured_by|technova,0.98,product_175,structured,structured_row:TechNova Headphones Air 175,structured,1
DEC036_B_deepseek-v3.2,train_kb,conservative_noisy_or_conflict_adjusted,TechNova Headphones Air 175,belongs_to_category,headphones,technova headphones air 175|belongs_to_category|headphones,0.98,product_175,structured,structured_row:TechNova Headphones Air 175,structured,1
DEC036_B_deepseek-v3.2,train_kb,conservative_noisy_or_conflict_adjusted,TechNova Headphones Air 175,has_price_usd,249,technova headphones air 175|has_price_usd|249,0.98,product_175,structured,structured_row:TechNova Headphones Air 175,structured,1
DEC036_B_deepseek-v3.2,train_kb,conservative_noisy_or_conflict_adjusted,TechNova Headphones Air 175,has_screen_size_inch,14.0,technova headphones air 175|has_screen_size_inch|14.0,0.98,product_175,structured,structured_row:TechNova Headphones Air 175,structured,1
DEC036_B_deepseek-v3.2,train_kb,conservative_noisy_or_conflict_adjusted,TechNova Headphones Air 175,has_ram_gb,16,technova headphones air 175|has_ram_gb|16,0.98,product_175,structured,structured_row:TechNova Headphones Air 175,structured,1
DEC036_B_deepseek-v3.2,train_kb,conservative_noisy_or_conflict_adjusted,TechNova Headphones Air 175,has_storage_gb,1024,technova headphones air 175|has_storage_gb|1024,0.98,product_175,structured,structured_row:TechNova Headphones Air 175,structured,1
DEC036_B_deepseek-v3.2,train_kb,conservative_noisy_or_conflict_adjusted,TechNova Headphones Air 175,has_battery_life_hours,18,technova headphones air 175|has_battery_life_hours|18,0.98,product_175,structured,structured_row:TechNova Headphones Air 175,structured,1
DEC036_B_deepseek-v3.2,train_kb,conservative_noisy_or_conflict_adjusted,TechNova Headphones Air 175,has_weight_kg,0.23,technova headphones air 175|has_weight_kg|0.23,0.98,product_175,structured,structured_row:TechNova Headphones Air 175,structured,1
DEC036_B_deepseek-v3.2,train_kb,conservative_noisy_or_conflict_adjusted,TechNova Headphones Air 175,has_color,green,technova headphones air 175|has_color|green,0.98,product_175,structured,structured_row:TechNova Headphones Air 175,structured,1
DEC036_B_deepseek-v3.2,train_kb,conservative_noisy_or_conflict_adjusted,TechNova Headphones Air 175,made_of_material,plastic,technova headphones air 175|made_of_material|plastic,0.98,product_175,structured,structured_row:TechNova Headphones Air 175,structured,1
DEC036_B_deepseek-v3.2,train_kb,conservative_noisy_or_conflict_adjusted,TechNova Headphones Air 175,target_market_region,Global,technova headphones air 175|target_market_region|global,0.98,product_175,structured,structured_row:TechNova Headphones Air 175,structured,1
DEC036_B_deepseek-v3.2,train_kb,conservative_noisy_or_conflict_adjusted,TechNova Headphones Air 175,supports_fast_charging,no,technova headphones air 175|supports_fast_charging|no,0.98,product_175,structured,structured_row:TechNova Headphones Air 175,structured,1
DEC036_B_deepseek-v3.2,train_kb,conservative_noisy_or_conflict_adjusted,TechNova Headphones Air 175,has_noise_cancellation,yes,technova headphones air 175|has_noise_cancellation|yes,0.98,product_175,structured,structured_row:TechNova Headphones Air 175,structured,1
DEC036_B_deepseek-v3.2,train_kb,conservative_noisy_or_conflict_adjusted,headphones device,has_price_usd,249,headphones device|has_price_usd|249,0.91,product_175,unstructured,LP=0.965202;LPO=0.999982|It is a headphones device. Priced at 249 USD. The display measures 14.0 inches. Comes with 16GB of RAM. Offers 1024GB of internal storage. Available in green. Built with plastic construction.,unstructured,1
DEC036_B_deepseek-v3.2,train_kb,conservative_noisy_or_conflict_adjusted,headphones device,has_screen_size_inch,14.0,headphones device|has_screen_size_inch|14.0,0.92,product_175,unstructured,LP=0.985877;LPO=0.999749|It is a headphones device. Priced at 249 USD. The display measures 14.0 inches. Comes with 16GB of RAM. Offers 1024GB of internal storage. Available in green. Built with plastic construction.,unstructured,1
DEC036_B_deepseek-v3.2,train_kb,conservative_noisy_or_conflict_adjusted,headphones device,has_ram_gb,16,headphones device|has_ram_gb|16,0.92,product_175,unstructured,LP=0.999981;LPO=0.999995|It is a headphones device. Priced at 249 USD. The display measures 14.0 inches. Comes with 16GB of RAM. Offers 1024GB of internal storage. Available in green. Built with plastic construction.,unstructured,1
DEC036_B_deepseek-v3.2,train_kb,conservative_noisy_or_conflict_adjusted,headphones device,has_storage_gb,1024,headphones device|has_storage_gb|1024,0.92,product_175,unstructured,LP=0.999996;LPO=0.999988|It is a headphones device. Priced at 249 USD. The display measures 14.0 inches. Comes with 16GB of RAM. Offers 1024GB of internal storage. Available in green. Built with plastic construction.,unstructured,1
DEC036_B_deepseek-v3.2,train_kb,conservative_noisy_or_conflict_adjusted,headphones device,has_color,green,headphones device|has_color|green,0.9,product_175,unstructured,LP=0.999930;LPO=0.999989|It is a headphones device. Priced at 249 USD. The display measures 14.0 inches. Comes with 16GB of RAM. Offers 1024GB of internal storage. Available in green. Built with plastic construction.,unstructured,1
DEC036_B_deepseek-v3.2,train_kb,conservative_noisy_or_conflict_adjusted,headphones device,made_of_material,plastic,headphones device|made_of_material|plastic,0.89,product_175,unstructured,LP=0.999963;LPO=0.999978|It is a headphones device. Priced at 249 USD. The display measures 14.0 inches. Comes with 16GB of RAM. Offers 1024GB of internal storage. Available in green. Built with plastic construction.,unstructured,1
DEC036_B_deepseek-v3.2,train_kb,conservative_noisy_or_conflict_adjusted,TechNova Smartwatch Max 176,manufactured_by,TechNova,technova smartwatch max 176|manufactured_by|technova,0.98,product_176,structured,structured_row:TechNova Smartwatch Max 176,structured,1
DEC036_B_deepseek-v3.2,train_kb,conservative_noisy_or_conflict_adjusted,TechNova Smartwatch Max 176,belongs_to_category,smartwatch,technova smartwatch max 176|belongs_to_category|smartwatch,0.98,product_176,structured,structured_row:TechNova Smartwatch Max 176,structured,1
DEC036_B_deepseek-v3.2,train_kb,conservative_noisy_or_conflict_adjusted,TechNova Smartwatch Max 176,has_price_usd,199,technova smartwatch max 176|has_price_usd|199,0.98,product_176,structured,structured_row:TechNova Smartwatch Max 176,structured,1
DEC036_B_deepseek-v3.2,train_kb,conservative_noisy_or_conflict_adjusted,TechNova Smartwatch Max 176,has_screen_size_inch,6.7,technova smartwatch max 176|has_screen_size_inch|6.7,0.98,product_176,structured,structured_row:TechNova Smartwatch Max 176,structured,1
DEC036_B_deepseek-v3.2,train_kb,conservative_noisy_or_conflict_adjusted,TechNova Smartwatch Max 176,has_ram_gb,4,technova smartwatch max 176|has_ram_gb|4,0.98,product_176,structured,structured_row:TechNova Smartwatch Max 176,structured,1
DEC036_B_deepseek-v3.2,train_kb,conservative_noisy_or_conflict_adjusted,TechNova Smartwatch Max 176,has_storage_gb,512,technova smartwatch max 176|has_storage_gb|512,0.98,product_176,structured,structured_row:TechNova Smartwatch Max 176,structured,1
DEC036_B_deepseek-v3.2,train_kb,conservative_noisy_or_conflict_adjusted,TechNova Smartwatch Max 176,has_battery_life_hours,8,technova smartwatch max 176|has_battery_life_hours|8,0.98,product_176,structured,structured_row:TechNova Smartwatch Max 176,structured,1
DEC036_B_deepseek-v3.2,train_kb,conservative_noisy_or_conflict_adjusted,TechNova Smartwatch Max 176,has_weight_kg,0.55,technova smartwatch max 176|has_weight_kg|0.55,0.98,product_176,structured,structured_row:TechNova Smartwatch Max 176,structured,1
DEC036_B_deepseek-v3.2,train_kb,conservative_noisy_or_conflict_adjusted,TechNova Smartwatch Max 176,has_color,black,technova smartwatch max 176|has_color|black,0.98,product_176,structured,structured_row:TechNova Smartwatch Max 176,structured,1
DEC036_B_deepseek-v3.2,train_kb,conservative_noisy_or_conflict_adjusted,TechNova Smartwatch Max 176,made_of_material,plastic,technova smartwatch max 176|made_of_material|plastic,0.98,product_176,structured,structured_row:TechNova Smartwatch Max 176,structured,1
DEC036_B_deepseek-v3.2,train_kb,conservative_noisy_or_conflict_adjusted,TechNova Smartwatch Max 176,target_market_region,Global,technova smartwatch max 176|target_market_region|global,0.98,product_176,structured,structured_row:TechNova Smartwatch Max 176,structured,1
DEC036_B_deepseek-v3.2,train_kb,conservative_noisy_or_conflict_adjusted,TechNova Smartwatch Max 176,supports_fast_charging,yes,technova smartwatch max 176|supports_fast_charging|yes,0.98,product_176,structured,structured_row:TechNova Smartwatch Max 176,structured,1
DEC036_B_deepseek-v3.2,train_kb,conservative_noisy_or_conflict_adjusted,TechNova Smartwatch Max 176,has_noise_cancellation,no,technova smartwatch max 176|has_noise_cancellation|no,0.98,product_176,structured,structured_row:TechNova Smartwatch Max 176,structured,1
DEC036_B_deepseek-v3.2,train_kb,conservative_noisy_or_conflict_adjusted,TechNova Smartwatch Max 176,manufactured_by,TechNova,technova smartwatch max 176|manufactured_by|technova,0.92,product_176,unstructured,LP=0.999989;LPO=0.999996|TechNova Smartwatch Max 176 is manufactured by TechNova. It is a smartwatch device. Priced at 199 USD. Comes with 4GB of RAM. Offers 512GB of internal storage. Targeted at the Global market. Fast charging is yes.,unstructured,1
DEC036_B_deepseek-v3.2,train_kb,conservative_noisy_or_conflict_adjusted,TechNova Smartwatch Max 176,has_price_usd,199,technova smartwatch max 176|has_price_usd|199,0.94,product_176,unstructured,LP=0.888168;LPO=0.999996|TechNova Smartwatch Max 176 is manufactured by TechNova. It is a smartwatch device. Priced at 199 USD. Comes with 4GB of RAM. Offers 512GB of internal storage. Targeted at the Global market. Fast charging is yes.,unstructured,1
DEC036_B_deepseek-v3.2,train_kb,conservative_noisy_or_conflict_adjusted,TechNova Smartwatch Max 176,has_ram_gb,4,technova smartwatch max 176|has_ram_gb|4,0.93,product_176,unstructured,LP=0.999953;LPO=0.999982|TechNova Smartwatch Max 176 is manufactured by TechNova. It is a smartwatch device. Priced at 199 USD. Comes with 4GB of RAM. Offers 512GB of internal storage. Targeted at the Global market. Fast charging is yes.,unstructured,1
DEC036_B_deepseek-v3.2,train_kb,conservative_noisy_or_conflict_adjusted,TechNova Smartwatch Max 176,has_storage_gb,512,technova smartwatch max 176|has_storage_gb|512,0.94,product_176,unstructured,LP=0.999996;LPO=0.999999|TechNova Smartwatch Max 176 is manufactured by TechNova. It is a smartwatch device. Priced at 199 USD. Comes with 4GB of RAM. Offers 512GB of internal storage. Targeted at the Global market. Fast charging is yes.,unstructured,1
DEC036_B_deepseek-v3.2,train_kb,conservative_noisy_or_conflict_adjusted,TechNova Smartwatch Max 176,target_market_region,Global,technova smartwatch max 176|target_market_region|global,0.93,product_176,unstructured,LP=0.999977;LPO=0.999981|TechNova Smartwatch Max 176 is manufactured by TechNova. It is a smartwatch device. Priced at 199 USD. Comes with 4GB of RAM. Offers 512GB of internal storage. Targeted at the Global market. Fast charging is yes.,unstructured,1
DEC036_B_deepseek-v3.2,train_kb,conservative_noisy_or_conflict_adjusted,TechNova Smartwatch Max 176,supports_fast_charging,yes,technova smartwatch max 176|supports_fast_charging|yes,0.92,product_176,unstructured,LP=0.999606;LPO=0.994301|TechNova Smartwatch Max 176 is manufactured by TechNova. It is a smartwatch device. Priced at 199 USD. Comes with 4GB of RAM. Offers 512GB of internal storage. Targeted at the Global market. Fast charging is yes.,unstructured,1
DEC036_B_deepseek-v3.2,train_kb,conservative_noisy_or_conflict_adjusted,Auralex Smartwatch Pro 179,manufactured_by,Auralex,auralex smartwatch pro 179|manufactured_by|auralex,0.98,product_179,structured,structured_row:Auralex Smartwatch Pro 179,structured,1
DEC036_B_deepseek-v3.2,train_kb,conservative_noisy_or_conflict_adjusted,Auralex Smartwatch Pro 179,belongs_to_category,smartwatch,auralex smartwatch pro 179|belongs_to_category|smartwatch,0.98,product_179,structured,structured_row:Auralex Smartwatch Pro 179,structured,1
DEC036_B_deepseek-v3.2,train_kb,conservative_noisy_or_conflict_adjusted,Auralex Smartwatch Pro 179,has_price_usd,1099,auralex smartwatch pro 179|has_price_usd|1099,0.98,product_179,structured,structured_row:Auralex Smartwatch Pro 179,structured,1
DEC036_B_deepseek-v3.2,train_kb,conservative_noisy_or_conflict_adjusted,Auralex Smartwatch Pro 179,has_screen_size_inch,10.9,auralex smartwatch pro 179|has_screen_size_inch|10.9,0.98,product_179,structured,structured_row:Auralex Smartwatch Pro 179,structured,1
DEC036_B_deepseek-v3.2,train_kb,conservative_noisy_or_conflict_adjusted,Auralex Smartwatch Pro 179,has_ram_gb,12,auralex smartwatch pro 179|has_ram_gb|12,0.98,product_179,structured,structured_row:Auralex Smartwatch Pro 179,structured,1
DEC036_B_deepseek-v3.2,train_kb,conservative_noisy_or_conflict_adjusted,Auralex Smartwatch Pro 179,has_storage_gb,128,auralex smartwatch pro 179|has_storage_gb|128,0.98,product_179,structured,structured_row:Auralex Smartwatch Pro 179,structured,1
DEC036_B_deepseek-v3.2,train_kb,conservative_noisy_or_conflict_adjusted,Auralex Smartwatch Pro 179,has_battery_life_hours,10,auralex smartwatch pro 179|has_battery_life_hours|10,0.98,product_179,structured,structured_row:Auralex Smartwatch Pro 179,structured,1
DEC036_B_deepseek-v3.2,train_kb,conservative_noisy_or_conflict_adjusted,Auralex Smartwatch Pro 179,has_weight_kg,1.8,auralex smartwatch pro 179|has_weight_kg|1.8,0.98,product_179,structured,structured_row:Auralex Smartwatch Pro 179,structured,1
DEC036_B_deepseek-v3.2,train_kb,conservative_noisy_or_conflict_adjusted,Auralex Smartwatch Pro 179,has_color,black,auralex smartwatch pro 179|has_color|black,0.98,product_179,structured,structured_row:Auralex Smartwatch Pro 179,structured,1
DEC036_B_deepseek-v3.2,train_kb,conservative_noisy_or_conflict_adjusted,Auralex Smartwatch Pro 179,made_of_material,aluminum,auralex smartwatch pro 179|made_of_material|aluminum,0.98,product_179,structured,structured_row:Auralex Smartwatch Pro 179,structured,1
DEC036_B_deepseek-v3.2,train_kb,conservative_noisy_or_conflict_adjusted,Auralex Smartwatch Pro 179,target_market_region,US,auralex smartwatch pro 179|target_market_region|us,0.98,product_179,structured,structured_row:Auralex Smartwatch Pro 179,structured,1
DEC036_B_deepseek-v3.2,train_kb,conservative_noisy_or_conflict_adjusted,Auralex Smartwatch Pro 179,supports_fast_charging,yes,auralex smartwatch pro 179|supports_fast_charging|yes,0.98,product_179,structured,structured_row:Auralex Smartwatch Pro 179,structured,1
DEC036_B_deepseek-v3.2,train_kb,conservative_noisy_or_conflict_adjusted,Auralex Smartwatch Pro 179,has_noise_cancellation,no,auralex smartwatch pro 179|has_noise_cancellation|no,0.98,product_179,structured,structured_row:Auralex Smartwatch Pro 179,structured,1
DEC036_B_deepseek-v3.2,train_kb,conservative_noisy_or_conflict_adjusted,smartwatch device,has_screen_size_inch,10.9,smartwatch device|has_screen_size_inch|10.9,0.91,product_179,unstructured,LP=0.957081;LPO=0.999971|It is a smartwatch device. The display measures 10.9 inches. Offers 128GB of internal storage. Battery lasts up to 10 hours. Available in black. Targeted at the US market. Fast charging is yes.,unstructured,1
DEC036_B_deepseek-v3.2,train_kb,conservative_noisy_or_conflict_adjusted,smartwatch device,has_storage_gb,128,smartwatch device|has_storage_gb|128,0.92,product_179,unstructured,LP=0.999986;LPO=1.000000|It is a smartwatch device. The display measures 10.9 inches. Offers 128GB of internal storage. Battery lasts up to 10 hours. Available in black. Targeted at the US market. Fast charging is yes.,unstructured,1
DEC036_B_deepseek-v3.2,train_kb,conservative_noisy_or_conflict_adjusted,smartwatch device,has_battery_life_hours,10,smartwatch device|has_battery_life_hours|10,0.9,product_179,unstructured,LP=0.999933;LPO=0.999289|It is a smartwatch device. The display measures 10.9 inches. Offers 128GB of internal storage. Battery lasts up to 10 hours. Available in black. Targeted at the US market. Fast charging is yes.,unstructured,1
DEC036_B_deepseek-v3.2,train_kb,conservative_noisy_or_conflict_adjusted,smartwatch device,has_color,black,smartwatch device|has_color|black,0.92,product_179,unstructured,LP=0.999917;LPO=0.999983|It is a smartwatch device. The display measures 10.9 inches. Offers 128GB of internal storage. Battery lasts up to 10 hours. Available in black. Targeted at the US market. Fast charging is yes.,unstructured,1
DEC036_B_deepseek-v3.2,train_kb,conservative_noisy_or_conflict_adjusted,smartwatch device,target_market_region,US,smartwatch device|target_market_region|us,0.91,product_179,unstructured,LP=0.999921;LPO=0.999589|It is a smartwatch device. The display measures 10.9 inches. Offers 128GB of internal storage. Battery lasts up to 10 hours. Available in black. Targeted at the US market. Fast charging is yes.,unstructured,1
DEC036_B_deepseek-v3.2,train_kb,conservative_noisy_or_conflict_adjusted,smartwatch device,supports_fast_charging,yes,smartwatch device|supports_fast_charging|yes,0.93,product_179,unstructured,LP=0.999794;LPO=0.997974|It is a smartwatch device. The display measures 10.9 inches. Offers 128GB of internal storage. Battery lasts up to 10 hours. Available in black. Targeted at the US market. Fast charging is yes.,unstructured,1
DEC036_B_deepseek-v3.2,train_kb,conservative_noisy_or_conflict_adjusted,TechNova Tablet Plus 180,manufactured_by,TechNova,technova tablet plus 180|manufactured_by|technova,0.98,product_180,structured,structured_row:TechNova Tablet Plus 180,structured,1
DEC036_B_deepseek-v3.2,train_kb,conservative_noisy_or_conflict_adjusted,TechNova Tablet Plus 180,belongs_to_category,tablet,technova tablet plus 180|belongs_to_category|tablet,0.98,product_180,structured,structured_row:TechNova Tablet Plus 180,structured,1
DEC036_B_deepseek-v3.2,train_kb,conservative_noisy_or_conflict_adjusted,TechNova Tablet Plus 180,has_price_usd,699,technova tablet plus 180|has_price_usd|699,0.98,product_180,structured,structured_row:TechNova Tablet Plus 180,structured,1
DEC036_B_deepseek-v3.2,train_kb,conservative_noisy_or_conflict_adjusted,TechNova Tablet Plus 180,has_screen_size_inch,6.1,technova tablet plus 180|has_screen_size_inch|6.1,0.98,product_180,structured,structured_row:TechNova Tablet Plus 180,structured,1
DEC036_B_deepseek-v3.2,train_kb,conservative_noisy_or_conflict_adjusted,TechNova Tablet Plus 180,has_ram_gb,16,technova tablet plus 180|has_ram_gb|16,0.98,product_180,structured,structured_row:TechNova Tablet Plus 180,structured,1
DEC036_B_deepseek-v3.2,train_kb,conservative_noisy_or_conflict_adjusted,TechNova Tablet Plus 180,has_storage_gb,64,technova tablet plus 180|has_storage_gb|64,0.98,product_180,structured,structured_row:TechNova Tablet Plus 180,structured,1
DEC036_B_deepseek-v3.2,train_kb,conservative_noisy_or_conflict_adjusted,TechNova Tablet Plus 180,has_battery_life_hours,10,technova tablet plus 180|has_battery_life_hours|10,0.98,product_180,structured,structured_row:TechNova Tablet Plus 180,structured,1
DEC036_B_deepseek-v3.2,train_kb,conservative_noisy_or_conflict_adjusted,TechNova Tablet Plus 180,has_weight_kg,0.23,technova tablet plus 180|has_weight_kg|0.23,0.98,product_180,structured,structured_row:TechNova Tablet Plus 180,structured,1
DEC036_B_deepseek-v3.2,train_kb,conservative_noisy_or_conflict_adjusted,TechNova Tablet Plus 180,has_color,blue,technova tablet plus 180|has_color|blue,0.98,product_180,structured,structured_row:TechNova Tablet Plus 180,structured,1
DEC036_B_deepseek-v3.2,train_kb,conservative_noisy_or_conflict_adjusted,TechNova Tablet Plus 180,made_of_material,plastic,technova tablet plus 180|made_of_material|plastic,0.98,product_180,structured,structured_row:TechNova Tablet Plus 180,structured,1
DEC036_B_deepseek-v3.2,train_kb,conservative_noisy_or_conflict_adjusted,TechNova Tablet Plus 180,target_market_region,EU,technova tablet plus 180|target_market_region|eu,0.98,product_180,structured,structured_row:TechNova Tablet Plus 180,structured,1
DEC036_B_deepseek-v3.2,train_kb,conservative_noisy_or_conflict_adjusted,TechNova Tablet Plus 180,supports_fast_charging,yes,technova tablet plus 180|supports_fast_charging|yes,0.98,product_180,structured,structured_row:TechNova Tablet Plus 180,structured,1
DEC036_B_deepseek-v3.2,train_kb,conservative_noisy_or_conflict_adjusted,TechNova Tablet Plus 180,has_noise_cancellation,no,technova tablet plus 180|has_noise_cancellation|no,0.98,product_180,structured,structured_row:TechNova Tablet Plus 180,structured,1
DEC036_B_deepseek-v3.2,train_kb,conservative_noisy_or_conflict_adjusted,TechNova Tablet Plus 180,manufactured_by,TechNova,technova tablet plus 180|manufactured_by|technova,0.95,product_180,unstructured,LP=0.999995;LPO=0.999998|TechNova Tablet Plus 180 is manufactured by TechNova. It is a tablet device. Comes with 16GB of RAM. Offers 64GB of internal storage. Battery lasts up to 10 hours. Weighs approximately 0.23kg. Built with plastic construction.,unstructured,1
DEC036_B_deepseek-v3.2,train_kb,conservative_noisy_or_conflict_adjusted,TechNova Tablet Plus 180,has_ram_gb,16,technova tablet plus 180|has_ram_gb|16,0.93,product_180,unstructured,LP=0.903888;LPO=0.999996|TechNova Tablet Plus 180 is manufactured by TechNova. It is a tablet device. Comes with 16GB of RAM. Offers 64GB of internal storage. Battery lasts up to 10 hours. Weighs approximately 0.23kg. Built with plastic construction.,unstructured,1
DEC036_B_deepseek-v3.2,train_kb,conservative_noisy_or_conflict_adjusted,TechNova Tablet Plus 180,has_storage_gb,64,technova tablet plus 180|has_storage_gb|64,0.93,product_180,unstructured,LP=0.999977;LPO=0.999998|TechNova Tablet Plus 180 is manufactured by TechNova. It is a tablet device. Comes with 16GB of RAM. Offers 64GB of internal storage. Battery lasts up to 10 hours. Weighs approximately 0.23kg. Built with plastic construction.,unstructured,1
DEC036_B_deepseek-v3.2,train_kb,conservative_noisy_or_conflict_adjusted,TechNova Tablet Plus 180,has_battery_life_hours,10,technova tablet plus 180|has_battery_life_hours|10,0.9,product_180,unstructured,LP=0.999969;LPO=0.999875|TechNova Tablet Plus 180 is manufactured by TechNova. It is a tablet device. Comes with 16GB of RAM. Offers 64GB of internal storage. Battery lasts up to 10 hours. Weighs approximately 0.23kg. Built with plastic construction.,unstructured,1
DEC036_B_deepseek-v3.2,train_kb,conservative_noisy_or_conflict_adjusted,TechNova Tablet Plus 180,has_weight_kg,0.23,technova tablet plus 180|has_weight_kg|0.23,0.89,product_180,unstructured,LP=0.999997;LPO=0.999992|TechNova Tablet Plus 180 is manufactured by TechNova. It is a tablet device. Comes with 16GB of RAM. Offers 64GB of internal storage. Battery lasts up to 10 hours. Weighs approximately 0.23kg. Built with plastic construction.,unstructured,1
DEC036_B_deepseek-v3.2,train_kb,conservative_noisy_or_conflict_adjusted,TechNova Tablet Plus 180,made_of_material,plastic,technova tablet plus 180|made_of_material|plastic,0.92,product_180,unstructured,LP=0.999850;LPO=0.999905|TechNova Tablet Plus 180 is manufactured by TechNova. It is a tablet device. Comes with 16GB of RAM. Offers 64GB of internal storage. Battery lasts up to 10 hours. Weighs approximately 0.23kg. Built with plastic construction.,unstructured,1
DEC036_B_deepseek-v3.2,train_kb,conservative_noisy_or_conflict_adjusted,VoltEdge Smartwatch Lite 181,manufactured_by,VoltEdge,voltedge smartwatch lite 181|manufactured_by|voltedge,0.98,product_181,structured,structured_row:VoltEdge Smartwatch Lite 181,structured,1
DEC036_B_deepseek-v3.2,train_kb,conservative_noisy_or_conflict_adjusted,VoltEdge Smartwatch Lite 181,belongs_to_category,smartwatch,voltedge smartwatch lite 181|belongs_to_category|smartwatch,0.98,product_181,structured,structured_row:VoltEdge Smartwatch Lite 181,structured,1
DEC036_B_deepseek-v3.2,train_kb,conservative_noisy_or_conflict_adjusted,VoltEdge Smartwatch Lite 181,has_price_usd,499,voltedge smartwatch lite 181|has_price_usd|499,0.98,product_181,structured,structured_row:VoltEdge Smartwatch Lite 181,structured,1
DEC036_B_deepseek-v3.2,train_kb,conservative_noisy_or_conflict_adjusted,VoltEdge Smartwatch Lite 181,has_screen_size_inch,14.0,voltedge smartwatch lite 181|has_screen_size_inch|14.0,0.98,product_181,structured,structured_row:VoltEdge Smartwatch Lite 181,structured,1
DEC036_B_deepseek-v3.2,train_kb,conservative_noisy_or_conflict_adjusted,VoltEdge Smartwatch Lite 181,has_ram_gb,16,voltedge smartwatch lite 181|has_ram_gb|16,0.98,product_181,structured,structured_row:VoltEdge Smartwatch Lite 181,structured,1
DEC036_B_deepseek-v3.2,train_kb,conservative_noisy_or_conflict_adjusted,VoltEdge Smartwatch Lite 181,has_storage_gb,128,voltedge smartwatch lite 181|has_storage_gb|128,0.98,product_181,structured,structured_row:VoltEdge Smartwatch Lite 181,structured,1
DEC036_B_deepseek-v3.2,train_kb,conservative_noisy_or_conflict_adjusted,VoltEdge Smartwatch Lite 181,has_battery_life_hours,14,voltedge smartwatch lite 181|has_battery_life_hours|14,0.98,product_181,structured,structured_row:VoltEdge Smartwatch Lite 181,structured,1
DEC036_B_deepseek-v3.2,train_kb,conservative_noisy_or_conflict_adjusted,VoltEdge Smartwatch Lite 181,has_weight_kg,0.42,voltedge smartwatch lite 181|has_weight_kg|0.42,0.98,product_181,structured,structured_row:VoltEdge Smartwatch Lite 181,structured,1
DEC036_B_deepseek-v3.2,train_kb,conservative_noisy_or_conflict_adjusted,VoltEdge Smartwatch Lite 181,has_color,black,voltedge smartwatch lite 181|has_color|black,0.98,product_181,structured,structured_row:VoltEdge Smartwatch Lite 181,structured,1
DEC036_B_deepseek-v3.2,train_kb,conservative_noisy_or_conflict_adjusted,VoltEdge Smartwatch Lite 181,made_of_material,plastic,voltedge smartwatch lite 181|made_of_material|plastic,0.98,product_181,structured,structured_row:VoltEdge Smartwatch Lite 181,structured,1
DEC036_B_deepseek-v3.2,train_kb,conservative_noisy_or_conflict_adjusted,VoltEdge Smartwatch Lite 181,target_market_region,US,voltedge smartwatch lite 181|target_market_region|us,0.98,product_181,structured,structured_row:VoltEdge Smartwatch Lite 181,structured,1
DEC036_B_deepseek-v3.2,train_kb,conservative_noisy_or_conflict_adjusted,VoltEdge Smartwatch Lite 181,supports_fast_charging,no,voltedge smartwatch lite 181|supports_fast_charging|no,0.98,product_181,structured,structured_row:VoltEdge Smartwatch Lite 181,structured,1
DEC036_B_deepseek-v3.2,train_kb,conservative_noisy_or_conflict_adjusted,VoltEdge Smartwatch Lite 181,has_noise_cancellation,no,voltedge smartwatch lite 181|has_noise_cancellation|no,0.98,product_181,structured,structured_row:VoltEdge Smartwatch Lite 181,structured,1
DEC036_B_deepseek-v3.2,train_kb,conservative_noisy_or_conflict_adjusted,VoltEdge Smartwatch Lite 181,manufactured_by,VoltEdge,voltedge smartwatch lite 181|manufactured_by|voltedge,0.94,product_181,unstructured,LP=0.999985;LPO=0.999990|VoltEdge Smartwatch Lite 181 is manufactured by VoltEdge. Priced at 499 USD. The display measures 14.0 inches. Available in black. Built with plastic construction. Fast charging is no. Noise cancellation: no.,unstructured,1
DEC036_B_deepseek-v3.2,train_kb,conservative_noisy_or_conflict_adjusted,VoltEdge Smartwatch Lite 181,has_price_usd,499,voltedge smartwatch lite 181|has_price_usd|499,0.93,product_181,unstructured,LP=0.999969;LPO=0.999982|VoltEdge Smartwatch Lite 181 is manufactured by VoltEdge. Priced at 499 USD. The display measures 14.0 inches. Available in black. Built with plastic construction. Fast charging is no. Noise cancellation: no.,unstructured,1
DEC036_B_deepseek-v3.2,train_kb,conservative_noisy_or_conflict_adjusted,VoltEdge Smartwatch Lite 181,has_screen_size_inch,14.0,voltedge smartwatch lite 181|has_screen_size_inch|14.0,0.92,product_181,unstructured,LP=0.999982;LPO=0.999843|VoltEdge Smartwatch Lite 181 is manufactured by VoltEdge. Priced at 499 USD. The display measures 14.0 inches. Available in black. Built with plastic construction. Fast charging is no. Noise cancellation: no.,unstructured,1
DEC036_B_deepseek-v3.2,train_kb,conservative_noisy_or_conflict_adjusted,VoltEdge Smartwatch Lite 181,has_color,black,voltedge smartwatch lite 181|has_color|black,0.91,product_181,unstructured,LP=0.999981;LPO=0.999991|VoltEdge Smartwatch Lite 181 is manufactured by VoltEdge. Priced at 499 USD. The display measures 14.0 inches. Available in black. Built with plastic construction. Fast charging is no. Noise cancellation: no.,unstructured,1
DEC036_B_deepseek-v3.2,train_kb,conservative_noisy_or_conflict_adjusted,VoltEdge Smartwatch Lite 181,made_of_material,plastic,voltedge smartwatch lite 181|made_of_material|plastic,0.9,product_181,unstructured,LP=0.999986;LPO=0.999987|VoltEdge Smartwatch Lite 181 is manufactured by VoltEdge. Priced at 499 USD. The display measures 14.0 inches. Available in black. Built with plastic construction. Fast charging is no. Noise cancellation: no.,unstructured,1
DEC036_B_deepseek-v3.2,train_kb,conservative_noisy_or_conflict_adjusted,VoltEdge Smartwatch Lite 181,supports_fast_charging,no,voltedge smartwatch lite 181|supports_fast_charging|no,0.89,product_181,unstructured,LP=0.999641;LPO=0.994734|VoltEdge Smartwatch Lite 181 is manufactured by VoltEdge. Priced at 499 USD. The display measures 14.0 inches. Available in black. Built with plastic construction. Fast charging is no. Noise cancellation: no.,unstructured,1
DEC036_B_deepseek-v3.2,train_kb,conservative_noisy_or_conflict_adjusted,VoltEdge Smartwatch Lite 181,has_noise_cancellation,no,voltedge smartwatch lite 181|has_noise_cancellation|no,0.88,product_181,unstructured,LP=0.999936;LPO=1.000000|VoltEdge Smartwatch Lite 181 is manufactured by VoltEdge. Priced at 499 USD. The display measures 14.0 inches. Available in black. Built with plastic construction. Fast charging is no. Noise cancellation: no.,unstructured,1
DEC036_B_deepseek-v3.2,train_kb,conservative_noisy_or_conflict_adjusted,PixelWare Smartphone Lite 182,manufactured_by,PixelWare,pixelware smartphone lite 182|manufactured_by|pixelware,0.98,product_182,structured,structured_row:PixelWare Smartphone Lite 182,structured,1
DEC036_B_deepseek-v3.2,train_kb,conservative_noisy_or_conflict_adjusted,PixelWare Smartphone Lite 182,belongs_to_category,smartphone,pixelware smartphone lite 182|belongs_to_category|smartphone,0.98,product_182,structured,structured_row:PixelWare Smartphone Lite 182,structured,1
DEC036_B_deepseek-v3.2,train_kb,conservative_noisy_or_conflict_adjusted,PixelWare Smartphone Lite 182,has_price_usd,199,pixelware smartphone lite 182|has_price_usd|199,0.98,product_182,structured,structured_row:PixelWare Smartphone Lite 182,structured,1
DEC036_B_deepseek-v3.2,train_kb,conservative_noisy_or_conflict_adjusted,PixelWare Smartphone Lite 182,has_screen_size_inch,15.6,pixelware smartphone lite 182|has_screen_size_inch|15.6,0.98,product_182,structured,structured_row:PixelWare Smartphone Lite 182,structured,1
DEC036_B_deepseek-v3.2,train_kb,conservative_noisy_or_conflict_adjusted,PixelWare Smartphone Lite 182,has_ram_gb,32,pixelware smartphone lite 182|has_ram_gb|32,0.98,product_182,structured,structured_row:PixelWare Smartphone Lite 182,structured,1
DEC036_B_deepseek-v3.2,train_kb,conservative_noisy_or_conflict_adjusted,PixelWare Smartphone Lite 182,has_storage_gb,512,pixelware smartphone lite 182|has_storage_gb|512,0.98,product_182,structured,structured_row:PixelWare Smartphone Lite 182,structured,1
DEC036_B_deepseek-v3.2,train_kb,conservative_noisy_or_conflict_adjusted,PixelWare Smartphone Lite 182,has_battery_life_hours,24,pixelware smartphone lite 182|has_battery_life_hours|24,0.98,product_182,structured,structured_row:PixelWare Smartphone Lite 182,structured,1
DEC036_B_deepseek-v3.2,train_kb,conservative_noisy_or_conflict_adjusted,PixelWare Smartphone Lite 182,has_weight_kg,1.45,pixelware smartphone lite 182|has_weight_kg|1.45,0.98,product_182,structured,structured_row:PixelWare Smartphone Lite 182,structured,1
DEC036_B_deepseek-v3.2,train_kb,conservative_noisy_or_conflict_adjusted,PixelWare Smartphone Lite 182,has_color,green,pixelware smartphone lite 182|has_color|green,0.98,product_182,structured,structured_row:PixelWare Smartphone Lite 182,structured,1
DEC036_B_deepseek-v3.2,train_kb,conservative_noisy_or_conflict_adjusted,PixelWare Smartphone Lite 182,made_of_material,plastic,pixelware smartphone lite 182|made_of_material|plastic,0.98,product_182,structured,structured_row:PixelWare Smartphone Lite 182,structured,1
DEC036_B_deepseek-v3.2,train_kb,conservative_noisy_or_conflict_adjusted,PixelWare Smartphone Lite 182,target_market_region,EU,pixelware smartphone lite 182|target_market_region|eu,0.98,product_182,structured,structured_row:PixelWare Smartphone Lite 182,structured,1
DEC036_B_deepseek-v3.2,train_kb,conservative_noisy_or_conflict_adjusted,PixelWare Smartphone Lite 182,supports_fast_charging,no,pixelware smartphone lite 182|supports_fast_charging|no,0.98,product_182,structured,structured_row:PixelWare Smartphone Lite 182,structured,1
DEC036_B_deepseek-v3.2,train_kb,conservative_noisy_or_conflict_adjusted,PixelWare Smartphone Lite 182,has_noise_cancellation,no,pixelware smartphone lite 182|has_noise_cancellation|no,0.98,product_182,structured,structured_row:PixelWare Smartphone Lite 182,structured,1
DEC036_B_deepseek-v3.2,train_kb,conservative_noisy_or_conflict_adjusted,PixelWare Smartphone Lite 182,manufactured_by,PixelWare,pixelware smartphone lite 182|manufactured_by|pixelware,0.96,product_182,unstructured,LP=0.999996;LPO=0.999997|PixelWare Smartphone Lite 182 is manufactured by PixelWare. It is a smartphone device. The display measures 15.6 inches. Battery lasts up to 24 hours. Weighs approximately 1.45kg. Available in green. Fast charging is no.,unstructured,1
DEC036_B_deepseek-v3.2,train_kb,conservative_noisy_or_conflict_adjusted,PixelWare Smartphone Lite 182,has_screen_size_inch,15.6,pixelware smartphone lite 182|has_screen_size_inch|15.6,0.93,product_182,unstructured,LP=0.984353;LPO=0.999991|PixelWare Smartphone Lite 182 is manufactured by PixelWare. It is a smartphone device. The display measures 15.6 inches. Battery lasts up to 24 hours. Weighs approximately 1.45kg. Available in green. Fast charging is no.,unstructured,1
DEC036_B_deepseek-v3.2,train_kb,conservative_noisy_or_conflict_adjusted,PixelWare Smartphone Lite 182,has_battery_life_hours,24,pixelware smartphone lite 182|has_battery_life_hours|24,0.9,product_182,unstructured,LP=0.999976;LPO=0.999954|PixelWare Smartphone Lite 182 is manufactured by PixelWare. It is a smartphone device. The display measures 15.6 inches. Battery lasts up to 24 hours. Weighs approximately 1.45kg. Available in green. Fast charging is no.,unstructured,1
DEC036_B_deepseek-v3.2,train_kb,conservative_noisy_or_conflict_adjusted,PixelWare Smartphone Lite 182,has_weight_kg,1.45,pixelware smartphone lite 182|has_weight_kg|1.45,0.88,product_182,unstructured,LP=0.999982;LPO=0.999974|PixelWare Smartphone Lite 182 is manufactured by PixelWare. It is a smartphone device. The display measures 15.6 inches. Battery lasts up to 24 hours. Weighs approximately 1.45kg. Available in green. Fast charging is no.,unstructured,1
DEC036_B_deepseek-v3.2,train_kb,conservative_noisy_or_conflict_adjusted,PixelWare Smartphone Lite 182,has_color,green,pixelware smartphone lite 182|has_color|green,0.91,product_182,unstructured,LP=0.999997;LPO=0.999996|PixelWare Smartphone Lite 182 is manufactured by PixelWare. It is a smartphone device. The display measures 15.6 inches. Battery lasts up to 24 hours. Weighs approximately 1.45kg. Available in green. Fast charging is no.,unstructured,1
DEC036_B_deepseek-v3.2,train_kb,conservative_noisy_or_conflict_adjusted,PixelWare Smartphone Lite 182,supports_fast_charging,no,pixelware smartphone lite 182|supports_fast_charging|no,0.92,product_182,unstructured,LP=0.998658;LPO=0.981674|PixelWare Smartphone Lite 182 is manufactured by PixelWare. It is a smartphone device. The display measures 15.6 inches. Battery lasts up to 24 hours. Weighs approximately 1.45kg. Available in green. Fast charging is no.,unstructured,1
DEC036_B_deepseek-v3.2,train_kb,conservative_noisy_or_conflict_adjusted,TechNova Laptop Max 183,manufactured_by,TechNova,technova laptop max 183|manufactured_by|technova,0.98,product_183,structured,structured_row:TechNova Laptop Max 183,structured,1
DEC036_B_deepseek-v3.2,train_kb,conservative_noisy_or_conflict_adjusted,TechNova Laptop Max 183,belongs_to_category,laptop,technova laptop max 183|belongs_to_category|laptop,0.98,product_183,structured,structured_row:TechNova Laptop Max 183,structured,1
DEC036_B_deepseek-v3.2,train_kb,conservative_noisy_or_conflict_adjusted,TechNova Laptop Max 183,has_price_usd,1299,technova laptop max 183|has_price_usd|1299,0.98,product_183,structured,structured_row:TechNova Laptop Max 183,structured,1
DEC036_B_deepseek-v3.2,train_kb,conservative_noisy_or_conflict_adjusted,TechNova Laptop Max 183,has_screen_size_inch,11.0,technova laptop max 183|has_screen_size_inch|11.0,0.98,product_183,structured,structured_row:TechNova Laptop Max 183,structured,1
DEC036_B_deepseek-v3.2,train_kb,conservative_noisy_or_conflict_adjusted,TechNova Laptop Max 183,has_ram_gb,32,technova laptop max 183|has_ram_gb|32,0.98,product_183,structured,structured_row:TechNova Laptop Max 183,structured,1
DEC036_B_deepseek-v3.2,train_kb,conservative_noisy_or_conflict_adjusted,TechNova Laptop Max 183,has_storage_gb,256,technova laptop max 183|has_storage_gb|256,0.98,product_183,structured,structured_row:TechNova Laptop Max 183,structured,1
DEC036_B_deepseek-v3.2,train_kb,conservative_noisy_or_conflict_adjusted,TechNova Laptop Max 183,has_battery_life_hours,14,technova laptop max 183|has_battery_life_hours|14,0.98,product_183,structured,structured_row:TechNova Laptop Max 183,structured,1
DEC036_B_deepseek-v3.2,train_kb,conservative_noisy_or_conflict_adjusted,TechNova Laptop Max 183,has_weight_kg,1.45,technova laptop max 183|has_weight_kg|1.45,0.98,product_183,structured,structured_row:TechNova Laptop Max 183,structured,1
DEC036_B_deepseek-v3.2,train_kb,conservative_noisy_or_conflict_adjusted,TechNova Laptop Max 183,has_color,blue,technova laptop max 183|has_color|blue,0.98,product_183,structured,structured_row:TechNova Laptop Max 183,structured,1
DEC036_B_deepseek-v3.2,train_kb,conservative_noisy_or_conflict_adjusted,TechNova Laptop Max 183,made_of_material,aluminum,technova laptop max 183|made_of_material|aluminum,0.98,product_183,structured,structured_row:TechNova Laptop Max 183,structured,1
DEC036_B_deepseek-v3.2,train_kb,conservative_noisy_or_conflict_adjusted,TechNova Laptop Max 183,target_market_region,EU,technova laptop max 183|target_market_region|eu,0.98,product_183,structured,structured_row:TechNova Laptop Max 183,structured,1
DEC036_B_deepseek-v3.2,train_kb,conservative_noisy_or_conflict_adjusted,TechNova Laptop Max 183,supports_fast_charging,yes,technova laptop max 183|supports_fast_charging|yes,0.98,product_183,structured,structured_row:TechNova Laptop Max 183,structured,1
DEC036_B_deepseek-v3.2,train_kb,conservative_noisy_or_conflict_adjusted,TechNova Laptop Max 183,has_noise_cancellation,no,technova laptop max 183|has_noise_cancellation|no,0.98,product_183,structured,structured_row:TechNova Laptop Max 183,structured,1
DEC036_B_deepseek-v3.2,train_kb,conservative_noisy_or_conflict_adjusted,laptop,has_price_usd,1299,laptop|has_price_usd|1299,0.95,product_183,unstructured,LP=0.887070;LPO=0.999992|It is a laptop device. Priced at 1299 USD. Comes with 32GB of RAM. Battery lasts up to 14 hours. Available in blue. Built with aluminum construction. Fast charging is yes.,unstructured,1
DEC036_B_deepseek-v3.2,train_kb,conservative_noisy_or_conflict_adjusted,laptop,has_ram_gb,32,laptop|has_ram_gb|32,0.94,product_183,unstructured,LP=0.999981;LPO=0.999994|It is a laptop device. Priced at 1299 USD. Comes with 32GB of RAM. Battery lasts up to 14 hours. Available in blue. Built with aluminum construction. Fast charging is yes.,unstructured,1
DEC036_B_deepseek-v3.2,train_kb,conservative_noisy_or_conflict_adjusted,laptop,has_battery_life_hours,14,laptop|has_battery_life_hours|14,0.93,product_183,unstructured,LP=0.999983;LPO=0.999970|It is a laptop device. Priced at 1299 USD. Comes with 32GB of RAM. Battery lasts up to 14 hours. Available in blue. Built with aluminum construction. Fast charging is yes.,unstructured,1
DEC036_B_deepseek-v3.2,train_kb,conservative_noisy_or_conflict_adjusted,laptop,has_color,blue,laptop|has_color|blue,0.92,product_183,unstructured,LP=0.999985;LPO=0.999995|It is a laptop device. Priced at 1299 USD. Comes with 32GB of RAM. Battery lasts up to 14 hours. Available in blue. Built with aluminum construction. Fast charging is yes.,unstructured,1
DEC036_B_deepseek-v3.2,train_kb,conservative_noisy_or_conflict_adjusted,laptop,made_of_material,aluminum,laptop|made_of_material|aluminum,0.91,product_183,unstructured,LP=0.999953;LPO=0.999963|It is a laptop device. Priced at 1299 USD. Comes with 32GB of RAM. Battery lasts up to 14 hours. Available in blue. Built with aluminum construction. Fast charging is yes.,unstructured,1
DEC036_B_deepseek-v3.2,train_kb,conservative_noisy_or_conflict_adjusted,laptop,supports_fast_charging,yes,laptop|supports_fast_charging|yes,0.9,product_183,unstructured,LP=0.999021;LPO=0.991330|It is a laptop device. Priced at 1299 USD. Comes with 32GB of RAM. Battery lasts up to 14 hours. Available in blue. Built with aluminum construction. Fast charging is yes.,unstructured,1
DEC036_B_deepseek-v3.2,train_kb,conservative_noisy_or_conflict_adjusted,Auralex Smartwatch Air 185,manufactured_by,Auralex,auralex smartwatch air 185|manufactured_by|auralex,0.98,product_185,structured,structured_row:Auralex Smartwatch Air 185,structured,1
DEC036_B_deepseek-v3.2,train_kb,conservative_noisy_or_conflict_adjusted,Auralex Smartwatch Air 185,belongs_to_category,smartwatch,auralex smartwatch air 185|belongs_to_category|smartwatch,0.98,product_185,structured,structured_row:Auralex Smartwatch Air 185,structured,1
DEC036_B_deepseek-v3.2,train_kb,conservative_noisy_or_conflict_adjusted,Auralex Smartwatch Air 185,has_price_usd,1099,auralex smartwatch air 185|has_price_usd|1099,0.98,product_185,structured,structured_row:Auralex Smartwatch Air 185,structured,1
DEC036_B_deepseek-v3.2,train_kb,conservative_noisy_or_conflict_adjusted,Auralex Smartwatch Air 185,has_screen_size_inch,10.9,auralex smartwatch air 185|has_screen_size_inch|10.9,0.98,product_185,structured,structured_row:Auralex Smartwatch Air 185,structured,1
DEC036_B_deepseek-v3.2,train_kb,conservative_noisy_or_conflict_adjusted,Auralex Smartwatch Air 185,has_ram_gb,12,auralex smartwatch air 185|has_ram_gb|12,0.98,product_185,structured,structured_row:Auralex Smartwatch Air 185,structured,1
DEC036_B_deepseek-v3.2,train_kb,conservative_noisy_or_conflict_adjusted,Auralex Smartwatch Air 185,has_storage_gb,64,auralex smartwatch air 185|has_storage_gb|64,0.98,product_185,structured,structured_row:Auralex Smartwatch Air 185,structured,1
DEC036_B_deepseek-v3.2,train_kb,conservative_noisy_or_conflict_adjusted,Auralex Smartwatch Air 185,has_battery_life_hours,18,auralex smartwatch air 185|has_battery_life_hours|18,0.98,product_185,structured,structured_row:Auralex Smartwatch Air 185,structured,1
DEC036_B_deepseek-v3.2,train_kb,conservative_noisy_or_conflict_adjusted,Auralex Smartwatch Air 185,has_weight_kg,0.42,auralex smartwatch air 185|has_weight_kg|0.42,0.98,product_185,structured,structured_row:Auralex Smartwatch Air 185,structured,1
DEC036_B_deepseek-v3.2,train_kb,conservative_noisy_or_conflict_adjusted,Auralex Smartwatch Air 185,has_color,silver,auralex smartwatch air 185|has_color|silver,0.98,product_185,structured,structured_row:Auralex Smartwatch Air 185,structured,1
DEC036_B_deepseek-v3.2,train_kb,conservative_noisy_or_conflict_adjusted,Auralex Smartwatch Air 185,made_of_material,aluminum,auralex smartwatch air 185|made_of_material|aluminum,0.98,product_185,structured,structured_row:Auralex Smartwatch Air 185,structured,1
DEC036_B_deepseek-v3.2,train_kb,conservative_noisy_or_conflict_adjusted,Auralex Smartwatch Air 185,target_market_region,US,auralex smartwatch air 185|target_market_region|us,0.98,product_185,structured,structured_row:Auralex Smartwatch Air 185,structured,1
DEC036_B_deepseek-v3.2,train_kb,conservative_noisy_or_conflict_adjusted,Auralex Smartwatch Air 185,supports_fast_charging,yes,auralex smartwatch air 185|supports_fast_charging|yes,0.98,product_185,structured,structured_row:Auralex Smartwatch Air 185,structured,1
DEC036_B_deepseek-v3.2,train_kb,conservative_noisy_or_conflict_adjusted,Auralex Smartwatch Air 185,has_noise_cancellation,no,auralex smartwatch air 185|has_noise_cancellation|no,0.98,product_185,structured,structured_row:Auralex Smartwatch Air 185,structured,1
DEC036_B_deepseek-v3.2,train_kb,conservative_noisy_or_conflict_adjusted,smartwatch device,has_ram_gb,12,smartwatch device|has_ram_gb|12,0.92,product_185,unstructured,LP=0.984652;LPO=0.999997|It is a smartwatch device. Comes with 12GB of RAM. Weighs approximately 0.42kg. Available in silver. Targeted at the US market. Fast charging is yes. Noise cancellation: no.,unstructured,1
DEC036_B_deepseek-v3.2,train_kb,conservative_noisy_or_conflict_adjusted,smartwatch device,has_weight_kg,0.42,smartwatch device|has_weight_kg|0.42,0.91,product_185,unstructured,LP=0.999974;LPO=0.999981|It is a smartwatch device. Comes with 12GB of RAM. Weighs approximately 0.42kg. Available in silver. Targeted at the US market. Fast charging is yes. Noise cancellation: no.,unstructured,1
DEC036_B_deepseek-v3.2,train_kb,conservative_noisy_or_conflict_adjusted,smartwatch device,has_color,silver,smartwatch device|has_color|silver,0.9,product_185,unstructured,LP=0.999938;LPO=0.999961|It is a smartwatch device. Comes with 12GB of RAM. Weighs approximately 0.42kg. Available in silver. Targeted at the US market. Fast charging is yes. Noise cancellation: no.,unstructured,1
DEC036_B_deepseek-v3.2,train_kb,conservative_noisy_or_conflict_adjusted,smartwatch device,target_market_region,US,smartwatch device|target_market_region|us,0.92,product_185,unstructured,LP=0.999968;LPO=0.999904|It is a smartwatch device. Comes with 12GB of RAM. Weighs approximately 0.42kg. Available in silver. Targeted at the US market. Fast charging is yes. Noise cancellation: no.,unstructured,1
DEC036_B_deepseek-v3.2,train_kb,conservative_noisy_or_conflict_adjusted,smartwatch device,supports_fast_charging,yes,smartwatch device|supports_fast_charging|yes,0.93,product_185,unstructured,LP=0.999740;LPO=0.997441|It is a smartwatch device. Comes with 12GB of RAM. Weighs approximately 0.42kg. Available in silver. Targeted at the US market. Fast charging is yes. Noise cancellation: no.,unstructured,1
DEC036_B_deepseek-v3.2,train_kb,conservative_noisy_or_conflict_adjusted,smartwatch device,has_noise_cancellation,no,smartwatch device|has_noise_cancellation|no,0.92,product_185,unstructured,LP=0.999995;LPO=0.999988|It is a smartwatch device. Comes with 12GB of RAM. Weighs approximately 0.42kg. Available in silver. Targeted at the US market. Fast charging is yes. Noise cancellation: no.,unstructured,1
DEC036_B_deepseek-v3.2,train_kb,conservative_noisy_or_conflict_adjusted,TechNova Headphones Lite 186,manufactured_by,TechNova,technova headphones lite 186|manufactured_by|technova,0.98,product_186,structured,structured_row:TechNova Headphones Lite 186,structured,1
DEC036_B_deepseek-v3.2,train_kb,conservative_noisy_or_conflict_adjusted,TechNova Headphones Lite 186,belongs_to_category,headphones,technova headphones lite 186|belongs_to_category|headphones,0.98,product_186,structured,structured_row:TechNova Headphones Lite 186,structured,1
DEC036_B_deepseek-v3.2,train_kb,conservative_noisy_or_conflict_adjusted,TechNova Headphones Lite 186,has_price_usd,299,technova headphones lite 186|has_price_usd|299,0.98,product_186,structured,structured_row:TechNova Headphones Lite 186,structured,1
DEC036_B_deepseek-v3.2,train_kb,conservative_noisy_or_conflict_adjusted,TechNova Headphones Lite 186,has_screen_size_inch,6.1,technova headphones lite 186|has_screen_size_inch|6.1,0.98,product_186,structured,structured_row:TechNova Headphones Lite 186,structured,1
DEC036_B_deepseek-v3.2,train_kb,conservative_noisy_or_conflict_adjusted,TechNova Headphones Lite 186,has_ram_gb,32,technova headphones lite 186|has_ram_gb|32,0.98,product_186,structured,structured_row:TechNova Headphones Lite 186,structured,1
DEC036_B_deepseek-v3.2,train_kb,conservative_noisy_or_conflict_adjusted,TechNova Headphones Lite 186,has_storage_gb,128,technova headphones lite 186|has_storage_gb|128,0.98,product_186,structured,structured_row:TechNova Headphones Lite 186,structured,1
DEC036_B_deepseek-v3.2,train_kb,conservative_noisy_or_conflict_adjusted,TechNova Headphones Lite 186,has_battery_life_hours,12,technova headphones lite 186|has_battery_life_hours|12,0.98,product_186,structured,structured_row:TechNova Headphones Lite 186,structured,1
DEC036_B_deepseek-v3.2,train_kb,conservative_noisy_or_conflict_adjusted,TechNova Headphones Lite 186,has_weight_kg,0.55,technova headphones lite 186|has_weight_kg|0.55,0.98,product_186,structured,structured_row:TechNova Headphones Lite 186,structured,1
DEC036_B_deepseek-v3.2,train_kb,conservative_noisy_or_conflict_adjusted,TechNova Headphones Lite 186,has_color,green,technova headphones lite 186|has_color|green,0.98,product_186,structured,structured_row:TechNova Headphones Lite 186,structured,1
DEC036_B_deepseek-v3.2,train_kb,conservative_noisy_or_conflict_adjusted,TechNova Headphones Lite 186,made_of_material,aluminum,technova headphones lite 186|made_of_material|aluminum,0.98,product_186,structured,structured_row:TechNova Headphones Lite 186,structured,1
DEC036_B_deepseek-v3.2,train_kb,conservative_noisy_or_conflict_adjusted,TechNova Headphones Lite 186,target_market_region,US,technova headphones lite 186|target_market_region|us,0.98,product_186,structured,structured_row:TechNova Headphones Lite 186,structured,1
DEC036_B_deepseek-v3.2,train_kb,conservative_noisy_or_conflict_adjusted,TechNova Headphones Lite 186,supports_fast_charging,yes,technova headphones lite 186|supports_fast_charging|yes,0.98,product_186,structured,structured_row:TechNova Headphones Lite 186,structured,1
DEC036_B_deepseek-v3.2,train_kb,conservative_noisy_or_conflict_adjusted,TechNova Headphones Lite 186,has_noise_cancellation,no,technova headphones lite 186|has_noise_cancellation|no,0.98,product_186,structured,structured_row:TechNova Headphones Lite 186,structured,1
DEC036_B_deepseek-v3.2,train_kb,conservative_noisy_or_conflict_adjusted,TechNova Headphones Lite 186,manufactured_by,TechNova,technova headphones lite 186|manufactured_by|technova,0.96,product_186,unstructured,LP=0.999997;LPO=0.999997|TechNova Headphones Lite 186 is manufactured by TechNova. Priced at 299 USD. The display measures 6.1 inches. Comes with 32GB of RAM. Battery lasts up to 12 hours. Weighs approximately 0.55kg. Targeted at the US market.,unstructured,1
DEC036_B_deepseek-v3.2,train_kb,conservative_noisy_or_conflict_adjusted,TechNova Headphones Lite 186,has_price_usd,299,technova headphones lite 186|has_price_usd|299,0.94,product_186,unstructured,LP=0.999801;LPO=0.999991|TechNova Headphones Lite 186 is manufactured by TechNova. Priced at 299 USD. The display measures 6.1 inches. Comes with 32GB of RAM. Battery lasts up to 12 hours. Weighs approximately 0.55kg. Targeted at the US market.,unstructured,1
DEC036_B_deepseek-v3.2,train_kb,conservative_noisy_or_conflict_adjusted,TechNova Headphones Lite 186,has_screen_size_inch,6.1,technova headphones lite 186|has_screen_size_inch|6.1,0.91,product_186,unstructured,LP=0.999778;LPO=0.999997|TechNova Headphones Lite 186 is manufactured by TechNova. Priced at 299 USD. The display measures 6.1 inches. Comes with 32GB of RAM. Battery lasts up to 12 hours. Weighs approximately 0.55kg. Targeted at the US market.,unstructured,1
DEC036_B_deepseek-v3.2,train_kb,conservative_noisy_or_conflict_adjusted,TechNova Headphones Lite 186,has_ram_gb,32,technova headphones lite 186|has_ram_gb|32,0.92,product_186,unstructured,LP=0.999994;LPO=1.000000|TechNova Headphones Lite 186 is manufactured by TechNova. Priced at 299 USD. The display measures 6.1 inches. Comes with 32GB of RAM. Battery lasts up to 12 hours. Weighs approximately 0.55kg. Targeted at the US market.,unstructured,1
DEC036_B_deepseek-v3.2,train_kb,conservative_noisy_or_conflict_adjusted,TechNova Headphones Lite 186,has_battery_life_hours,12,technova headphones lite 186|has_battery_life_hours|12,0.9,product_186,unstructured,LP=0.999994;LPO=0.999978|TechNova Headphones Lite 186 is manufactured by TechNova. Priced at 299 USD. The display measures 6.1 inches. Comes with 32GB of RAM. Battery lasts up to 12 hours. Weighs approximately 0.55kg. Targeted at the US market.,unstructured,1
DEC036_B_deepseek-v3.2,train_kb,conservative_noisy_or_conflict_adjusted,TechNova Headphones Lite 186,has_weight_kg,0.55,technova headphones lite 186|has_weight_kg|0.55,0.91,product_186,unstructured,LP=0.999994;LPO=0.999993|TechNova Headphones Lite 186 is manufactured by TechNova. Priced at 299 USD. The display measures 6.1 inches. Comes with 32GB of RAM. Battery lasts up to 12 hours. Weighs approximately 0.55kg. Targeted at the US market.,unstructured,1
DEC036_B_deepseek-v3.2,train_kb,conservative_noisy_or_conflict_adjusted,TechNova Headphones Lite 186,target_market_region,US,technova headphones lite 186|target_market_region|us,0.93,product_186,unstructured,LP=0.999995;LPO=0.999955|TechNova Headphones Lite 186 is manufactured by TechNova. Priced at 299 USD. The display measures 6.1 inches. Comes with 32GB of RAM. Battery lasts up to 12 hours. Weighs approximately 0.55kg. Targeted at the US market.,unstructured,1
DEC036_B_deepseek-v3.2,train_kb,conservative_noisy_or_conflict_adjusted,Auralex Tablet Pro 187,manufactured_by,Auralex,auralex tablet pro 187|manufactured_by|auralex,0.98,product_187,structured,structured_row:Auralex Tablet Pro 187,structured,1
DEC036_B_deepseek-v3.2,train_kb,conservative_noisy_or_conflict_adjusted,Auralex Tablet Pro 187,belongs_to_category,tablet,auralex tablet pro 187|belongs_to_category|tablet,0.98,product_187,structured,structured_row:Auralex Tablet Pro 187,structured,1
DEC036_B_deepseek-v3.2,train_kb,conservative_noisy_or_conflict_adjusted,Auralex Tablet Pro 187,has_price_usd,349,auralex tablet pro 187|has_price_usd|349,0.98,product_187,structured,structured_row:Auralex Tablet Pro 187,structured,1
DEC036_B_deepseek-v3.2,train_kb,conservative_noisy_or_conflict_adjusted,Auralex Tablet Pro 187,has_screen_size_inch,6.7,auralex tablet pro 187|has_screen_size_inch|6.7,0.98,product_187,structured,structured_row:Auralex Tablet Pro 187,structured,1
DEC036_B_deepseek-v3.2,train_kb,conservative_noisy_or_conflict_adjusted,Auralex Tablet Pro 187,has_ram_gb,6,auralex tablet pro 187|has_ram_gb|6,0.98,product_187,structured,structured_row:Auralex Tablet Pro 187,structured,1
DEC036_B_deepseek-v3.2,train_kb,conservative_noisy_or_conflict_adjusted,Auralex Tablet Pro 187,has_storage_gb,512,auralex tablet pro 187|has_storage_gb|512,0.98,product_187,structured,structured_row:Auralex Tablet Pro 187,structured,1
DEC036_B_deepseek-v3.2,train_kb,conservative_noisy_or_conflict_adjusted,Auralex Tablet Pro 187,has_battery_life_hours,12,auralex tablet pro 187|has_battery_life_hours|12,0.98,product_187,structured,structured_row:Auralex Tablet Pro 187,structured,1
DEC036_B_deepseek-v3.2,train_kb,conservative_noisy_or_conflict_adjusted,Auralex Tablet Pro 187,has_weight_kg,1.45,auralex tablet pro 187|has_weight_kg|1.45,0.98,product_187,structured,structured_row:Auralex Tablet Pro 187,structured,1
DEC036_B_deepseek-v3.2,train_kb,conservative_noisy_or_conflict_adjusted,Auralex Tablet Pro 187,has_color,silver,auralex tablet pro 187|has_color|silver,0.98,product_187,structured,structured_row:Auralex Tablet Pro 187,structured,1
DEC036_B_deepseek-v3.2,train_kb,conservative_noisy_or_conflict_adjusted,Auralex Tablet Pro 187,made_of_material,aluminum,auralex tablet pro 187|made_of_material|aluminum,0.98,product_187,structured,structured_row:Auralex Tablet Pro 187,structured,1
DEC036_B_deepseek-v3.2,train_kb,conservative_noisy_or_conflict_adjusted,Auralex Tablet Pro 187,target_market_region,EU,auralex tablet pro 187|target_market_region|eu,0.98,product_187,structured,structured_row:Auralex Tablet Pro 187,structured,1
DEC036_B_deepseek-v3.2,train_kb,conservative_noisy_or_conflict_adjusted,Auralex Tablet Pro 187,supports_fast_charging,yes,auralex tablet pro 187|supports_fast_charging|yes,0.98,product_187,structured,structured_row:Auralex Tablet Pro 187,structured,1
DEC036_B_deepseek-v3.2,train_kb,conservative_noisy_or_conflict_adjusted,Auralex Tablet Pro 187,has_noise_cancellation,no,auralex tablet pro 187|has_noise_cancellation|no,0.98,product_187,structured,structured_row:Auralex Tablet Pro 187,structured,1
DEC036_B_deepseek-v3.2,train_kb,conservative_noisy_or_conflict_adjusted,Auralex Tablet Pro 187,manufactured_by,Auralex,auralex tablet pro 187|manufactured_by|auralex,0.93,product_187,unstructured,LP=0.999994;LPO=0.999997|Auralex Tablet Pro 187 is manufactured by Auralex. It is a tablet device. Comes with 6GB of RAM. Weighs approximately 1.45kg. Built with aluminum construction. Fast charging is yes. Noise cancellation: no.,unstructured,1
DEC036_B_deepseek-v3.2,train_kb,conservative_noisy_or_conflict_adjusted,Auralex Tablet Pro 187,belongs_to_category,tablet device,auralex tablet pro 187|belongs_to_category|tablet device,0.9,product_187,unstructured,LP=0.994553;LPO=0.985662|Auralex Tablet Pro 187 is manufactured by Auralex. It is a tablet device. Comes with 6GB of RAM. Weighs approximately 1.45kg. Built with aluminum construction. Fast charging is yes. Noise cancellation: no.,unstructured,1
DEC036_B_deepseek-v3.2,train_kb,conservative_noisy_or_conflict_adjusted,Auralex Tablet Pro 187,has_ram_gb,6,auralex tablet pro 187|has_ram_gb|6,0.92,product_187,unstructured,LP=0.999718;LPO=0.999998|Auralex Tablet Pro 187 is manufactured by Auralex. It is a tablet device. Comes with 6GB of RAM. Weighs approximately 1.45kg. Built with aluminum construction. Fast charging is yes. Noise cancellation: no.,unstructured,1
DEC036_B_deepseek-v3.2,train_kb,conservative_noisy_or_conflict_adjusted,Auralex Tablet Pro 187,has_weight_kg,1.45,auralex tablet pro 187|has_weight_kg|1.45,0.91,product_187,unstructured,LP=0.999954;LPO=0.999437|Auralex Tablet Pro 187 is manufactured by Auralex. It is a tablet device. Comes with 6GB of RAM. Weighs approximately 1.45kg. Built with aluminum construction. Fast charging is yes. Noise cancellation: no.,unstructured,1
DEC036_B_deepseek-v3.2,train_kb,conservative_noisy_or_conflict_adjusted,Auralex Tablet Pro 187,made_of_material,aluminum,auralex tablet pro 187|made_of_material|aluminum,0.92,product_187,unstructured,LP=0.999992;LPO=0.999988|Auralex Tablet Pro 187 is manufactured by Auralex. It is a tablet device. Comes with 6GB of RAM. Weighs approximately 1.45kg. Built with aluminum construction. Fast charging is yes. Noise cancellation: no.,unstructured,1
DEC036_B_deepseek-v3.2,train_kb,conservative_noisy_or_conflict_adjusted,Auralex Tablet Pro 187,supports_fast_charging,yes,auralex tablet pro 187|supports_fast_charging|yes,0.92,product_187,unstructured,LP=0.999360;LPO=0.991088|Auralex Tablet Pro 187 is manufactured by Auralex. It is a tablet device. Comes with 6GB of RAM. Weighs approximately 1.45kg. Built with aluminum construction. Fast charging is yes. Noise cancellation: no.,unstructured,1
DEC036_B_deepseek-v3.2,train_kb,conservative_noisy_or_conflict_adjusted,Auralex Tablet Pro 187,has_noise_cancellation,no,auralex tablet pro 187|has_noise_cancellation|no,0.93,product_187,unstructured,LP=0.999993;LPO=0.999938|Auralex Tablet Pro 187 is manufactured by Auralex. It is a tablet device. Comes with 6GB of RAM. Weighs approximately 1.45kg. Built with aluminum construction. Fast charging is yes. Noise cancellation: no.,unstructured,1
DEC036_B_deepseek-v3.2,train_kb,conservative_noisy_or_conflict_adjusted,PixelWare Tablet Pro 188,manufactured_by,PixelWare,pixelware tablet pro 188|manufactured_by|pixelware,0.98,product_188,structured,structured_row:PixelWare Tablet Pro 188,structured,1
DEC036_B_deepseek-v3.2,train_kb,conservative_noisy_or_conflict_adjusted,PixelWare Tablet Pro 188,belongs_to_category,tablet,pixelware tablet pro 188|belongs_to_category|tablet,0.98,product_188,structured,structured_row:PixelWare Tablet Pro 188,structured,1
DEC036_B_deepseek-v3.2,train_kb,conservative_noisy_or_conflict_adjusted,PixelWare Tablet Pro 188,has_price_usd,1099,pixelware tablet pro 188|has_price_usd|1099,0.98,product_188,structured,structured_row:PixelWare Tablet Pro 188,structured,1
DEC036_B_deepseek-v3.2,train_kb,conservative_noisy_or_conflict_adjusted,PixelWare Tablet Pro 188,has_screen_size_inch,6.1,pixelware tablet pro 188|has_screen_size_inch|6.1,0.98,product_188,structured,structured_row:PixelWare Tablet Pro 188,structured,1
DEC036_B_deepseek-v3.2,train_kb,conservative_noisy_or_conflict_adjusted,PixelWare Tablet Pro 188,has_ram_gb,6,pixelware tablet pro 188|has_ram_gb|6,0.98,product_188,structured,structured_row:PixelWare Tablet Pro 188,structured,1
DEC036_B_deepseek-v3.2,train_kb,conservative_noisy_or_conflict_adjusted,PixelWare Tablet Pro 188,has_storage_gb,1024,pixelware tablet pro 188|has_storage_gb|1024,0.98,product_188,structured,structured_row:PixelWare Tablet Pro 188,structured,1
DEC036_B_deepseek-v3.2,train_kb,conservative_noisy_or_conflict_adjusted,PixelWare Tablet Pro 188,has_battery_life_hours,14,pixelware tablet pro 188|has_battery_life_hours|14,0.98,product_188,structured,structured_row:PixelWare Tablet Pro 188,structured,1
DEC036_B_deepseek-v3.2,train_kb,conservative_noisy_or_conflict_adjusted,PixelWare Tablet Pro 188,has_weight_kg,1.8,pixelware tablet pro 188|has_weight_kg|1.8,0.98,product_188,structured,structured_row:PixelWare Tablet Pro 188,structured,1
DEC036_B_deepseek-v3.2,train_kb,conservative_noisy_or_conflict_adjusted,PixelWare Tablet Pro 188,has_color,black,pixelware tablet pro 188|has_color|black,0.98,product_188,structured,structured_row:PixelWare Tablet Pro 188,structured,1
DEC036_B_deepseek-v3.2,train_kb,conservative_noisy_or_conflict_adjusted,PixelWare Tablet Pro 188,made_of_material,plastic,pixelware tablet pro 188|made_of_material|plastic,0.98,product_188,structured,structured_row:PixelWare Tablet Pro 188,structured,1
DEC036_B_deepseek-v3.2,train_kb,conservative_noisy_or_conflict_adjusted,PixelWare Tablet Pro 188,target_market_region,EU,pixelware tablet pro 188|target_market_region|eu,0.98,product_188,structured,structured_row:PixelWare Tablet Pro 188,structured,1
DEC036_B_deepseek-v3.2,train_kb,conservative_noisy_or_conflict_adjusted,PixelWare Tablet Pro 188,supports_fast_charging,no,pixelware tablet pro 188|supports_fast_charging|no,0.98,product_188,structured,structured_row:PixelWare Tablet Pro 188,structured,1
DEC036_B_deepseek-v3.2,train_kb,conservative_noisy_or_conflict_adjusted,PixelWare Tablet Pro 188,has_noise_cancellation,no,pixelware tablet pro 188|has_noise_cancellation|no,0.98,product_188,structured,structured_row:PixelWare Tablet Pro 188,structured,1
DEC036_B_deepseek-v3.2,train_kb,conservative_noisy_or_conflict_adjusted,PixelWare Tablet Pro 188,manufactured_by,PixelWare,pixelware tablet pro 188|manufactured_by|pixelware,0.92,product_188,unstructured,LP=0.999988;LPO=0.999995|PixelWare Tablet Pro 188 is manufactured by PixelWare. It is a tablet device. Priced at 1099 USD. Offers 1024GB of internal storage. Battery lasts up to 14 hours. Weighs approximately 1.8kg. Targeted at the EU market.,unstructured,1
DEC036_B_deepseek-v3.2,train_kb,conservative_noisy_or_conflict_adjusted,PixelWare Tablet Pro 188,belongs_to_category,tablet device,pixelware tablet pro 188|belongs_to_category|tablet device,0.88,product_188,unstructured,LP=0.994742;LPO=0.970534|PixelWare Tablet Pro 188 is manufactured by PixelWare. It is a tablet device. Priced at 1099 USD. Offers 1024GB of internal storage. Battery lasts up to 14 hours. Weighs approximately 1.8kg. Targeted at the EU market.,unstructured,1
DEC036_B_deepseek-v3.2,train_kb,conservative_noisy_or_conflict_adjusted,PixelWare Tablet Pro 188,has_price_usd,1099,pixelware tablet pro 188|has_price_usd|1099,0.91,product_188,unstructured,LP=0.999964;LPO=0.999982|PixelWare Tablet Pro 188 is manufactured by PixelWare. It is a tablet device. Priced at 1099 USD. Offers 1024GB of internal storage. Battery lasts up to 14 hours. Weighs approximately 1.8kg. Targeted at the EU market.,unstructured,1
DEC036_B_deepseek-v3.2,train_kb,conservative_noisy_or_conflict_adjusted,PixelWare Tablet Pro 188,has_storage_gb,1024,pixelware tablet pro 188|has_storage_gb|1024,0.93,product_188,unstructured,LP=0.999998;LPO=1.000000|PixelWare Tablet Pro 188 is manufactured by PixelWare. It is a tablet device. Priced at 1099 USD. Offers 1024GB of internal storage. Battery lasts up to 14 hours. Weighs approximately 1.8kg. Targeted at the EU market.,unstructured,1
DEC036_B_deepseek-v3.2,train_kb,conservative_noisy_or_conflict_adjusted,PixelWare Tablet Pro 188,has_battery_life_hours,14,pixelware tablet pro 188|has_battery_life_hours|14,0.9,product_188,unstructured,LP=0.999997;LPO=0.999994|PixelWare Tablet Pro 188 is manufactured by PixelWare. It is a tablet device. Priced at 1099 USD. Offers 1024GB of internal storage. Battery lasts up to 14 hours. Weighs approximately 1.8kg. Targeted at the EU market.,unstructured,1
DEC036_B_deepseek-v3.2,train_kb,conservative_noisy_or_conflict_adjusted,PixelWare Tablet Pro 188,has_weight_kg,1.8,pixelware tablet pro 188|has_weight_kg|1.8,0.89,product_188,unstructured,LP=0.999991;LPO=0.999915|PixelWare Tablet Pro 188 is manufactured by PixelWare. It is a tablet device. Priced at 1099 USD. Offers 1024GB of internal storage. Battery lasts up to 14 hours. Weighs approximately 1.8kg. Targeted at the EU market.,unstructured,1
DEC036_B_deepseek-v3.2,train_kb,conservative_noisy_or_conflict_adjusted,PixelWare Tablet Pro 188,target_market_region,EU,pixelware tablet pro 188|target_market_region|eu,0.92,product_188,unstructured,LP=0.999989;LPO=0.999966|PixelWare Tablet Pro 188 is manufactured by PixelWare. It is a tablet device. Priced at 1099 USD. Offers 1024GB of internal storage. Battery lasts up to 14 hours. Weighs approximately 1.8kg. Targeted at the EU market.,unstructured,1
DEC036_B_deepseek-v3.2,train_kb,conservative_noisy_or_conflict_adjusted,NeoTech Laptop Pro 189,manufactured_by,NeoTech,neotech laptop pro 189|manufactured_by|neotech,0.98,product_189,structured,structured_row:NeoTech Laptop Pro 189,structured,1
DEC036_B_deepseek-v3.2,train_kb,conservative_noisy_or_conflict_adjusted,NeoTech Laptop Pro 189,belongs_to_category,laptop,neotech laptop pro 189|belongs_to_category|laptop,0.98,product_189,structured,structured_row:NeoTech Laptop Pro 189,structured,1
DEC036_B_deepseek-v3.2,train_kb,conservative_noisy_or_conflict_adjusted,NeoTech Laptop Pro 189,has_price_usd,349,neotech laptop pro 189|has_price_usd|349,0.98,product_189,structured,structured_row:NeoTech Laptop Pro 189,structured,1
DEC036_B_deepseek-v3.2,train_kb,conservative_noisy_or_conflict_adjusted,NeoTech Laptop Pro 189,has_screen_size_inch,14.0,neotech laptop pro 189|has_screen_size_inch|14.0,0.98,product_189,structured,structured_row:NeoTech Laptop Pro 189,structured,1
DEC036_B_deepseek-v3.2,train_kb,conservative_noisy_or_conflict_adjusted,NeoTech Laptop Pro 189,has_ram_gb,8,neotech laptop pro 189|has_ram_gb|8,0.98,product_189,structured,structured_row:NeoTech Laptop Pro 189,structured,1
DEC036_B_deepseek-v3.2,train_kb,conservative_noisy_or_conflict_adjusted,NeoTech Laptop Pro 189,has_storage_gb,512,neotech laptop pro 189|has_storage_gb|512,0.98,product_189,structured,structured_row:NeoTech Laptop Pro 189,structured,1
DEC036_B_deepseek-v3.2,train_kb,conservative_noisy_or_conflict_adjusted,NeoTech Laptop Pro 189,has_battery_life_hours,14,neotech laptop pro 189|has_battery_life_hours|14,0.98,product_189,structured,structured_row:NeoTech Laptop Pro 189,structured,1
DEC036_B_deepseek-v3.2,train_kb,conservative_noisy_or_conflict_adjusted,NeoTech Laptop Pro 189,has_weight_kg,1.2,neotech laptop pro 189|has_weight_kg|1.2,0.98,product_189,structured,structured_row:NeoTech Laptop Pro 189,structured,1
DEC036_B_deepseek-v3.2,train_kb,conservative_noisy_or_conflict_adjusted,NeoTech Laptop Pro 189,has_color,blue,neotech laptop pro 189|has_color|blue,0.98,product_189,structured,structured_row:NeoTech Laptop Pro 189,structured,1
DEC036_B_deepseek-v3.2,train_kb,conservative_noisy_or_conflict_adjusted,NeoTech Laptop Pro 189,made_of_material,plastic,neotech laptop pro 189|made_of_material|plastic,0.98,product_189,structured,structured_row:NeoTech Laptop Pro 189,structured,1
DEC036_B_deepseek-v3.2,train_kb,conservative_noisy_or_conflict_adjusted,NeoTech Laptop Pro 189,target_market_region,US,neotech laptop pro 189|target_market_region|us,0.98,product_189,structured,structured_row:NeoTech Laptop Pro 189,structured,1
DEC036_B_deepseek-v3.2,train_kb,conservative_noisy_or_conflict_adjusted,NeoTech Laptop Pro 189,supports_fast_charging,no,neotech laptop pro 189|supports_fast_charging|no,0.98,product_189,structured,structured_row:NeoTech Laptop Pro 189,structured,1
DEC036_B_deepseek-v3.2,train_kb,conservative_noisy_or_conflict_adjusted,NeoTech Laptop Pro 189,has_noise_cancellation,no,neotech laptop pro 189|has_noise_cancellation|no,0.98,product_189,structured,structured_row:NeoTech Laptop Pro 189,structured,1
DEC036_B_deepseek-v3.2,train_kb,conservative_noisy_or_conflict_adjusted,NeoTech Laptop Pro 189,manufactured_by,NeoTech,neotech laptop pro 189|manufactured_by|neotech,0.96,product_189,unstructured,LP=0.999989;LPO=0.999989|NeoTech Laptop Pro 189 is manufactured by NeoTech. It is a laptop device. Priced at 349 USD. Comes with 8GB of RAM. Battery lasts up to 14 hours. Built with plastic construction. Fast charging is no.,unstructured,1
DEC036_B_deepseek-v3.2,train_kb,conservative_noisy_or_conflict_adjusted,NeoTech Laptop Pro 189,belongs_to_category,laptop device,neotech laptop pro 189|belongs_to_category|laptop device,0.92,product_189,unstructured,LP=0.983436;LPO=0.952422|NeoTech Laptop Pro 189 is manufactured by NeoTech. It is a laptop device. Priced at 349 USD. Comes with 8GB of RAM. Battery lasts up to 14 hours. Built with plastic construction. Fast charging is no.,unstructured,1
DEC036_B_deepseek-v3.2,train_kb,conservative_noisy_or_conflict_adjusted,NeoTech Laptop Pro 189,has_price_usd,349,neotech laptop pro 189|has_price_usd|349,0.94,product_189,unstructured,LP=0.999984;LPO=0.999993|NeoTech Laptop Pro 189 is manufactured by NeoTech. It is a laptop device. Priced at 349 USD. Comes with 8GB of RAM. Battery lasts up to 14 hours. Built with plastic construction. Fast charging is no.,unstructured,1
DEC036_B_deepseek-v3.2,train_kb,conservative_noisy_or_conflict_adjusted,NeoTech Laptop Pro 189,has_ram_gb,8,neotech laptop pro 189|has_ram_gb|8,0.93,product_189,unstructured,LP=0.999997;LPO=0.999999|NeoTech Laptop Pro 189 is manufactured by NeoTech. It is a laptop device. Priced at 349 USD. Comes with 8GB of RAM. Battery lasts up to 14 hours. Built with plastic construction. Fast charging is no.,unstructured,1
DEC036_B_deepseek-v3.2,train_kb,conservative_noisy_or_conflict_adjusted,NeoTech Laptop Pro 189,has_battery_life_hours,14,neotech laptop pro 189|has_battery_life_hours|14,0.92,product_189,unstructured,LP=0.999993;LPO=0.999987|NeoTech Laptop Pro 189 is manufactured by NeoTech. It is a laptop device. Priced at 349 USD. Comes with 8GB of RAM. Battery lasts up to 14 hours. Built with plastic construction. Fast charging is no.,unstructured,1
DEC036_B_deepseek-v3.2,train_kb,conservative_noisy_or_conflict_adjusted,NeoTech Laptop Pro 189,made_of_material,plastic,neotech laptop pro 189|made_of_material|plastic,0.91,product_189,unstructured,LP=0.999968;LPO=0.999971|NeoTech Laptop Pro 189 is manufactured by NeoTech. It is a laptop device. Priced at 349 USD. Comes with 8GB of RAM. Battery lasts up to 14 hours. Built with plastic construction. Fast charging is no.,unstructured,1
DEC036_B_deepseek-v3.2,train_kb,conservative_noisy_or_conflict_adjusted,NeoTech Laptop Pro 189,supports_fast_charging,no,neotech laptop pro 189|supports_fast_charging|no,0.9,product_189,unstructured,LP=0.999530;LPO=0.992998|NeoTech Laptop Pro 189 is manufactured by NeoTech. It is a laptop device. Priced at 349 USD. Comes with 8GB of RAM. Battery lasts up to 14 hours. Built with plastic construction. Fast charging is no.,unstructured,1
DEC036_B_deepseek-v3.2,train_kb,conservative_noisy_or_conflict_adjusted,PixelWare Smartwatch Lite 190,manufactured_by,PixelWare,pixelware smartwatch lite 190|manufactured_by|pixelware,0.98,product_190,structured,structured_row:PixelWare Smartwatch Lite 190,structured,1
DEC036_B_deepseek-v3.2,train_kb,conservative_noisy_or_conflict_adjusted,PixelWare Smartwatch Lite 190,belongs_to_category,smartwatch,pixelware smartwatch lite 190|belongs_to_category|smartwatch,0.98,product_190,structured,structured_row:PixelWare Smartwatch Lite 190,structured,1
DEC036_B_deepseek-v3.2,train_kb,conservative_noisy_or_conflict_adjusted,PixelWare Smartwatch Lite 190,has_price_usd,1099,pixelware smartwatch lite 190|has_price_usd|1099,0.98,product_190,structured,structured_row:PixelWare Smartwatch Lite 190,structured,1
DEC036_B_deepseek-v3.2,train_kb,conservative_noisy_or_conflict_adjusted,PixelWare Smartwatch Lite 190,has_screen_size_inch,13.3,pixelware smartwatch lite 190|has_screen_size_inch|13.3,0.98,product_190,structured,structured_row:PixelWare Smartwatch Lite 190,structured,1
DEC036_B_deepseek-v3.2,train_kb,conservative_noisy_or_conflict_adjusted,PixelWare Smartwatch Lite 190,has_ram_gb,12,pixelware smartwatch lite 190|has_ram_gb|12,0.98,product_190,structured,structured_row:PixelWare Smartwatch Lite 190,structured,1
DEC036_B_deepseek-v3.2,train_kb,conservative_noisy_or_conflict_adjusted,PixelWare Smartwatch Lite 190,has_storage_gb,256,pixelware smartwatch lite 190|has_storage_gb|256,0.98,product_190,structured,structured_row:PixelWare Smartwatch Lite 190,structured,1
DEC036_B_deepseek-v3.2,train_kb,conservative_noisy_or_conflict_adjusted,PixelWare Smartwatch Lite 190,has_battery_life_hours,18,pixelware smartwatch lite 190|has_battery_life_hours|18,0.98,product_190,structured,structured_row:PixelWare Smartwatch Lite 190,structured,1
DEC036_B_deepseek-v3.2,train_kb,conservative_noisy_or_conflict_adjusted,PixelWare Smartwatch Lite 190,has_weight_kg,1.2,pixelware smartwatch lite 190|has_weight_kg|1.2,0.98,product_190,structured,structured_row:PixelWare Smartwatch Lite 190,structured,1
DEC036_B_deepseek-v3.2,train_kb,conservative_noisy_or_conflict_adjusted,PixelWare Smartwatch Lite 190,has_color,green,pixelware smartwatch lite 190|has_color|green,0.98,product_190,structured,structured_row:PixelWare Smartwatch Lite 190,structured,1
DEC036_B_deepseek-v3.2,train_kb,conservative_noisy_or_conflict_adjusted,PixelWare Smartwatch Lite 190,made_of_material,aluminum,pixelware smartwatch lite 190|made_of_material|aluminum,0.98,product_190,structured,structured_row:PixelWare Smartwatch Lite 190,structured,1
DEC036_B_deepseek-v3.2,train_kb,conservative_noisy_or_conflict_adjusted,PixelWare Smartwatch Lite 190,target_market_region,Global,pixelware smartwatch lite 190|target_market_region|global,0.98,product_190,structured,structured_row:PixelWare Smartwatch Lite 190,structured,1
DEC036_B_deepseek-v3.2,train_kb,conservative_noisy_or_conflict_adjusted,PixelWare Smartwatch Lite 190,supports_fast_charging,no,pixelware smartwatch lite 190|supports_fast_charging|no,0.98,product_190,structured,structured_row:PixelWare Smartwatch Lite 190,structured,1
DEC036_B_deepseek-v3.2,train_kb,conservative_noisy_or_conflict_adjusted,PixelWare Smartwatch Lite 190,has_noise_cancellation,no,pixelware smartwatch lite 190|has_noise_cancellation|no,0.98,product_190,structured,structured_row:PixelWare Smartwatch Lite 190,structured,1
DEC036_B_deepseek-v3.2,train_kb,conservative_noisy_or_conflict_adjusted,PixelWare Smartwatch Lite 190,manufactured_by,PixelWare,pixelware smartwatch lite 190|manufactured_by|pixelware,0.96,product_190,unstructured,LP=0.999987;LPO=0.999994|PixelWare Smartwatch Lite 190 is manufactured by PixelWare. Priced at 1099 USD. The display measures 13.3 inches. Comes with 12GB of RAM. Offers 256GB of internal storage. Battery lasts up to 18 hours. Built with aluminum construction.,unstructured,1
DEC036_B_deepseek-v3.2,train_kb,conservative_noisy_or_conflict_adjusted,PixelWare Smartwatch Lite 190,has_price_usd,1099,pixelware smartwatch lite 190|has_price_usd|1099,0.94,product_190,unstructured,LP=0.999990;LPO=0.999976|PixelWare Smartwatch Lite 190 is manufactured by PixelWare. Priced at 1099 USD. The display measures 13.3 inches. Comes with 12GB of RAM. Offers 256GB of internal storage. Battery lasts up to 18 hours. Built with aluminum construction.,unstructured,1
DEC036_B_deepseek-v3.2,train_kb,conservative_noisy_or_conflict_adjusted,PixelWare Smartwatch Lite 190,has_screen_size_inch,13.3,pixelware smartwatch lite 190|has_screen_size_inch|13.3,0.93,product_190,unstructured,LP=0.999919;LPO=0.999987|PixelWare Smartwatch Lite 190 is manufactured by PixelWare. Priced at 1099 USD. The display measures 13.3 inches. Comes with 12GB of RAM. Offers 256GB of internal storage. Battery lasts up to 18 hours. Built with aluminum construction.,unstructured,1
DEC036_B_deepseek-v3.2,train_kb,conservative_noisy_or_conflict_adjusted,PixelWare Smartwatch Lite 190,has_ram_gb,12,pixelware smartwatch lite 190|has_ram_gb|12,0.93,product_190,unstructured,LP=0.999997;LPO=0.999998|PixelWare Smartwatch Lite 190 is manufactured by PixelWare. Priced at 1099 USD. The display measures 13.3 inches. Comes with 12GB of RAM. Offers 256GB of internal storage. Battery lasts up to 18 hours. Built with aluminum construction.,unstructured,1
DEC036_B_deepseek-v3.2,train_kb,conservative_noisy_or_conflict_adjusted,PixelWare Smartwatch Lite 190,has_storage_gb,256,pixelware smartwatch lite 190|has_storage_gb|256,0.93,product_190,unstructured,LP=0.999998;LPO=1.000000|PixelWare Smartwatch Lite 190 is manufactured by PixelWare. Priced at 1099 USD. The display measures 13.3 inches. Comes with 12GB of RAM. Offers 256GB of internal storage. Battery lasts up to 18 hours. Built with aluminum construction.,unstructured,1
DEC036_B_deepseek-v3.2,train_kb,conservative_noisy_or_conflict_adjusted,PixelWare Smartwatch Lite 190,has_battery_life_hours,18,pixelware smartwatch lite 190|has_battery_life_hours|18,0.92,product_190,unstructured,LP=0.999996;LPO=0.999995|PixelWare Smartwatch Lite 190 is manufactured by PixelWare. Priced at 1099 USD. The display measures 13.3 inches. Comes with 12GB of RAM. Offers 256GB of internal storage. Battery lasts up to 18 hours. Built with aluminum construction.,unstructured,1
DEC036_B_deepseek-v3.2,train_kb,conservative_noisy_or_conflict_adjusted,PixelWare Smartwatch Lite 190,made_of_material,aluminum,pixelware smartwatch lite 190|made_of_material|aluminum,0.91,product_190,unstructured,LP=0.999985;LPO=0.999961|PixelWare Smartwatch Lite 190 is manufactured by PixelWare. Priced at 1099 USD. The display measures 13.3 inches. Comes with 12GB of RAM. Offers 256GB of internal storage. Battery lasts up to 18 hours. Built with aluminum construction.,unstructured,1
DEC036_B_deepseek-v3.2,train_kb,conservative_noisy_or_conflict_adjusted,Zenbyte Laptop Plus 192,manufactured_by,Zenbyte,zenbyte laptop plus 192|manufactured_by|zenbyte,0.98,product_192,structured,structured_row:Zenbyte Laptop Plus 192,structured,1
DEC036_B_deepseek-v3.2,train_kb,conservative_noisy_or_conflict_adjusted,Zenbyte Laptop Plus 192,belongs_to_category,laptop,zenbyte laptop plus 192|belongs_to_category|laptop,0.98,product_192,structured,structured_row:Zenbyte Laptop Plus 192,structured,1
DEC036_B_deepseek-v3.2,train_kb,conservative_noisy_or_conflict_adjusted,Zenbyte Laptop Plus 192,has_price_usd,199,zenbyte laptop plus 192|has_price_usd|199,0.98,product_192,structured,structured_row:Zenbyte Laptop Plus 192,structured,1
DEC036_B_deepseek-v3.2,train_kb,conservative_noisy_or_conflict_adjusted,Zenbyte Laptop Plus 192,has_screen_size_inch,14.0,zenbyte laptop plus 192|has_screen_size_inch|14.0,0.98,product_192,structured,structured_row:Zenbyte Laptop Plus 192,structured,1
DEC036_B_deepseek-v3.2,train_kb,conservative_noisy_or_conflict_adjusted,Zenbyte Laptop Plus 192,has_ram_gb,32,zenbyte laptop plus 192|has_ram_gb|32,0.98,product_192,structured,structured_row:Zenbyte Laptop Plus 192,structured,1
DEC036_B_deepseek-v3.2,train_kb,conservative_noisy_or_conflict_adjusted,Zenbyte Laptop Plus 192,has_storage_gb,256,zenbyte laptop plus 192|has_storage_gb|256,0.98,product_192,structured,structured_row:Zenbyte Laptop Plus 192,structured,1
DEC036_B_deepseek-v3.2,train_kb,conservative_noisy_or_conflict_adjusted,Zenbyte Laptop Plus 192,has_battery_life_hours,18,zenbyte laptop plus 192|has_battery_life_hours|18,0.98,product_192,structured,structured_row:Zenbyte Laptop Plus 192,structured,1
DEC036_B_deepseek-v3.2,train_kb,conservative_noisy_or_conflict_adjusted,Zenbyte Laptop Plus 192,has_weight_kg,1.2,zenbyte laptop plus 192|has_weight_kg|1.2,0.98,product_192,structured,structured_row:Zenbyte Laptop Plus 192,structured,1
DEC036_B_deepseek-v3.2,train_kb,conservative_noisy_or_conflict_adjusted,Zenbyte Laptop Plus 192,has_color,blue,zenbyte laptop plus 192|has_color|blue,0.98,product_192,structured,structured_row:Zenbyte Laptop Plus 192,structured,1
DEC036_B_deepseek-v3.2,train_kb,conservative_noisy_or_conflict_adjusted,Zenbyte Laptop Plus 192,made_of_material,carbon fiber,zenbyte laptop plus 192|made_of_material|carbon fiber,0.98,product_192,structured,structured_row:Zenbyte Laptop Plus 192,structured,1
DEC036_B_deepseek-v3.2,train_kb,conservative_noisy_or_conflict_adjusted,Zenbyte Laptop Plus 192,target_market_region,APAC,zenbyte laptop plus 192|target_market_region|apac,0.98,product_192,structured,structured_row:Zenbyte Laptop Plus 192,structured,1
DEC036_B_deepseek-v3.2,train_kb,conservative_noisy_or_conflict_adjusted,Zenbyte Laptop Plus 192,supports_fast_charging,yes,zenbyte laptop plus 192|supports_fast_charging|yes,0.98,product_192,structured,structured_row:Zenbyte Laptop Plus 192,structured,1
DEC036_B_deepseek-v3.2,train_kb,conservative_noisy_or_conflict_adjusted,Zenbyte Laptop Plus 192,has_noise_cancellation,no,zenbyte laptop plus 192|has_noise_cancellation|no,0.98,product_192,structured,structured_row:Zenbyte Laptop Plus 192,structured,1
DEC036_B_deepseek-v3.2,train_kb,conservative_noisy_or_conflict_adjusted,product,has_price_usd,199,product|has_price_usd|199,0.92,product_192,unstructured,LP=0.952577;LPO=0.999984|Priced at 199 USD. The display measures 14.0 inches. Comes with 32GB of RAM. Weighs approximately 1.2kg. Available in blue. Built with carbon fiber construction. Fast charging is yes.,unstructured,1
DEC036_B_deepseek-v3.2,train_kb,conservative_noisy_or_conflict_adjusted,product,has_screen_size_inch,14.0,product|has_screen_size_inch|14.0,0.93,product_192,unstructured,LP=0.999939;LPO=0.999692|Priced at 199 USD. The display measures 14.0 inches. Comes with 32GB of RAM. Weighs approximately 1.2kg. Available in blue. Built with carbon fiber construction. Fast charging is yes.,unstructured,1
DEC036_B_deepseek-v3.2,train_kb,conservative_noisy_or_conflict_adjusted,product,has_ram_gb,32,product|has_ram_gb|32,0.94,product_192,unstructured,LP=0.999999;LPO=0.999996|Priced at 199 USD. The display measures 14.0 inches. Comes with 32GB of RAM. Weighs approximately 1.2kg. Available in blue. Built with carbon fiber construction. Fast charging is yes.,unstructured,1
DEC036_B_deepseek-v3.2,train_kb,conservative_noisy_or_conflict_adjusted,product,has_weight_kg,1.2,product|has_weight_kg|1.2,0.85,product_192,unstructured,LP=0.999990;LPO=0.999930|Priced at 199 USD. The display measures 14.0 inches. Comes with 32GB of RAM. Weighs approximately 1.2kg. Available in blue. Built with carbon fiber construction. Fast charging is yes.,unstructured,1
DEC036_B_deepseek-v3.2,train_kb,conservative_noisy_or_conflict_adjusted,product,has_color,blue,product|has_color|blue,0.91,product_192,unstructured,LP=0.999997;LPO=0.999992|Priced at 199 USD. The display measures 14.0 inches. Comes with 32GB of RAM. Weighs approximately 1.2kg. Available in blue. Built with carbon fiber construction. Fast charging is yes.,unstructured,1
DEC036_B_deepseek-v3.2,train_kb,conservative_noisy_or_conflict_adjusted,product,made_of_material,carbon fiber,product|made_of_material|carbon fiber,0.93,product_192,unstructured,LP=0.999957;LPO=0.999824|Priced at 199 USD. The display measures 14.0 inches. Comes with 32GB of RAM. Weighs approximately 1.2kg. Available in blue. Built with carbon fiber construction. Fast charging is yes.,unstructured,1
DEC036_B_deepseek-v3.2,train_kb,conservative_noisy_or_conflict_adjusted,product,supports_fast_charging,yes,product|supports_fast_charging|yes,0.92,product_192,unstructured,LP=0.998606;LPO=0.988936|Priced at 199 USD. The display measures 14.0 inches. Comes with 32GB of RAM. Weighs approximately 1.2kg. Available in blue. Built with carbon fiber construction. Fast charging is yes.,unstructured,1
DEC036_B_deepseek-v3.2,train_kb,conservative_noisy_or_conflict_adjusted,TechNova Smartwatch Pro 194,manufactured_by,TechNova,technova smartwatch pro 194|manufactured_by|technova,0.98,product_194,structured,structured_row:TechNova Smartwatch Pro 194,structured,1
DEC036_B_deepseek-v3.2,train_kb,conservative_noisy_or_conflict_adjusted,TechNova Smartwatch Pro 194,belongs_to_category,smartwatch,technova smartwatch pro 194|belongs_to_category|smartwatch,0.98,product_194,structured,structured_row:TechNova Smartwatch Pro 194,structured,1
DEC036_B_deepseek-v3.2,train_kb,conservative_noisy_or_conflict_adjusted,TechNova Smartwatch Pro 194,has_price_usd,699,technova smartwatch pro 194|has_price_usd|699,0.98,product_194,structured,structured_row:TechNova Smartwatch Pro 194,structured,1
DEC036_B_deepseek-v3.2,train_kb,conservative_noisy_or_conflict_adjusted,TechNova Smartwatch Pro 194,has_screen_size_inch,14.0,technova smartwatch pro 194|has_screen_size_inch|14.0,0.98,product_194,structured,structured_row:TechNova Smartwatch Pro 194,structured,1
DEC036_B_deepseek-v3.2,train_kb,conservative_noisy_or_conflict_adjusted,TechNova Smartwatch Pro 194,has_ram_gb,32,technova smartwatch pro 194|has_ram_gb|32,0.98,product_194,structured,structured_row:TechNova Smartwatch Pro 194,structured,1
DEC036_B_deepseek-v3.2,train_kb,conservative_noisy_or_conflict_adjusted,TechNova Smartwatch Pro 194,has_storage_gb,512,technova smartwatch pro 194|has_storage_gb|512,0.98,product_194,structured,structured_row:TechNova Smartwatch Pro 194,structured,1
DEC036_B_deepseek-v3.2,train_kb,conservative_noisy_or_conflict_adjusted,TechNova Smartwatch Pro 194,has_battery_life_hours,18,technova smartwatch pro 194|has_battery_life_hours|18,0.98,product_194,structured,structured_row:TechNova Smartwatch Pro 194,structured,1
DEC036_B_deepseek-v3.2,train_kb,conservative_noisy_or_conflict_adjusted,TechNova Smartwatch Pro 194,has_weight_kg,0.18,technova smartwatch pro 194|has_weight_kg|0.18,0.98,product_194,structured,structured_row:TechNova Smartwatch Pro 194,structured,1
DEC036_B_deepseek-v3.2,train_kb,conservative_noisy_or_conflict_adjusted,TechNova Smartwatch Pro 194,has_color,silver,technova smartwatch pro 194|has_color|silver,0.98,product_194,structured,structured_row:TechNova Smartwatch Pro 194,structured,1
DEC036_B_deepseek-v3.2,train_kb,conservative_noisy_or_conflict_adjusted,TechNova Smartwatch Pro 194,made_of_material,aluminum,technova smartwatch pro 194|made_of_material|aluminum,0.98,product_194,structured,structured_row:TechNova Smartwatch Pro 194,structured,1
DEC036_B_deepseek-v3.2,train_kb,conservative_noisy_or_conflict_adjusted,TechNova Smartwatch Pro 194,target_market_region,APAC,technova smartwatch pro 194|target_market_region|apac,0.98,product_194,structured,structured_row:TechNova Smartwatch Pro 194,structured,1
DEC036_B_deepseek-v3.2,train_kb,conservative_noisy_or_conflict_adjusted,TechNova Smartwatch Pro 194,supports_fast_charging,no,technova smartwatch pro 194|supports_fast_charging|no,0.98,product_194,structured,structured_row:TechNova Smartwatch Pro 194,structured,1
DEC036_B_deepseek-v3.2,train_kb,conservative_noisy_or_conflict_adjusted,TechNova Smartwatch Pro 194,has_noise_cancellation,no,technova smartwatch pro 194|has_noise_cancellation|no,0.98,product_194,structured,structured_row:TechNova Smartwatch Pro 194,structured,1
DEC036_B_deepseek-v3.2,train_kb,conservative_noisy_or_conflict_adjusted,product,has_price_usd,699,product|has_price_usd|699,0.94,product_194,unstructured,LP=0.847940;LPO=0.999983|Priced at 699 USD. Comes with 32GB of RAM. Offers 512GB of internal storage. Battery lasts up to 18 hours. Weighs approximately 0.18kg. Targeted at the APAC market. Fast charging is no.,unstructured,1
DEC036_B_deepseek-v3.2,train_kb,conservative_noisy_or_conflict_adjusted,product,has_ram_gb,32,product|has_ram_gb|32,0.95,product_194,unstructured,LP=0.999996;LPO=0.999992|Priced at 699 USD. Comes with 32GB of RAM. Offers 512GB of internal storage. Battery lasts up to 18 hours. Weighs approximately 0.18kg. Targeted at the APAC market. Fast charging is no.,unstructured,1
DEC036_B_deepseek-v3.2,train_kb,conservative_noisy_or_conflict_adjusted,product,has_storage_gb,512,product|has_storage_gb|512,0.95,product_194,unstructured,LP=0.999999;LPO=1.000000|Priced at 699 USD. Comes with 32GB of RAM. Offers 512GB of internal storage. Battery lasts up to 18 hours. Weighs approximately 0.18kg. Targeted at the APAC market. Fast charging is no.,unstructured,1
DEC036_B_deepseek-v3.2,train_kb,conservative_noisy_or_conflict_adjusted,product,has_battery_life_hours,18,product|has_battery_life_hours|18,0.92,product_194,unstructured,LP=0.999995;LPO=0.999969|Priced at 699 USD. Comes with 32GB of RAM. Offers 512GB of internal storage. Battery lasts up to 18 hours. Weighs approximately 0.18kg. Targeted at the APAC market. Fast charging is no.,unstructured,1
DEC036_B_deepseek-v3.2,train_kb,conservative_noisy_or_conflict_adjusted,product,has_weight_kg,0.18,product|has_weight_kg|0.18,0.93,product_194,unstructured,LP=0.999995;LPO=0.999983|Priced at 699 USD. Comes with 32GB of RAM. Offers 512GB of internal storage. Battery lasts up to 18 hours. Weighs approximately 0.18kg. Targeted at the APAC market. Fast charging is no.,unstructured,1
DEC036_B_deepseek-v3.2,train_kb,conservative_noisy_or_conflict_adjusted,product,target_market_region,APAC,product|target_market_region|apac,0.94,product_194,unstructured,LP=0.999961;LPO=0.999716|Priced at 699 USD. Comes with 32GB of RAM. Offers 512GB of internal storage. Battery lasts up to 18 hours. Weighs approximately 0.18kg. Targeted at the APAC market. Fast charging is no.,unstructured,1
DEC036_B_deepseek-v3.2,train_kb,conservative_noisy_or_conflict_adjusted,product,supports_fast_charging,no,product|supports_fast_charging|no,0.9,product_194,unstructured,LP=0.993800;LPO=0.951469|Priced at 699 USD. Comes with 32GB of RAM. Offers 512GB of internal storage. Battery lasts up to 18 hours. Weighs approximately 0.18kg. Targeted at the APAC market. Fast charging is no.,unstructured,1
DEC036_B_deepseek-v3.2,train_kb,conservative_noisy_or_conflict_adjusted,PixelWare Headphones Max 195,manufactured_by,PixelWare,pixelware headphones max 195|manufactured_by|pixelware,0.98,product_195,structured,structured_row:PixelWare Headphones Max 195,structured,1
DEC036_B_deepseek-v3.2,train_kb,conservative_noisy_or_conflict_adjusted,PixelWare Headphones Max 195,belongs_to_category,headphones,pixelware headphones max 195|belongs_to_category|headphones,0.98,product_195,structured,structured_row:PixelWare Headphones Max 195,structured,1
DEC036_B_deepseek-v3.2,train_kb,conservative_noisy_or_conflict_adjusted,PixelWare Headphones Max 195,has_price_usd,299,pixelware headphones max 195|has_price_usd|299,0.98,product_195,structured,structured_row:PixelWare Headphones Max 195,structured,1
DEC036_B_deepseek-v3.2,train_kb,conservative_noisy_or_conflict_adjusted,PixelWare Headphones Max 195,has_screen_size_inch,11.0,pixelware headphones max 195|has_screen_size_inch|11.0,0.98,product_195,structured,structured_row:PixelWare Headphones Max 195,structured,1
DEC036_B_deepseek-v3.2,train_kb,conservative_noisy_or_conflict_adjusted,PixelWare Headphones Max 195,has_ram_gb,8,pixelware headphones max 195|has_ram_gb|8,0.98,product_195,structured,structured_row:PixelWare Headphones Max 195,structured,1
DEC036_B_deepseek-v3.2,train_kb,conservative_noisy_or_conflict_adjusted,PixelWare Headphones Max 195,has_storage_gb,256,pixelware headphones max 195|has_storage_gb|256,0.98,product_195,structured,structured_row:PixelWare Headphones Max 195,structured,1
DEC036_B_deepseek-v3.2,train_kb,conservative_noisy_or_conflict_adjusted,PixelWare Headphones Max 195,has_battery_life_hours,10,pixelware headphones max 195|has_battery_life_hours|10,0.98,product_195,structured,structured_row:PixelWare Headphones Max 195,structured,1
DEC036_B_deepseek-v3.2,train_kb,conservative_noisy_or_conflict_adjusted,PixelWare Headphones Max 195,has_weight_kg,0.23,pixelware headphones max 195|has_weight_kg|0.23,0.98,product_195,structured,structured_row:PixelWare Headphones Max 195,structured,1
DEC036_B_deepseek-v3.2,train_kb,conservative_noisy_or_conflict_adjusted,PixelWare Headphones Max 195,has_color,green,pixelware headphones max 195|has_color|green,0.98,product_195,structured,structured_row:PixelWare Headphones Max 195,structured,1
DEC036_B_deepseek-v3.2,train_kb,conservative_noisy_or_conflict_adjusted,PixelWare Headphones Max 195,made_of_material,carbon fiber,pixelware headphones max 195|made_of_material|carbon fiber,0.98,product_195,structured,structured_row:PixelWare Headphones Max 195,structured,1
DEC036_B_deepseek-v3.2,train_kb,conservative_noisy_or_conflict_adjusted,PixelWare Headphones Max 195,target_market_region,APAC,pixelware headphones max 195|target_market_region|apac,0.98,product_195,structured,structured_row:PixelWare Headphones Max 195,structured,1
DEC036_B_deepseek-v3.2,train_kb,conservative_noisy_or_conflict_adjusted,PixelWare Headphones Max 195,supports_fast_charging,yes,pixelware headphones max 195|supports_fast_charging|yes,0.98,product_195,structured,structured_row:PixelWare Headphones Max 195,structured,1
DEC036_B_deepseek-v3.2,train_kb,conservative_noisy_or_conflict_adjusted,PixelWare Headphones Max 195,has_noise_cancellation,no,pixelware headphones max 195|has_noise_cancellation|no,0.98,product_195,structured,structured_row:PixelWare Headphones Max 195,structured,1
DEC036_B_deepseek-v3.2,train_kb,conservative_noisy_or_conflict_adjusted,PixelWare Headphones Max 195,manufactured_by,PixelWare,pixelware headphones max 195|manufactured_by|pixelware,0.95,product_195,unstructured,LP=0.999989;LPO=0.999996|PixelWare Headphones Max 195 is manufactured by PixelWare. Priced at 299 USD. The display measures 11.0 inches. Offers 256GB of internal storage. Available in green. Built with carbon fiber construction. Noise cancellation: no.,unstructured,1
DEC036_B_deepseek-v3.2,train_kb,conservative_noisy_or_conflict_adjusted,PixelWare Headphones Max 195,has_price_usd,299,pixelware headphones max 195|has_price_usd|299,0.94,product_195,unstructured,LP=0.999956;LPO=0.999997|PixelWare Headphones Max 195 is manufactured by PixelWare. Priced at 299 USD. The display measures 11.0 inches. Offers 256GB of internal storage. Available in green. Built with carbon fiber construction. Noise cancellation: no.,unstructured,1
DEC036_B_deepseek-v3.2,train_kb,conservative_noisy_or_conflict_adjusted,PixelWare Headphones Max 195,has_screen_size_inch,11.0,pixelware headphones max 195|has_screen_size_inch|11.0,0.93,product_195,unstructured,LP=0.980404;LPO=0.999935|PixelWare Headphones Max 195 is manufactured by PixelWare. Priced at 299 USD. The display measures 11.0 inches. Offers 256GB of internal storage. Available in green. Built with carbon fiber construction. Noise cancellation: no.,unstructured,1
DEC036_B_deepseek-v3.2,train_kb,conservative_noisy_or_conflict_adjusted,PixelWare Headphones Max 195,has_storage_gb,256,pixelware headphones max 195|has_storage_gb|256,0.94,product_195,unstructured,LP=0.999998;LPO=0.999999|PixelWare Headphones Max 195 is manufactured by PixelWare. Priced at 299 USD. The display measures 11.0 inches. Offers 256GB of internal storage. Available in green. Built with carbon fiber construction. Noise cancellation: no.,unstructured,1
DEC036_B_deepseek-v3.2,train_kb,conservative_noisy_or_conflict_adjusted,PixelWare Headphones Max 195,has_color,green,pixelware headphones max 195|has_color|green,0.92,product_195,unstructured,LP=0.999994;LPO=0.999978|PixelWare Headphones Max 195 is manufactured by PixelWare. Priced at 299 USD. The display measures 11.0 inches. Offers 256GB of internal storage. Available in green. Built with carbon fiber construction. Noise cancellation: no.,unstructured,1
DEC036_B_deepseek-v3.2,train_kb,conservative_noisy_or_conflict_adjusted,PixelWare Headphones Max 195,made_of_material,carbon fiber,pixelware headphones max 195|made_of_material|carbon fiber,0.92,product_195,unstructured,LP=0.999971;LPO=0.999969|PixelWare Headphones Max 195 is manufactured by PixelWare. Priced at 299 USD. The display measures 11.0 inches. Offers 256GB of internal storage. Available in green. Built with carbon fiber construction. Noise cancellation: no.,unstructured,1
DEC036_B_deepseek-v3.2,train_kb,conservative_noisy_or_conflict_adjusted,PixelWare Headphones Max 195,has_noise_cancellation,no,pixelware headphones max 195|has_noise_cancellation|no,0.9,product_195,unstructured,LP=0.996516;LPO=0.952377|PixelWare Headphones Max 195 is manufactured by PixelWare. Priced at 299 USD. The display measures 11.0 inches. Offers 256GB of internal storage. Available in green. Built with carbon fiber construction. Noise cancellation: no.,unstructured,1
DEC036_B_deepseek-v3.2,train_kb,conservative_noisy_or_conflict_adjusted,Auralex Headphones Air 197,manufactured_by,Auralex,auralex headphones air 197|manufactured_by|auralex,0.98,product_197,structured,structured_row:Auralex Headphones Air 197,structured,1
DEC036_B_deepseek-v3.2,train_kb,conservative_noisy_or_conflict_adjusted,Auralex Headphones Air 197,belongs_to_category,headphones,auralex headphones air 197|belongs_to_category|headphones,0.98,product_197,structured,structured_row:Auralex Headphones Air 197,structured,1
DEC036_B_deepseek-v3.2,train_kb,conservative_noisy_or_conflict_adjusted,Auralex Headphones Air 197,has_price_usd,899,auralex headphones air 197|has_price_usd|899,0.98,product_197,structured,structured_row:Auralex Headphones Air 197,structured,1
DEC036_B_deepseek-v3.2,train_kb,conservative_noisy_or_conflict_adjusted,Auralex Headphones Air 197,has_screen_size_inch,6.7,auralex headphones air 197|has_screen_size_inch|6.7,0.98,product_197,structured,structured_row:Auralex Headphones Air 197,structured,1
DEC036_B_deepseek-v3.2,train_kb,conservative_noisy_or_conflict_adjusted,Auralex Headphones Air 197,has_ram_gb,12,auralex headphones air 197|has_ram_gb|12,0.98,product_197,structured,structured_row:Auralex Headphones Air 197,structured,1
DEC036_B_deepseek-v3.2,train_kb,conservative_noisy_or_conflict_adjusted,Auralex Headphones Air 197,has_storage_gb,512,auralex headphones air 197|has_storage_gb|512,0.98,product_197,structured,structured_row:Auralex Headphones Air 197,structured,1
DEC036_B_deepseek-v3.2,train_kb,conservative_noisy_or_conflict_adjusted,Auralex Headphones Air 197,has_battery_life_hours,14,auralex headphones air 197|has_battery_life_hours|14,0.98,product_197,structured,structured_row:Auralex Headphones Air 197,structured,1
DEC036_B_deepseek-v3.2,train_kb,conservative_noisy_or_conflict_adjusted,Auralex Headphones Air 197,has_weight_kg,0.42,auralex headphones air 197|has_weight_kg|0.42,0.98,product_197,structured,structured_row:Auralex Headphones Air 197,structured,1
DEC036_B_deepseek-v3.2,train_kb,conservative_noisy_or_conflict_adjusted,Auralex Headphones Air 197,has_color,black,auralex headphones air 197|has_color|black,0.98,product_197,structured,structured_row:Auralex Headphones Air 197,structured,1
DEC036_B_deepseek-v3.2,train_kb,conservative_noisy_or_conflict_adjusted,Auralex Headphones Air 197,made_of_material,aluminum,auralex headphones air 197|made_of_material|aluminum,0.98,product_197,structured,structured_row:Auralex Headphones Air 197,structured,1
DEC036_B_deepseek-v3.2,train_kb,conservative_noisy_or_conflict_adjusted,Auralex Headphones Air 197,target_market_region,Global,auralex headphones air 197|target_market_region|global,0.98,product_197,structured,structured_row:Auralex Headphones Air 197,structured,1
DEC036_B_deepseek-v3.2,train_kb,conservative_noisy_or_conflict_adjusted,Auralex Headphones Air 197,supports_fast_charging,no,auralex headphones air 197|supports_fast_charging|no,0.98,product_197,structured,structured_row:Auralex Headphones Air 197,structured,1
DEC036_B_deepseek-v3.2,train_kb,conservative_noisy_or_conflict_adjusted,Auralex Headphones Air 197,has_noise_cancellation,yes,auralex headphones air 197|has_noise_cancellation|yes,0.98,product_197,structured,structured_row:Auralex Headphones Air 197,structured,1
DEC036_B_deepseek-v3.2,train_kb,conservative_noisy_or_conflict_adjusted,Auralex Headphones Air 197,manufactured_by,Auralex,auralex headphones air 197|manufactured_by|auralex,0.94,product_197,unstructured,LP=0.999984;LPO=0.999995|Auralex Headphones Air 197 is manufactured by Auralex. Priced at 899 USD. The display measures 6.7 inches. Weighs approximately 0.42kg. Built with aluminum construction. Targeted at the Global market. Noise cancellation: yes.,unstructured,1
DEC036_B_deepseek-v3.2,train_kb,conservative_noisy_or_conflict_adjusted,Auralex Headphones Air 197,has_price_usd,899,auralex headphones air 197|has_price_usd|899,0.93,product_197,unstructured,LP=0.999980;LPO=0.999995|Auralex Headphones Air 197 is manufactured by Auralex. Priced at 899 USD. The display measures 6.7 inches. Weighs approximately 0.42kg. Built with aluminum construction. Targeted at the Global market. Noise cancellation: yes.,unstructured,1
DEC036_B_deepseek-v3.2,train_kb,conservative_noisy_or_conflict_adjusted,Auralex Headphones Air 197,has_screen_size_inch,6.7,auralex headphones air 197|has_screen_size_inch|6.7,0.92,product_197,unstructured,LP=0.999241;LPO=0.999995|Auralex Headphones Air 197 is manufactured by Auralex. Priced at 899 USD. The display measures 6.7 inches. Weighs approximately 0.42kg. Built with aluminum construction. Targeted at the Global market. Noise cancellation: yes.,unstructured,1
DEC036_B_deepseek-v3.2,train_kb,conservative_noisy_or_conflict_adjusted,Auralex Headphones Air 197,has_weight_kg,0.42,auralex headphones air 197|has_weight_kg|0.42,0.9,product_197,unstructured,LP=0.999998;LPO=0.999996|Auralex Headphones Air 197 is manufactured by Auralex. Priced at 899 USD. The display measures 6.7 inches. Weighs approximately 0.42kg. Built with aluminum construction. Targeted at the Global market. Noise cancellation: yes.,unstructured,1
DEC036_B_deepseek-v3.2,train_kb,conservative_noisy_or_conflict_adjusted,Auralex Headphones Air 197,made_of_material,aluminum,auralex headphones air 197|made_of_material|aluminum,0.92,product_197,unstructured,LP=0.999967;LPO=0.999973|Auralex Headphones Air 197 is manufactured by Auralex. Priced at 899 USD. The display measures 6.7 inches. Weighs approximately 0.42kg. Built with aluminum construction. Targeted at the Global market. Noise cancellation: yes.,unstructured,1
DEC036_B_deepseek-v3.2,train_kb,conservative_noisy_or_conflict_adjusted,Auralex Headphones Air 197,target_market_region,Global,auralex headphones air 197|target_market_region|global,0.93,product_197,unstructured,LP=0.999993;LPO=0.999986|Auralex Headphones Air 197 is manufactured by Auralex. Priced at 899 USD. The display measures 6.7 inches. Weighs approximately 0.42kg. Built with aluminum construction. Targeted at the Global market. Noise cancellation: yes.,unstructured,1
DEC036_B_deepseek-v3.2,train_kb,conservative_noisy_or_conflict_adjusted,Auralex Headphones Air 197,has_noise_cancellation,yes,auralex headphones air 197|has_noise_cancellation|yes,0.95,product_197,unstructured,LP=0.999773;LPO=0.996722|Auralex Headphones Air 197 is manufactured by Auralex. Priced at 899 USD. The display measures 6.7 inches. Weighs approximately 0.42kg. Built with aluminum construction. Targeted at the Global market. Noise cancellation: yes.,unstructured,1
DEC036_B_deepseek-v3.2,train_kb,conservative_noisy_or_conflict_adjusted,Zenbyte Laptop Pro 199,manufactured_by,Zenbyte,zenbyte laptop pro 199|manufactured_by|zenbyte,0.98,product_199,structured,structured_row:Zenbyte Laptop Pro 199,structured,1
DEC036_B_deepseek-v3.2,train_kb,conservative_noisy_or_conflict_adjusted,Zenbyte Laptop Pro 199,belongs_to_category,laptop,zenbyte laptop pro 199|belongs_to_category|laptop,0.98,product_199,structured,structured_row:Zenbyte Laptop Pro 199,structured,1
DEC036_B_deepseek-v3.2,train_kb,conservative_noisy_or_conflict_adjusted,Zenbyte Laptop Pro 199,has_price_usd,699,zenbyte laptop pro 199|has_price_usd|699,0.98,product_199,structured,structured_row:Zenbyte Laptop Pro 199,structured,1
DEC036_B_deepseek-v3.2,train_kb,conservative_noisy_or_conflict_adjusted,Zenbyte Laptop Pro 199,has_screen_size_inch,6.7,zenbyte laptop pro 199|has_screen_size_inch|6.7,0.98,product_199,structured,structured_row:Zenbyte Laptop Pro 199,structured,1
DEC036_B_deepseek-v3.2,train_kb,conservative_noisy_or_conflict_adjusted,Zenbyte Laptop Pro 199,has_ram_gb,6,zenbyte laptop pro 199|has_ram_gb|6,0.98,product_199,structured,structured_row:Zenbyte Laptop Pro 199,structured,1
DEC036_B_deepseek-v3.2,train_kb,conservative_noisy_or_conflict_adjusted,Zenbyte Laptop Pro 199,has_storage_gb,512,zenbyte laptop pro 199|has_storage_gb|512,0.98,product_199,structured,structured_row:Zenbyte Laptop Pro 199,structured,1
DEC036_B_deepseek-v3.2,train_kb,conservative_noisy_or_conflict_adjusted,Zenbyte Laptop Pro 199,has_battery_life_hours,20,zenbyte laptop pro 199|has_battery_life_hours|20,0.98,product_199,structured,structured_row:Zenbyte Laptop Pro 199,structured,1
DEC036_B_deepseek-v3.2,train_kb,conservative_noisy_or_conflict_adjusted,Zenbyte Laptop Pro 199,has_weight_kg,1.2,zenbyte laptop pro 199|has_weight_kg|1.2,0.98,product_199,structured,structured_row:Zenbyte Laptop Pro 199,structured,1
DEC036_B_deepseek-v3.2,train_kb,conservative_noisy_or_conflict_adjusted,Zenbyte Laptop Pro 199,has_color,white,zenbyte laptop pro 199|has_color|white,0.98,product_199,structured,structured_row:Zenbyte Laptop Pro 199,structured,1
DEC036_B_deepseek-v3.2,train_kb,conservative_noisy_or_conflict_adjusted,Zenbyte Laptop Pro 199,made_of_material,aluminum,zenbyte laptop pro 199|made_of_material|aluminum,0.98,product_199,structured,structured_row:Zenbyte Laptop Pro 199,structured,1
DEC036_B_deepseek-v3.2,train_kb,conservative_noisy_or_conflict_adjusted,Zenbyte Laptop Pro 199,target_market_region,EU,zenbyte laptop pro 199|target_market_region|eu,0.98,product_199,structured,structured_row:Zenbyte Laptop Pro 199,structured,1
DEC036_B_deepseek-v3.2,train_kb,conservative_noisy_or_conflict_adjusted,Zenbyte Laptop Pro 199,supports_fast_charging,no,zenbyte laptop pro 199|supports_fast_charging|no,0.98,product_199,structured,structured_row:Zenbyte Laptop Pro 199,structured,1
DEC036_B_deepseek-v3.2,train_kb,conservative_noisy_or_conflict_adjusted,Zenbyte Laptop Pro 199,has_noise_cancellation,no,zenbyte laptop pro 199|has_noise_cancellation|no,0.98,product_199,structured,structured_row:Zenbyte Laptop Pro 199,structured,1
DEC036_B_deepseek-v3.2,train_kb,conservative_noisy_or_conflict_adjusted,Zenbyte Laptop Pro 199,manufactured_by,Zenbyte,zenbyte laptop pro 199|manufactured_by|zenbyte,0.96,product_199,unstructured,LP=0.999988;LPO=0.999992|Zenbyte Laptop Pro 199 is manufactured by Zenbyte. It is a laptop device. The display measures 6.7 inches. Comes with 6GB of RAM. Built with aluminum construction. Targeted at the EU market. Fast charging is no.,unstructured,1
DEC036_B_deepseek-v3.2,train_kb,conservative_noisy_or_conflict_adjusted,Zenbyte Laptop Pro 199,belongs_to_category,laptop device,zenbyte laptop pro 199|belongs_to_category|laptop device,0.9,product_199,unstructured,LP=0.967257;LPO=0.679050|Zenbyte Laptop Pro 199 is manufactured by Zenbyte. It is a laptop device. The display measures 6.7 inches. Comes with 6GB of RAM. Built with aluminum construction. Targeted at the EU market. Fast charging is no.,unstructured,1
DEC036_B_deepseek-v3.2,train_kb,conservative_noisy_or_conflict_adjusted,Zenbyte Laptop Pro 199,has_screen_size_inch,6.7,zenbyte laptop pro 199|has_screen_size_inch|6.7,0.93,product_199,unstructured,LP=0.999972;LPO=0.999994|Zenbyte Laptop Pro 199 is manufactured by Zenbyte. It is a laptop device. The display measures 6.7 inches. Comes with 6GB of RAM. Built with aluminum construction. Targeted at the EU market. Fast charging is no.,unstructured,1
DEC036_B_deepseek-v3.2,train_kb,conservative_noisy_or_conflict_adjusted,Zenbyte Laptop Pro 199,has_ram_gb,6,zenbyte laptop pro 199|has_ram_gb|6,0.94,product_199,unstructured,LP=0.999999;LPO=0.999999|Zenbyte Laptop Pro 199 is manufactured by Zenbyte. It is a laptop device. The display measures 6.7 inches. Comes with 6GB of RAM. Built with aluminum construction. Targeted at the EU market. Fast charging is no.,unstructured,1
DEC036_B_deepseek-v3.2,train_kb,conservative_noisy_or_conflict_adjusted,Zenbyte Laptop Pro 199,made_of_material,aluminum,zenbyte laptop pro 199|made_of_material|aluminum,0.92,product_199,unstructured,LP=0.999992;LPO=0.999983|Zenbyte Laptop Pro 199 is manufactured by Zenbyte. It is a laptop device. The display measures 6.7 inches. Comes with 6GB of RAM. Built with aluminum construction. Targeted at the EU market. Fast charging is no.,unstructured,1
DEC036_B_deepseek-v3.2,train_kb,conservative_noisy_or_conflict_adjusted,Zenbyte Laptop Pro 199,target_market_region,EU,zenbyte laptop pro 199|target_market_region|eu,0.91,product_199,unstructured,LP=0.999997;LPO=0.999969|Zenbyte Laptop Pro 199 is manufactured by Zenbyte. It is a laptop device. The display measures 6.7 inches. Comes with 6GB of RAM. Built with aluminum construction. Targeted at the EU market. Fast charging is no.,unstructured,1
DEC036_B_deepseek-v3.2,train_kb,conservative_noisy_or_conflict_adjusted,Zenbyte Laptop Pro 199,supports_fast_charging,no,zenbyte laptop pro 199|supports_fast_charging|no,0.89,product_199,unstructured,LP=0.997220;LPO=0.961797|Zenbyte Laptop Pro 199 is manufactured by Zenbyte. It is a laptop device. The display measures 6.7 inches. Comes with 6GB of RAM. Built with aluminum construction. Targeted at the EU market. Fast charging is no.,unstructured,1
DEC036_B_deepseek-v3.2,train_kb,conservative_noisy_or_conflict_adjusted,Zenbyte Smartwatch Lite 200,manufactured_by,Zenbyte,zenbyte smartwatch lite 200|manufactured_by|zenbyte,0.98,product_200,structured,structured_row:Zenbyte Smartwatch Lite 200,structured,1
DEC036_B_deepseek-v3.2,train_kb,conservative_noisy_or_conflict_adjusted,Zenbyte Smartwatch Lite 200,belongs_to_category,smartwatch,zenbyte smartwatch lite 200|belongs_to_category|smartwatch,0.98,product_200,structured,structured_row:Zenbyte Smartwatch Lite 200,structured,1
DEC036_B_deepseek-v3.2,train_kb,conservative_noisy_or_conflict_adjusted,Zenbyte Smartwatch Lite 200,has_price_usd,199,zenbyte smartwatch lite 200|has_price_usd|199,0.98,product_200,structured,structured_row:Zenbyte Smartwatch Lite 200,structured,1
DEC036_B_deepseek-v3.2,train_kb,conservative_noisy_or_conflict_adjusted,Zenbyte Smartwatch Lite 200,has_screen_size_inch,11.0,zenbyte smartwatch lite 200|has_screen_size_inch|11.0,0.98,product_200,structured,structured_row:Zenbyte Smartwatch Lite 200,structured,1
DEC036_B_deepseek-v3.2,train_kb,conservative_noisy_or_conflict_adjusted,Zenbyte Smartwatch Lite 200,has_ram_gb,4,zenbyte smartwatch lite 200|has_ram_gb|4,0.98,product_200,structured,structured_row:Zenbyte Smartwatch Lite 200,structured,1
DEC036_B_deepseek-v3.2,train_kb,conservative_noisy_or_conflict_adjusted,Zenbyte Smartwatch Lite 200,has_storage_gb,256,zenbyte smartwatch lite 200|has_storage_gb|256,0.98,product_200,structured,structured_row:Zenbyte Smartwatch Lite 200,structured,1
DEC036_B_deepseek-v3.2,train_kb,conservative_noisy_or_conflict_adjusted,Zenbyte Smartwatch Lite 200,has_battery_life_hours,24,zenbyte smartwatch lite 200|has_battery_life_hours|24,0.98,product_200,structured,structured_row:Zenbyte Smartwatch Lite 200,structured,1
DEC036_B_deepseek-v3.2,train_kb,conservative_noisy_or_conflict_adjusted,Zenbyte Smartwatch Lite 200,has_weight_kg,1.45,zenbyte smartwatch lite 200|has_weight_kg|1.45,0.98,product_200,structured,structured_row:Zenbyte Smartwatch Lite 200,structured,1
DEC036_B_deepseek-v3.2,train_kb,conservative_noisy_or_conflict_adjusted,Zenbyte Smartwatch Lite 200,has_color,white,zenbyte smartwatch lite 200|has_color|white,0.98,product_200,structured,structured_row:Zenbyte Smartwatch Lite 200,structured,1
DEC036_B_deepseek-v3.2,train_kb,conservative_noisy_or_conflict_adjusted,Zenbyte Smartwatch Lite 200,made_of_material,aluminum,zenbyte smartwatch lite 200|made_of_material|aluminum,0.98,product_200,structured,structured_row:Zenbyte Smartwatch Lite 200,structured,1
DEC036_B_deepseek-v3.2,train_kb,conservative_noisy_or_conflict_adjusted,Zenbyte Smartwatch Lite 200,target_market_region,EU,zenbyte smartwatch lite 200|target_market_region|eu,0.98,product_200,structured,structured_row:Zenbyte Smartwatch Lite 200,structured,1
DEC036_B_deepseek-v3.2,train_kb,conservative_noisy_or_conflict_adjusted,Zenbyte Smartwatch Lite 200,supports_fast_charging,no,zenbyte smartwatch lite 200|supports_fast_charging|no,0.98,product_200,structured,structured_row:Zenbyte Smartwatch Lite 200,structured,1
DEC036_B_deepseek-v3.2,train_kb,conservative_noisy_or_conflict_adjusted,Zenbyte Smartwatch Lite 200,has_noise_cancellation,no,zenbyte smartwatch lite 200|has_noise_cancellation|no,0.98,product_200,structured,structured_row:Zenbyte Smartwatch Lite 200,structured,1
DEC036_B_deepseek-v3.2,train_kb,conservative_noisy_or_conflict_adjusted,Zenbyte Smartwatch Lite 200,manufactured_by,Zenbyte,zenbyte smartwatch lite 200|manufactured_by|zenbyte,0.95,product_200,unstructured,LP=0.999995;LPO=0.999995|Zenbyte Smartwatch Lite 200 is manufactured by Zenbyte. It is a smartwatch device. Priced at 199 USD. The display measures 11.0 inches. Comes with 4GB of RAM. Targeted at the EU market. Noise cancellation: no.,unstructured,1
DEC036_B_deepseek-v3.2,train_kb,conservative_noisy_or_conflict_adjusted,Zenbyte Smartwatch Lite 200,belongs_to_category,smartwatch,zenbyte smartwatch lite 200|belongs_to_category|smartwatch,0.9,product_200,unstructured,LP=0.987719;LPO=0.999785|Zenbyte Smartwatch Lite 200 is manufactured by Zenbyte. It is a smartwatch device. Priced at 199 USD. The display measures 11.0 inches. Comes with 4GB of RAM. Targeted at the EU market. Noise cancellation: no.,unstructured,1
DEC036_B_deepseek-v3.2,train_kb,conservative_noisy_or_conflict_adjusted,Zenbyte Smartwatch Lite 200,has_price_usd,199,zenbyte smartwatch lite 200|has_price_usd|199,0.95,product_200,unstructured,LP=0.999995;LPO=0.999997|Zenbyte Smartwatch Lite 200 is manufactured by Zenbyte. It is a smartwatch device. Priced at 199 USD. The display measures 11.0 inches. Comes with 4GB of RAM. Targeted at the EU market. Noise cancellation: no.,unstructured,1
DEC036_B_deepseek-v3.2,train_kb,conservative_noisy_or_conflict_adjusted,Zenbyte Smartwatch Lite 200,has_screen_size_inch,11.0,zenbyte smartwatch lite 200|has_screen_size_inch|11.0,0.94,product_200,unstructured,LP=0.999921;LPO=0.999705|Zenbyte Smartwatch Lite 200 is manufactured by Zenbyte. It is a smartwatch device. Priced at 199 USD. The display measures 11.0 inches. Comes with 4GB of RAM. Targeted at the EU market. Noise cancellation: no.,unstructured,1
DEC036_B_deepseek-v3.2,train_kb,conservative_noisy_or_conflict_adjusted,Zenbyte Smartwatch Lite 200,has_ram_gb,4,zenbyte smartwatch lite 200|has_ram_gb|4,0.93,product_200,unstructured,LP=0.999998;LPO=0.999999|Zenbyte Smartwatch Lite 200 is manufactured by Zenbyte. It is a smartwatch device. Priced at 199 USD. The display measures 11.0 inches. Comes with 4GB of RAM. Targeted at the EU market. Noise cancellation: no.,unstructured,1
DEC036_B_deepseek-v3.2,train_kb,conservative_noisy_or_conflict_adjusted,Zenbyte Smartwatch Lite 200,target_market_region,EU,zenbyte smartwatch lite 200|target_market_region|eu,0.92,product_200,unstructured,LP=0.999971;LPO=0.999985|Zenbyte Smartwatch Lite 200 is manufactured by Zenbyte. It is a smartwatch device. Priced at 199 USD. The display measures 11.0 inches. Comes with 4GB of RAM. Targeted at the EU market. Noise cancellation: no.,unstructured,1
DEC036_B_deepseek-v3.2,train_kb,conservative_noisy_or_conflict_adjusted,Zenbyte Smartwatch Lite 200,has_noise_cancellation,no,zenbyte smartwatch lite 200|has_noise_cancellation|no,0.96,product_200,unstructured,LP=0.997252;LPO=0.962494|Zenbyte Smartwatch Lite 200 is manufactured by Zenbyte. It is a smartwatch device. Priced at 199 USD. The display measures 11.0 inches. Comes with 4GB of RAM. Targeted at the EU market. Noise cancellation: no.,unstructured,1
