experiment_id,run_id,prob_kb_version,iteration,subject,predicate,object,triple_key,observation_count,observation_confidences,functional_predicate,competitor_count,conservative_noisy_or_support,conflict_adjusted_final_confidence,threshold,above_threshold,previous_final_confidence,crossed_threshold_up,crossed_threshold_down,source_ids,source_types,provenance,gold_label,kb_size,status
DEC029_NO_FEEDBACK,train_kb,conservative_noisy_or_conflict_adjusted,2,NeoTech Tablet Air 1,manufactured_by,NeoTech,neotech tablet air 1|manufactured_by|neotech,1,[0.98],True,0,0.735,0.735,0.88,False,0.735,False,False,"[""product_1""]","[""structured""]","[""structured_row:NeoTech Tablet Air 1""]",0,526,candidate
DEC029_NO_FEEDBACK,train_kb,conservative_noisy_or_conflict_adjusted,2,NeoTech Tablet Air 1,belongs_to_category,tablet,neotech tablet air 1|belongs_to_category|tablet,1,[0.98],True,0,0.735,0.735,0.88,False,0.735,False,False,"[""product_1""]","[""structured""]","[""structured_row:NeoTech Tablet Air 1""]",1,526,candidate
DEC029_NO_FEEDBACK,train_kb,conservative_noisy_or_conflict_adjusted,2,NeoTech Tablet Air 1,has_price_usd,699,neotech tablet air 1|has_price_usd|699,1,[0.98],True,0,0.735,0.735,0.88,False,0.735,False,False,"[""product_1""]","[""structured""]","[""structured_row:NeoTech Tablet Air 1""]",1,526,candidate
DEC029_NO_FEEDBACK,train_kb,conservative_noisy_or_conflict_adjusted,2,NeoTech Tablet Air 1,has_screen_size_inch,6.1,neotech tablet air 1|has_screen_size_inch|6.1,1,[0.98],True,0,0.735,0.735,0.88,False,0.735,False,False,"[""product_1""]","[""structured""]","[""structured_row:NeoTech Tablet Air 1""]",1,526,candidate
DEC029_NO_FEEDBACK,train_kb,conservative_noisy_or_conflict_adjusted,2,NeoTech Tablet Air 1,has_ram_gb,16,neotech tablet air 1|has_ram_gb|16,1,[0.98],True,0,0.735,0.735,0.88,False,0.735,False,False,"[""product_1""]","[""structured""]","[""structured_row:NeoTech Tablet Air 1""]",0,526,candidate
DEC029_NO_FEEDBACK,train_kb,conservative_noisy_or_conflict_adjusted,2,NeoTech Tablet Air 1,has_storage_gb,256,neotech tablet air 1|has_storage_gb|256,1,[0.98],True,0,0.735,0.735,0.88,False,0.735,False,False,"[""product_1""]","[""structured""]","[""structured_row:NeoTech Tablet Air 1""]",1,526,candidate
DEC029_NO_FEEDBACK,train_kb,conservative_noisy_or_conflict_adjusted,2,NeoTech Tablet Air 1,has_battery_life_hours,10,neotech tablet air 1|has_battery_life_hours|10,1,[0.98],True,0,0.735,0.735,0.88,False,0.735,False,False,"[""product_1""]","[""structured""]","[""structured_row:NeoTech Tablet Air 1""]",0,526,candidate
DEC029_NO_FEEDBACK,train_kb,conservative_noisy_or_conflict_adjusted,2,NeoTech Tablet Air 1,has_weight_kg,1.45,neotech tablet air 1|has_weight_kg|1.45,1,[0.98],True,0,0.735,0.735,0.88,False,0.735,False,False,"[""product_1""]","[""structured""]","[""structured_row:NeoTech Tablet Air 1""]",0,526,candidate
DEC029_NO_FEEDBACK,train_kb,conservative_noisy_or_conflict_adjusted,2,NeoTech Tablet Air 1,has_color,blue,neotech tablet air 1|has_color|blue,1,[0.98],False,0,0.735,0.735,0.88,False,0.735,False,False,"[""product_1""]","[""structured""]","[""structured_row:NeoTech Tablet Air 1""]",0,526,candidate
DEC029_NO_FEEDBACK,train_kb,conservative_noisy_or_conflict_adjusted,2,NeoTech Tablet Air 1,made_of_material,carbon fiber,neotech tablet air 1|made_of_material|carbon fiber,1,[0.98],True,0,0.735,0.735,0.88,False,0.735,False,False,"[""product_1""]","[""structured""]","[""structured_row:NeoTech Tablet Air 1""]",1,526,candidate
DEC029_NO_FEEDBACK,train_kb,conservative_noisy_or_conflict_adjusted,2,NeoTech Tablet Air 1,target_market_region,US,neotech tablet air 1|target_market_region|us,1,[0.98],True,0,0.735,0.735,0.88,False,0.735,False,False,"[""product_1""]","[""structured""]","[""structured_row:NeoTech Tablet Air 1""]",1,526,candidate
DEC029_NO_FEEDBACK,train_kb,conservative_noisy_or_conflict_adjusted,2,NeoTech Tablet Air 1,supports_fast_charging,yes,neotech tablet air 1|supports_fast_charging|yes,1,[0.98],True,0,0.735,0.735,0.88,False,0.735,False,False,"[""product_1""]","[""structured""]","[""structured_row:NeoTech Tablet Air 1""]",1,526,candidate
DEC029_NO_FEEDBACK,train_kb,conservative_noisy_or_conflict_adjusted,2,NeoTech Tablet Air 1,has_noise_cancellation,no,neotech tablet air 1|has_noise_cancellation|no,1,[0.98],True,0,0.735,0.735,0.88,False,0.735,False,False,"[""product_1""]","[""structured""]","[""structured_row:NeoTech Tablet Air 1""]",0,526,candidate
DEC029_NO_FEEDBACK,train_kb,conservative_noisy_or_conflict_adjusted,2,NeoTech Smartphone Pro 2,manufactured_by,NeoTech,neotech smartphone pro 2|manufactured_by|neotech,3,"[0.98, 0.95, 0.91]",True,0,0.97581046875,0.97581046875,0.88,True,0.9238124999999999,False,False,"[""product_2"", ""product_2"", ""product_2""]","[""structured"", ""unstructured"", ""unstructured""]","[""structured_row:NeoTech Smartphone Pro 2"", ""NeoTech Smartphone Pro 2 is manufactured by NeoTech. It is a smartphone device. The display measures 14.0 inches. Comes with 16GB of RAM. Offers 256GB of internal storage. Battery lasts up to 24 hours. Weighs approximately 1.45kg."", ""NeoTech Smartphone Pro 2 is manufactured by NeoTech. It is a smartphone device. The display measures 14.0 inches. Comes with 16GB of RAM. Offers 256GB of internal storage. Battery lasts up to 24 hours. Weighs approximately 1.45kg.""]",1,526,candidate
DEC029_NO_FEEDBACK,train_kb,conservative_noisy_or_conflict_adjusted,2,NeoTech Smartphone Pro 2,belongs_to_category,smartphone,neotech smartphone pro 2|belongs_to_category|smartphone,1,[0.98],True,0,0.735,0.735,0.88,False,0.735,False,False,"[""product_2""]","[""structured""]","[""structured_row:NeoTech Smartphone Pro 2""]",1,526,candidate
DEC029_NO_FEEDBACK,train_kb,conservative_noisy_or_conflict_adjusted,2,NeoTech Smartphone Pro 2,has_price_usd,249,neotech smartphone pro 2|has_price_usd|249,1,[0.98],True,0,0.735,0.735,0.88,False,0.735,False,False,"[""product_2""]","[""structured""]","[""structured_row:NeoTech Smartphone Pro 2""]",0,526,candidate
DEC029_NO_FEEDBACK,train_kb,conservative_noisy_or_conflict_adjusted,2,NeoTech Smartphone Pro 2,has_screen_size_inch,14.0,neotech smartphone pro 2|has_screen_size_inch|14.0,3,"[0.98, 0.92, 0.91]",True,0,0.973917375,0.973917375,0.88,True,0.91785,False,False,"[""product_2"", ""product_2"", ""product_2""]","[""structured"", ""unstructured"", ""unstructured""]","[""structured_row:NeoTech Smartphone Pro 2"", ""NeoTech Smartphone Pro 2 is manufactured by NeoTech. It is a smartphone device. The display measures 14.0 inches. Comes with 16GB of RAM. Offers 256GB of internal storage. Battery lasts up to 24 hours. Weighs approximately 1.45kg."", ""NeoTech Smartphone Pro 2 is manufactured by NeoTech. It is a smartphone device. The display measures 14.0 inches. Comes with 16GB of RAM. Offers 256GB of internal storage. Battery lasts up to 24 hours. Weighs approximately 1.45kg.""]",1,526,candidate
DEC029_NO_FEEDBACK,train_kb,conservative_noisy_or_conflict_adjusted,2,NeoTech Smartphone Pro 2,has_ram_gb,16,neotech smartphone pro 2|has_ram_gb|16,3,"[0.98, 0.93, 0.91]",True,0,0.97454840625,0.97454840625,0.88,True,0.9198375,False,False,"[""product_2"", ""product_2"", ""product_2""]","[""structured"", ""unstructured"", ""unstructured""]","[""structured_row:NeoTech Smartphone Pro 2"", ""NeoTech Smartphone Pro 2 is manufactured by NeoTech. It is a smartphone device. The display measures 14.0 inches. Comes with 16GB of RAM. Offers 256GB of internal storage. Battery lasts up to 24 hours. Weighs approximately 1.45kg."", ""NeoTech Smartphone Pro 2 is manufactured by NeoTech. It is a smartphone device. The display measures 14.0 inches. Comes with 16GB of RAM. Offers 256GB of internal storage. Battery lasts up to 24 hours. Weighs approximately 1.45kg.""]",1,526,candidate
DEC029_NO_FEEDBACK,train_kb,conservative_noisy_or_conflict_adjusted,2,NeoTech Smartphone Pro 2,has_storage_gb,256,neotech smartphone pro 2|has_storage_gb|256,3,"[0.98, 0.94, 0.91]",True,0,0.9751794375,0.9751794375,0.88,True,0.921825,False,False,"[""product_2"", ""product_2"", ""product_2""]","[""structured"", ""unstructured"", ""unstructured""]","[""structured_row:NeoTech Smartphone Pro 2"", ""NeoTech Smartphone Pro 2 is manufactured by NeoTech. It is a smartphone device. The display measures 14.0 inches. Comes with 16GB of RAM. Offers 256GB of internal storage. Battery lasts up to 24 hours. Weighs approximately 1.45kg."", ""NeoTech Smartphone Pro 2 is manufactured by NeoTech. It is a smartphone device. The display measures 14.0 inches. Comes with 16GB of RAM. Offers 256GB of internal storage. Battery lasts up to 24 hours. Weighs approximately 1.45kg.""]",1,526,candidate
DEC029_NO_FEEDBACK,train_kb,conservative_noisy_or_conflict_adjusted,2,NeoTech Smartphone Pro 2,has_battery_life_hours,24,neotech smartphone pro 2|has_battery_life_hours|24,3,"[0.98, 0.9, 0.91]",True,0,0.9726553125,0.9726553125,0.88,True,0.913875,False,False,"[""product_2"", ""product_2"", ""product_2""]","[""structured"", ""unstructured"", ""unstructured""]","[""structured_row:NeoTech Smartphone Pro 2"", ""NeoTech Smartphone Pro 2 is manufactured by NeoTech. It is a smartphone device. The display measures 14.0 inches. Comes with 16GB of RAM. Offers 256GB of internal storage. Battery lasts up to 24 hours. Weighs approximately 1.45kg."", ""NeoTech Smartphone Pro 2 is manufactured by NeoTech. It is a smartphone device. The display measures 14.0 inches. Comes with 16GB of RAM. Offers 256GB of internal storage. Battery lasts up to 24 hours. Weighs approximately 1.45kg.""]",1,526,candidate
DEC029_NO_FEEDBACK,train_kb,conservative_noisy_or_conflict_adjusted,2,NeoTech Smartphone Pro 2,has_weight_kg,1.45,neotech smartphone pro 2|has_weight_kg|1.45,3,"[0.98, 0.96, 0.91]",True,0,0.9764415,0.9764415,0.88,True,0.9258,False,False,"[""product_2"", ""product_2"", ""product_2""]","[""structured"", ""unstructured"", ""unstructured""]","[""structured_row:NeoTech Smartphone Pro 2"", ""NeoTech Smartphone Pro 2 is manufactured by NeoTech. It is a smartphone device. The display measures 14.0 inches. Comes with 16GB of RAM. Offers 256GB of internal storage. Battery lasts up to 24 hours. Weighs approximately 1.45kg."", ""NeoTech Smartphone Pro 2 is manufactured by NeoTech. It is a smartphone device. The display measures 14.0 inches. Comes with 16GB of RAM. Offers 256GB of internal storage. Battery lasts up to 24 hours. Weighs approximately 1.45kg.""]",1,526,candidate
DEC029_NO_FEEDBACK,train_kb,conservative_noisy_or_conflict_adjusted,2,NeoTech Smartphone Pro 2,has_color,green,neotech smartphone pro 2|has_color|green,1,[0.98],False,0,0.735,0.735,0.88,False,0.735,False,False,"[""product_2""]","[""structured""]","[""structured_row:NeoTech Smartphone Pro 2""]",0,526,candidate
DEC029_NO_FEEDBACK,train_kb,conservative_noisy_or_conflict_adjusted,2,NeoTech Smartphone Pro 2,made_of_material,carbon fiber,neotech smartphone pro 2|made_of_material|carbon fiber,1,[0.98],True,0,0.735,0.735,0.88,False,0.735,False,False,"[""product_2""]","[""structured""]","[""structured_row:NeoTech Smartphone Pro 2""]",0,526,candidate
DEC029_NO_FEEDBACK,train_kb,conservative_noisy_or_conflict_adjusted,2,NeoTech Smartphone Pro 2,target_market_region,Global,neotech smartphone pro 2|target_market_region|global,1,[0.98],True,0,0.735,0.735,0.88,False,0.735,False,False,"[""product_2""]","[""structured""]","[""structured_row:NeoTech Smartphone Pro 2""]",0,526,candidate
DEC029_NO_FEEDBACK,train_kb,conservative_noisy_or_conflict_adjusted,2,NeoTech Smartphone Pro 2,supports_fast_charging,no,neotech smartphone pro 2|supports_fast_charging|no,1,[0.98],True,0,0.735,0.735,0.88,False,0.735,False,False,"[""product_2""]","[""structured""]","[""structured_row:NeoTech Smartphone Pro 2""]",0,526,candidate
DEC029_NO_FEEDBACK,train_kb,conservative_noisy_or_conflict_adjusted,2,NeoTech Smartphone Pro 2,has_noise_cancellation,no,neotech smartphone pro 2|has_noise_cancellation|no,1,[0.98],True,0,0.735,0.735,0.88,False,0.735,False,False,"[""product_2""]","[""structured""]","[""structured_row:NeoTech Smartphone Pro 2""]",0,526,candidate
DEC029_NO_FEEDBACK,train_kb,conservative_noisy_or_conflict_adjusted,2,VoltEdge Tablet Max 8,manufactured_by,VoltEdge,voltedge tablet max 8|manufactured_by|voltedge,2,"[0.98, 0.95]",True,0,0.9238124999999999,0.9238124999999999,0.88,True,0.9238124999999999,False,False,"[""product_8"", ""product_8""]","[""structured"", ""unstructured""]","[""structured_row:VoltEdge Tablet Max 8"", ""VoltEdge Tablet Max 8 is manufactured by VoltEdge. Priced at 199 USD. Offers 256GB of internal storage. Battery lasts up to 24 hours. Weighs approximately 1.45kg. Available in blue. Built with carbon fiber construction.""]",1,526,candidate
DEC029_NO_FEEDBACK,train_kb,conservative_noisy_or_conflict_adjusted,2,VoltEdge Tablet Max 8,belongs_to_category,tablet,voltedge tablet max 8|belongs_to_category|tablet,1,[0.98],True,0,0.735,0.735,0.88,False,0.735,False,False,"[""product_8""]","[""structured""]","[""structured_row:VoltEdge Tablet Max 8""]",0,526,candidate
DEC029_NO_FEEDBACK,train_kb,conservative_noisy_or_conflict_adjusted,2,VoltEdge Tablet Max 8,has_price_usd,199,voltedge tablet max 8|has_price_usd|199,2,"[0.98, 0.92]",True,0,0.91785,0.91785,0.88,True,0.91785,False,False,"[""product_8"", ""product_8""]","[""structured"", ""unstructured""]","[""structured_row:VoltEdge Tablet Max 8"", ""VoltEdge Tablet Max 8 is manufactured by VoltEdge. Priced at 199 USD. Offers 256GB of internal storage. Battery lasts up to 24 hours. Weighs approximately 1.45kg. Available in blue. Built with carbon fiber construction.""]",1,526,candidate
DEC029_NO_FEEDBACK,train_kb,conservative_noisy_or_conflict_adjusted,2,VoltEdge Tablet Max 8,has_screen_size_inch,13.3,voltedge tablet max 8|has_screen_size_inch|13.3,1,[0.98],True,0,0.735,0.735,0.88,False,0.735,False,False,"[""product_8""]","[""structured""]","[""structured_row:VoltEdge Tablet Max 8""]",0,526,candidate
DEC029_NO_FEEDBACK,train_kb,conservative_noisy_or_conflict_adjusted,2,VoltEdge Tablet Max 8,has_ram_gb,16,voltedge tablet max 8|has_ram_gb|16,1,[0.98],True,0,0.735,0.735,0.88,False,0.735,False,False,"[""product_8""]","[""structured""]","[""structured_row:VoltEdge Tablet Max 8""]",0,526,candidate
DEC029_NO_FEEDBACK,train_kb,conservative_noisy_or_conflict_adjusted,2,VoltEdge Tablet Max 8,has_storage_gb,256,voltedge tablet max 8|has_storage_gb|256,2,"[0.98, 0.93]",True,0,0.9198375,0.9198375,0.88,True,0.9198375,False,False,"[""product_8"", ""product_8""]","[""structured"", ""unstructured""]","[""structured_row:VoltEdge Tablet Max 8"", ""VoltEdge Tablet Max 8 is manufactured by VoltEdge. Priced at 199 USD. Offers 256GB of internal storage. Battery lasts up to 24 hours. Weighs approximately 1.45kg. Available in blue. Built with carbon fiber construction.""]",1,526,candidate
DEC029_NO_FEEDBACK,train_kb,conservative_noisy_or_conflict_adjusted,2,VoltEdge Tablet Max 8,has_battery_life_hours,24,voltedge tablet max 8|has_battery_life_hours|24,2,"[0.98, 0.94]",True,0,0.921825,0.921825,0.88,True,0.921825,False,False,"[""product_8"", ""product_8""]","[""structured"", ""unstructured""]","[""structured_row:VoltEdge Tablet Max 8"", ""VoltEdge Tablet Max 8 is manufactured by VoltEdge. Priced at 199 USD. Offers 256GB of internal storage. Battery lasts up to 24 hours. Weighs approximately 1.45kg. Available in blue. Built with carbon fiber construction.""]",1,526,candidate
DEC029_NO_FEEDBACK,train_kb,conservative_noisy_or_conflict_adjusted,2,VoltEdge Tablet Max 8,has_weight_kg,1.45,voltedge tablet max 8|has_weight_kg|1.45,2,"[0.98, 0.96]",True,0,0.9258,0.9258,0.88,True,0.9258,False,False,"[""product_8"", ""product_8""]","[""structured"", ""unstructured""]","[""structured_row:VoltEdge Tablet Max 8"", ""VoltEdge Tablet Max 8 is manufactured by VoltEdge. Priced at 199 USD. Offers 256GB of internal storage. Battery lasts up to 24 hours. Weighs approximately 1.45kg. Available in blue. Built with carbon fiber construction.""]",1,526,candidate
DEC029_NO_FEEDBACK,train_kb,conservative_noisy_or_conflict_adjusted,2,VoltEdge Tablet Max 8,has_color,blue,voltedge tablet max 8|has_color|blue,2,"[0.98, 0.9]",False,0,0.913875,0.913875,0.88,True,0.913875,False,False,"[""product_8"", ""product_8""]","[""structured"", ""unstructured""]","[""structured_row:VoltEdge Tablet Max 8"", ""VoltEdge Tablet Max 8 is manufactured by VoltEdge. Priced at 199 USD. Offers 256GB of internal storage. Battery lasts up to 24 hours. Weighs approximately 1.45kg. Available in blue. Built with carbon fiber construction.""]",1,526,candidate
DEC029_NO_FEEDBACK,train_kb,conservative_noisy_or_conflict_adjusted,2,VoltEdge Tablet Max 8,made_of_material,carbon fiber,voltedge tablet max 8|made_of_material|carbon fiber,2,"[0.98, 0.89]",True,0,0.9118875,0.9118875,0.88,True,0.9118875,False,False,"[""product_8"", ""product_8""]","[""structured"", ""unstructured""]","[""structured_row:VoltEdge Tablet Max 8"", ""VoltEdge Tablet Max 8 is manufactured by VoltEdge. Priced at 199 USD. Offers 256GB of internal storage. Battery lasts up to 24 hours. Weighs approximately 1.45kg. Available in blue. Built with carbon fiber construction.""]",1,526,candidate
DEC029_NO_FEEDBACK,train_kb,conservative_noisy_or_conflict_adjusted,2,VoltEdge Tablet Max 8,target_market_region,US,voltedge tablet max 8|target_market_region|us,1,[0.98],True,0,0.735,0.735,0.88,False,0.735,False,False,"[""product_8""]","[""structured""]","[""structured_row:VoltEdge Tablet Max 8""]",0,526,candidate
DEC029_NO_FEEDBACK,train_kb,conservative_noisy_or_conflict_adjusted,2,VoltEdge Tablet Max 8,supports_fast_charging,no,voltedge tablet max 8|supports_fast_charging|no,1,[0.98],True,0,0.735,0.735,0.88,False,0.735,False,False,"[""product_8""]","[""structured""]","[""structured_row:VoltEdge Tablet Max 8""]",0,526,candidate
DEC029_NO_FEEDBACK,train_kb,conservative_noisy_or_conflict_adjusted,2,VoltEdge Tablet Max 8,has_noise_cancellation,no,voltedge tablet max 8|has_noise_cancellation|no,1,[0.98],True,0,0.735,0.735,0.88,False,0.735,False,False,"[""product_8""]","[""structured""]","[""structured_row:VoltEdge Tablet Max 8""]",0,526,candidate
DEC029_NO_FEEDBACK,train_kb,conservative_noisy_or_conflict_adjusted,2,Auralex Laptop Plus 9,manufactured_by,Auralex,auralex laptop plus 9|manufactured_by|auralex,1,[0.98],True,0,0.735,0.735,0.88,False,0.735,False,False,"[""product_9""]","[""structured""]","[""structured_row:Auralex Laptop Plus 9""]",0,526,candidate
DEC029_NO_FEEDBACK,train_kb,conservative_noisy_or_conflict_adjusted,2,Auralex Laptop Plus 9,belongs_to_category,laptop,auralex laptop plus 9|belongs_to_category|laptop,1,[0.98],True,0,0.735,0.735,0.88,False,0.735,False,False,"[""product_9""]","[""structured""]","[""structured_row:Auralex Laptop Plus 9""]",0,526,candidate
DEC029_NO_FEEDBACK,train_kb,conservative_noisy_or_conflict_adjusted,2,Auralex Laptop Plus 9,has_price_usd,1299,auralex laptop plus 9|has_price_usd|1299,1,[0.98],True,0,0.735,0.735,0.88,False,0.735,False,False,"[""product_9""]","[""structured""]","[""structured_row:Auralex Laptop Plus 9""]",0,526,candidate
DEC029_NO_FEEDBACK,train_kb,conservative_noisy_or_conflict_adjusted,2,Auralex Laptop Plus 9,has_screen_size_inch,6.1,auralex laptop plus 9|has_screen_size_inch|6.1,1,[0.98],True,0,0.735,0.735,0.88,False,0.735,False,False,"[""product_9""]","[""structured""]","[""structured_row:Auralex Laptop Plus 9""]",0,526,candidate
DEC029_NO_FEEDBACK,train_kb,conservative_noisy_or_conflict_adjusted,2,Auralex Laptop Plus 9,has_ram_gb,4,auralex laptop plus 9|has_ram_gb|4,1,[0.98],True,0,0.735,0.735,0.88,False,0.735,False,False,"[""product_9""]","[""structured""]","[""structured_row:Auralex Laptop Plus 9""]",1,526,candidate
DEC029_NO_FEEDBACK,train_kb,conservative_noisy_or_conflict_adjusted,2,Auralex Laptop Plus 9,has_storage_gb,1024,auralex laptop plus 9|has_storage_gb|1024,1,[0.98],True,0,0.735,0.735,0.88,False,0.735,False,False,"[""product_9""]","[""structured""]","[""structured_row:Auralex Laptop Plus 9""]",0,526,candidate
DEC029_NO_FEEDBACK,train_kb,conservative_noisy_or_conflict_adjusted,2,Auralex Laptop Plus 9,has_battery_life_hours,8,auralex laptop plus 9|has_battery_life_hours|8,1,[0.98],True,0,0.735,0.735,0.88,False,0.735,False,False,"[""product_9""]","[""structured""]","[""structured_row:Auralex Laptop Plus 9""]",1,526,candidate
DEC029_NO_FEEDBACK,train_kb,conservative_noisy_or_conflict_adjusted,2,Auralex Laptop Plus 9,has_weight_kg,0.18,auralex laptop plus 9|has_weight_kg|0.18,1,[0.98],True,0,0.735,0.735,0.88,False,0.735,False,False,"[""product_9""]","[""structured""]","[""structured_row:Auralex Laptop Plus 9""]",1,526,candidate
DEC029_NO_FEEDBACK,train_kb,conservative_noisy_or_conflict_adjusted,2,Auralex Laptop Plus 9,has_color,blue,auralex laptop plus 9|has_color|blue,1,[0.98],False,0,0.735,0.735,0.88,False,0.735,False,False,"[""product_9""]","[""structured""]","[""structured_row:Auralex Laptop Plus 9""]",1,526,candidate
DEC029_NO_FEEDBACK,train_kb,conservative_noisy_or_conflict_adjusted,2,Auralex Laptop Plus 9,made_of_material,plastic,auralex laptop plus 9|made_of_material|plastic,1,[0.98],True,0,0.735,0.735,0.88,False,0.735,False,False,"[""product_9""]","[""structured""]","[""structured_row:Auralex Laptop Plus 9""]",0,526,candidate
DEC029_NO_FEEDBACK,train_kb,conservative_noisy_or_conflict_adjusted,2,Auralex Laptop Plus 9,target_market_region,APAC,auralex laptop plus 9|target_market_region|apac,1,[0.98],True,0,0.735,0.735,0.88,False,0.735,False,False,"[""product_9""]","[""structured""]","[""structured_row:Auralex Laptop Plus 9""]",1,526,candidate
DEC029_NO_FEEDBACK,train_kb,conservative_noisy_or_conflict_adjusted,2,Auralex Laptop Plus 9,supports_fast_charging,yes,auralex laptop plus 9|supports_fast_charging|yes,1,[0.98],True,0,0.735,0.735,0.88,False,0.735,False,False,"[""product_9""]","[""structured""]","[""structured_row:Auralex Laptop Plus 9""]",1,526,candidate
DEC029_NO_FEEDBACK,train_kb,conservative_noisy_or_conflict_adjusted,2,Auralex Laptop Plus 9,has_noise_cancellation,no,auralex laptop plus 9|has_noise_cancellation|no,1,[0.98],True,0,0.735,0.735,0.88,False,0.735,False,False,"[""product_9""]","[""structured""]","[""structured_row:Auralex Laptop Plus 9""]",1,526,candidate
DEC029_NO_FEEDBACK,train_kb,conservative_noisy_or_conflict_adjusted,2,PixelWare Smartphone Air 11,manufactured_by,PixelWare,pixelware smartphone air 11|manufactured_by|pixelware,3,"[0.98, 0.85, 0.92]",True,0,0.970220625,0.970220625,0.88,True,0.9039375,False,False,"[""product_11"", ""product_11"", ""product_11""]","[""structured"", ""unstructured"", ""unstructured""]","[""structured_row:PixelWare Smartphone Air 11"", ""PixelWare Smartphone Air 11 is manufactured by PixelWare. It is a smartphone device. Priced at 1299 USD. The display measures 6.1 inches. Offers 256GB of internal storage. Available in white. Built with aluminum construction."", ""PixelWare Smartphone Air 11 is manufactured by PixelWare. It is a smartphone device. Priced at 1299 USD. The display measures 6.1 inches. Offers 256GB of internal storage. Available in white. Built with aluminum construction.""]",1,526,candidate
DEC029_NO_FEEDBACK,train_kb,conservative_noisy_or_conflict_adjusted,2,PixelWare Smartphone Air 11,belongs_to_category,smartphone,pixelware smartphone air 11|belongs_to_category|smartphone,1,[0.98],True,1,0.735,0.3675,0.88,False,0.3675,False,False,"[""product_11""]","[""structured""]","[""structured_row:PixelWare Smartphone Air 11""]",1,526,candidate
DEC029_NO_FEEDBACK,train_kb,conservative_noisy_or_conflict_adjusted,2,PixelWare Smartphone Air 11,has_price_usd,1299,pixelware smartphone air 11|has_price_usd|1299,3,"[0.98, 0.92, 0.92]",True,0,0.9745335,0.9745335,0.88,True,0.91785,False,False,"[""product_11"", ""product_11"", ""product_11""]","[""structured"", ""unstructured"", ""unstructured""]","[""structured_row:PixelWare Smartphone Air 11"", ""PixelWare Smartphone Air 11 is manufactured by PixelWare. It is a smartphone device. Priced at 1299 USD. The display measures 6.1 inches. Offers 256GB of internal storage. Available in white. Built with aluminum construction."", ""PixelWare Smartphone Air 11 is manufactured by PixelWare. It is a smartphone device. Priced at 1299 USD. The display measures 6.1 inches. Offers 256GB of internal storage. Available in white. Built with aluminum construction.""]",1,526,candidate
DEC029_NO_FEEDBACK,train_kb,conservative_noisy_or_conflict_adjusted,2,PixelWare Smartphone Air 11,has_screen_size_inch,6.1,pixelware smartphone air 11|has_screen_size_inch|6.1,3,"[0.98, 0.9, 0.92]",True,0,0.97330125,0.97330125,0.88,True,0.913875,False,False,"[""product_11"", ""product_11"", ""product_11""]","[""structured"", ""unstructured"", ""unstructured""]","[""structured_row:PixelWare Smartphone Air 11"", ""PixelWare Smartphone Air 11 is manufactured by PixelWare. It is a smartphone device. Priced at 1299 USD. The display measures 6.1 inches. Offers 256GB of internal storage. Available in white. Built with aluminum construction."", ""PixelWare Smartphone Air 11 is manufactured by PixelWare. It is a smartphone device. Priced at 1299 USD. The display measures 6.1 inches. Offers 256GB of internal storage. Available in white. Built with aluminum construction.""]",1,526,candidate
DEC029_NO_FEEDBACK,train_kb,conservative_noisy_or_conflict_adjusted,2,PixelWare Smartphone Air 11,has_ram_gb,16,pixelware smartphone air 11|has_ram_gb|16,1,[0.98],True,0,0.735,0.735,0.88,False,0.735,False,False,"[""product_11""]","[""structured""]","[""structured_row:PixelWare Smartphone Air 11""]",0,526,candidate
DEC029_NO_FEEDBACK,train_kb,conservative_noisy_or_conflict_adjusted,2,PixelWare Smartphone Air 11,has_storage_gb,256,pixelware smartphone air 11|has_storage_gb|256,3,"[0.98, 0.89, 0.92]",True,0,0.972685125,0.972685125,0.88,True,0.9118875,False,False,"[""product_11"", ""product_11"", ""product_11""]","[""structured"", ""unstructured"", ""unstructured""]","[""structured_row:PixelWare Smartphone Air 11"", ""PixelWare Smartphone Air 11 is manufactured by PixelWare. It is a smartphone device. Priced at 1299 USD. The display measures 6.1 inches. Offers 256GB of internal storage. Available in white. Built with aluminum construction."", ""PixelWare Smartphone Air 11 is manufactured by PixelWare. It is a smartphone device. Priced at 1299 USD. The display measures 6.1 inches. Offers 256GB of internal storage. Available in white. Built with aluminum construction.""]",1,526,candidate
DEC029_NO_FEEDBACK,train_kb,conservative_noisy_or_conflict_adjusted,2,PixelWare Smartphone Air 11,has_battery_life_hours,14,pixelware smartphone air 11|has_battery_life_hours|14,1,[0.98],True,0,0.735,0.735,0.88,False,0.735,False,False,"[""product_11""]","[""structured""]","[""structured_row:PixelWare Smartphone Air 11""]",0,526,candidate
DEC029_NO_FEEDBACK,train_kb,conservative_noisy_or_conflict_adjusted,2,PixelWare Smartphone Air 11,has_weight_kg,0.18,pixelware smartphone air 11|has_weight_kg|0.18,1,[0.98],True,0,0.735,0.735,0.88,False,0.735,False,False,"[""product_11""]","[""structured""]","[""structured_row:PixelWare Smartphone Air 11""]",0,526,candidate
DEC029_NO_FEEDBACK,train_kb,conservative_noisy_or_conflict_adjusted,2,PixelWare Smartphone Air 11,has_color,white,pixelware smartphone air 11|has_color|white,3,"[0.98, 0.86, 0.92]",False,0,0.97083675,0.97083675,0.88,True,0.905925,False,False,"[""product_11"", ""product_11"", ""product_11""]","[""structured"", ""unstructured"", ""unstructured""]","[""structured_row:PixelWare Smartphone Air 11"", ""PixelWare Smartphone Air 11 is manufactured by PixelWare. It is a smartphone device. Priced at 1299 USD. The display measures 6.1 inches. Offers 256GB of internal storage. Available in white. Built with aluminum construction."", ""PixelWare Smartphone Air 11 is manufactured by PixelWare. It is a smartphone device. Priced at 1299 USD. The display measures 6.1 inches. Offers 256GB of internal storage. Available in white. Built with aluminum construction.""]",1,526,candidate
DEC029_NO_FEEDBACK,train_kb,conservative_noisy_or_conflict_adjusted,2,PixelWare Smartphone Air 11,made_of_material,aluminum,pixelware smartphone air 11|made_of_material|aluminum,3,"[0.98, 0.84, 0.92]",True,0,0.9696045,0.9696045,0.88,True,0.90195,False,False,"[""product_11"", ""product_11"", ""product_11""]","[""structured"", ""unstructured"", ""unstructured""]","[""structured_row:PixelWare Smartphone Air 11"", ""PixelWare Smartphone Air 11 is manufactured by PixelWare. It is a smartphone device. Priced at 1299 USD. The display measures 6.1 inches. Offers 256GB of internal storage. Available in white. Built with aluminum construction."", ""PixelWare Smartphone Air 11 is manufactured by PixelWare. It is a smartphone device. Priced at 1299 USD. The display measures 6.1 inches. Offers 256GB of internal storage. Available in white. Built with aluminum construction.""]",1,526,candidate
DEC029_NO_FEEDBACK,train_kb,conservative_noisy_or_conflict_adjusted,2,PixelWare Smartphone Air 11,target_market_region,Global,pixelware smartphone air 11|target_market_region|global,1,[0.98],True,0,0.735,0.735,0.88,False,0.735,False,False,"[""product_11""]","[""structured""]","[""structured_row:PixelWare Smartphone Air 11""]",0,526,candidate
DEC029_NO_FEEDBACK,train_kb,conservative_noisy_or_conflict_adjusted,2,PixelWare Smartphone Air 11,supports_fast_charging,yes,pixelware smartphone air 11|supports_fast_charging|yes,1,[0.98],True,0,0.735,0.735,0.88,False,0.735,False,False,"[""product_11""]","[""structured""]","[""structured_row:PixelWare Smartphone Air 11""]",0,526,candidate
DEC029_NO_FEEDBACK,train_kb,conservative_noisy_or_conflict_adjusted,2,PixelWare Smartphone Air 11,has_noise_cancellation,no,pixelware smartphone air 11|has_noise_cancellation|no,1,[0.98],True,0,0.735,0.735,0.88,False,0.735,False,False,"[""product_11""]","[""structured""]","[""structured_row:PixelWare Smartphone Air 11""]",0,526,candidate
DEC029_NO_FEEDBACK,train_kb,conservative_noisy_or_conflict_adjusted,2,PixelWare Smartphone Air 11,belongs_to_category,smartphone device,pixelware smartphone air 11|belongs_to_category|smartphone device,1,[0.88],True,1,0.66,0.33,0.88,False,0.33,False,False,"[""product_11""]","[""unstructured""]","[""PixelWare Smartphone Air 11 is manufactured by PixelWare. It is a smartphone device. Priced at 1299 USD. The display measures 6.1 inches. Offers 256GB of internal storage. Available in white. Built with aluminum construction.""]",0,526,candidate
DEC029_NO_FEEDBACK,train_kb,conservative_noisy_or_conflict_adjusted,2,NeoTech Tablet Max 12,manufactured_by,NeoTech,neotech tablet max 12|manufactured_by|neotech,1,[0.98],True,0,0.735,0.735,0.88,False,0.735,False,False,"[""product_12""]","[""structured""]","[""structured_row:NeoTech Tablet Max 12""]",0,526,candidate
DEC029_NO_FEEDBACK,train_kb,conservative_noisy_or_conflict_adjusted,2,NeoTech Tablet Max 12,belongs_to_category,tablet,neotech tablet max 12|belongs_to_category|tablet,1,[0.98],True,0,0.735,0.735,0.88,False,0.735,False,False,"[""product_12""]","[""structured""]","[""structured_row:NeoTech Tablet Max 12""]",1,526,candidate
DEC029_NO_FEEDBACK,train_kb,conservative_noisy_or_conflict_adjusted,2,NeoTech Tablet Max 12,has_price_usd,199,neotech tablet max 12|has_price_usd|199,1,[0.98],True,0,0.735,0.735,0.88,False,0.735,False,False,"[""product_12""]","[""structured""]","[""structured_row:NeoTech Tablet Max 12""]",1,526,candidate
DEC029_NO_FEEDBACK,train_kb,conservative_noisy_or_conflict_adjusted,2,NeoTech Tablet Max 12,has_screen_size_inch,10.9,neotech tablet max 12|has_screen_size_inch|10.9,1,[0.98],True,0,0.735,0.735,0.88,False,0.735,False,False,"[""product_12""]","[""structured""]","[""structured_row:NeoTech Tablet Max 12""]",0,526,candidate
DEC029_NO_FEEDBACK,train_kb,conservative_noisy_or_conflict_adjusted,2,NeoTech Tablet Max 12,has_ram_gb,4,neotech tablet max 12|has_ram_gb|4,1,[0.98],True,0,0.735,0.735,0.88,False,0.735,False,False,"[""product_12""]","[""structured""]","[""structured_row:NeoTech Tablet Max 12""]",1,526,candidate
DEC029_NO_FEEDBACK,train_kb,conservative_noisy_or_conflict_adjusted,2,NeoTech Tablet Max 12,has_storage_gb,128,neotech tablet max 12|has_storage_gb|128,1,[0.98],True,0,0.735,0.735,0.88,False,0.735,False,False,"[""product_12""]","[""structured""]","[""structured_row:NeoTech Tablet Max 12""]",0,526,candidate
DEC029_NO_FEEDBACK,train_kb,conservative_noisy_or_conflict_adjusted,2,NeoTech Tablet Max 12,has_battery_life_hours,24,neotech tablet max 12|has_battery_life_hours|24,1,[0.98],True,0,0.735,0.735,0.88,False,0.735,False,False,"[""product_12""]","[""structured""]","[""structured_row:NeoTech Tablet Max 12""]",0,526,candidate
DEC029_NO_FEEDBACK,train_kb,conservative_noisy_or_conflict_adjusted,2,NeoTech Tablet Max 12,has_weight_kg,0.18,neotech tablet max 12|has_weight_kg|0.18,1,[0.98],True,0,0.735,0.735,0.88,False,0.735,False,False,"[""product_12""]","[""structured""]","[""structured_row:NeoTech Tablet Max 12""]",1,526,candidate
DEC029_NO_FEEDBACK,train_kb,conservative_noisy_or_conflict_adjusted,2,NeoTech Tablet Max 12,has_color,white,neotech tablet max 12|has_color|white,1,[0.98],False,0,0.735,0.735,0.88,False,0.735,False,False,"[""product_12""]","[""structured""]","[""structured_row:NeoTech Tablet Max 12""]",0,526,candidate
DEC029_NO_FEEDBACK,train_kb,conservative_noisy_or_conflict_adjusted,2,NeoTech Tablet Max 12,made_of_material,carbon fiber,neotech tablet max 12|made_of_material|carbon fiber,1,[0.98],True,0,0.735,0.735,0.88,False,0.735,False,False,"[""product_12""]","[""structured""]","[""structured_row:NeoTech Tablet Max 12""]",1,526,candidate
DEC029_NO_FEEDBACK,train_kb,conservative_noisy_or_conflict_adjusted,2,NeoTech Tablet Max 12,target_market_region,EU,neotech tablet max 12|target_market_region|eu,1,[0.98],True,0,0.735,0.735,0.88,False,0.735,False,False,"[""product_12""]","[""structured""]","[""structured_row:NeoTech Tablet Max 12""]",1,526,candidate
DEC029_NO_FEEDBACK,train_kb,conservative_noisy_or_conflict_adjusted,2,NeoTech Tablet Max 12,supports_fast_charging,yes,neotech tablet max 12|supports_fast_charging|yes,1,[0.98],True,0,0.735,0.735,0.88,False,0.735,False,False,"[""product_12""]","[""structured""]","[""structured_row:NeoTech Tablet Max 12""]",1,526,candidate
DEC029_NO_FEEDBACK,train_kb,conservative_noisy_or_conflict_adjusted,2,NeoTech Tablet Max 12,has_noise_cancellation,no,neotech tablet max 12|has_noise_cancellation|no,1,[0.98],True,0,0.735,0.735,0.88,False,0.735,False,False,"[""product_12""]","[""structured""]","[""structured_row:NeoTech Tablet Max 12""]",0,526,candidate
DEC029_NO_FEEDBACK,train_kb,conservative_noisy_or_conflict_adjusted,2,NeoTech Laptop Pro 13,manufactured_by,NeoTech,neotech laptop pro 13|manufactured_by|neotech,2,"[0.98, 0.95]",True,0,0.9238124999999999,0.9238124999999999,0.88,True,0.9238124999999999,False,False,"[""product_13"", ""product_13""]","[""structured"", ""unstructured""]","[""structured_row:NeoTech Laptop Pro 13"", ""NeoTech Laptop Pro 13 is manufactured by NeoTech. Offers 512GB of internal storage. Battery lasts up to 18 hours. Weighs approximately 1.8kg. Built with carbon fiber construction. Targeted at the EU market. Fast charging is yes.""]",1,526,candidate
DEC029_NO_FEEDBACK,train_kb,conservative_noisy_or_conflict_adjusted,2,NeoTech Laptop Pro 13,belongs_to_category,laptop,neotech laptop pro 13|belongs_to_category|laptop,1,[0.98],True,0,0.735,0.735,0.88,False,0.735,False,False,"[""product_13""]","[""structured""]","[""structured_row:NeoTech Laptop Pro 13""]",0,526,candidate
DEC029_NO_FEEDBACK,train_kb,conservative_noisy_or_conflict_adjusted,2,NeoTech Laptop Pro 13,has_price_usd,249,neotech laptop pro 13|has_price_usd|249,1,[0.98],True,0,0.735,0.735,0.88,False,0.735,False,False,"[""product_13""]","[""structured""]","[""structured_row:NeoTech Laptop Pro 13""]",0,526,candidate
DEC029_NO_FEEDBACK,train_kb,conservative_noisy_or_conflict_adjusted,2,NeoTech Laptop Pro 13,has_screen_size_inch,15.6,neotech laptop pro 13|has_screen_size_inch|15.6,1,[0.98],True,0,0.735,0.735,0.88,False,0.735,False,False,"[""product_13""]","[""structured""]","[""structured_row:NeoTech Laptop Pro 13""]",0,526,candidate
DEC029_NO_FEEDBACK,train_kb,conservative_noisy_or_conflict_adjusted,2,NeoTech Laptop Pro 13,has_ram_gb,8,neotech laptop pro 13|has_ram_gb|8,1,[0.98],True,0,0.735,0.735,0.88,False,0.735,False,False,"[""product_13""]","[""structured""]","[""structured_row:NeoTech Laptop Pro 13""]",0,526,candidate
DEC029_NO_FEEDBACK,train_kb,conservative_noisy_or_conflict_adjusted,2,NeoTech Laptop Pro 13,has_storage_gb,512,neotech laptop pro 13|has_storage_gb|512,2,"[0.98, 0.95]",True,0,0.9238124999999999,0.9238124999999999,0.88,True,0.9238124999999999,False,False,"[""product_13"", ""product_13""]","[""structured"", ""unstructured""]","[""structured_row:NeoTech Laptop Pro 13"", ""NeoTech Laptop Pro 13 is manufactured by NeoTech. Offers 512GB of internal storage. Battery lasts up to 18 hours. Weighs approximately 1.8kg. Built with carbon fiber construction. Targeted at the EU market. Fast charging is yes.""]",1,526,candidate
DEC029_NO_FEEDBACK,train_kb,conservative_noisy_or_conflict_adjusted,2,NeoTech Laptop Pro 13,has_battery_life_hours,18,neotech laptop pro 13|has_battery_life_hours|18,2,"[0.98, 0.95]",True,0,0.9238124999999999,0.9238124999999999,0.88,True,0.9238124999999999,False,False,"[""product_13"", ""product_13""]","[""structured"", ""unstructured""]","[""structured_row:NeoTech Laptop Pro 13"", ""NeoTech Laptop Pro 13 is manufactured by NeoTech. Offers 512GB of internal storage. Battery lasts up to 18 hours. Weighs approximately 1.8kg. Built with carbon fiber construction. Targeted at the EU market. Fast charging is yes.""]",1,526,candidate
DEC029_NO_FEEDBACK,train_kb,conservative_noisy_or_conflict_adjusted,2,NeoTech Laptop Pro 13,has_weight_kg,1.8,neotech laptop pro 13|has_weight_kg|1.8,2,"[0.98, 0.95]",True,0,0.9238124999999999,0.9238124999999999,0.88,True,0.9238124999999999,False,False,"[""product_13"", ""product_13""]","[""structured"", ""unstructured""]","[""structured_row:NeoTech Laptop Pro 13"", ""NeoTech Laptop Pro 13 is manufactured by NeoTech. Offers 512GB of internal storage. Battery lasts up to 18 hours. Weighs approximately 1.8kg. Built with carbon fiber construction. Targeted at the EU market. Fast charging is yes.""]",1,526,candidate
DEC029_NO_FEEDBACK,train_kb,conservative_noisy_or_conflict_adjusted,2,NeoTech Laptop Pro 13,has_color,white,neotech laptop pro 13|has_color|white,1,[0.98],False,0,0.735,0.735,0.88,False,0.735,False,False,"[""product_13""]","[""structured""]","[""structured_row:NeoTech Laptop Pro 13""]",0,526,candidate
DEC029_NO_FEEDBACK,train_kb,conservative_noisy_or_conflict_adjusted,2,NeoTech Laptop Pro 13,made_of_material,carbon fiber,neotech laptop pro 13|made_of_material|carbon fiber,2,"[0.98, 0.95]",True,0,0.9238124999999999,0.9238124999999999,0.88,True,0.9238124999999999,False,False,"[""product_13"", ""product_13""]","[""structured"", ""unstructured""]","[""structured_row:NeoTech Laptop Pro 13"", ""NeoTech Laptop Pro 13 is manufactured by NeoTech. Offers 512GB of internal storage. Battery lasts up to 18 hours. Weighs approximately 1.8kg. Built with carbon fiber construction. Targeted at the EU market. Fast charging is yes.""]",1,526,candidate
DEC029_NO_FEEDBACK,train_kb,conservative_noisy_or_conflict_adjusted,2,NeoTech Laptop Pro 13,target_market_region,EU,neotech laptop pro 13|target_market_region|eu,2,"[0.98, 0.95]",True,0,0.9238124999999999,0.9238124999999999,0.88,True,0.9238124999999999,False,False,"[""product_13"", ""product_13""]","[""structured"", ""unstructured""]","[""structured_row:NeoTech Laptop Pro 13"", ""NeoTech Laptop Pro 13 is manufactured by NeoTech. Offers 512GB of internal storage. Battery lasts up to 18 hours. Weighs approximately 1.8kg. Built with carbon fiber construction. Targeted at the EU market. Fast charging is yes.""]",1,526,candidate
DEC029_NO_FEEDBACK,train_kb,conservative_noisy_or_conflict_adjusted,2,NeoTech Laptop Pro 13,supports_fast_charging,yes,neotech laptop pro 13|supports_fast_charging|yes,2,"[0.98, 0.95]",True,0,0.9238124999999999,0.9238124999999999,0.88,True,0.9238124999999999,False,False,"[""product_13"", ""product_13""]","[""structured"", ""unstructured""]","[""structured_row:NeoTech Laptop Pro 13"", ""NeoTech Laptop Pro 13 is manufactured by NeoTech. Offers 512GB of internal storage. Battery lasts up to 18 hours. Weighs approximately 1.8kg. Built with carbon fiber construction. Targeted at the EU market. Fast charging is yes.""]",1,526,candidate
DEC029_NO_FEEDBACK,train_kb,conservative_noisy_or_conflict_adjusted,2,NeoTech Laptop Pro 13,has_noise_cancellation,no,neotech laptop pro 13|has_noise_cancellation|no,1,[0.98],True,0,0.735,0.735,0.88,False,0.735,False,False,"[""product_13""]","[""structured""]","[""structured_row:NeoTech Laptop Pro 13""]",0,526,candidate
DEC029_NO_FEEDBACK,train_kb,conservative_noisy_or_conflict_adjusted,2,Zenbyte Smartwatch Plus 15,manufactured_by,Zenbyte,zenbyte smartwatch plus 15|manufactured_by|zenbyte,1,[0.98],True,0,0.735,0.735,0.88,False,0.735,False,False,"[""product_15""]","[""structured""]","[""structured_row:Zenbyte Smartwatch Plus 15""]",0,526,candidate
DEC029_NO_FEEDBACK,train_kb,conservative_noisy_or_conflict_adjusted,2,Zenbyte Smartwatch Plus 15,belongs_to_category,smartwatch,zenbyte smartwatch plus 15|belongs_to_category|smartwatch,1,[0.98],True,0,0.735,0.735,0.88,False,0.735,False,False,"[""product_15""]","[""structured""]","[""structured_row:Zenbyte Smartwatch Plus 15""]",0,526,candidate
DEC029_NO_FEEDBACK,train_kb,conservative_noisy_or_conflict_adjusted,2,Zenbyte Smartwatch Plus 15,has_price_usd,299,zenbyte smartwatch plus 15|has_price_usd|299,1,[0.98],True,0,0.735,0.735,0.88,False,0.735,False,False,"[""product_15""]","[""structured""]","[""structured_row:Zenbyte Smartwatch Plus 15""]",1,526,candidate
DEC029_NO_FEEDBACK,train_kb,conservative_noisy_or_conflict_adjusted,2,Zenbyte Smartwatch Plus 15,has_screen_size_inch,6.1,zenbyte smartwatch plus 15|has_screen_size_inch|6.1,1,[0.98],True,0,0.735,0.735,0.88,False,0.735,False,False,"[""product_15""]","[""structured""]","[""structured_row:Zenbyte Smartwatch Plus 15""]",0,526,candidate
DEC029_NO_FEEDBACK,train_kb,conservative_noisy_or_conflict_adjusted,2,Zenbyte Smartwatch Plus 15,has_ram_gb,16,zenbyte smartwatch plus 15|has_ram_gb|16,1,[0.98],True,0,0.735,0.735,0.88,False,0.735,False,False,"[""product_15""]","[""structured""]","[""structured_row:Zenbyte Smartwatch Plus 15""]",1,526,candidate
DEC029_NO_FEEDBACK,train_kb,conservative_noisy_or_conflict_adjusted,2,Zenbyte Smartwatch Plus 15,has_storage_gb,128,zenbyte smartwatch plus 15|has_storage_gb|128,1,[0.98],True,0,0.735,0.735,0.88,False,0.735,False,False,"[""product_15""]","[""structured""]","[""structured_row:Zenbyte Smartwatch Plus 15""]",1,526,candidate
DEC029_NO_FEEDBACK,train_kb,conservative_noisy_or_conflict_adjusted,2,Zenbyte Smartwatch Plus 15,has_battery_life_hours,14,zenbyte smartwatch plus 15|has_battery_life_hours|14,1,[0.98],True,0,0.735,0.735,0.88,False,0.735,False,False,"[""product_15""]","[""structured""]","[""structured_row:Zenbyte Smartwatch Plus 15""]",0,526,candidate
DEC029_NO_FEEDBACK,train_kb,conservative_noisy_or_conflict_adjusted,2,Zenbyte Smartwatch Plus 15,has_weight_kg,0.55,zenbyte smartwatch plus 15|has_weight_kg|0.55,1,[0.98],True,0,0.735,0.735,0.88,False,0.735,False,False,"[""product_15""]","[""structured""]","[""structured_row:Zenbyte Smartwatch Plus 15""]",0,526,candidate
DEC029_NO_FEEDBACK,train_kb,conservative_noisy_or_conflict_adjusted,2,Zenbyte Smartwatch Plus 15,has_color,white,zenbyte smartwatch plus 15|has_color|white,1,[0.98],False,0,0.735,0.735,0.88,False,0.735,False,False,"[""product_15""]","[""structured""]","[""structured_row:Zenbyte Smartwatch Plus 15""]",0,526,candidate
DEC029_NO_FEEDBACK,train_kb,conservative_noisy_or_conflict_adjusted,2,Zenbyte Smartwatch Plus 15,made_of_material,carbon fiber,zenbyte smartwatch plus 15|made_of_material|carbon fiber,1,[0.98],True,0,0.735,0.735,0.88,False,0.735,False,False,"[""product_15""]","[""structured""]","[""structured_row:Zenbyte Smartwatch Plus 15""]",1,526,candidate
DEC029_NO_FEEDBACK,train_kb,conservative_noisy_or_conflict_adjusted,2,Zenbyte Smartwatch Plus 15,target_market_region,US,zenbyte smartwatch plus 15|target_market_region|us,1,[0.98],True,0,0.735,0.735,0.88,False,0.735,False,False,"[""product_15""]","[""structured""]","[""structured_row:Zenbyte Smartwatch Plus 15""]",1,526,candidate
DEC029_NO_FEEDBACK,train_kb,conservative_noisy_or_conflict_adjusted,2,Zenbyte Smartwatch Plus 15,supports_fast_charging,no,zenbyte smartwatch plus 15|supports_fast_charging|no,1,[0.98],True,0,0.735,0.735,0.88,False,0.735,False,False,"[""product_15""]","[""structured""]","[""structured_row:Zenbyte Smartwatch Plus 15""]",1,526,candidate
DEC029_NO_FEEDBACK,train_kb,conservative_noisy_or_conflict_adjusted,2,Zenbyte Smartwatch Plus 15,has_noise_cancellation,no,zenbyte smartwatch plus 15|has_noise_cancellation|no,1,[0.98],True,0,0.735,0.735,0.88,False,0.735,False,False,"[""product_15""]","[""structured""]","[""structured_row:Zenbyte Smartwatch Plus 15""]",1,526,candidate
DEC029_NO_FEEDBACK,train_kb,conservative_noisy_or_conflict_adjusted,2,TechNova Smartphone Pro 1,has_price_usd,299,technova smartphone pro 1|has_price_usd|299,2,"[0.91, 0.85]",True,4,0.88490625,0.17698125,0.88,False,0.17698125,False,False,"[""product_15"", ""product_29""]","[""unstructured"", ""unstructured""]","[""Priced at 299 USD. Comes with 16GB of RAM. Offers 128GB of internal storage. Built with carbon fiber construction. Targeted at the US market. Fast charging is no. Noise cancellation: no."", ""Priced at 299 USD. Comes with 6GB of RAM. Offers 512GB of internal storage. Battery lasts up to 14 hours. Built with aluminum construction. Fast charging is no. Noise cancellation: no.""]",0,526,candidate
DEC029_NO_FEEDBACK,train_kb,conservative_noisy_or_conflict_adjusted,2,TechNova Smartphone Pro 1,has_ram_gb,16,technova smartphone pro 1|has_ram_gb|16,2,"[0.91, 0.91]",True,3,0.89919375,0.2247984375,0.88,False,0.170625,False,False,"[""product_15"", ""product_15""]","[""unstructured"", ""unstructured""]","[""Priced at 299 USD. Comes with 16GB of RAM. Offers 128GB of internal storage. Built with carbon fiber construction. Targeted at the US market. Fast charging is no. Noise cancellation: no."", ""Priced at 299 USD. Comes with 16GB of RAM. Offers 128GB of internal storage. Built with carbon fiber construction. Targeted at the US market. Fast charging is no. Noise cancellation: no.""]",0,526,candidate
DEC029_NO_FEEDBACK,train_kb,conservative_noisy_or_conflict_adjusted,2,TechNova Smartphone Pro 1,has_storage_gb,128,technova smartphone pro 1|has_storage_gb|128,4,"[0.91, 0.92, 0.91, 0.9]",True,4,0.9898437703125,0.1979687540625,0.88,False,0.180315,False,False,"[""product_15"", ""product_49"", ""product_15"", ""product_49""]","[""unstructured"", ""unstructured"", ""unstructured"", ""unstructured""]","[""Priced at 299 USD. Comes with 16GB of RAM. Offers 128GB of internal storage. Built with carbon fiber construction. Targeted at the US market. Fast charging is no. Noise cancellation: no."", ""Priced at 249 USD. The display measures 6.1 inches. Offers 128GB of internal storage. Available in silver. Targeted at the APAC market. Fast charging is no. Noise cancellation: no."", ""Priced at 299 USD. Comes with 16GB of RAM. Offers 128GB of internal storage. Built with carbon fiber construction. Targeted at the US market. Fast charging is no. Noise cancellation: no."", ""Priced at 249 USD. The display measures 6.1 inches. Offers 128GB of internal storage. Available in silver. Targeted at the APAC market. Fast charging is no. Noise cancellation: no.""]",0,526,candidate
DEC029_NO_FEEDBACK,train_kb,conservative_noisy_or_conflict_adjusted,2,TechNova Smartphone Pro 1,made_of_material,carbon fiber,technova smartphone pro 1|made_of_material|carbon fiber,3,"[0.91, 0.91, 0.91]",True,2,0.967994015625,0.322664671875,0.88,False,0.2275,False,False,"[""product_15"", ""product_15"", ""product_43""]","[""unstructured"", ""unstructured"", ""unstructured""]","[""Priced at 299 USD. Comes with 16GB of RAM. Offers 128GB of internal storage. Built with carbon fiber construction. Targeted at the US market. Fast charging is no. Noise cancellation: no."", ""Priced at 299 USD. Comes with 16GB of RAM. Offers 128GB of internal storage. Built with carbon fiber construction. Targeted at the US market. Fast charging is no. Noise cancellation: no."", ""Priced at 1099 USD. The display measures 15.6 inches. Comes with 12GB of RAM. Battery lasts up to 20 hours. Available in white. Built with carbon fiber construction. Noise cancellation: no.""]",0,526,candidate
DEC029_NO_FEEDBACK,train_kb,conservative_noisy_or_conflict_adjusted,2,TechNova Smartphone Pro 1,target_market_region,US,technova smartphone pro 1|target_market_region|us,2,"[0.91, 0.91]",True,3,0.89919375,0.2247984375,0.88,False,0.170625,False,False,"[""product_15"", ""product_15""]","[""unstructured"", ""unstructured""]","[""Priced at 299 USD. Comes with 16GB of RAM. Offers 128GB of internal storage. Built with carbon fiber construction. Targeted at the US market. Fast charging is no. Noise cancellation: no."", ""Priced at 299 USD. Comes with 16GB of RAM. Offers 128GB of internal storage. Built with carbon fiber construction. Targeted at the US market. Fast charging is no. Noise cancellation: no.""]",0,526,candidate
DEC029_NO_FEEDBACK,train_kb,conservative_noisy_or_conflict_adjusted,2,TechNova Smartphone Pro 1,supports_fast_charging,no,technova smartphone pro 1|supports_fast_charging|no,13,"[0.91, 0.88, 0.84, 0.89, 0.89, 0.91, 0.91, 0.91, 0.96, 0.91, 0.91, 0.9, 0.9]",True,1,0.9999995786421674,0.4999997893210837,0.88,False,0.995584217540625,False,True,"[""product_15"", ""product_22"", ""product_28"", ""product_29"", ""product_49"", ""product_15"", ""product_20"", ""product_22"", ""product_29"", ""product_30"", ""product_40"", ""product_47"", ""product_49""]","[""unstructured"", ""unstructured"", ""unstructured"", ""unstructured"", ""unstructured"", ""unstructured"", ""unstructured"", ""unstructured"", ""unstructured"", ""unstructured"", ""unstructured"", ""unstructured"", ""unstructured""]","[""Priced at 299 USD. Comes with 16GB of RAM. Offers 128GB of internal storage. Built with carbon fiber construction. Targeted at the US market. Fast charging is no. Noise cancellation: no."", ""Priced at 349 USD. The display measures 13.3 inches. Comes with 12GB of RAM. Weighs approximately 1.2kg. Available in white. Targeted at the Global market. Noise cancellation: no."", ""Priced at 349 USD. The display measures 15.6 inches. Comes with 4GB of RAM. Weighs approximately 1.45kg. Available in silver. Targeted at the EU market. Fast charging is no."", ""Priced at 299 USD. Comes with 6GB of RAM. Offers 512GB of internal storage. Battery lasts up to 14 hours. Built with aluminum construction. Fast charging is no. Noise cancellation: no."", ""Priced at 249 USD. The display measures 6.1 inches. Offers 128GB of internal storage. Available in silver. Targeted at the APAC market. Fast charging is no. Noise cancellation: no."", ""Priced at 299 USD. Comes with 16GB of RAM. Offers 128GB of internal storage. Built with carbon fiber construction. Targeted at the US market. Fast charging is no. Noise cancellation: no."", ""It is a smartphone device. Priced at 249 USD. Battery lasts up to 18 hours. Weighs approximately 0.42kg. Targeted at the EU market. Fast charging is no. Noise cancellation: no."", ""Priced at 349 USD. The display measures 13.3 inches. Comes with 12GB of RAM. Weighs approximately 1.2kg. Available in white. Targeted at the Global market. Noise cancellation: no."", ""Priced at 299 USD. Comes with 6GB of RAM. Offers 512GB of internal storage. Battery lasts up to 14 hours. Built with aluminum construction. Fast charging is no. Noise cancellation: no."", ""Priced at 1099 USD. The display measures 13.3 inches. Offers 64GB of internal storage. Weighs approximately 0.42kg. Available in white. Built with aluminum construction. Fast charging is no."", ""It is a tablet device. Priced at 899 USD. Comes with 4GB of RAM. Battery lasts up to 12 hours. Weighs approximately 1.8kg. Built with aluminum construction. Fast charging is no."", ""It is a smartphone device. Priced at 249 USD. The display measures 13.3 inches. Offers 512GB of internal storage. Weighs approximately 1.45kg. Available in green. Fast charging is no."", ""Priced at 249 USD. The display measures 6.1 inches. Offers 128GB of internal storage. Available in silver. Targeted at the APAC market. Fast charging is no. Noise cancellation: no.""]",0,526,candidate
DEC029_NO_FEEDBACK,train_kb,conservative_noisy_or_conflict_adjusted,2,TechNova Smartphone Pro 1,has_noise_cancellation,no,technova smartphone pro 1|has_noise_cancellation|no,12,"[0.91, 0.94, 0.91, 0.94, 0.91, 0.91, 0.91, 0.91, 0.96, 0.92, 0.91, 0.9]",True,0,0.9999992015398876,0.9999992015398876,0.88,True,0.99122733609375,False,False,"[""product_15"", ""product_29"", ""product_36"", ""product_49"", ""product_9"", ""product_15"", ""product_20"", ""product_22"", ""product_29"", ""product_36"", ""product_43"", ""product_49""]","[""unstructured"", ""unstructured"", ""unstructured"", ""unstructured"", ""unstructured"", ""unstructured"", ""unstructured"", ""unstructured"", ""unstructured"", ""unstructured"", ""unstructured"", ""unstructured""]","[""Priced at 299 USD. Comes with 16GB of RAM. Offers 128GB of internal storage. Built with carbon fiber construction. Targeted at the US market. Fast charging is no. Noise cancellation: no."", ""Priced at 299 USD. Comes with 6GB of RAM. Offers 512GB of internal storage. Battery lasts up to 14 hours. Built with aluminum construction. Fast charging is no. Noise cancellation: no."", ""Priced at 899 USD. The display measures 6.7 inches. Offers 1024GB of internal storage. Battery lasts up to 14 hours. Weighs approximately 1.45kg. Built with aluminum construction. Noise cancellation: no."", ""Priced at 249 USD. The display measures 6.1 inches. Offers 128GB of internal storage. Available in silver. Targeted at the APAC market. Fast charging is no. Noise cancellation: no."", ""Comes with 4GB of RAM. Battery lasts up to 8 hours. Weighs approximately 0.18kg. Available in blue. Targeted at the APAC market. Fast charging is yes. Noise cancellation: no."", ""Priced at 299 USD. Comes with 16GB of RAM. Offers 128GB of internal storage. Built with carbon fiber construction. Targeted at the US market. Fast charging is no. Noise cancellation: no."", ""It is a smartphone device. Priced at 249 USD. Battery lasts up to 18 hours. Weighs approximately 0.42kg. Targeted at the EU market. Fast charging is no. Noise cancellation: no."", ""Priced at 349 USD. The display measures 13.3 inches. Comes with 12GB of RAM. Weighs approximately 1.2kg. Available in white. Targeted at the Global market. Noise cancellation: no."", ""Priced at 299 USD. Comes with 6GB of RAM. Offers 512GB of internal storage. Battery lasts up to 14 hours. Built with aluminum construction. Fast charging is no. Noise cancellation: no."", ""Priced at 899 USD. The display measures 6.7 inches. Offers 1024GB of internal storage. Battery lasts up to 14 hours. Weighs approximately 1.45kg. Built with aluminum construction. Noise cancellation: no."", ""Priced at 1099 USD. The display measures 15.6 inches. Comes with 12GB of RAM. Battery lasts up to 20 hours. Available in white. Built with carbon fiber construction. Noise cancellation: no."", ""Priced at 249 USD. The display measures 6.1 inches. Offers 128GB of internal storage. Available in silver. Targeted at the APAC market. Fast charging is no. Noise cancellation: no.""]",0,526,candidate
DEC029_NO_FEEDBACK,train_kb,conservative_noisy_or_conflict_adjusted,2,PixelWare Tablet Plus 16,manufactured_by,PixelWare,pixelware tablet plus 16|manufactured_by|pixelware,3,"[0.98, 0.92, 0.91]",True,0,0.973917375,0.973917375,0.88,True,0.91785,False,False,"[""product_16"", ""product_16"", ""product_16""]","[""structured"", ""unstructured"", ""unstructured""]","[""structured_row:PixelWare Tablet Plus 16"", ""PixelWare Tablet Plus 16 is manufactured by PixelWare. Priced at 899 USD. Comes with 12GB of RAM. Offers 1024GB of internal storage. Weighs approximately 0.55kg. Built with aluminum construction. Targeted at the APAC market."", ""PixelWare Tablet Plus 16 is manufactured by PixelWare. Priced at 899 USD. Comes with 12GB of RAM. Offers 1024GB of internal storage. Weighs approximately 0.55kg. Built with aluminum construction. Targeted at the APAC market.""]",1,526,candidate
DEC029_NO_FEEDBACK,train_kb,conservative_noisy_or_conflict_adjusted,2,PixelWare Tablet Plus 16,belongs_to_category,tablet,pixelware tablet plus 16|belongs_to_category|tablet,1,[0.98],True,0,0.735,0.735,0.88,False,0.735,False,False,"[""product_16""]","[""structured""]","[""structured_row:PixelWare Tablet Plus 16""]",0,526,candidate
DEC029_NO_FEEDBACK,train_kb,conservative_noisy_or_conflict_adjusted,2,PixelWare Tablet Plus 16,has_price_usd,899,pixelware tablet plus 16|has_price_usd|899,3,"[0.98, 0.91, 0.91]",True,0,0.97328634375,0.97328634375,0.88,True,0.9158625,False,False,"[""product_16"", ""product_16"", ""product_16""]","[""structured"", ""unstructured"", ""unstructured""]","[""structured_row:PixelWare Tablet Plus 16"", ""PixelWare Tablet Plus 16 is manufactured by PixelWare. Priced at 899 USD. Comes with 12GB of RAM. Offers 1024GB of internal storage. Weighs approximately 0.55kg. Built with aluminum construction. Targeted at the APAC market."", ""PixelWare Tablet Plus 16 is manufactured by PixelWare. Priced at 899 USD. Comes with 12GB of RAM. Offers 1024GB of internal storage. Weighs approximately 0.55kg. Built with aluminum construction. Targeted at the APAC market.""]",1,526,candidate
DEC029_NO_FEEDBACK,train_kb,conservative_noisy_or_conflict_adjusted,2,PixelWare Tablet Plus 16,has_screen_size_inch,11.0,pixelware tablet plus 16|has_screen_size_inch|11.0,1,[0.98],True,0,0.735,0.735,0.88,False,0.735,False,False,"[""product_16""]","[""structured""]","[""structured_row:PixelWare Tablet Plus 16""]",0,526,candidate
DEC029_NO_FEEDBACK,train_kb,conservative_noisy_or_conflict_adjusted,2,PixelWare Tablet Plus 16,has_ram_gb,12,pixelware tablet plus 16|has_ram_gb|12,3,"[0.98, 0.9, 0.91]",True,0,0.9726553125,0.9726553125,0.88,True,0.913875,False,False,"[""product_16"", ""product_16"", ""product_16""]","[""structured"", ""unstructured"", ""unstructured""]","[""structured_row:PixelWare Tablet Plus 16"", ""PixelWare Tablet Plus 16 is manufactured by PixelWare. Priced at 899 USD. Comes with 12GB of RAM. Offers 1024GB of internal storage. Weighs approximately 0.55kg. Built with aluminum construction. Targeted at the APAC market."", ""PixelWare Tablet Plus 16 is manufactured by PixelWare. Priced at 899 USD. Comes with 12GB of RAM. Offers 1024GB of internal storage. Weighs approximately 0.55kg. Built with aluminum construction. Targeted at the APAC market.""]",1,526,candidate
DEC029_NO_FEEDBACK,train_kb,conservative_noisy_or_conflict_adjusted,2,PixelWare Tablet Plus 16,has_storage_gb,1024,pixelware tablet plus 16|has_storage_gb|1024,3,"[0.98, 0.89, 0.91]",True,0,0.97202428125,0.97202428125,0.88,True,0.9118875,False,False,"[""product_16"", ""product_16"", ""product_16""]","[""structured"", ""unstructured"", ""unstructured""]","[""structured_row:PixelWare Tablet Plus 16"", ""PixelWare Tablet Plus 16 is manufactured by PixelWare. Priced at 899 USD. Comes with 12GB of RAM. Offers 1024GB of internal storage. Weighs approximately 0.55kg. Built with aluminum construction. Targeted at the APAC market."", ""PixelWare Tablet Plus 16 is manufactured by PixelWare. Priced at 899 USD. Comes with 12GB of RAM. Offers 1024GB of internal storage. Weighs approximately 0.55kg. Built with aluminum construction. Targeted at the APAC market.""]",1,526,candidate
DEC029_NO_FEEDBACK,train_kb,conservative_noisy_or_conflict_adjusted,2,PixelWare Tablet Plus 16,has_battery_life_hours,8,pixelware tablet plus 16|has_battery_life_hours|8,1,[0.98],True,0,0.735,0.735,0.88,False,0.735,False,False,"[""product_16""]","[""structured""]","[""structured_row:PixelWare Tablet Plus 16""]",0,526,candidate
DEC029_NO_FEEDBACK,train_kb,conservative_noisy_or_conflict_adjusted,2,PixelWare Tablet Plus 16,has_weight_kg,0.55,pixelware tablet plus 16|has_weight_kg|0.55,3,"[0.98, 0.88, 0.91]",True,0,0.97139325,0.97139325,0.88,True,0.9099,False,False,"[""product_16"", ""product_16"", ""product_16""]","[""structured"", ""unstructured"", ""unstructured""]","[""structured_row:PixelWare Tablet Plus 16"", ""PixelWare Tablet Plus 16 is manufactured by PixelWare. Priced at 899 USD. Comes with 12GB of RAM. Offers 1024GB of internal storage. Weighs approximately 0.55kg. Built with aluminum construction. Targeted at the APAC market."", ""PixelWare Tablet Plus 16 is manufactured by PixelWare. Priced at 899 USD. Comes with 12GB of RAM. Offers 1024GB of internal storage. Weighs approximately 0.55kg. Built with aluminum construction. Targeted at the APAC market.""]",1,526,candidate
DEC029_NO_FEEDBACK,train_kb,conservative_noisy_or_conflict_adjusted,2,PixelWare Tablet Plus 16,has_color,black,pixelware tablet plus 16|has_color|black,1,[0.98],False,0,0.735,0.735,0.88,False,0.735,False,False,"[""product_16""]","[""structured""]","[""structured_row:PixelWare Tablet Plus 16""]",0,526,candidate
DEC029_NO_FEEDBACK,train_kb,conservative_noisy_or_conflict_adjusted,2,PixelWare Tablet Plus 16,made_of_material,aluminum,pixelware tablet plus 16|made_of_material|aluminum,3,"[0.98, 0.85, 0.91]",True,0,0.96950015625,0.96950015625,0.88,True,0.9039375,False,False,"[""product_16"", ""product_16"", ""product_16""]","[""structured"", ""unstructured"", ""unstructured""]","[""structured_row:PixelWare Tablet Plus 16"", ""PixelWare Tablet Plus 16 is manufactured by PixelWare. Priced at 899 USD. Comes with 12GB of RAM. Offers 1024GB of internal storage. Weighs approximately 0.55kg. Built with aluminum construction. Targeted at the APAC market."", ""PixelWare Tablet Plus 16 is manufactured by PixelWare. Priced at 899 USD. Comes with 12GB of RAM. Offers 1024GB of internal storage. Weighs approximately 0.55kg. Built with aluminum construction. Targeted at the APAC market.""]",1,526,candidate
DEC029_NO_FEEDBACK,train_kb,conservative_noisy_or_conflict_adjusted,2,PixelWare Tablet Plus 16,target_market_region,APAC,pixelware tablet plus 16|target_market_region|apac,3,"[0.98, 0.84, 0.91]",True,0,0.968869125,0.968869125,0.88,True,0.90195,False,False,"[""product_16"", ""product_16"", ""product_16""]","[""structured"", ""unstructured"", ""unstructured""]","[""structured_row:PixelWare Tablet Plus 16"", ""PixelWare Tablet Plus 16 is manufactured by PixelWare. Priced at 899 USD. Comes with 12GB of RAM. Offers 1024GB of internal storage. Weighs approximately 0.55kg. Built with aluminum construction. Targeted at the APAC market."", ""PixelWare Tablet Plus 16 is manufactured by PixelWare. Priced at 899 USD. Comes with 12GB of RAM. Offers 1024GB of internal storage. Weighs approximately 0.55kg. Built with aluminum construction. Targeted at the APAC market.""]",1,526,candidate
DEC029_NO_FEEDBACK,train_kb,conservative_noisy_or_conflict_adjusted,2,PixelWare Tablet Plus 16,supports_fast_charging,yes,pixelware tablet plus 16|supports_fast_charging|yes,1,[0.98],True,0,0.735,0.735,0.88,False,0.735,False,False,"[""product_16""]","[""structured""]","[""structured_row:PixelWare Tablet Plus 16""]",0,526,candidate
DEC029_NO_FEEDBACK,train_kb,conservative_noisy_or_conflict_adjusted,2,PixelWare Tablet Plus 16,has_noise_cancellation,no,pixelware tablet plus 16|has_noise_cancellation|no,1,[0.98],True,0,0.735,0.735,0.88,False,0.735,False,False,"[""product_16""]","[""structured""]","[""structured_row:PixelWare Tablet Plus 16""]",0,526,candidate
DEC029_NO_FEEDBACK,train_kb,conservative_noisy_or_conflict_adjusted,2,PixelWare Headphones Pro 17,manufactured_by,PixelWare,pixelware headphones pro 17|manufactured_by|pixelware,1,[0.98],True,0,0.735,0.735,0.88,False,0.735,False,False,"[""product_17""]","[""structured""]","[""structured_row:PixelWare Headphones Pro 17""]",0,526,candidate
DEC029_NO_FEEDBACK,train_kb,conservative_noisy_or_conflict_adjusted,2,PixelWare Headphones Pro 17,belongs_to_category,headphones,pixelware headphones pro 17|belongs_to_category|headphones,1,[0.98],True,0,0.735,0.735,0.88,False,0.735,False,False,"[""product_17""]","[""structured""]","[""structured_row:PixelWare Headphones Pro 17""]",0,526,candidate
DEC029_NO_FEEDBACK,train_kb,conservative_noisy_or_conflict_adjusted,2,PixelWare Headphones Pro 17,has_price_usd,699,pixelware headphones pro 17|has_price_usd|699,1,[0.98],True,0,0.735,0.735,0.88,False,0.735,False,False,"[""product_17""]","[""structured""]","[""structured_row:PixelWare Headphones Pro 17""]",0,526,candidate
DEC029_NO_FEEDBACK,train_kb,conservative_noisy_or_conflict_adjusted,2,PixelWare Headphones Pro 17,has_screen_size_inch,6.7,pixelware headphones pro 17|has_screen_size_inch|6.7,1,[0.98],True,0,0.735,0.735,0.88,False,0.735,False,False,"[""product_17""]","[""structured""]","[""structured_row:PixelWare Headphones Pro 17""]",1,526,candidate
DEC029_NO_FEEDBACK,train_kb,conservative_noisy_or_conflict_adjusted,2,PixelWare Headphones Pro 17,has_ram_gb,4,pixelware headphones pro 17|has_ram_gb|4,1,[0.98],True,0,0.735,0.735,0.88,False,0.735,False,False,"[""product_17""]","[""structured""]","[""structured_row:PixelWare Headphones Pro 17""]",1,526,candidate
DEC029_NO_FEEDBACK,train_kb,conservative_noisy_or_conflict_adjusted,2,PixelWare Headphones Pro 17,has_storage_gb,1024,pixelware headphones pro 17|has_storage_gb|1024,1,[0.98],True,0,0.735,0.735,0.88,False,0.735,False,False,"[""product_17""]","[""structured""]","[""structured_row:PixelWare Headphones Pro 17""]",1,526,candidate
DEC029_NO_FEEDBACK,train_kb,conservative_noisy_or_conflict_adjusted,2,PixelWare Headphones Pro 17,has_battery_life_hours,14,pixelware headphones pro 17|has_battery_life_hours|14,1,[0.98],True,0,0.735,0.735,0.88,False,0.735,False,False,"[""product_17""]","[""structured""]","[""structured_row:PixelWare Headphones Pro 17""]",0,526,candidate
DEC029_NO_FEEDBACK,train_kb,conservative_noisy_or_conflict_adjusted,2,PixelWare Headphones Pro 17,has_weight_kg,1.45,pixelware headphones pro 17|has_weight_kg|1.45,1,[0.98],True,0,0.735,0.735,0.88,False,0.735,False,False,"[""product_17""]","[""structured""]","[""structured_row:PixelWare Headphones Pro 17""]",1,526,candidate
DEC029_NO_FEEDBACK,train_kb,conservative_noisy_or_conflict_adjusted,2,PixelWare Headphones Pro 17,has_color,silver,pixelware headphones pro 17|has_color|silver,1,[0.98],False,0,0.735,0.735,0.88,False,0.735,False,False,"[""product_17""]","[""structured""]","[""structured_row:PixelWare Headphones Pro 17""]",1,526,candidate
DEC029_NO_FEEDBACK,train_kb,conservative_noisy_or_conflict_adjusted,2,PixelWare Headphones Pro 17,made_of_material,aluminum,pixelware headphones pro 17|made_of_material|aluminum,1,[0.98],True,0,0.735,0.735,0.88,False,0.735,False,False,"[""product_17""]","[""structured""]","[""structured_row:PixelWare Headphones Pro 17""]",1,526,candidate
DEC029_NO_FEEDBACK,train_kb,conservative_noisy_or_conflict_adjusted,2,PixelWare Headphones Pro 17,target_market_region,APAC,pixelware headphones pro 17|target_market_region|apac,1,[0.98],True,0,0.735,0.735,0.88,False,0.735,False,False,"[""product_17""]","[""structured""]","[""structured_row:PixelWare Headphones Pro 17""]",1,526,candidate
DEC029_NO_FEEDBACK,train_kb,conservative_noisy_or_conflict_adjusted,2,PixelWare Headphones Pro 17,supports_fast_charging,no,pixelware headphones pro 17|supports_fast_charging|no,1,[0.98],True,0,0.735,0.735,0.88,False,0.735,False,False,"[""product_17""]","[""structured""]","[""structured_row:PixelWare Headphones Pro 17""]",0,526,candidate
DEC029_NO_FEEDBACK,train_kb,conservative_noisy_or_conflict_adjusted,2,PixelWare Headphones Pro 17,has_noise_cancellation,no,pixelware headphones pro 17|has_noise_cancellation|no,1,[0.98],True,0,0.735,0.735,0.88,False,0.735,False,False,"[""product_17""]","[""structured""]","[""structured_row:PixelWare Headphones Pro 17""]",0,526,candidate
DEC029_NO_FEEDBACK,train_kb,conservative_noisy_or_conflict_adjusted,2,The display measures 6.7 inches,has_screen_size_inch,6.7,the display measures 6.7 inches|has_screen_size_inch|6.7,3,"[0.85, 0.85, 0.85]",True,0,0.952365234375,0.952365234375,0.88,True,0.952365234375,False,False,"[""product_17"", ""product_17"", ""product_17""]","[""unstructured"", ""unstructured"", ""unstructured""]","[""The display measures 6.7 inches. Comes with 4GB of RAM. Offers 1024GB of internal storage. Weighs approximately 1.45kg. Available in silver. Built with aluminum construction. Targeted at the APAC market."", ""The display measures 6.7 inches. Comes with 4GB of RAM. Offers 1024GB of internal storage. Weighs approximately 1.45kg. Available in silver. Built with aluminum construction. Targeted at the APAC market."", ""The display measures 6.7 inches. Comes with 4GB of RAM. Offers 1024GB of internal storage. Weighs approximately 1.45kg. Available in silver. Built with aluminum construction. Targeted at the APAC market.""]",0,526,candidate
DEC029_NO_FEEDBACK,train_kb,conservative_noisy_or_conflict_adjusted,2,Comes with 4GB of RAM,has_ram_gb,4,comes with 4gb of ram|has_ram_gb|4,1,[0.92],True,0,0.6900000000000001,0.6900000000000001,0.88,False,0.6900000000000001,False,False,"[""product_17""]","[""unstructured""]","[""The display measures 6.7 inches. Comes with 4GB of RAM. Offers 1024GB of internal storage. Weighs approximately 1.45kg. Available in silver. Built with aluminum construction. Targeted at the APAC market.""]",0,526,candidate
DEC029_NO_FEEDBACK,train_kb,conservative_noisy_or_conflict_adjusted,2,Offers 1024GB of internal storage,has_storage_gb,1024,offers 1024gb of internal storage|has_storage_gb|1024,1,[0.94],True,0,0.705,0.705,0.88,False,0.705,False,False,"[""product_17""]","[""unstructured""]","[""The display measures 6.7 inches. Comes with 4GB of RAM. Offers 1024GB of internal storage. Weighs approximately 1.45kg. Available in silver. Built with aluminum construction. Targeted at the APAC market.""]",0,526,candidate
DEC029_NO_FEEDBACK,train_kb,conservative_noisy_or_conflict_adjusted,2,Weighs approximately 1.45kg,has_weight_kg,1.45,weighs approximately 1.45kg|has_weight_kg|1.45,1,[0.9],True,0,0.675,0.675,0.88,False,0.675,False,False,"[""product_17""]","[""unstructured""]","[""The display measures 6.7 inches. Comes with 4GB of RAM. Offers 1024GB of internal storage. Weighs approximately 1.45kg. Available in silver. Built with aluminum construction. Targeted at the APAC market.""]",0,526,candidate
DEC029_NO_FEEDBACK,train_kb,conservative_noisy_or_conflict_adjusted,2,Available in silver,has_color,silver,available in silver|has_color|silver,1,[0.88],False,0,0.66,0.66,0.88,False,0.66,False,False,"[""product_17""]","[""unstructured""]","[""The display measures 6.7 inches. Comes with 4GB of RAM. Offers 1024GB of internal storage. Weighs approximately 1.45kg. Available in silver. Built with aluminum construction. Targeted at the APAC market.""]",0,526,candidate
DEC029_NO_FEEDBACK,train_kb,conservative_noisy_or_conflict_adjusted,2,Built with aluminum construction,made_of_material,aluminum,built with aluminum construction|made_of_material|aluminum,1,[0.86],True,0,0.645,0.645,0.88,False,0.645,False,False,"[""product_17""]","[""unstructured""]","[""The display measures 6.7 inches. Comes with 4GB of RAM. Offers 1024GB of internal storage. Weighs approximately 1.45kg. Available in silver. Built with aluminum construction. Targeted at the APAC market.""]",0,526,candidate
DEC029_NO_FEEDBACK,train_kb,conservative_noisy_or_conflict_adjusted,2,Targeted at the APAC market,target_market_region,APAC,targeted at the apac market|target_market_region|apac,1,[0.89],True,0,0.6675,0.6675,0.88,False,0.6675,False,False,"[""product_17""]","[""unstructured""]","[""The display measures 6.7 inches. Comes with 4GB of RAM. Offers 1024GB of internal storage. Weighs approximately 1.45kg. Available in silver. Built with aluminum construction. Targeted at the APAC market.""]",0,526,candidate
DEC029_NO_FEEDBACK,train_kb,conservative_noisy_or_conflict_adjusted,2,PixelWare Laptop Air 18,manufactured_by,PixelWare,pixelware laptop air 18|manufactured_by|pixelware,3,"[0.98, 0.95, 0.91]",True,0,0.97581046875,0.97581046875,0.88,True,0.9238124999999999,False,False,"[""product_18"", ""product_18"", ""product_18""]","[""structured"", ""unstructured"", ""unstructured""]","[""structured_row:PixelWare Laptop Air 18"", ""PixelWare Laptop Air 18 is manufactured by PixelWare. It is a laptop device. The display measures 10.9 inches. Comes with 8GB of RAM. Offers 1024GB of internal storage. Battery lasts up to 24 hours. Targeted at the Global market."", ""PixelWare Laptop Air 18 is manufactured by PixelWare. It is a laptop device. The display measures 10.9 inches. Comes with 8GB of RAM. Offers 1024GB of internal storage. Battery lasts up to 24 hours. Targeted at the Global market.""]",1,526,candidate
DEC029_NO_FEEDBACK,train_kb,conservative_noisy_or_conflict_adjusted,2,PixelWare Laptop Air 18,belongs_to_category,laptop,pixelware laptop air 18|belongs_to_category|laptop,1,[0.98],True,1,0.735,0.3675,0.88,False,0.3675,False,False,"[""product_18""]","[""structured""]","[""structured_row:PixelWare Laptop Air 18""]",1,526,candidate
DEC029_NO_FEEDBACK,train_kb,conservative_noisy_or_conflict_adjusted,2,PixelWare Laptop Air 18,has_price_usd,699,pixelware laptop air 18|has_price_usd|699,1,[0.98],True,0,0.735,0.735,0.88,False,0.735,False,False,"[""product_18""]","[""structured""]","[""structured_row:PixelWare Laptop Air 18""]",0,526,candidate
DEC029_NO_FEEDBACK,train_kb,conservative_noisy_or_conflict_adjusted,2,PixelWare Laptop Air 18,has_screen_size_inch,10.9,pixelware laptop air 18|has_screen_size_inch|10.9,3,"[0.98, 0.93, 0.91]",True,0,0.97454840625,0.97454840625,0.88,True,0.9198375,False,False,"[""product_18"", ""product_18"", ""product_18""]","[""structured"", ""unstructured"", ""unstructured""]","[""structured_row:PixelWare Laptop Air 18"", ""PixelWare Laptop Air 18 is manufactured by PixelWare. It is a laptop device. The display measures 10.9 inches. Comes with 8GB of RAM. Offers 1024GB of internal storage. Battery lasts up to 24 hours. Targeted at the Global market."", ""PixelWare Laptop Air 18 is manufactured by PixelWare. It is a laptop device. The display measures 10.9 inches. Comes with 8GB of RAM. Offers 1024GB of internal storage. Battery lasts up to 24 hours. Targeted at the Global market.""]",1,526,candidate
DEC029_NO_FEEDBACK,train_kb,conservative_noisy_or_conflict_adjusted,2,PixelWare Laptop Air 18,has_ram_gb,8,pixelware laptop air 18|has_ram_gb|8,3,"[0.98, 0.91, 0.91]",True,0,0.97328634375,0.97328634375,0.88,True,0.9158625,False,False,"[""product_18"", ""product_18"", ""product_18""]","[""structured"", ""unstructured"", ""unstructured""]","[""structured_row:PixelWare Laptop Air 18"", ""PixelWare Laptop Air 18 is manufactured by PixelWare. It is a laptop device. The display measures 10.9 inches. Comes with 8GB of RAM. Offers 1024GB of internal storage. Battery lasts up to 24 hours. Targeted at the Global market."", ""PixelWare Laptop Air 18 is manufactured by PixelWare. It is a laptop device. The display measures 10.9 inches. Comes with 8GB of RAM. Offers 1024GB of internal storage. Battery lasts up to 24 hours. Targeted at the Global market.""]",1,526,candidate
DEC029_NO_FEEDBACK,train_kb,conservative_noisy_or_conflict_adjusted,2,PixelWare Laptop Air 18,has_storage_gb,1024,pixelware laptop air 18|has_storage_gb|1024,3,"[0.98, 0.9, 0.91]",True,0,0.9726553125,0.9726553125,0.88,True,0.913875,False,False,"[""product_18"", ""product_18"", ""product_18""]","[""structured"", ""unstructured"", ""unstructured""]","[""structured_row:PixelWare Laptop Air 18"", ""PixelWare Laptop Air 18 is manufactured by PixelWare. It is a laptop device. The display measures 10.9 inches. Comes with 8GB of RAM. Offers 1024GB of internal storage. Battery lasts up to 24 hours. Targeted at the Global market."", ""PixelWare Laptop Air 18 is manufactured by PixelWare. It is a laptop device. The display measures 10.9 inches. Comes with 8GB of RAM. Offers 1024GB of internal storage. Battery lasts up to 24 hours. Targeted at the Global market.""]",1,526,candidate
DEC029_NO_FEEDBACK,train_kb,conservative_noisy_or_conflict_adjusted,2,PixelWare Laptop Air 18,has_battery_life_hours,24,pixelware laptop air 18|has_battery_life_hours|24,3,"[0.98, 0.94, 0.91]",True,0,0.9751794375,0.9751794375,0.88,True,0.921825,False,False,"[""product_18"", ""product_18"", ""product_18""]","[""structured"", ""unstructured"", ""unstructured""]","[""structured_row:PixelWare Laptop Air 18"", ""PixelWare Laptop Air 18 is manufactured by PixelWare. It is a laptop device. The display measures 10.9 inches. Comes with 8GB of RAM. Offers 1024GB of internal storage. Battery lasts up to 24 hours. Targeted at the Global market."", ""PixelWare Laptop Air 18 is manufactured by PixelWare. It is a laptop device. The display measures 10.9 inches. Comes with 8GB of RAM. Offers 1024GB of internal storage. Battery lasts up to 24 hours. Targeted at the Global market.""]",1,526,candidate
DEC029_NO_FEEDBACK,train_kb,conservative_noisy_or_conflict_adjusted,2,PixelWare Laptop Air 18,has_weight_kg,0.55,pixelware laptop air 18|has_weight_kg|0.55,1,[0.98],True,0,0.735,0.735,0.88,False,0.735,False,False,"[""product_18""]","[""structured""]","[""structured_row:PixelWare Laptop Air 18""]",0,526,candidate
DEC029_NO_FEEDBACK,train_kb,conservative_noisy_or_conflict_adjusted,2,PixelWare Laptop Air 18,has_color,green,pixelware laptop air 18|has_color|green,1,[0.98],False,0,0.735,0.735,0.88,False,0.735,False,False,"[""product_18""]","[""structured""]","[""structured_row:PixelWare Laptop Air 18""]",0,526,candidate
DEC029_NO_FEEDBACK,train_kb,conservative_noisy_or_conflict_adjusted,2,PixelWare Laptop Air 18,made_of_material,plastic,pixelware laptop air 18|made_of_material|plastic,1,[0.98],True,0,0.735,0.735,0.88,False,0.735,False,False,"[""product_18""]","[""structured""]","[""structured_row:PixelWare Laptop Air 18""]",0,526,candidate
DEC029_NO_FEEDBACK,train_kb,conservative_noisy_or_conflict_adjusted,2,PixelWare Laptop Air 18,target_market_region,Global,pixelware laptop air 18|target_market_region|global,1,[0.98],True,1,0.735,0.3675,0.88,False,0.3675,False,False,"[""product_18""]","[""structured""]","[""structured_row:PixelWare Laptop Air 18""]",1,526,candidate
DEC029_NO_FEEDBACK,train_kb,conservative_noisy_or_conflict_adjusted,2,PixelWare Laptop Air 18,supports_fast_charging,yes,pixelware laptop air 18|supports_fast_charging|yes,1,[0.98],True,0,0.735,0.735,0.88,False,0.735,False,False,"[""product_18""]","[""structured""]","[""structured_row:PixelWare Laptop Air 18""]",0,526,candidate
DEC029_NO_FEEDBACK,train_kb,conservative_noisy_or_conflict_adjusted,2,PixelWare Laptop Air 18,has_noise_cancellation,no,pixelware laptop air 18|has_noise_cancellation|no,1,[0.98],True,0,0.735,0.735,0.88,False,0.735,False,False,"[""product_18""]","[""structured""]","[""structured_row:PixelWare Laptop Air 18""]",0,526,candidate
DEC029_NO_FEEDBACK,train_kb,conservative_noisy_or_conflict_adjusted,2,PixelWare Laptop Air 18,belongs_to_category,laptop device,pixelware laptop air 18|belongs_to_category|laptop device,2,"[0.92, 0.91]",True,1,0.901575,0.4507875,0.88,False,0.34500000000000003,False,False,"[""product_18"", ""product_18""]","[""unstructured"", ""unstructured""]","[""PixelWare Laptop Air 18 is manufactured by PixelWare. It is a laptop device. The display measures 10.9 inches. Comes with 8GB of RAM. Offers 1024GB of internal storage. Battery lasts up to 24 hours. Targeted at the Global market."", ""PixelWare Laptop Air 18 is manufactured by PixelWare. It is a laptop device. The display measures 10.9 inches. Comes with 8GB of RAM. Offers 1024GB of internal storage. Battery lasts up to 24 hours. Targeted at the Global market.""]",0,526,candidate
DEC029_NO_FEEDBACK,train_kb,conservative_noisy_or_conflict_adjusted,2,PixelWare Laptop Air 18,target_market_region,Global market,pixelware laptop air 18|target_market_region|global market,2,"[0.96, 0.91]",True,1,0.9111,0.45555,0.88,False,0.36,False,False,"[""product_18"", ""product_18""]","[""unstructured"", ""unstructured""]","[""PixelWare Laptop Air 18 is manufactured by PixelWare. It is a laptop device. The display measures 10.9 inches. Comes with 8GB of RAM. Offers 1024GB of internal storage. Battery lasts up to 24 hours. Targeted at the Global market."", ""PixelWare Laptop Air 18 is manufactured by PixelWare. It is a laptop device. The display measures 10.9 inches. Comes with 8GB of RAM. Offers 1024GB of internal storage. Battery lasts up to 24 hours. Targeted at the Global market.""]",0,526,candidate
DEC029_NO_FEEDBACK,train_kb,conservative_noisy_or_conflict_adjusted,2,Zenbyte Headphones Plus 19,manufactured_by,Zenbyte,zenbyte headphones plus 19|manufactured_by|zenbyte,3,"[0.98, 0.92, 0.92]",True,0,0.9745335,0.9745335,0.88,True,0.91785,False,False,"[""product_19"", ""product_19"", ""product_19""]","[""structured"", ""unstructured"", ""unstructured""]","[""structured_row:Zenbyte Headphones Plus 19"", ""Zenbyte Headphones Plus 19 is manufactured by Zenbyte. It is a headphones device. Comes with 8GB of RAM. Offers 512GB of internal storage. Battery lasts up to 14 hours. Built with aluminum construction. Targeted at the APAC market."", ""Zenbyte Headphones Plus 19 is manufactured by Zenbyte. It is a headphones device. Comes with 8GB of RAM. Offers 512GB of internal storage. Battery lasts up to 14 hours. Built with aluminum construction. Targeted at the APAC market.""]",1,526,candidate
DEC029_NO_FEEDBACK,train_kb,conservative_noisy_or_conflict_adjusted,2,Zenbyte Headphones Plus 19,belongs_to_category,headphones,zenbyte headphones plus 19|belongs_to_category|headphones,1,[0.98],True,0,0.735,0.735,0.88,False,0.735,False,False,"[""product_19""]","[""structured""]","[""structured_row:Zenbyte Headphones Plus 19""]",1,526,candidate
DEC029_NO_FEEDBACK,train_kb,conservative_noisy_or_conflict_adjusted,2,Zenbyte Headphones Plus 19,has_price_usd,1099,zenbyte headphones plus 19|has_price_usd|1099,1,[0.98],True,0,0.735,0.735,0.88,False,0.735,False,False,"[""product_19""]","[""structured""]","[""structured_row:Zenbyte Headphones Plus 19""]",0,526,candidate
DEC029_NO_FEEDBACK,train_kb,conservative_noisy_or_conflict_adjusted,2,Zenbyte Headphones Plus 19,has_screen_size_inch,6.7,zenbyte headphones plus 19|has_screen_size_inch|6.7,1,[0.98],True,0,0.735,0.735,0.88,False,0.735,False,False,"[""product_19""]","[""structured""]","[""structured_row:Zenbyte Headphones Plus 19""]",0,526,candidate
DEC029_NO_FEEDBACK,train_kb,conservative_noisy_or_conflict_adjusted,2,Zenbyte Headphones Plus 19,has_ram_gb,8,zenbyte headphones plus 19|has_ram_gb|8,3,"[0.98, 0.94, 0.92]",True,0,0.97576575,0.97576575,0.88,True,0.921825,False,False,"[""product_19"", ""product_19"", ""product_19""]","[""structured"", ""unstructured"", ""unstructured""]","[""structured_row:Zenbyte Headphones Plus 19"", ""Zenbyte Headphones Plus 19 is manufactured by Zenbyte. It is a headphones device. Comes with 8GB of RAM. Offers 512GB of internal storage. Battery lasts up to 14 hours. Built with aluminum construction. Targeted at the APAC market."", ""Zenbyte Headphones Plus 19 is manufactured by Zenbyte. It is a headphones device. Comes with 8GB of RAM. Offers 512GB of internal storage. Battery lasts up to 14 hours. Built with aluminum construction. Targeted at the APAC market.""]",1,526,candidate
DEC029_NO_FEEDBACK,train_kb,conservative_noisy_or_conflict_adjusted,2,Zenbyte Headphones Plus 19,has_storage_gb,512,zenbyte headphones plus 19|has_storage_gb|512,3,"[0.98, 0.95, 0.92]",True,0,0.976381875,0.976381875,0.88,True,0.9238124999999999,False,False,"[""product_19"", ""product_19"", ""product_19""]","[""structured"", ""unstructured"", ""unstructured""]","[""structured_row:Zenbyte Headphones Plus 19"", ""Zenbyte Headphones Plus 19 is manufactured by Zenbyte. It is a headphones device. Comes with 8GB of RAM. Offers 512GB of internal storage. Battery lasts up to 14 hours. Built with aluminum construction. Targeted at the APAC market."", ""Zenbyte Headphones Plus 19 is manufactured by Zenbyte. It is a headphones device. Comes with 8GB of RAM. Offers 512GB of internal storage. Battery lasts up to 14 hours. Built with aluminum construction. Targeted at the APAC market.""]",1,526,candidate
DEC029_NO_FEEDBACK,train_kb,conservative_noisy_or_conflict_adjusted,2,Zenbyte Headphones Plus 19,has_battery_life_hours,14,zenbyte headphones plus 19|has_battery_life_hours|14,3,"[0.98, 0.93, 0.92]",True,0,0.975149625,0.975149625,0.88,True,0.9198375,False,False,"[""product_19"", ""product_19"", ""product_19""]","[""structured"", ""unstructured"", ""unstructured""]","[""structured_row:Zenbyte Headphones Plus 19"", ""Zenbyte Headphones Plus 19 is manufactured by Zenbyte. It is a headphones device. Comes with 8GB of RAM. Offers 512GB of internal storage. Battery lasts up to 14 hours. Built with aluminum construction. Targeted at the APAC market."", ""Zenbyte Headphones Plus 19 is manufactured by Zenbyte. It is a headphones device. Comes with 8GB of RAM. Offers 512GB of internal storage. Battery lasts up to 14 hours. Built with aluminum construction. Targeted at the APAC market.""]",1,526,candidate
DEC029_NO_FEEDBACK,train_kb,conservative_noisy_or_conflict_adjusted,2,Zenbyte Headphones Plus 19,has_weight_kg,1.8,zenbyte headphones plus 19|has_weight_kg|1.8,1,[0.98],True,0,0.735,0.735,0.88,False,0.735,False,False,"[""product_19""]","[""structured""]","[""structured_row:Zenbyte Headphones Plus 19""]",0,526,candidate
DEC029_NO_FEEDBACK,train_kb,conservative_noisy_or_conflict_adjusted,2,Zenbyte Headphones Plus 19,has_color,white,zenbyte headphones plus 19|has_color|white,1,[0.98],False,0,0.735,0.735,0.88,False,0.735,False,False,"[""product_19""]","[""structured""]","[""structured_row:Zenbyte Headphones Plus 19""]",0,526,candidate
DEC029_NO_FEEDBACK,train_kb,conservative_noisy_or_conflict_adjusted,2,Zenbyte Headphones Plus 19,made_of_material,aluminum,zenbyte headphones plus 19|made_of_material|aluminum,3,"[0.98, 0.9, 0.92]",True,0,0.97330125,0.97330125,0.88,True,0.913875,False,False,"[""product_19"", ""product_19"", ""product_19""]","[""structured"", ""unstructured"", ""unstructured""]","[""structured_row:Zenbyte Headphones Plus 19"", ""Zenbyte Headphones Plus 19 is manufactured by Zenbyte. It is a headphones device. Comes with 8GB of RAM. Offers 512GB of internal storage. Battery lasts up to 14 hours. Built with aluminum construction. Targeted at the APAC market."", ""Zenbyte Headphones Plus 19 is manufactured by Zenbyte. It is a headphones device. Comes with 8GB of RAM. Offers 512GB of internal storage. Battery lasts up to 14 hours. Built with aluminum construction. Targeted at the APAC market.""]",1,526,candidate
DEC029_NO_FEEDBACK,train_kb,conservative_noisy_or_conflict_adjusted,2,Zenbyte Headphones Plus 19,target_market_region,APAC,zenbyte headphones plus 19|target_market_region|apac,3,"[0.98, 0.91, 0.92]",True,0,0.973917375,0.973917375,0.88,True,0.9158625,False,False,"[""product_19"", ""product_19"", ""product_19""]","[""structured"", ""unstructured"", ""unstructured""]","[""structured_row:Zenbyte Headphones Plus 19"", ""Zenbyte Headphones Plus 19 is manufactured by Zenbyte. It is a headphones device. Comes with 8GB of RAM. Offers 512GB of internal storage. Battery lasts up to 14 hours. Built with aluminum construction. Targeted at the APAC market."", ""Zenbyte Headphones Plus 19 is manufactured by Zenbyte. It is a headphones device. Comes with 8GB of RAM. Offers 512GB of internal storage. Battery lasts up to 14 hours. Built with aluminum construction. Targeted at the APAC market.""]",1,526,candidate
DEC029_NO_FEEDBACK,train_kb,conservative_noisy_or_conflict_adjusted,2,Zenbyte Headphones Plus 19,supports_fast_charging,no,zenbyte headphones plus 19|supports_fast_charging|no,1,[0.98],True,0,0.735,0.735,0.88,False,0.735,False,False,"[""product_19""]","[""structured""]","[""structured_row:Zenbyte Headphones Plus 19""]",0,526,candidate
DEC029_NO_FEEDBACK,train_kb,conservative_noisy_or_conflict_adjusted,2,Zenbyte Headphones Plus 19,has_noise_cancellation,yes,zenbyte headphones plus 19|has_noise_cancellation|yes,1,[0.98],True,0,0.735,0.735,0.88,False,0.735,False,False,"[""product_19""]","[""structured""]","[""structured_row:Zenbyte Headphones Plus 19""]",0,526,candidate
DEC029_NO_FEEDBACK,train_kb,conservative_noisy_or_conflict_adjusted,2,TechNova Smartphone Lite 20,manufactured_by,TechNova,technova smartphone lite 20|manufactured_by|technova,1,[0.98],True,0,0.735,0.735,0.88,False,0.735,False,False,"[""product_20""]","[""structured""]","[""structured_row:TechNova Smartphone Lite 20""]",0,526,candidate
DEC029_NO_FEEDBACK,train_kb,conservative_noisy_or_conflict_adjusted,2,TechNova Smartphone Lite 20,belongs_to_category,smartphone,technova smartphone lite 20|belongs_to_category|smartphone,1,[0.98],True,0,0.735,0.735,0.88,False,0.735,False,False,"[""product_20""]","[""structured""]","[""structured_row:TechNova Smartphone Lite 20""]",1,526,candidate
DEC029_NO_FEEDBACK,train_kb,conservative_noisy_or_conflict_adjusted,2,TechNova Smartphone Lite 20,has_price_usd,249,technova smartphone lite 20|has_price_usd|249,1,[0.98],True,0,0.735,0.735,0.88,False,0.735,False,False,"[""product_20""]","[""structured""]","[""structured_row:TechNova Smartphone Lite 20""]",1,526,candidate
DEC029_NO_FEEDBACK,train_kb,conservative_noisy_or_conflict_adjusted,2,TechNova Smartphone Lite 20,has_screen_size_inch,6.1,technova smartphone lite 20|has_screen_size_inch|6.1,1,[0.98],True,0,0.735,0.735,0.88,False,0.735,False,False,"[""product_20""]","[""structured""]","[""structured_row:TechNova Smartphone Lite 20""]",0,526,candidate
DEC029_NO_FEEDBACK,train_kb,conservative_noisy_or_conflict_adjusted,2,TechNova Smartphone Lite 20,has_ram_gb,12,technova smartphone lite 20|has_ram_gb|12,1,[0.98],True,0,0.735,0.735,0.88,False,0.735,False,False,"[""product_20""]","[""structured""]","[""structured_row:TechNova Smartphone Lite 20""]",0,526,candidate
DEC029_NO_FEEDBACK,train_kb,conservative_noisy_or_conflict_adjusted,2,TechNova Smartphone Lite 20,has_storage_gb,64,technova smartphone lite 20|has_storage_gb|64,1,[0.98],True,0,0.735,0.735,0.88,False,0.735,False,False,"[""product_20""]","[""structured""]","[""structured_row:TechNova Smartphone Lite 20""]",0,526,candidate
DEC029_NO_FEEDBACK,train_kb,conservative_noisy_or_conflict_adjusted,2,TechNova Smartphone Lite 20,has_battery_life_hours,18,technova smartphone lite 20|has_battery_life_hours|18,1,[0.98],True,0,0.735,0.735,0.88,False,0.735,False,False,"[""product_20""]","[""structured""]","[""structured_row:TechNova Smartphone Lite 20""]",1,526,candidate
DEC029_NO_FEEDBACK,train_kb,conservative_noisy_or_conflict_adjusted,2,TechNova Smartphone Lite 20,has_weight_kg,0.42,technova smartphone lite 20|has_weight_kg|0.42,1,[0.98],True,0,0.735,0.735,0.88,False,0.735,False,False,"[""product_20""]","[""structured""]","[""structured_row:TechNova Smartphone Lite 20""]",1,526,candidate
DEC029_NO_FEEDBACK,train_kb,conservative_noisy_or_conflict_adjusted,2,TechNova Smartphone Lite 20,has_color,blue,technova smartphone lite 20|has_color|blue,1,[0.98],False,0,0.735,0.735,0.88,False,0.735,False,False,"[""product_20""]","[""structured""]","[""structured_row:TechNova Smartphone Lite 20""]",0,526,candidate
DEC029_NO_FEEDBACK,train_kb,conservative_noisy_or_conflict_adjusted,2,TechNova Smartphone Lite 20,made_of_material,plastic,technova smartphone lite 20|made_of_material|plastic,1,[0.98],True,0,0.735,0.735,0.88,False,0.735,False,False,"[""product_20""]","[""structured""]","[""structured_row:TechNova Smartphone Lite 20""]",0,526,candidate
DEC029_NO_FEEDBACK,train_kb,conservative_noisy_or_conflict_adjusted,2,TechNova Smartphone Lite 20,target_market_region,EU,technova smartphone lite 20|target_market_region|eu,1,[0.98],True,0,0.735,0.735,0.88,False,0.735,False,False,"[""product_20""]","[""structured""]","[""structured_row:TechNova Smartphone Lite 20""]",1,526,candidate
DEC029_NO_FEEDBACK,train_kb,conservative_noisy_or_conflict_adjusted,2,TechNova Smartphone Lite 20,supports_fast_charging,no,technova smartphone lite 20|supports_fast_charging|no,1,[0.98],True,0,0.735,0.735,0.88,False,0.735,False,False,"[""product_20""]","[""structured""]","[""structured_row:TechNova Smartphone Lite 20""]",1,526,candidate
DEC029_NO_FEEDBACK,train_kb,conservative_noisy_or_conflict_adjusted,2,TechNova Smartphone Lite 20,has_noise_cancellation,no,technova smartphone lite 20|has_noise_cancellation|no,1,[0.98],True,0,0.735,0.735,0.88,False,0.735,False,False,"[""product_20""]","[""structured""]","[""structured_row:TechNova Smartphone Lite 20""]",1,526,candidate
DEC029_NO_FEEDBACK,train_kb,conservative_noisy_or_conflict_adjusted,2,Zenbyte Laptop Air 22,manufactured_by,Zenbyte,zenbyte laptop air 22|manufactured_by|zenbyte,1,[0.98],True,0,0.735,0.735,0.88,False,0.735,False,False,"[""product_22""]","[""structured""]","[""structured_row:Zenbyte Laptop Air 22""]",0,526,candidate
DEC029_NO_FEEDBACK,train_kb,conservative_noisy_or_conflict_adjusted,2,Zenbyte Laptop Air 22,belongs_to_category,laptop,zenbyte laptop air 22|belongs_to_category|laptop,1,[0.98],True,0,0.735,0.735,0.88,False,0.735,False,False,"[""product_22""]","[""structured""]","[""structured_row:Zenbyte Laptop Air 22""]",0,526,candidate
DEC029_NO_FEEDBACK,train_kb,conservative_noisy_or_conflict_adjusted,2,Zenbyte Laptop Air 22,has_price_usd,349,zenbyte laptop air 22|has_price_usd|349,1,[0.98],True,0,0.735,0.735,0.88,False,0.735,False,False,"[""product_22""]","[""structured""]","[""structured_row:Zenbyte Laptop Air 22""]",1,526,candidate
DEC029_NO_FEEDBACK,train_kb,conservative_noisy_or_conflict_adjusted,2,Zenbyte Laptop Air 22,has_screen_size_inch,13.3,zenbyte laptop air 22|has_screen_size_inch|13.3,1,[0.98],True,0,0.735,0.735,0.88,False,0.735,False,False,"[""product_22""]","[""structured""]","[""structured_row:Zenbyte Laptop Air 22""]",1,526,candidate
DEC029_NO_FEEDBACK,train_kb,conservative_noisy_or_conflict_adjusted,2,Zenbyte Laptop Air 22,has_ram_gb,12,zenbyte laptop air 22|has_ram_gb|12,1,[0.98],True,0,0.735,0.735,0.88,False,0.735,False,False,"[""product_22""]","[""structured""]","[""structured_row:Zenbyte Laptop Air 22""]",1,526,candidate
DEC029_NO_FEEDBACK,train_kb,conservative_noisy_or_conflict_adjusted,2,Zenbyte Laptop Air 22,has_storage_gb,256,zenbyte laptop air 22|has_storage_gb|256,1,[0.98],True,0,0.735,0.735,0.88,False,0.735,False,False,"[""product_22""]","[""structured""]","[""structured_row:Zenbyte Laptop Air 22""]",0,526,candidate
DEC029_NO_FEEDBACK,train_kb,conservative_noisy_or_conflict_adjusted,2,Zenbyte Laptop Air 22,has_battery_life_hours,14,zenbyte laptop air 22|has_battery_life_hours|14,1,[0.98],True,0,0.735,0.735,0.88,False,0.735,False,False,"[""product_22""]","[""structured""]","[""structured_row:Zenbyte Laptop Air 22""]",0,526,candidate
DEC029_NO_FEEDBACK,train_kb,conservative_noisy_or_conflict_adjusted,2,Zenbyte Laptop Air 22,has_weight_kg,1.2,zenbyte laptop air 22|has_weight_kg|1.2,1,[0.98],True,0,0.735,0.735,0.88,False,0.735,False,False,"[""product_22""]","[""structured""]","[""structured_row:Zenbyte Laptop Air 22""]",1,526,candidate
DEC029_NO_FEEDBACK,train_kb,conservative_noisy_or_conflict_adjusted,2,Zenbyte Laptop Air 22,has_color,white,zenbyte laptop air 22|has_color|white,1,[0.98],False,0,0.735,0.735,0.88,False,0.735,False,False,"[""product_22""]","[""structured""]","[""structured_row:Zenbyte Laptop Air 22""]",1,526,candidate
DEC029_NO_FEEDBACK,train_kb,conservative_noisy_or_conflict_adjusted,2,Zenbyte Laptop Air 22,made_of_material,carbon fiber,zenbyte laptop air 22|made_of_material|carbon fiber,1,[0.98],True,0,0.735,0.735,0.88,False,0.735,False,False,"[""product_22""]","[""structured""]","[""structured_row:Zenbyte Laptop Air 22""]",0,526,candidate
DEC029_NO_FEEDBACK,train_kb,conservative_noisy_or_conflict_adjusted,2,Zenbyte Laptop Air 22,target_market_region,Global,zenbyte laptop air 22|target_market_region|global,1,[0.98],True,0,0.735,0.735,0.88,False,0.735,False,False,"[""product_22""]","[""structured""]","[""structured_row:Zenbyte Laptop Air 22""]",1,526,candidate
DEC029_NO_FEEDBACK,train_kb,conservative_noisy_or_conflict_adjusted,2,Zenbyte Laptop Air 22,supports_fast_charging,no,zenbyte laptop air 22|supports_fast_charging|no,1,[0.98],True,0,0.735,0.735,0.88,False,0.735,False,False,"[""product_22""]","[""structured""]","[""structured_row:Zenbyte Laptop Air 22""]",0,526,candidate
DEC029_NO_FEEDBACK,train_kb,conservative_noisy_or_conflict_adjusted,2,Zenbyte Laptop Air 22,has_noise_cancellation,no,zenbyte laptop air 22|has_noise_cancellation|no,1,[0.98],True,0,0.735,0.735,0.88,False,0.735,False,False,"[""product_22""]","[""structured""]","[""structured_row:Zenbyte Laptop Air 22""]",1,526,candidate
DEC029_NO_FEEDBACK,train_kb,conservative_noisy_or_conflict_adjusted,2,TechNova Smartphone Pro 1,has_price_usd,349,technova smartphone pro 1|has_price_usd|349,3,"[0.92, 0.85, 0.91]",True,4,0.9643209375,0.1928641875,0.88,False,0.177525,False,False,"[""product_22"", ""product_28"", ""product_22""]","[""unstructured"", ""unstructured"", ""unstructured""]","[""Priced at 349 USD. The display measures 13.3 inches. Comes with 12GB of RAM. Weighs approximately 1.2kg. Available in white. Targeted at the Global market. Noise cancellation: no."", ""Priced at 349 USD. The display measures 15.6 inches. Comes with 4GB of RAM. Weighs approximately 1.45kg. Available in silver. Targeted at the EU market. Fast charging is no."", ""Priced at 349 USD. The display measures 13.3 inches. Comes with 12GB of RAM. Weighs approximately 1.2kg. Available in white. Targeted at the Global market. Noise cancellation: no.""]",0,526,candidate
DEC029_NO_FEEDBACK,train_kb,conservative_noisy_or_conflict_adjusted,2,TechNova Smartphone Pro 1,has_screen_size_inch,13.3,technova smartphone pro 1|has_screen_size_inch|13.3,6,"[0.93, 0.91, 0.93, 0.91, 0.91, 0.9]",True,4,0.9990481570274927,0.19980963140549854,0.88,False,0.19418935312500002,False,False,"[""product_22"", ""product_30"", ""product_47"", ""product_22"", ""product_30"", ""product_47""]","[""unstructured"", ""unstructured"", ""unstructured"", ""unstructured"", ""unstructured"", ""unstructured""]","[""Priced at 349 USD. The display measures 13.3 inches. Comes with 12GB of RAM. Weighs approximately 1.2kg. Available in white. Targeted at the Global market. Noise cancellation: no."", ""Priced at 1099 USD. The display measures 13.3 inches. Offers 64GB of internal storage. Weighs approximately 0.42kg. Available in white. Built with aluminum construction. Fast charging is no."", ""It is a smartphone device. Priced at 249 USD. The display measures 13.3 inches. Offers 512GB of internal storage. Weighs approximately 1.45kg. Available in green. Fast charging is no."", ""Priced at 349 USD. The display measures 13.3 inches. Comes with 12GB of RAM. Weighs approximately 1.2kg. Available in white. Targeted at the Global market. Noise cancellation: no."", ""Priced at 1099 USD. The display measures 13.3 inches. Offers 64GB of internal storage. Weighs approximately 0.42kg. Available in white. Built with aluminum construction. Fast charging is no."", ""It is a smartphone device. Priced at 249 USD. The display measures 13.3 inches. Offers 512GB of internal storage. Weighs approximately 1.45kg. Available in green. Fast charging is no.""]",0,526,candidate
DEC029_NO_FEEDBACK,train_kb,conservative_noisy_or_conflict_adjusted,2,TechNova Smartphone Pro 1,has_ram_gb,12,technova smartphone pro 1|has_ram_gb|12,5,"[0.94, 0.88, 0.91, 0.91, 0.91]",True,3,0.9967897997671875,0.24919744994179688,0.88,False,0.22492499999999999,False,False,"[""product_22"", ""product_39"", ""product_22"", ""product_39"", ""product_43""]","[""unstructured"", ""unstructured"", ""unstructured"", ""unstructured"", ""unstructured""]","[""Priced at 349 USD. The display measures 13.3 inches. Comes with 12GB of RAM. Weighs approximately 1.2kg. Available in white. Targeted at the Global market. Noise cancellation: no."", ""Priced at 899 USD. The display measures 14.0 inches. Comes with 12GB of RAM. Offers 256GB of internal storage. Battery lasts up to 10 hours. Weighs approximately 0.23kg. Built with plastic construction."", ""Priced at 349 USD. The display measures 13.3 inches. Comes with 12GB of RAM. Weighs approximately 1.2kg. Available in white. Targeted at the Global market. Noise cancellation: no."", ""Priced at 899 USD. The display measures 14.0 inches. Comes with 12GB of RAM. Offers 256GB of internal storage. Battery lasts up to 10 hours. Weighs approximately 0.23kg. Built with plastic construction."", ""Priced at 1099 USD. The display measures 15.6 inches. Comes with 12GB of RAM. Battery lasts up to 20 hours. Available in white. Built with carbon fiber construction. Noise cancellation: no.""]",0,526,candidate
DEC029_NO_FEEDBACK,train_kb,conservative_noisy_or_conflict_adjusted,2,TechNova Smartphone Pro 1,has_weight_kg,1.2,technova smartphone pro 1|has_weight_kg|1.2,2,"[0.95, 0.91]",True,6,0.90871875,0.1298169642857143,0.88,False,0.17812499999999998,False,False,"[""product_22"", ""product_22""]","[""unstructured"", ""unstructured""]","[""Priced at 349 USD. The display measures 13.3 inches. Comes with 12GB of RAM. Weighs approximately 1.2kg. Available in white. Targeted at the Global market. Noise cancellation: no."", ""Priced at 349 USD. The display measures 13.3 inches. Comes with 12GB of RAM. Weighs approximately 1.2kg. Available in white. Targeted at the Global market. Noise cancellation: no.""]",0,526,candidate
DEC029_NO_FEEDBACK,train_kb,conservative_noisy_or_conflict_adjusted,2,TechNova Smartphone Pro 1,has_color,white,technova smartphone pro 1|has_color|white,5,"[0.96, 0.91, 0.91, 0.91, 0.91]",False,3,0.9971546679890625,0.9971546679890625,0.88,True,0.9111,False,False,"[""product_22"", ""product_30"", ""product_22"", ""product_30"", ""product_43""]","[""unstructured"", ""unstructured"", ""unstructured"", ""unstructured"", ""unstructured""]","[""Priced at 349 USD. The display measures 13.3 inches. Comes with 12GB of RAM. Weighs approximately 1.2kg. Available in white. Targeted at the Global market. Noise cancellation: no."", ""Priced at 1099 USD. The display measures 13.3 inches. Offers 64GB of internal storage. Weighs approximately 0.42kg. Available in white. Built with aluminum construction. Fast charging is no."", ""Priced at 349 USD. The display measures 13.3 inches. Comes with 12GB of RAM. Weighs approximately 1.2kg. Available in white. Targeted at the Global market. Noise cancellation: no."", ""Priced at 1099 USD. The display measures 13.3 inches. Offers 64GB of internal storage. Weighs approximately 0.42kg. Available in white. Built with aluminum construction. Fast charging is no."", ""Priced at 1099 USD. The display measures 15.6 inches. Comes with 12GB of RAM. Battery lasts up to 20 hours. Available in white. Built with carbon fiber construction. Noise cancellation: no.""]",0,526,candidate
DEC029_NO_FEEDBACK,train_kb,conservative_noisy_or_conflict_adjusted,2,TechNova Smartphone Pro 1,target_market_region,Global,technova smartphone pro 1|target_market_region|global,2,"[0.9, 0.91]",True,3,0.8968125,0.224203125,0.88,False,0.16875,False,False,"[""product_22"", ""product_22""]","[""unstructured"", ""unstructured""]","[""Priced at 349 USD. The display measures 13.3 inches. Comes with 12GB of RAM. Weighs approximately 1.2kg. Available in white. Targeted at the Global market. Noise cancellation: no."", ""Priced at 349 USD. The display measures 13.3 inches. Comes with 12GB of RAM. Weighs approximately 1.2kg. Available in white. Targeted at the Global market. Noise cancellation: no.""]",0,526,candidate
DEC029_NO_FEEDBACK,train_kb,conservative_noisy_or_conflict_adjusted,2,NeoTech Smartwatch Pro 23,manufactured_by,NeoTech,neotech smartwatch pro 23|manufactured_by|neotech,3,"[0.98, 0.95, 0.9]",True,0,0.9752390625,0.9752390625,0.88,True,0.9238124999999999,False,False,"[""product_23"", ""product_23"", ""product_23""]","[""structured"", ""unstructured"", ""unstructured""]","[""structured_row:NeoTech Smartwatch Pro 23"", ""NeoTech Smartwatch Pro 23 is manufactured by NeoTech. The display measures 13.3 inches. Comes with 8GB of RAM. Battery lasts up to 8 hours. Available in green. Fast charging is yes. Noise cancellation: no."", ""NeoTech Smartwatch Pro 23 is manufactured by NeoTech. The display measures 13.3 inches. Comes with 8GB of RAM. Battery lasts up to 8 hours. Available in green. Fast charging is yes. Noise cancellation: no.""]",1,526,candidate
DEC029_NO_FEEDBACK,train_kb,conservative_noisy_or_conflict_adjusted,2,NeoTech Smartwatch Pro 23,belongs_to_category,smartwatch,neotech smartwatch pro 23|belongs_to_category|smartwatch,1,[0.98],True,0,0.735,0.735,0.88,False,0.735,False,False,"[""product_23""]","[""structured""]","[""structured_row:NeoTech Smartwatch Pro 23""]",0,526,candidate
DEC029_NO_FEEDBACK,train_kb,conservative_noisy_or_conflict_adjusted,2,NeoTech Smartwatch Pro 23,has_price_usd,299,neotech smartwatch pro 23|has_price_usd|299,1,[0.98],True,0,0.735,0.735,0.88,False,0.735,False,False,"[""product_23""]","[""structured""]","[""structured_row:NeoTech Smartwatch Pro 23""]",0,526,candidate
DEC029_NO_FEEDBACK,train_kb,conservative_noisy_or_conflict_adjusted,2,NeoTech Smartwatch Pro 23,has_screen_size_inch,13.3,neotech smartwatch pro 23|has_screen_size_inch|13.3,3,"[0.98, 0.92, 0.9]",True,0,0.97330125,0.97330125,0.88,True,0.91785,False,False,"[""product_23"", ""product_23"", ""product_23""]","[""structured"", ""unstructured"", ""unstructured""]","[""structured_row:NeoTech Smartwatch Pro 23"", ""NeoTech Smartwatch Pro 23 is manufactured by NeoTech. The display measures 13.3 inches. Comes with 8GB of RAM. Battery lasts up to 8 hours. Available in green. Fast charging is yes. Noise cancellation: no."", ""NeoTech Smartwatch Pro 23 is manufactured by NeoTech. The display measures 13.3 inches. Comes with 8GB of RAM. Battery lasts up to 8 hours. Available in green. Fast charging is yes. Noise cancellation: no.""]",1,526,candidate
DEC029_NO_FEEDBACK,train_kb,conservative_noisy_or_conflict_adjusted,2,NeoTech Smartwatch Pro 23,has_ram_gb,8,neotech smartwatch pro 23|has_ram_gb|8,3,"[0.98, 0.91, 0.9]",True,0,0.9726553125,0.9726553125,0.88,True,0.9158625,False,False,"[""product_23"", ""product_23"", ""product_23""]","[""structured"", ""unstructured"", ""unstructured""]","[""structured_row:NeoTech Smartwatch Pro 23"", ""NeoTech Smartwatch Pro 23 is manufactured by NeoTech. The display measures 13.3 inches. Comes with 8GB of RAM. Battery lasts up to 8 hours. Available in green. Fast charging is yes. Noise cancellation: no."", ""NeoTech Smartwatch Pro 23 is manufactured by NeoTech. The display measures 13.3 inches. Comes with 8GB of RAM. Battery lasts up to 8 hours. Available in green. Fast charging is yes. Noise cancellation: no.""]",1,526,candidate
DEC029_NO_FEEDBACK,train_kb,conservative_noisy_or_conflict_adjusted,2,NeoTech Smartwatch Pro 23,has_storage_gb,1024,neotech smartwatch pro 23|has_storage_gb|1024,1,[0.98],True,0,0.735,0.735,0.88,False,0.735,False,False,"[""product_23""]","[""structured""]","[""structured_row:NeoTech Smartwatch Pro 23""]",0,526,candidate
DEC029_NO_FEEDBACK,train_kb,conservative_noisy_or_conflict_adjusted,2,NeoTech Smartwatch Pro 23,has_battery_life_hours,8,neotech smartwatch pro 23|has_battery_life_hours|8,3,"[0.98, 0.9, 0.9]",True,0,0.972009375,0.972009375,0.88,True,0.913875,False,False,"[""product_23"", ""product_23"", ""product_23""]","[""structured"", ""unstructured"", ""unstructured""]","[""structured_row:NeoTech Smartwatch Pro 23"", ""NeoTech Smartwatch Pro 23 is manufactured by NeoTech. The display measures 13.3 inches. Comes with 8GB of RAM. Battery lasts up to 8 hours. Available in green. Fast charging is yes. Noise cancellation: no."", ""NeoTech Smartwatch Pro 23 is manufactured by NeoTech. The display measures 13.3 inches. Comes with 8GB of RAM. Battery lasts up to 8 hours. Available in green. Fast charging is yes. Noise cancellation: no.""]",1,526,candidate
DEC029_NO_FEEDBACK,train_kb,conservative_noisy_or_conflict_adjusted,2,NeoTech Smartwatch Pro 23,has_weight_kg,0.42,neotech smartwatch pro 23|has_weight_kg|0.42,1,[0.98],True,0,0.735,0.735,0.88,False,0.735,False,False,"[""product_23""]","[""structured""]","[""structured_row:NeoTech Smartwatch Pro 23""]",0,526,candidate
DEC029_NO_FEEDBACK,train_kb,conservative_noisy_or_conflict_adjusted,2,NeoTech Smartwatch Pro 23,has_color,green,neotech smartwatch pro 23|has_color|green,3,"[0.98, 0.88, 0.9]",False,0,0.9707175,0.9707175,0.88,True,0.9099,False,False,"[""product_23"", ""product_23"", ""product_23""]","[""structured"", ""unstructured"", ""unstructured""]","[""structured_row:NeoTech Smartwatch Pro 23"", ""NeoTech Smartwatch Pro 23 is manufactured by NeoTech. The display measures 13.3 inches. Comes with 8GB of RAM. Battery lasts up to 8 hours. Available in green. Fast charging is yes. Noise cancellation: no."", ""NeoTech Smartwatch Pro 23 is manufactured by NeoTech. The display measures 13.3 inches. Comes with 8GB of RAM. Battery lasts up to 8 hours. Available in green. Fast charging is yes. Noise cancellation: no.""]",1,526,candidate
DEC029_NO_FEEDBACK,train_kb,conservative_noisy_or_conflict_adjusted,2,NeoTech Smartwatch Pro 23,made_of_material,carbon fiber,neotech smartwatch pro 23|made_of_material|carbon fiber,1,[0.98],True,0,0.735,0.735,0.88,False,0.735,False,False,"[""product_23""]","[""structured""]","[""structured_row:NeoTech Smartwatch Pro 23""]",0,526,candidate
DEC029_NO_FEEDBACK,train_kb,conservative_noisy_or_conflict_adjusted,2,NeoTech Smartwatch Pro 23,target_market_region,US,neotech smartwatch pro 23|target_market_region|us,1,[0.98],True,0,0.735,0.735,0.88,False,0.735,False,False,"[""product_23""]","[""structured""]","[""structured_row:NeoTech Smartwatch Pro 23""]",0,526,candidate
DEC029_NO_FEEDBACK,train_kb,conservative_noisy_or_conflict_adjusted,2,NeoTech Smartwatch Pro 23,supports_fast_charging,yes,neotech smartwatch pro 23|supports_fast_charging|yes,3,"[0.98, 0.85, 0.9]",True,0,0.9687796875,0.9687796875,0.88,True,0.9039375,False,False,"[""product_23"", ""product_23"", ""product_23""]","[""structured"", ""unstructured"", ""unstructured""]","[""structured_row:NeoTech Smartwatch Pro 23"", ""NeoTech Smartwatch Pro 23 is manufactured by NeoTech. The display measures 13.3 inches. Comes with 8GB of RAM. Battery lasts up to 8 hours. Available in green. Fast charging is yes. Noise cancellation: no."", ""NeoTech Smartwatch Pro 23 is manufactured by NeoTech. The display measures 13.3 inches. Comes with 8GB of RAM. Battery lasts up to 8 hours. Available in green. Fast charging is yes. Noise cancellation: no.""]",1,526,candidate
DEC029_NO_FEEDBACK,train_kb,conservative_noisy_or_conflict_adjusted,2,NeoTech Smartwatch Pro 23,has_noise_cancellation,no,neotech smartwatch pro 23|has_noise_cancellation|no,3,"[0.98, 0.83, 0.9]",True,0,0.9674878125,0.9674878125,0.88,True,0.8999625,False,False,"[""product_23"", ""product_23"", ""product_23""]","[""structured"", ""unstructured"", ""unstructured""]","[""structured_row:NeoTech Smartwatch Pro 23"", ""NeoTech Smartwatch Pro 23 is manufactured by NeoTech. The display measures 13.3 inches. Comes with 8GB of RAM. Battery lasts up to 8 hours. Available in green. Fast charging is yes. Noise cancellation: no."", ""NeoTech Smartwatch Pro 23 is manufactured by NeoTech. The display measures 13.3 inches. Comes with 8GB of RAM. Battery lasts up to 8 hours. Available in green. Fast charging is yes. Noise cancellation: no.""]",1,526,candidate
DEC029_NO_FEEDBACK,train_kb,conservative_noisy_or_conflict_adjusted,2,NeoTech Smartwatch Plus 25,manufactured_by,NeoTech,neotech smartwatch plus 25|manufactured_by|neotech,3,"[0.98, 0.92, 0.91]",True,0,0.973917375,0.973917375,0.88,True,0.91785,False,False,"[""product_25"", ""product_25"", ""product_25""]","[""structured"", ""unstructured"", ""unstructured""]","[""structured_row:NeoTech Smartwatch Plus 25"", ""NeoTech Smartwatch Plus 25 is manufactured by NeoTech. Priced at 1099 USD. Battery lasts up to 18 hours. Weighs approximately 0.18kg. Built with carbon fiber construction. Fast charging is no. Noise cancellation: no."", ""NeoTech Smartwatch Plus 25 is manufactured by NeoTech. Priced at 1099 USD. Battery lasts up to 18 hours. Weighs approximately 0.18kg. Built with carbon fiber construction. Fast charging is no. Noise cancellation: no.""]",1,526,candidate
DEC029_NO_FEEDBACK,train_kb,conservative_noisy_or_conflict_adjusted,2,NeoTech Smartwatch Plus 25,belongs_to_category,smartwatch,neotech smartwatch plus 25|belongs_to_category|smartwatch,1,[0.98],True,0,0.735,0.735,0.88,False,0.735,False,False,"[""product_25""]","[""structured""]","[""structured_row:NeoTech Smartwatch Plus 25""]",0,526,candidate
DEC029_NO_FEEDBACK,train_kb,conservative_noisy_or_conflict_adjusted,2,NeoTech Smartwatch Plus 25,has_price_usd,1099,neotech smartwatch plus 25|has_price_usd|1099,3,"[0.98, 0.93, 0.91]",True,0,0.97454840625,0.97454840625,0.88,True,0.9198375,False,False,"[""product_25"", ""product_25"", ""product_25""]","[""structured"", ""unstructured"", ""unstructured""]","[""structured_row:NeoTech Smartwatch Plus 25"", ""NeoTech Smartwatch Plus 25 is manufactured by NeoTech. Priced at 1099 USD. Battery lasts up to 18 hours. Weighs approximately 0.18kg. Built with carbon fiber construction. Fast charging is no. Noise cancellation: no."", ""NeoTech Smartwatch Plus 25 is manufactured by NeoTech. Priced at 1099 USD. Battery lasts up to 18 hours. Weighs approximately 0.18kg. Built with carbon fiber construction. Fast charging is no. Noise cancellation: no.""]",1,526,candidate
DEC029_NO_FEEDBACK,train_kb,conservative_noisy_or_conflict_adjusted,2,NeoTech Smartwatch Plus 25,has_screen_size_inch,11.0,neotech smartwatch plus 25|has_screen_size_inch|11.0,1,[0.98],True,0,0.735,0.735,0.88,False,0.735,False,False,"[""product_25""]","[""structured""]","[""structured_row:NeoTech Smartwatch Plus 25""]",0,526,candidate
DEC029_NO_FEEDBACK,train_kb,conservative_noisy_or_conflict_adjusted,2,NeoTech Smartwatch Plus 25,has_ram_gb,16,neotech smartwatch plus 25|has_ram_gb|16,1,[0.98],True,0,0.735,0.735,0.88,False,0.735,False,False,"[""product_25""]","[""structured""]","[""structured_row:NeoTech Smartwatch Plus 25""]",0,526,candidate
DEC029_NO_FEEDBACK,train_kb,conservative_noisy_or_conflict_adjusted,2,NeoTech Smartwatch Plus 25,has_storage_gb,64,neotech smartwatch plus 25|has_storage_gb|64,1,[0.98],True,0,0.735,0.735,0.88,False,0.735,False,False,"[""product_25""]","[""structured""]","[""structured_row:NeoTech Smartwatch Plus 25""]",0,526,candidate
DEC029_NO_FEEDBACK,train_kb,conservative_noisy_or_conflict_adjusted,2,NeoTech Smartwatch Plus 25,has_battery_life_hours,18,neotech smartwatch plus 25|has_battery_life_hours|18,3,"[0.98, 0.94, 0.91]",True,0,0.9751794375,0.9751794375,0.88,True,0.921825,False,False,"[""product_25"", ""product_25"", ""product_25""]","[""structured"", ""unstructured"", ""unstructured""]","[""structured_row:NeoTech Smartwatch Plus 25"", ""NeoTech Smartwatch Plus 25 is manufactured by NeoTech. Priced at 1099 USD. Battery lasts up to 18 hours. Weighs approximately 0.18kg. Built with carbon fiber construction. Fast charging is no. Noise cancellation: no."", ""NeoTech Smartwatch Plus 25 is manufactured by NeoTech. Priced at 1099 USD. Battery lasts up to 18 hours. Weighs approximately 0.18kg. Built with carbon fiber construction. Fast charging is no. Noise cancellation: no.""]",1,526,candidate
DEC029_NO_FEEDBACK,train_kb,conservative_noisy_or_conflict_adjusted,2,NeoTech Smartwatch Plus 25,has_weight_kg,0.18,neotech smartwatch plus 25|has_weight_kg|0.18,3,"[0.98, 0.95, 0.91]",True,0,0.97581046875,0.97581046875,0.88,True,0.9238124999999999,False,False,"[""product_25"", ""product_25"", ""product_25""]","[""structured"", ""unstructured"", ""unstructured""]","[""structured_row:NeoTech Smartwatch Plus 25"", ""NeoTech Smartwatch Plus 25 is manufactured by NeoTech. Priced at 1099 USD. Battery lasts up to 18 hours. Weighs approximately 0.18kg. Built with carbon fiber construction. Fast charging is no. Noise cancellation: no."", ""NeoTech Smartwatch Plus 25 is manufactured by NeoTech. Priced at 1099 USD. Battery lasts up to 18 hours. Weighs approximately 0.18kg. Built with carbon fiber construction. Fast charging is no. Noise cancellation: no.""]",1,526,candidate
DEC029_NO_FEEDBACK,train_kb,conservative_noisy_or_conflict_adjusted,2,NeoTech Smartwatch Plus 25,has_color,green,neotech smartwatch plus 25|has_color|green,1,[0.98],False,0,0.735,0.735,0.88,False,0.735,False,False,"[""product_25""]","[""structured""]","[""structured_row:NeoTech Smartwatch Plus 25""]",0,526,candidate
DEC029_NO_FEEDBACK,train_kb,conservative_noisy_or_conflict_adjusted,2,NeoTech Smartwatch Plus 25,made_of_material,carbon fiber,neotech smartwatch plus 25|made_of_material|carbon fiber,3,"[0.98, 0.9, 0.91]",True,0,0.9726553125,0.9726553125,0.88,True,0.913875,False,False,"[""product_25"", ""product_25"", ""product_25""]","[""structured"", ""unstructured"", ""unstructured""]","[""structured_row:NeoTech Smartwatch Plus 25"", ""NeoTech Smartwatch Plus 25 is manufactured by NeoTech. Priced at 1099 USD. Battery lasts up to 18 hours. Weighs approximately 0.18kg. Built with carbon fiber construction. Fast charging is no. Noise cancellation: no."", ""NeoTech Smartwatch Plus 25 is manufactured by NeoTech. Priced at 1099 USD. Battery lasts up to 18 hours. Weighs approximately 0.18kg. Built with carbon fiber construction. Fast charging is no. Noise cancellation: no.""]",1,526,candidate
DEC029_NO_FEEDBACK,train_kb,conservative_noisy_or_conflict_adjusted,2,NeoTech Smartwatch Plus 25,target_market_region,EU,neotech smartwatch plus 25|target_market_region|eu,1,[0.98],True,0,0.735,0.735,0.88,False,0.735,False,False,"[""product_25""]","[""structured""]","[""structured_row:NeoTech Smartwatch Plus 25""]",0,526,candidate
DEC029_NO_FEEDBACK,train_kb,conservative_noisy_or_conflict_adjusted,2,NeoTech Smartwatch Plus 25,supports_fast_charging,no,neotech smartwatch plus 25|supports_fast_charging|no,3,"[0.98, 0.88, 0.91]",True,0,0.97139325,0.97139325,0.88,True,0.9099,False,False,"[""product_25"", ""product_25"", ""product_25""]","[""structured"", ""unstructured"", ""unstructured""]","[""structured_row:NeoTech Smartwatch Plus 25"", ""NeoTech Smartwatch Plus 25 is manufactured by NeoTech. Priced at 1099 USD. Battery lasts up to 18 hours. Weighs approximately 0.18kg. Built with carbon fiber construction. Fast charging is no. Noise cancellation: no."", ""NeoTech Smartwatch Plus 25 is manufactured by NeoTech. Priced at 1099 USD. Battery lasts up to 18 hours. Weighs approximately 0.18kg. Built with carbon fiber construction. Fast charging is no. Noise cancellation: no.""]",1,526,candidate
DEC029_NO_FEEDBACK,train_kb,conservative_noisy_or_conflict_adjusted,2,NeoTech Smartwatch Plus 25,has_noise_cancellation,no,neotech smartwatch plus 25|has_noise_cancellation|no,3,"[0.98, 0.89, 0.91]",True,0,0.97202428125,0.97202428125,0.88,True,0.9118875,False,False,"[""product_25"", ""product_25"", ""product_25""]","[""structured"", ""unstructured"", ""unstructured""]","[""structured_row:NeoTech Smartwatch Plus 25"", ""NeoTech Smartwatch Plus 25 is manufactured by NeoTech. Priced at 1099 USD. Battery lasts up to 18 hours. Weighs approximately 0.18kg. Built with carbon fiber construction. Fast charging is no. Noise cancellation: no."", ""NeoTech Smartwatch Plus 25 is manufactured by NeoTech. Priced at 1099 USD. Battery lasts up to 18 hours. Weighs approximately 0.18kg. Built with carbon fiber construction. Fast charging is no. Noise cancellation: no.""]",1,526,candidate
DEC029_NO_FEEDBACK,train_kb,conservative_noisy_or_conflict_adjusted,2,NeoTech Smartwatch Pro 27,manufactured_by,NeoTech,neotech smartwatch pro 27|manufactured_by|neotech,1,[0.98],True,0,0.735,0.735,0.88,False,0.735,False,False,"[""product_27""]","[""structured""]","[""structured_row:NeoTech Smartwatch Pro 27""]",0,526,candidate
DEC029_NO_FEEDBACK,train_kb,conservative_noisy_or_conflict_adjusted,2,NeoTech Smartwatch Pro 27,belongs_to_category,smartwatch,neotech smartwatch pro 27|belongs_to_category|smartwatch,1,[0.98],True,0,0.735,0.735,0.88,False,0.735,False,False,"[""product_27""]","[""structured""]","[""structured_row:NeoTech Smartwatch Pro 27""]",1,526,candidate
DEC029_NO_FEEDBACK,train_kb,conservative_noisy_or_conflict_adjusted,2,NeoTech Smartwatch Pro 27,has_price_usd,1299,neotech smartwatch pro 27|has_price_usd|1299,1,[0.98],True,0,0.735,0.735,0.88,False,0.735,False,False,"[""product_27""]","[""structured""]","[""structured_row:NeoTech Smartwatch Pro 27""]",0,526,candidate
DEC029_NO_FEEDBACK,train_kb,conservative_noisy_or_conflict_adjusted,2,NeoTech Smartwatch Pro 27,has_screen_size_inch,14.0,neotech smartwatch pro 27|has_screen_size_inch|14.0,1,[0.98],True,0,0.735,0.735,0.88,False,0.735,False,False,"[""product_27""]","[""structured""]","[""structured_row:NeoTech Smartwatch Pro 27""]",0,526,candidate
DEC029_NO_FEEDBACK,train_kb,conservative_noisy_or_conflict_adjusted,2,NeoTech Smartwatch Pro 27,has_ram_gb,12,neotech smartwatch pro 27|has_ram_gb|12,1,[0.98],True,0,0.735,0.735,0.88,False,0.735,False,False,"[""product_27""]","[""structured""]","[""structured_row:NeoTech Smartwatch Pro 27""]",0,526,candidate
DEC029_NO_FEEDBACK,train_kb,conservative_noisy_or_conflict_adjusted,2,NeoTech Smartwatch Pro 27,has_storage_gb,256,neotech smartwatch pro 27|has_storage_gb|256,1,[0.98],True,0,0.735,0.735,0.88,False,0.735,False,False,"[""product_27""]","[""structured""]","[""structured_row:NeoTech Smartwatch Pro 27""]",1,526,candidate
DEC029_NO_FEEDBACK,train_kb,conservative_noisy_or_conflict_adjusted,2,NeoTech Smartwatch Pro 27,has_battery_life_hours,14,neotech smartwatch pro 27|has_battery_life_hours|14,1,[0.98],True,0,0.735,0.735,0.88,False,0.735,False,False,"[""product_27""]","[""structured""]","[""structured_row:NeoTech Smartwatch Pro 27""]",1,526,candidate
DEC029_NO_FEEDBACK,train_kb,conservative_noisy_or_conflict_adjusted,2,NeoTech Smartwatch Pro 27,has_weight_kg,0.42,neotech smartwatch pro 27|has_weight_kg|0.42,1,[0.98],True,0,0.735,0.735,0.88,False,0.735,False,False,"[""product_27""]","[""structured""]","[""structured_row:NeoTech Smartwatch Pro 27""]",1,526,candidate
DEC029_NO_FEEDBACK,train_kb,conservative_noisy_or_conflict_adjusted,2,NeoTech Smartwatch Pro 27,has_color,silver,neotech smartwatch pro 27|has_color|silver,1,[0.98],False,0,0.735,0.735,0.88,False,0.735,False,False,"[""product_27""]","[""structured""]","[""structured_row:NeoTech Smartwatch Pro 27""]",1,526,candidate
DEC029_NO_FEEDBACK,train_kb,conservative_noisy_or_conflict_adjusted,2,NeoTech Smartwatch Pro 27,made_of_material,carbon fiber,neotech smartwatch pro 27|made_of_material|carbon fiber,1,[0.98],True,0,0.735,0.735,0.88,False,0.735,False,False,"[""product_27""]","[""structured""]","[""structured_row:NeoTech Smartwatch Pro 27""]",1,526,candidate
DEC029_NO_FEEDBACK,train_kb,conservative_noisy_or_conflict_adjusted,2,NeoTech Smartwatch Pro 27,target_market_region,US,neotech smartwatch pro 27|target_market_region|us,1,[0.98],True,0,0.735,0.735,0.88,False,0.735,False,False,"[""product_27""]","[""structured""]","[""structured_row:NeoTech Smartwatch Pro 27""]",0,526,candidate
DEC029_NO_FEEDBACK,train_kb,conservative_noisy_or_conflict_adjusted,2,NeoTech Smartwatch Pro 27,supports_fast_charging,no,neotech smartwatch pro 27|supports_fast_charging|no,1,[0.98],True,0,0.735,0.735,0.88,False,0.735,False,False,"[""product_27""]","[""structured""]","[""structured_row:NeoTech Smartwatch Pro 27""]",1,526,candidate
DEC029_NO_FEEDBACK,train_kb,conservative_noisy_or_conflict_adjusted,2,NeoTech Smartwatch Pro 27,has_noise_cancellation,no,neotech smartwatch pro 27|has_noise_cancellation|no,1,[0.98],True,0,0.735,0.735,0.88,False,0.735,False,False,"[""product_27""]","[""structured""]","[""structured_row:NeoTech Smartwatch Pro 27""]",0,526,candidate
DEC029_NO_FEEDBACK,train_kb,conservative_noisy_or_conflict_adjusted,2,Zenbyte Tablet Pro 28,manufactured_by,Zenbyte,zenbyte tablet pro 28|manufactured_by|zenbyte,1,[0.98],True,0,0.735,0.735,0.88,False,0.735,False,False,"[""product_28""]","[""structured""]","[""structured_row:Zenbyte Tablet Pro 28""]",0,526,candidate
DEC029_NO_FEEDBACK,train_kb,conservative_noisy_or_conflict_adjusted,2,Zenbyte Tablet Pro 28,belongs_to_category,tablet,zenbyte tablet pro 28|belongs_to_category|tablet,1,[0.98],True,0,0.735,0.735,0.88,False,0.735,False,False,"[""product_28""]","[""structured""]","[""structured_row:Zenbyte Tablet Pro 28""]",0,526,candidate
DEC029_NO_FEEDBACK,train_kb,conservative_noisy_or_conflict_adjusted,2,Zenbyte Tablet Pro 28,has_price_usd,349,zenbyte tablet pro 28|has_price_usd|349,1,[0.98],True,0,0.735,0.735,0.88,False,0.735,False,False,"[""product_28""]","[""structured""]","[""structured_row:Zenbyte Tablet Pro 28""]",1,526,candidate
DEC029_NO_FEEDBACK,train_kb,conservative_noisy_or_conflict_adjusted,2,Zenbyte Tablet Pro 28,has_screen_size_inch,15.6,zenbyte tablet pro 28|has_screen_size_inch|15.6,1,[0.98],True,0,0.735,0.735,0.88,False,0.735,False,False,"[""product_28""]","[""structured""]","[""structured_row:Zenbyte Tablet Pro 28""]",1,526,candidate
DEC029_NO_FEEDBACK,train_kb,conservative_noisy_or_conflict_adjusted,2,Zenbyte Tablet Pro 28,has_ram_gb,4,zenbyte tablet pro 28|has_ram_gb|4,1,[0.98],True,0,0.735,0.735,0.88,False,0.735,False,False,"[""product_28""]","[""structured""]","[""structured_row:Zenbyte Tablet Pro 28""]",1,526,candidate
DEC029_NO_FEEDBACK,train_kb,conservative_noisy_or_conflict_adjusted,2,Zenbyte Tablet Pro 28,has_storage_gb,256,zenbyte tablet pro 28|has_storage_gb|256,1,[0.98],True,0,0.735,0.735,0.88,False,0.735,False,False,"[""product_28""]","[""structured""]","[""structured_row:Zenbyte Tablet Pro 28""]",0,526,candidate
DEC029_NO_FEEDBACK,train_kb,conservative_noisy_or_conflict_adjusted,2,Zenbyte Tablet Pro 28,has_battery_life_hours,8,zenbyte tablet pro 28|has_battery_life_hours|8,1,[0.98],True,0,0.735,0.735,0.88,False,0.735,False,False,"[""product_28""]","[""structured""]","[""structured_row:Zenbyte Tablet Pro 28""]",0,526,candidate
DEC029_NO_FEEDBACK,train_kb,conservative_noisy_or_conflict_adjusted,2,Zenbyte Tablet Pro 28,has_weight_kg,1.45,zenbyte tablet pro 28|has_weight_kg|1.45,1,[0.98],True,0,0.735,0.735,0.88,False,0.735,False,False,"[""product_28""]","[""structured""]","[""structured_row:Zenbyte Tablet Pro 28""]",1,526,candidate
DEC029_NO_FEEDBACK,train_kb,conservative_noisy_or_conflict_adjusted,2,Zenbyte Tablet Pro 28,has_color,silver,zenbyte tablet pro 28|has_color|silver,1,[0.98],False,0,0.735,0.735,0.88,False,0.735,False,False,"[""product_28""]","[""structured""]","[""structured_row:Zenbyte Tablet Pro 28""]",1,526,candidate
DEC029_NO_FEEDBACK,train_kb,conservative_noisy_or_conflict_adjusted,2,Zenbyte Tablet Pro 28,made_of_material,plastic,zenbyte tablet pro 28|made_of_material|plastic,1,[0.98],True,0,0.735,0.735,0.88,False,0.735,False,False,"[""product_28""]","[""structured""]","[""structured_row:Zenbyte Tablet Pro 28""]",0,526,candidate
DEC029_NO_FEEDBACK,train_kb,conservative_noisy_or_conflict_adjusted,2,Zenbyte Tablet Pro 28,target_market_region,EU,zenbyte tablet pro 28|target_market_region|eu,1,[0.98],True,0,0.735,0.735,0.88,False,0.735,False,False,"[""product_28""]","[""structured""]","[""structured_row:Zenbyte Tablet Pro 28""]",1,526,candidate
DEC029_NO_FEEDBACK,train_kb,conservative_noisy_or_conflict_adjusted,2,Zenbyte Tablet Pro 28,supports_fast_charging,no,zenbyte tablet pro 28|supports_fast_charging|no,1,[0.98],True,0,0.735,0.735,0.88,False,0.735,False,False,"[""product_28""]","[""structured""]","[""structured_row:Zenbyte Tablet Pro 28""]",1,526,candidate
DEC029_NO_FEEDBACK,train_kb,conservative_noisy_or_conflict_adjusted,2,Zenbyte Tablet Pro 28,has_noise_cancellation,no,zenbyte tablet pro 28|has_noise_cancellation|no,1,[0.98],True,0,0.735,0.735,0.88,False,0.735,False,False,"[""product_28""]","[""structured""]","[""structured_row:Zenbyte Tablet Pro 28""]",0,526,candidate
DEC029_NO_FEEDBACK,train_kb,conservative_noisy_or_conflict_adjusted,2,TechNova Smartphone Pro 1,has_screen_size_inch,15.6,technova smartphone pro 1|has_screen_size_inch|15.6,2,"[0.92, 0.91]",True,4,0.901575,0.180315,0.88,False,0.138,False,False,"[""product_28"", ""product_43""]","[""unstructured"", ""unstructured""]","[""Priced at 349 USD. The display measures 15.6 inches. Comes with 4GB of RAM. Weighs approximately 1.45kg. Available in silver. Targeted at the EU market. Fast charging is no."", ""Priced at 1099 USD. The display measures 15.6 inches. Comes with 12GB of RAM. Battery lasts up to 20 hours. Available in white. Built with carbon fiber construction. Noise cancellation: no.""]",0,526,candidate
DEC029_NO_FEEDBACK,train_kb,conservative_noisy_or_conflict_adjusted,2,TechNova Smartphone Pro 1,has_ram_gb,4,technova smartphone pro 1|has_ram_gb|4,5,"[0.88, 0.91, 0.91, 0.91, 0.91]",True,3,0.9965449539867187,0.24913623849667968,0.88,False,0.165,False,False,"[""product_28"", ""product_9"", ""product_17"", ""product_28"", ""product_40""]","[""unstructured"", ""unstructured"", ""unstructured"", ""unstructured"", ""unstructured""]","[""Priced at 349 USD. The display measures 15.6 inches. Comes with 4GB of RAM. Weighs approximately 1.45kg. Available in silver. Targeted at the EU market. Fast charging is no."", ""Comes with 4GB of RAM. Battery lasts up to 8 hours. Weighs approximately 0.18kg. Available in blue. Targeted at the APAC market. Fast charging is yes. Noise cancellation: no."", ""The display measures 6.7 inches. Comes with 4GB of RAM. Offers 1024GB of internal storage. Weighs approximately 1.45kg. Available in silver. Built with aluminum construction. Targeted at the APAC market."", ""Priced at 349 USD. The display measures 15.6 inches. Comes with 4GB of RAM. Weighs approximately 1.45kg. Available in silver. Targeted at the EU market. Fast charging is no."", ""It is a tablet device. Priced at 899 USD. Comes with 4GB of RAM. Battery lasts up to 12 hours. Weighs approximately 1.8kg. Built with aluminum construction. Fast charging is no.""]",0,526,candidate
DEC029_NO_FEEDBACK,train_kb,conservative_noisy_or_conflict_adjusted,2,TechNova Smartphone Pro 1,has_weight_kg,1.45,technova smartphone pro 1|has_weight_kg|1.45,6,"[0.9, 0.91, 0.95, 0.91, 0.92, 0.9]",True,6,0.9990510272885742,0.14272157532693916,0.88,False,0.2425833984375,False,False,"[""product_28"", ""product_36"", ""product_47"", ""product_17"", ""product_36"", ""product_47""]","[""unstructured"", ""unstructured"", ""unstructured"", ""unstructured"", ""unstructured"", ""unstructured""]","[""Priced at 349 USD. The display measures 15.6 inches. Comes with 4GB of RAM. Weighs approximately 1.45kg. Available in silver. Targeted at the EU market. Fast charging is no."", ""Priced at 899 USD. The display measures 6.7 inches. Offers 1024GB of internal storage. Battery lasts up to 14 hours. Weighs approximately 1.45kg. Built with aluminum construction. Noise cancellation: no."", ""It is a smartphone device. Priced at 249 USD. The display measures 13.3 inches. Offers 512GB of internal storage. Weighs approximately 1.45kg. Available in green. Fast charging is no."", ""The display measures 6.7 inches. Comes with 4GB of RAM. Offers 1024GB of internal storage. Weighs approximately 1.45kg. Available in silver. Built with aluminum construction. Targeted at the APAC market."", ""Priced at 899 USD. The display measures 6.7 inches. Offers 1024GB of internal storage. Battery lasts up to 14 hours. Weighs approximately 1.45kg. Built with aluminum construction. Noise cancellation: no."", ""It is a smartphone device. Priced at 249 USD. The display measures 13.3 inches. Offers 512GB of internal storage. Weighs approximately 1.45kg. Available in green. Fast charging is no.""]",0,526,candidate
DEC029_NO_FEEDBACK,train_kb,conservative_noisy_or_conflict_adjusted,2,TechNova Smartphone Pro 1,has_color,silver,technova smartphone pro 1|has_color|silver,4,"[0.86, 0.9, 0.91, 0.9]",False,3,0.9880947421875,0.9880947421875,0.88,True,0.884625,False,False,"[""product_28"", ""product_49"", ""product_17"", ""product_49""]","[""unstructured"", ""unstructured"", ""unstructured"", ""unstructured""]","[""Priced at 349 USD. The display measures 15.6 inches. Comes with 4GB of RAM. Weighs approximately 1.45kg. Available in silver. Targeted at the EU market. Fast charging is no."", ""Priced at 249 USD. The display measures 6.1 inches. Offers 128GB of internal storage. Available in silver. Targeted at the APAC market. Fast charging is no. Noise cancellation: no."", ""The display measures 6.7 inches. Comes with 4GB of RAM. Offers 1024GB of internal storage. Weighs approximately 1.45kg. Available in silver. Built with aluminum construction. Targeted at the APAC market."", ""Priced at 249 USD. The display measures 6.1 inches. Offers 128GB of internal storage. Available in silver. Targeted at the APAC market. Fast charging is no. Noise cancellation: no.""]",0,526,candidate
DEC029_NO_FEEDBACK,train_kb,conservative_noisy_or_conflict_adjusted,2,TechNova Smartphone Pro 1,target_market_region,EU,technova smartphone pro 1|target_market_region|eu,2,"[0.89, 0.91]",True,3,0.89443125,0.2236078125,0.88,False,0.166875,False,False,"[""product_28"", ""product_20""]","[""unstructured"", ""unstructured""]","[""Priced at 349 USD. The display measures 15.6 inches. Comes with 4GB of RAM. Weighs approximately 1.45kg. Available in silver. Targeted at the EU market. Fast charging is no."", ""It is a smartphone device. Priced at 249 USD. Battery lasts up to 18 hours. Weighs approximately 0.42kg. Targeted at the EU market. Fast charging is no. Noise cancellation: no.""]",0,526,candidate
DEC029_NO_FEEDBACK,train_kb,conservative_noisy_or_conflict_adjusted,2,VoltEdge Smartwatch Air 29,manufactured_by,VoltEdge,voltedge smartwatch air 29|manufactured_by|voltedge,1,[0.98],True,0,0.735,0.735,0.88,False,0.735,False,False,"[""product_29""]","[""structured""]","[""structured_row:VoltEdge Smartwatch Air 29""]",0,526,candidate
DEC029_NO_FEEDBACK,train_kb,conservative_noisy_or_conflict_adjusted,2,VoltEdge Smartwatch Air 29,belongs_to_category,smartwatch,voltedge smartwatch air 29|belongs_to_category|smartwatch,1,[0.98],True,0,0.735,0.735,0.88,False,0.735,False,False,"[""product_29""]","[""structured""]","[""structured_row:VoltEdge Smartwatch Air 29""]",0,526,candidate
DEC029_NO_FEEDBACK,train_kb,conservative_noisy_or_conflict_adjusted,2,VoltEdge Smartwatch Air 29,has_price_usd,299,voltedge smartwatch air 29|has_price_usd|299,1,[0.98],True,0,0.735,0.735,0.88,False,0.735,False,False,"[""product_29""]","[""structured""]","[""structured_row:VoltEdge Smartwatch Air 29""]",1,526,candidate
DEC029_NO_FEEDBACK,train_kb,conservative_noisy_or_conflict_adjusted,2,VoltEdge Smartwatch Air 29,has_screen_size_inch,6.1,voltedge smartwatch air 29|has_screen_size_inch|6.1,1,[0.98],True,0,0.735,0.735,0.88,False,0.735,False,False,"[""product_29""]","[""structured""]","[""structured_row:VoltEdge Smartwatch Air 29""]",0,526,candidate
DEC029_NO_FEEDBACK,train_kb,conservative_noisy_or_conflict_adjusted,2,VoltEdge Smartwatch Air 29,has_ram_gb,6,voltedge smartwatch air 29|has_ram_gb|6,1,[0.98],True,0,0.735,0.735,0.88,False,0.735,False,False,"[""product_29""]","[""structured""]","[""structured_row:VoltEdge Smartwatch Air 29""]",1,526,candidate
DEC029_NO_FEEDBACK,train_kb,conservative_noisy_or_conflict_adjusted,2,VoltEdge Smartwatch Air 29,has_storage_gb,512,voltedge smartwatch air 29|has_storage_gb|512,1,[0.98],True,0,0.735,0.735,0.88,False,0.735,False,False,"[""product_29""]","[""structured""]","[""structured_row:VoltEdge Smartwatch Air 29""]",1,526,candidate
DEC029_NO_FEEDBACK,train_kb,conservative_noisy_or_conflict_adjusted,2,VoltEdge Smartwatch Air 29,has_battery_life_hours,14,voltedge smartwatch air 29|has_battery_life_hours|14,1,[0.98],True,0,0.735,0.735,0.88,False,0.735,False,False,"[""product_29""]","[""structured""]","[""structured_row:VoltEdge Smartwatch Air 29""]",1,526,candidate
DEC029_NO_FEEDBACK,train_kb,conservative_noisy_or_conflict_adjusted,2,VoltEdge Smartwatch Air 29,has_weight_kg,1.45,voltedge smartwatch air 29|has_weight_kg|1.45,1,[0.98],True,0,0.735,0.735,0.88,False,0.735,False,False,"[""product_29""]","[""structured""]","[""structured_row:VoltEdge Smartwatch Air 29""]",0,526,candidate
DEC029_NO_FEEDBACK,train_kb,conservative_noisy_or_conflict_adjusted,2,VoltEdge Smartwatch Air 29,has_color,white,voltedge smartwatch air 29|has_color|white,1,[0.98],False,0,0.735,0.735,0.88,False,0.735,False,False,"[""product_29""]","[""structured""]","[""structured_row:VoltEdge Smartwatch Air 29""]",0,526,candidate
DEC029_NO_FEEDBACK,train_kb,conservative_noisy_or_conflict_adjusted,2,VoltEdge Smartwatch Air 29,made_of_material,aluminum,voltedge smartwatch air 29|made_of_material|aluminum,1,[0.98],True,0,0.735,0.735,0.88,False,0.735,False,False,"[""product_29""]","[""structured""]","[""structured_row:VoltEdge Smartwatch Air 29""]",1,526,candidate
DEC029_NO_FEEDBACK,train_kb,conservative_noisy_or_conflict_adjusted,2,VoltEdge Smartwatch Air 29,target_market_region,EU,voltedge smartwatch air 29|target_market_region|eu,1,[0.98],True,0,0.735,0.735,0.88,False,0.735,False,False,"[""product_29""]","[""structured""]","[""structured_row:VoltEdge Smartwatch Air 29""]",0,526,candidate
DEC029_NO_FEEDBACK,train_kb,conservative_noisy_or_conflict_adjusted,2,VoltEdge Smartwatch Air 29,supports_fast_charging,no,voltedge smartwatch air 29|supports_fast_charging|no,1,[0.98],True,0,0.735,0.735,0.88,False,0.735,False,False,"[""product_29""]","[""structured""]","[""structured_row:VoltEdge Smartwatch Air 29""]",1,526,candidate
DEC029_NO_FEEDBACK,train_kb,conservative_noisy_or_conflict_adjusted,2,VoltEdge Smartwatch Air 29,has_noise_cancellation,no,voltedge smartwatch air 29|has_noise_cancellation|no,1,[0.98],True,0,0.735,0.735,0.88,False,0.735,False,False,"[""product_29""]","[""structured""]","[""structured_row:VoltEdge Smartwatch Air 29""]",1,526,candidate
DEC029_NO_FEEDBACK,train_kb,conservative_noisy_or_conflict_adjusted,2,TechNova Smartphone Pro 1,has_ram_gb,6,technova smartphone pro 1|has_ram_gb|6,2,"[0.92, 0.92]",True,3,0.9039,0.225975,0.88,False,0.17250000000000001,False,False,"[""product_29"", ""product_29""]","[""unstructured"", ""unstructured""]","[""Priced at 299 USD. Comes with 6GB of RAM. Offers 512GB of internal storage. Battery lasts up to 14 hours. Built with aluminum construction. Fast charging is no. Noise cancellation: no."", ""Priced at 299 USD. Comes with 6GB of RAM. Offers 512GB of internal storage. Battery lasts up to 14 hours. Built with aluminum construction. Fast charging is no. Noise cancellation: no.""]",0,526,candidate
DEC029_NO_FEEDBACK,train_kb,conservative_noisy_or_conflict_adjusted,2,TechNova Smartphone Pro 1,has_storage_gb,512,technova smartphone pro 1|has_storage_gb|512,4,"[0.88, 0.94, 0.93, 0.9]",True,4,0.99013925625,0.19802785125,0.88,False,0.17994,False,False,"[""product_29"", ""product_47"", ""product_29"", ""product_47""]","[""unstructured"", ""unstructured"", ""unstructured"", ""unstructured""]","[""Priced at 299 USD. Comes with 6GB of RAM. Offers 512GB of internal storage. Battery lasts up to 14 hours. Built with aluminum construction. Fast charging is no. Noise cancellation: no."", ""It is a smartphone device. Priced at 249 USD. The display measures 13.3 inches. Offers 512GB of internal storage. Weighs approximately 1.45kg. Available in green. Fast charging is no."", ""Priced at 299 USD. Comes with 6GB of RAM. Offers 512GB of internal storage. Battery lasts up to 14 hours. Built with aluminum construction. Fast charging is no. Noise cancellation: no."", ""It is a smartphone device. Priced at 249 USD. The display measures 13.3 inches. Offers 512GB of internal storage. Weighs approximately 1.45kg. Available in green. Fast charging is no.""]",0,526,candidate
DEC029_NO_FEEDBACK,train_kb,conservative_noisy_or_conflict_adjusted,2,TechNova Smartphone Pro 1,has_battery_life_hours,14,technova smartphone pro 1|has_battery_life_hours|14,4,"[0.9, 0.91, 0.94, 0.92]",True,5,0.990563503125,0.1650939171875,0.88,False,0.44840625,False,False,"[""product_29"", ""product_36"", ""product_29"", ""product_36""]","[""unstructured"", ""unstructured"", ""unstructured"", ""unstructured""]","[""Priced at 299 USD. Comes with 6GB of RAM. Offers 512GB of internal storage. Battery lasts up to 14 hours. Built with aluminum construction. Fast charging is no. Noise cancellation: no."", ""Priced at 899 USD. The display measures 6.7 inches. Offers 1024GB of internal storage. Battery lasts up to 14 hours. Weighs approximately 1.45kg. Built with aluminum construction. Noise cancellation: no."", ""Priced at 299 USD. Comes with 6GB of RAM. Offers 512GB of internal storage. Battery lasts up to 14 hours. Built with aluminum construction. Fast charging is no. Noise cancellation: no."", ""Priced at 899 USD. The display measures 6.7 inches. Offers 1024GB of internal storage. Battery lasts up to 14 hours. Weighs approximately 1.45kg. Built with aluminum construction. Noise cancellation: no.""]",0,526,candidate
DEC029_NO_FEEDBACK,train_kb,conservative_noisy_or_conflict_adjusted,2,TechNova Smartphone Pro 1,made_of_material,aluminum,technova smartphone pro 1|made_of_material|aluminum,8,"[0.86, 0.91, 0.91, 0.91, 0.96, 0.91, 0.92, 0.91]",True,2,0.9999005816098724,0.33330019386995746,0.88,False,0.32140459375,False,False,"[""product_29"", ""product_30"", ""product_36"", ""product_17"", ""product_29"", ""product_30"", ""product_36"", ""product_40""]","[""unstructured"", ""unstructured"", ""unstructured"", ""unstructured"", ""unstructured"", ""unstructured"", ""unstructured"", ""unstructured""]","[""Priced at 299 USD. Comes with 6GB of RAM. Offers 512GB of internal storage. Battery lasts up to 14 hours. Built with aluminum construction. Fast charging is no. Noise cancellation: no."", ""Priced at 1099 USD. The display measures 13.3 inches. Offers 64GB of internal storage. Weighs approximately 0.42kg. Available in white. Built with aluminum construction. Fast charging is no."", ""Priced at 899 USD. The display measures 6.7 inches. Offers 1024GB of internal storage. Battery lasts up to 14 hours. Weighs approximately 1.45kg. Built with aluminum construction. Noise cancellation: no."", ""The display measures 6.7 inches. Comes with 4GB of RAM. Offers 1024GB of internal storage. Weighs approximately 1.45kg. Available in silver. Built with aluminum construction. Targeted at the APAC market."", ""Priced at 299 USD. Comes with 6GB of RAM. Offers 512GB of internal storage. Battery lasts up to 14 hours. Built with aluminum construction. Fast charging is no. Noise cancellation: no."", ""Priced at 1099 USD. The display measures 13.3 inches. Offers 64GB of internal storage. Weighs approximately 0.42kg. Available in white. Built with aluminum construction. Fast charging is no."", ""Priced at 899 USD. The display measures 6.7 inches. Offers 1024GB of internal storage. Battery lasts up to 14 hours. Weighs approximately 1.45kg. Built with aluminum construction. Noise cancellation: no."", ""It is a tablet device. Priced at 899 USD. Comes with 4GB of RAM. Battery lasts up to 12 hours. Weighs approximately 1.8kg. Built with aluminum construction. Fast charging is no.""]",0,526,candidate
DEC029_NO_FEEDBACK,train_kb,conservative_noisy_or_conflict_adjusted,2,TechNova Tablet Air 30,manufactured_by,TechNova,technova tablet air 30|manufactured_by|technova,1,[0.98],True,0,0.735,0.735,0.88,False,0.735,False,False,"[""product_30""]","[""structured""]","[""structured_row:TechNova Tablet Air 30""]",0,526,candidate
DEC029_NO_FEEDBACK,train_kb,conservative_noisy_or_conflict_adjusted,2,TechNova Tablet Air 30,belongs_to_category,tablet,technova tablet air 30|belongs_to_category|tablet,1,[0.98],True,0,0.735,0.735,0.88,False,0.735,False,False,"[""product_30""]","[""structured""]","[""structured_row:TechNova Tablet Air 30""]",0,526,candidate
DEC029_NO_FEEDBACK,train_kb,conservative_noisy_or_conflict_adjusted,2,TechNova Tablet Air 30,has_price_usd,1099,technova tablet air 30|has_price_usd|1099,1,[0.98],True,0,0.735,0.735,0.88,False,0.735,False,False,"[""product_30""]","[""structured""]","[""structured_row:TechNova Tablet Air 30""]",1,526,candidate
DEC029_NO_FEEDBACK,train_kb,conservative_noisy_or_conflict_adjusted,2,TechNova Tablet Air 30,has_screen_size_inch,13.3,technova tablet air 30|has_screen_size_inch|13.3,1,[0.98],True,0,0.735,0.735,0.88,False,0.735,False,False,"[""product_30""]","[""structured""]","[""structured_row:TechNova Tablet Air 30""]",1,526,candidate
DEC029_NO_FEEDBACK,train_kb,conservative_noisy_or_conflict_adjusted,2,TechNova Tablet Air 30,has_ram_gb,12,technova tablet air 30|has_ram_gb|12,1,[0.98],True,0,0.735,0.735,0.88,False,0.735,False,False,"[""product_30""]","[""structured""]","[""structured_row:TechNova Tablet Air 30""]",0,526,candidate
DEC029_NO_FEEDBACK,train_kb,conservative_noisy_or_conflict_adjusted,2,TechNova Tablet Air 30,has_storage_gb,64,technova tablet air 30|has_storage_gb|64,1,[0.98],True,0,0.735,0.735,0.88,False,0.735,False,False,"[""product_30""]","[""structured""]","[""structured_row:TechNova Tablet Air 30""]",1,526,candidate
DEC029_NO_FEEDBACK,train_kb,conservative_noisy_or_conflict_adjusted,2,TechNova Tablet Air 30,has_battery_life_hours,24,technova tablet air 30|has_battery_life_hours|24,1,[0.98],True,0,0.735,0.735,0.88,False,0.735,False,False,"[""product_30""]","[""structured""]","[""structured_row:TechNova Tablet Air 30""]",0,526,candidate
DEC029_NO_FEEDBACK,train_kb,conservative_noisy_or_conflict_adjusted,2,TechNova Tablet Air 30,has_weight_kg,0.42,technova tablet air 30|has_weight_kg|0.42,1,[0.98],True,0,0.735,0.735,0.88,False,0.735,False,False,"[""product_30""]","[""structured""]","[""structured_row:TechNova Tablet Air 30""]",1,526,candidate
DEC029_NO_FEEDBACK,train_kb,conservative_noisy_or_conflict_adjusted,2,TechNova Tablet Air 30,has_color,white,technova tablet air 30|has_color|white,1,[0.98],False,0,0.735,0.735,0.88,False,0.735,False,False,"[""product_30""]","[""structured""]","[""structured_row:TechNova Tablet Air 30""]",1,526,candidate
DEC029_NO_FEEDBACK,train_kb,conservative_noisy_or_conflict_adjusted,2,TechNova Tablet Air 30,made_of_material,aluminum,technova tablet air 30|made_of_material|aluminum,1,[0.98],True,0,0.735,0.735,0.88,False,0.735,False,False,"[""product_30""]","[""structured""]","[""structured_row:TechNova Tablet Air 30""]",1,526,candidate
DEC029_NO_FEEDBACK,train_kb,conservative_noisy_or_conflict_adjusted,2,TechNova Tablet Air 30,target_market_region,APAC,technova tablet air 30|target_market_region|apac,1,[0.98],True,0,0.735,0.735,0.88,False,0.735,False,False,"[""product_30""]","[""structured""]","[""structured_row:TechNova Tablet Air 30""]",0,526,candidate
DEC029_NO_FEEDBACK,train_kb,conservative_noisy_or_conflict_adjusted,2,TechNova Tablet Air 30,supports_fast_charging,no,technova tablet air 30|supports_fast_charging|no,1,[0.98],True,0,0.735,0.735,0.88,False,0.735,False,False,"[""product_30""]","[""structured""]","[""structured_row:TechNova Tablet Air 30""]",1,526,candidate
DEC029_NO_FEEDBACK,train_kb,conservative_noisy_or_conflict_adjusted,2,TechNova Tablet Air 30,has_noise_cancellation,no,technova tablet air 30|has_noise_cancellation|no,1,[0.98],True,0,0.735,0.735,0.88,False,0.735,False,False,"[""product_30""]","[""structured""]","[""structured_row:TechNova Tablet Air 30""]",0,526,candidate
DEC029_NO_FEEDBACK,train_kb,conservative_noisy_or_conflict_adjusted,2,TechNova Smartphone Pro 1,has_price_usd,1099,technova smartphone pro 1|has_price_usd|1099,3,"[0.91, 0.91, 0.91]",True,4,0.967994015625,0.193598803125,0.88,False,0.1365,False,False,"[""product_30"", ""product_30"", ""product_43""]","[""unstructured"", ""unstructured"", ""unstructured""]","[""Priced at 1099 USD. The display measures 13.3 inches. Offers 64GB of internal storage. Weighs approximately 0.42kg. Available in white. Built with aluminum construction. Fast charging is no."", ""Priced at 1099 USD. The display measures 13.3 inches. Offers 64GB of internal storage. Weighs approximately 0.42kg. Available in white. Built with aluminum construction. Fast charging is no."", ""Priced at 1099 USD. The display measures 15.6 inches. Comes with 12GB of RAM. Battery lasts up to 20 hours. Available in white. Built with carbon fiber construction. Noise cancellation: no.""]",0,526,candidate
DEC029_NO_FEEDBACK,train_kb,conservative_noisy_or_conflict_adjusted,2,TechNova Smartphone Pro 1,has_storage_gb,64,technova smartphone pro 1|has_storage_gb|64,2,"[0.91, 0.91]",True,4,0.89919375,0.17983875,0.88,False,0.1365,False,False,"[""product_30"", ""product_30""]","[""unstructured"", ""unstructured""]","[""Priced at 1099 USD. The display measures 13.3 inches. Offers 64GB of internal storage. Weighs approximately 0.42kg. Available in white. Built with aluminum construction. Fast charging is no."", ""Priced at 1099 USD. The display measures 13.3 inches. Offers 64GB of internal storage. Weighs approximately 0.42kg. Available in white. Built with aluminum construction. Fast charging is no.""]",0,526,candidate
DEC029_NO_FEEDBACK,train_kb,conservative_noisy_or_conflict_adjusted,2,TechNova Smartphone Pro 1,has_weight_kg,0.42,technova smartphone pro 1|has_weight_kg|0.42,3,"[0.91, 0.91, 0.91]",True,6,0.967994015625,0.13828485937499999,0.88,False,0.170625,False,False,"[""product_30"", ""product_20"", ""product_30""]","[""unstructured"", ""unstructured"", ""unstructured""]","[""Priced at 1099 USD. The display measures 13.3 inches. Offers 64GB of internal storage. Weighs approximately 0.42kg. Available in white. Built with aluminum construction. Fast charging is no."", ""It is a smartphone device. Priced at 249 USD. Battery lasts up to 18 hours. Weighs approximately 0.42kg. Targeted at the EU market. Fast charging is no. Noise cancellation: no."", ""Priced at 1099 USD. The display measures 13.3 inches. Offers 64GB of internal storage. Weighs approximately 0.42kg. Available in white. Built with aluminum construction. Fast charging is no.""]",0,526,candidate
DEC029_NO_FEEDBACK,train_kb,conservative_noisy_or_conflict_adjusted,2,Zenbyte Smartwatch Pro 31,manufactured_by,Zenbyte,zenbyte smartwatch pro 31|manufactured_by|zenbyte,2,"[0.98, 0.85]",True,0,0.9039375,0.9039375,0.88,True,0.9039375,False,False,"[""product_31"", ""product_31""]","[""structured"", ""unstructured""]","[""structured_row:Zenbyte Smartwatch Pro 31"", ""Zenbyte Smartwatch Pro 31 is manufactured by Zenbyte. It is a smartwatch device. Priced at 699 USD. The display measures 10.9 inches. Battery lasts up to 8 hours. Built with aluminum construction. Fast charging is yes.""]",1,526,candidate
DEC029_NO_FEEDBACK,train_kb,conservative_noisy_or_conflict_adjusted,2,Zenbyte Smartwatch Pro 31,belongs_to_category,smartwatch,zenbyte smartwatch pro 31|belongs_to_category|smartwatch,1,[0.98],True,0,0.735,0.735,0.88,False,0.735,False,False,"[""product_31""]","[""structured""]","[""structured_row:Zenbyte Smartwatch Pro 31""]",1,526,candidate
DEC029_NO_FEEDBACK,train_kb,conservative_noisy_or_conflict_adjusted,2,Zenbyte Smartwatch Pro 31,has_price_usd,699,zenbyte smartwatch pro 31|has_price_usd|699,2,"[0.98, 0.92]",True,0,0.91785,0.91785,0.88,True,0.91785,False,False,"[""product_31"", ""product_31""]","[""structured"", ""unstructured""]","[""structured_row:Zenbyte Smartwatch Pro 31"", ""Zenbyte Smartwatch Pro 31 is manufactured by Zenbyte. It is a smartwatch device. Priced at 699 USD. The display measures 10.9 inches. Battery lasts up to 8 hours. Built with aluminum construction. Fast charging is yes.""]",1,526,candidate
DEC029_NO_FEEDBACK,train_kb,conservative_noisy_or_conflict_adjusted,2,Zenbyte Smartwatch Pro 31,has_screen_size_inch,10.9,zenbyte smartwatch pro 31|has_screen_size_inch|10.9,2,"[0.98, 0.88]",True,0,0.9099,0.9099,0.88,True,0.9099,False,False,"[""product_31"", ""product_31""]","[""structured"", ""unstructured""]","[""structured_row:Zenbyte Smartwatch Pro 31"", ""Zenbyte Smartwatch Pro 31 is manufactured by Zenbyte. It is a smartwatch device. Priced at 699 USD. The display measures 10.9 inches. Battery lasts up to 8 hours. Built with aluminum construction. Fast charging is yes.""]",1,526,candidate
DEC029_NO_FEEDBACK,train_kb,conservative_noisy_or_conflict_adjusted,2,Zenbyte Smartwatch Pro 31,has_ram_gb,32,zenbyte smartwatch pro 31|has_ram_gb|32,1,[0.98],True,0,0.735,0.735,0.88,False,0.735,False,False,"[""product_31""]","[""structured""]","[""structured_row:Zenbyte Smartwatch Pro 31""]",0,526,candidate
DEC029_NO_FEEDBACK,train_kb,conservative_noisy_or_conflict_adjusted,2,Zenbyte Smartwatch Pro 31,has_storage_gb,128,zenbyte smartwatch pro 31|has_storage_gb|128,1,[0.98],True,0,0.735,0.735,0.88,False,0.735,False,False,"[""product_31""]","[""structured""]","[""structured_row:Zenbyte Smartwatch Pro 31""]",0,526,candidate
DEC029_NO_FEEDBACK,train_kb,conservative_noisy_or_conflict_adjusted,2,Zenbyte Smartwatch Pro 31,has_battery_life_hours,8,zenbyte smartwatch pro 31|has_battery_life_hours|8,2,"[0.98, 0.9]",True,0,0.913875,0.913875,0.88,True,0.913875,False,False,"[""product_31"", ""product_31""]","[""structured"", ""unstructured""]","[""structured_row:Zenbyte Smartwatch Pro 31"", ""Zenbyte Smartwatch Pro 31 is manufactured by Zenbyte. It is a smartwatch device. Priced at 699 USD. The display measures 10.9 inches. Battery lasts up to 8 hours. Built with aluminum construction. Fast charging is yes.""]",1,526,candidate
DEC029_NO_FEEDBACK,train_kb,conservative_noisy_or_conflict_adjusted,2,Zenbyte Smartwatch Pro 31,has_weight_kg,0.55,zenbyte smartwatch pro 31|has_weight_kg|0.55,1,[0.98],True,0,0.735,0.735,0.88,False,0.735,False,False,"[""product_31""]","[""structured""]","[""structured_row:Zenbyte Smartwatch Pro 31""]",0,526,candidate
DEC029_NO_FEEDBACK,train_kb,conservative_noisy_or_conflict_adjusted,2,Zenbyte Smartwatch Pro 31,has_color,green,zenbyte smartwatch pro 31|has_color|green,1,[0.98],False,0,0.735,0.735,0.88,False,0.735,False,False,"[""product_31""]","[""structured""]","[""structured_row:Zenbyte Smartwatch Pro 31""]",0,526,candidate
DEC029_NO_FEEDBACK,train_kb,conservative_noisy_or_conflict_adjusted,2,Zenbyte Smartwatch Pro 31,made_of_material,aluminum,zenbyte smartwatch pro 31|made_of_material|aluminum,2,"[0.98, 0.86]",True,0,0.905925,0.905925,0.88,True,0.905925,False,False,"[""product_31"", ""product_31""]","[""structured"", ""unstructured""]","[""structured_row:Zenbyte Smartwatch Pro 31"", ""Zenbyte Smartwatch Pro 31 is manufactured by Zenbyte. It is a smartwatch device. Priced at 699 USD. The display measures 10.9 inches. Battery lasts up to 8 hours. Built with aluminum construction. Fast charging is yes.""]",1,526,candidate
DEC029_NO_FEEDBACK,train_kb,conservative_noisy_or_conflict_adjusted,2,Zenbyte Smartwatch Pro 31,target_market_region,Global,zenbyte smartwatch pro 31|target_market_region|global,1,[0.98],True,0,0.735,0.735,0.88,False,0.735,False,False,"[""product_31""]","[""structured""]","[""structured_row:Zenbyte Smartwatch Pro 31""]",0,526,candidate
DEC029_NO_FEEDBACK,train_kb,conservative_noisy_or_conflict_adjusted,2,Zenbyte Smartwatch Pro 31,supports_fast_charging,yes,zenbyte smartwatch pro 31|supports_fast_charging|yes,2,"[0.98, 0.89]",True,0,0.9118875,0.9118875,0.88,True,0.9118875,False,False,"[""product_31"", ""product_31""]","[""structured"", ""unstructured""]","[""structured_row:Zenbyte Smartwatch Pro 31"", ""Zenbyte Smartwatch Pro 31 is manufactured by Zenbyte. It is a smartwatch device. Priced at 699 USD. The display measures 10.9 inches. Battery lasts up to 8 hours. Built with aluminum construction. Fast charging is yes.""]",1,526,candidate
DEC029_NO_FEEDBACK,train_kb,conservative_noisy_or_conflict_adjusted,2,Zenbyte Smartwatch Pro 31,has_noise_cancellation,no,zenbyte smartwatch pro 31|has_noise_cancellation|no,1,[0.98],True,0,0.735,0.735,0.88,False,0.735,False,False,"[""product_31""]","[""structured""]","[""structured_row:Zenbyte Smartwatch Pro 31""]",0,526,candidate
DEC029_NO_FEEDBACK,train_kb,conservative_noisy_or_conflict_adjusted,2,Zenbyte Tablet Max 32,manufactured_by,Zenbyte,zenbyte tablet max 32|manufactured_by|zenbyte,2,"[0.98, 0.92]",True,0,0.91785,0.91785,0.88,True,0.735,True,False,"[""product_32"", ""product_32""]","[""structured"", ""unstructured""]","[""structured_row:Zenbyte Tablet Max 32"", ""Zenbyte Tablet Max 32 is manufactured by Zenbyte. Priced at 349 USD. Comes with 16GB of RAM. Offers 1024GB of internal storage. Available in blue. Built with aluminum construction. Noise cancellation: no.""]",1,526,candidate
DEC029_NO_FEEDBACK,train_kb,conservative_noisy_or_conflict_adjusted,2,Zenbyte Tablet Max 32,belongs_to_category,tablet,zenbyte tablet max 32|belongs_to_category|tablet,1,[0.98],True,0,0.735,0.735,0.88,False,0.735,False,False,"[""product_32""]","[""structured""]","[""structured_row:Zenbyte Tablet Max 32""]",0,526,candidate
DEC029_NO_FEEDBACK,train_kb,conservative_noisy_or_conflict_adjusted,2,Zenbyte Tablet Max 32,has_price_usd,349,zenbyte tablet max 32|has_price_usd|349,2,"[0.98, 0.92]",True,0,0.91785,0.91785,0.88,True,0.735,True,False,"[""product_32"", ""product_32""]","[""structured"", ""unstructured""]","[""structured_row:Zenbyte Tablet Max 32"", ""Zenbyte Tablet Max 32 is manufactured by Zenbyte. Priced at 349 USD. Comes with 16GB of RAM. Offers 1024GB of internal storage. Available in blue. Built with aluminum construction. Noise cancellation: no.""]",1,526,candidate
DEC029_NO_FEEDBACK,train_kb,conservative_noisy_or_conflict_adjusted,2,Zenbyte Tablet Max 32,has_screen_size_inch,11.0,zenbyte tablet max 32|has_screen_size_inch|11.0,1,[0.98],True,0,0.735,0.735,0.88,False,0.735,False,False,"[""product_32""]","[""structured""]","[""structured_row:Zenbyte Tablet Max 32""]",0,526,candidate
DEC029_NO_FEEDBACK,train_kb,conservative_noisy_or_conflict_adjusted,2,Zenbyte Tablet Max 32,has_ram_gb,16,zenbyte tablet max 32|has_ram_gb|16,2,"[0.98, 0.92]",True,0,0.91785,0.91785,0.88,True,0.735,True,False,"[""product_32"", ""product_32""]","[""structured"", ""unstructured""]","[""structured_row:Zenbyte Tablet Max 32"", ""Zenbyte Tablet Max 32 is manufactured by Zenbyte. Priced at 349 USD. Comes with 16GB of RAM. Offers 1024GB of internal storage. Available in blue. Built with aluminum construction. Noise cancellation: no.""]",1,526,candidate
DEC029_NO_FEEDBACK,train_kb,conservative_noisy_or_conflict_adjusted,2,Zenbyte Tablet Max 32,has_storage_gb,1024,zenbyte tablet max 32|has_storage_gb|1024,2,"[0.98, 0.92]",True,0,0.91785,0.91785,0.88,True,0.735,True,False,"[""product_32"", ""product_32""]","[""structured"", ""unstructured""]","[""structured_row:Zenbyte Tablet Max 32"", ""Zenbyte Tablet Max 32 is manufactured by Zenbyte. Priced at 349 USD. Comes with 16GB of RAM. Offers 1024GB of internal storage. Available in blue. Built with aluminum construction. Noise cancellation: no.""]",1,526,candidate
DEC029_NO_FEEDBACK,train_kb,conservative_noisy_or_conflict_adjusted,2,Zenbyte Tablet Max 32,has_battery_life_hours,24,zenbyte tablet max 32|has_battery_life_hours|24,1,[0.98],True,0,0.735,0.735,0.88,False,0.735,False,False,"[""product_32""]","[""structured""]","[""structured_row:Zenbyte Tablet Max 32""]",0,526,candidate
DEC029_NO_FEEDBACK,train_kb,conservative_noisy_or_conflict_adjusted,2,Zenbyte Tablet Max 32,has_weight_kg,1.8,zenbyte tablet max 32|has_weight_kg|1.8,1,[0.98],True,0,0.735,0.735,0.88,False,0.735,False,False,"[""product_32""]","[""structured""]","[""structured_row:Zenbyte Tablet Max 32""]",0,526,candidate
DEC029_NO_FEEDBACK,train_kb,conservative_noisy_or_conflict_adjusted,2,Zenbyte Tablet Max 32,has_color,blue,zenbyte tablet max 32|has_color|blue,2,"[0.98, 0.92]",False,0,0.91785,0.91785,0.88,True,0.735,True,False,"[""product_32"", ""product_32""]","[""structured"", ""unstructured""]","[""structured_row:Zenbyte Tablet Max 32"", ""Zenbyte Tablet Max 32 is manufactured by Zenbyte. Priced at 349 USD. Comes with 16GB of RAM. Offers 1024GB of internal storage. Available in blue. Built with aluminum construction. Noise cancellation: no.""]",1,526,candidate
DEC029_NO_FEEDBACK,train_kb,conservative_noisy_or_conflict_adjusted,2,Zenbyte Tablet Max 32,made_of_material,aluminum,zenbyte tablet max 32|made_of_material|aluminum,2,"[0.98, 0.92]",True,0,0.91785,0.91785,0.88,True,0.735,True,False,"[""product_32"", ""product_32""]","[""structured"", ""unstructured""]","[""structured_row:Zenbyte Tablet Max 32"", ""Zenbyte Tablet Max 32 is manufactured by Zenbyte. Priced at 349 USD. Comes with 16GB of RAM. Offers 1024GB of internal storage. Available in blue. Built with aluminum construction. Noise cancellation: no.""]",1,526,candidate
DEC029_NO_FEEDBACK,train_kb,conservative_noisy_or_conflict_adjusted,2,Zenbyte Tablet Max 32,target_market_region,Global,zenbyte tablet max 32|target_market_region|global,1,[0.98],True,0,0.735,0.735,0.88,False,0.735,False,False,"[""product_32""]","[""structured""]","[""structured_row:Zenbyte Tablet Max 32""]",0,526,candidate
DEC029_NO_FEEDBACK,train_kb,conservative_noisy_or_conflict_adjusted,2,Zenbyte Tablet Max 32,supports_fast_charging,yes,zenbyte tablet max 32|supports_fast_charging|yes,1,[0.98],True,0,0.735,0.735,0.88,False,0.735,False,False,"[""product_32""]","[""structured""]","[""structured_row:Zenbyte Tablet Max 32""]",0,526,candidate
DEC029_NO_FEEDBACK,train_kb,conservative_noisy_or_conflict_adjusted,2,Zenbyte Tablet Max 32,has_noise_cancellation,no,zenbyte tablet max 32|has_noise_cancellation|no,2,"[0.98, 0.92]",True,0,0.91785,0.91785,0.88,True,0.735,True,False,"[""product_32"", ""product_32""]","[""structured"", ""unstructured""]","[""structured_row:Zenbyte Tablet Max 32"", ""Zenbyte Tablet Max 32 is manufactured by Zenbyte. Priced at 349 USD. Comes with 16GB of RAM. Offers 1024GB of internal storage. Available in blue. Built with aluminum construction. Noise cancellation: no.""]",1,526,candidate
DEC029_NO_FEEDBACK,train_kb,conservative_noisy_or_conflict_adjusted,2,PixelWare Smartwatch Max 34,manufactured_by,PixelWare,pixelware smartwatch max 34|manufactured_by|pixelware,3,"[0.98, 0.92, 0.92]",True,0,0.9745335,0.9745335,0.88,True,0.91785,False,False,"[""product_34"", ""product_34"", ""product_34""]","[""structured"", ""unstructured"", ""unstructured""]","[""structured_row:PixelWare Smartwatch Max 34"", ""PixelWare Smartwatch Max 34 is manufactured by PixelWare. Priced at 249 USD. Comes with 32GB of RAM. Offers 256GB of internal storage. Battery lasts up to 18 hours. Built with plastic construction. Noise cancellation: no."", ""PixelWare Smartwatch Max 34 is manufactured by PixelWare. Priced at 249 USD. Comes with 32GB of RAM. Offers 256GB of internal storage. Battery lasts up to 18 hours. Built with plastic construction. Noise cancellation: no.""]",1,526,candidate
DEC029_NO_FEEDBACK,train_kb,conservative_noisy_or_conflict_adjusted,2,PixelWare Smartwatch Max 34,belongs_to_category,smartwatch,pixelware smartwatch max 34|belongs_to_category|smartwatch,1,[0.98],True,0,0.735,0.735,0.88,False,0.735,False,False,"[""product_34""]","[""structured""]","[""structured_row:PixelWare Smartwatch Max 34""]",0,526,candidate
DEC029_NO_FEEDBACK,train_kb,conservative_noisy_or_conflict_adjusted,2,PixelWare Smartwatch Max 34,has_price_usd,249,pixelware smartwatch max 34|has_price_usd|249,3,"[0.98, 0.91, 0.92]",True,0,0.973917375,0.973917375,0.88,True,0.9158625,False,False,"[""product_34"", ""product_34"", ""product_34""]","[""structured"", ""unstructured"", ""unstructured""]","[""structured_row:PixelWare Smartwatch Max 34"", ""PixelWare Smartwatch Max 34 is manufactured by PixelWare. Priced at 249 USD. Comes with 32GB of RAM. Offers 256GB of internal storage. Battery lasts up to 18 hours. Built with plastic construction. Noise cancellation: no."", ""PixelWare Smartwatch Max 34 is manufactured by PixelWare. Priced at 249 USD. Comes with 32GB of RAM. Offers 256GB of internal storage. Battery lasts up to 18 hours. Built with plastic construction. Noise cancellation: no.""]",1,526,candidate
DEC029_NO_FEEDBACK,train_kb,conservative_noisy_or_conflict_adjusted,2,PixelWare Smartwatch Max 34,has_screen_size_inch,10.9,pixelware smartwatch max 34|has_screen_size_inch|10.9,1,[0.98],True,0,0.735,0.735,0.88,False,0.735,False,False,"[""product_34""]","[""structured""]","[""structured_row:PixelWare Smartwatch Max 34""]",0,526,candidate
DEC029_NO_FEEDBACK,train_kb,conservative_noisy_or_conflict_adjusted,2,PixelWare Smartwatch Max 34,has_ram_gb,32,pixelware smartwatch max 34|has_ram_gb|32,3,"[0.98, 0.9, 0.92]",True,0,0.97330125,0.97330125,0.88,True,0.913875,False,False,"[""product_34"", ""product_34"", ""product_34""]","[""structured"", ""unstructured"", ""unstructured""]","[""structured_row:PixelWare Smartwatch Max 34"", ""PixelWare Smartwatch Max 34 is manufactured by PixelWare. Priced at 249 USD. Comes with 32GB of RAM. Offers 256GB of internal storage. Battery lasts up to 18 hours. Built with plastic construction. Noise cancellation: no."", ""PixelWare Smartwatch Max 34 is manufactured by PixelWare. Priced at 249 USD. Comes with 32GB of RAM. Offers 256GB of internal storage. Battery lasts up to 18 hours. Built with plastic construction. Noise cancellation: no.""]",1,526,candidate
DEC029_NO_FEEDBACK,train_kb,conservative_noisy_or_conflict_adjusted,2,PixelWare Smartwatch Max 34,has_storage_gb,256,pixelware smartwatch max 34|has_storage_gb|256,3,"[0.98, 0.89, 0.92]",True,0,0.972685125,0.972685125,0.88,True,0.9118875,False,False,"[""product_34"", ""product_34"", ""product_34""]","[""structured"", ""unstructured"", ""unstructured""]","[""structured_row:PixelWare Smartwatch Max 34"", ""PixelWare Smartwatch Max 34 is manufactured by PixelWare. Priced at 249 USD. Comes with 32GB of RAM. Offers 256GB of internal storage. Battery lasts up to 18 hours. Built with plastic construction. Noise cancellation: no."", ""PixelWare Smartwatch Max 34 is manufactured by PixelWare. Priced at 249 USD. Comes with 32GB of RAM. Offers 256GB of internal storage. Battery lasts up to 18 hours. Built with plastic construction. Noise cancellation: no.""]",1,526,candidate
DEC029_NO_FEEDBACK,train_kb,conservative_noisy_or_conflict_adjusted,2,PixelWare Smartwatch Max 34,has_battery_life_hours,18,pixelware smartwatch max 34|has_battery_life_hours|18,3,"[0.98, 0.88, 0.92]",True,0,0.972069,0.972069,0.88,True,0.9099,False,False,"[""product_34"", ""product_34"", ""product_34""]","[""structured"", ""unstructured"", ""unstructured""]","[""structured_row:PixelWare Smartwatch Max 34"", ""PixelWare Smartwatch Max 34 is manufactured by PixelWare. Priced at 249 USD. Comes with 32GB of RAM. Offers 256GB of internal storage. Battery lasts up to 18 hours. Built with plastic construction. Noise cancellation: no."", ""PixelWare Smartwatch Max 34 is manufactured by PixelWare. Priced at 249 USD. Comes with 32GB of RAM. Offers 256GB of internal storage. Battery lasts up to 18 hours. Built with plastic construction. Noise cancellation: no.""]",1,526,candidate
DEC029_NO_FEEDBACK,train_kb,conservative_noisy_or_conflict_adjusted,2,PixelWare Smartwatch Max 34,has_weight_kg,0.42,pixelware smartwatch max 34|has_weight_kg|0.42,1,[0.98],True,0,0.735,0.735,0.88,False,0.735,False,False,"[""product_34""]","[""structured""]","[""structured_row:PixelWare Smartwatch Max 34""]",0,526,candidate
DEC029_NO_FEEDBACK,train_kb,conservative_noisy_or_conflict_adjusted,2,PixelWare Smartwatch Max 34,has_color,silver,pixelware smartwatch max 34|has_color|silver,1,[0.98],False,0,0.735,0.735,0.88,False,0.735,False,False,"[""product_34""]","[""structured""]","[""structured_row:PixelWare Smartwatch Max 34""]",0,526,candidate
DEC029_NO_FEEDBACK,train_kb,conservative_noisy_or_conflict_adjusted,2,PixelWare Smartwatch Max 34,made_of_material,plastic,pixelware smartwatch max 34|made_of_material|plastic,3,"[0.98, 0.85, 0.92]",True,0,0.970220625,0.970220625,0.88,True,0.9039375,False,False,"[""product_34"", ""product_34"", ""product_34""]","[""structured"", ""unstructured"", ""unstructured""]","[""structured_row:PixelWare Smartwatch Max 34"", ""PixelWare Smartwatch Max 34 is manufactured by PixelWare. Priced at 249 USD. Comes with 32GB of RAM. Offers 256GB of internal storage. Battery lasts up to 18 hours. Built with plastic construction. Noise cancellation: no."", ""PixelWare Smartwatch Max 34 is manufactured by PixelWare. Priced at 249 USD. Comes with 32GB of RAM. Offers 256GB of internal storage. Battery lasts up to 18 hours. Built with plastic construction. Noise cancellation: no.""]",1,526,candidate
DEC029_NO_FEEDBACK,train_kb,conservative_noisy_or_conflict_adjusted,2,PixelWare Smartwatch Max 34,target_market_region,EU,pixelware smartwatch max 34|target_market_region|eu,1,[0.98],True,0,0.735,0.735,0.88,False,0.735,False,False,"[""product_34""]","[""structured""]","[""structured_row:PixelWare Smartwatch Max 34""]",0,526,candidate
DEC029_NO_FEEDBACK,train_kb,conservative_noisy_or_conflict_adjusted,2,PixelWare Smartwatch Max 34,supports_fast_charging,yes,pixelware smartwatch max 34|supports_fast_charging|yes,1,[0.98],True,0,0.735,0.735,0.88,False,0.735,False,False,"[""product_34""]","[""structured""]","[""structured_row:PixelWare Smartwatch Max 34""]",0,526,candidate
DEC029_NO_FEEDBACK,train_kb,conservative_noisy_or_conflict_adjusted,2,PixelWare Smartwatch Max 34,has_noise_cancellation,no,pixelware smartwatch max 34|has_noise_cancellation|no,3,"[0.98, 0.84, 0.92]",True,0,0.9696045,0.9696045,0.88,True,0.90195,False,False,"[""product_34"", ""product_34"", ""product_34""]","[""structured"", ""unstructured"", ""unstructured""]","[""structured_row:PixelWare Smartwatch Max 34"", ""PixelWare Smartwatch Max 34 is manufactured by PixelWare. Priced at 249 USD. Comes with 32GB of RAM. Offers 256GB of internal storage. Battery lasts up to 18 hours. Built with plastic construction. Noise cancellation: no."", ""PixelWare Smartwatch Max 34 is manufactured by PixelWare. Priced at 249 USD. Comes with 32GB of RAM. Offers 256GB of internal storage. Battery lasts up to 18 hours. Built with plastic construction. Noise cancellation: no.""]",1,526,candidate
DEC029_NO_FEEDBACK,train_kb,conservative_noisy_or_conflict_adjusted,2,Zenbyte Smartphone Pro 36,manufactured_by,Zenbyte,zenbyte smartphone pro 36|manufactured_by|zenbyte,1,[0.98],True,0,0.735,0.735,0.88,False,0.735,False,False,"[""product_36""]","[""structured""]","[""structured_row:Zenbyte Smartphone Pro 36""]",0,526,candidate
DEC029_NO_FEEDBACK,train_kb,conservative_noisy_or_conflict_adjusted,2,Zenbyte Smartphone Pro 36,belongs_to_category,smartphone,zenbyte smartphone pro 36|belongs_to_category|smartphone,1,[0.98],True,0,0.735,0.735,0.88,False,0.735,False,False,"[""product_36""]","[""structured""]","[""structured_row:Zenbyte Smartphone Pro 36""]",0,526,candidate
DEC029_NO_FEEDBACK,train_kb,conservative_noisy_or_conflict_adjusted,2,Zenbyte Smartphone Pro 36,has_price_usd,899,zenbyte smartphone pro 36|has_price_usd|899,1,[0.98],True,0,0.735,0.735,0.88,False,0.735,False,False,"[""product_36""]","[""structured""]","[""structured_row:Zenbyte Smartphone Pro 36""]",1,526,candidate
DEC029_NO_FEEDBACK,train_kb,conservative_noisy_or_conflict_adjusted,2,Zenbyte Smartphone Pro 36,has_screen_size_inch,6.7,zenbyte smartphone pro 36|has_screen_size_inch|6.7,1,[0.98],True,0,0.735,0.735,0.88,False,0.735,False,False,"[""product_36""]","[""structured""]","[""structured_row:Zenbyte Smartphone Pro 36""]",1,526,candidate
DEC029_NO_FEEDBACK,train_kb,conservative_noisy_or_conflict_adjusted,2,Zenbyte Smartphone Pro 36,has_ram_gb,32,zenbyte smartphone pro 36|has_ram_gb|32,1,[0.98],True,0,0.735,0.735,0.88,False,0.735,False,False,"[""product_36""]","[""structured""]","[""structured_row:Zenbyte Smartphone Pro 36""]",0,526,candidate
DEC029_NO_FEEDBACK,train_kb,conservative_noisy_or_conflict_adjusted,2,Zenbyte Smartphone Pro 36,has_storage_gb,1024,zenbyte smartphone pro 36|has_storage_gb|1024,1,[0.98],True,0,0.735,0.735,0.88,False,0.735,False,False,"[""product_36""]","[""structured""]","[""structured_row:Zenbyte Smartphone Pro 36""]",1,526,candidate
DEC029_NO_FEEDBACK,train_kb,conservative_noisy_or_conflict_adjusted,2,Zenbyte Smartphone Pro 36,has_battery_life_hours,14,zenbyte smartphone pro 36|has_battery_life_hours|14,1,[0.98],True,0,0.735,0.735,0.88,False,0.735,False,False,"[""product_36""]","[""structured""]","[""structured_row:Zenbyte Smartphone Pro 36""]",1,526,candidate
DEC029_NO_FEEDBACK,train_kb,conservative_noisy_or_conflict_adjusted,2,Zenbyte Smartphone Pro 36,has_weight_kg,1.45,zenbyte smartphone pro 36|has_weight_kg|1.45,1,[0.98],True,0,0.735,0.735,0.88,False,0.735,False,False,"[""product_36""]","[""structured""]","[""structured_row:Zenbyte Smartphone Pro 36""]",1,526,candidate
DEC029_NO_FEEDBACK,train_kb,conservative_noisy_or_conflict_adjusted,2,Zenbyte Smartphone Pro 36,has_color,silver,zenbyte smartphone pro 36|has_color|silver,1,[0.98],False,0,0.735,0.735,0.88,False,0.735,False,False,"[""product_36""]","[""structured""]","[""structured_row:Zenbyte Smartphone Pro 36""]",0,526,candidate
DEC029_NO_FEEDBACK,train_kb,conservative_noisy_or_conflict_adjusted,2,Zenbyte Smartphone Pro 36,made_of_material,aluminum,zenbyte smartphone pro 36|made_of_material|aluminum,1,[0.98],True,0,0.735,0.735,0.88,False,0.735,False,False,"[""product_36""]","[""structured""]","[""structured_row:Zenbyte Smartphone Pro 36""]",1,526,candidate
DEC029_NO_FEEDBACK,train_kb,conservative_noisy_or_conflict_adjusted,2,Zenbyte Smartphone Pro 36,target_market_region,Global,zenbyte smartphone pro 36|target_market_region|global,1,[0.98],True,0,0.735,0.735,0.88,False,0.735,False,False,"[""product_36""]","[""structured""]","[""structured_row:Zenbyte Smartphone Pro 36""]",0,526,candidate
DEC029_NO_FEEDBACK,train_kb,conservative_noisy_or_conflict_adjusted,2,Zenbyte Smartphone Pro 36,supports_fast_charging,yes,zenbyte smartphone pro 36|supports_fast_charging|yes,1,[0.98],True,0,0.735,0.735,0.88,False,0.735,False,False,"[""product_36""]","[""structured""]","[""structured_row:Zenbyte Smartphone Pro 36""]",0,526,candidate
DEC029_NO_FEEDBACK,train_kb,conservative_noisy_or_conflict_adjusted,2,Zenbyte Smartphone Pro 36,has_noise_cancellation,no,zenbyte smartphone pro 36|has_noise_cancellation|no,1,[0.98],True,0,0.735,0.735,0.88,False,0.735,False,False,"[""product_36""]","[""structured""]","[""structured_row:Zenbyte Smartphone Pro 36""]",1,526,candidate
DEC029_NO_FEEDBACK,train_kb,conservative_noisy_or_conflict_adjusted,2,TechNova Smartphone Pro 1,has_price_usd,899,technova smartphone pro 1|has_price_usd|899,5,"[0.91, 0.85, 0.92, 0.91, 0.91]",True,4,0.9964033275058594,0.19928066550117188,0.88,False,0.17698125,False,False,"[""product_36"", ""product_39"", ""product_36"", ""product_39"", ""product_40""]","[""unstructured"", ""unstructured"", ""unstructured"", ""unstructured"", ""unstructured""]","[""Priced at 899 USD. The display measures 6.7 inches. Offers 1024GB of internal storage. Battery lasts up to 14 hours. Weighs approximately 1.45kg. Built with aluminum construction. Noise cancellation: no."", ""Priced at 899 USD. The display measures 14.0 inches. Comes with 12GB of RAM. Offers 256GB of internal storage. Battery lasts up to 10 hours. Weighs approximately 0.23kg. Built with plastic construction."", ""Priced at 899 USD. The display measures 6.7 inches. Offers 1024GB of internal storage. Battery lasts up to 14 hours. Weighs approximately 1.45kg. Built with aluminum construction. Noise cancellation: no."", ""Priced at 899 USD. The display measures 14.0 inches. Comes with 12GB of RAM. Offers 256GB of internal storage. Battery lasts up to 10 hours. Weighs approximately 0.23kg. Built with plastic construction."", ""It is a tablet device. Priced at 899 USD. Comes with 4GB of RAM. Battery lasts up to 12 hours. Weighs approximately 1.8kg. Built with aluminum construction. Fast charging is no.""]",0,526,candidate
DEC029_NO_FEEDBACK,train_kb,conservative_noisy_or_conflict_adjusted,2,TechNova Smartphone Pro 1,has_screen_size_inch,6.7,technova smartphone pro 1|has_screen_size_inch|6.7,2,"[0.91, 0.92]",True,4,0.901575,0.180315,0.88,False,0.1365,False,False,"[""product_36"", ""product_36""]","[""unstructured"", ""unstructured""]","[""Priced at 899 USD. The display measures 6.7 inches. Offers 1024GB of internal storage. Battery lasts up to 14 hours. Weighs approximately 1.45kg. Built with aluminum construction. Noise cancellation: no."", ""Priced at 899 USD. The display measures 6.7 inches. Offers 1024GB of internal storage. Battery lasts up to 14 hours. Weighs approximately 1.45kg. Built with aluminum construction. Noise cancellation: no.""]",0,526,candidate
DEC029_NO_FEEDBACK,train_kb,conservative_noisy_or_conflict_adjusted,2,TechNova Smartphone Pro 1,has_storage_gb,1024,technova smartphone pro 1|has_storage_gb|1024,3,"[0.91, 0.91, 0.92]",True,4,0.9687500625,0.19375001249999999,0.88,False,0.1365,False,False,"[""product_36"", ""product_17"", ""product_36""]","[""unstructured"", ""unstructured"", ""unstructured""]","[""Priced at 899 USD. The display measures 6.7 inches. Offers 1024GB of internal storage. Battery lasts up to 14 hours. Weighs approximately 1.45kg. Built with aluminum construction. Noise cancellation: no."", ""The display measures 6.7 inches. Comes with 4GB of RAM. Offers 1024GB of internal storage. Weighs approximately 1.45kg. Available in silver. Built with aluminum construction. Targeted at the APAC market."", ""Priced at 899 USD. The display measures 6.7 inches. Offers 1024GB of internal storage. Battery lasts up to 14 hours. Weighs approximately 1.45kg. Built with aluminum construction. Noise cancellation: no.""]",0,526,candidate
DEC029_NO_FEEDBACK,train_kb,conservative_noisy_or_conflict_adjusted,2,Zenbyte Tablet Plus 37,manufactured_by,Zenbyte,zenbyte tablet plus 37|manufactured_by|zenbyte,1,[0.98],True,0,0.735,0.735,0.88,False,0.735,False,False,"[""product_37""]","[""structured""]","[""structured_row:Zenbyte Tablet Plus 37""]",1,526,candidate
DEC029_NO_FEEDBACK,train_kb,conservative_noisy_or_conflict_adjusted,2,Zenbyte Tablet Plus 37,belongs_to_category,tablet,zenbyte tablet plus 37|belongs_to_category|tablet,1,[0.98],True,0,0.735,0.735,0.88,False,0.735,False,False,"[""product_37""]","[""structured""]","[""structured_row:Zenbyte Tablet Plus 37""]",1,526,candidate
DEC029_NO_FEEDBACK,train_kb,conservative_noisy_or_conflict_adjusted,2,Zenbyte Tablet Plus 37,has_price_usd,1299,zenbyte tablet plus 37|has_price_usd|1299,1,[0.98],True,0,0.735,0.735,0.88,False,0.735,False,False,"[""product_37""]","[""structured""]","[""structured_row:Zenbyte Tablet Plus 37""]",0,526,candidate
DEC029_NO_FEEDBACK,train_kb,conservative_noisy_or_conflict_adjusted,2,Zenbyte Tablet Plus 37,has_screen_size_inch,6.7,zenbyte tablet plus 37|has_screen_size_inch|6.7,1,[0.98],True,0,0.735,0.735,0.88,False,0.735,False,False,"[""product_37""]","[""structured""]","[""structured_row:Zenbyte Tablet Plus 37""]",0,526,candidate
DEC029_NO_FEEDBACK,train_kb,conservative_noisy_or_conflict_adjusted,2,Zenbyte Tablet Plus 37,has_ram_gb,12,zenbyte tablet plus 37|has_ram_gb|12,1,[0.98],True,0,0.735,0.735,0.88,False,0.735,False,False,"[""product_37""]","[""structured""]","[""structured_row:Zenbyte Tablet Plus 37""]",0,526,candidate
DEC029_NO_FEEDBACK,train_kb,conservative_noisy_or_conflict_adjusted,2,Zenbyte Tablet Plus 37,has_storage_gb,256,zenbyte tablet plus 37|has_storage_gb|256,1,[0.98],True,0,0.735,0.735,0.88,False,0.735,False,False,"[""product_37""]","[""structured""]","[""structured_row:Zenbyte Tablet Plus 37""]",1,526,candidate
DEC029_NO_FEEDBACK,train_kb,conservative_noisy_or_conflict_adjusted,2,Zenbyte Tablet Plus 37,has_battery_life_hours,18,zenbyte tablet plus 37|has_battery_life_hours|18,1,[0.98],True,0,0.735,0.735,0.88,False,0.735,False,False,"[""product_37""]","[""structured""]","[""structured_row:Zenbyte Tablet Plus 37""]",1,526,candidate
DEC029_NO_FEEDBACK,train_kb,conservative_noisy_or_conflict_adjusted,2,Zenbyte Tablet Plus 37,has_weight_kg,1.2,zenbyte tablet plus 37|has_weight_kg|1.2,1,[0.98],True,0,0.735,0.735,0.88,False,0.735,False,False,"[""product_37""]","[""structured""]","[""structured_row:Zenbyte Tablet Plus 37""]",0,526,candidate
DEC029_NO_FEEDBACK,train_kb,conservative_noisy_or_conflict_adjusted,2,Zenbyte Tablet Plus 37,has_color,silver,zenbyte tablet plus 37|has_color|silver,1,[0.98],False,0,0.735,0.735,0.88,False,0.735,False,False,"[""product_37""]","[""structured""]","[""structured_row:Zenbyte Tablet Plus 37""]",1,526,candidate
DEC029_NO_FEEDBACK,train_kb,conservative_noisy_or_conflict_adjusted,2,Zenbyte Tablet Plus 37,made_of_material,aluminum,zenbyte tablet plus 37|made_of_material|aluminum,1,[0.98],True,0,0.735,0.735,0.88,False,0.735,False,False,"[""product_37""]","[""structured""]","[""structured_row:Zenbyte Tablet Plus 37""]",0,526,candidate
DEC029_NO_FEEDBACK,train_kb,conservative_noisy_or_conflict_adjusted,2,Zenbyte Tablet Plus 37,target_market_region,EU,zenbyte tablet plus 37|target_market_region|eu,1,[0.98],True,0,0.735,0.735,0.88,False,0.735,False,False,"[""product_37""]","[""structured""]","[""structured_row:Zenbyte Tablet Plus 37""]",0,526,candidate
DEC029_NO_FEEDBACK,train_kb,conservative_noisy_or_conflict_adjusted,2,Zenbyte Tablet Plus 37,supports_fast_charging,no,zenbyte tablet plus 37|supports_fast_charging|no,1,[0.98],True,0,0.735,0.735,0.88,False,0.735,False,False,"[""product_37""]","[""structured""]","[""structured_row:Zenbyte Tablet Plus 37""]",1,526,candidate
DEC029_NO_FEEDBACK,train_kb,conservative_noisy_or_conflict_adjusted,2,Zenbyte Tablet Plus 37,has_noise_cancellation,no,zenbyte tablet plus 37|has_noise_cancellation|no,1,[0.98],True,0,0.735,0.735,0.88,False,0.735,False,False,"[""product_37""]","[""structured""]","[""structured_row:Zenbyte Tablet Plus 37""]",1,526,candidate
DEC029_NO_FEEDBACK,train_kb,conservative_noisy_or_conflict_adjusted,2,NeoTech Smartwatch Lite 39,manufactured_by,NeoTech,neotech smartwatch lite 39|manufactured_by|neotech,1,[0.98],True,0,0.735,0.735,0.88,False,0.735,False,False,"[""product_39""]","[""structured""]","[""structured_row:NeoTech Smartwatch Lite 39""]",0,526,candidate
DEC029_NO_FEEDBACK,train_kb,conservative_noisy_or_conflict_adjusted,2,NeoTech Smartwatch Lite 39,belongs_to_category,smartwatch,neotech smartwatch lite 39|belongs_to_category|smartwatch,1,[0.98],True,0,0.735,0.735,0.88,False,0.735,False,False,"[""product_39""]","[""structured""]","[""structured_row:NeoTech Smartwatch Lite 39""]",0,526,candidate
DEC029_NO_FEEDBACK,train_kb,conservative_noisy_or_conflict_adjusted,2,NeoTech Smartwatch Lite 39,has_price_usd,899,neotech smartwatch lite 39|has_price_usd|899,1,[0.98],True,0,0.735,0.735,0.88,False,0.735,False,False,"[""product_39""]","[""structured""]","[""structured_row:NeoTech Smartwatch Lite 39""]",1,526,candidate
DEC029_NO_FEEDBACK,train_kb,conservative_noisy_or_conflict_adjusted,2,NeoTech Smartwatch Lite 39,has_screen_size_inch,14.0,neotech smartwatch lite 39|has_screen_size_inch|14.0,1,[0.98],True,0,0.735,0.735,0.88,False,0.735,False,False,"[""product_39""]","[""structured""]","[""structured_row:NeoTech Smartwatch Lite 39""]",1,526,candidate
DEC029_NO_FEEDBACK,train_kb,conservative_noisy_or_conflict_adjusted,2,NeoTech Smartwatch Lite 39,has_ram_gb,12,neotech smartwatch lite 39|has_ram_gb|12,1,[0.98],True,0,0.735,0.735,0.88,False,0.735,False,False,"[""product_39""]","[""structured""]","[""structured_row:NeoTech Smartwatch Lite 39""]",1,526,candidate
DEC029_NO_FEEDBACK,train_kb,conservative_noisy_or_conflict_adjusted,2,NeoTech Smartwatch Lite 39,has_storage_gb,256,neotech smartwatch lite 39|has_storage_gb|256,1,[0.98],True,0,0.735,0.735,0.88,False,0.735,False,False,"[""product_39""]","[""structured""]","[""structured_row:NeoTech Smartwatch Lite 39""]",1,526,candidate
DEC029_NO_FEEDBACK,train_kb,conservative_noisy_or_conflict_adjusted,2,NeoTech Smartwatch Lite 39,has_battery_life_hours,10,neotech smartwatch lite 39|has_battery_life_hours|10,1,[0.98],True,0,0.735,0.735,0.88,False,0.735,False,False,"[""product_39""]","[""structured""]","[""structured_row:NeoTech Smartwatch Lite 39""]",1,526,candidate
DEC029_NO_FEEDBACK,train_kb,conservative_noisy_or_conflict_adjusted,2,NeoTech Smartwatch Lite 39,has_weight_kg,0.23,neotech smartwatch lite 39|has_weight_kg|0.23,1,[0.98],True,0,0.735,0.735,0.88,False,0.735,False,False,"[""product_39""]","[""structured""]","[""structured_row:NeoTech Smartwatch Lite 39""]",1,526,candidate
DEC029_NO_FEEDBACK,train_kb,conservative_noisy_or_conflict_adjusted,2,NeoTech Smartwatch Lite 39,has_color,white,neotech smartwatch lite 39|has_color|white,1,[0.98],False,0,0.735,0.735,0.88,False,0.735,False,False,"[""product_39""]","[""structured""]","[""structured_row:NeoTech Smartwatch Lite 39""]",0,526,candidate
DEC029_NO_FEEDBACK,train_kb,conservative_noisy_or_conflict_adjusted,2,NeoTech Smartwatch Lite 39,made_of_material,plastic,neotech smartwatch lite 39|made_of_material|plastic,1,[0.98],True,0,0.735,0.735,0.88,False,0.735,False,False,"[""product_39""]","[""structured""]","[""structured_row:NeoTech Smartwatch Lite 39""]",1,526,candidate
DEC029_NO_FEEDBACK,train_kb,conservative_noisy_or_conflict_adjusted,2,NeoTech Smartwatch Lite 39,target_market_region,Global,neotech smartwatch lite 39|target_market_region|global,1,[0.98],True,0,0.735,0.735,0.88,False,0.735,False,False,"[""product_39""]","[""structured""]","[""structured_row:NeoTech Smartwatch Lite 39""]",0,526,candidate
DEC029_NO_FEEDBACK,train_kb,conservative_noisy_or_conflict_adjusted,2,NeoTech Smartwatch Lite 39,supports_fast_charging,yes,neotech smartwatch lite 39|supports_fast_charging|yes,1,[0.98],True,0,0.735,0.735,0.88,False,0.735,False,False,"[""product_39""]","[""structured""]","[""structured_row:NeoTech Smartwatch Lite 39""]",0,526,candidate
DEC029_NO_FEEDBACK,train_kb,conservative_noisy_or_conflict_adjusted,2,NeoTech Smartwatch Lite 39,has_noise_cancellation,no,neotech smartwatch lite 39|has_noise_cancellation|no,1,[0.98],True,0,0.735,0.735,0.88,False,0.735,False,False,"[""product_39""]","[""structured""]","[""structured_row:NeoTech Smartwatch Lite 39""]",0,526,candidate
DEC029_NO_FEEDBACK,train_kb,conservative_noisy_or_conflict_adjusted,2,TechNova Smartphone Pro 1,has_screen_size_inch,14.0,technova smartphone pro 1|has_screen_size_inch|14.0,2,"[0.92, 0.91]",True,4,0.901575,0.180315,0.88,False,0.138,False,False,"[""product_39"", ""product_39""]","[""unstructured"", ""unstructured""]","[""Priced at 899 USD. The display measures 14.0 inches. Comes with 12GB of RAM. Offers 256GB of internal storage. Battery lasts up to 10 hours. Weighs approximately 0.23kg. Built with plastic construction."", ""Priced at 899 USD. The display measures 14.0 inches. Comes with 12GB of RAM. Offers 256GB of internal storage. Battery lasts up to 10 hours. Weighs approximately 0.23kg. Built with plastic construction.""]",0,526,candidate
DEC029_NO_FEEDBACK,train_kb,conservative_noisy_or_conflict_adjusted,2,TechNova Smartphone Pro 1,has_storage_gb,256,technova smartphone pro 1|has_storage_gb|256,2,"[0.9, 0.91]",True,4,0.8968125,0.1793625,0.88,False,0.135,False,False,"[""product_39"", ""product_39""]","[""unstructured"", ""unstructured""]","[""Priced at 899 USD. The display measures 14.0 inches. Comes with 12GB of RAM. Offers 256GB of internal storage. Battery lasts up to 10 hours. Weighs approximately 0.23kg. Built with plastic construction."", ""Priced at 899 USD. The display measures 14.0 inches. Comes with 12GB of RAM. Offers 256GB of internal storage. Battery lasts up to 10 hours. Weighs approximately 0.23kg. Built with plastic construction.""]",0,526,candidate
DEC029_NO_FEEDBACK,train_kb,conservative_noisy_or_conflict_adjusted,2,TechNova Smartphone Pro 1,has_battery_life_hours,10,technova smartphone pro 1|has_battery_life_hours|10,2,"[0.93, 0.91]",True,5,0.90395625,0.150659375,0.88,False,0.34875,False,False,"[""product_39"", ""product_39""]","[""unstructured"", ""unstructured""]","[""Priced at 899 USD. The display measures 14.0 inches. Comes with 12GB of RAM. Offers 256GB of internal storage. Battery lasts up to 10 hours. Weighs approximately 0.23kg. Built with plastic construction."", ""Priced at 899 USD. The display measures 14.0 inches. Comes with 12GB of RAM. Offers 256GB of internal storage. Battery lasts up to 10 hours. Weighs approximately 0.23kg. Built with plastic construction.""]",0,526,candidate
DEC029_NO_FEEDBACK,train_kb,conservative_noisy_or_conflict_adjusted,2,TechNova Smartphone Pro 1,has_weight_kg,0.23,technova smartphone pro 1|has_weight_kg|0.23,2,"[0.86, 0.91]",True,6,0.8872875,0.12675535714285716,0.88,False,0.16125,False,False,"[""product_39"", ""product_39""]","[""unstructured"", ""unstructured""]","[""Priced at 899 USD. The display measures 14.0 inches. Comes with 12GB of RAM. Offers 256GB of internal storage. Battery lasts up to 10 hours. Weighs approximately 0.23kg. Built with plastic construction."", ""Priced at 899 USD. The display measures 14.0 inches. Comes with 12GB of RAM. Offers 256GB of internal storage. Battery lasts up to 10 hours. Weighs approximately 0.23kg. Built with plastic construction.""]",0,526,candidate
DEC029_NO_FEEDBACK,train_kb,conservative_noisy_or_conflict_adjusted,2,TechNova Smartphone Pro 1,made_of_material,plastic,technova smartphone pro 1|made_of_material|plastic,2,"[0.89, 0.91]",True,2,0.89443125,0.29814375,0.88,False,0.2225,False,False,"[""product_39"", ""product_39""]","[""unstructured"", ""unstructured""]","[""Priced at 899 USD. The display measures 14.0 inches. Comes with 12GB of RAM. Offers 256GB of internal storage. Battery lasts up to 10 hours. Weighs approximately 0.23kg. Built with plastic construction."", ""Priced at 899 USD. The display measures 14.0 inches. Comes with 12GB of RAM. Offers 256GB of internal storage. Battery lasts up to 10 hours. Weighs approximately 0.23kg. Built with plastic construction.""]",0,526,candidate
DEC029_NO_FEEDBACK,train_kb,conservative_noisy_or_conflict_adjusted,2,Zenbyte Tablet Max 40,manufactured_by,Zenbyte,zenbyte tablet max 40|manufactured_by|zenbyte,1,[0.98],True,0,0.735,0.735,0.88,False,0.735,False,False,"[""product_40""]","[""structured""]","[""structured_row:Zenbyte Tablet Max 40""]",0,526,candidate
DEC029_NO_FEEDBACK,train_kb,conservative_noisy_or_conflict_adjusted,2,Zenbyte Tablet Max 40,belongs_to_category,tablet,zenbyte tablet max 40|belongs_to_category|tablet,1,[0.98],True,0,0.735,0.735,0.88,False,0.735,False,False,"[""product_40""]","[""structured""]","[""structured_row:Zenbyte Tablet Max 40""]",1,526,candidate
DEC029_NO_FEEDBACK,train_kb,conservative_noisy_or_conflict_adjusted,2,Zenbyte Tablet Max 40,has_price_usd,899,zenbyte tablet max 40|has_price_usd|899,1,[0.98],True,0,0.735,0.735,0.88,False,0.735,False,False,"[""product_40""]","[""structured""]","[""structured_row:Zenbyte Tablet Max 40""]",1,526,candidate
DEC029_NO_FEEDBACK,train_kb,conservative_noisy_or_conflict_adjusted,2,Zenbyte Tablet Max 40,has_screen_size_inch,6.1,zenbyte tablet max 40|has_screen_size_inch|6.1,1,[0.98],True,0,0.735,0.735,0.88,False,0.735,False,False,"[""product_40""]","[""structured""]","[""structured_row:Zenbyte Tablet Max 40""]",0,526,candidate
DEC029_NO_FEEDBACK,train_kb,conservative_noisy_or_conflict_adjusted,2,Zenbyte Tablet Max 40,has_ram_gb,4,zenbyte tablet max 40|has_ram_gb|4,1,[0.98],True,0,0.735,0.735,0.88,False,0.735,False,False,"[""product_40""]","[""structured""]","[""structured_row:Zenbyte Tablet Max 40""]",1,526,candidate
DEC029_NO_FEEDBACK,train_kb,conservative_noisy_or_conflict_adjusted,2,Zenbyte Tablet Max 40,has_storage_gb,1024,zenbyte tablet max 40|has_storage_gb|1024,1,[0.98],True,0,0.735,0.735,0.88,False,0.735,False,False,"[""product_40""]","[""structured""]","[""structured_row:Zenbyte Tablet Max 40""]",0,526,candidate
DEC029_NO_FEEDBACK,train_kb,conservative_noisy_or_conflict_adjusted,2,Zenbyte Tablet Max 40,has_battery_life_hours,12,zenbyte tablet max 40|has_battery_life_hours|12,1,[0.98],True,0,0.735,0.735,0.88,False,0.735,False,False,"[""product_40""]","[""structured""]","[""structured_row:Zenbyte Tablet Max 40""]",1,526,candidate
DEC029_NO_FEEDBACK,train_kb,conservative_noisy_or_conflict_adjusted,2,Zenbyte Tablet Max 40,has_weight_kg,1.8,zenbyte tablet max 40|has_weight_kg|1.8,1,[0.98],True,0,0.735,0.735,0.88,False,0.735,False,False,"[""product_40""]","[""structured""]","[""structured_row:Zenbyte Tablet Max 40""]",1,526,candidate
DEC029_NO_FEEDBACK,train_kb,conservative_noisy_or_conflict_adjusted,2,Zenbyte Tablet Max 40,has_color,white,zenbyte tablet max 40|has_color|white,1,[0.98],False,0,0.735,0.735,0.88,False,0.735,False,False,"[""product_40""]","[""structured""]","[""structured_row:Zenbyte Tablet Max 40""]",0,526,candidate
DEC029_NO_FEEDBACK,train_kb,conservative_noisy_or_conflict_adjusted,2,Zenbyte Tablet Max 40,made_of_material,aluminum,zenbyte tablet max 40|made_of_material|aluminum,1,[0.98],True,0,0.735,0.735,0.88,False,0.735,False,False,"[""product_40""]","[""structured""]","[""structured_row:Zenbyte Tablet Max 40""]",1,526,candidate
DEC029_NO_FEEDBACK,train_kb,conservative_noisy_or_conflict_adjusted,2,Zenbyte Tablet Max 40,target_market_region,EU,zenbyte tablet max 40|target_market_region|eu,1,[0.98],True,0,0.735,0.735,0.88,False,0.735,False,False,"[""product_40""]","[""structured""]","[""structured_row:Zenbyte Tablet Max 40""]",0,526,candidate
DEC029_NO_FEEDBACK,train_kb,conservative_noisy_or_conflict_adjusted,2,Zenbyte Tablet Max 40,supports_fast_charging,no,zenbyte tablet max 40|supports_fast_charging|no,1,[0.98],True,0,0.735,0.735,0.88,False,0.735,False,False,"[""product_40""]","[""structured""]","[""structured_row:Zenbyte Tablet Max 40""]",1,526,candidate
DEC029_NO_FEEDBACK,train_kb,conservative_noisy_or_conflict_adjusted,2,Zenbyte Tablet Max 40,has_noise_cancellation,no,zenbyte tablet max 40|has_noise_cancellation|no,1,[0.98],True,0,0.735,0.735,0.88,False,0.735,False,False,"[""product_40""]","[""structured""]","[""structured_row:Zenbyte Tablet Max 40""]",0,526,candidate
DEC029_NO_FEEDBACK,train_kb,conservative_noisy_or_conflict_adjusted,2,VoltEdge Smartwatch Pro 41,manufactured_by,VoltEdge,voltedge smartwatch pro 41|manufactured_by|voltedge,1,[0.98],True,0,0.735,0.735,0.88,False,0.735,False,False,"[""product_41""]","[""structured""]","[""structured_row:VoltEdge Smartwatch Pro 41""]",0,526,candidate
DEC029_NO_FEEDBACK,train_kb,conservative_noisy_or_conflict_adjusted,2,VoltEdge Smartwatch Pro 41,belongs_to_category,smartwatch,voltedge smartwatch pro 41|belongs_to_category|smartwatch,1,[0.98],True,0,0.735,0.735,0.88,False,0.735,False,False,"[""product_41""]","[""structured""]","[""structured_row:VoltEdge Smartwatch Pro 41""]",1,526,candidate
DEC029_NO_FEEDBACK,train_kb,conservative_noisy_or_conflict_adjusted,2,VoltEdge Smartwatch Pro 41,has_price_usd,1299,voltedge smartwatch pro 41|has_price_usd|1299,1,[0.98],True,0,0.735,0.735,0.88,False,0.735,False,False,"[""product_41""]","[""structured""]","[""structured_row:VoltEdge Smartwatch Pro 41""]",1,526,candidate
DEC029_NO_FEEDBACK,train_kb,conservative_noisy_or_conflict_adjusted,2,VoltEdge Smartwatch Pro 41,has_screen_size_inch,6.1,voltedge smartwatch pro 41|has_screen_size_inch|6.1,1,[0.98],True,0,0.735,0.735,0.88,False,0.735,False,False,"[""product_41""]","[""structured""]","[""structured_row:VoltEdge Smartwatch Pro 41""]",0,526,candidate
DEC029_NO_FEEDBACK,train_kb,conservative_noisy_or_conflict_adjusted,2,VoltEdge Smartwatch Pro 41,has_ram_gb,6,voltedge smartwatch pro 41|has_ram_gb|6,1,[0.98],True,0,0.735,0.735,0.88,False,0.735,False,False,"[""product_41""]","[""structured""]","[""structured_row:VoltEdge Smartwatch Pro 41""]",0,526,candidate
DEC029_NO_FEEDBACK,train_kb,conservative_noisy_or_conflict_adjusted,2,VoltEdge Smartwatch Pro 41,has_storage_gb,512,voltedge smartwatch pro 41|has_storage_gb|512,1,[0.98],True,0,0.735,0.735,0.88,False,0.735,False,False,"[""product_41""]","[""structured""]","[""structured_row:VoltEdge Smartwatch Pro 41""]",0,526,candidate
DEC029_NO_FEEDBACK,train_kb,conservative_noisy_or_conflict_adjusted,2,VoltEdge Smartwatch Pro 41,has_battery_life_hours,14,voltedge smartwatch pro 41|has_battery_life_hours|14,1,[0.98],True,0,0.735,0.735,0.88,False,0.735,False,False,"[""product_41""]","[""structured""]","[""structured_row:VoltEdge Smartwatch Pro 41""]",1,526,candidate
DEC029_NO_FEEDBACK,train_kb,conservative_noisy_or_conflict_adjusted,2,VoltEdge Smartwatch Pro 41,has_weight_kg,0.18,voltedge smartwatch pro 41|has_weight_kg|0.18,1,[0.98],True,0,0.735,0.735,0.88,False,0.735,False,False,"[""product_41""]","[""structured""]","[""structured_row:VoltEdge Smartwatch Pro 41""]",1,526,candidate
DEC029_NO_FEEDBACK,train_kb,conservative_noisy_or_conflict_adjusted,2,VoltEdge Smartwatch Pro 41,has_color,white,voltedge smartwatch pro 41|has_color|white,1,[0.98],False,0,0.735,0.735,0.88,False,0.735,False,False,"[""product_41""]","[""structured""]","[""structured_row:VoltEdge Smartwatch Pro 41""]",0,526,candidate
DEC029_NO_FEEDBACK,train_kb,conservative_noisy_or_conflict_adjusted,2,VoltEdge Smartwatch Pro 41,made_of_material,plastic,voltedge smartwatch pro 41|made_of_material|plastic,1,[0.98],True,0,0.735,0.735,0.88,False,0.735,False,False,"[""product_41""]","[""structured""]","[""structured_row:VoltEdge Smartwatch Pro 41""]",1,526,candidate
DEC029_NO_FEEDBACK,train_kb,conservative_noisy_or_conflict_adjusted,2,VoltEdge Smartwatch Pro 41,target_market_region,EU,voltedge smartwatch pro 41|target_market_region|eu,1,[0.98],True,0,0.735,0.735,0.88,False,0.735,False,False,"[""product_41""]","[""structured""]","[""structured_row:VoltEdge Smartwatch Pro 41""]",1,526,candidate
DEC029_NO_FEEDBACK,train_kb,conservative_noisy_or_conflict_adjusted,2,VoltEdge Smartwatch Pro 41,supports_fast_charging,no,voltedge smartwatch pro 41|supports_fast_charging|no,1,[0.98],True,0,0.735,0.735,0.88,False,0.735,False,False,"[""product_41""]","[""structured""]","[""structured_row:VoltEdge Smartwatch Pro 41""]",0,526,candidate
DEC029_NO_FEEDBACK,train_kb,conservative_noisy_or_conflict_adjusted,2,VoltEdge Smartwatch Pro 41,has_noise_cancellation,no,voltedge smartwatch pro 41|has_noise_cancellation|no,1,[0.98],True,0,0.735,0.735,0.88,False,0.735,False,False,"[""product_41""]","[""structured""]","[""structured_row:VoltEdge Smartwatch Pro 41""]",1,526,candidate
DEC029_NO_FEEDBACK,train_kb,conservative_noisy_or_conflict_adjusted,2,TechNova Smartphone Lite 43,manufactured_by,TechNova,technova smartphone lite 43|manufactured_by|technova,1,[0.98],True,0,0.735,0.735,0.88,False,0.735,False,False,"[""product_43""]","[""structured""]","[""structured_row:TechNova Smartphone Lite 43""]",0,526,candidate
DEC029_NO_FEEDBACK,train_kb,conservative_noisy_or_conflict_adjusted,2,TechNova Smartphone Lite 43,belongs_to_category,smartphone,technova smartphone lite 43|belongs_to_category|smartphone,1,[0.98],True,0,0.735,0.735,0.88,False,0.735,False,False,"[""product_43""]","[""structured""]","[""structured_row:TechNova Smartphone Lite 43""]",0,526,candidate
DEC029_NO_FEEDBACK,train_kb,conservative_noisy_or_conflict_adjusted,2,TechNova Smartphone Lite 43,has_price_usd,1099,technova smartphone lite 43|has_price_usd|1099,1,[0.98],True,0,0.735,0.735,0.88,False,0.735,False,False,"[""product_43""]","[""structured""]","[""structured_row:TechNova Smartphone Lite 43""]",1,526,candidate
DEC029_NO_FEEDBACK,train_kb,conservative_noisy_or_conflict_adjusted,2,TechNova Smartphone Lite 43,has_screen_size_inch,15.6,technova smartphone lite 43|has_screen_size_inch|15.6,1,[0.98],True,0,0.735,0.735,0.88,False,0.735,False,False,"[""product_43""]","[""structured""]","[""structured_row:TechNova Smartphone Lite 43""]",1,526,candidate
DEC029_NO_FEEDBACK,train_kb,conservative_noisy_or_conflict_adjusted,2,TechNova Smartphone Lite 43,has_ram_gb,12,technova smartphone lite 43|has_ram_gb|12,1,[0.98],True,0,0.735,0.735,0.88,False,0.735,False,False,"[""product_43""]","[""structured""]","[""structured_row:TechNova Smartphone Lite 43""]",1,526,candidate
DEC029_NO_FEEDBACK,train_kb,conservative_noisy_or_conflict_adjusted,2,TechNova Smartphone Lite 43,has_storage_gb,256,technova smartphone lite 43|has_storage_gb|256,1,[0.98],True,0,0.735,0.735,0.88,False,0.735,False,False,"[""product_43""]","[""structured""]","[""structured_row:TechNova Smartphone Lite 43""]",0,526,candidate
DEC029_NO_FEEDBACK,train_kb,conservative_noisy_or_conflict_adjusted,2,TechNova Smartphone Lite 43,has_battery_life_hours,20,technova smartphone lite 43|has_battery_life_hours|20,1,[0.98],True,0,0.735,0.735,0.88,False,0.735,False,False,"[""product_43""]","[""structured""]","[""structured_row:TechNova Smartphone Lite 43""]",1,526,candidate
DEC029_NO_FEEDBACK,train_kb,conservative_noisy_or_conflict_adjusted,2,TechNova Smartphone Lite 43,has_weight_kg,1.8,technova smartphone lite 43|has_weight_kg|1.8,1,[0.98],True,0,0.735,0.735,0.88,False,0.735,False,False,"[""product_43""]","[""structured""]","[""structured_row:TechNova Smartphone Lite 43""]",0,526,candidate
DEC029_NO_FEEDBACK,train_kb,conservative_noisy_or_conflict_adjusted,2,TechNova Smartphone Lite 43,has_color,white,technova smartphone lite 43|has_color|white,1,[0.98],False,0,0.735,0.735,0.88,False,0.735,False,False,"[""product_43""]","[""structured""]","[""structured_row:TechNova Smartphone Lite 43""]",1,526,candidate
DEC029_NO_FEEDBACK,train_kb,conservative_noisy_or_conflict_adjusted,2,TechNova Smartphone Lite 43,made_of_material,carbon fiber,technova smartphone lite 43|made_of_material|carbon fiber,1,[0.98],True,0,0.735,0.735,0.88,False,0.735,False,False,"[""product_43""]","[""structured""]","[""structured_row:TechNova Smartphone Lite 43""]",1,526,candidate
DEC029_NO_FEEDBACK,train_kb,conservative_noisy_or_conflict_adjusted,2,TechNova Smartphone Lite 43,target_market_region,APAC,technova smartphone lite 43|target_market_region|apac,1,[0.98],True,0,0.735,0.735,0.88,False,0.735,False,False,"[""product_43""]","[""structured""]","[""structured_row:TechNova Smartphone Lite 43""]",0,526,candidate
DEC029_NO_FEEDBACK,train_kb,conservative_noisy_or_conflict_adjusted,2,TechNova Smartphone Lite 43,supports_fast_charging,yes,technova smartphone lite 43|supports_fast_charging|yes,1,[0.98],True,0,0.735,0.735,0.88,False,0.735,False,False,"[""product_43""]","[""structured""]","[""structured_row:TechNova Smartphone Lite 43""]",0,526,candidate
DEC029_NO_FEEDBACK,train_kb,conservative_noisy_or_conflict_adjusted,2,TechNova Smartphone Lite 43,has_noise_cancellation,no,technova smartphone lite 43|has_noise_cancellation|no,1,[0.98],True,0,0.735,0.735,0.88,False,0.735,False,False,"[""product_43""]","[""structured""]","[""structured_row:TechNova Smartphone Lite 43""]",1,526,candidate
DEC029_NO_FEEDBACK,train_kb,conservative_noisy_or_conflict_adjusted,2,TechNova Smartphone Air 44,manufactured_by,TechNova,technova smartphone air 44|manufactured_by|technova,3,"[0.98, 0.95, 1.0]",True,0,0.980953125,0.980953125,0.88,True,0.9238124999999999,False,False,"[""product_44"", ""product_44"", ""product_44""]","[""structured"", ""unstructured"", ""unstructured""]","[""structured_row:TechNova Smartphone Air 44"", ""TechNova Smartphone Air 44 is manufactured by TechNova. Priced at 249 USD. Comes with 16GB of RAM. Offers 256GB of internal storage. Battery lasts up to 12 hours. Built with aluminum construction. Targeted at the Global market."", ""TechNova Smartphone Air 44 is manufactured by TechNova. Priced at 249 USD. Comes with 16GB of RAM. Offers 256GB of internal storage. Battery lasts up to 12 hours. Built with aluminum construction. Targeted at the Global market.""]",1,526,candidate
DEC029_NO_FEEDBACK,train_kb,conservative_noisy_or_conflict_adjusted,2,TechNova Smartphone Air 44,belongs_to_category,smartphone,technova smartphone air 44|belongs_to_category|smartphone,1,[0.98],True,0,0.735,0.735,0.88,False,0.735,False,False,"[""product_44""]","[""structured""]","[""structured_row:TechNova Smartphone Air 44""]",0,526,candidate
DEC029_NO_FEEDBACK,train_kb,conservative_noisy_or_conflict_adjusted,2,TechNova Smartphone Air 44,has_price_usd,249,technova smartphone air 44|has_price_usd|249,3,"[0.98, 0.92, 1.0]",True,0,0.9794625,0.9794625,0.88,True,0.91785,False,False,"[""product_44"", ""product_44"", ""product_44""]","[""structured"", ""unstructured"", ""unstructured""]","[""structured_row:TechNova Smartphone Air 44"", ""TechNova Smartphone Air 44 is manufactured by TechNova. Priced at 249 USD. Comes with 16GB of RAM. Offers 256GB of internal storage. Battery lasts up to 12 hours. Built with aluminum construction. Targeted at the Global market."", ""TechNova Smartphone Air 44 is manufactured by TechNova. Priced at 249 USD. Comes with 16GB of RAM. Offers 256GB of internal storage. Battery lasts up to 12 hours. Built with aluminum construction. Targeted at the Global market.""]",1,526,candidate
DEC029_NO_FEEDBACK,train_kb,conservative_noisy_or_conflict_adjusted,2,TechNova Smartphone Air 44,has_screen_size_inch,11.0,technova smartphone air 44|has_screen_size_inch|11.0,1,[0.98],True,0,0.735,0.735,0.88,False,0.735,False,False,"[""product_44""]","[""structured""]","[""structured_row:TechNova Smartphone Air 44""]",0,526,candidate
DEC029_NO_FEEDBACK,train_kb,conservative_noisy_or_conflict_adjusted,2,TechNova Smartphone Air 44,has_ram_gb,16,technova smartphone air 44|has_ram_gb|16,3,"[0.98, 0.9, 1.0]",True,0,0.97846875,0.97846875,0.88,True,0.913875,False,False,"[""product_44"", ""product_44"", ""product_44""]","[""structured"", ""unstructured"", ""unstructured""]","[""structured_row:TechNova Smartphone Air 44"", ""TechNova Smartphone Air 44 is manufactured by TechNova. Priced at 249 USD. Comes with 16GB of RAM. Offers 256GB of internal storage. Battery lasts up to 12 hours. Built with aluminum construction. Targeted at the Global market."", ""TechNova Smartphone Air 44 is manufactured by TechNova. Priced at 249 USD. Comes with 16GB of RAM. Offers 256GB of internal storage. Battery lasts up to 12 hours. Built with aluminum construction. Targeted at the Global market.""]",1,526,candidate
DEC029_NO_FEEDBACK,train_kb,conservative_noisy_or_conflict_adjusted,2,TechNova Smartphone Air 44,has_storage_gb,256,technova smartphone air 44|has_storage_gb|256,3,"[0.98, 0.93, 1.0]",True,0,0.979959375,0.979959375,0.88,True,0.9198375,False,False,"[""product_44"", ""product_44"", ""product_44""]","[""structured"", ""unstructured"", ""unstructured""]","[""structured_row:TechNova Smartphone Air 44"", ""TechNova Smartphone Air 44 is manufactured by TechNova. Priced at 249 USD. Comes with 16GB of RAM. Offers 256GB of internal storage. Battery lasts up to 12 hours. Built with aluminum construction. Targeted at the Global market."", ""TechNova Smartphone Air 44 is manufactured by TechNova. Priced at 249 USD. Comes with 16GB of RAM. Offers 256GB of internal storage. Battery lasts up to 12 hours. Built with aluminum construction. Targeted at the Global market.""]",1,526,candidate
DEC029_NO_FEEDBACK,train_kb,conservative_noisy_or_conflict_adjusted,2,TechNova Smartphone Air 44,has_battery_life_hours,12,technova smartphone air 44|has_battery_life_hours|12,3,"[0.98, 0.94, 1.0]",True,0,0.98045625,0.98045625,0.88,True,0.921825,False,False,"[""product_44"", ""product_44"", ""product_44""]","[""structured"", ""unstructured"", ""unstructured""]","[""structured_row:TechNova Smartphone Air 44"", ""TechNova Smartphone Air 44 is manufactured by TechNova. Priced at 249 USD. Comes with 16GB of RAM. Offers 256GB of internal storage. Battery lasts up to 12 hours. Built with aluminum construction. Targeted at the Global market."", ""TechNova Smartphone Air 44 is manufactured by TechNova. Priced at 249 USD. Comes with 16GB of RAM. Offers 256GB of internal storage. Battery lasts up to 12 hours. Built with aluminum construction. Targeted at the Global market.""]",1,526,candidate
DEC029_NO_FEEDBACK,train_kb,conservative_noisy_or_conflict_adjusted,2,TechNova Smartphone Air 44,has_weight_kg,0.42,technova smartphone air 44|has_weight_kg|0.42,1,[0.98],True,0,0.735,0.735,0.88,False,0.735,False,False,"[""product_44""]","[""structured""]","[""structured_row:TechNova Smartphone Air 44""]",0,526,candidate
DEC029_NO_FEEDBACK,train_kb,conservative_noisy_or_conflict_adjusted,2,TechNova Smartphone Air 44,has_color,white,technova smartphone air 44|has_color|white,1,[0.98],False,0,0.735,0.735,0.88,False,0.735,False,False,"[""product_44""]","[""structured""]","[""structured_row:TechNova Smartphone Air 44""]",0,526,candidate
DEC029_NO_FEEDBACK,train_kb,conservative_noisy_or_conflict_adjusted,2,TechNova Smartphone Air 44,made_of_material,aluminum,technova smartphone air 44|made_of_material|aluminum,3,"[0.98, 0.96, 1.0]",True,0,0.98145,0.98145,0.88,True,0.9258,False,False,"[""product_44"", ""product_44"", ""product_44""]","[""structured"", ""unstructured"", ""unstructured""]","[""structured_row:TechNova Smartphone Air 44"", ""TechNova Smartphone Air 44 is manufactured by TechNova. Priced at 249 USD. Comes with 16GB of RAM. Offers 256GB of internal storage. Battery lasts up to 12 hours. Built with aluminum construction. Targeted at the Global market."", ""TechNova Smartphone Air 44 is manufactured by TechNova. Priced at 249 USD. Comes with 16GB of RAM. Offers 256GB of internal storage. Battery lasts up to 12 hours. Built with aluminum construction. Targeted at the Global market.""]",1,526,candidate
DEC029_NO_FEEDBACK,train_kb,conservative_noisy_or_conflict_adjusted,2,TechNova Smartphone Air 44,target_market_region,Global,technova smartphone air 44|target_market_region|global,3,"[0.98, 0.91, 1.0]",True,0,0.978965625,0.978965625,0.88,True,0.9158625,False,False,"[""product_44"", ""product_44"", ""product_44""]","[""structured"", ""unstructured"", ""unstructured""]","[""structured_row:TechNova Smartphone Air 44"", ""TechNova Smartphone Air 44 is manufactured by TechNova. Priced at 249 USD. Comes with 16GB of RAM. Offers 256GB of internal storage. Battery lasts up to 12 hours. Built with aluminum construction. Targeted at the Global market."", ""TechNova Smartphone Air 44 is manufactured by TechNova. Priced at 249 USD. Comes with 16GB of RAM. Offers 256GB of internal storage. Battery lasts up to 12 hours. Built with aluminum construction. Targeted at the Global market.""]",1,526,candidate
DEC029_NO_FEEDBACK,train_kb,conservative_noisy_or_conflict_adjusted,2,TechNova Smartphone Air 44,supports_fast_charging,yes,technova smartphone air 44|supports_fast_charging|yes,1,[0.98],True,0,0.735,0.735,0.88,False,0.735,False,False,"[""product_44""]","[""structured""]","[""structured_row:TechNova Smartphone Air 44""]",0,526,candidate
DEC029_NO_FEEDBACK,train_kb,conservative_noisy_or_conflict_adjusted,2,TechNova Smartphone Air 44,has_noise_cancellation,no,technova smartphone air 44|has_noise_cancellation|no,1,[0.98],True,0,0.735,0.735,0.88,False,0.735,False,False,"[""product_44""]","[""structured""]","[""structured_row:TechNova Smartphone Air 44""]",0,526,candidate
DEC029_NO_FEEDBACK,train_kb,conservative_noisy_or_conflict_adjusted,2,Auralex Smartphone Plus 45,manufactured_by,Auralex,auralex smartphone plus 45|manufactured_by|auralex,2,"[0.98, 0.95]",True,0,0.9238124999999999,0.9238124999999999,0.88,True,0.9238124999999999,False,False,"[""product_45"", ""product_45""]","[""structured"", ""unstructured""]","[""structured_row:Auralex Smartphone Plus 45"", ""Auralex Smartphone Plus 45 is manufactured by Auralex. It is a smartphone device. The display measures 6.1 inches. Offers 128GB of internal storage. Available in black. Built with plastic construction. Noise cancellation: no.""]",1,526,candidate
DEC029_NO_FEEDBACK,train_kb,conservative_noisy_or_conflict_adjusted,2,Auralex Smartphone Plus 45,belongs_to_category,smartphone,auralex smartphone plus 45|belongs_to_category|smartphone,1,[0.98],True,1,0.735,0.3675,0.88,False,0.3675,False,False,"[""product_45""]","[""structured""]","[""structured_row:Auralex Smartphone Plus 45""]",1,526,candidate
DEC029_NO_FEEDBACK,train_kb,conservative_noisy_or_conflict_adjusted,2,Auralex Smartphone Plus 45,has_price_usd,499,auralex smartphone plus 45|has_price_usd|499,1,[0.98],True,0,0.735,0.735,0.88,False,0.735,False,False,"[""product_45""]","[""structured""]","[""structured_row:Auralex Smartphone Plus 45""]",0,526,candidate
DEC029_NO_FEEDBACK,train_kb,conservative_noisy_or_conflict_adjusted,2,Auralex Smartphone Plus 45,has_screen_size_inch,6.1,auralex smartphone plus 45|has_screen_size_inch|6.1,2,"[0.98, 0.93]",True,0,0.9198375,0.9198375,0.88,True,0.9198375,False,False,"[""product_45"", ""product_45""]","[""structured"", ""unstructured""]","[""structured_row:Auralex Smartphone Plus 45"", ""Auralex Smartphone Plus 45 is manufactured by Auralex. It is a smartphone device. The display measures 6.1 inches. Offers 128GB of internal storage. Available in black. Built with plastic construction. Noise cancellation: no.""]",1,526,candidate
DEC029_NO_FEEDBACK,train_kb,conservative_noisy_or_conflict_adjusted,2,Auralex Smartphone Plus 45,has_ram_gb,4,auralex smartphone plus 45|has_ram_gb|4,1,[0.98],True,0,0.735,0.735,0.88,False,0.735,False,False,"[""product_45""]","[""structured""]","[""structured_row:Auralex Smartphone Plus 45""]",0,526,candidate
DEC029_NO_FEEDBACK,train_kb,conservative_noisy_or_conflict_adjusted,2,Auralex Smartphone Plus 45,has_storage_gb,128,auralex smartphone plus 45|has_storage_gb|128,2,"[0.98, 0.94]",True,0,0.921825,0.921825,0.88,True,0.921825,False,False,"[""product_45"", ""product_45""]","[""structured"", ""unstructured""]","[""structured_row:Auralex Smartphone Plus 45"", ""Auralex Smartphone Plus 45 is manufactured by Auralex. It is a smartphone device. The display measures 6.1 inches. Offers 128GB of internal storage. Available in black. Built with plastic construction. Noise cancellation: no.""]",1,526,candidate
DEC029_NO_FEEDBACK,train_kb,conservative_noisy_or_conflict_adjusted,2,Auralex Smartphone Plus 45,has_battery_life_hours,20,auralex smartphone plus 45|has_battery_life_hours|20,1,[0.98],True,0,0.735,0.735,0.88,False,0.735,False,False,"[""product_45""]","[""structured""]","[""structured_row:Auralex Smartphone Plus 45""]",0,526,candidate
DEC029_NO_FEEDBACK,train_kb,conservative_noisy_or_conflict_adjusted,2,Auralex Smartphone Plus 45,has_weight_kg,0.18,auralex smartphone plus 45|has_weight_kg|0.18,1,[0.98],True,0,0.735,0.735,0.88,False,0.735,False,False,"[""product_45""]","[""structured""]","[""structured_row:Auralex Smartphone Plus 45""]",0,526,candidate
DEC029_NO_FEEDBACK,train_kb,conservative_noisy_or_conflict_adjusted,2,Auralex Smartphone Plus 45,has_color,black,auralex smartphone plus 45|has_color|black,2,"[0.98, 0.9]",False,0,0.913875,0.913875,0.88,True,0.913875,False,False,"[""product_45"", ""product_45""]","[""structured"", ""unstructured""]","[""structured_row:Auralex Smartphone Plus 45"", ""Auralex Smartphone Plus 45 is manufactured by Auralex. It is a smartphone device. The display measures 6.1 inches. Offers 128GB of internal storage. Available in black. Built with plastic construction. Noise cancellation: no.""]",1,526,candidate
DEC029_NO_FEEDBACK,train_kb,conservative_noisy_or_conflict_adjusted,2,Auralex Smartphone Plus 45,made_of_material,plastic,auralex smartphone plus 45|made_of_material|plastic,2,"[0.98, 0.91]",True,0,0.9158625,0.9158625,0.88,True,0.9158625,False,False,"[""product_45"", ""product_45""]","[""structured"", ""unstructured""]","[""structured_row:Auralex Smartphone Plus 45"", ""Auralex Smartphone Plus 45 is manufactured by Auralex. It is a smartphone device. The display measures 6.1 inches. Offers 128GB of internal storage. Available in black. Built with plastic construction. Noise cancellation: no.""]",1,526,candidate
DEC029_NO_FEEDBACK,train_kb,conservative_noisy_or_conflict_adjusted,2,Auralex Smartphone Plus 45,target_market_region,Global,auralex smartphone plus 45|target_market_region|global,1,[0.98],True,0,0.735,0.735,0.88,False,0.735,False,False,"[""product_45""]","[""structured""]","[""structured_row:Auralex Smartphone Plus 45""]",0,526,candidate
DEC029_NO_FEEDBACK,train_kb,conservative_noisy_or_conflict_adjusted,2,Auralex Smartphone Plus 45,supports_fast_charging,yes,auralex smartphone plus 45|supports_fast_charging|yes,1,[0.98],True,1,0.735,0.3675,0.88,False,0.3675,False,False,"[""product_45""]","[""structured""]","[""structured_row:Auralex Smartphone Plus 45""]",0,526,candidate
DEC029_NO_FEEDBACK,train_kb,conservative_noisy_or_conflict_adjusted,2,Auralex Smartphone Plus 45,has_noise_cancellation,no,auralex smartphone plus 45|has_noise_cancellation|no,2,"[0.98, 0.89]",True,0,0.9118875,0.9118875,0.88,True,0.9118875,False,False,"[""product_45"", ""product_45""]","[""structured"", ""unstructured""]","[""structured_row:Auralex Smartphone Plus 45"", ""Auralex Smartphone Plus 45 is manufactured by Auralex. It is a smartphone device. The display measures 6.1 inches. Offers 128GB of internal storage. Available in black. Built with plastic construction. Noise cancellation: no.""]",1,526,candidate
DEC029_NO_FEEDBACK,train_kb,conservative_noisy_or_conflict_adjusted,2,Auralex Smartphone Plus 45,belongs_to_category,smartphone device,auralex smartphone plus 45|belongs_to_category|smartphone device,1,[0.92],True,1,0.6900000000000001,0.34500000000000003,0.88,False,0.34500000000000003,False,False,"[""product_45""]","[""unstructured""]","[""Auralex Smartphone Plus 45 is manufactured by Auralex. It is a smartphone device. The display measures 6.1 inches. Offers 128GB of internal storage. Available in black. Built with plastic construction. Noise cancellation: no.""]",0,526,candidate
DEC029_NO_FEEDBACK,train_kb,conservative_noisy_or_conflict_adjusted,2,Auralex Smartphone Plus 45,supports_fast_charging,no,auralex smartphone plus 45|supports_fast_charging|no,1,[0.88],True,1,0.66,0.33,0.88,False,0.33,False,False,"[""product_45""]","[""unstructured""]","[""Auralex Smartphone Plus 45 is manufactured by Auralex. It is a smartphone device. The display measures 6.1 inches. Offers 128GB of internal storage. Available in black. Built with plastic construction. Noise cancellation: no.""]",0,526,candidate
DEC029_NO_FEEDBACK,train_kb,conservative_noisy_or_conflict_adjusted,2,NeoTech Smartphone Plus 47,manufactured_by,NeoTech,neotech smartphone plus 47|manufactured_by|neotech,1,[0.98],True,0,0.735,0.735,0.88,False,0.735,False,False,"[""product_47""]","[""structured""]","[""structured_row:NeoTech Smartphone Plus 47""]",0,526,candidate
DEC029_NO_FEEDBACK,train_kb,conservative_noisy_or_conflict_adjusted,2,NeoTech Smartphone Plus 47,belongs_to_category,smartphone,neotech smartphone plus 47|belongs_to_category|smartphone,1,[0.98],True,0,0.735,0.735,0.88,False,0.735,False,False,"[""product_47""]","[""structured""]","[""structured_row:NeoTech Smartphone Plus 47""]",1,526,candidate
DEC029_NO_FEEDBACK,train_kb,conservative_noisy_or_conflict_adjusted,2,NeoTech Smartphone Plus 47,has_price_usd,249,neotech smartphone plus 47|has_price_usd|249,1,[0.98],True,0,0.735,0.735,0.88,False,0.735,False,False,"[""product_47""]","[""structured""]","[""structured_row:NeoTech Smartphone Plus 47""]",1,526,candidate
DEC029_NO_FEEDBACK,train_kb,conservative_noisy_or_conflict_adjusted,2,NeoTech Smartphone Plus 47,has_screen_size_inch,13.3,neotech smartphone plus 47|has_screen_size_inch|13.3,1,[0.98],True,0,0.735,0.735,0.88,False,0.735,False,False,"[""product_47""]","[""structured""]","[""structured_row:NeoTech Smartphone Plus 47""]",1,526,candidate
DEC029_NO_FEEDBACK,train_kb,conservative_noisy_or_conflict_adjusted,2,NeoTech Smartphone Plus 47,has_ram_gb,4,neotech smartphone plus 47|has_ram_gb|4,1,[0.98],True,0,0.735,0.735,0.88,False,0.735,False,False,"[""product_47""]","[""structured""]","[""structured_row:NeoTech Smartphone Plus 47""]",0,526,candidate
DEC029_NO_FEEDBACK,train_kb,conservative_noisy_or_conflict_adjusted,2,NeoTech Smartphone Plus 47,has_storage_gb,512,neotech smartphone plus 47|has_storage_gb|512,1,[0.98],True,0,0.735,0.735,0.88,False,0.735,False,False,"[""product_47""]","[""structured""]","[""structured_row:NeoTech Smartphone Plus 47""]",1,526,candidate
DEC029_NO_FEEDBACK,train_kb,conservative_noisy_or_conflict_adjusted,2,NeoTech Smartphone Plus 47,has_battery_life_hours,18,neotech smartphone plus 47|has_battery_life_hours|18,1,[0.98],True,0,0.735,0.735,0.88,False,0.735,False,False,"[""product_47""]","[""structured""]","[""structured_row:NeoTech Smartphone Plus 47""]",0,526,candidate
DEC029_NO_FEEDBACK,train_kb,conservative_noisy_or_conflict_adjusted,2,NeoTech Smartphone Plus 47,has_weight_kg,1.45,neotech smartphone plus 47|has_weight_kg|1.45,1,[0.98],True,0,0.735,0.735,0.88,False,0.735,False,False,"[""product_47""]","[""structured""]","[""structured_row:NeoTech Smartphone Plus 47""]",1,526,candidate
DEC029_NO_FEEDBACK,train_kb,conservative_noisy_or_conflict_adjusted,2,NeoTech Smartphone Plus 47,has_color,green,neotech smartphone plus 47|has_color|green,1,[0.98],False,0,0.735,0.735,0.88,False,0.735,False,False,"[""product_47""]","[""structured""]","[""structured_row:NeoTech Smartphone Plus 47""]",1,526,candidate
DEC029_NO_FEEDBACK,train_kb,conservative_noisy_or_conflict_adjusted,2,NeoTech Smartphone Plus 47,made_of_material,carbon fiber,neotech smartphone plus 47|made_of_material|carbon fiber,1,[0.98],True,0,0.735,0.735,0.88,False,0.735,False,False,"[""product_47""]","[""structured""]","[""structured_row:NeoTech Smartphone Plus 47""]",0,526,candidate
DEC029_NO_FEEDBACK,train_kb,conservative_noisy_or_conflict_adjusted,2,NeoTech Smartphone Plus 47,target_market_region,EU,neotech smartphone plus 47|target_market_region|eu,1,[0.98],True,0,0.735,0.735,0.88,False,0.735,False,False,"[""product_47""]","[""structured""]","[""structured_row:NeoTech Smartphone Plus 47""]",0,526,candidate
DEC029_NO_FEEDBACK,train_kb,conservative_noisy_or_conflict_adjusted,2,NeoTech Smartphone Plus 47,supports_fast_charging,no,neotech smartphone plus 47|supports_fast_charging|no,1,[0.98],True,0,0.735,0.735,0.88,False,0.735,False,False,"[""product_47""]","[""structured""]","[""structured_row:NeoTech Smartphone Plus 47""]",1,526,candidate
DEC029_NO_FEEDBACK,train_kb,conservative_noisy_or_conflict_adjusted,2,NeoTech Smartphone Plus 47,has_noise_cancellation,no,neotech smartphone plus 47|has_noise_cancellation|no,1,[0.98],True,0,0.735,0.735,0.88,False,0.735,False,False,"[""product_47""]","[""structured""]","[""structured_row:NeoTech Smartphone Plus 47""]",0,526,candidate
DEC029_NO_FEEDBACK,train_kb,conservative_noisy_or_conflict_adjusted,2,TechNova Smartphone Pro 1,has_price_usd,249,technova smartphone pro 1|has_price_usd|249,5,"[0.92, 0.85, 0.91, 0.9, 0.9]",True,4,0.9962313990234375,0.1992462798046875,0.88,False,0.177525,False,False,"[""product_47"", ""product_49"", ""product_20"", ""product_47"", ""product_49""]","[""unstructured"", ""unstructured"", ""unstructured"", ""unstructured"", ""unstructured""]","[""It is a smartphone device. Priced at 249 USD. The display measures 13.3 inches. Offers 512GB of internal storage. Weighs approximately 1.45kg. Available in green. Fast charging is no."", ""Priced at 249 USD. The display measures 6.1 inches. Offers 128GB of internal storage. Available in silver. Targeted at the APAC market. Fast charging is no. Noise cancellation: no."", ""It is a smartphone device. Priced at 249 USD. Battery lasts up to 18 hours. Weighs approximately 0.42kg. Targeted at the EU market. Fast charging is no. Noise cancellation: no."", ""It is a smartphone device. Priced at 249 USD. The display measures 13.3 inches. Offers 512GB of internal storage. Weighs approximately 1.45kg. Available in green. Fast charging is no."", ""Priced at 249 USD. The display measures 6.1 inches. Offers 128GB of internal storage. Available in silver. Targeted at the APAC market. Fast charging is no. Noise cancellation: no.""]",0,526,candidate
DEC029_NO_FEEDBACK,train_kb,conservative_noisy_or_conflict_adjusted,2,TechNova Smartphone Pro 1,has_color,green,technova smartphone pro 1|has_color|green,2,"[0.9, 0.9]",False,3,0.894375,0.894375,0.88,True,0.675,True,False,"[""product_47"", ""product_47""]","[""unstructured"", ""unstructured""]","[""It is a smartphone device. Priced at 249 USD. The display measures 13.3 inches. Offers 512GB of internal storage. Weighs approximately 1.45kg. Available in green. Fast charging is no."", ""It is a smartphone device. Priced at 249 USD. The display measures 13.3 inches. Offers 512GB of internal storage. Weighs approximately 1.45kg. Available in green. Fast charging is no.""]",0,526,candidate
DEC029_NO_FEEDBACK,train_kb,conservative_noisy_or_conflict_adjusted,2,NeoTech Laptop Lite 48,manufactured_by,NeoTech,neotech laptop lite 48|manufactured_by|neotech,2,"[0.98, 0.92]",True,0,0.91785,0.91785,0.88,True,0.735,True,False,"[""product_48"", ""product_48""]","[""structured"", ""unstructured""]","[""structured_row:NeoTech Laptop Lite 48"", ""NeoTech Laptop Lite 48 is manufactured by NeoTech. Priced at 1099 USD. Comes with 8GB of RAM. Battery lasts up to 14 hours. Available in black. Built with plastic construction. Fast charging is no.""]",1,526,candidate
DEC029_NO_FEEDBACK,train_kb,conservative_noisy_or_conflict_adjusted,2,NeoTech Laptop Lite 48,belongs_to_category,laptop,neotech laptop lite 48|belongs_to_category|laptop,1,[0.98],True,0,0.735,0.735,0.88,False,0.735,False,False,"[""product_48""]","[""structured""]","[""structured_row:NeoTech Laptop Lite 48""]",0,526,candidate
DEC029_NO_FEEDBACK,train_kb,conservative_noisy_or_conflict_adjusted,2,NeoTech Laptop Lite 48,has_price_usd,1099,neotech laptop lite 48|has_price_usd|1099,2,"[0.98, 0.92]",True,0,0.91785,0.91785,0.88,True,0.735,True,False,"[""product_48"", ""product_48""]","[""structured"", ""unstructured""]","[""structured_row:NeoTech Laptop Lite 48"", ""NeoTech Laptop Lite 48 is manufactured by NeoTech. Priced at 1099 USD. Comes with 8GB of RAM. Battery lasts up to 14 hours. Available in black. Built with plastic construction. Fast charging is no.""]",1,526,candidate
DEC029_NO_FEEDBACK,train_kb,conservative_noisy_or_conflict_adjusted,2,NeoTech Laptop Lite 48,has_screen_size_inch,14.0,neotech laptop lite 48|has_screen_size_inch|14.0,1,[0.98],True,0,0.735,0.735,0.88,False,0.735,False,False,"[""product_48""]","[""structured""]","[""structured_row:NeoTech Laptop Lite 48""]",0,526,candidate
DEC029_NO_FEEDBACK,train_kb,conservative_noisy_or_conflict_adjusted,2,NeoTech Laptop Lite 48,has_ram_gb,8,neotech laptop lite 48|has_ram_gb|8,2,"[0.98, 0.92]",True,0,0.91785,0.91785,0.88,True,0.735,True,False,"[""product_48"", ""product_48""]","[""structured"", ""unstructured""]","[""structured_row:NeoTech Laptop Lite 48"", ""NeoTech Laptop Lite 48 is manufactured by NeoTech. Priced at 1099 USD. Comes with 8GB of RAM. Battery lasts up to 14 hours. Available in black. Built with plastic construction. Fast charging is no.""]",1,526,candidate
DEC029_NO_FEEDBACK,train_kb,conservative_noisy_or_conflict_adjusted,2,NeoTech Laptop Lite 48,has_storage_gb,1024,neotech laptop lite 48|has_storage_gb|1024,1,[0.98],True,0,0.735,0.735,0.88,False,0.735,False,False,"[""product_48""]","[""structured""]","[""structured_row:NeoTech Laptop Lite 48""]",0,526,candidate
DEC029_NO_FEEDBACK,train_kb,conservative_noisy_or_conflict_adjusted,2,NeoTech Laptop Lite 48,has_battery_life_hours,14,neotech laptop lite 48|has_battery_life_hours|14,2,"[0.98, 0.92]",True,0,0.91785,0.91785,0.88,True,0.735,True,False,"[""product_48"", ""product_48""]","[""structured"", ""unstructured""]","[""structured_row:NeoTech Laptop Lite 48"", ""NeoTech Laptop Lite 48 is manufactured by NeoTech. Priced at 1099 USD. Comes with 8GB of RAM. Battery lasts up to 14 hours. Available in black. Built with plastic construction. Fast charging is no.""]",1,526,candidate
DEC029_NO_FEEDBACK,train_kb,conservative_noisy_or_conflict_adjusted,2,NeoTech Laptop Lite 48,has_weight_kg,0.42,neotech laptop lite 48|has_weight_kg|0.42,1,[0.98],True,0,0.735,0.735,0.88,False,0.735,False,False,"[""product_48""]","[""structured""]","[""structured_row:NeoTech Laptop Lite 48""]",0,526,candidate
DEC029_NO_FEEDBACK,train_kb,conservative_noisy_or_conflict_adjusted,2,NeoTech Laptop Lite 48,has_color,black,neotech laptop lite 48|has_color|black,2,"[0.98, 0.92]",False,0,0.91785,0.91785,0.88,True,0.735,True,False,"[""product_48"", ""product_48""]","[""structured"", ""unstructured""]","[""structured_row:NeoTech Laptop Lite 48"", ""NeoTech Laptop Lite 48 is manufactured by NeoTech. Priced at 1099 USD. Comes with 8GB of RAM. Battery lasts up to 14 hours. Available in black. Built with plastic construction. Fast charging is no.""]",1,526,candidate
DEC029_NO_FEEDBACK,train_kb,conservative_noisy_or_conflict_adjusted,2,NeoTech Laptop Lite 48,made_of_material,plastic,neotech laptop lite 48|made_of_material|plastic,2,"[0.98, 0.92]",True,0,0.91785,0.91785,0.88,True,0.735,True,False,"[""product_48"", ""product_48""]","[""structured"", ""unstructured""]","[""structured_row:NeoTech Laptop Lite 48"", ""NeoTech Laptop Lite 48 is manufactured by NeoTech. Priced at 1099 USD. Comes with 8GB of RAM. Battery lasts up to 14 hours. Available in black. Built with plastic construction. Fast charging is no.""]",1,526,candidate
DEC029_NO_FEEDBACK,train_kb,conservative_noisy_or_conflict_adjusted,2,NeoTech Laptop Lite 48,target_market_region,APAC,neotech laptop lite 48|target_market_region|apac,1,[0.98],True,0,0.735,0.735,0.88,False,0.735,False,False,"[""product_48""]","[""structured""]","[""structured_row:NeoTech Laptop Lite 48""]",0,526,candidate
DEC029_NO_FEEDBACK,train_kb,conservative_noisy_or_conflict_adjusted,2,NeoTech Laptop Lite 48,supports_fast_charging,no,neotech laptop lite 48|supports_fast_charging|no,2,"[0.98, 0.92]",True,0,0.91785,0.91785,0.88,True,0.735,True,False,"[""product_48"", ""product_48""]","[""structured"", ""unstructured""]","[""structured_row:NeoTech Laptop Lite 48"", ""NeoTech Laptop Lite 48 is manufactured by NeoTech. Priced at 1099 USD. Comes with 8GB of RAM. Battery lasts up to 14 hours. Available in black. Built with plastic construction. Fast charging is no.""]",1,526,candidate
DEC029_NO_FEEDBACK,train_kb,conservative_noisy_or_conflict_adjusted,2,NeoTech Laptop Lite 48,has_noise_cancellation,no,neotech laptop lite 48|has_noise_cancellation|no,1,[0.98],True,0,0.735,0.735,0.88,False,0.735,False,False,"[""product_48""]","[""structured""]","[""structured_row:NeoTech Laptop Lite 48""]",0,526,candidate
DEC029_NO_FEEDBACK,train_kb,conservative_noisy_or_conflict_adjusted,2,VoltEdge Smartwatch Pro 49,manufactured_by,VoltEdge,voltedge smartwatch pro 49|manufactured_by|voltedge,1,[0.98],True,0,0.735,0.735,0.88,False,0.735,False,False,"[""product_49""]","[""structured""]","[""structured_row:VoltEdge Smartwatch Pro 49""]",0,526,candidate
DEC029_NO_FEEDBACK,train_kb,conservative_noisy_or_conflict_adjusted,2,VoltEdge Smartwatch Pro 49,belongs_to_category,smartwatch,voltedge smartwatch pro 49|belongs_to_category|smartwatch,1,[0.98],True,0,0.735,0.735,0.88,False,0.735,False,False,"[""product_49""]","[""structured""]","[""structured_row:VoltEdge Smartwatch Pro 49""]",0,526,candidate
DEC029_NO_FEEDBACK,train_kb,conservative_noisy_or_conflict_adjusted,2,VoltEdge Smartwatch Pro 49,has_price_usd,249,voltedge smartwatch pro 49|has_price_usd|249,1,[0.98],True,0,0.735,0.735,0.88,False,0.735,False,False,"[""product_49""]","[""structured""]","[""structured_row:VoltEdge Smartwatch Pro 49""]",1,526,candidate
DEC029_NO_FEEDBACK,train_kb,conservative_noisy_or_conflict_adjusted,2,VoltEdge Smartwatch Pro 49,has_screen_size_inch,6.1,voltedge smartwatch pro 49|has_screen_size_inch|6.1,1,[0.98],True,0,0.735,0.735,0.88,False,0.735,False,False,"[""product_49""]","[""structured""]","[""structured_row:VoltEdge Smartwatch Pro 49""]",1,526,candidate
DEC029_NO_FEEDBACK,train_kb,conservative_noisy_or_conflict_adjusted,2,VoltEdge Smartwatch Pro 49,has_ram_gb,16,voltedge smartwatch pro 49|has_ram_gb|16,1,[0.98],True,0,0.735,0.735,0.88,False,0.735,False,False,"[""product_49""]","[""structured""]","[""structured_row:VoltEdge Smartwatch Pro 49""]",0,526,candidate
DEC029_NO_FEEDBACK,train_kb,conservative_noisy_or_conflict_adjusted,2,VoltEdge Smartwatch Pro 49,has_storage_gb,128,voltedge smartwatch pro 49|has_storage_gb|128,1,[0.98],True,0,0.735,0.735,0.88,False,0.735,False,False,"[""product_49""]","[""structured""]","[""structured_row:VoltEdge Smartwatch Pro 49""]",1,526,candidate
DEC029_NO_FEEDBACK,train_kb,conservative_noisy_or_conflict_adjusted,2,VoltEdge Smartwatch Pro 49,has_battery_life_hours,20,voltedge smartwatch pro 49|has_battery_life_hours|20,1,[0.98],True,0,0.735,0.735,0.88,False,0.735,False,False,"[""product_49""]","[""structured""]","[""structured_row:VoltEdge Smartwatch Pro 49""]",0,526,candidate
DEC029_NO_FEEDBACK,train_kb,conservative_noisy_or_conflict_adjusted,2,VoltEdge Smartwatch Pro 49,has_weight_kg,1.2,voltedge smartwatch pro 49|has_weight_kg|1.2,1,[0.98],True,0,0.735,0.735,0.88,False,0.735,False,False,"[""product_49""]","[""structured""]","[""structured_row:VoltEdge Smartwatch Pro 49""]",0,526,candidate
DEC029_NO_FEEDBACK,train_kb,conservative_noisy_or_conflict_adjusted,2,VoltEdge Smartwatch Pro 49,has_color,silver,voltedge smartwatch pro 49|has_color|silver,1,[0.98],False,0,0.735,0.735,0.88,False,0.735,False,False,"[""product_49""]","[""structured""]","[""structured_row:VoltEdge Smartwatch Pro 49""]",1,526,candidate
DEC029_NO_FEEDBACK,train_kb,conservative_noisy_or_conflict_adjusted,2,VoltEdge Smartwatch Pro 49,made_of_material,plastic,voltedge smartwatch pro 49|made_of_material|plastic,1,[0.98],True,0,0.735,0.735,0.88,False,0.735,False,False,"[""product_49""]","[""structured""]","[""structured_row:VoltEdge Smartwatch Pro 49""]",0,526,candidate
DEC029_NO_FEEDBACK,train_kb,conservative_noisy_or_conflict_adjusted,2,VoltEdge Smartwatch Pro 49,target_market_region,APAC,voltedge smartwatch pro 49|target_market_region|apac,1,[0.98],True,0,0.735,0.735,0.88,False,0.735,False,False,"[""product_49""]","[""structured""]","[""structured_row:VoltEdge Smartwatch Pro 49""]",1,526,candidate
DEC029_NO_FEEDBACK,train_kb,conservative_noisy_or_conflict_adjusted,2,VoltEdge Smartwatch Pro 49,supports_fast_charging,no,voltedge smartwatch pro 49|supports_fast_charging|no,1,[0.98],True,0,0.735,0.735,0.88,False,0.735,False,False,"[""product_49""]","[""structured""]","[""structured_row:VoltEdge Smartwatch Pro 49""]",1,526,candidate
DEC029_NO_FEEDBACK,train_kb,conservative_noisy_or_conflict_adjusted,2,VoltEdge Smartwatch Pro 49,has_noise_cancellation,no,voltedge smartwatch pro 49|has_noise_cancellation|no,1,[0.98],True,0,0.735,0.735,0.88,False,0.735,False,False,"[""product_49""]","[""structured""]","[""structured_row:VoltEdge Smartwatch Pro 49""]",1,526,candidate
DEC029_NO_FEEDBACK,train_kb,conservative_noisy_or_conflict_adjusted,2,TechNova Smartphone Pro 1,has_screen_size_inch,6.1,technova smartphone pro 1|has_screen_size_inch|6.1,2,"[0.88, 0.9]",True,4,0.8895000000000001,0.1779,0.88,False,0.132,False,False,"[""product_49"", ""product_49""]","[""unstructured"", ""unstructured""]","[""Priced at 249 USD. The display measures 6.1 inches. Offers 128GB of internal storage. Available in silver. Targeted at the APAC market. Fast charging is no. Noise cancellation: no."", ""Priced at 249 USD. The display measures 6.1 inches. Offers 128GB of internal storage. Available in silver. Targeted at the APAC market. Fast charging is no. Noise cancellation: no.""]",0,526,candidate
DEC029_NO_FEEDBACK,train_kb,conservative_noisy_or_conflict_adjusted,2,TechNova Smartphone Pro 1,target_market_region,APAC,technova smartphone pro 1|target_market_region|apac,4,"[0.86, 0.91, 0.91, 0.9]",True,3,0.98836947890625,0.2470923697265625,0.88,False,0.16125,False,False,"[""product_49"", ""product_9"", ""product_17"", ""product_49""]","[""unstructured"", ""unstructured"", ""unstructured"", ""unstructured""]","[""Priced at 249 USD. The display measures 6.1 inches. Offers 128GB of internal storage. Available in silver. Targeted at the APAC market. Fast charging is no. Noise cancellation: no."", ""Comes with 4GB of RAM. Battery lasts up to 8 hours. Weighs approximately 0.18kg. Available in blue. Targeted at the APAC market. Fast charging is yes. Noise cancellation: no."", ""The display measures 6.7 inches. Comes with 4GB of RAM. Offers 1024GB of internal storage. Weighs approximately 1.45kg. Available in silver. Built with aluminum construction. Targeted at the APAC market."", ""Priced at 249 USD. The display measures 6.1 inches. Offers 128GB of internal storage. Available in silver. Targeted at the APAC market. Fast charging is no. Noise cancellation: no.""]",0,526,candidate
DEC029_NO_FEEDBACK,train_kb,conservative_noisy_or_conflict_adjusted,2,PixelWare Tablet Air 50,manufactured_by,PixelWare,pixelware tablet air 50|manufactured_by|pixelware,2,"[0.98, 0.85]",True,0,0.9039375,0.9039375,0.88,True,0.9039375,False,False,"[""product_50"", ""product_50""]","[""structured"", ""unstructured""]","[""structured_row:PixelWare Tablet Air 50"", ""PixelWare Tablet Air 50 is manufactured by PixelWare. It is a tablet device. Priced at 899 USD. Comes with 12GB of RAM. Battery lasts up to 20 hours. Fast charging is no. Noise cancellation: no.""]",1,526,candidate
DEC029_NO_FEEDBACK,train_kb,conservative_noisy_or_conflict_adjusted,2,PixelWare Tablet Air 50,belongs_to_category,tablet,pixelware tablet air 50|belongs_to_category|tablet,1,[0.98],True,0,0.735,0.735,0.88,False,0.735,False,False,"[""product_50""]","[""structured""]","[""structured_row:PixelWare Tablet Air 50""]",1,526,candidate
DEC029_NO_FEEDBACK,train_kb,conservative_noisy_or_conflict_adjusted,2,PixelWare Tablet Air 50,has_price_usd,899,pixelware tablet air 50|has_price_usd|899,2,"[0.98, 0.92]",True,0,0.91785,0.91785,0.88,True,0.91785,False,False,"[""product_50"", ""product_50""]","[""structured"", ""unstructured""]","[""structured_row:PixelWare Tablet Air 50"", ""PixelWare Tablet Air 50 is manufactured by PixelWare. It is a tablet device. Priced at 899 USD. Comes with 12GB of RAM. Battery lasts up to 20 hours. Fast charging is no. Noise cancellation: no.""]",1,526,candidate
DEC029_NO_FEEDBACK,train_kb,conservative_noisy_or_conflict_adjusted,2,PixelWare Tablet Air 50,has_screen_size_inch,14.0,pixelware tablet air 50|has_screen_size_inch|14.0,1,[0.98],True,0,0.735,0.735,0.88,False,0.735,False,False,"[""product_50""]","[""structured""]","[""structured_row:PixelWare Tablet Air 50""]",0,526,candidate
DEC029_NO_FEEDBACK,train_kb,conservative_noisy_or_conflict_adjusted,2,PixelWare Tablet Air 50,has_ram_gb,12,pixelware tablet air 50|has_ram_gb|12,2,"[0.98, 0.88]",True,0,0.9099,0.9099,0.88,True,0.9099,False,False,"[""product_50"", ""product_50""]","[""structured"", ""unstructured""]","[""structured_row:PixelWare Tablet Air 50"", ""PixelWare Tablet Air 50 is manufactured by PixelWare. It is a tablet device. Priced at 899 USD. Comes with 12GB of RAM. Battery lasts up to 20 hours. Fast charging is no. Noise cancellation: no.""]",1,526,candidate
DEC029_NO_FEEDBACK,train_kb,conservative_noisy_or_conflict_adjusted,2,PixelWare Tablet Air 50,has_storage_gb,64,pixelware tablet air 50|has_storage_gb|64,1,[0.98],True,0,0.735,0.735,0.88,False,0.735,False,False,"[""product_50""]","[""structured""]","[""structured_row:PixelWare Tablet Air 50""]",0,526,candidate
DEC029_NO_FEEDBACK,train_kb,conservative_noisy_or_conflict_adjusted,2,PixelWare Tablet Air 50,has_battery_life_hours,20,pixelware tablet air 50|has_battery_life_hours|20,2,"[0.98, 0.9]",True,0,0.913875,0.913875,0.88,True,0.913875,False,False,"[""product_50"", ""product_50""]","[""structured"", ""unstructured""]","[""structured_row:PixelWare Tablet Air 50"", ""PixelWare Tablet Air 50 is manufactured by PixelWare. It is a tablet device. Priced at 899 USD. Comes with 12GB of RAM. Battery lasts up to 20 hours. Fast charging is no. Noise cancellation: no.""]",1,526,candidate
DEC029_NO_FEEDBACK,train_kb,conservative_noisy_or_conflict_adjusted,2,PixelWare Tablet Air 50,has_weight_kg,0.42,pixelware tablet air 50|has_weight_kg|0.42,1,[0.98],True,0,0.735,0.735,0.88,False,0.735,False,False,"[""product_50""]","[""structured""]","[""structured_row:PixelWare Tablet Air 50""]",0,526,candidate
DEC029_NO_FEEDBACK,train_kb,conservative_noisy_or_conflict_adjusted,2,PixelWare Tablet Air 50,has_color,silver,pixelware tablet air 50|has_color|silver,1,[0.98],False,0,0.735,0.735,0.88,False,0.735,False,False,"[""product_50""]","[""structured""]","[""structured_row:PixelWare Tablet Air 50""]",0,526,candidate
DEC029_NO_FEEDBACK,train_kb,conservative_noisy_or_conflict_adjusted,2,PixelWare Tablet Air 50,made_of_material,carbon fiber,pixelware tablet air 50|made_of_material|carbon fiber,1,[0.98],True,0,0.735,0.735,0.88,False,0.735,False,False,"[""product_50""]","[""structured""]","[""structured_row:PixelWare Tablet Air 50""]",0,526,candidate
DEC029_NO_FEEDBACK,train_kb,conservative_noisy_or_conflict_adjusted,2,PixelWare Tablet Air 50,target_market_region,Global,pixelware tablet air 50|target_market_region|global,1,[0.98],True,0,0.735,0.735,0.88,False,0.735,False,False,"[""product_50""]","[""structured""]","[""structured_row:PixelWare Tablet Air 50""]",0,526,candidate
DEC029_NO_FEEDBACK,train_kb,conservative_noisy_or_conflict_adjusted,2,PixelWare Tablet Air 50,supports_fast_charging,no,pixelware tablet air 50|supports_fast_charging|no,2,"[0.98, 0.86]",True,0,0.905925,0.905925,0.88,True,0.905925,False,False,"[""product_50"", ""product_50""]","[""structured"", ""unstructured""]","[""structured_row:PixelWare Tablet Air 50"", ""PixelWare Tablet Air 50 is manufactured by PixelWare. It is a tablet device. Priced at 899 USD. Comes with 12GB of RAM. Battery lasts up to 20 hours. Fast charging is no. Noise cancellation: no.""]",1,526,candidate
DEC029_NO_FEEDBACK,train_kb,conservative_noisy_or_conflict_adjusted,2,PixelWare Tablet Air 50,has_noise_cancellation,no,pixelware tablet air 50|has_noise_cancellation|no,2,"[0.98, 0.89]",True,0,0.9118875,0.9118875,0.88,True,0.9118875,False,False,"[""product_50"", ""product_50""]","[""structured"", ""unstructured""]","[""structured_row:PixelWare Tablet Air 50"", ""PixelWare Tablet Air 50 is manufactured by PixelWare. It is a tablet device. Priced at 899 USD. Comes with 12GB of RAM. Battery lasts up to 20 hours. Fast charging is no. Noise cancellation: no.""]",1,526,candidate
DEC029_NO_FEEDBACK,train_kb,conservative_noisy_or_conflict_adjusted,2,TechNova Smartphone Pro 1,has_battery_life_hours,8,technova smartphone pro 1|has_battery_life_hours|8,1,[0.91],True,5,0.6825,0.11375,0.88,False,,False,False,"[""product_9""]","[""unstructured""]","[""Comes with 4GB of RAM. Battery lasts up to 8 hours. Weighs approximately 0.18kg. Available in blue. Targeted at the APAC market. Fast charging is yes. Noise cancellation: no.""]",0,526,candidate
DEC029_NO_FEEDBACK,train_kb,conservative_noisy_or_conflict_adjusted,2,TechNova Smartphone Pro 1,has_weight_kg,0.18,technova smartphone pro 1|has_weight_kg|0.18,1,[0.91],True,6,0.6825,0.0975,0.88,False,,False,False,"[""product_9""]","[""unstructured""]","[""Comes with 4GB of RAM. Battery lasts up to 8 hours. Weighs approximately 0.18kg. Available in blue. Targeted at the APAC market. Fast charging is yes. Noise cancellation: no.""]",0,526,candidate
DEC029_NO_FEEDBACK,train_kb,conservative_noisy_or_conflict_adjusted,2,TechNova Smartphone Pro 1,has_color,blue,technova smartphone pro 1|has_color|blue,1,[0.91],False,3,0.6825,0.6825,0.88,False,,False,False,"[""product_9""]","[""unstructured""]","[""Comes with 4GB of RAM. Battery lasts up to 8 hours. Weighs approximately 0.18kg. Available in blue. Targeted at the APAC market. Fast charging is yes. Noise cancellation: no.""]",0,526,candidate
DEC029_NO_FEEDBACK,train_kb,conservative_noisy_or_conflict_adjusted,2,TechNova Smartphone Pro 1,supports_fast_charging,yes,technova smartphone pro 1|supports_fast_charging|yes,1,[0.91],True,1,0.6825,0.34125,0.88,False,,False,False,"[""product_9""]","[""unstructured""]","[""Comes with 4GB of RAM. Battery lasts up to 8 hours. Weighs approximately 0.18kg. Available in blue. Targeted at the APAC market. Fast charging is yes. Noise cancellation: no.""]",0,526,candidate
DEC029_NO_FEEDBACK,train_kb,conservative_noisy_or_conflict_adjusted,2,tablet device,has_price_usd,199,tablet device|has_price_usd|199,1,[0.91],True,0,0.6825,0.6825,0.88,False,,False,False,"[""product_12""]","[""unstructured""]","[""It is a tablet device. Priced at 199 USD. Comes with 4GB of RAM. Weighs approximately 0.18kg. Built with carbon fiber construction. Targeted at the EU market. Fast charging is yes.""]",0,526,candidate
DEC029_NO_FEEDBACK,train_kb,conservative_noisy_or_conflict_adjusted,2,tablet device,has_ram_gb,4,tablet device|has_ram_gb|4,1,[0.91],True,0,0.6825,0.6825,0.88,False,,False,False,"[""product_12""]","[""unstructured""]","[""It is a tablet device. Priced at 199 USD. Comes with 4GB of RAM. Weighs approximately 0.18kg. Built with carbon fiber construction. Targeted at the EU market. Fast charging is yes.""]",0,526,candidate
DEC029_NO_FEEDBACK,train_kb,conservative_noisy_or_conflict_adjusted,2,tablet device,has_weight_kg,0.18,tablet device|has_weight_kg|0.18,1,[0.91],True,0,0.6825,0.6825,0.88,False,,False,False,"[""product_12""]","[""unstructured""]","[""It is a tablet device. Priced at 199 USD. Comes with 4GB of RAM. Weighs approximately 0.18kg. Built with carbon fiber construction. Targeted at the EU market. Fast charging is yes.""]",0,526,candidate
DEC029_NO_FEEDBACK,train_kb,conservative_noisy_or_conflict_adjusted,2,tablet device,made_of_material,carbon fiber,tablet device|made_of_material|carbon fiber,1,[0.91],True,0,0.6825,0.6825,0.88,False,,False,False,"[""product_12""]","[""unstructured""]","[""It is a tablet device. Priced at 199 USD. Comes with 4GB of RAM. Weighs approximately 0.18kg. Built with carbon fiber construction. Targeted at the EU market. Fast charging is yes.""]",0,526,candidate
DEC029_NO_FEEDBACK,train_kb,conservative_noisy_or_conflict_adjusted,2,tablet device,target_market_region,EU,tablet device|target_market_region|eu,1,[0.91],True,0,0.6825,0.6825,0.88,False,,False,False,"[""product_12""]","[""unstructured""]","[""It is a tablet device. Priced at 199 USD. Comes with 4GB of RAM. Weighs approximately 0.18kg. Built with carbon fiber construction. Targeted at the EU market. Fast charging is yes.""]",0,526,candidate
DEC029_NO_FEEDBACK,train_kb,conservative_noisy_or_conflict_adjusted,2,tablet device,supports_fast_charging,yes,tablet device|supports_fast_charging|yes,1,[0.91],True,0,0.6825,0.6825,0.88,False,,False,False,"[""product_12""]","[""unstructured""]","[""It is a tablet device. Priced at 199 USD. Comes with 4GB of RAM. Weighs approximately 0.18kg. Built with carbon fiber construction. Targeted at the EU market. Fast charging is yes.""]",0,526,candidate
DEC029_NO_FEEDBACK,train_kb,conservative_noisy_or_conflict_adjusted,2,TechNova Smartphone Pro 1,has_battery_life_hours,18,technova smartphone pro 1|has_battery_life_hours|18,1,[0.91],True,5,0.6825,0.11375,0.88,False,,False,False,"[""product_20""]","[""unstructured""]","[""It is a smartphone device. Priced at 249 USD. Battery lasts up to 18 hours. Weighs approximately 0.42kg. Targeted at the EU market. Fast charging is no. Noise cancellation: no.""]",0,526,candidate
DEC029_NO_FEEDBACK,train_kb,conservative_noisy_or_conflict_adjusted,2,It is a smartwatch device,has_noise_cancellation,no,it is a smartwatch device|has_noise_cancellation|no,1,[0.85],True,0,0.6375,0.6375,0.88,False,,False,False,"[""product_27""]","[""unstructured""]","[""It is a smartwatch device. Offers 256GB of internal storage. Battery lasts up to 14 hours. Weighs approximately 0.42kg. Available in silver. Built with carbon fiber construction. Fast charging is no.""]",0,526,candidate
DEC029_NO_FEEDBACK,train_kb,conservative_noisy_or_conflict_adjusted,2,It is a smartwatch device,has_battery_life_hours,14,it is a smartwatch device|has_battery_life_hours|14,1,[0.85],True,0,0.6375,0.6375,0.88,False,,False,False,"[""product_27""]","[""unstructured""]","[""It is a smartwatch device. Offers 256GB of internal storage. Battery lasts up to 14 hours. Weighs approximately 0.42kg. Available in silver. Built with carbon fiber construction. Fast charging is no.""]",0,526,candidate
DEC029_NO_FEEDBACK,train_kb,conservative_noisy_or_conflict_adjusted,2,It is a smartwatch device,has_weight_kg,0.42,it is a smartwatch device|has_weight_kg|0.42,1,[0.85],True,0,0.6375,0.6375,0.88,False,,False,False,"[""product_27""]","[""unstructured""]","[""It is a smartwatch device. Offers 256GB of internal storage. Battery lasts up to 14 hours. Weighs approximately 0.42kg. Available in silver. Built with carbon fiber construction. Fast charging is no.""]",0,526,candidate
DEC029_NO_FEEDBACK,train_kb,conservative_noisy_or_conflict_adjusted,2,It is a smartwatch device,has_storage_gb,256,it is a smartwatch device|has_storage_gb|256,1,[0.85],True,0,0.6375,0.6375,0.88,False,,False,False,"[""product_27""]","[""unstructured""]","[""It is a smartwatch device. Offers 256GB of internal storage. Battery lasts up to 14 hours. Weighs approximately 0.42kg. Available in silver. Built with carbon fiber construction. Fast charging is no.""]",0,526,candidate
DEC029_NO_FEEDBACK,train_kb,conservative_noisy_or_conflict_adjusted,2,It is a smartwatch device,has_color,silver,it is a smartwatch device|has_color|silver,1,[0.85],False,0,0.6375,0.6375,0.88,False,,False,False,"[""product_27""]","[""unstructured""]","[""It is a smartwatch device. Offers 256GB of internal storage. Battery lasts up to 14 hours. Weighs approximately 0.42kg. Available in silver. Built with carbon fiber construction. Fast charging is no.""]",0,526,candidate
DEC029_NO_FEEDBACK,train_kb,conservative_noisy_or_conflict_adjusted,2,It is a smartwatch device,made_of_material,carbon fiber,it is a smartwatch device|made_of_material|carbon fiber,1,[0.85],True,0,0.6375,0.6375,0.88,False,,False,False,"[""product_27""]","[""unstructured""]","[""It is a smartwatch device. Offers 256GB of internal storage. Battery lasts up to 14 hours. Weighs approximately 0.42kg. Available in silver. Built with carbon fiber construction. Fast charging is no.""]",0,526,candidate
DEC029_NO_FEEDBACK,train_kb,conservative_noisy_or_conflict_adjusted,2,It is a smartwatch device,supports_fast_charging,no,it is a smartwatch device|supports_fast_charging|no,1,[0.85],True,0,0.6375,0.6375,0.88,False,,False,False,"[""product_27""]","[""unstructured""]","[""It is a smartwatch device. Offers 256GB of internal storage. Battery lasts up to 14 hours. Weighs approximately 0.42kg. Available in silver. Built with carbon fiber construction. Fast charging is no.""]",0,526,candidate
DEC029_NO_FEEDBACK,train_kb,conservative_noisy_or_conflict_adjusted,2,TechNova Smartphone Pro 1,has_weight_kg,no,technova smartphone pro 1|has_weight_kg|no,1,[0.95],True,6,0.7124999999999999,0.10178571428571427,0.88,False,,False,False,"[""product_29""]","[""unstructured""]","[""Priced at 299 USD. Comes with 6GB of RAM. Offers 512GB of internal storage. Battery lasts up to 14 hours. Built with aluminum construction. Fast charging is no. Noise cancellation: no.""]",0,526,candidate
DEC029_NO_FEEDBACK,train_kb,conservative_noisy_or_conflict_adjusted,2,TechNova Smartphone Pro 1,has_battery_life_hours,12,technova smartphone pro 1|has_battery_life_hours|12,1,[0.91],True,5,0.6825,0.11375,0.88,False,,False,False,"[""product_40""]","[""unstructured""]","[""It is a tablet device. Priced at 899 USD. Comes with 4GB of RAM. Battery lasts up to 12 hours. Weighs approximately 1.8kg. Built with aluminum construction. Fast charging is no.""]",0,526,candidate
DEC029_NO_FEEDBACK,train_kb,conservative_noisy_or_conflict_adjusted,2,TechNova Smartphone Pro 1,has_weight_kg,1.8,technova smartphone pro 1|has_weight_kg|1.8,1,[0.91],True,6,0.6825,0.0975,0.88,False,,False,False,"[""product_40""]","[""unstructured""]","[""It is a tablet device. Priced at 899 USD. Comes with 4GB of RAM. Battery lasts up to 12 hours. Weighs approximately 1.8kg. Built with aluminum construction. Fast charging is no.""]",0,526,candidate
DEC029_NO_FEEDBACK,train_kb,conservative_noisy_or_conflict_adjusted,2,TechNova Smartphone Pro 1,has_battery_life_hours,20,technova smartphone pro 1|has_battery_life_hours|20,1,[0.91],True,5,0.6825,0.11375,0.88,False,,False,False,"[""product_43""]","[""unstructured""]","[""Priced at 1099 USD. The display measures 15.6 inches. Comes with 12GB of RAM. Battery lasts up to 20 hours. Available in white. Built with carbon fiber construction. Noise cancellation: no.""]",0,526,candidate
