experiment_id,run_id,prob_kb_version,iteration,subject,predicate,object,triple_key,observation_count,observation_confidences,functional_predicate,competitor_count,conservative_noisy_or_support,conflict_adjusted_final_confidence,threshold,above_threshold,previous_final_confidence,crossed_threshold_up,crossed_threshold_down,source_ids,source_types,provenance,gold_label,kb_size,status
DEC023_STRUCTURED_ONLY,train_kb,conservative_noisy_or_conflict_adjusted,1,NeoTech Smartphone Pro 1,manufactured_by,NeoTech,neotech smartphone pro 1|manufactured_by|neotech,1,[0.98],True,0,0.735,0.735,0.88,False,,False,False,"[""product_1""]","[""structured""]","[""structured_row:NeoTech Smartphone Pro 1""]",0,455,candidate
DEC023_STRUCTURED_ONLY,train_kb,conservative_noisy_or_conflict_adjusted,1,NeoTech Smartphone Pro 1,belongs_to_category,smartphone,neotech smartphone pro 1|belongs_to_category|smartphone,1,[0.98],True,0,0.735,0.735,0.88,False,,False,False,"[""product_1""]","[""structured""]","[""structured_row:NeoTech Smartphone Pro 1""]",1,455,candidate
DEC023_STRUCTURED_ONLY,train_kb,conservative_noisy_or_conflict_adjusted,1,NeoTech Smartphone Pro 1,has_price_usd,1099,neotech smartphone pro 1|has_price_usd|1099,1,[0.98],True,0,0.735,0.735,0.88,False,,False,False,"[""product_1""]","[""structured""]","[""structured_row:NeoTech Smartphone Pro 1""]",0,455,candidate
DEC023_STRUCTURED_ONLY,train_kb,conservative_noisy_or_conflict_adjusted,1,NeoTech Smartphone Pro 1,has_screen_size_inch,13.3,neotech smartphone pro 1|has_screen_size_inch|13.3,1,[0.98],True,0,0.735,0.735,0.88,False,,False,False,"[""product_1""]","[""structured""]","[""structured_row:NeoTech Smartphone Pro 1""]",0,455,candidate
DEC023_STRUCTURED_ONLY,train_kb,conservative_noisy_or_conflict_adjusted,1,NeoTech Smartphone Pro 1,has_ram_gb,12,neotech smartphone pro 1|has_ram_gb|12,1,[0.98],True,0,0.735,0.735,0.88,False,,False,False,"[""product_1""]","[""structured""]","[""structured_row:NeoTech Smartphone Pro 1""]",0,455,candidate
DEC023_STRUCTURED_ONLY,train_kb,conservative_noisy_or_conflict_adjusted,1,NeoTech Smartphone Pro 1,has_storage_gb,1024,neotech smartphone pro 1|has_storage_gb|1024,1,[0.98],True,0,0.735,0.735,0.88,False,,False,False,"[""product_1""]","[""structured""]","[""structured_row:NeoTech Smartphone Pro 1""]",1,455,candidate
DEC023_STRUCTURED_ONLY,train_kb,conservative_noisy_or_conflict_adjusted,1,NeoTech Smartphone Pro 1,has_battery_life_hours,8,neotech smartphone pro 1|has_battery_life_hours|8,1,[0.98],True,0,0.735,0.735,0.88,False,,False,False,"[""product_1""]","[""structured""]","[""structured_row:NeoTech Smartphone Pro 1""]",1,455,candidate
DEC023_STRUCTURED_ONLY,train_kb,conservative_noisy_or_conflict_adjusted,1,NeoTech Smartphone Pro 1,has_weight_kg,1.2,neotech smartphone pro 1|has_weight_kg|1.2,1,[0.98],True,0,0.735,0.735,0.88,False,,False,False,"[""product_1""]","[""structured""]","[""structured_row:NeoTech Smartphone Pro 1""]",0,455,candidate
DEC023_STRUCTURED_ONLY,train_kb,conservative_noisy_or_conflict_adjusted,1,NeoTech Smartphone Pro 1,has_color,silver,neotech smartphone pro 1|has_color|silver,1,[0.98],False,0,0.735,0.735,0.88,False,,False,False,"[""product_1""]","[""structured""]","[""structured_row:NeoTech Smartphone Pro 1""]",1,455,candidate
DEC023_STRUCTURED_ONLY,train_kb,conservative_noisy_or_conflict_adjusted,1,NeoTech Smartphone Pro 1,made_of_material,plastic,neotech smartphone pro 1|made_of_material|plastic,1,[0.98],True,0,0.735,0.735,0.88,False,,False,False,"[""product_1""]","[""structured""]","[""structured_row:NeoTech Smartphone Pro 1""]",1,455,candidate
DEC023_STRUCTURED_ONLY,train_kb,conservative_noisy_or_conflict_adjusted,1,NeoTech Smartphone Pro 1,target_market_region,APAC,neotech smartphone pro 1|target_market_region|apac,1,[0.98],True,0,0.735,0.735,0.88,False,,False,False,"[""product_1""]","[""structured""]","[""structured_row:NeoTech Smartphone Pro 1""]",1,455,candidate
DEC023_STRUCTURED_ONLY,train_kb,conservative_noisy_or_conflict_adjusted,1,NeoTech Smartphone Pro 1,supports_fast_charging,no,neotech smartphone pro 1|supports_fast_charging|no,1,[0.98],True,0,0.735,0.735,0.88,False,,False,False,"[""product_1""]","[""structured""]","[""structured_row:NeoTech Smartphone Pro 1""]",0,455,candidate
DEC023_STRUCTURED_ONLY,train_kb,conservative_noisy_or_conflict_adjusted,1,NeoTech Smartphone Pro 1,has_noise_cancellation,no,neotech smartphone pro 1|has_noise_cancellation|no,1,[0.98],True,0,0.735,0.735,0.88,False,,False,False,"[""product_1""]","[""structured""]","[""structured_row:NeoTech Smartphone Pro 1""]",1,455,candidate
DEC023_STRUCTURED_ONLY,train_kb,conservative_noisy_or_conflict_adjusted,1,Auralex Smartphone Pro 2,manufactured_by,Auralex,auralex smartphone pro 2|manufactured_by|auralex,1,[0.98],True,0,0.735,0.735,0.88,False,,False,False,"[""product_2""]","[""structured""]","[""structured_row:Auralex Smartphone Pro 2""]",1,455,candidate
DEC023_STRUCTURED_ONLY,train_kb,conservative_noisy_or_conflict_adjusted,1,Auralex Smartphone Pro 2,belongs_to_category,smartphone,auralex smartphone pro 2|belongs_to_category|smartphone,1,[0.98],True,0,0.735,0.735,0.88,False,,False,False,"[""product_2""]","[""structured""]","[""structured_row:Auralex Smartphone Pro 2""]",1,455,candidate
DEC023_STRUCTURED_ONLY,train_kb,conservative_noisy_or_conflict_adjusted,1,Auralex Smartphone Pro 2,has_price_usd,299,auralex smartphone pro 2|has_price_usd|299,1,[0.98],True,0,0.735,0.735,0.88,False,,False,False,"[""product_2""]","[""structured""]","[""structured_row:Auralex Smartphone Pro 2""]",1,455,candidate
DEC023_STRUCTURED_ONLY,train_kb,conservative_noisy_or_conflict_adjusted,1,Auralex Smartphone Pro 2,has_screen_size_inch,13.3,auralex smartphone pro 2|has_screen_size_inch|13.3,1,[0.98],True,0,0.735,0.735,0.88,False,,False,False,"[""product_2""]","[""structured""]","[""structured_row:Auralex Smartphone Pro 2""]",0,455,candidate
DEC023_STRUCTURED_ONLY,train_kb,conservative_noisy_or_conflict_adjusted,1,Auralex Smartphone Pro 2,has_ram_gb,12,auralex smartphone pro 2|has_ram_gb|12,1,[0.98],True,0,0.735,0.735,0.88,False,,False,False,"[""product_2""]","[""structured""]","[""structured_row:Auralex Smartphone Pro 2""]",0,455,candidate
DEC023_STRUCTURED_ONLY,train_kb,conservative_noisy_or_conflict_adjusted,1,Auralex Smartphone Pro 2,has_storage_gb,128,auralex smartphone pro 2|has_storage_gb|128,1,[0.98],True,0,0.735,0.735,0.88,False,,False,False,"[""product_2""]","[""structured""]","[""structured_row:Auralex Smartphone Pro 2""]",0,455,candidate
DEC023_STRUCTURED_ONLY,train_kb,conservative_noisy_or_conflict_adjusted,1,Auralex Smartphone Pro 2,has_battery_life_hours,24,auralex smartphone pro 2|has_battery_life_hours|24,1,[0.98],True,0,0.735,0.735,0.88,False,,False,False,"[""product_2""]","[""structured""]","[""structured_row:Auralex Smartphone Pro 2""]",1,455,candidate
DEC023_STRUCTURED_ONLY,train_kb,conservative_noisy_or_conflict_adjusted,1,Auralex Smartphone Pro 2,has_weight_kg,0.55,auralex smartphone pro 2|has_weight_kg|0.55,1,[0.98],True,0,0.735,0.735,0.88,False,,False,False,"[""product_2""]","[""structured""]","[""structured_row:Auralex Smartphone Pro 2""]",0,455,candidate
DEC023_STRUCTURED_ONLY,train_kb,conservative_noisy_or_conflict_adjusted,1,Auralex Smartphone Pro 2,has_color,black,auralex smartphone pro 2|has_color|black,1,[0.98],False,0,0.735,0.735,0.88,False,,False,False,"[""product_2""]","[""structured""]","[""structured_row:Auralex Smartphone Pro 2""]",1,455,candidate
DEC023_STRUCTURED_ONLY,train_kb,conservative_noisy_or_conflict_adjusted,1,Auralex Smartphone Pro 2,made_of_material,plastic,auralex smartphone pro 2|made_of_material|plastic,1,[0.98],True,0,0.735,0.735,0.88,False,,False,False,"[""product_2""]","[""structured""]","[""structured_row:Auralex Smartphone Pro 2""]",1,455,candidate
DEC023_STRUCTURED_ONLY,train_kb,conservative_noisy_or_conflict_adjusted,1,Auralex Smartphone Pro 2,target_market_region,US,auralex smartphone pro 2|target_market_region|us,1,[0.98],True,0,0.735,0.735,0.88,False,,False,False,"[""product_2""]","[""structured""]","[""structured_row:Auralex Smartphone Pro 2""]",0,455,candidate
DEC023_STRUCTURED_ONLY,train_kb,conservative_noisy_or_conflict_adjusted,1,Auralex Smartphone Pro 2,supports_fast_charging,no,auralex smartphone pro 2|supports_fast_charging|no,1,[0.98],True,0,0.735,0.735,0.88,False,,False,False,"[""product_2""]","[""structured""]","[""structured_row:Auralex Smartphone Pro 2""]",0,455,candidate
DEC023_STRUCTURED_ONLY,train_kb,conservative_noisy_or_conflict_adjusted,1,Auralex Smartphone Pro 2,has_noise_cancellation,no,auralex smartphone pro 2|has_noise_cancellation|no,1,[0.98],True,0,0.735,0.735,0.88,False,,False,False,"[""product_2""]","[""structured""]","[""structured_row:Auralex Smartphone Pro 2""]",1,455,candidate
DEC023_STRUCTURED_ONLY,train_kb,conservative_noisy_or_conflict_adjusted,1,VoltEdge Laptop Air 8,manufactured_by,VoltEdge,voltedge laptop air 8|manufactured_by|voltedge,1,[0.98],True,0,0.735,0.735,0.88,False,,False,False,"[""product_8""]","[""structured""]","[""structured_row:VoltEdge Laptop Air 8""]",0,455,candidate
DEC023_STRUCTURED_ONLY,train_kb,conservative_noisy_or_conflict_adjusted,1,VoltEdge Laptop Air 8,belongs_to_category,laptop,voltedge laptop air 8|belongs_to_category|laptop,1,[0.98],True,0,0.735,0.735,0.88,False,,False,False,"[""product_8""]","[""structured""]","[""structured_row:VoltEdge Laptop Air 8""]",0,455,candidate
DEC023_STRUCTURED_ONLY,train_kb,conservative_noisy_or_conflict_adjusted,1,VoltEdge Laptop Air 8,has_price_usd,1299,voltedge laptop air 8|has_price_usd|1299,1,[0.98],True,0,0.735,0.735,0.88,False,,False,False,"[""product_8""]","[""structured""]","[""structured_row:VoltEdge Laptop Air 8""]",1,455,candidate
DEC023_STRUCTURED_ONLY,train_kb,conservative_noisy_or_conflict_adjusted,1,VoltEdge Laptop Air 8,has_screen_size_inch,6.1,voltedge laptop air 8|has_screen_size_inch|6.1,1,[0.98],True,0,0.735,0.735,0.88,False,,False,False,"[""product_8""]","[""structured""]","[""structured_row:VoltEdge Laptop Air 8""]",1,455,candidate
DEC023_STRUCTURED_ONLY,train_kb,conservative_noisy_or_conflict_adjusted,1,VoltEdge Laptop Air 8,has_ram_gb,4,voltedge laptop air 8|has_ram_gb|4,1,[0.98],True,0,0.735,0.735,0.88,False,,False,False,"[""product_8""]","[""structured""]","[""structured_row:VoltEdge Laptop Air 8""]",1,455,candidate
DEC023_STRUCTURED_ONLY,train_kb,conservative_noisy_or_conflict_adjusted,1,VoltEdge Laptop Air 8,has_storage_gb,64,voltedge laptop air 8|has_storage_gb|64,1,[0.98],True,0,0.735,0.735,0.88,False,,False,False,"[""product_8""]","[""structured""]","[""structured_row:VoltEdge Laptop Air 8""]",1,455,candidate
DEC023_STRUCTURED_ONLY,train_kb,conservative_noisy_or_conflict_adjusted,1,VoltEdge Laptop Air 8,has_battery_life_hours,8,voltedge laptop air 8|has_battery_life_hours|8,1,[0.98],True,0,0.735,0.735,0.88,False,,False,False,"[""product_8""]","[""structured""]","[""structured_row:VoltEdge Laptop Air 8""]",1,455,candidate
DEC023_STRUCTURED_ONLY,train_kb,conservative_noisy_or_conflict_adjusted,1,VoltEdge Laptop Air 8,has_weight_kg,1.2,voltedge laptop air 8|has_weight_kg|1.2,1,[0.98],True,0,0.735,0.735,0.88,False,,False,False,"[""product_8""]","[""structured""]","[""structured_row:VoltEdge Laptop Air 8""]",1,455,candidate
DEC023_STRUCTURED_ONLY,train_kb,conservative_noisy_or_conflict_adjusted,1,VoltEdge Laptop Air 8,has_color,white,voltedge laptop air 8|has_color|white,1,[0.98],False,0,0.735,0.735,0.88,False,,False,False,"[""product_8""]","[""structured""]","[""structured_row:VoltEdge Laptop Air 8""]",0,455,candidate
DEC023_STRUCTURED_ONLY,train_kb,conservative_noisy_or_conflict_adjusted,1,VoltEdge Laptop Air 8,made_of_material,aluminum,voltedge laptop air 8|made_of_material|aluminum,1,[0.98],True,0,0.735,0.735,0.88,False,,False,False,"[""product_8""]","[""structured""]","[""structured_row:VoltEdge Laptop Air 8""]",1,455,candidate
DEC023_STRUCTURED_ONLY,train_kb,conservative_noisy_or_conflict_adjusted,1,VoltEdge Laptop Air 8,target_market_region,EU,voltedge laptop air 8|target_market_region|eu,1,[0.98],True,0,0.735,0.735,0.88,False,,False,False,"[""product_8""]","[""structured""]","[""structured_row:VoltEdge Laptop Air 8""]",0,455,candidate
DEC023_STRUCTURED_ONLY,train_kb,conservative_noisy_or_conflict_adjusted,1,VoltEdge Laptop Air 8,supports_fast_charging,yes,voltedge laptop air 8|supports_fast_charging|yes,1,[0.98],True,0,0.735,0.735,0.88,False,,False,False,"[""product_8""]","[""structured""]","[""structured_row:VoltEdge Laptop Air 8""]",0,455,candidate
DEC023_STRUCTURED_ONLY,train_kb,conservative_noisy_or_conflict_adjusted,1,VoltEdge Laptop Air 8,has_noise_cancellation,no,voltedge laptop air 8|has_noise_cancellation|no,1,[0.98],True,0,0.735,0.735,0.88,False,,False,False,"[""product_8""]","[""structured""]","[""structured_row:VoltEdge Laptop Air 8""]",0,455,candidate
DEC023_STRUCTURED_ONLY,train_kb,conservative_noisy_or_conflict_adjusted,1,PixelWare Tablet Max 9,manufactured_by,PixelWare,pixelware tablet max 9|manufactured_by|pixelware,1,[0.98],True,0,0.735,0.735,0.88,False,,False,False,"[""product_9""]","[""structured""]","[""structured_row:PixelWare Tablet Max 9""]",1,455,candidate
DEC023_STRUCTURED_ONLY,train_kb,conservative_noisy_or_conflict_adjusted,1,PixelWare Tablet Max 9,belongs_to_category,tablet,pixelware tablet max 9|belongs_to_category|tablet,1,[0.98],True,0,0.735,0.735,0.88,False,,False,False,"[""product_9""]","[""structured""]","[""structured_row:PixelWare Tablet Max 9""]",1,455,candidate
DEC023_STRUCTURED_ONLY,train_kb,conservative_noisy_or_conflict_adjusted,1,PixelWare Tablet Max 9,has_price_usd,249,pixelware tablet max 9|has_price_usd|249,1,[0.98],True,0,0.735,0.735,0.88,False,,False,False,"[""product_9""]","[""structured""]","[""structured_row:PixelWare Tablet Max 9""]",1,455,candidate
DEC023_STRUCTURED_ONLY,train_kb,conservative_noisy_or_conflict_adjusted,1,PixelWare Tablet Max 9,has_screen_size_inch,13.3,pixelware tablet max 9|has_screen_size_inch|13.3,1,[0.98],True,0,0.735,0.735,0.88,False,,False,False,"[""product_9""]","[""structured""]","[""structured_row:PixelWare Tablet Max 9""]",0,455,candidate
DEC023_STRUCTURED_ONLY,train_kb,conservative_noisy_or_conflict_adjusted,1,PixelWare Tablet Max 9,has_ram_gb,16,pixelware tablet max 9|has_ram_gb|16,1,[0.98],True,0,0.735,0.735,0.88,False,,False,False,"[""product_9""]","[""structured""]","[""structured_row:PixelWare Tablet Max 9""]",0,455,candidate
DEC023_STRUCTURED_ONLY,train_kb,conservative_noisy_or_conflict_adjusted,1,PixelWare Tablet Max 9,has_storage_gb,512,pixelware tablet max 9|has_storage_gb|512,1,[0.98],True,0,0.735,0.735,0.88,False,,False,False,"[""product_9""]","[""structured""]","[""structured_row:PixelWare Tablet Max 9""]",1,455,candidate
DEC023_STRUCTURED_ONLY,train_kb,conservative_noisy_or_conflict_adjusted,1,PixelWare Tablet Max 9,has_battery_life_hours,10,pixelware tablet max 9|has_battery_life_hours|10,1,[0.98],True,0,0.735,0.735,0.88,False,,False,False,"[""product_9""]","[""structured""]","[""structured_row:PixelWare Tablet Max 9""]",1,455,candidate
DEC023_STRUCTURED_ONLY,train_kb,conservative_noisy_or_conflict_adjusted,1,PixelWare Tablet Max 9,has_weight_kg,0.55,pixelware tablet max 9|has_weight_kg|0.55,1,[0.98],True,0,0.735,0.735,0.88,False,,False,False,"[""product_9""]","[""structured""]","[""structured_row:PixelWare Tablet Max 9""]",0,455,candidate
DEC023_STRUCTURED_ONLY,train_kb,conservative_noisy_or_conflict_adjusted,1,PixelWare Tablet Max 9,has_color,silver,pixelware tablet max 9|has_color|silver,1,[0.98],False,0,0.735,0.735,0.88,False,,False,False,"[""product_9""]","[""structured""]","[""structured_row:PixelWare Tablet Max 9""]",0,455,candidate
DEC023_STRUCTURED_ONLY,train_kb,conservative_noisy_or_conflict_adjusted,1,PixelWare Tablet Max 9,made_of_material,aluminum,pixelware tablet max 9|made_of_material|aluminum,1,[0.98],True,0,0.735,0.735,0.88,False,,False,False,"[""product_9""]","[""structured""]","[""structured_row:PixelWare Tablet Max 9""]",0,455,candidate
DEC023_STRUCTURED_ONLY,train_kb,conservative_noisy_or_conflict_adjusted,1,PixelWare Tablet Max 9,target_market_region,EU,pixelware tablet max 9|target_market_region|eu,1,[0.98],True,0,0.735,0.735,0.88,False,,False,False,"[""product_9""]","[""structured""]","[""structured_row:PixelWare Tablet Max 9""]",1,455,candidate
DEC023_STRUCTURED_ONLY,train_kb,conservative_noisy_or_conflict_adjusted,1,PixelWare Tablet Max 9,supports_fast_charging,no,pixelware tablet max 9|supports_fast_charging|no,1,[0.98],True,0,0.735,0.735,0.88,False,,False,False,"[""product_9""]","[""structured""]","[""structured_row:PixelWare Tablet Max 9""]",0,455,candidate
DEC023_STRUCTURED_ONLY,train_kb,conservative_noisy_or_conflict_adjusted,1,PixelWare Tablet Max 9,has_noise_cancellation,no,pixelware tablet max 9|has_noise_cancellation|no,1,[0.98],True,0,0.735,0.735,0.88,False,,False,False,"[""product_9""]","[""structured""]","[""structured_row:PixelWare Tablet Max 9""]",1,455,candidate
DEC023_STRUCTURED_ONLY,train_kb,conservative_noisy_or_conflict_adjusted,1,VoltEdge Laptop Lite 11,manufactured_by,VoltEdge,voltedge laptop lite 11|manufactured_by|voltedge,1,[0.98],True,0,0.735,0.735,0.88,False,,False,False,"[""product_11""]","[""structured""]","[""structured_row:VoltEdge Laptop Lite 11""]",0,455,candidate
DEC023_STRUCTURED_ONLY,train_kb,conservative_noisy_or_conflict_adjusted,1,VoltEdge Laptop Lite 11,belongs_to_category,laptop,voltedge laptop lite 11|belongs_to_category|laptop,1,[0.98],True,0,0.735,0.735,0.88,False,,False,False,"[""product_11""]","[""structured""]","[""structured_row:VoltEdge Laptop Lite 11""]",1,455,candidate
DEC023_STRUCTURED_ONLY,train_kb,conservative_noisy_or_conflict_adjusted,1,VoltEdge Laptop Lite 11,has_price_usd,1099,voltedge laptop lite 11|has_price_usd|1099,1,[0.98],True,0,0.735,0.735,0.88,False,,False,False,"[""product_11""]","[""structured""]","[""structured_row:VoltEdge Laptop Lite 11""]",0,455,candidate
DEC023_STRUCTURED_ONLY,train_kb,conservative_noisy_or_conflict_adjusted,1,VoltEdge Laptop Lite 11,has_screen_size_inch,11.0,voltedge laptop lite 11|has_screen_size_inch|11.0,1,[0.98],True,0,0.735,0.735,0.88,False,,False,False,"[""product_11""]","[""structured""]","[""structured_row:VoltEdge Laptop Lite 11""]",1,455,candidate
DEC023_STRUCTURED_ONLY,train_kb,conservative_noisy_or_conflict_adjusted,1,VoltEdge Laptop Lite 11,has_ram_gb,8,voltedge laptop lite 11|has_ram_gb|8,1,[0.98],True,0,0.735,0.735,0.88,False,,False,False,"[""product_11""]","[""structured""]","[""structured_row:VoltEdge Laptop Lite 11""]",1,455,candidate
DEC023_STRUCTURED_ONLY,train_kb,conservative_noisy_or_conflict_adjusted,1,VoltEdge Laptop Lite 11,has_storage_gb,1024,voltedge laptop lite 11|has_storage_gb|1024,1,[0.98],True,0,0.735,0.735,0.88,False,,False,False,"[""product_11""]","[""structured""]","[""structured_row:VoltEdge Laptop Lite 11""]",0,455,candidate
DEC023_STRUCTURED_ONLY,train_kb,conservative_noisy_or_conflict_adjusted,1,VoltEdge Laptop Lite 11,has_battery_life_hours,14,voltedge laptop lite 11|has_battery_life_hours|14,1,[0.98],True,0,0.735,0.735,0.88,False,,False,False,"[""product_11""]","[""structured""]","[""structured_row:VoltEdge Laptop Lite 11""]",1,455,candidate
DEC023_STRUCTURED_ONLY,train_kb,conservative_noisy_or_conflict_adjusted,1,VoltEdge Laptop Lite 11,has_weight_kg,1.8,voltedge laptop lite 11|has_weight_kg|1.8,1,[0.98],True,0,0.735,0.735,0.88,False,,False,False,"[""product_11""]","[""structured""]","[""structured_row:VoltEdge Laptop Lite 11""]",0,455,candidate
DEC023_STRUCTURED_ONLY,train_kb,conservative_noisy_or_conflict_adjusted,1,VoltEdge Laptop Lite 11,has_color,silver,voltedge laptop lite 11|has_color|silver,1,[0.98],False,0,0.735,0.735,0.88,False,,False,False,"[""product_11""]","[""structured""]","[""structured_row:VoltEdge Laptop Lite 11""]",1,455,candidate
DEC023_STRUCTURED_ONLY,train_kb,conservative_noisy_or_conflict_adjusted,1,VoltEdge Laptop Lite 11,made_of_material,plastic,voltedge laptop lite 11|made_of_material|plastic,1,[0.98],True,0,0.735,0.735,0.88,False,,False,False,"[""product_11""]","[""structured""]","[""structured_row:VoltEdge Laptop Lite 11""]",1,455,candidate
DEC023_STRUCTURED_ONLY,train_kb,conservative_noisy_or_conflict_adjusted,1,VoltEdge Laptop Lite 11,target_market_region,Global,voltedge laptop lite 11|target_market_region|global,1,[0.98],True,0,0.735,0.735,0.88,False,,False,False,"[""product_11""]","[""structured""]","[""structured_row:VoltEdge Laptop Lite 11""]",0,455,candidate
DEC023_STRUCTURED_ONLY,train_kb,conservative_noisy_or_conflict_adjusted,1,VoltEdge Laptop Lite 11,supports_fast_charging,no,voltedge laptop lite 11|supports_fast_charging|no,1,[0.98],True,0,0.735,0.735,0.88,False,,False,False,"[""product_11""]","[""structured""]","[""structured_row:VoltEdge Laptop Lite 11""]",1,455,candidate
DEC023_STRUCTURED_ONLY,train_kb,conservative_noisy_or_conflict_adjusted,1,VoltEdge Laptop Lite 11,has_noise_cancellation,no,voltedge laptop lite 11|has_noise_cancellation|no,1,[0.98],True,0,0.735,0.735,0.88,False,,False,False,"[""product_11""]","[""structured""]","[""structured_row:VoltEdge Laptop Lite 11""]",0,455,candidate
DEC023_STRUCTURED_ONLY,train_kb,conservative_noisy_or_conflict_adjusted,1,Zenbyte Laptop Pro 12,manufactured_by,Zenbyte,zenbyte laptop pro 12|manufactured_by|zenbyte,1,[0.98],True,0,0.735,0.735,0.88,False,,False,False,"[""product_12""]","[""structured""]","[""structured_row:Zenbyte Laptop Pro 12""]",1,455,candidate
DEC023_STRUCTURED_ONLY,train_kb,conservative_noisy_or_conflict_adjusted,1,Zenbyte Laptop Pro 12,belongs_to_category,laptop,zenbyte laptop pro 12|belongs_to_category|laptop,1,[0.98],True,0,0.735,0.735,0.88,False,,False,False,"[""product_12""]","[""structured""]","[""structured_row:Zenbyte Laptop Pro 12""]",0,455,candidate
DEC023_STRUCTURED_ONLY,train_kb,conservative_noisy_or_conflict_adjusted,1,Zenbyte Laptop Pro 12,has_price_usd,349,zenbyte laptop pro 12|has_price_usd|349,1,[0.98],True,0,0.735,0.735,0.88,False,,False,False,"[""product_12""]","[""structured""]","[""structured_row:Zenbyte Laptop Pro 12""]",1,455,candidate
DEC023_STRUCTURED_ONLY,train_kb,conservative_noisy_or_conflict_adjusted,1,Zenbyte Laptop Pro 12,has_screen_size_inch,6.7,zenbyte laptop pro 12|has_screen_size_inch|6.7,1,[0.98],True,0,0.735,0.735,0.88,False,,False,False,"[""product_12""]","[""structured""]","[""structured_row:Zenbyte Laptop Pro 12""]",0,455,candidate
DEC023_STRUCTURED_ONLY,train_kb,conservative_noisy_or_conflict_adjusted,1,Zenbyte Laptop Pro 12,has_ram_gb,6,zenbyte laptop pro 12|has_ram_gb|6,1,[0.98],True,0,0.735,0.735,0.88,False,,False,False,"[""product_12""]","[""structured""]","[""structured_row:Zenbyte Laptop Pro 12""]",1,455,candidate
DEC023_STRUCTURED_ONLY,train_kb,conservative_noisy_or_conflict_adjusted,1,Zenbyte Laptop Pro 12,has_storage_gb,1024,zenbyte laptop pro 12|has_storage_gb|1024,1,[0.98],True,0,0.735,0.735,0.88,False,,False,False,"[""product_12""]","[""structured""]","[""structured_row:Zenbyte Laptop Pro 12""]",0,455,candidate
DEC023_STRUCTURED_ONLY,train_kb,conservative_noisy_or_conflict_adjusted,1,Zenbyte Laptop Pro 12,has_battery_life_hours,24,zenbyte laptop pro 12|has_battery_life_hours|24,1,[0.98],True,0,0.735,0.735,0.88,False,,False,False,"[""product_12""]","[""structured""]","[""structured_row:Zenbyte Laptop Pro 12""]",1,455,candidate
DEC023_STRUCTURED_ONLY,train_kb,conservative_noisy_or_conflict_adjusted,1,Zenbyte Laptop Pro 12,has_weight_kg,1.45,zenbyte laptop pro 12|has_weight_kg|1.45,1,[0.98],True,0,0.735,0.735,0.88,False,,False,False,"[""product_12""]","[""structured""]","[""structured_row:Zenbyte Laptop Pro 12""]",1,455,candidate
DEC023_STRUCTURED_ONLY,train_kb,conservative_noisy_or_conflict_adjusted,1,Zenbyte Laptop Pro 12,has_color,black,zenbyte laptop pro 12|has_color|black,1,[0.98],False,0,0.735,0.735,0.88,False,,False,False,"[""product_12""]","[""structured""]","[""structured_row:Zenbyte Laptop Pro 12""]",0,455,candidate
DEC023_STRUCTURED_ONLY,train_kb,conservative_noisy_or_conflict_adjusted,1,Zenbyte Laptop Pro 12,made_of_material,carbon fiber,zenbyte laptop pro 12|made_of_material|carbon fiber,1,[0.98],True,0,0.735,0.735,0.88,False,,False,False,"[""product_12""]","[""structured""]","[""structured_row:Zenbyte Laptop Pro 12""]",0,455,candidate
DEC023_STRUCTURED_ONLY,train_kb,conservative_noisy_or_conflict_adjusted,1,Zenbyte Laptop Pro 12,target_market_region,EU,zenbyte laptop pro 12|target_market_region|eu,1,[0.98],True,0,0.735,0.735,0.88,False,,False,False,"[""product_12""]","[""structured""]","[""structured_row:Zenbyte Laptop Pro 12""]",1,455,candidate
DEC023_STRUCTURED_ONLY,train_kb,conservative_noisy_or_conflict_adjusted,1,Zenbyte Laptop Pro 12,supports_fast_charging,yes,zenbyte laptop pro 12|supports_fast_charging|yes,1,[0.98],True,0,0.735,0.735,0.88,False,,False,False,"[""product_12""]","[""structured""]","[""structured_row:Zenbyte Laptop Pro 12""]",0,455,candidate
DEC023_STRUCTURED_ONLY,train_kb,conservative_noisy_or_conflict_adjusted,1,Zenbyte Laptop Pro 12,has_noise_cancellation,no,zenbyte laptop pro 12|has_noise_cancellation|no,1,[0.98],True,0,0.735,0.735,0.88,False,,False,False,"[""product_12""]","[""structured""]","[""structured_row:Zenbyte Laptop Pro 12""]",1,455,candidate
DEC023_STRUCTURED_ONLY,train_kb,conservative_noisy_or_conflict_adjusted,1,VoltEdge Headphones Air 13,manufactured_by,VoltEdge,voltedge headphones air 13|manufactured_by|voltedge,1,[0.98],True,0,0.735,0.735,0.88,False,,False,False,"[""product_13""]","[""structured""]","[""structured_row:VoltEdge Headphones Air 13""]",0,455,candidate
DEC023_STRUCTURED_ONLY,train_kb,conservative_noisy_or_conflict_adjusted,1,VoltEdge Headphones Air 13,belongs_to_category,headphones,voltedge headphones air 13|belongs_to_category|headphones,1,[0.98],True,0,0.735,0.735,0.88,False,,False,False,"[""product_13""]","[""structured""]","[""structured_row:VoltEdge Headphones Air 13""]",0,455,candidate
DEC023_STRUCTURED_ONLY,train_kb,conservative_noisy_or_conflict_adjusted,1,VoltEdge Headphones Air 13,has_price_usd,299,voltedge headphones air 13|has_price_usd|299,1,[0.98],True,0,0.735,0.735,0.88,False,,False,False,"[""product_13""]","[""structured""]","[""structured_row:VoltEdge Headphones Air 13""]",0,455,candidate
DEC023_STRUCTURED_ONLY,train_kb,conservative_noisy_or_conflict_adjusted,1,VoltEdge Headphones Air 13,has_screen_size_inch,6.1,voltedge headphones air 13|has_screen_size_inch|6.1,1,[0.98],True,0,0.735,0.735,0.88,False,,False,False,"[""product_13""]","[""structured""]","[""structured_row:VoltEdge Headphones Air 13""]",1,455,candidate
DEC023_STRUCTURED_ONLY,train_kb,conservative_noisy_or_conflict_adjusted,1,VoltEdge Headphones Air 13,has_ram_gb,8,voltedge headphones air 13|has_ram_gb|8,1,[0.98],True,0,0.735,0.735,0.88,False,,False,False,"[""product_13""]","[""structured""]","[""structured_row:VoltEdge Headphones Air 13""]",1,455,candidate
DEC023_STRUCTURED_ONLY,train_kb,conservative_noisy_or_conflict_adjusted,1,VoltEdge Headphones Air 13,has_storage_gb,256,voltedge headphones air 13|has_storage_gb|256,1,[0.98],True,0,0.735,0.735,0.88,False,,False,False,"[""product_13""]","[""structured""]","[""structured_row:VoltEdge Headphones Air 13""]",1,455,candidate
DEC023_STRUCTURED_ONLY,train_kb,conservative_noisy_or_conflict_adjusted,1,VoltEdge Headphones Air 13,has_battery_life_hours,12,voltedge headphones air 13|has_battery_life_hours|12,1,[0.98],True,0,0.735,0.735,0.88,False,,False,False,"[""product_13""]","[""structured""]","[""structured_row:VoltEdge Headphones Air 13""]",1,455,candidate
DEC023_STRUCTURED_ONLY,train_kb,conservative_noisy_or_conflict_adjusted,1,VoltEdge Headphones Air 13,has_weight_kg,0.42,voltedge headphones air 13|has_weight_kg|0.42,1,[0.98],True,0,0.735,0.735,0.88,False,,False,False,"[""product_13""]","[""structured""]","[""structured_row:VoltEdge Headphones Air 13""]",1,455,candidate
DEC023_STRUCTURED_ONLY,train_kb,conservative_noisy_or_conflict_adjusted,1,VoltEdge Headphones Air 13,has_color,white,voltedge headphones air 13|has_color|white,1,[0.98],False,0,0.735,0.735,0.88,False,,False,False,"[""product_13""]","[""structured""]","[""structured_row:VoltEdge Headphones Air 13""]",1,455,candidate
DEC023_STRUCTURED_ONLY,train_kb,conservative_noisy_or_conflict_adjusted,1,VoltEdge Headphones Air 13,made_of_material,carbon fiber,voltedge headphones air 13|made_of_material|carbon fiber,1,[0.98],True,0,0.735,0.735,0.88,False,,False,False,"[""product_13""]","[""structured""]","[""structured_row:VoltEdge Headphones Air 13""]",0,455,candidate
DEC023_STRUCTURED_ONLY,train_kb,conservative_noisy_or_conflict_adjusted,1,VoltEdge Headphones Air 13,target_market_region,APAC,voltedge headphones air 13|target_market_region|apac,1,[0.98],True,0,0.735,0.735,0.88,False,,False,False,"[""product_13""]","[""structured""]","[""structured_row:VoltEdge Headphones Air 13""]",0,455,candidate
DEC023_STRUCTURED_ONLY,train_kb,conservative_noisy_or_conflict_adjusted,1,VoltEdge Headphones Air 13,supports_fast_charging,yes,voltedge headphones air 13|supports_fast_charging|yes,1,[0.98],True,0,0.735,0.735,0.88,False,,False,False,"[""product_13""]","[""structured""]","[""structured_row:VoltEdge Headphones Air 13""]",1,455,candidate
DEC023_STRUCTURED_ONLY,train_kb,conservative_noisy_or_conflict_adjusted,1,VoltEdge Headphones Air 13,has_noise_cancellation,no,voltedge headphones air 13|has_noise_cancellation|no,1,[0.98],True,0,0.735,0.735,0.88,False,,False,False,"[""product_13""]","[""structured""]","[""structured_row:VoltEdge Headphones Air 13""]",0,455,candidate
DEC023_STRUCTURED_ONLY,train_kb,conservative_noisy_or_conflict_adjusted,1,VoltEdge Tablet Pro 15,manufactured_by,VoltEdge,voltedge tablet pro 15|manufactured_by|voltedge,1,[0.98],True,0,0.735,0.735,0.88,False,,False,False,"[""product_15""]","[""structured""]","[""structured_row:VoltEdge Tablet Pro 15""]",1,455,candidate
DEC023_STRUCTURED_ONLY,train_kb,conservative_noisy_or_conflict_adjusted,1,VoltEdge Tablet Pro 15,belongs_to_category,tablet,voltedge tablet pro 15|belongs_to_category|tablet,1,[0.98],True,0,0.735,0.735,0.88,False,,False,False,"[""product_15""]","[""structured""]","[""structured_row:VoltEdge Tablet Pro 15""]",1,455,candidate
DEC023_STRUCTURED_ONLY,train_kb,conservative_noisy_or_conflict_adjusted,1,VoltEdge Tablet Pro 15,has_price_usd,1299,voltedge tablet pro 15|has_price_usd|1299,1,[0.98],True,0,0.735,0.735,0.88,False,,False,False,"[""product_15""]","[""structured""]","[""structured_row:VoltEdge Tablet Pro 15""]",1,455,candidate
DEC023_STRUCTURED_ONLY,train_kb,conservative_noisy_or_conflict_adjusted,1,VoltEdge Tablet Pro 15,has_screen_size_inch,10.9,voltedge tablet pro 15|has_screen_size_inch|10.9,1,[0.98],True,0,0.735,0.735,0.88,False,,False,False,"[""product_15""]","[""structured""]","[""structured_row:VoltEdge Tablet Pro 15""]",0,455,candidate
DEC023_STRUCTURED_ONLY,train_kb,conservative_noisy_or_conflict_adjusted,1,VoltEdge Tablet Pro 15,has_ram_gb,6,voltedge tablet pro 15|has_ram_gb|6,1,[0.98],True,0,0.735,0.735,0.88,False,,False,False,"[""product_15""]","[""structured""]","[""structured_row:VoltEdge Tablet Pro 15""]",1,455,candidate
DEC023_STRUCTURED_ONLY,train_kb,conservative_noisy_or_conflict_adjusted,1,VoltEdge Tablet Pro 15,has_storage_gb,64,voltedge tablet pro 15|has_storage_gb|64,1,[0.98],True,0,0.735,0.735,0.88,False,,False,False,"[""product_15""]","[""structured""]","[""structured_row:VoltEdge Tablet Pro 15""]",0,455,candidate
DEC023_STRUCTURED_ONLY,train_kb,conservative_noisy_or_conflict_adjusted,1,VoltEdge Tablet Pro 15,has_battery_life_hours,24,voltedge tablet pro 15|has_battery_life_hours|24,1,[0.98],True,0,0.735,0.735,0.88,False,,False,False,"[""product_15""]","[""structured""]","[""structured_row:VoltEdge Tablet Pro 15""]",1,455,candidate
DEC023_STRUCTURED_ONLY,train_kb,conservative_noisy_or_conflict_adjusted,1,VoltEdge Tablet Pro 15,has_weight_kg,0.55,voltedge tablet pro 15|has_weight_kg|0.55,1,[0.98],True,0,0.735,0.735,0.88,False,,False,False,"[""product_15""]","[""structured""]","[""structured_row:VoltEdge Tablet Pro 15""]",0,455,candidate
DEC023_STRUCTURED_ONLY,train_kb,conservative_noisy_or_conflict_adjusted,1,VoltEdge Tablet Pro 15,has_color,green,voltedge tablet pro 15|has_color|green,1,[0.98],False,0,0.735,0.735,0.88,False,,False,False,"[""product_15""]","[""structured""]","[""structured_row:VoltEdge Tablet Pro 15""]",1,455,candidate
DEC023_STRUCTURED_ONLY,train_kb,conservative_noisy_or_conflict_adjusted,1,VoltEdge Tablet Pro 15,made_of_material,aluminum,voltedge tablet pro 15|made_of_material|aluminum,1,[0.98],True,0,0.735,0.735,0.88,False,,False,False,"[""product_15""]","[""structured""]","[""structured_row:VoltEdge Tablet Pro 15""]",0,455,candidate
DEC023_STRUCTURED_ONLY,train_kb,conservative_noisy_or_conflict_adjusted,1,VoltEdge Tablet Pro 15,target_market_region,APAC,voltedge tablet pro 15|target_market_region|apac,1,[0.98],True,0,0.735,0.735,0.88,False,,False,False,"[""product_15""]","[""structured""]","[""structured_row:VoltEdge Tablet Pro 15""]",0,455,candidate
DEC023_STRUCTURED_ONLY,train_kb,conservative_noisy_or_conflict_adjusted,1,VoltEdge Tablet Pro 15,supports_fast_charging,no,voltedge tablet pro 15|supports_fast_charging|no,1,[0.98],True,0,0.735,0.735,0.88,False,,False,False,"[""product_15""]","[""structured""]","[""structured_row:VoltEdge Tablet Pro 15""]",0,455,candidate
DEC023_STRUCTURED_ONLY,train_kb,conservative_noisy_or_conflict_adjusted,1,VoltEdge Tablet Pro 15,has_noise_cancellation,no,voltedge tablet pro 15|has_noise_cancellation|no,1,[0.98],True,0,0.735,0.735,0.88,False,,False,False,"[""product_15""]","[""structured""]","[""structured_row:VoltEdge Tablet Pro 15""]",1,455,candidate
DEC023_STRUCTURED_ONLY,train_kb,conservative_noisy_or_conflict_adjusted,1,Zenbyte Tablet Plus 16,manufactured_by,Zenbyte,zenbyte tablet plus 16|manufactured_by|zenbyte,1,[0.98],True,0,0.735,0.735,0.88,False,,False,False,"[""product_16""]","[""structured""]","[""structured_row:Zenbyte Tablet Plus 16""]",0,455,candidate
DEC023_STRUCTURED_ONLY,train_kb,conservative_noisy_or_conflict_adjusted,1,Zenbyte Tablet Plus 16,belongs_to_category,tablet,zenbyte tablet plus 16|belongs_to_category|tablet,1,[0.98],True,0,0.735,0.735,0.88,False,,False,False,"[""product_16""]","[""structured""]","[""structured_row:Zenbyte Tablet Plus 16""]",1,455,candidate
DEC023_STRUCTURED_ONLY,train_kb,conservative_noisy_or_conflict_adjusted,1,Zenbyte Tablet Plus 16,has_price_usd,1099,zenbyte tablet plus 16|has_price_usd|1099,1,[0.98],True,0,0.735,0.735,0.88,False,,False,False,"[""product_16""]","[""structured""]","[""structured_row:Zenbyte Tablet Plus 16""]",0,455,candidate
DEC023_STRUCTURED_ONLY,train_kb,conservative_noisy_or_conflict_adjusted,1,Zenbyte Tablet Plus 16,has_screen_size_inch,13.3,zenbyte tablet plus 16|has_screen_size_inch|13.3,1,[0.98],True,0,0.735,0.735,0.88,False,,False,False,"[""product_16""]","[""structured""]","[""structured_row:Zenbyte Tablet Plus 16""]",1,455,candidate
DEC023_STRUCTURED_ONLY,train_kb,conservative_noisy_or_conflict_adjusted,1,Zenbyte Tablet Plus 16,has_ram_gb,32,zenbyte tablet plus 16|has_ram_gb|32,1,[0.98],True,0,0.735,0.735,0.88,False,,False,False,"[""product_16""]","[""structured""]","[""structured_row:Zenbyte Tablet Plus 16""]",1,455,candidate
DEC023_STRUCTURED_ONLY,train_kb,conservative_noisy_or_conflict_adjusted,1,Zenbyte Tablet Plus 16,has_storage_gb,64,zenbyte tablet plus 16|has_storage_gb|64,1,[0.98],True,0,0.735,0.735,0.88,False,,False,False,"[""product_16""]","[""structured""]","[""structured_row:Zenbyte Tablet Plus 16""]",1,455,candidate
DEC023_STRUCTURED_ONLY,train_kb,conservative_noisy_or_conflict_adjusted,1,Zenbyte Tablet Plus 16,has_battery_life_hours,8,zenbyte tablet plus 16|has_battery_life_hours|8,1,[0.98],True,0,0.735,0.735,0.88,False,,False,False,"[""product_16""]","[""structured""]","[""structured_row:Zenbyte Tablet Plus 16""]",0,455,candidate
DEC023_STRUCTURED_ONLY,train_kb,conservative_noisy_or_conflict_adjusted,1,Zenbyte Tablet Plus 16,has_weight_kg,1.45,zenbyte tablet plus 16|has_weight_kg|1.45,1,[0.98],True,0,0.735,0.735,0.88,False,,False,False,"[""product_16""]","[""structured""]","[""structured_row:Zenbyte Tablet Plus 16""]",1,455,candidate
DEC023_STRUCTURED_ONLY,train_kb,conservative_noisy_or_conflict_adjusted,1,Zenbyte Tablet Plus 16,has_color,white,zenbyte tablet plus 16|has_color|white,1,[0.98],False,0,0.735,0.735,0.88,False,,False,False,"[""product_16""]","[""structured""]","[""structured_row:Zenbyte Tablet Plus 16""]",0,455,candidate
DEC023_STRUCTURED_ONLY,train_kb,conservative_noisy_or_conflict_adjusted,1,Zenbyte Tablet Plus 16,made_of_material,carbon fiber,zenbyte tablet plus 16|made_of_material|carbon fiber,1,[0.98],True,0,0.735,0.735,0.88,False,,False,False,"[""product_16""]","[""structured""]","[""structured_row:Zenbyte Tablet Plus 16""]",0,455,candidate
DEC023_STRUCTURED_ONLY,train_kb,conservative_noisy_or_conflict_adjusted,1,Zenbyte Tablet Plus 16,target_market_region,Global,zenbyte tablet plus 16|target_market_region|global,1,[0.98],True,0,0.735,0.735,0.88,False,,False,False,"[""product_16""]","[""structured""]","[""structured_row:Zenbyte Tablet Plus 16""]",0,455,candidate
DEC023_STRUCTURED_ONLY,train_kb,conservative_noisy_or_conflict_adjusted,1,Zenbyte Tablet Plus 16,supports_fast_charging,no,zenbyte tablet plus 16|supports_fast_charging|no,1,[0.98],True,0,0.735,0.735,0.88,False,,False,False,"[""product_16""]","[""structured""]","[""structured_row:Zenbyte Tablet Plus 16""]",1,455,candidate
DEC023_STRUCTURED_ONLY,train_kb,conservative_noisy_or_conflict_adjusted,1,Zenbyte Tablet Plus 16,has_noise_cancellation,no,zenbyte tablet plus 16|has_noise_cancellation|no,1,[0.98],True,0,0.735,0.735,0.88,False,,False,False,"[""product_16""]","[""structured""]","[""structured_row:Zenbyte Tablet Plus 16""]",1,455,candidate
DEC023_STRUCTURED_ONLY,train_kb,conservative_noisy_or_conflict_adjusted,1,TechNova Smartphone Max 17,manufactured_by,TechNova,technova smartphone max 17|manufactured_by|technova,1,[0.98],True,0,0.735,0.735,0.88,False,,False,False,"[""product_17""]","[""structured""]","[""structured_row:TechNova Smartphone Max 17""]",1,455,candidate
DEC023_STRUCTURED_ONLY,train_kb,conservative_noisy_or_conflict_adjusted,1,TechNova Smartphone Max 17,belongs_to_category,smartphone,technova smartphone max 17|belongs_to_category|smartphone,1,[0.98],True,0,0.735,0.735,0.88,False,,False,False,"[""product_17""]","[""structured""]","[""structured_row:TechNova Smartphone Max 17""]",1,455,candidate
DEC023_STRUCTURED_ONLY,train_kb,conservative_noisy_or_conflict_adjusted,1,TechNova Smartphone Max 17,has_price_usd,299,technova smartphone max 17|has_price_usd|299,1,[0.98],True,0,0.735,0.735,0.88,False,,False,False,"[""product_17""]","[""structured""]","[""structured_row:TechNova Smartphone Max 17""]",1,455,candidate
DEC023_STRUCTURED_ONLY,train_kb,conservative_noisy_or_conflict_adjusted,1,TechNova Smartphone Max 17,has_screen_size_inch,10.9,technova smartphone max 17|has_screen_size_inch|10.9,1,[0.98],True,0,0.735,0.735,0.88,False,,False,False,"[""product_17""]","[""structured""]","[""structured_row:TechNova Smartphone Max 17""]",0,455,candidate
DEC023_STRUCTURED_ONLY,train_kb,conservative_noisy_or_conflict_adjusted,1,TechNova Smartphone Max 17,has_ram_gb,4,technova smartphone max 17|has_ram_gb|4,1,[0.98],True,0,0.735,0.735,0.88,False,,False,False,"[""product_17""]","[""structured""]","[""structured_row:TechNova Smartphone Max 17""]",0,455,candidate
DEC023_STRUCTURED_ONLY,train_kb,conservative_noisy_or_conflict_adjusted,1,TechNova Smartphone Max 17,has_storage_gb,64,technova smartphone max 17|has_storage_gb|64,1,[0.98],True,0,0.735,0.735,0.88,False,,False,False,"[""product_17""]","[""structured""]","[""structured_row:TechNova Smartphone Max 17""]",1,455,candidate
DEC023_STRUCTURED_ONLY,train_kb,conservative_noisy_or_conflict_adjusted,1,TechNova Smartphone Max 17,has_battery_life_hours,12,technova smartphone max 17|has_battery_life_hours|12,1,[0.98],True,0,0.735,0.735,0.88,False,,False,False,"[""product_17""]","[""structured""]","[""structured_row:TechNova Smartphone Max 17""]",0,455,candidate
DEC023_STRUCTURED_ONLY,train_kb,conservative_noisy_or_conflict_adjusted,1,TechNova Smartphone Max 17,has_weight_kg,0.42,technova smartphone max 17|has_weight_kg|0.42,1,[0.98],True,0,0.735,0.735,0.88,False,,False,False,"[""product_17""]","[""structured""]","[""structured_row:TechNova Smartphone Max 17""]",0,455,candidate
DEC023_STRUCTURED_ONLY,train_kb,conservative_noisy_or_conflict_adjusted,1,TechNova Smartphone Max 17,has_color,green,technova smartphone max 17|has_color|green,1,[0.98],False,0,0.735,0.735,0.88,False,,False,False,"[""product_17""]","[""structured""]","[""structured_row:TechNova Smartphone Max 17""]",1,455,candidate
DEC023_STRUCTURED_ONLY,train_kb,conservative_noisy_or_conflict_adjusted,1,TechNova Smartphone Max 17,made_of_material,plastic,technova smartphone max 17|made_of_material|plastic,1,[0.98],True,0,0.735,0.735,0.88,False,,False,False,"[""product_17""]","[""structured""]","[""structured_row:TechNova Smartphone Max 17""]",0,455,candidate
DEC023_STRUCTURED_ONLY,train_kb,conservative_noisy_or_conflict_adjusted,1,TechNova Smartphone Max 17,target_market_region,Global,technova smartphone max 17|target_market_region|global,1,[0.98],True,0,0.735,0.735,0.88,False,,False,False,"[""product_17""]","[""structured""]","[""structured_row:TechNova Smartphone Max 17""]",1,455,candidate
DEC023_STRUCTURED_ONLY,train_kb,conservative_noisy_or_conflict_adjusted,1,TechNova Smartphone Max 17,supports_fast_charging,yes,technova smartphone max 17|supports_fast_charging|yes,1,[0.98],True,0,0.735,0.735,0.88,False,,False,False,"[""product_17""]","[""structured""]","[""structured_row:TechNova Smartphone Max 17""]",0,455,candidate
DEC023_STRUCTURED_ONLY,train_kb,conservative_noisy_or_conflict_adjusted,1,TechNova Smartphone Max 17,has_noise_cancellation,no,technova smartphone max 17|has_noise_cancellation|no,1,[0.98],True,0,0.735,0.735,0.88,False,,False,False,"[""product_17""]","[""structured""]","[""structured_row:TechNova Smartphone Max 17""]",1,455,candidate
DEC023_STRUCTURED_ONLY,train_kb,conservative_noisy_or_conflict_adjusted,1,Auralex Headphones Pro 18,manufactured_by,Auralex,auralex headphones pro 18|manufactured_by|auralex,1,[0.98],True,0,0.735,0.735,0.88,False,,False,False,"[""product_18""]","[""structured""]","[""structured_row:Auralex Headphones Pro 18""]",1,455,candidate
DEC023_STRUCTURED_ONLY,train_kb,conservative_noisy_or_conflict_adjusted,1,Auralex Headphones Pro 18,belongs_to_category,headphones,auralex headphones pro 18|belongs_to_category|headphones,1,[0.98],True,0,0.735,0.735,0.88,False,,False,False,"[""product_18""]","[""structured""]","[""structured_row:Auralex Headphones Pro 18""]",1,455,candidate
DEC023_STRUCTURED_ONLY,train_kb,conservative_noisy_or_conflict_adjusted,1,Auralex Headphones Pro 18,has_price_usd,249,auralex headphones pro 18|has_price_usd|249,1,[0.98],True,0,0.735,0.735,0.88,False,,False,False,"[""product_18""]","[""structured""]","[""structured_row:Auralex Headphones Pro 18""]",0,455,candidate
DEC023_STRUCTURED_ONLY,train_kb,conservative_noisy_or_conflict_adjusted,1,Auralex Headphones Pro 18,has_screen_size_inch,6.7,auralex headphones pro 18|has_screen_size_inch|6.7,1,[0.98],True,0,0.735,0.735,0.88,False,,False,False,"[""product_18""]","[""structured""]","[""structured_row:Auralex Headphones Pro 18""]",0,455,candidate
DEC023_STRUCTURED_ONLY,train_kb,conservative_noisy_or_conflict_adjusted,1,Auralex Headphones Pro 18,has_ram_gb,4,auralex headphones pro 18|has_ram_gb|4,1,[0.98],True,0,0.735,0.735,0.88,False,,False,False,"[""product_18""]","[""structured""]","[""structured_row:Auralex Headphones Pro 18""]",1,455,candidate
DEC023_STRUCTURED_ONLY,train_kb,conservative_noisy_or_conflict_adjusted,1,Auralex Headphones Pro 18,has_storage_gb,128,auralex headphones pro 18|has_storage_gb|128,1,[0.98],True,0,0.735,0.735,0.88,False,,False,False,"[""product_18""]","[""structured""]","[""structured_row:Auralex Headphones Pro 18""]",0,455,candidate
DEC023_STRUCTURED_ONLY,train_kb,conservative_noisy_or_conflict_adjusted,1,Auralex Headphones Pro 18,has_battery_life_hours,18,auralex headphones pro 18|has_battery_life_hours|18,1,[0.98],True,0,0.735,0.735,0.88,False,,False,False,"[""product_18""]","[""structured""]","[""structured_row:Auralex Headphones Pro 18""]",1,455,candidate
DEC023_STRUCTURED_ONLY,train_kb,conservative_noisy_or_conflict_adjusted,1,Auralex Headphones Pro 18,has_weight_kg,0.23,auralex headphones pro 18|has_weight_kg|0.23,1,[0.98],True,0,0.735,0.735,0.88,False,,False,False,"[""product_18""]","[""structured""]","[""structured_row:Auralex Headphones Pro 18""]",0,455,candidate
DEC023_STRUCTURED_ONLY,train_kb,conservative_noisy_or_conflict_adjusted,1,Auralex Headphones Pro 18,has_color,white,auralex headphones pro 18|has_color|white,1,[0.98],False,0,0.735,0.735,0.88,False,,False,False,"[""product_18""]","[""structured""]","[""structured_row:Auralex Headphones Pro 18""]",0,455,candidate
DEC023_STRUCTURED_ONLY,train_kb,conservative_noisy_or_conflict_adjusted,1,Auralex Headphones Pro 18,made_of_material,plastic,auralex headphones pro 18|made_of_material|plastic,1,[0.98],True,0,0.735,0.735,0.88,False,,False,False,"[""product_18""]","[""structured""]","[""structured_row:Auralex Headphones Pro 18""]",1,455,candidate
DEC023_STRUCTURED_ONLY,train_kb,conservative_noisy_or_conflict_adjusted,1,Auralex Headphones Pro 18,target_market_region,EU,auralex headphones pro 18|target_market_region|eu,1,[0.98],True,0,0.735,0.735,0.88,False,,False,False,"[""product_18""]","[""structured""]","[""structured_row:Auralex Headphones Pro 18""]",1,455,candidate
DEC023_STRUCTURED_ONLY,train_kb,conservative_noisy_or_conflict_adjusted,1,Auralex Headphones Pro 18,supports_fast_charging,yes,auralex headphones pro 18|supports_fast_charging|yes,1,[0.98],True,0,0.735,0.735,0.88,False,,False,False,"[""product_18""]","[""structured""]","[""structured_row:Auralex Headphones Pro 18""]",0,455,candidate
DEC023_STRUCTURED_ONLY,train_kb,conservative_noisy_or_conflict_adjusted,1,Auralex Headphones Pro 18,has_noise_cancellation,yes,auralex headphones pro 18|has_noise_cancellation|yes,1,[0.98],True,0,0.735,0.735,0.88,False,,False,False,"[""product_18""]","[""structured""]","[""structured_row:Auralex Headphones Pro 18""]",1,455,candidate
DEC023_STRUCTURED_ONLY,train_kb,conservative_noisy_or_conflict_adjusted,1,Zenbyte Smartphone Lite 19,manufactured_by,Zenbyte,zenbyte smartphone lite 19|manufactured_by|zenbyte,1,[0.98],True,0,0.735,0.735,0.88,False,,False,False,"[""product_19""]","[""structured""]","[""structured_row:Zenbyte Smartphone Lite 19""]",0,455,candidate
DEC023_STRUCTURED_ONLY,train_kb,conservative_noisy_or_conflict_adjusted,1,Zenbyte Smartphone Lite 19,belongs_to_category,smartphone,zenbyte smartphone lite 19|belongs_to_category|smartphone,1,[0.98],True,0,0.735,0.735,0.88,False,,False,False,"[""product_19""]","[""structured""]","[""structured_row:Zenbyte Smartphone Lite 19""]",0,455,candidate
DEC023_STRUCTURED_ONLY,train_kb,conservative_noisy_or_conflict_adjusted,1,Zenbyte Smartphone Lite 19,has_price_usd,499,zenbyte smartphone lite 19|has_price_usd|499,1,[0.98],True,0,0.735,0.735,0.88,False,,False,False,"[""product_19""]","[""structured""]","[""structured_row:Zenbyte Smartphone Lite 19""]",1,455,candidate
DEC023_STRUCTURED_ONLY,train_kb,conservative_noisy_or_conflict_adjusted,1,Zenbyte Smartphone Lite 19,has_screen_size_inch,11.0,zenbyte smartphone lite 19|has_screen_size_inch|11.0,1,[0.98],True,0,0.735,0.735,0.88,False,,False,False,"[""product_19""]","[""structured""]","[""structured_row:Zenbyte Smartphone Lite 19""]",0,455,candidate
DEC023_STRUCTURED_ONLY,train_kb,conservative_noisy_or_conflict_adjusted,1,Zenbyte Smartphone Lite 19,has_ram_gb,16,zenbyte smartphone lite 19|has_ram_gb|16,1,[0.98],True,0,0.735,0.735,0.88,False,,False,False,"[""product_19""]","[""structured""]","[""structured_row:Zenbyte Smartphone Lite 19""]",0,455,candidate
DEC023_STRUCTURED_ONLY,train_kb,conservative_noisy_or_conflict_adjusted,1,Zenbyte Smartphone Lite 19,has_storage_gb,128,zenbyte smartphone lite 19|has_storage_gb|128,1,[0.98],True,0,0.735,0.735,0.88,False,,False,False,"[""product_19""]","[""structured""]","[""structured_row:Zenbyte Smartphone Lite 19""]",1,455,candidate
DEC023_STRUCTURED_ONLY,train_kb,conservative_noisy_or_conflict_adjusted,1,Zenbyte Smartphone Lite 19,has_battery_life_hours,24,zenbyte smartphone lite 19|has_battery_life_hours|24,1,[0.98],True,0,0.735,0.735,0.88,False,,False,False,"[""product_19""]","[""structured""]","[""structured_row:Zenbyte Smartphone Lite 19""]",1,455,candidate
DEC023_STRUCTURED_ONLY,train_kb,conservative_noisy_or_conflict_adjusted,1,Zenbyte Smartphone Lite 19,has_weight_kg,0.23,zenbyte smartphone lite 19|has_weight_kg|0.23,1,[0.98],True,0,0.735,0.735,0.88,False,,False,False,"[""product_19""]","[""structured""]","[""structured_row:Zenbyte Smartphone Lite 19""]",1,455,candidate
DEC023_STRUCTURED_ONLY,train_kb,conservative_noisy_or_conflict_adjusted,1,Zenbyte Smartphone Lite 19,has_color,green,zenbyte smartphone lite 19|has_color|green,1,[0.98],False,0,0.735,0.735,0.88,False,,False,False,"[""product_19""]","[""structured""]","[""structured_row:Zenbyte Smartphone Lite 19""]",0,455,candidate
DEC023_STRUCTURED_ONLY,train_kb,conservative_noisy_or_conflict_adjusted,1,Zenbyte Smartphone Lite 19,made_of_material,carbon fiber,zenbyte smartphone lite 19|made_of_material|carbon fiber,1,[0.98],True,0,0.735,0.735,0.88,False,,False,False,"[""product_19""]","[""structured""]","[""structured_row:Zenbyte Smartphone Lite 19""]",1,455,candidate
DEC023_STRUCTURED_ONLY,train_kb,conservative_noisy_or_conflict_adjusted,1,Zenbyte Smartphone Lite 19,target_market_region,US,zenbyte smartphone lite 19|target_market_region|us,1,[0.98],True,0,0.735,0.735,0.88,False,,False,False,"[""product_19""]","[""structured""]","[""structured_row:Zenbyte Smartphone Lite 19""]",1,455,candidate
DEC023_STRUCTURED_ONLY,train_kb,conservative_noisy_or_conflict_adjusted,1,Zenbyte Smartphone Lite 19,supports_fast_charging,no,zenbyte smartphone lite 19|supports_fast_charging|no,1,[0.98],True,0,0.735,0.735,0.88,False,,False,False,"[""product_19""]","[""structured""]","[""structured_row:Zenbyte Smartphone Lite 19""]",0,455,candidate
DEC023_STRUCTURED_ONLY,train_kb,conservative_noisy_or_conflict_adjusted,1,Zenbyte Smartphone Lite 19,has_noise_cancellation,no,zenbyte smartphone lite 19|has_noise_cancellation|no,1,[0.98],True,0,0.735,0.735,0.88,False,,False,False,"[""product_19""]","[""structured""]","[""structured_row:Zenbyte Smartphone Lite 19""]",1,455,candidate
DEC023_STRUCTURED_ONLY,train_kb,conservative_noisy_or_conflict_adjusted,1,TechNova Smartwatch Air 20,manufactured_by,TechNova,technova smartwatch air 20|manufactured_by|technova,1,[0.98],True,0,0.735,0.735,0.88,False,,False,False,"[""product_20""]","[""structured""]","[""structured_row:TechNova Smartwatch Air 20""]",1,455,candidate
DEC023_STRUCTURED_ONLY,train_kb,conservative_noisy_or_conflict_adjusted,1,TechNova Smartwatch Air 20,belongs_to_category,smartwatch,technova smartwatch air 20|belongs_to_category|smartwatch,1,[0.98],True,0,0.735,0.735,0.88,False,,False,False,"[""product_20""]","[""structured""]","[""structured_row:TechNova Smartwatch Air 20""]",1,455,candidate
DEC023_STRUCTURED_ONLY,train_kb,conservative_noisy_or_conflict_adjusted,1,TechNova Smartwatch Air 20,has_price_usd,199,technova smartwatch air 20|has_price_usd|199,1,[0.98],True,0,0.735,0.735,0.88,False,,False,False,"[""product_20""]","[""structured""]","[""structured_row:TechNova Smartwatch Air 20""]",0,455,candidate
DEC023_STRUCTURED_ONLY,train_kb,conservative_noisy_or_conflict_adjusted,1,TechNova Smartwatch Air 20,has_screen_size_inch,13.3,technova smartwatch air 20|has_screen_size_inch|13.3,1,[0.98],True,0,0.735,0.735,0.88,False,,False,False,"[""product_20""]","[""structured""]","[""structured_row:TechNova Smartwatch Air 20""]",0,455,candidate
DEC023_STRUCTURED_ONLY,train_kb,conservative_noisy_or_conflict_adjusted,1,TechNova Smartwatch Air 20,has_ram_gb,6,technova smartwatch air 20|has_ram_gb|6,1,[0.98],True,0,0.735,0.735,0.88,False,,False,False,"[""product_20""]","[""structured""]","[""structured_row:TechNova Smartwatch Air 20""]",0,455,candidate
DEC023_STRUCTURED_ONLY,train_kb,conservative_noisy_or_conflict_adjusted,1,TechNova Smartwatch Air 20,has_storage_gb,512,technova smartwatch air 20|has_storage_gb|512,1,[0.98],True,0,0.735,0.735,0.88,False,,False,False,"[""product_20""]","[""structured""]","[""structured_row:TechNova Smartwatch Air 20""]",0,455,candidate
DEC023_STRUCTURED_ONLY,train_kb,conservative_noisy_or_conflict_adjusted,1,TechNova Smartwatch Air 20,has_battery_life_hours,8,technova smartwatch air 20|has_battery_life_hours|8,1,[0.98],True,0,0.735,0.735,0.88,False,,False,False,"[""product_20""]","[""structured""]","[""structured_row:TechNova Smartwatch Air 20""]",0,455,candidate
DEC023_STRUCTURED_ONLY,train_kb,conservative_noisy_or_conflict_adjusted,1,TechNova Smartwatch Air 20,has_weight_kg,1.2,technova smartwatch air 20|has_weight_kg|1.2,1,[0.98],True,0,0.735,0.735,0.88,False,,False,False,"[""product_20""]","[""structured""]","[""structured_row:TechNova Smartwatch Air 20""]",1,455,candidate
DEC023_STRUCTURED_ONLY,train_kb,conservative_noisy_or_conflict_adjusted,1,TechNova Smartwatch Air 20,has_color,silver,technova smartwatch air 20|has_color|silver,1,[0.98],False,0,0.735,0.735,0.88,False,,False,False,"[""product_20""]","[""structured""]","[""structured_row:TechNova Smartwatch Air 20""]",0,455,candidate
DEC023_STRUCTURED_ONLY,train_kb,conservative_noisy_or_conflict_adjusted,1,TechNova Smartwatch Air 20,made_of_material,plastic,technova smartwatch air 20|made_of_material|plastic,1,[0.98],True,0,0.735,0.735,0.88,False,,False,False,"[""product_20""]","[""structured""]","[""structured_row:TechNova Smartwatch Air 20""]",1,455,candidate
DEC023_STRUCTURED_ONLY,train_kb,conservative_noisy_or_conflict_adjusted,1,TechNova Smartwatch Air 20,target_market_region,Global,technova smartwatch air 20|target_market_region|global,1,[0.98],True,0,0.735,0.735,0.88,False,,False,False,"[""product_20""]","[""structured""]","[""structured_row:TechNova Smartwatch Air 20""]",1,455,candidate
DEC023_STRUCTURED_ONLY,train_kb,conservative_noisy_or_conflict_adjusted,1,TechNova Smartwatch Air 20,supports_fast_charging,yes,technova smartwatch air 20|supports_fast_charging|yes,1,[0.98],True,0,0.735,0.735,0.88,False,,False,False,"[""product_20""]","[""structured""]","[""structured_row:TechNova Smartwatch Air 20""]",1,455,candidate
DEC023_STRUCTURED_ONLY,train_kb,conservative_noisy_or_conflict_adjusted,1,TechNova Smartwatch Air 20,has_noise_cancellation,no,technova smartwatch air 20|has_noise_cancellation|no,1,[0.98],True,0,0.735,0.735,0.88,False,,False,False,"[""product_20""]","[""structured""]","[""structured_row:TechNova Smartwatch Air 20""]",1,455,candidate
DEC023_STRUCTURED_ONLY,train_kb,conservative_noisy_or_conflict_adjusted,1,VoltEdge Smartphone Max 22,manufactured_by,VoltEdge,voltedge smartphone max 22|manufactured_by|voltedge,1,[0.98],True,0,0.735,0.735,0.88,False,,False,False,"[""product_22""]","[""structured""]","[""structured_row:VoltEdge Smartphone Max 22""]",0,455,candidate
DEC023_STRUCTURED_ONLY,train_kb,conservative_noisy_or_conflict_adjusted,1,VoltEdge Smartphone Max 22,belongs_to_category,smartphone,voltedge smartphone max 22|belongs_to_category|smartphone,1,[0.98],True,0,0.735,0.735,0.88,False,,False,False,"[""product_22""]","[""structured""]","[""structured_row:VoltEdge Smartphone Max 22""]",0,455,candidate
DEC023_STRUCTURED_ONLY,train_kb,conservative_noisy_or_conflict_adjusted,1,VoltEdge Smartphone Max 22,has_price_usd,249,voltedge smartphone max 22|has_price_usd|249,1,[0.98],True,0,0.735,0.735,0.88,False,,False,False,"[""product_22""]","[""structured""]","[""structured_row:VoltEdge Smartphone Max 22""]",0,455,candidate
DEC023_STRUCTURED_ONLY,train_kb,conservative_noisy_or_conflict_adjusted,1,VoltEdge Smartphone Max 22,has_screen_size_inch,13.3,voltedge smartphone max 22|has_screen_size_inch|13.3,1,[0.98],True,0,0.735,0.735,0.88,False,,False,False,"[""product_22""]","[""structured""]","[""structured_row:VoltEdge Smartphone Max 22""]",0,455,candidate
DEC023_STRUCTURED_ONLY,train_kb,conservative_noisy_or_conflict_adjusted,1,VoltEdge Smartphone Max 22,has_ram_gb,16,voltedge smartphone max 22|has_ram_gb|16,1,[0.98],True,0,0.735,0.735,0.88,False,,False,False,"[""product_22""]","[""structured""]","[""structured_row:VoltEdge Smartphone Max 22""]",1,455,candidate
DEC023_STRUCTURED_ONLY,train_kb,conservative_noisy_or_conflict_adjusted,1,VoltEdge Smartphone Max 22,has_storage_gb,512,voltedge smartphone max 22|has_storage_gb|512,1,[0.98],True,0,0.735,0.735,0.88,False,,False,False,"[""product_22""]","[""structured""]","[""structured_row:VoltEdge Smartphone Max 22""]",1,455,candidate
DEC023_STRUCTURED_ONLY,train_kb,conservative_noisy_or_conflict_adjusted,1,VoltEdge Smartphone Max 22,has_battery_life_hours,24,voltedge smartphone max 22|has_battery_life_hours|24,1,[0.98],True,0,0.735,0.735,0.88,False,,False,False,"[""product_22""]","[""structured""]","[""structured_row:VoltEdge Smartphone Max 22""]",0,455,candidate
DEC023_STRUCTURED_ONLY,train_kb,conservative_noisy_or_conflict_adjusted,1,VoltEdge Smartphone Max 22,has_weight_kg,1.2,voltedge smartphone max 22|has_weight_kg|1.2,1,[0.98],True,0,0.735,0.735,0.88,False,,False,False,"[""product_22""]","[""structured""]","[""structured_row:VoltEdge Smartphone Max 22""]",0,455,candidate
DEC023_STRUCTURED_ONLY,train_kb,conservative_noisy_or_conflict_adjusted,1,VoltEdge Smartphone Max 22,has_color,black,voltedge smartphone max 22|has_color|black,1,[0.98],False,0,0.735,0.735,0.88,False,,False,False,"[""product_22""]","[""structured""]","[""structured_row:VoltEdge Smartphone Max 22""]",1,455,candidate
DEC023_STRUCTURED_ONLY,train_kb,conservative_noisy_or_conflict_adjusted,1,VoltEdge Smartphone Max 22,made_of_material,carbon fiber,voltedge smartphone max 22|made_of_material|carbon fiber,1,[0.98],True,0,0.735,0.735,0.88,False,,False,False,"[""product_22""]","[""structured""]","[""structured_row:VoltEdge Smartphone Max 22""]",1,455,candidate
DEC023_STRUCTURED_ONLY,train_kb,conservative_noisy_or_conflict_adjusted,1,VoltEdge Smartphone Max 22,target_market_region,EU,voltedge smartphone max 22|target_market_region|eu,1,[0.98],True,0,0.735,0.735,0.88,False,,False,False,"[""product_22""]","[""structured""]","[""structured_row:VoltEdge Smartphone Max 22""]",1,455,candidate
DEC023_STRUCTURED_ONLY,train_kb,conservative_noisy_or_conflict_adjusted,1,VoltEdge Smartphone Max 22,supports_fast_charging,yes,voltedge smartphone max 22|supports_fast_charging|yes,1,[0.98],True,0,0.735,0.735,0.88,False,,False,False,"[""product_22""]","[""structured""]","[""structured_row:VoltEdge Smartphone Max 22""]",1,455,candidate
DEC023_STRUCTURED_ONLY,train_kb,conservative_noisy_or_conflict_adjusted,1,VoltEdge Smartphone Max 22,has_noise_cancellation,no,voltedge smartphone max 22|has_noise_cancellation|no,1,[0.98],True,0,0.735,0.735,0.88,False,,False,False,"[""product_22""]","[""structured""]","[""structured_row:VoltEdge Smartphone Max 22""]",1,455,candidate
DEC023_STRUCTURED_ONLY,train_kb,conservative_noisy_or_conflict_adjusted,1,Zenbyte Tablet Pro 23,manufactured_by,Zenbyte,zenbyte tablet pro 23|manufactured_by|zenbyte,1,[0.98],True,0,0.735,0.735,0.88,False,,False,False,"[""product_23""]","[""structured""]","[""structured_row:Zenbyte Tablet Pro 23""]",1,455,candidate
DEC023_STRUCTURED_ONLY,train_kb,conservative_noisy_or_conflict_adjusted,1,Zenbyte Tablet Pro 23,belongs_to_category,tablet,zenbyte tablet pro 23|belongs_to_category|tablet,1,[0.98],True,0,0.735,0.735,0.88,False,,False,False,"[""product_23""]","[""structured""]","[""structured_row:Zenbyte Tablet Pro 23""]",1,455,candidate
DEC023_STRUCTURED_ONLY,train_kb,conservative_noisy_or_conflict_adjusted,1,Zenbyte Tablet Pro 23,has_price_usd,199,zenbyte tablet pro 23|has_price_usd|199,1,[0.98],True,0,0.735,0.735,0.88,False,,False,False,"[""product_23""]","[""structured""]","[""structured_row:Zenbyte Tablet Pro 23""]",0,455,candidate
DEC023_STRUCTURED_ONLY,train_kb,conservative_noisy_or_conflict_adjusted,1,Zenbyte Tablet Pro 23,has_screen_size_inch,6.1,zenbyte tablet pro 23|has_screen_size_inch|6.1,1,[0.98],True,0,0.735,0.735,0.88,False,,False,False,"[""product_23""]","[""structured""]","[""structured_row:Zenbyte Tablet Pro 23""]",0,455,candidate
DEC023_STRUCTURED_ONLY,train_kb,conservative_noisy_or_conflict_adjusted,1,Zenbyte Tablet Pro 23,has_ram_gb,4,zenbyte tablet pro 23|has_ram_gb|4,1,[0.98],True,0,0.735,0.735,0.88,False,,False,False,"[""product_23""]","[""structured""]","[""structured_row:Zenbyte Tablet Pro 23""]",1,455,candidate
DEC023_STRUCTURED_ONLY,train_kb,conservative_noisy_or_conflict_adjusted,1,Zenbyte Tablet Pro 23,has_storage_gb,512,zenbyte tablet pro 23|has_storage_gb|512,1,[0.98],True,0,0.735,0.735,0.88,False,,False,False,"[""product_23""]","[""structured""]","[""structured_row:Zenbyte Tablet Pro 23""]",1,455,candidate
DEC023_STRUCTURED_ONLY,train_kb,conservative_noisy_or_conflict_adjusted,1,Zenbyte Tablet Pro 23,has_battery_life_hours,12,zenbyte tablet pro 23|has_battery_life_hours|12,1,[0.98],True,0,0.735,0.735,0.88,False,,False,False,"[""product_23""]","[""structured""]","[""structured_row:Zenbyte Tablet Pro 23""]",0,455,candidate
DEC023_STRUCTURED_ONLY,train_kb,conservative_noisy_or_conflict_adjusted,1,Zenbyte Tablet Pro 23,has_weight_kg,0.42,zenbyte tablet pro 23|has_weight_kg|0.42,1,[0.98],True,0,0.735,0.735,0.88,False,,False,False,"[""product_23""]","[""structured""]","[""structured_row:Zenbyte Tablet Pro 23""]",1,455,candidate
DEC023_STRUCTURED_ONLY,train_kb,conservative_noisy_or_conflict_adjusted,1,Zenbyte Tablet Pro 23,has_color,black,zenbyte tablet pro 23|has_color|black,1,[0.98],False,0,0.735,0.735,0.88,False,,False,False,"[""product_23""]","[""structured""]","[""structured_row:Zenbyte Tablet Pro 23""]",0,455,candidate
DEC023_STRUCTURED_ONLY,train_kb,conservative_noisy_or_conflict_adjusted,1,Zenbyte Tablet Pro 23,made_of_material,plastic,zenbyte tablet pro 23|made_of_material|plastic,1,[0.98],True,0,0.735,0.735,0.88,False,,False,False,"[""product_23""]","[""structured""]","[""structured_row:Zenbyte Tablet Pro 23""]",0,455,candidate
DEC023_STRUCTURED_ONLY,train_kb,conservative_noisy_or_conflict_adjusted,1,Zenbyte Tablet Pro 23,target_market_region,EU,zenbyte tablet pro 23|target_market_region|eu,1,[0.98],True,0,0.735,0.735,0.88,False,,False,False,"[""product_23""]","[""structured""]","[""structured_row:Zenbyte Tablet Pro 23""]",0,455,candidate
DEC023_STRUCTURED_ONLY,train_kb,conservative_noisy_or_conflict_adjusted,1,Zenbyte Tablet Pro 23,supports_fast_charging,no,zenbyte tablet pro 23|supports_fast_charging|no,1,[0.98],True,0,0.735,0.735,0.88,False,,False,False,"[""product_23""]","[""structured""]","[""structured_row:Zenbyte Tablet Pro 23""]",1,455,candidate
DEC023_STRUCTURED_ONLY,train_kb,conservative_noisy_or_conflict_adjusted,1,Zenbyte Tablet Pro 23,has_noise_cancellation,no,zenbyte tablet pro 23|has_noise_cancellation|no,1,[0.98],True,0,0.735,0.735,0.88,False,,False,False,"[""product_23""]","[""structured""]","[""structured_row:Zenbyte Tablet Pro 23""]",1,455,candidate
DEC023_STRUCTURED_ONLY,train_kb,conservative_noisy_or_conflict_adjusted,1,Zenbyte Headphones Air 25,manufactured_by,Zenbyte,zenbyte headphones air 25|manufactured_by|zenbyte,1,[0.98],True,0,0.735,0.735,0.88,False,,False,False,"[""product_25""]","[""structured""]","[""structured_row:Zenbyte Headphones Air 25""]",0,455,candidate
DEC023_STRUCTURED_ONLY,train_kb,conservative_noisy_or_conflict_adjusted,1,Zenbyte Headphones Air 25,belongs_to_category,headphones,zenbyte headphones air 25|belongs_to_category|headphones,1,[0.98],True,0,0.735,0.735,0.88,False,,False,False,"[""product_25""]","[""structured""]","[""structured_row:Zenbyte Headphones Air 25""]",1,455,candidate
DEC023_STRUCTURED_ONLY,train_kb,conservative_noisy_or_conflict_adjusted,1,Zenbyte Headphones Air 25,has_price_usd,899,zenbyte headphones air 25|has_price_usd|899,1,[0.98],True,0,0.735,0.735,0.88,False,,False,False,"[""product_25""]","[""structured""]","[""structured_row:Zenbyte Headphones Air 25""]",1,455,candidate
DEC023_STRUCTURED_ONLY,train_kb,conservative_noisy_or_conflict_adjusted,1,Zenbyte Headphones Air 25,has_screen_size_inch,11.0,zenbyte headphones air 25|has_screen_size_inch|11.0,1,[0.98],True,0,0.735,0.735,0.88,False,,False,False,"[""product_25""]","[""structured""]","[""structured_row:Zenbyte Headphones Air 25""]",0,455,candidate
DEC023_STRUCTURED_ONLY,train_kb,conservative_noisy_or_conflict_adjusted,1,Zenbyte Headphones Air 25,has_ram_gb,6,zenbyte headphones air 25|has_ram_gb|6,1,[0.98],True,0,0.735,0.735,0.88,False,,False,False,"[""product_25""]","[""structured""]","[""structured_row:Zenbyte Headphones Air 25""]",0,455,candidate
DEC023_STRUCTURED_ONLY,train_kb,conservative_noisy_or_conflict_adjusted,1,Zenbyte Headphones Air 25,has_storage_gb,128,zenbyte headphones air 25|has_storage_gb|128,1,[0.98],True,0,0.735,0.735,0.88,False,,False,False,"[""product_25""]","[""structured""]","[""structured_row:Zenbyte Headphones Air 25""]",1,455,candidate
DEC023_STRUCTURED_ONLY,train_kb,conservative_noisy_or_conflict_adjusted,1,Zenbyte Headphones Air 25,has_battery_life_hours,20,zenbyte headphones air 25|has_battery_life_hours|20,1,[0.98],True,0,0.735,0.735,0.88,False,,False,False,"[""product_25""]","[""structured""]","[""structured_row:Zenbyte Headphones Air 25""]",1,455,candidate
DEC023_STRUCTURED_ONLY,train_kb,conservative_noisy_or_conflict_adjusted,1,Zenbyte Headphones Air 25,has_weight_kg,1.2,zenbyte headphones air 25|has_weight_kg|1.2,1,[0.98],True,0,0.735,0.735,0.88,False,,False,False,"[""product_25""]","[""structured""]","[""structured_row:Zenbyte Headphones Air 25""]",1,455,candidate
DEC023_STRUCTURED_ONLY,train_kb,conservative_noisy_or_conflict_adjusted,1,Zenbyte Headphones Air 25,has_color,silver,zenbyte headphones air 25|has_color|silver,1,[0.98],False,0,0.735,0.735,0.88,False,,False,False,"[""product_25""]","[""structured""]","[""structured_row:Zenbyte Headphones Air 25""]",1,455,candidate
DEC023_STRUCTURED_ONLY,train_kb,conservative_noisy_or_conflict_adjusted,1,Zenbyte Headphones Air 25,made_of_material,aluminum,zenbyte headphones air 25|made_of_material|aluminum,1,[0.98],True,0,0.735,0.735,0.88,False,,False,False,"[""product_25""]","[""structured""]","[""structured_row:Zenbyte Headphones Air 25""]",0,455,candidate
DEC023_STRUCTURED_ONLY,train_kb,conservative_noisy_or_conflict_adjusted,1,Zenbyte Headphones Air 25,target_market_region,Global,zenbyte headphones air 25|target_market_region|global,1,[0.98],True,0,0.735,0.735,0.88,False,,False,False,"[""product_25""]","[""structured""]","[""structured_row:Zenbyte Headphones Air 25""]",1,455,candidate
DEC023_STRUCTURED_ONLY,train_kb,conservative_noisy_or_conflict_adjusted,1,Zenbyte Headphones Air 25,supports_fast_charging,no,zenbyte headphones air 25|supports_fast_charging|no,1,[0.98],True,0,0.735,0.735,0.88,False,,False,False,"[""product_25""]","[""structured""]","[""structured_row:Zenbyte Headphones Air 25""]",0,455,candidate
DEC023_STRUCTURED_ONLY,train_kb,conservative_noisy_or_conflict_adjusted,1,Zenbyte Headphones Air 25,has_noise_cancellation,no,zenbyte headphones air 25|has_noise_cancellation|no,1,[0.98],True,0,0.735,0.735,0.88,False,,False,False,"[""product_25""]","[""structured""]","[""structured_row:Zenbyte Headphones Air 25""]",0,455,candidate
DEC023_STRUCTURED_ONLY,train_kb,conservative_noisy_or_conflict_adjusted,1,Zenbyte Headphones Air 27,manufactured_by,Zenbyte,zenbyte headphones air 27|manufactured_by|zenbyte,1,[0.98],True,0,0.735,0.735,0.88,False,,False,False,"[""product_27""]","[""structured""]","[""structured_row:Zenbyte Headphones Air 27""]",1,455,candidate
DEC023_STRUCTURED_ONLY,train_kb,conservative_noisy_or_conflict_adjusted,1,Zenbyte Headphones Air 27,belongs_to_category,headphones,zenbyte headphones air 27|belongs_to_category|headphones,1,[0.98],True,0,0.735,0.735,0.88,False,,False,False,"[""product_27""]","[""structured""]","[""structured_row:Zenbyte Headphones Air 27""]",0,455,candidate
DEC023_STRUCTURED_ONLY,train_kb,conservative_noisy_or_conflict_adjusted,1,Zenbyte Headphones Air 27,has_price_usd,199,zenbyte headphones air 27|has_price_usd|199,1,[0.98],True,0,0.735,0.735,0.88,False,,False,False,"[""product_27""]","[""structured""]","[""structured_row:Zenbyte Headphones Air 27""]",1,455,candidate
DEC023_STRUCTURED_ONLY,train_kb,conservative_noisy_or_conflict_adjusted,1,Zenbyte Headphones Air 27,has_screen_size_inch,10.9,zenbyte headphones air 27|has_screen_size_inch|10.9,1,[0.98],True,0,0.735,0.735,0.88,False,,False,False,"[""product_27""]","[""structured""]","[""structured_row:Zenbyte Headphones Air 27""]",0,455,candidate
DEC023_STRUCTURED_ONLY,train_kb,conservative_noisy_or_conflict_adjusted,1,Zenbyte Headphones Air 27,has_ram_gb,32,zenbyte headphones air 27|has_ram_gb|32,1,[0.98],True,0,0.735,0.735,0.88,False,,False,False,"[""product_27""]","[""structured""]","[""structured_row:Zenbyte Headphones Air 27""]",1,455,candidate
DEC023_STRUCTURED_ONLY,train_kb,conservative_noisy_or_conflict_adjusted,1,Zenbyte Headphones Air 27,has_storage_gb,128,zenbyte headphones air 27|has_storage_gb|128,1,[0.98],True,0,0.735,0.735,0.88,False,,False,False,"[""product_27""]","[""structured""]","[""structured_row:Zenbyte Headphones Air 27""]",0,455,candidate
DEC023_STRUCTURED_ONLY,train_kb,conservative_noisy_or_conflict_adjusted,1,Zenbyte Headphones Air 27,has_battery_life_hours,18,zenbyte headphones air 27|has_battery_life_hours|18,1,[0.98],True,0,0.735,0.735,0.88,False,,False,False,"[""product_27""]","[""structured""]","[""structured_row:Zenbyte Headphones Air 27""]",0,455,candidate
DEC023_STRUCTURED_ONLY,train_kb,conservative_noisy_or_conflict_adjusted,1,Zenbyte Headphones Air 27,has_weight_kg,0.42,zenbyte headphones air 27|has_weight_kg|0.42,1,[0.98],True,0,0.735,0.735,0.88,False,,False,False,"[""product_27""]","[""structured""]","[""structured_row:Zenbyte Headphones Air 27""]",0,455,candidate
DEC023_STRUCTURED_ONLY,train_kb,conservative_noisy_or_conflict_adjusted,1,Zenbyte Headphones Air 27,has_color,blue,zenbyte headphones air 27|has_color|blue,1,[0.98],False,0,0.735,0.735,0.88,False,,False,False,"[""product_27""]","[""structured""]","[""structured_row:Zenbyte Headphones Air 27""]",1,455,candidate
DEC023_STRUCTURED_ONLY,train_kb,conservative_noisy_or_conflict_adjusted,1,Zenbyte Headphones Air 27,made_of_material,aluminum,zenbyte headphones air 27|made_of_material|aluminum,1,[0.98],True,0,0.735,0.735,0.88,False,,False,False,"[""product_27""]","[""structured""]","[""structured_row:Zenbyte Headphones Air 27""]",1,455,candidate
DEC023_STRUCTURED_ONLY,train_kb,conservative_noisy_or_conflict_adjusted,1,Zenbyte Headphones Air 27,target_market_region,Global,zenbyte headphones air 27|target_market_region|global,1,[0.98],True,0,0.735,0.735,0.88,False,,False,False,"[""product_27""]","[""structured""]","[""structured_row:Zenbyte Headphones Air 27""]",1,455,candidate
DEC023_STRUCTURED_ONLY,train_kb,conservative_noisy_or_conflict_adjusted,1,Zenbyte Headphones Air 27,supports_fast_charging,no,zenbyte headphones air 27|supports_fast_charging|no,1,[0.98],True,0,0.735,0.735,0.88,False,,False,False,"[""product_27""]","[""structured""]","[""structured_row:Zenbyte Headphones Air 27""]",0,455,candidate
DEC023_STRUCTURED_ONLY,train_kb,conservative_noisy_or_conflict_adjusted,1,Zenbyte Headphones Air 27,has_noise_cancellation,yes,zenbyte headphones air 27|has_noise_cancellation|yes,1,[0.98],True,0,0.735,0.735,0.88,False,,False,False,"[""product_27""]","[""structured""]","[""structured_row:Zenbyte Headphones Air 27""]",1,455,candidate
DEC023_STRUCTURED_ONLY,train_kb,conservative_noisy_or_conflict_adjusted,1,TechNova Tablet Max 28,manufactured_by,TechNova,technova tablet max 28|manufactured_by|technova,1,[0.98],True,0,0.735,0.735,0.88,False,,False,False,"[""product_28""]","[""structured""]","[""structured_row:TechNova Tablet Max 28""]",1,455,candidate
DEC023_STRUCTURED_ONLY,train_kb,conservative_noisy_or_conflict_adjusted,1,TechNova Tablet Max 28,belongs_to_category,tablet,technova tablet max 28|belongs_to_category|tablet,1,[0.98],True,0,0.735,0.735,0.88,False,,False,False,"[""product_28""]","[""structured""]","[""structured_row:TechNova Tablet Max 28""]",1,455,candidate
DEC023_STRUCTURED_ONLY,train_kb,conservative_noisy_or_conflict_adjusted,1,TechNova Tablet Max 28,has_price_usd,199,technova tablet max 28|has_price_usd|199,1,[0.98],True,0,0.735,0.735,0.88,False,,False,False,"[""product_28""]","[""structured""]","[""structured_row:TechNova Tablet Max 28""]",1,455,candidate
DEC023_STRUCTURED_ONLY,train_kb,conservative_noisy_or_conflict_adjusted,1,TechNova Tablet Max 28,has_screen_size_inch,14.0,technova tablet max 28|has_screen_size_inch|14.0,1,[0.98],True,0,0.735,0.735,0.88,False,,False,False,"[""product_28""]","[""structured""]","[""structured_row:TechNova Tablet Max 28""]",0,455,candidate
DEC023_STRUCTURED_ONLY,train_kb,conservative_noisy_or_conflict_adjusted,1,TechNova Tablet Max 28,has_ram_gb,4,technova tablet max 28|has_ram_gb|4,1,[0.98],True,0,0.735,0.735,0.88,False,,False,False,"[""product_28""]","[""structured""]","[""structured_row:TechNova Tablet Max 28""]",1,455,candidate
DEC023_STRUCTURED_ONLY,train_kb,conservative_noisy_or_conflict_adjusted,1,TechNova Tablet Max 28,has_storage_gb,256,technova tablet max 28|has_storage_gb|256,1,[0.98],True,0,0.735,0.735,0.88,False,,False,False,"[""product_28""]","[""structured""]","[""structured_row:TechNova Tablet Max 28""]",0,455,candidate
DEC023_STRUCTURED_ONLY,train_kb,conservative_noisy_or_conflict_adjusted,1,TechNova Tablet Max 28,has_battery_life_hours,12,technova tablet max 28|has_battery_life_hours|12,1,[0.98],True,0,0.735,0.735,0.88,False,,False,False,"[""product_28""]","[""structured""]","[""structured_row:TechNova Tablet Max 28""]",1,455,candidate
DEC023_STRUCTURED_ONLY,train_kb,conservative_noisy_or_conflict_adjusted,1,TechNova Tablet Max 28,has_weight_kg,0.23,technova tablet max 28|has_weight_kg|0.23,1,[0.98],True,0,0.735,0.735,0.88,False,,False,False,"[""product_28""]","[""structured""]","[""structured_row:TechNova Tablet Max 28""]",1,455,candidate
DEC023_STRUCTURED_ONLY,train_kb,conservative_noisy_or_conflict_adjusted,1,TechNova Tablet Max 28,has_color,blue,technova tablet max 28|has_color|blue,1,[0.98],False,0,0.735,0.735,0.88,False,,False,False,"[""product_28""]","[""structured""]","[""structured_row:TechNova Tablet Max 28""]",1,455,candidate
DEC023_STRUCTURED_ONLY,train_kb,conservative_noisy_or_conflict_adjusted,1,TechNova Tablet Max 28,made_of_material,plastic,technova tablet max 28|made_of_material|plastic,1,[0.98],True,0,0.735,0.735,0.88,False,,False,False,"[""product_28""]","[""structured""]","[""structured_row:TechNova Tablet Max 28""]",0,455,candidate
DEC023_STRUCTURED_ONLY,train_kb,conservative_noisy_or_conflict_adjusted,1,TechNova Tablet Max 28,target_market_region,US,technova tablet max 28|target_market_region|us,1,[0.98],True,0,0.735,0.735,0.88,False,,False,False,"[""product_28""]","[""structured""]","[""structured_row:TechNova Tablet Max 28""]",0,455,candidate
DEC023_STRUCTURED_ONLY,train_kb,conservative_noisy_or_conflict_adjusted,1,TechNova Tablet Max 28,supports_fast_charging,no,technova tablet max 28|supports_fast_charging|no,1,[0.98],True,0,0.735,0.735,0.88,False,,False,False,"[""product_28""]","[""structured""]","[""structured_row:TechNova Tablet Max 28""]",0,455,candidate
DEC023_STRUCTURED_ONLY,train_kb,conservative_noisy_or_conflict_adjusted,1,TechNova Tablet Max 28,has_noise_cancellation,no,technova tablet max 28|has_noise_cancellation|no,1,[0.98],True,0,0.735,0.735,0.88,False,,False,False,"[""product_28""]","[""structured""]","[""structured_row:TechNova Tablet Max 28""]",0,455,candidate
DEC023_STRUCTURED_ONLY,train_kb,conservative_noisy_or_conflict_adjusted,1,PixelWare Smartwatch Pro 29,manufactured_by,PixelWare,pixelware smartwatch pro 29|manufactured_by|pixelware,1,[0.98],True,0,0.735,0.735,0.88,False,,False,False,"[""product_29""]","[""structured""]","[""structured_row:PixelWare Smartwatch Pro 29""]",0,455,candidate
DEC023_STRUCTURED_ONLY,train_kb,conservative_noisy_or_conflict_adjusted,1,PixelWare Smartwatch Pro 29,belongs_to_category,smartwatch,pixelware smartwatch pro 29|belongs_to_category|smartwatch,1,[0.98],True,0,0.735,0.735,0.88,False,,False,False,"[""product_29""]","[""structured""]","[""structured_row:PixelWare Smartwatch Pro 29""]",1,455,candidate
DEC023_STRUCTURED_ONLY,train_kb,conservative_noisy_or_conflict_adjusted,1,PixelWare Smartwatch Pro 29,has_price_usd,699,pixelware smartwatch pro 29|has_price_usd|699,1,[0.98],True,0,0.735,0.735,0.88,False,,False,False,"[""product_29""]","[""structured""]","[""structured_row:PixelWare Smartwatch Pro 29""]",1,455,candidate
DEC023_STRUCTURED_ONLY,train_kb,conservative_noisy_or_conflict_adjusted,1,PixelWare Smartwatch Pro 29,has_screen_size_inch,13.3,pixelware smartwatch pro 29|has_screen_size_inch|13.3,1,[0.98],True,0,0.735,0.735,0.88,False,,False,False,"[""product_29""]","[""structured""]","[""structured_row:PixelWare Smartwatch Pro 29""]",1,455,candidate
DEC023_STRUCTURED_ONLY,train_kb,conservative_noisy_or_conflict_adjusted,1,PixelWare Smartwatch Pro 29,has_ram_gb,12,pixelware smartwatch pro 29|has_ram_gb|12,1,[0.98],True,0,0.735,0.735,0.88,False,,False,False,"[""product_29""]","[""structured""]","[""structured_row:PixelWare Smartwatch Pro 29""]",0,455,candidate
DEC023_STRUCTURED_ONLY,train_kb,conservative_noisy_or_conflict_adjusted,1,PixelWare Smartwatch Pro 29,has_storage_gb,256,pixelware smartwatch pro 29|has_storage_gb|256,1,[0.98],True,0,0.735,0.735,0.88,False,,False,False,"[""product_29""]","[""structured""]","[""structured_row:PixelWare Smartwatch Pro 29""]",0,455,candidate
DEC023_STRUCTURED_ONLY,train_kb,conservative_noisy_or_conflict_adjusted,1,PixelWare Smartwatch Pro 29,has_battery_life_hours,24,pixelware smartwatch pro 29|has_battery_life_hours|24,1,[0.98],True,0,0.735,0.735,0.88,False,,False,False,"[""product_29""]","[""structured""]","[""structured_row:PixelWare Smartwatch Pro 29""]",0,455,candidate
DEC023_STRUCTURED_ONLY,train_kb,conservative_noisy_or_conflict_adjusted,1,PixelWare Smartwatch Pro 29,has_weight_kg,0.18,pixelware smartwatch pro 29|has_weight_kg|0.18,1,[0.98],True,0,0.735,0.735,0.88,False,,False,False,"[""product_29""]","[""structured""]","[""structured_row:PixelWare Smartwatch Pro 29""]",1,455,candidate
DEC023_STRUCTURED_ONLY,train_kb,conservative_noisy_or_conflict_adjusted,1,PixelWare Smartwatch Pro 29,has_color,green,pixelware smartwatch pro 29|has_color|green,1,[0.98],False,0,0.735,0.735,0.88,False,,False,False,"[""product_29""]","[""structured""]","[""structured_row:PixelWare Smartwatch Pro 29""]",0,455,candidate
DEC023_STRUCTURED_ONLY,train_kb,conservative_noisy_or_conflict_adjusted,1,PixelWare Smartwatch Pro 29,made_of_material,carbon fiber,pixelware smartwatch pro 29|made_of_material|carbon fiber,1,[0.98],True,0,0.735,0.735,0.88,False,,False,False,"[""product_29""]","[""structured""]","[""structured_row:PixelWare Smartwatch Pro 29""]",1,455,candidate
DEC023_STRUCTURED_ONLY,train_kb,conservative_noisy_or_conflict_adjusted,1,PixelWare Smartwatch Pro 29,target_market_region,APAC,pixelware smartwatch pro 29|target_market_region|apac,1,[0.98],True,0,0.735,0.735,0.88,False,,False,False,"[""product_29""]","[""structured""]","[""structured_row:PixelWare Smartwatch Pro 29""]",0,455,candidate
DEC023_STRUCTURED_ONLY,train_kb,conservative_noisy_or_conflict_adjusted,1,PixelWare Smartwatch Pro 29,supports_fast_charging,no,pixelware smartwatch pro 29|supports_fast_charging|no,1,[0.98],True,0,0.735,0.735,0.88,False,,False,False,"[""product_29""]","[""structured""]","[""structured_row:PixelWare Smartwatch Pro 29""]",1,455,candidate
DEC023_STRUCTURED_ONLY,train_kb,conservative_noisy_or_conflict_adjusted,1,PixelWare Smartwatch Pro 29,has_noise_cancellation,no,pixelware smartwatch pro 29|has_noise_cancellation|no,1,[0.98],True,0,0.735,0.735,0.88,False,,False,False,"[""product_29""]","[""structured""]","[""structured_row:PixelWare Smartwatch Pro 29""]",1,455,candidate
DEC023_STRUCTURED_ONLY,train_kb,conservative_noisy_or_conflict_adjusted,1,NeoTech Headphones Max 30,manufactured_by,NeoTech,neotech headphones max 30|manufactured_by|neotech,1,[0.98],True,0,0.735,0.735,0.88,False,,False,False,"[""product_30""]","[""structured""]","[""structured_row:NeoTech Headphones Max 30""]",1,455,candidate
DEC023_STRUCTURED_ONLY,train_kb,conservative_noisy_or_conflict_adjusted,1,NeoTech Headphones Max 30,belongs_to_category,headphones,neotech headphones max 30|belongs_to_category|headphones,1,[0.98],True,0,0.735,0.735,0.88,False,,False,False,"[""product_30""]","[""structured""]","[""structured_row:NeoTech Headphones Max 30""]",0,455,candidate
DEC023_STRUCTURED_ONLY,train_kb,conservative_noisy_or_conflict_adjusted,1,NeoTech Headphones Max 30,has_price_usd,1099,neotech headphones max 30|has_price_usd|1099,1,[0.98],True,0,0.735,0.735,0.88,False,,False,False,"[""product_30""]","[""structured""]","[""structured_row:NeoTech Headphones Max 30""]",1,455,candidate
DEC023_STRUCTURED_ONLY,train_kb,conservative_noisy_or_conflict_adjusted,1,NeoTech Headphones Max 30,has_screen_size_inch,13.3,neotech headphones max 30|has_screen_size_inch|13.3,1,[0.98],True,0,0.735,0.735,0.88,False,,False,False,"[""product_30""]","[""structured""]","[""structured_row:NeoTech Headphones Max 30""]",1,455,candidate
DEC023_STRUCTURED_ONLY,train_kb,conservative_noisy_or_conflict_adjusted,1,NeoTech Headphones Max 30,has_ram_gb,32,neotech headphones max 30|has_ram_gb|32,1,[0.98],True,0,0.735,0.735,0.88,False,,False,False,"[""product_30""]","[""structured""]","[""structured_row:NeoTech Headphones Max 30""]",0,455,candidate
DEC023_STRUCTURED_ONLY,train_kb,conservative_noisy_or_conflict_adjusted,1,NeoTech Headphones Max 30,has_storage_gb,1024,neotech headphones max 30|has_storage_gb|1024,1,[0.98],True,0,0.735,0.735,0.88,False,,False,False,"[""product_30""]","[""structured""]","[""structured_row:NeoTech Headphones Max 30""]",1,455,candidate
DEC023_STRUCTURED_ONLY,train_kb,conservative_noisy_or_conflict_adjusted,1,NeoTech Headphones Max 30,has_battery_life_hours,24,neotech headphones max 30|has_battery_life_hours|24,1,[0.98],True,0,0.735,0.735,0.88,False,,False,False,"[""product_30""]","[""structured""]","[""structured_row:NeoTech Headphones Max 30""]",0,455,candidate
DEC023_STRUCTURED_ONLY,train_kb,conservative_noisy_or_conflict_adjusted,1,NeoTech Headphones Max 30,has_weight_kg,1.2,neotech headphones max 30|has_weight_kg|1.2,1,[0.98],True,0,0.735,0.735,0.88,False,,False,False,"[""product_30""]","[""structured""]","[""structured_row:NeoTech Headphones Max 30""]",0,455,candidate
DEC023_STRUCTURED_ONLY,train_kb,conservative_noisy_or_conflict_adjusted,1,NeoTech Headphones Max 30,has_color,blue,neotech headphones max 30|has_color|blue,1,[0.98],False,0,0.735,0.735,0.88,False,,False,False,"[""product_30""]","[""structured""]","[""structured_row:NeoTech Headphones Max 30""]",0,455,candidate
DEC023_STRUCTURED_ONLY,train_kb,conservative_noisy_or_conflict_adjusted,1,NeoTech Headphones Max 30,made_of_material,aluminum,neotech headphones max 30|made_of_material|aluminum,1,[0.98],True,0,0.735,0.735,0.88,False,,False,False,"[""product_30""]","[""structured""]","[""structured_row:NeoTech Headphones Max 30""]",1,455,candidate
DEC023_STRUCTURED_ONLY,train_kb,conservative_noisy_or_conflict_adjusted,1,NeoTech Headphones Max 30,target_market_region,Global,neotech headphones max 30|target_market_region|global,1,[0.98],True,0,0.735,0.735,0.88,False,,False,False,"[""product_30""]","[""structured""]","[""structured_row:NeoTech Headphones Max 30""]",0,455,candidate
DEC023_STRUCTURED_ONLY,train_kb,conservative_noisy_or_conflict_adjusted,1,NeoTech Headphones Max 30,supports_fast_charging,no,neotech headphones max 30|supports_fast_charging|no,1,[0.98],True,0,0.735,0.735,0.88,False,,False,False,"[""product_30""]","[""structured""]","[""structured_row:NeoTech Headphones Max 30""]",1,455,candidate
DEC023_STRUCTURED_ONLY,train_kb,conservative_noisy_or_conflict_adjusted,1,NeoTech Headphones Max 30,has_noise_cancellation,no,neotech headphones max 30|has_noise_cancellation|no,1,[0.98],True,0,0.735,0.735,0.88,False,,False,False,"[""product_30""]","[""structured""]","[""structured_row:NeoTech Headphones Max 30""]",1,455,candidate
DEC023_STRUCTURED_ONLY,train_kb,conservative_noisy_or_conflict_adjusted,1,Auralex Headphones Air 31,manufactured_by,Auralex,auralex headphones air 31|manufactured_by|auralex,1,[0.98],True,0,0.735,0.735,0.88,False,,False,False,"[""product_31""]","[""structured""]","[""structured_row:Auralex Headphones Air 31""]",0,455,candidate
DEC023_STRUCTURED_ONLY,train_kb,conservative_noisy_or_conflict_adjusted,1,Auralex Headphones Air 31,belongs_to_category,headphones,auralex headphones air 31|belongs_to_category|headphones,1,[0.98],True,0,0.735,0.735,0.88,False,,False,False,"[""product_31""]","[""structured""]","[""structured_row:Auralex Headphones Air 31""]",0,455,candidate
DEC023_STRUCTURED_ONLY,train_kb,conservative_noisy_or_conflict_adjusted,1,Auralex Headphones Air 31,has_price_usd,699,auralex headphones air 31|has_price_usd|699,1,[0.98],True,0,0.735,0.735,0.88,False,,False,False,"[""product_31""]","[""structured""]","[""structured_row:Auralex Headphones Air 31""]",0,455,candidate
DEC023_STRUCTURED_ONLY,train_kb,conservative_noisy_or_conflict_adjusted,1,Auralex Headphones Air 31,has_screen_size_inch,10.9,auralex headphones air 31|has_screen_size_inch|10.9,1,[0.98],True,0,0.735,0.735,0.88,False,,False,False,"[""product_31""]","[""structured""]","[""structured_row:Auralex Headphones Air 31""]",1,455,candidate
DEC023_STRUCTURED_ONLY,train_kb,conservative_noisy_or_conflict_adjusted,1,Auralex Headphones Air 31,has_ram_gb,16,auralex headphones air 31|has_ram_gb|16,1,[0.98],True,0,0.735,0.735,0.88,False,,False,False,"[""product_31""]","[""structured""]","[""structured_row:Auralex Headphones Air 31""]",0,455,candidate
DEC023_STRUCTURED_ONLY,train_kb,conservative_noisy_or_conflict_adjusted,1,Auralex Headphones Air 31,has_storage_gb,128,auralex headphones air 31|has_storage_gb|128,1,[0.98],True,0,0.735,0.735,0.88,False,,False,False,"[""product_31""]","[""structured""]","[""structured_row:Auralex Headphones Air 31""]",1,455,candidate
DEC023_STRUCTURED_ONLY,train_kb,conservative_noisy_or_conflict_adjusted,1,Auralex Headphones Air 31,has_battery_life_hours,10,auralex headphones air 31|has_battery_life_hours|10,1,[0.98],True,0,0.735,0.735,0.88,False,,False,False,"[""product_31""]","[""structured""]","[""structured_row:Auralex Headphones Air 31""]",0,455,candidate
DEC023_STRUCTURED_ONLY,train_kb,conservative_noisy_or_conflict_adjusted,1,Auralex Headphones Air 31,has_weight_kg,0.23,auralex headphones air 31|has_weight_kg|0.23,1,[0.98],True,0,0.735,0.735,0.88,False,,False,False,"[""product_31""]","[""structured""]","[""structured_row:Auralex Headphones Air 31""]",1,455,candidate
DEC023_STRUCTURED_ONLY,train_kb,conservative_noisy_or_conflict_adjusted,1,Auralex Headphones Air 31,has_color,green,auralex headphones air 31|has_color|green,1,[0.98],False,0,0.735,0.735,0.88,False,,False,False,"[""product_31""]","[""structured""]","[""structured_row:Auralex Headphones Air 31""]",0,455,candidate
DEC023_STRUCTURED_ONLY,train_kb,conservative_noisy_or_conflict_adjusted,1,Auralex Headphones Air 31,made_of_material,plastic,auralex headphones air 31|made_of_material|plastic,1,[0.98],True,0,0.735,0.735,0.88,False,,False,False,"[""product_31""]","[""structured""]","[""structured_row:Auralex Headphones Air 31""]",1,455,candidate
DEC023_STRUCTURED_ONLY,train_kb,conservative_noisy_or_conflict_adjusted,1,Auralex Headphones Air 31,target_market_region,EU,auralex headphones air 31|target_market_region|eu,1,[0.98],True,0,0.735,0.735,0.88,False,,False,False,"[""product_31""]","[""structured""]","[""structured_row:Auralex Headphones Air 31""]",1,455,candidate
DEC023_STRUCTURED_ONLY,train_kb,conservative_noisy_or_conflict_adjusted,1,Auralex Headphones Air 31,supports_fast_charging,no,auralex headphones air 31|supports_fast_charging|no,1,[0.98],True,0,0.735,0.735,0.88,False,,False,False,"[""product_31""]","[""structured""]","[""structured_row:Auralex Headphones Air 31""]",1,455,candidate
DEC023_STRUCTURED_ONLY,train_kb,conservative_noisy_or_conflict_adjusted,1,Auralex Headphones Air 31,has_noise_cancellation,no,auralex headphones air 31|has_noise_cancellation|no,1,[0.98],True,0,0.735,0.735,0.88,False,,False,False,"[""product_31""]","[""structured""]","[""structured_row:Auralex Headphones Air 31""]",1,455,candidate
DEC023_STRUCTURED_ONLY,train_kb,conservative_noisy_or_conflict_adjusted,1,NeoTech Smartphone Lite 32,manufactured_by,NeoTech,neotech smartphone lite 32|manufactured_by|neotech,1,[0.98],True,0,0.735,0.735,0.88,False,,False,False,"[""product_32""]","[""structured""]","[""structured_row:NeoTech Smartphone Lite 32""]",1,455,candidate
DEC023_STRUCTURED_ONLY,train_kb,conservative_noisy_or_conflict_adjusted,1,NeoTech Smartphone Lite 32,belongs_to_category,smartphone,neotech smartphone lite 32|belongs_to_category|smartphone,1,[0.98],True,0,0.735,0.735,0.88,False,,False,False,"[""product_32""]","[""structured""]","[""structured_row:NeoTech Smartphone Lite 32""]",0,455,candidate
DEC023_STRUCTURED_ONLY,train_kb,conservative_noisy_or_conflict_adjusted,1,NeoTech Smartphone Lite 32,has_price_usd,249,neotech smartphone lite 32|has_price_usd|249,1,[0.98],True,0,0.735,0.735,0.88,False,,False,False,"[""product_32""]","[""structured""]","[""structured_row:NeoTech Smartphone Lite 32""]",0,455,candidate
DEC023_STRUCTURED_ONLY,train_kb,conservative_noisy_or_conflict_adjusted,1,NeoTech Smartphone Lite 32,has_screen_size_inch,11.0,neotech smartphone lite 32|has_screen_size_inch|11.0,1,[0.98],True,0,0.735,0.735,0.88,False,,False,False,"[""product_32""]","[""structured""]","[""structured_row:NeoTech Smartphone Lite 32""]",0,455,candidate
DEC023_STRUCTURED_ONLY,train_kb,conservative_noisy_or_conflict_adjusted,1,NeoTech Smartphone Lite 32,has_ram_gb,4,neotech smartphone lite 32|has_ram_gb|4,1,[0.98],True,0,0.735,0.735,0.88,False,,False,False,"[""product_32""]","[""structured""]","[""structured_row:NeoTech Smartphone Lite 32""]",1,455,candidate
DEC023_STRUCTURED_ONLY,train_kb,conservative_noisy_or_conflict_adjusted,1,NeoTech Smartphone Lite 32,has_storage_gb,64,neotech smartphone lite 32|has_storage_gb|64,1,[0.98],True,0,0.735,0.735,0.88,False,,False,False,"[""product_32""]","[""structured""]","[""structured_row:NeoTech Smartphone Lite 32""]",1,455,candidate
DEC023_STRUCTURED_ONLY,train_kb,conservative_noisy_or_conflict_adjusted,1,NeoTech Smartphone Lite 32,has_battery_life_hours,12,neotech smartphone lite 32|has_battery_life_hours|12,1,[0.98],True,0,0.735,0.735,0.88,False,,False,False,"[""product_32""]","[""structured""]","[""structured_row:NeoTech Smartphone Lite 32""]",1,455,candidate
DEC023_STRUCTURED_ONLY,train_kb,conservative_noisy_or_conflict_adjusted,1,NeoTech Smartphone Lite 32,has_weight_kg,0.42,neotech smartphone lite 32|has_weight_kg|0.42,1,[0.98],True,0,0.735,0.735,0.88,False,,False,False,"[""product_32""]","[""structured""]","[""structured_row:NeoTech Smartphone Lite 32""]",0,455,candidate
DEC023_STRUCTURED_ONLY,train_kb,conservative_noisy_or_conflict_adjusted,1,NeoTech Smartphone Lite 32,has_color,blue,neotech smartphone lite 32|has_color|blue,1,[0.98],False,0,0.735,0.735,0.88,False,,False,False,"[""product_32""]","[""structured""]","[""structured_row:NeoTech Smartphone Lite 32""]",0,455,candidate
DEC023_STRUCTURED_ONLY,train_kb,conservative_noisy_or_conflict_adjusted,1,NeoTech Smartphone Lite 32,made_of_material,aluminum,neotech smartphone lite 32|made_of_material|aluminum,1,[0.98],True,0,0.735,0.735,0.88,False,,False,False,"[""product_32""]","[""structured""]","[""structured_row:NeoTech Smartphone Lite 32""]",1,455,candidate
DEC023_STRUCTURED_ONLY,train_kb,conservative_noisy_or_conflict_adjusted,1,NeoTech Smartphone Lite 32,target_market_region,Global,neotech smartphone lite 32|target_market_region|global,1,[0.98],True,0,0.735,0.735,0.88,False,,False,False,"[""product_32""]","[""structured""]","[""structured_row:NeoTech Smartphone Lite 32""]",1,455,candidate
DEC023_STRUCTURED_ONLY,train_kb,conservative_noisy_or_conflict_adjusted,1,NeoTech Smartphone Lite 32,supports_fast_charging,yes,neotech smartphone lite 32|supports_fast_charging|yes,1,[0.98],True,0,0.735,0.735,0.88,False,,False,False,"[""product_32""]","[""structured""]","[""structured_row:NeoTech Smartphone Lite 32""]",1,455,candidate
DEC023_STRUCTURED_ONLY,train_kb,conservative_noisy_or_conflict_adjusted,1,NeoTech Smartphone Lite 32,has_noise_cancellation,no,neotech smartphone lite 32|has_noise_cancellation|no,1,[0.98],True,0,0.735,0.735,0.88,False,,False,False,"[""product_32""]","[""structured""]","[""structured_row:NeoTech Smartphone Lite 32""]",0,455,candidate
DEC023_STRUCTURED_ONLY,train_kb,conservative_noisy_or_conflict_adjusted,1,PixelWare Smartphone Plus 34,manufactured_by,PixelWare,pixelware smartphone plus 34|manufactured_by|pixelware,1,[0.98],True,0,0.735,0.735,0.88,False,,False,False,"[""product_34""]","[""structured""]","[""structured_row:PixelWare Smartphone Plus 34""]",0,455,candidate
DEC023_STRUCTURED_ONLY,train_kb,conservative_noisy_or_conflict_adjusted,1,PixelWare Smartphone Plus 34,belongs_to_category,smartphone,pixelware smartphone plus 34|belongs_to_category|smartphone,1,[0.98],True,0,0.735,0.735,0.88,False,,False,False,"[""product_34""]","[""structured""]","[""structured_row:PixelWare Smartphone Plus 34""]",0,455,candidate
DEC023_STRUCTURED_ONLY,train_kb,conservative_noisy_or_conflict_adjusted,1,PixelWare Smartphone Plus 34,has_price_usd,899,pixelware smartphone plus 34|has_price_usd|899,1,[0.98],True,0,0.735,0.735,0.88,False,,False,False,"[""product_34""]","[""structured""]","[""structured_row:PixelWare Smartphone Plus 34""]",0,455,candidate
DEC023_STRUCTURED_ONLY,train_kb,conservative_noisy_or_conflict_adjusted,1,PixelWare Smartphone Plus 34,has_screen_size_inch,15.6,pixelware smartphone plus 34|has_screen_size_inch|15.6,1,[0.98],True,0,0.735,0.735,0.88,False,,False,False,"[""product_34""]","[""structured""]","[""structured_row:PixelWare Smartphone Plus 34""]",1,455,candidate
DEC023_STRUCTURED_ONLY,train_kb,conservative_noisy_or_conflict_adjusted,1,PixelWare Smartphone Plus 34,has_ram_gb,16,pixelware smartphone plus 34|has_ram_gb|16,1,[0.98],True,0,0.735,0.735,0.88,False,,False,False,"[""product_34""]","[""structured""]","[""structured_row:PixelWare Smartphone Plus 34""]",1,455,candidate
DEC023_STRUCTURED_ONLY,train_kb,conservative_noisy_or_conflict_adjusted,1,PixelWare Smartphone Plus 34,has_storage_gb,256,pixelware smartphone plus 34|has_storage_gb|256,1,[0.98],True,0,0.735,0.735,0.88,False,,False,False,"[""product_34""]","[""structured""]","[""structured_row:PixelWare Smartphone Plus 34""]",1,455,candidate
DEC023_STRUCTURED_ONLY,train_kb,conservative_noisy_or_conflict_adjusted,1,PixelWare Smartphone Plus 34,has_battery_life_hours,20,pixelware smartphone plus 34|has_battery_life_hours|20,1,[0.98],True,0,0.735,0.735,0.88,False,,False,False,"[""product_34""]","[""structured""]","[""structured_row:PixelWare Smartphone Plus 34""]",1,455,candidate
DEC023_STRUCTURED_ONLY,train_kb,conservative_noisy_or_conflict_adjusted,1,PixelWare Smartphone Plus 34,has_weight_kg,0.42,pixelware smartphone plus 34|has_weight_kg|0.42,1,[0.98],True,0,0.735,0.735,0.88,False,,False,False,"[""product_34""]","[""structured""]","[""structured_row:PixelWare Smartphone Plus 34""]",1,455,candidate
DEC023_STRUCTURED_ONLY,train_kb,conservative_noisy_or_conflict_adjusted,1,PixelWare Smartphone Plus 34,has_color,blue,pixelware smartphone plus 34|has_color|blue,1,[0.98],False,0,0.735,0.735,0.88,False,,False,False,"[""product_34""]","[""structured""]","[""structured_row:PixelWare Smartphone Plus 34""]",0,455,candidate
DEC023_STRUCTURED_ONLY,train_kb,conservative_noisy_or_conflict_adjusted,1,PixelWare Smartphone Plus 34,made_of_material,carbon fiber,pixelware smartphone plus 34|made_of_material|carbon fiber,1,[0.98],True,0,0.735,0.735,0.88,False,,False,False,"[""product_34""]","[""structured""]","[""structured_row:PixelWare Smartphone Plus 34""]",0,455,candidate
DEC023_STRUCTURED_ONLY,train_kb,conservative_noisy_or_conflict_adjusted,1,PixelWare Smartphone Plus 34,target_market_region,Global,pixelware smartphone plus 34|target_market_region|global,1,[0.98],True,0,0.735,0.735,0.88,False,,False,False,"[""product_34""]","[""structured""]","[""structured_row:PixelWare Smartphone Plus 34""]",0,455,candidate
DEC023_STRUCTURED_ONLY,train_kb,conservative_noisy_or_conflict_adjusted,1,PixelWare Smartphone Plus 34,supports_fast_charging,yes,pixelware smartphone plus 34|supports_fast_charging|yes,1,[0.98],True,0,0.735,0.735,0.88,False,,False,False,"[""product_34""]","[""structured""]","[""structured_row:PixelWare Smartphone Plus 34""]",1,455,candidate
DEC023_STRUCTURED_ONLY,train_kb,conservative_noisy_or_conflict_adjusted,1,PixelWare Smartphone Plus 34,has_noise_cancellation,no,pixelware smartphone plus 34|has_noise_cancellation|no,1,[0.98],True,0,0.735,0.735,0.88,False,,False,False,"[""product_34""]","[""structured""]","[""structured_row:PixelWare Smartphone Plus 34""]",1,455,candidate
DEC023_STRUCTURED_ONLY,train_kb,conservative_noisy_or_conflict_adjusted,1,Auralex Laptop Plus 36,manufactured_by,Auralex,auralex laptop plus 36|manufactured_by|auralex,1,[0.98],True,0,0.735,0.735,0.88,False,,False,False,"[""product_36""]","[""structured""]","[""structured_row:Auralex Laptop Plus 36""]",1,455,candidate
DEC023_STRUCTURED_ONLY,train_kb,conservative_noisy_or_conflict_adjusted,1,Auralex Laptop Plus 36,belongs_to_category,laptop,auralex laptop plus 36|belongs_to_category|laptop,1,[0.98],True,0,0.735,0.735,0.88,False,,False,False,"[""product_36""]","[""structured""]","[""structured_row:Auralex Laptop Plus 36""]",1,455,candidate
DEC023_STRUCTURED_ONLY,train_kb,conservative_noisy_or_conflict_adjusted,1,Auralex Laptop Plus 36,has_price_usd,699,auralex laptop plus 36|has_price_usd|699,1,[0.98],True,0,0.735,0.735,0.88,False,,False,False,"[""product_36""]","[""structured""]","[""structured_row:Auralex Laptop Plus 36""]",0,455,candidate
DEC023_STRUCTURED_ONLY,train_kb,conservative_noisy_or_conflict_adjusted,1,Auralex Laptop Plus 36,has_screen_size_inch,11.0,auralex laptop plus 36|has_screen_size_inch|11.0,1,[0.98],True,0,0.735,0.735,0.88,False,,False,False,"[""product_36""]","[""structured""]","[""structured_row:Auralex Laptop Plus 36""]",1,455,candidate
DEC023_STRUCTURED_ONLY,train_kb,conservative_noisy_or_conflict_adjusted,1,Auralex Laptop Plus 36,has_ram_gb,8,auralex laptop plus 36|has_ram_gb|8,1,[0.98],True,0,0.735,0.735,0.88,False,,False,False,"[""product_36""]","[""structured""]","[""structured_row:Auralex Laptop Plus 36""]",0,455,candidate
DEC023_STRUCTURED_ONLY,train_kb,conservative_noisy_or_conflict_adjusted,1,Auralex Laptop Plus 36,has_storage_gb,128,auralex laptop plus 36|has_storage_gb|128,1,[0.98],True,0,0.735,0.735,0.88,False,,False,False,"[""product_36""]","[""structured""]","[""structured_row:Auralex Laptop Plus 36""]",0,455,candidate
DEC023_STRUCTURED_ONLY,train_kb,conservative_noisy_or_conflict_adjusted,1,Auralex Laptop Plus 36,has_battery_life_hours,14,auralex laptop plus 36|has_battery_life_hours|14,1,[0.98],True,0,0.735,0.735,0.88,False,,False,False,"[""product_36""]","[""structured""]","[""structured_row:Auralex Laptop Plus 36""]",0,455,candidate
DEC023_STRUCTURED_ONLY,train_kb,conservative_noisy_or_conflict_adjusted,1,Auralex Laptop Plus 36,has_weight_kg,0.55,auralex laptop plus 36|has_weight_kg|0.55,1,[0.98],True,0,0.735,0.735,0.88,False,,False,False,"[""product_36""]","[""structured""]","[""structured_row:Auralex Laptop Plus 36""]",1,455,candidate
DEC023_STRUCTURED_ONLY,train_kb,conservative_noisy_or_conflict_adjusted,1,Auralex Laptop Plus 36,has_color,white,auralex laptop plus 36|has_color|white,1,[0.98],False,0,0.735,0.735,0.88,False,,False,False,"[""product_36""]","[""structured""]","[""structured_row:Auralex Laptop Plus 36""]",1,455,candidate
DEC023_STRUCTURED_ONLY,train_kb,conservative_noisy_or_conflict_adjusted,1,Auralex Laptop Plus 36,made_of_material,aluminum,auralex laptop plus 36|made_of_material|aluminum,1,[0.98],True,0,0.735,0.735,0.88,False,,False,False,"[""product_36""]","[""structured""]","[""structured_row:Auralex Laptop Plus 36""]",0,455,candidate
DEC023_STRUCTURED_ONLY,train_kb,conservative_noisy_or_conflict_adjusted,1,Auralex Laptop Plus 36,target_market_region,EU,auralex laptop plus 36|target_market_region|eu,1,[0.98],True,0,0.735,0.735,0.88,False,,False,False,"[""product_36""]","[""structured""]","[""structured_row:Auralex Laptop Plus 36""]",1,455,candidate
DEC023_STRUCTURED_ONLY,train_kb,conservative_noisy_or_conflict_adjusted,1,Auralex Laptop Plus 36,supports_fast_charging,yes,auralex laptop plus 36|supports_fast_charging|yes,1,[0.98],True,0,0.735,0.735,0.88,False,,False,False,"[""product_36""]","[""structured""]","[""structured_row:Auralex Laptop Plus 36""]",0,455,candidate
DEC023_STRUCTURED_ONLY,train_kb,conservative_noisy_or_conflict_adjusted,1,Auralex Laptop Plus 36,has_noise_cancellation,no,auralex laptop plus 36|has_noise_cancellation|no,1,[0.98],True,0,0.735,0.735,0.88,False,,False,False,"[""product_36""]","[""structured""]","[""structured_row:Auralex Laptop Plus 36""]",1,455,candidate
DEC023_STRUCTURED_ONLY,train_kb,conservative_noisy_or_conflict_adjusted,1,TechNova Smartphone Lite 37,manufactured_by,TechNova,technova smartphone lite 37|manufactured_by|technova,1,[0.98],True,0,0.735,0.735,0.88,False,,False,False,"[""product_37""]","[""structured""]","[""structured_row:TechNova Smartphone Lite 37""]",1,455,candidate
DEC023_STRUCTURED_ONLY,train_kb,conservative_noisy_or_conflict_adjusted,1,TechNova Smartphone Lite 37,belongs_to_category,smartphone,technova smartphone lite 37|belongs_to_category|smartphone,1,[0.98],True,0,0.735,0.735,0.88,False,,False,False,"[""product_37""]","[""structured""]","[""structured_row:TechNova Smartphone Lite 37""]",0,455,candidate
DEC023_STRUCTURED_ONLY,train_kb,conservative_noisy_or_conflict_adjusted,1,TechNova Smartphone Lite 37,has_price_usd,299,technova smartphone lite 37|has_price_usd|299,1,[0.98],True,0,0.735,0.735,0.88,False,,False,False,"[""product_37""]","[""structured""]","[""structured_row:TechNova Smartphone Lite 37""]",0,455,candidate
DEC023_STRUCTURED_ONLY,train_kb,conservative_noisy_or_conflict_adjusted,1,TechNova Smartphone Lite 37,has_screen_size_inch,15.6,technova smartphone lite 37|has_screen_size_inch|15.6,1,[0.98],True,0,0.735,0.735,0.88,False,,False,False,"[""product_37""]","[""structured""]","[""structured_row:TechNova Smartphone Lite 37""]",0,455,candidate
DEC023_STRUCTURED_ONLY,train_kb,conservative_noisy_or_conflict_adjusted,1,TechNova Smartphone Lite 37,has_ram_gb,8,technova smartphone lite 37|has_ram_gb|8,1,[0.98],True,0,0.735,0.735,0.88,False,,False,False,"[""product_37""]","[""structured""]","[""structured_row:TechNova Smartphone Lite 37""]",0,455,candidate
DEC023_STRUCTURED_ONLY,train_kb,conservative_noisy_or_conflict_adjusted,1,TechNova Smartphone Lite 37,has_storage_gb,128,technova smartphone lite 37|has_storage_gb|128,1,[0.98],True,0,0.735,0.735,0.88,False,,False,False,"[""product_37""]","[""structured""]","[""structured_row:TechNova Smartphone Lite 37""]",1,455,candidate
DEC023_STRUCTURED_ONLY,train_kb,conservative_noisy_or_conflict_adjusted,1,TechNova Smartphone Lite 37,has_battery_life_hours,12,technova smartphone lite 37|has_battery_life_hours|12,1,[0.98],True,0,0.735,0.735,0.88,False,,False,False,"[""product_37""]","[""structured""]","[""structured_row:TechNova Smartphone Lite 37""]",1,455,candidate
DEC023_STRUCTURED_ONLY,train_kb,conservative_noisy_or_conflict_adjusted,1,TechNova Smartphone Lite 37,has_weight_kg,1.8,technova smartphone lite 37|has_weight_kg|1.8,1,[0.98],True,0,0.735,0.735,0.88,False,,False,False,"[""product_37""]","[""structured""]","[""structured_row:TechNova Smartphone Lite 37""]",0,455,candidate
DEC023_STRUCTURED_ONLY,train_kb,conservative_noisy_or_conflict_adjusted,1,TechNova Smartphone Lite 37,has_color,blue,technova smartphone lite 37|has_color|blue,1,[0.98],False,0,0.735,0.735,0.88,False,,False,False,"[""product_37""]","[""structured""]","[""structured_row:TechNova Smartphone Lite 37""]",1,455,candidate
DEC023_STRUCTURED_ONLY,train_kb,conservative_noisy_or_conflict_adjusted,1,TechNova Smartphone Lite 37,made_of_material,carbon fiber,technova smartphone lite 37|made_of_material|carbon fiber,1,[0.98],True,0,0.735,0.735,0.88,False,,False,False,"[""product_37""]","[""structured""]","[""structured_row:TechNova Smartphone Lite 37""]",1,455,candidate
DEC023_STRUCTURED_ONLY,train_kb,conservative_noisy_or_conflict_adjusted,1,TechNova Smartphone Lite 37,target_market_region,Global,technova smartphone lite 37|target_market_region|global,1,[0.98],True,0,0.735,0.735,0.88,False,,False,False,"[""product_37""]","[""structured""]","[""structured_row:TechNova Smartphone Lite 37""]",1,455,candidate
DEC023_STRUCTURED_ONLY,train_kb,conservative_noisy_or_conflict_adjusted,1,TechNova Smartphone Lite 37,supports_fast_charging,no,technova smartphone lite 37|supports_fast_charging|no,1,[0.98],True,0,0.735,0.735,0.88,False,,False,False,"[""product_37""]","[""structured""]","[""structured_row:TechNova Smartphone Lite 37""]",1,455,candidate
DEC023_STRUCTURED_ONLY,train_kb,conservative_noisy_or_conflict_adjusted,1,TechNova Smartphone Lite 37,has_noise_cancellation,no,technova smartphone lite 37|has_noise_cancellation|no,1,[0.98],True,0,0.735,0.735,0.88,False,,False,False,"[""product_37""]","[""structured""]","[""structured_row:TechNova Smartphone Lite 37""]",0,455,candidate
DEC023_STRUCTURED_ONLY,train_kb,conservative_noisy_or_conflict_adjusted,1,Auralex Headphones Air 39,manufactured_by,Auralex,auralex headphones air 39|manufactured_by|auralex,1,[0.98],True,0,0.735,0.735,0.88,False,,False,False,"[""product_39""]","[""structured""]","[""structured_row:Auralex Headphones Air 39""]",1,455,candidate
DEC023_STRUCTURED_ONLY,train_kb,conservative_noisy_or_conflict_adjusted,1,Auralex Headphones Air 39,belongs_to_category,headphones,auralex headphones air 39|belongs_to_category|headphones,1,[0.98],True,0,0.735,0.735,0.88,False,,False,False,"[""product_39""]","[""structured""]","[""structured_row:Auralex Headphones Air 39""]",1,455,candidate
DEC023_STRUCTURED_ONLY,train_kb,conservative_noisy_or_conflict_adjusted,1,Auralex Headphones Air 39,has_price_usd,349,auralex headphones air 39|has_price_usd|349,1,[0.98],True,0,0.735,0.735,0.88,False,,False,False,"[""product_39""]","[""structured""]","[""structured_row:Auralex Headphones Air 39""]",1,455,candidate
DEC023_STRUCTURED_ONLY,train_kb,conservative_noisy_or_conflict_adjusted,1,Auralex Headphones Air 39,has_screen_size_inch,11.0,auralex headphones air 39|has_screen_size_inch|11.0,1,[0.98],True,0,0.735,0.735,0.88,False,,False,False,"[""product_39""]","[""structured""]","[""structured_row:Auralex Headphones Air 39""]",1,455,candidate
DEC023_STRUCTURED_ONLY,train_kb,conservative_noisy_or_conflict_adjusted,1,Auralex Headphones Air 39,has_ram_gb,12,auralex headphones air 39|has_ram_gb|12,1,[0.98],True,0,0.735,0.735,0.88,False,,False,False,"[""product_39""]","[""structured""]","[""structured_row:Auralex Headphones Air 39""]",1,455,candidate
DEC023_STRUCTURED_ONLY,train_kb,conservative_noisy_or_conflict_adjusted,1,Auralex Headphones Air 39,has_storage_gb,1024,auralex headphones air 39|has_storage_gb|1024,1,[0.98],True,0,0.735,0.735,0.88,False,,False,False,"[""product_39""]","[""structured""]","[""structured_row:Auralex Headphones Air 39""]",0,455,candidate
DEC023_STRUCTURED_ONLY,train_kb,conservative_noisy_or_conflict_adjusted,1,Auralex Headphones Air 39,has_battery_life_hours,10,auralex headphones air 39|has_battery_life_hours|10,1,[0.98],True,0,0.735,0.735,0.88,False,,False,False,"[""product_39""]","[""structured""]","[""structured_row:Auralex Headphones Air 39""]",0,455,candidate
DEC023_STRUCTURED_ONLY,train_kb,conservative_noisy_or_conflict_adjusted,1,Auralex Headphones Air 39,has_weight_kg,0.23,auralex headphones air 39|has_weight_kg|0.23,1,[0.98],True,0,0.735,0.735,0.88,False,,False,False,"[""product_39""]","[""structured""]","[""structured_row:Auralex Headphones Air 39""]",0,455,candidate
DEC023_STRUCTURED_ONLY,train_kb,conservative_noisy_or_conflict_adjusted,1,Auralex Headphones Air 39,has_color,silver,auralex headphones air 39|has_color|silver,1,[0.98],False,0,0.735,0.735,0.88,False,,False,False,"[""product_39""]","[""structured""]","[""structured_row:Auralex Headphones Air 39""]",1,455,candidate
DEC023_STRUCTURED_ONLY,train_kb,conservative_noisy_or_conflict_adjusted,1,Auralex Headphones Air 39,made_of_material,carbon fiber,auralex headphones air 39|made_of_material|carbon fiber,1,[0.98],True,0,0.735,0.735,0.88,False,,False,False,"[""product_39""]","[""structured""]","[""structured_row:Auralex Headphones Air 39""]",0,455,candidate
DEC023_STRUCTURED_ONLY,train_kb,conservative_noisy_or_conflict_adjusted,1,Auralex Headphones Air 39,target_market_region,EU,auralex headphones air 39|target_market_region|eu,1,[0.98],True,0,0.735,0.735,0.88,False,,False,False,"[""product_39""]","[""structured""]","[""structured_row:Auralex Headphones Air 39""]",0,455,candidate
DEC023_STRUCTURED_ONLY,train_kb,conservative_noisy_or_conflict_adjusted,1,Auralex Headphones Air 39,supports_fast_charging,no,auralex headphones air 39|supports_fast_charging|no,1,[0.98],True,0,0.735,0.735,0.88,False,,False,False,"[""product_39""]","[""structured""]","[""structured_row:Auralex Headphones Air 39""]",0,455,candidate
DEC023_STRUCTURED_ONLY,train_kb,conservative_noisy_or_conflict_adjusted,1,Auralex Headphones Air 39,has_noise_cancellation,yes,auralex headphones air 39|has_noise_cancellation|yes,1,[0.98],True,0,0.735,0.735,0.88,False,,False,False,"[""product_39""]","[""structured""]","[""structured_row:Auralex Headphones Air 39""]",1,455,candidate
DEC023_STRUCTURED_ONLY,train_kb,conservative_noisy_or_conflict_adjusted,1,NeoTech Laptop Lite 40,manufactured_by,NeoTech,neotech laptop lite 40|manufactured_by|neotech,1,[0.98],True,0,0.735,0.735,0.88,False,,False,False,"[""product_40""]","[""structured""]","[""structured_row:NeoTech Laptop Lite 40""]",1,455,candidate
DEC023_STRUCTURED_ONLY,train_kb,conservative_noisy_or_conflict_adjusted,1,NeoTech Laptop Lite 40,belongs_to_category,laptop,neotech laptop lite 40|belongs_to_category|laptop,1,[0.98],True,0,0.735,0.735,0.88,False,,False,False,"[""product_40""]","[""structured""]","[""structured_row:NeoTech Laptop Lite 40""]",1,455,candidate
DEC023_STRUCTURED_ONLY,train_kb,conservative_noisy_or_conflict_adjusted,1,NeoTech Laptop Lite 40,has_price_usd,1299,neotech laptop lite 40|has_price_usd|1299,1,[0.98],True,0,0.735,0.735,0.88,False,,False,False,"[""product_40""]","[""structured""]","[""structured_row:NeoTech Laptop Lite 40""]",0,455,candidate
DEC023_STRUCTURED_ONLY,train_kb,conservative_noisy_or_conflict_adjusted,1,NeoTech Laptop Lite 40,has_screen_size_inch,6.1,neotech laptop lite 40|has_screen_size_inch|6.1,1,[0.98],True,0,0.735,0.735,0.88,False,,False,False,"[""product_40""]","[""structured""]","[""structured_row:NeoTech Laptop Lite 40""]",1,455,candidate
DEC023_STRUCTURED_ONLY,train_kb,conservative_noisy_or_conflict_adjusted,1,NeoTech Laptop Lite 40,has_ram_gb,12,neotech laptop lite 40|has_ram_gb|12,1,[0.98],True,0,0.735,0.735,0.88,False,,False,False,"[""product_40""]","[""structured""]","[""structured_row:NeoTech Laptop Lite 40""]",1,455,candidate
DEC023_STRUCTURED_ONLY,train_kb,conservative_noisy_or_conflict_adjusted,1,NeoTech Laptop Lite 40,has_storage_gb,256,neotech laptop lite 40|has_storage_gb|256,1,[0.98],True,0,0.735,0.735,0.88,False,,False,False,"[""product_40""]","[""structured""]","[""structured_row:NeoTech Laptop Lite 40""]",0,455,candidate
DEC023_STRUCTURED_ONLY,train_kb,conservative_noisy_or_conflict_adjusted,1,NeoTech Laptop Lite 40,has_battery_life_hours,8,neotech laptop lite 40|has_battery_life_hours|8,1,[0.98],True,0,0.735,0.735,0.88,False,,False,False,"[""product_40""]","[""structured""]","[""structured_row:NeoTech Laptop Lite 40""]",0,455,candidate
DEC023_STRUCTURED_ONLY,train_kb,conservative_noisy_or_conflict_adjusted,1,NeoTech Laptop Lite 40,has_weight_kg,0.42,neotech laptop lite 40|has_weight_kg|0.42,1,[0.98],True,0,0.735,0.735,0.88,False,,False,False,"[""product_40""]","[""structured""]","[""structured_row:NeoTech Laptop Lite 40""]",1,455,candidate
DEC023_STRUCTURED_ONLY,train_kb,conservative_noisy_or_conflict_adjusted,1,NeoTech Laptop Lite 40,has_color,blue,neotech laptop lite 40|has_color|blue,1,[0.98],False,0,0.735,0.735,0.88,False,,False,False,"[""product_40""]","[""structured""]","[""structured_row:NeoTech Laptop Lite 40""]",0,455,candidate
DEC023_STRUCTURED_ONLY,train_kb,conservative_noisy_or_conflict_adjusted,1,NeoTech Laptop Lite 40,made_of_material,carbon fiber,neotech laptop lite 40|made_of_material|carbon fiber,1,[0.98],True,0,0.735,0.735,0.88,False,,False,False,"[""product_40""]","[""structured""]","[""structured_row:NeoTech Laptop Lite 40""]",0,455,candidate
DEC023_STRUCTURED_ONLY,train_kb,conservative_noisy_or_conflict_adjusted,1,NeoTech Laptop Lite 40,target_market_region,Global,neotech laptop lite 40|target_market_region|global,1,[0.98],True,0,0.735,0.735,0.88,False,,False,False,"[""product_40""]","[""structured""]","[""structured_row:NeoTech Laptop Lite 40""]",1,455,candidate
DEC023_STRUCTURED_ONLY,train_kb,conservative_noisy_or_conflict_adjusted,1,NeoTech Laptop Lite 40,supports_fast_charging,yes,neotech laptop lite 40|supports_fast_charging|yes,1,[0.98],True,0,0.735,0.735,0.88,False,,False,False,"[""product_40""]","[""structured""]","[""structured_row:NeoTech Laptop Lite 40""]",0,455,candidate
DEC023_STRUCTURED_ONLY,train_kb,conservative_noisy_or_conflict_adjusted,1,NeoTech Laptop Lite 40,has_noise_cancellation,no,neotech laptop lite 40|has_noise_cancellation|no,1,[0.98],True,0,0.735,0.735,0.88,False,,False,False,"[""product_40""]","[""structured""]","[""structured_row:NeoTech Laptop Lite 40""]",1,455,candidate
DEC023_STRUCTURED_ONLY,train_kb,conservative_noisy_or_conflict_adjusted,1,TechNova Smartphone Max 41,manufactured_by,TechNova,technova smartphone max 41|manufactured_by|technova,1,[0.98],True,0,0.735,0.735,0.88,False,,False,False,"[""product_41""]","[""structured""]","[""structured_row:TechNova Smartphone Max 41""]",1,455,candidate
DEC023_STRUCTURED_ONLY,train_kb,conservative_noisy_or_conflict_adjusted,1,TechNova Smartphone Max 41,belongs_to_category,smartphone,technova smartphone max 41|belongs_to_category|smartphone,1,[0.98],True,0,0.735,0.735,0.88,False,,False,False,"[""product_41""]","[""structured""]","[""structured_row:TechNova Smartphone Max 41""]",0,455,candidate
DEC023_STRUCTURED_ONLY,train_kb,conservative_noisy_or_conflict_adjusted,1,TechNova Smartphone Max 41,has_price_usd,199,technova smartphone max 41|has_price_usd|199,1,[0.98],True,0,0.735,0.735,0.88,False,,False,False,"[""product_41""]","[""structured""]","[""structured_row:TechNova Smartphone Max 41""]",0,455,candidate
DEC023_STRUCTURED_ONLY,train_kb,conservative_noisy_or_conflict_adjusted,1,TechNova Smartphone Max 41,has_screen_size_inch,6.1,technova smartphone max 41|has_screen_size_inch|6.1,1,[0.98],True,0,0.735,0.735,0.88,False,,False,False,"[""product_41""]","[""structured""]","[""structured_row:TechNova Smartphone Max 41""]",1,455,candidate
DEC023_STRUCTURED_ONLY,train_kb,conservative_noisy_or_conflict_adjusted,1,TechNova Smartphone Max 41,has_ram_gb,6,technova smartphone max 41|has_ram_gb|6,1,[0.98],True,0,0.735,0.735,0.88,False,,False,False,"[""product_41""]","[""structured""]","[""structured_row:TechNova Smartphone Max 41""]",1,455,candidate
DEC023_STRUCTURED_ONLY,train_kb,conservative_noisy_or_conflict_adjusted,1,TechNova Smartphone Max 41,has_storage_gb,256,technova smartphone max 41|has_storage_gb|256,1,[0.98],True,0,0.735,0.735,0.88,False,,False,False,"[""product_41""]","[""structured""]","[""structured_row:TechNova Smartphone Max 41""]",1,455,candidate
DEC023_STRUCTURED_ONLY,train_kb,conservative_noisy_or_conflict_adjusted,1,TechNova Smartphone Max 41,has_battery_life_hours,24,technova smartphone max 41|has_battery_life_hours|24,1,[0.98],True,0,0.735,0.735,0.88,False,,False,False,"[""product_41""]","[""structured""]","[""structured_row:TechNova Smartphone Max 41""]",0,455,candidate
DEC023_STRUCTURED_ONLY,train_kb,conservative_noisy_or_conflict_adjusted,1,TechNova Smartphone Max 41,has_weight_kg,1.2,technova smartphone max 41|has_weight_kg|1.2,1,[0.98],True,0,0.735,0.735,0.88,False,,False,False,"[""product_41""]","[""structured""]","[""structured_row:TechNova Smartphone Max 41""]",0,455,candidate
DEC023_STRUCTURED_ONLY,train_kb,conservative_noisy_or_conflict_adjusted,1,TechNova Smartphone Max 41,has_color,blue,technova smartphone max 41|has_color|blue,1,[0.98],False,0,0.735,0.735,0.88,False,,False,False,"[""product_41""]","[""structured""]","[""structured_row:TechNova Smartphone Max 41""]",1,455,candidate
DEC023_STRUCTURED_ONLY,train_kb,conservative_noisy_or_conflict_adjusted,1,TechNova Smartphone Max 41,made_of_material,carbon fiber,technova smartphone max 41|made_of_material|carbon fiber,1,[0.98],True,0,0.735,0.735,0.88,False,,False,False,"[""product_41""]","[""structured""]","[""structured_row:TechNova Smartphone Max 41""]",0,455,candidate
DEC023_STRUCTURED_ONLY,train_kb,conservative_noisy_or_conflict_adjusted,1,TechNova Smartphone Max 41,target_market_region,Global,technova smartphone max 41|target_market_region|global,1,[0.98],True,0,0.735,0.735,0.88,False,,False,False,"[""product_41""]","[""structured""]","[""structured_row:TechNova Smartphone Max 41""]",1,455,candidate
DEC023_STRUCTURED_ONLY,train_kb,conservative_noisy_or_conflict_adjusted,1,TechNova Smartphone Max 41,supports_fast_charging,no,technova smartphone max 41|supports_fast_charging|no,1,[0.98],True,0,0.735,0.735,0.88,False,,False,False,"[""product_41""]","[""structured""]","[""structured_row:TechNova Smartphone Max 41""]",1,455,candidate
DEC023_STRUCTURED_ONLY,train_kb,conservative_noisy_or_conflict_adjusted,1,TechNova Smartphone Max 41,has_noise_cancellation,no,technova smartphone max 41|has_noise_cancellation|no,1,[0.98],True,0,0.735,0.735,0.88,False,,False,False,"[""product_41""]","[""structured""]","[""structured_row:TechNova Smartphone Max 41""]",0,455,candidate
DEC023_STRUCTURED_ONLY,train_kb,conservative_noisy_or_conflict_adjusted,1,Auralex Smartwatch Lite 43,manufactured_by,Auralex,auralex smartwatch lite 43|manufactured_by|auralex,1,[0.98],True,0,0.735,0.735,0.88,False,,False,False,"[""product_43""]","[""structured""]","[""structured_row:Auralex Smartwatch Lite 43""]",0,455,candidate
DEC023_STRUCTURED_ONLY,train_kb,conservative_noisy_or_conflict_adjusted,1,Auralex Smartwatch Lite 43,belongs_to_category,smartwatch,auralex smartwatch lite 43|belongs_to_category|smartwatch,1,[0.98],True,0,0.735,0.735,0.88,False,,False,False,"[""product_43""]","[""structured""]","[""structured_row:Auralex Smartwatch Lite 43""]",1,455,candidate
DEC023_STRUCTURED_ONLY,train_kb,conservative_noisy_or_conflict_adjusted,1,Auralex Smartwatch Lite 43,has_price_usd,349,auralex smartwatch lite 43|has_price_usd|349,1,[0.98],True,0,0.735,0.735,0.88,False,,False,False,"[""product_43""]","[""structured""]","[""structured_row:Auralex Smartwatch Lite 43""]",1,455,candidate
DEC023_STRUCTURED_ONLY,train_kb,conservative_noisy_or_conflict_adjusted,1,Auralex Smartwatch Lite 43,has_screen_size_inch,15.6,auralex smartwatch lite 43|has_screen_size_inch|15.6,1,[0.98],True,0,0.735,0.735,0.88,False,,False,False,"[""product_43""]","[""structured""]","[""structured_row:Auralex Smartwatch Lite 43""]",0,455,candidate
DEC023_STRUCTURED_ONLY,train_kb,conservative_noisy_or_conflict_adjusted,1,Auralex Smartwatch Lite 43,has_ram_gb,6,auralex smartwatch lite 43|has_ram_gb|6,1,[0.98],True,0,0.735,0.735,0.88,False,,False,False,"[""product_43""]","[""structured""]","[""structured_row:Auralex Smartwatch Lite 43""]",0,455,candidate
DEC023_STRUCTURED_ONLY,train_kb,conservative_noisy_or_conflict_adjusted,1,Auralex Smartwatch Lite 43,has_storage_gb,512,auralex smartwatch lite 43|has_storage_gb|512,1,[0.98],True,0,0.735,0.735,0.88,False,,False,False,"[""product_43""]","[""structured""]","[""structured_row:Auralex Smartwatch Lite 43""]",1,455,candidate
DEC023_STRUCTURED_ONLY,train_kb,conservative_noisy_or_conflict_adjusted,1,Auralex Smartwatch Lite 43,has_battery_life_hours,14,auralex smartwatch lite 43|has_battery_life_hours|14,1,[0.98],True,0,0.735,0.735,0.88,False,,False,False,"[""product_43""]","[""structured""]","[""structured_row:Auralex Smartwatch Lite 43""]",1,455,candidate
DEC023_STRUCTURED_ONLY,train_kb,conservative_noisy_or_conflict_adjusted,1,Auralex Smartwatch Lite 43,has_weight_kg,1.8,auralex smartwatch lite 43|has_weight_kg|1.8,1,[0.98],True,0,0.735,0.735,0.88,False,,False,False,"[""product_43""]","[""structured""]","[""structured_row:Auralex Smartwatch Lite 43""]",0,455,candidate
DEC023_STRUCTURED_ONLY,train_kb,conservative_noisy_or_conflict_adjusted,1,Auralex Smartwatch Lite 43,has_color,black,auralex smartwatch lite 43|has_color|black,1,[0.98],False,0,0.735,0.735,0.88,False,,False,False,"[""product_43""]","[""structured""]","[""structured_row:Auralex Smartwatch Lite 43""]",0,455,candidate
DEC023_STRUCTURED_ONLY,train_kb,conservative_noisy_or_conflict_adjusted,1,Auralex Smartwatch Lite 43,made_of_material,plastic,auralex smartwatch lite 43|made_of_material|plastic,1,[0.98],True,0,0.735,0.735,0.88,False,,False,False,"[""product_43""]","[""structured""]","[""structured_row:Auralex Smartwatch Lite 43""]",1,455,candidate
DEC023_STRUCTURED_ONLY,train_kb,conservative_noisy_or_conflict_adjusted,1,Auralex Smartwatch Lite 43,target_market_region,Global,auralex smartwatch lite 43|target_market_region|global,1,[0.98],True,0,0.735,0.735,0.88,False,,False,False,"[""product_43""]","[""structured""]","[""structured_row:Auralex Smartwatch Lite 43""]",1,455,candidate
DEC023_STRUCTURED_ONLY,train_kb,conservative_noisy_or_conflict_adjusted,1,Auralex Smartwatch Lite 43,supports_fast_charging,yes,auralex smartwatch lite 43|supports_fast_charging|yes,1,[0.98],True,0,0.735,0.735,0.88,False,,False,False,"[""product_43""]","[""structured""]","[""structured_row:Auralex Smartwatch Lite 43""]",0,455,candidate
DEC023_STRUCTURED_ONLY,train_kb,conservative_noisy_or_conflict_adjusted,1,Auralex Smartwatch Lite 43,has_noise_cancellation,no,auralex smartwatch lite 43|has_noise_cancellation|no,1,[0.98],True,0,0.735,0.735,0.88,False,,False,False,"[""product_43""]","[""structured""]","[""structured_row:Auralex Smartwatch Lite 43""]",1,455,candidate
DEC023_STRUCTURED_ONLY,train_kb,conservative_noisy_or_conflict_adjusted,1,Auralex Laptop Air 44,manufactured_by,Auralex,auralex laptop air 44|manufactured_by|auralex,1,[0.98],True,0,0.735,0.735,0.88,False,,False,False,"[""product_44""]","[""structured""]","[""structured_row:Auralex Laptop Air 44""]",1,455,candidate
DEC023_STRUCTURED_ONLY,train_kb,conservative_noisy_or_conflict_adjusted,1,Auralex Laptop Air 44,belongs_to_category,laptop,auralex laptop air 44|belongs_to_category|laptop,1,[0.98],True,0,0.735,0.735,0.88,False,,False,False,"[""product_44""]","[""structured""]","[""structured_row:Auralex Laptop Air 44""]",1,455,candidate
DEC023_STRUCTURED_ONLY,train_kb,conservative_noisy_or_conflict_adjusted,1,Auralex Laptop Air 44,has_price_usd,199,auralex laptop air 44|has_price_usd|199,1,[0.98],True,0,0.735,0.735,0.88,False,,False,False,"[""product_44""]","[""structured""]","[""structured_row:Auralex Laptop Air 44""]",1,455,candidate
DEC023_STRUCTURED_ONLY,train_kb,conservative_noisy_or_conflict_adjusted,1,Auralex Laptop Air 44,has_screen_size_inch,13.3,auralex laptop air 44|has_screen_size_inch|13.3,1,[0.98],True,0,0.735,0.735,0.88,False,,False,False,"[""product_44""]","[""structured""]","[""structured_row:Auralex Laptop Air 44""]",1,455,candidate
DEC023_STRUCTURED_ONLY,train_kb,conservative_noisy_or_conflict_adjusted,1,Auralex Laptop Air 44,has_ram_gb,4,auralex laptop air 44|has_ram_gb|4,1,[0.98],True,0,0.735,0.735,0.88,False,,False,False,"[""product_44""]","[""structured""]","[""structured_row:Auralex Laptop Air 44""]",1,455,candidate
DEC023_STRUCTURED_ONLY,train_kb,conservative_noisy_or_conflict_adjusted,1,Auralex Laptop Air 44,has_storage_gb,512,auralex laptop air 44|has_storage_gb|512,1,[0.98],True,0,0.735,0.735,0.88,False,,False,False,"[""product_44""]","[""structured""]","[""structured_row:Auralex Laptop Air 44""]",0,455,candidate
DEC023_STRUCTURED_ONLY,train_kb,conservative_noisy_or_conflict_adjusted,1,Auralex Laptop Air 44,has_battery_life_hours,20,auralex laptop air 44|has_battery_life_hours|20,1,[0.98],True,0,0.735,0.735,0.88,False,,False,False,"[""product_44""]","[""structured""]","[""structured_row:Auralex Laptop Air 44""]",1,455,candidate
DEC023_STRUCTURED_ONLY,train_kb,conservative_noisy_or_conflict_adjusted,1,Auralex Laptop Air 44,has_weight_kg,1.8,auralex laptop air 44|has_weight_kg|1.8,1,[0.98],True,0,0.735,0.735,0.88,False,,False,False,"[""product_44""]","[""structured""]","[""structured_row:Auralex Laptop Air 44""]",0,455,candidate
DEC023_STRUCTURED_ONLY,train_kb,conservative_noisy_or_conflict_adjusted,1,Auralex Laptop Air 44,has_color,silver,auralex laptop air 44|has_color|silver,1,[0.98],False,0,0.735,0.735,0.88,False,,False,False,"[""product_44""]","[""structured""]","[""structured_row:Auralex Laptop Air 44""]",0,455,candidate
DEC023_STRUCTURED_ONLY,train_kb,conservative_noisy_or_conflict_adjusted,1,Auralex Laptop Air 44,made_of_material,aluminum,auralex laptop air 44|made_of_material|aluminum,1,[0.98],True,0,0.735,0.735,0.88,False,,False,False,"[""product_44""]","[""structured""]","[""structured_row:Auralex Laptop Air 44""]",0,455,candidate
DEC023_STRUCTURED_ONLY,train_kb,conservative_noisy_or_conflict_adjusted,1,Auralex Laptop Air 44,target_market_region,EU,auralex laptop air 44|target_market_region|eu,1,[0.98],True,0,0.735,0.735,0.88,False,,False,False,"[""product_44""]","[""structured""]","[""structured_row:Auralex Laptop Air 44""]",1,455,candidate
DEC023_STRUCTURED_ONLY,train_kb,conservative_noisy_or_conflict_adjusted,1,Auralex Laptop Air 44,supports_fast_charging,no,auralex laptop air 44|supports_fast_charging|no,1,[0.98],True,0,0.735,0.735,0.88,False,,False,False,"[""product_44""]","[""structured""]","[""structured_row:Auralex Laptop Air 44""]",0,455,candidate
DEC023_STRUCTURED_ONLY,train_kb,conservative_noisy_or_conflict_adjusted,1,Auralex Laptop Air 44,has_noise_cancellation,no,auralex laptop air 44|has_noise_cancellation|no,1,[0.98],True,0,0.735,0.735,0.88,False,,False,False,"[""product_44""]","[""structured""]","[""structured_row:Auralex Laptop Air 44""]",0,455,candidate
DEC023_STRUCTURED_ONLY,train_kb,conservative_noisy_or_conflict_adjusted,1,NeoTech Smartphone Max 45,manufactured_by,NeoTech,neotech smartphone max 45|manufactured_by|neotech,1,[0.98],True,0,0.735,0.735,0.88,False,,False,False,"[""product_45""]","[""structured""]","[""structured_row:NeoTech Smartphone Max 45""]",1,455,candidate
DEC023_STRUCTURED_ONLY,train_kb,conservative_noisy_or_conflict_adjusted,1,NeoTech Smartphone Max 45,belongs_to_category,smartphone,neotech smartphone max 45|belongs_to_category|smartphone,1,[0.98],True,0,0.735,0.735,0.88,False,,False,False,"[""product_45""]","[""structured""]","[""structured_row:NeoTech Smartphone Max 45""]",1,455,candidate
DEC023_STRUCTURED_ONLY,train_kb,conservative_noisy_or_conflict_adjusted,1,NeoTech Smartphone Max 45,has_price_usd,499,neotech smartphone max 45|has_price_usd|499,1,[0.98],True,0,0.735,0.735,0.88,False,,False,False,"[""product_45""]","[""structured""]","[""structured_row:NeoTech Smartphone Max 45""]",0,455,candidate
DEC023_STRUCTURED_ONLY,train_kb,conservative_noisy_or_conflict_adjusted,1,NeoTech Smartphone Max 45,has_screen_size_inch,14.0,neotech smartphone max 45|has_screen_size_inch|14.0,1,[0.98],True,0,0.735,0.735,0.88,False,,False,False,"[""product_45""]","[""structured""]","[""structured_row:NeoTech Smartphone Max 45""]",1,455,candidate
DEC023_STRUCTURED_ONLY,train_kb,conservative_noisy_or_conflict_adjusted,1,NeoTech Smartphone Max 45,has_ram_gb,6,neotech smartphone max 45|has_ram_gb|6,1,[0.98],True,0,0.735,0.735,0.88,False,,False,False,"[""product_45""]","[""structured""]","[""structured_row:NeoTech Smartphone Max 45""]",0,455,candidate
DEC023_STRUCTURED_ONLY,train_kb,conservative_noisy_or_conflict_adjusted,1,NeoTech Smartphone Max 45,has_storage_gb,512,neotech smartphone max 45|has_storage_gb|512,1,[0.98],True,0,0.735,0.735,0.88,False,,False,False,"[""product_45""]","[""structured""]","[""structured_row:NeoTech Smartphone Max 45""]",1,455,candidate
DEC023_STRUCTURED_ONLY,train_kb,conservative_noisy_or_conflict_adjusted,1,NeoTech Smartphone Max 45,has_battery_life_hours,8,neotech smartphone max 45|has_battery_life_hours|8,1,[0.98],True,0,0.735,0.735,0.88,False,,False,False,"[""product_45""]","[""structured""]","[""structured_row:NeoTech Smartphone Max 45""]",1,455,candidate
DEC023_STRUCTURED_ONLY,train_kb,conservative_noisy_or_conflict_adjusted,1,NeoTech Smartphone Max 45,has_weight_kg,0.18,neotech smartphone max 45|has_weight_kg|0.18,1,[0.98],True,0,0.735,0.735,0.88,False,,False,False,"[""product_45""]","[""structured""]","[""structured_row:NeoTech Smartphone Max 45""]",1,455,candidate
DEC023_STRUCTURED_ONLY,train_kb,conservative_noisy_or_conflict_adjusted,1,NeoTech Smartphone Max 45,has_color,white,neotech smartphone max 45|has_color|white,1,[0.98],False,0,0.735,0.735,0.88,False,,False,False,"[""product_45""]","[""structured""]","[""structured_row:NeoTech Smartphone Max 45""]",1,455,candidate
DEC023_STRUCTURED_ONLY,train_kb,conservative_noisy_or_conflict_adjusted,1,NeoTech Smartphone Max 45,made_of_material,plastic,neotech smartphone max 45|made_of_material|plastic,1,[0.98],True,0,0.735,0.735,0.88,False,,False,False,"[""product_45""]","[""structured""]","[""structured_row:NeoTech Smartphone Max 45""]",0,455,candidate
DEC023_STRUCTURED_ONLY,train_kb,conservative_noisy_or_conflict_adjusted,1,NeoTech Smartphone Max 45,target_market_region,US,neotech smartphone max 45|target_market_region|us,1,[0.98],True,0,0.735,0.735,0.88,False,,False,False,"[""product_45""]","[""structured""]","[""structured_row:NeoTech Smartphone Max 45""]",0,455,candidate
DEC023_STRUCTURED_ONLY,train_kb,conservative_noisy_or_conflict_adjusted,1,NeoTech Smartphone Max 45,supports_fast_charging,no,neotech smartphone max 45|supports_fast_charging|no,1,[0.98],True,0,0.735,0.735,0.88,False,,False,False,"[""product_45""]","[""structured""]","[""structured_row:NeoTech Smartphone Max 45""]",0,455,candidate
DEC023_STRUCTURED_ONLY,train_kb,conservative_noisy_or_conflict_adjusted,1,NeoTech Smartphone Max 45,has_noise_cancellation,no,neotech smartphone max 45|has_noise_cancellation|no,1,[0.98],True,0,0.735,0.735,0.88,False,,False,False,"[""product_45""]","[""structured""]","[""structured_row:NeoTech Smartphone Max 45""]",0,455,candidate
DEC023_STRUCTURED_ONLY,train_kb,conservative_noisy_or_conflict_adjusted,1,PixelWare Laptop Air 47,manufactured_by,PixelWare,pixelware laptop air 47|manufactured_by|pixelware,1,[0.98],True,0,0.735,0.735,0.88,False,,False,False,"[""product_47""]","[""structured""]","[""structured_row:PixelWare Laptop Air 47""]",0,455,candidate
DEC023_STRUCTURED_ONLY,train_kb,conservative_noisy_or_conflict_adjusted,1,PixelWare Laptop Air 47,belongs_to_category,laptop,pixelware laptop air 47|belongs_to_category|laptop,1,[0.98],True,0,0.735,0.735,0.88,False,,False,False,"[""product_47""]","[""structured""]","[""structured_row:PixelWare Laptop Air 47""]",0,455,candidate
DEC023_STRUCTURED_ONLY,train_kb,conservative_noisy_or_conflict_adjusted,1,PixelWare Laptop Air 47,has_price_usd,249,pixelware laptop air 47|has_price_usd|249,1,[0.98],True,0,0.735,0.735,0.88,False,,False,False,"[""product_47""]","[""structured""]","[""structured_row:PixelWare Laptop Air 47""]",0,455,candidate
DEC023_STRUCTURED_ONLY,train_kb,conservative_noisy_or_conflict_adjusted,1,PixelWare Laptop Air 47,has_screen_size_inch,13.3,pixelware laptop air 47|has_screen_size_inch|13.3,1,[0.98],True,0,0.735,0.735,0.88,False,,False,False,"[""product_47""]","[""structured""]","[""structured_row:PixelWare Laptop Air 47""]",1,455,candidate
DEC023_STRUCTURED_ONLY,train_kb,conservative_noisy_or_conflict_adjusted,1,PixelWare Laptop Air 47,has_ram_gb,4,pixelware laptop air 47|has_ram_gb|4,1,[0.98],True,0,0.735,0.735,0.88,False,,False,False,"[""product_47""]","[""structured""]","[""structured_row:PixelWare Laptop Air 47""]",1,455,candidate
DEC023_STRUCTURED_ONLY,train_kb,conservative_noisy_or_conflict_adjusted,1,PixelWare Laptop Air 47,has_storage_gb,512,pixelware laptop air 47|has_storage_gb|512,1,[0.98],True,0,0.735,0.735,0.88,False,,False,False,"[""product_47""]","[""structured""]","[""structured_row:PixelWare Laptop Air 47""]",1,455,candidate
DEC023_STRUCTURED_ONLY,train_kb,conservative_noisy_or_conflict_adjusted,1,PixelWare Laptop Air 47,has_battery_life_hours,8,pixelware laptop air 47|has_battery_life_hours|8,1,[0.98],True,0,0.735,0.735,0.88,False,,False,False,"[""product_47""]","[""structured""]","[""structured_row:PixelWare Laptop Air 47""]",1,455,candidate
DEC023_STRUCTURED_ONLY,train_kb,conservative_noisy_or_conflict_adjusted,1,PixelWare Laptop Air 47,has_weight_kg,1.45,pixelware laptop air 47|has_weight_kg|1.45,1,[0.98],True,0,0.735,0.735,0.88,False,,False,False,"[""product_47""]","[""structured""]","[""structured_row:PixelWare Laptop Air 47""]",1,455,candidate
DEC023_STRUCTURED_ONLY,train_kb,conservative_noisy_or_conflict_adjusted,1,PixelWare Laptop Air 47,has_color,blue,pixelware laptop air 47|has_color|blue,1,[0.98],False,0,0.735,0.735,0.88,False,,False,False,"[""product_47""]","[""structured""]","[""structured_row:PixelWare Laptop Air 47""]",1,455,candidate
DEC023_STRUCTURED_ONLY,train_kb,conservative_noisy_or_conflict_adjusted,1,PixelWare Laptop Air 47,made_of_material,plastic,pixelware laptop air 47|made_of_material|plastic,1,[0.98],True,0,0.735,0.735,0.88,False,,False,False,"[""product_47""]","[""structured""]","[""structured_row:PixelWare Laptop Air 47""]",0,455,candidate
DEC023_STRUCTURED_ONLY,train_kb,conservative_noisy_or_conflict_adjusted,1,PixelWare Laptop Air 47,target_market_region,Global,pixelware laptop air 47|target_market_region|global,1,[0.98],True,0,0.735,0.735,0.88,False,,False,False,"[""product_47""]","[""structured""]","[""structured_row:PixelWare Laptop Air 47""]",0,455,candidate
DEC023_STRUCTURED_ONLY,train_kb,conservative_noisy_or_conflict_adjusted,1,PixelWare Laptop Air 47,supports_fast_charging,yes,pixelware laptop air 47|supports_fast_charging|yes,1,[0.98],True,0,0.735,0.735,0.88,False,,False,False,"[""product_47""]","[""structured""]","[""structured_row:PixelWare Laptop Air 47""]",0,455,candidate
DEC023_STRUCTURED_ONLY,train_kb,conservative_noisy_or_conflict_adjusted,1,PixelWare Laptop Air 47,has_noise_cancellation,no,pixelware laptop air 47|has_noise_cancellation|no,1,[0.98],True,0,0.735,0.735,0.88,False,,False,False,"[""product_47""]","[""structured""]","[""structured_row:PixelWare Laptop Air 47""]",1,455,candidate
DEC023_STRUCTURED_ONLY,train_kb,conservative_noisy_or_conflict_adjusted,1,NeoTech Tablet Pro 48,manufactured_by,NeoTech,neotech tablet pro 48|manufactured_by|neotech,1,[0.98],True,0,0.735,0.735,0.88,False,,False,False,"[""product_48""]","[""structured""]","[""structured_row:NeoTech Tablet Pro 48""]",1,455,candidate
DEC023_STRUCTURED_ONLY,train_kb,conservative_noisy_or_conflict_adjusted,1,NeoTech Tablet Pro 48,belongs_to_category,tablet,neotech tablet pro 48|belongs_to_category|tablet,1,[0.98],True,0,0.735,0.735,0.88,False,,False,False,"[""product_48""]","[""structured""]","[""structured_row:NeoTech Tablet Pro 48""]",0,455,candidate
DEC023_STRUCTURED_ONLY,train_kb,conservative_noisy_or_conflict_adjusted,1,NeoTech Tablet Pro 48,has_price_usd,899,neotech tablet pro 48|has_price_usd|899,1,[0.98],True,0,0.735,0.735,0.88,False,,False,False,"[""product_48""]","[""structured""]","[""structured_row:NeoTech Tablet Pro 48""]",0,455,candidate
DEC023_STRUCTURED_ONLY,train_kb,conservative_noisy_or_conflict_adjusted,1,NeoTech Tablet Pro 48,has_screen_size_inch,13.3,neotech tablet pro 48|has_screen_size_inch|13.3,1,[0.98],True,0,0.735,0.735,0.88,False,,False,False,"[""product_48""]","[""structured""]","[""structured_row:NeoTech Tablet Pro 48""]",1,455,candidate
DEC023_STRUCTURED_ONLY,train_kb,conservative_noisy_or_conflict_adjusted,1,NeoTech Tablet Pro 48,has_ram_gb,16,neotech tablet pro 48|has_ram_gb|16,1,[0.98],True,0,0.735,0.735,0.88,False,,False,False,"[""product_48""]","[""structured""]","[""structured_row:NeoTech Tablet Pro 48""]",1,455,candidate
DEC023_STRUCTURED_ONLY,train_kb,conservative_noisy_or_conflict_adjusted,1,NeoTech Tablet Pro 48,has_storage_gb,64,neotech tablet pro 48|has_storage_gb|64,1,[0.98],True,0,0.735,0.735,0.88,False,,False,False,"[""product_48""]","[""structured""]","[""structured_row:NeoTech Tablet Pro 48""]",1,455,candidate
DEC023_STRUCTURED_ONLY,train_kb,conservative_noisy_or_conflict_adjusted,1,NeoTech Tablet Pro 48,has_battery_life_hours,8,neotech tablet pro 48|has_battery_life_hours|8,1,[0.98],True,0,0.735,0.735,0.88,False,,False,False,"[""product_48""]","[""structured""]","[""structured_row:NeoTech Tablet Pro 48""]",0,455,candidate
DEC023_STRUCTURED_ONLY,train_kb,conservative_noisy_or_conflict_adjusted,1,NeoTech Tablet Pro 48,has_weight_kg,0.18,neotech tablet pro 48|has_weight_kg|0.18,1,[0.98],True,0,0.735,0.735,0.88,False,,False,False,"[""product_48""]","[""structured""]","[""structured_row:NeoTech Tablet Pro 48""]",1,455,candidate
DEC023_STRUCTURED_ONLY,train_kb,conservative_noisy_or_conflict_adjusted,1,NeoTech Tablet Pro 48,has_color,black,neotech tablet pro 48|has_color|black,1,[0.98],False,0,0.735,0.735,0.88,False,,False,False,"[""product_48""]","[""structured""]","[""structured_row:NeoTech Tablet Pro 48""]",1,455,candidate
DEC023_STRUCTURED_ONLY,train_kb,conservative_noisy_or_conflict_adjusted,1,NeoTech Tablet Pro 48,made_of_material,carbon fiber,neotech tablet pro 48|made_of_material|carbon fiber,1,[0.98],True,0,0.735,0.735,0.88,False,,False,False,"[""product_48""]","[""structured""]","[""structured_row:NeoTech Tablet Pro 48""]",1,455,candidate
DEC023_STRUCTURED_ONLY,train_kb,conservative_noisy_or_conflict_adjusted,1,NeoTech Tablet Pro 48,target_market_region,Global,neotech tablet pro 48|target_market_region|global,1,[0.98],True,0,0.735,0.735,0.88,False,,False,False,"[""product_48""]","[""structured""]","[""structured_row:NeoTech Tablet Pro 48""]",0,455,candidate
DEC023_STRUCTURED_ONLY,train_kb,conservative_noisy_or_conflict_adjusted,1,NeoTech Tablet Pro 48,supports_fast_charging,yes,neotech tablet pro 48|supports_fast_charging|yes,1,[0.98],True,0,0.735,0.735,0.88,False,,False,False,"[""product_48""]","[""structured""]","[""structured_row:NeoTech Tablet Pro 48""]",0,455,candidate
DEC023_STRUCTURED_ONLY,train_kb,conservative_noisy_or_conflict_adjusted,1,NeoTech Tablet Pro 48,has_noise_cancellation,no,neotech tablet pro 48|has_noise_cancellation|no,1,[0.98],True,0,0.735,0.735,0.88,False,,False,False,"[""product_48""]","[""structured""]","[""structured_row:NeoTech Tablet Pro 48""]",0,455,candidate
DEC023_STRUCTURED_ONLY,train_kb,conservative_noisy_or_conflict_adjusted,1,NeoTech Smartwatch Pro 49,manufactured_by,NeoTech,neotech smartwatch pro 49|manufactured_by|neotech,1,[0.98],True,0,0.735,0.735,0.88,False,,False,False,"[""product_49""]","[""structured""]","[""structured_row:NeoTech Smartwatch Pro 49""]",1,455,candidate
DEC023_STRUCTURED_ONLY,train_kb,conservative_noisy_or_conflict_adjusted,1,NeoTech Smartwatch Pro 49,belongs_to_category,smartwatch,neotech smartwatch pro 49|belongs_to_category|smartwatch,1,[0.98],True,0,0.735,0.735,0.88,False,,False,False,"[""product_49""]","[""structured""]","[""structured_row:NeoTech Smartwatch Pro 49""]",0,455,candidate
DEC023_STRUCTURED_ONLY,train_kb,conservative_noisy_or_conflict_adjusted,1,NeoTech Smartwatch Pro 49,has_price_usd,299,neotech smartwatch pro 49|has_price_usd|299,1,[0.98],True,0,0.735,0.735,0.88,False,,False,False,"[""product_49""]","[""structured""]","[""structured_row:NeoTech Smartwatch Pro 49""]",0,455,candidate
DEC023_STRUCTURED_ONLY,train_kb,conservative_noisy_or_conflict_adjusted,1,NeoTech Smartwatch Pro 49,has_screen_size_inch,11.0,neotech smartwatch pro 49|has_screen_size_inch|11.0,1,[0.98],True,0,0.735,0.735,0.88,False,,False,False,"[""product_49""]","[""structured""]","[""structured_row:NeoTech Smartwatch Pro 49""]",0,455,candidate
DEC023_STRUCTURED_ONLY,train_kb,conservative_noisy_or_conflict_adjusted,1,NeoTech Smartwatch Pro 49,has_ram_gb,8,neotech smartwatch pro 49|has_ram_gb|8,1,[0.98],True,0,0.735,0.735,0.88,False,,False,False,"[""product_49""]","[""structured""]","[""structured_row:NeoTech Smartwatch Pro 49""]",0,455,candidate
DEC023_STRUCTURED_ONLY,train_kb,conservative_noisy_or_conflict_adjusted,1,NeoTech Smartwatch Pro 49,has_storage_gb,512,neotech smartwatch pro 49|has_storage_gb|512,1,[0.98],True,0,0.735,0.735,0.88,False,,False,False,"[""product_49""]","[""structured""]","[""structured_row:NeoTech Smartwatch Pro 49""]",1,455,candidate
DEC023_STRUCTURED_ONLY,train_kb,conservative_noisy_or_conflict_adjusted,1,NeoTech Smartwatch Pro 49,has_battery_life_hours,10,neotech smartwatch pro 49|has_battery_life_hours|10,1,[0.98],True,0,0.735,0.735,0.88,False,,False,False,"[""product_49""]","[""structured""]","[""structured_row:NeoTech Smartwatch Pro 49""]",0,455,candidate
DEC023_STRUCTURED_ONLY,train_kb,conservative_noisy_or_conflict_adjusted,1,NeoTech Smartwatch Pro 49,has_weight_kg,1.8,neotech smartwatch pro 49|has_weight_kg|1.8,1,[0.98],True,0,0.735,0.735,0.88,False,,False,False,"[""product_49""]","[""structured""]","[""structured_row:NeoTech Smartwatch Pro 49""]",1,455,candidate
DEC023_STRUCTURED_ONLY,train_kb,conservative_noisy_or_conflict_adjusted,1,NeoTech Smartwatch Pro 49,has_color,blue,neotech smartwatch pro 49|has_color|blue,1,[0.98],False,0,0.735,0.735,0.88,False,,False,False,"[""product_49""]","[""structured""]","[""structured_row:NeoTech Smartwatch Pro 49""]",1,455,candidate
DEC023_STRUCTURED_ONLY,train_kb,conservative_noisy_or_conflict_adjusted,1,NeoTech Smartwatch Pro 49,made_of_material,aluminum,neotech smartwatch pro 49|made_of_material|aluminum,1,[0.98],True,0,0.735,0.735,0.88,False,,False,False,"[""product_49""]","[""structured""]","[""structured_row:NeoTech Smartwatch Pro 49""]",0,455,candidate
DEC023_STRUCTURED_ONLY,train_kb,conservative_noisy_or_conflict_adjusted,1,NeoTech Smartwatch Pro 49,target_market_region,EU,neotech smartwatch pro 49|target_market_region|eu,1,[0.98],True,0,0.735,0.735,0.88,False,,False,False,"[""product_49""]","[""structured""]","[""structured_row:NeoTech Smartwatch Pro 49""]",1,455,candidate
DEC023_STRUCTURED_ONLY,train_kb,conservative_noisy_or_conflict_adjusted,1,NeoTech Smartwatch Pro 49,supports_fast_charging,yes,neotech smartwatch pro 49|supports_fast_charging|yes,1,[0.98],True,0,0.735,0.735,0.88,False,,False,False,"[""product_49""]","[""structured""]","[""structured_row:NeoTech Smartwatch Pro 49""]",1,455,candidate
DEC023_STRUCTURED_ONLY,train_kb,conservative_noisy_or_conflict_adjusted,1,NeoTech Smartwatch Pro 49,has_noise_cancellation,no,neotech smartwatch pro 49|has_noise_cancellation|no,1,[0.98],True,0,0.735,0.735,0.88,False,,False,False,"[""product_49""]","[""structured""]","[""structured_row:NeoTech Smartwatch Pro 49""]",1,455,candidate
DEC023_STRUCTURED_ONLY,train_kb,conservative_noisy_or_conflict_adjusted,1,PixelWare Smartphone Pro 50,manufactured_by,PixelWare,pixelware smartphone pro 50|manufactured_by|pixelware,1,[0.98],True,0,0.735,0.735,0.88,False,,False,False,"[""product_50""]","[""structured""]","[""structured_row:PixelWare Smartphone Pro 50""]",1,455,candidate
DEC023_STRUCTURED_ONLY,train_kb,conservative_noisy_or_conflict_adjusted,1,PixelWare Smartphone Pro 50,belongs_to_category,smartphone,pixelware smartphone pro 50|belongs_to_category|smartphone,1,[0.98],True,0,0.735,0.735,0.88,False,,False,False,"[""product_50""]","[""structured""]","[""structured_row:PixelWare Smartphone Pro 50""]",0,455,candidate
DEC023_STRUCTURED_ONLY,train_kb,conservative_noisy_or_conflict_adjusted,1,PixelWare Smartphone Pro 50,has_price_usd,499,pixelware smartphone pro 50|has_price_usd|499,1,[0.98],True,0,0.735,0.735,0.88,False,,False,False,"[""product_50""]","[""structured""]","[""structured_row:PixelWare Smartphone Pro 50""]",0,455,candidate
DEC023_STRUCTURED_ONLY,train_kb,conservative_noisy_or_conflict_adjusted,1,PixelWare Smartphone Pro 50,has_screen_size_inch,13.3,pixelware smartphone pro 50|has_screen_size_inch|13.3,1,[0.98],True,0,0.735,0.735,0.88,False,,False,False,"[""product_50""]","[""structured""]","[""structured_row:PixelWare Smartphone Pro 50""]",1,455,candidate
DEC023_STRUCTURED_ONLY,train_kb,conservative_noisy_or_conflict_adjusted,1,PixelWare Smartphone Pro 50,has_ram_gb,6,pixelware smartphone pro 50|has_ram_gb|6,1,[0.98],True,0,0.735,0.735,0.88,False,,False,False,"[""product_50""]","[""structured""]","[""structured_row:PixelWare Smartphone Pro 50""]",1,455,candidate
DEC023_STRUCTURED_ONLY,train_kb,conservative_noisy_or_conflict_adjusted,1,PixelWare Smartphone Pro 50,has_storage_gb,1024,pixelware smartphone pro 50|has_storage_gb|1024,1,[0.98],True,0,0.735,0.735,0.88,False,,False,False,"[""product_50""]","[""structured""]","[""structured_row:PixelWare Smartphone Pro 50""]",0,455,candidate
DEC023_STRUCTURED_ONLY,train_kb,conservative_noisy_or_conflict_adjusted,1,PixelWare Smartphone Pro 50,has_battery_life_hours,24,pixelware smartphone pro 50|has_battery_life_hours|24,1,[0.98],True,0,0.735,0.735,0.88,False,,False,False,"[""product_50""]","[""structured""]","[""structured_row:PixelWare Smartphone Pro 50""]",1,455,candidate
DEC023_STRUCTURED_ONLY,train_kb,conservative_noisy_or_conflict_adjusted,1,PixelWare Smartphone Pro 50,has_weight_kg,0.23,pixelware smartphone pro 50|has_weight_kg|0.23,1,[0.98],True,0,0.735,0.735,0.88,False,,False,False,"[""product_50""]","[""structured""]","[""structured_row:PixelWare Smartphone Pro 50""]",0,455,candidate
DEC023_STRUCTURED_ONLY,train_kb,conservative_noisy_or_conflict_adjusted,1,PixelWare Smartphone Pro 50,has_color,blue,pixelware smartphone pro 50|has_color|blue,1,[0.98],False,0,0.735,0.735,0.88,False,,False,False,"[""product_50""]","[""structured""]","[""structured_row:PixelWare Smartphone Pro 50""]",1,455,candidate
DEC023_STRUCTURED_ONLY,train_kb,conservative_noisy_or_conflict_adjusted,1,PixelWare Smartphone Pro 50,made_of_material,carbon fiber,pixelware smartphone pro 50|made_of_material|carbon fiber,1,[0.98],True,0,0.735,0.735,0.88,False,,False,False,"[""product_50""]","[""structured""]","[""structured_row:PixelWare Smartphone Pro 50""]",1,455,candidate
DEC023_STRUCTURED_ONLY,train_kb,conservative_noisy_or_conflict_adjusted,1,PixelWare Smartphone Pro 50,target_market_region,EU,pixelware smartphone pro 50|target_market_region|eu,1,[0.98],True,0,0.735,0.735,0.88,False,,False,False,"[""product_50""]","[""structured""]","[""structured_row:PixelWare Smartphone Pro 50""]",0,455,candidate
DEC023_STRUCTURED_ONLY,train_kb,conservative_noisy_or_conflict_adjusted,1,PixelWare Smartphone Pro 50,supports_fast_charging,yes,pixelware smartphone pro 50|supports_fast_charging|yes,1,[0.98],True,0,0.735,0.735,0.88,False,,False,False,"[""product_50""]","[""structured""]","[""structured_row:PixelWare Smartphone Pro 50""]",0,455,candidate
DEC023_STRUCTURED_ONLY,train_kb,conservative_noisy_or_conflict_adjusted,1,PixelWare Smartphone Pro 50,has_noise_cancellation,no,pixelware smartphone pro 50|has_noise_cancellation|no,1,[0.98],True,0,0.735,0.735,0.88,False,,False,False,"[""product_50""]","[""structured""]","[""structured_row:PixelWare Smartphone Pro 50""]",1,455,candidate
