experiment_id,run_id,prob_kb_version,iteration,subject,predicate,object,triple_key,observation_count,observation_confidences,functional_predicate,competitor_count,conservative_noisy_or_support,conflict_adjusted_final_confidence,threshold,above_threshold,previous_final_confidence,crossed_threshold_up,crossed_threshold_down,source_ids,source_types,provenance,gold_label,kb_size,status
DEC029_NO_FEEDBACK,train_kb,conservative_noisy_or_conflict_adjusted,3,NeoTech Headphones Max 1,manufactured_by,NeoTech,neotech headphones max 1|manufactured_by|neotech,4,"[0.98, 0.92, 0.92, 0.978]",True,0,0.99321317775,0.99321317775,0.88,True,0.9745335,False,False,"[""product_1"", ""product_1"", ""product_1"", ""product_1""]","[""structured"", ""unstructured"", ""unstructured"", ""unstructured""]","[""structured_row:NeoTech Headphones Max 1"", ""NeoTech Headphones Max 1 is manufactured by NeoTech. Priced at 1099 USD. The display measures 11.0 inches. Battery lasts up to 24 hours. Weighs approximately 1.8kg. Targeted at the APAC market. Fast charging is yes."", ""NeoTech Headphones Max 1 is manufactured by NeoTech. Priced at 1099 USD. The display measures 11.0 inches. Battery lasts up to 24 hours. Weighs approximately 1.8kg. Targeted at the APAC market. Fast charging is yes."", ""NeoTech Headphones Max 1 is manufactured by NeoTech. Priced at 1099 USD. The display measures 11.0 inches. Battery lasts up to 24 hours. Weighs approximately 1.8kg. Targeted at the APAC market. Fast charging is yes.""]",1,614,candidate
DEC029_NO_FEEDBACK,train_kb,conservative_noisy_or_conflict_adjusted,3,NeoTech Headphones Max 1,belongs_to_category,headphones,neotech headphones max 1|belongs_to_category|headphones,1,[0.98],True,0,0.735,0.735,0.88,False,0.735,False,False,"[""product_1""]","[""structured""]","[""structured_row:NeoTech Headphones Max 1""]",0,614,candidate
DEC029_NO_FEEDBACK,train_kb,conservative_noisy_or_conflict_adjusted,3,NeoTech Headphones Max 1,has_price_usd,1099,neotech headphones max 1|has_price_usd|1099,4,"[0.98, 0.93, 0.92, 0.978]",True,0,0.9933773750625,0.9933773750625,0.88,True,0.975149625,False,False,"[""product_1"", ""product_1"", ""product_1"", ""product_1""]","[""structured"", ""unstructured"", ""unstructured"", ""unstructured""]","[""structured_row:NeoTech Headphones Max 1"", ""NeoTech Headphones Max 1 is manufactured by NeoTech. Priced at 1099 USD. The display measures 11.0 inches. Battery lasts up to 24 hours. Weighs approximately 1.8kg. Targeted at the APAC market. Fast charging is yes."", ""NeoTech Headphones Max 1 is manufactured by NeoTech. Priced at 1099 USD. The display measures 11.0 inches. Battery lasts up to 24 hours. Weighs approximately 1.8kg. Targeted at the APAC market. Fast charging is yes."", ""NeoTech Headphones Max 1 is manufactured by NeoTech. Priced at 1099 USD. The display measures 11.0 inches. Battery lasts up to 24 hours. Weighs approximately 1.8kg. Targeted at the APAC market. Fast charging is yes.""]",1,614,candidate
DEC029_NO_FEEDBACK,train_kb,conservative_noisy_or_conflict_adjusted,3,NeoTech Headphones Max 1,has_screen_size_inch,11.0,neotech headphones max 1|has_screen_size_inch|11.0,4,"[0.98, 0.94, 0.92, 0.978]",True,0,0.993541572375,0.993541572375,0.88,True,0.97576575,False,False,"[""product_1"", ""product_1"", ""product_1"", ""product_1""]","[""structured"", ""unstructured"", ""unstructured"", ""unstructured""]","[""structured_row:NeoTech Headphones Max 1"", ""NeoTech Headphones Max 1 is manufactured by NeoTech. Priced at 1099 USD. The display measures 11.0 inches. Battery lasts up to 24 hours. Weighs approximately 1.8kg. Targeted at the APAC market. Fast charging is yes."", ""NeoTech Headphones Max 1 is manufactured by NeoTech. Priced at 1099 USD. The display measures 11.0 inches. Battery lasts up to 24 hours. Weighs approximately 1.8kg. Targeted at the APAC market. Fast charging is yes."", ""NeoTech Headphones Max 1 is manufactured by NeoTech. Priced at 1099 USD. The display measures 11.0 inches. Battery lasts up to 24 hours. Weighs approximately 1.8kg. Targeted at the APAC market. Fast charging is yes.""]",1,614,candidate
DEC029_NO_FEEDBACK,train_kb,conservative_noisy_or_conflict_adjusted,3,NeoTech Headphones Max 1,has_ram_gb,8,neotech headphones max 1|has_ram_gb|8,1,[0.98],True,0,0.735,0.735,0.88,False,0.735,False,False,"[""product_1""]","[""structured""]","[""structured_row:NeoTech Headphones Max 1""]",0,614,candidate
DEC029_NO_FEEDBACK,train_kb,conservative_noisy_or_conflict_adjusted,3,NeoTech Headphones Max 1,has_storage_gb,64,neotech headphones max 1|has_storage_gb|64,1,[0.98],True,0,0.735,0.735,0.88,False,0.735,False,False,"[""product_1""]","[""structured""]","[""structured_row:NeoTech Headphones Max 1""]",0,614,candidate
DEC029_NO_FEEDBACK,train_kb,conservative_noisy_or_conflict_adjusted,3,NeoTech Headphones Max 1,has_battery_life_hours,24,neotech headphones max 1|has_battery_life_hours|24,4,"[0.98, 0.95, 0.92, 0.976]",True,0,0.9936703425,0.9936703425,0.88,True,0.976381875,False,False,"[""product_1"", ""product_1"", ""product_1"", ""product_1""]","[""structured"", ""unstructured"", ""unstructured"", ""unstructured""]","[""structured_row:NeoTech Headphones Max 1"", ""NeoTech Headphones Max 1 is manufactured by NeoTech. Priced at 1099 USD. The display measures 11.0 inches. Battery lasts up to 24 hours. Weighs approximately 1.8kg. Targeted at the APAC market. Fast charging is yes."", ""NeoTech Headphones Max 1 is manufactured by NeoTech. Priced at 1099 USD. The display measures 11.0 inches. Battery lasts up to 24 hours. Weighs approximately 1.8kg. Targeted at the APAC market. Fast charging is yes."", ""NeoTech Headphones Max 1 is manufactured by NeoTech. Priced at 1099 USD. The display measures 11.0 inches. Battery lasts up to 24 hours. Weighs approximately 1.8kg. Targeted at the APAC market. Fast charging is yes.""]",1,614,candidate
DEC029_NO_FEEDBACK,train_kb,conservative_noisy_or_conflict_adjusted,3,NeoTech Headphones Max 1,has_weight_kg,1.8,neotech headphones max 1|has_weight_kg|1.8,4,"[0.98, 0.96, 0.92, 0.977]",True,0,0.9938527155,0.9938527155,0.88,True,0.976998,False,False,"[""product_1"", ""product_1"", ""product_1"", ""product_1""]","[""structured"", ""unstructured"", ""unstructured"", ""unstructured""]","[""structured_row:NeoTech Headphones Max 1"", ""NeoTech Headphones Max 1 is manufactured by NeoTech. Priced at 1099 USD. The display measures 11.0 inches. Battery lasts up to 24 hours. Weighs approximately 1.8kg. Targeted at the APAC market. Fast charging is yes."", ""NeoTech Headphones Max 1 is manufactured by NeoTech. Priced at 1099 USD. The display measures 11.0 inches. Battery lasts up to 24 hours. Weighs approximately 1.8kg. Targeted at the APAC market. Fast charging is yes."", ""NeoTech Headphones Max 1 is manufactured by NeoTech. Priced at 1099 USD. The display measures 11.0 inches. Battery lasts up to 24 hours. Weighs approximately 1.8kg. Targeted at the APAC market. Fast charging is yes.""]",1,614,candidate
DEC029_NO_FEEDBACK,train_kb,conservative_noisy_or_conflict_adjusted,3,NeoTech Headphones Max 1,has_color,green,neotech headphones max 1|has_color|green,1,[0.98],False,0,0.735,0.735,0.88,False,0.735,False,False,"[""product_1""]","[""structured""]","[""structured_row:NeoTech Headphones Max 1""]",0,614,candidate
DEC029_NO_FEEDBACK,train_kb,conservative_noisy_or_conflict_adjusted,3,NeoTech Headphones Max 1,made_of_material,aluminum,neotech headphones max 1|made_of_material|aluminum,1,[0.98],True,0,0.735,0.735,0.88,False,0.735,False,False,"[""product_1""]","[""structured""]","[""structured_row:NeoTech Headphones Max 1""]",0,614,candidate
DEC029_NO_FEEDBACK,train_kb,conservative_noisy_or_conflict_adjusted,3,NeoTech Headphones Max 1,target_market_region,APAC,neotech headphones max 1|target_market_region|apac,4,"[0.98, 0.92, 0.92, 0.978]",True,0,0.99321317775,0.99321317775,0.88,True,0.9745335,False,False,"[""product_1"", ""product_1"", ""product_1"", ""product_1""]","[""structured"", ""unstructured"", ""unstructured"", ""unstructured""]","[""structured_row:NeoTech Headphones Max 1"", ""NeoTech Headphones Max 1 is manufactured by NeoTech. Priced at 1099 USD. The display measures 11.0 inches. Battery lasts up to 24 hours. Weighs approximately 1.8kg. Targeted at the APAC market. Fast charging is yes."", ""NeoTech Headphones Max 1 is manufactured by NeoTech. Priced at 1099 USD. The display measures 11.0 inches. Battery lasts up to 24 hours. Weighs approximately 1.8kg. Targeted at the APAC market. Fast charging is yes."", ""NeoTech Headphones Max 1 is manufactured by NeoTech. Priced at 1099 USD. The display measures 11.0 inches. Battery lasts up to 24 hours. Weighs approximately 1.8kg. Targeted at the APAC market. Fast charging is yes.""]",1,614,candidate
DEC029_NO_FEEDBACK,train_kb,conservative_noisy_or_conflict_adjusted,3,NeoTech Headphones Max 1,supports_fast_charging,yes,neotech headphones max 1|supports_fast_charging|yes,4,"[0.98, 0.9, 0.92, 0.978]",True,0,0.992884783125,0.992884783125,0.88,True,0.97330125,False,False,"[""product_1"", ""product_1"", ""product_1"", ""product_1""]","[""structured"", ""unstructured"", ""unstructured"", ""unstructured""]","[""structured_row:NeoTech Headphones Max 1"", ""NeoTech Headphones Max 1 is manufactured by NeoTech. Priced at 1099 USD. The display measures 11.0 inches. Battery lasts up to 24 hours. Weighs approximately 1.8kg. Targeted at the APAC market. Fast charging is yes."", ""NeoTech Headphones Max 1 is manufactured by NeoTech. Priced at 1099 USD. The display measures 11.0 inches. Battery lasts up to 24 hours. Weighs approximately 1.8kg. Targeted at the APAC market. Fast charging is yes."", ""NeoTech Headphones Max 1 is manufactured by NeoTech. Priced at 1099 USD. The display measures 11.0 inches. Battery lasts up to 24 hours. Weighs approximately 1.8kg. Targeted at the APAC market. Fast charging is yes.""]",1,614,candidate
DEC029_NO_FEEDBACK,train_kb,conservative_noisy_or_conflict_adjusted,3,NeoTech Headphones Max 1,has_noise_cancellation,yes,neotech headphones max 1|has_noise_cancellation|yes,1,[0.98],True,0,0.735,0.735,0.88,False,0.735,False,False,"[""product_1""]","[""structured""]","[""structured_row:NeoTech Headphones Max 1""]",0,614,candidate
DEC029_NO_FEEDBACK,train_kb,conservative_noisy_or_conflict_adjusted,3,PixelWare Laptop Plus 2,manufactured_by,PixelWare,pixelware laptop plus 2|manufactured_by|pixelware,3,"[0.98, 0.95, 0.91]",True,0,0.97581046875,0.97581046875,0.88,True,0.97581046875,False,False,"[""product_2"", ""product_2"", ""product_2""]","[""structured"", ""unstructured"", ""unstructured""]","[""structured_row:PixelWare Laptop Plus 2"", ""PixelWare Laptop Plus 2 is manufactured by PixelWare. Priced at 1299 USD. The display measures 15.6 inches. Comes with 16GB of RAM. Battery lasts up to 18 hours. Built with carbon fiber construction. Noise cancellation: no."", ""PixelWare Laptop Plus 2 is manufactured by PixelWare. Priced at 1299 USD. The display measures 15.6 inches. Comes with 16GB of RAM. Battery lasts up to 18 hours. Built with carbon fiber construction. Noise cancellation: no.""]",1,614,candidate
DEC029_NO_FEEDBACK,train_kb,conservative_noisy_or_conflict_adjusted,3,PixelWare Laptop Plus 2,belongs_to_category,laptop,pixelware laptop plus 2|belongs_to_category|laptop,1,[0.98],True,0,0.735,0.735,0.88,False,0.735,False,False,"[""product_2""]","[""structured""]","[""structured_row:PixelWare Laptop Plus 2""]",0,614,candidate
DEC029_NO_FEEDBACK,train_kb,conservative_noisy_or_conflict_adjusted,3,PixelWare Laptop Plus 2,has_price_usd,1299,pixelware laptop plus 2|has_price_usd|1299,3,"[0.98, 0.92, 0.91]",True,0,0.973917375,0.973917375,0.88,True,0.973917375,False,False,"[""product_2"", ""product_2"", ""product_2""]","[""structured"", ""unstructured"", ""unstructured""]","[""structured_row:PixelWare Laptop Plus 2"", ""PixelWare Laptop Plus 2 is manufactured by PixelWare. Priced at 1299 USD. The display measures 15.6 inches. Comes with 16GB of RAM. Battery lasts up to 18 hours. Built with carbon fiber construction. Noise cancellation: no."", ""PixelWare Laptop Plus 2 is manufactured by PixelWare. Priced at 1299 USD. The display measures 15.6 inches. Comes with 16GB of RAM. Battery lasts up to 18 hours. Built with carbon fiber construction. Noise cancellation: no.""]",1,614,candidate
DEC029_NO_FEEDBACK,train_kb,conservative_noisy_or_conflict_adjusted,3,PixelWare Laptop Plus 2,has_screen_size_inch,15.6,pixelware laptop plus 2|has_screen_size_inch|15.6,3,"[0.98, 0.93, 0.91]",True,0,0.97454840625,0.97454840625,0.88,True,0.97454840625,False,False,"[""product_2"", ""product_2"", ""product_2""]","[""structured"", ""unstructured"", ""unstructured""]","[""structured_row:PixelWare Laptop Plus 2"", ""PixelWare Laptop Plus 2 is manufactured by PixelWare. Priced at 1299 USD. The display measures 15.6 inches. Comes with 16GB of RAM. Battery lasts up to 18 hours. Built with carbon fiber construction. Noise cancellation: no."", ""PixelWare Laptop Plus 2 is manufactured by PixelWare. Priced at 1299 USD. The display measures 15.6 inches. Comes with 16GB of RAM. Battery lasts up to 18 hours. Built with carbon fiber construction. Noise cancellation: no.""]",1,614,candidate
DEC029_NO_FEEDBACK,train_kb,conservative_noisy_or_conflict_adjusted,3,PixelWare Laptop Plus 2,has_ram_gb,16,pixelware laptop plus 2|has_ram_gb|16,3,"[0.98, 0.94, 0.91]",True,0,0.9751794375,0.9751794375,0.88,True,0.9751794375,False,False,"[""product_2"", ""product_2"", ""product_2""]","[""structured"", ""unstructured"", ""unstructured""]","[""structured_row:PixelWare Laptop Plus 2"", ""PixelWare Laptop Plus 2 is manufactured by PixelWare. Priced at 1299 USD. The display measures 15.6 inches. Comes with 16GB of RAM. Battery lasts up to 18 hours. Built with carbon fiber construction. Noise cancellation: no."", ""PixelWare Laptop Plus 2 is manufactured by PixelWare. Priced at 1299 USD. The display measures 15.6 inches. Comes with 16GB of RAM. Battery lasts up to 18 hours. Built with carbon fiber construction. Noise cancellation: no.""]",1,614,candidate
DEC029_NO_FEEDBACK,train_kb,conservative_noisy_or_conflict_adjusted,3,PixelWare Laptop Plus 2,has_storage_gb,64,pixelware laptop plus 2|has_storage_gb|64,1,[0.98],True,0,0.735,0.735,0.88,False,0.735,False,False,"[""product_2""]","[""structured""]","[""structured_row:PixelWare Laptop Plus 2""]",0,614,candidate
DEC029_NO_FEEDBACK,train_kb,conservative_noisy_or_conflict_adjusted,3,PixelWare Laptop Plus 2,has_battery_life_hours,18,pixelware laptop plus 2|has_battery_life_hours|18,3,"[0.98, 0.9, 0.91]",True,0,0.9726553125,0.9726553125,0.88,True,0.9726553125,False,False,"[""product_2"", ""product_2"", ""product_2""]","[""structured"", ""unstructured"", ""unstructured""]","[""structured_row:PixelWare Laptop Plus 2"", ""PixelWare Laptop Plus 2 is manufactured by PixelWare. Priced at 1299 USD. The display measures 15.6 inches. Comes with 16GB of RAM. Battery lasts up to 18 hours. Built with carbon fiber construction. Noise cancellation: no."", ""PixelWare Laptop Plus 2 is manufactured by PixelWare. Priced at 1299 USD. The display measures 15.6 inches. Comes with 16GB of RAM. Battery lasts up to 18 hours. Built with carbon fiber construction. Noise cancellation: no.""]",1,614,candidate
DEC029_NO_FEEDBACK,train_kb,conservative_noisy_or_conflict_adjusted,3,PixelWare Laptop Plus 2,has_weight_kg,1.2,pixelware laptop plus 2|has_weight_kg|1.2,1,[0.98],True,1,0.735,0.3675,0.88,False,0.3675,False,False,"[""product_2""]","[""structured""]","[""structured_row:PixelWare Laptop Plus 2""]",0,614,candidate
DEC029_NO_FEEDBACK,train_kb,conservative_noisy_or_conflict_adjusted,3,PixelWare Laptop Plus 2,has_color,blue,pixelware laptop plus 2|has_color|blue,1,[0.98],False,1,0.735,0.735,0.88,False,0.735,False,False,"[""product_2""]","[""structured""]","[""structured_row:PixelWare Laptop Plus 2""]",0,614,candidate
DEC029_NO_FEEDBACK,train_kb,conservative_noisy_or_conflict_adjusted,3,PixelWare Laptop Plus 2,made_of_material,carbon fiber,pixelware laptop plus 2|made_of_material|carbon fiber,3,"[0.98, 0.89, 0.91]",True,0,0.97202428125,0.97202428125,0.88,True,0.97202428125,False,False,"[""product_2"", ""product_2"", ""product_2""]","[""structured"", ""unstructured"", ""unstructured""]","[""structured_row:PixelWare Laptop Plus 2"", ""PixelWare Laptop Plus 2 is manufactured by PixelWare. Priced at 1299 USD. The display measures 15.6 inches. Comes with 16GB of RAM. Battery lasts up to 18 hours. Built with carbon fiber construction. Noise cancellation: no."", ""PixelWare Laptop Plus 2 is manufactured by PixelWare. Priced at 1299 USD. The display measures 15.6 inches. Comes with 16GB of RAM. Battery lasts up to 18 hours. Built with carbon fiber construction. Noise cancellation: no.""]",1,614,candidate
DEC029_NO_FEEDBACK,train_kb,conservative_noisy_or_conflict_adjusted,3,PixelWare Laptop Plus 2,target_market_region,US,pixelware laptop plus 2|target_market_region|us,1,[0.98],True,0,0.735,0.735,0.88,False,0.735,False,False,"[""product_2""]","[""structured""]","[""structured_row:PixelWare Laptop Plus 2""]",0,614,candidate
DEC029_NO_FEEDBACK,train_kb,conservative_noisy_or_conflict_adjusted,3,PixelWare Laptop Plus 2,supports_fast_charging,yes,pixelware laptop plus 2|supports_fast_charging|yes,1,[0.98],True,0,0.735,0.735,0.88,False,0.735,False,False,"[""product_2""]","[""structured""]","[""structured_row:PixelWare Laptop Plus 2""]",0,614,candidate
DEC029_NO_FEEDBACK,train_kb,conservative_noisy_or_conflict_adjusted,3,PixelWare Laptop Plus 2,has_noise_cancellation,no,pixelware laptop plus 2|has_noise_cancellation|no,2,"[0.98, 0.88]",True,0,0.9099,0.9099,0.88,True,0.9099,False,False,"[""product_2"", ""product_2""]","[""structured"", ""unstructured""]","[""structured_row:PixelWare Laptop Plus 2"", ""PixelWare Laptop Plus 2 is manufactured by PixelWare. Priced at 1299 USD. The display measures 15.6 inches. Comes with 16GB of RAM. Battery lasts up to 18 hours. Built with carbon fiber construction. Noise cancellation: no.""]",1,614,candidate
DEC029_NO_FEEDBACK,train_kb,conservative_noisy_or_conflict_adjusted,3,Zenbyte Laptop Plus 8,manufactured_by,Zenbyte,zenbyte laptop plus 8|manufactured_by|zenbyte,1,[0.98],True,0,0.735,0.735,0.88,False,0.735,False,False,"[""product_8""]","[""structured""]","[""structured_row:Zenbyte Laptop Plus 8""]",0,614,candidate
DEC029_NO_FEEDBACK,train_kb,conservative_noisy_or_conflict_adjusted,3,Zenbyte Laptop Plus 8,belongs_to_category,laptop,zenbyte laptop plus 8|belongs_to_category|laptop,1,[0.98],True,0,0.735,0.735,0.88,False,0.735,False,False,"[""product_8""]","[""structured""]","[""structured_row:Zenbyte Laptop Plus 8""]",1,614,candidate
DEC029_NO_FEEDBACK,train_kb,conservative_noisy_or_conflict_adjusted,3,Zenbyte Laptop Plus 8,has_price_usd,249,zenbyte laptop plus 8|has_price_usd|249,1,[0.98],True,0,0.735,0.735,0.88,False,0.735,False,False,"[""product_8""]","[""structured""]","[""structured_row:Zenbyte Laptop Plus 8""]",0,614,candidate
DEC029_NO_FEEDBACK,train_kb,conservative_noisy_or_conflict_adjusted,3,Zenbyte Laptop Plus 8,has_screen_size_inch,6.1,zenbyte laptop plus 8|has_screen_size_inch|6.1,1,[0.98],True,0,0.735,0.735,0.88,False,0.735,False,False,"[""product_8""]","[""structured""]","[""structured_row:Zenbyte Laptop Plus 8""]",1,614,candidate
DEC029_NO_FEEDBACK,train_kb,conservative_noisy_or_conflict_adjusted,3,Zenbyte Laptop Plus 8,has_ram_gb,32,zenbyte laptop plus 8|has_ram_gb|32,1,[0.98],True,0,0.735,0.735,0.88,False,0.735,False,False,"[""product_8""]","[""structured""]","[""structured_row:Zenbyte Laptop Plus 8""]",0,614,candidate
DEC029_NO_FEEDBACK,train_kb,conservative_noisy_or_conflict_adjusted,3,Zenbyte Laptop Plus 8,has_storage_gb,128,zenbyte laptop plus 8|has_storage_gb|128,1,[0.98],True,0,0.735,0.735,0.88,False,0.735,False,False,"[""product_8""]","[""structured""]","[""structured_row:Zenbyte Laptop Plus 8""]",0,614,candidate
DEC029_NO_FEEDBACK,train_kb,conservative_noisy_or_conflict_adjusted,3,Zenbyte Laptop Plus 8,has_battery_life_hours,10,zenbyte laptop plus 8|has_battery_life_hours|10,1,[0.98],True,0,0.735,0.735,0.88,False,0.735,False,False,"[""product_8""]","[""structured""]","[""structured_row:Zenbyte Laptop Plus 8""]",0,614,candidate
DEC029_NO_FEEDBACK,train_kb,conservative_noisy_or_conflict_adjusted,3,Zenbyte Laptop Plus 8,has_weight_kg,0.18,zenbyte laptop plus 8|has_weight_kg|0.18,1,[0.98],True,0,0.735,0.735,0.88,False,0.735,False,False,"[""product_8""]","[""structured""]","[""structured_row:Zenbyte Laptop Plus 8""]",1,614,candidate
DEC029_NO_FEEDBACK,train_kb,conservative_noisy_or_conflict_adjusted,3,Zenbyte Laptop Plus 8,has_color,blue,zenbyte laptop plus 8|has_color|blue,1,[0.98],False,0,0.735,0.735,0.88,False,0.735,False,False,"[""product_8""]","[""structured""]","[""structured_row:Zenbyte Laptop Plus 8""]",1,614,candidate
DEC029_NO_FEEDBACK,train_kb,conservative_noisy_or_conflict_adjusted,3,Zenbyte Laptop Plus 8,made_of_material,carbon fiber,zenbyte laptop plus 8|made_of_material|carbon fiber,1,[0.98],True,0,0.735,0.735,0.88,False,0.735,False,False,"[""product_8""]","[""structured""]","[""structured_row:Zenbyte Laptop Plus 8""]",1,614,candidate
DEC029_NO_FEEDBACK,train_kb,conservative_noisy_or_conflict_adjusted,3,Zenbyte Laptop Plus 8,target_market_region,US,zenbyte laptop plus 8|target_market_region|us,1,[0.98],True,0,0.735,0.735,0.88,False,0.735,False,False,"[""product_8""]","[""structured""]","[""structured_row:Zenbyte Laptop Plus 8""]",0,614,candidate
DEC029_NO_FEEDBACK,train_kb,conservative_noisy_or_conflict_adjusted,3,Zenbyte Laptop Plus 8,supports_fast_charging,yes,zenbyte laptop plus 8|supports_fast_charging|yes,1,[0.98],True,0,0.735,0.735,0.88,False,0.735,False,False,"[""product_8""]","[""structured""]","[""structured_row:Zenbyte Laptop Plus 8""]",1,614,candidate
DEC029_NO_FEEDBACK,train_kb,conservative_noisy_or_conflict_adjusted,3,Zenbyte Laptop Plus 8,has_noise_cancellation,no,zenbyte laptop plus 8|has_noise_cancellation|no,1,[0.98],True,0,0.735,0.735,0.88,False,0.735,False,False,"[""product_8""]","[""structured""]","[""structured_row:Zenbyte Laptop Plus 8""]",1,614,candidate
DEC029_NO_FEEDBACK,train_kb,conservative_noisy_or_conflict_adjusted,3,Zenbyte Laptop Plus 9,manufactured_by,Zenbyte,zenbyte laptop plus 9|manufactured_by|zenbyte,3,"[0.98, 0.95, 0.92]",True,0,0.976381875,0.976381875,0.88,True,0.976381875,False,False,"[""product_9"", ""product_9"", ""product_9""]","[""structured"", ""unstructured"", ""unstructured""]","[""structured_row:Zenbyte Laptop Plus 9"", ""Zenbyte Laptop Plus 9 is manufactured by Zenbyte. Priced at 1299 USD. The display measures 10.9 inches. Offers 256GB of internal storage. Battery lasts up to 10 hours. Weighs approximately 1.2kg. Targeted at the Global market."", ""Zenbyte Laptop Plus 9 is manufactured by Zenbyte. Priced at 1299 USD. The display measures 10.9 inches. Offers 256GB of internal storage. Battery lasts up to 10 hours. Weighs approximately 1.2kg. Targeted at the Global market.""]",1,614,candidate
DEC029_NO_FEEDBACK,train_kb,conservative_noisy_or_conflict_adjusted,3,Zenbyte Laptop Plus 9,belongs_to_category,laptop,zenbyte laptop plus 9|belongs_to_category|laptop,1,[0.98],True,0,0.735,0.735,0.88,False,0.735,False,False,"[""product_9""]","[""structured""]","[""structured_row:Zenbyte Laptop Plus 9""]",0,614,candidate
DEC029_NO_FEEDBACK,train_kb,conservative_noisy_or_conflict_adjusted,3,Zenbyte Laptop Plus 9,has_price_usd,1299,zenbyte laptop plus 9|has_price_usd|1299,3,"[0.98, 0.92, 0.92]",True,0,0.9745335,0.9745335,0.88,True,0.9745335,False,False,"[""product_9"", ""product_9"", ""product_9""]","[""structured"", ""unstructured"", ""unstructured""]","[""structured_row:Zenbyte Laptop Plus 9"", ""Zenbyte Laptop Plus 9 is manufactured by Zenbyte. Priced at 1299 USD. The display measures 10.9 inches. Offers 256GB of internal storage. Battery lasts up to 10 hours. Weighs approximately 1.2kg. Targeted at the Global market."", ""Zenbyte Laptop Plus 9 is manufactured by Zenbyte. Priced at 1299 USD. The display measures 10.9 inches. Offers 256GB of internal storage. Battery lasts up to 10 hours. Weighs approximately 1.2kg. Targeted at the Global market.""]",1,614,candidate
DEC029_NO_FEEDBACK,train_kb,conservative_noisy_or_conflict_adjusted,3,Zenbyte Laptop Plus 9,has_screen_size_inch,10.9,zenbyte laptop plus 9|has_screen_size_inch|10.9,3,"[0.98, 0.93, 0.92]",True,0,0.975149625,0.975149625,0.88,True,0.975149625,False,False,"[""product_9"", ""product_9"", ""product_9""]","[""structured"", ""unstructured"", ""unstructured""]","[""structured_row:Zenbyte Laptop Plus 9"", ""Zenbyte Laptop Plus 9 is manufactured by Zenbyte. Priced at 1299 USD. The display measures 10.9 inches. Offers 256GB of internal storage. Battery lasts up to 10 hours. Weighs approximately 1.2kg. Targeted at the Global market."", ""Zenbyte Laptop Plus 9 is manufactured by Zenbyte. Priced at 1299 USD. The display measures 10.9 inches. Offers 256GB of internal storage. Battery lasts up to 10 hours. Weighs approximately 1.2kg. Targeted at the Global market.""]",1,614,candidate
DEC029_NO_FEEDBACK,train_kb,conservative_noisy_or_conflict_adjusted,3,Zenbyte Laptop Plus 9,has_ram_gb,4,zenbyte laptop plus 9|has_ram_gb|4,1,[0.98],True,0,0.735,0.735,0.88,False,0.735,False,False,"[""product_9""]","[""structured""]","[""structured_row:Zenbyte Laptop Plus 9""]",0,614,candidate
DEC029_NO_FEEDBACK,train_kb,conservative_noisy_or_conflict_adjusted,3,Zenbyte Laptop Plus 9,has_storage_gb,256,zenbyte laptop plus 9|has_storage_gb|256,3,"[0.98, 0.94, 0.92]",True,0,0.97576575,0.97576575,0.88,True,0.97576575,False,False,"[""product_9"", ""product_9"", ""product_9""]","[""structured"", ""unstructured"", ""unstructured""]","[""structured_row:Zenbyte Laptop Plus 9"", ""Zenbyte Laptop Plus 9 is manufactured by Zenbyte. Priced at 1299 USD. The display measures 10.9 inches. Offers 256GB of internal storage. Battery lasts up to 10 hours. Weighs approximately 1.2kg. Targeted at the Global market."", ""Zenbyte Laptop Plus 9 is manufactured by Zenbyte. Priced at 1299 USD. The display measures 10.9 inches. Offers 256GB of internal storage. Battery lasts up to 10 hours. Weighs approximately 1.2kg. Targeted at the Global market.""]",1,614,candidate
DEC029_NO_FEEDBACK,train_kb,conservative_noisy_or_conflict_adjusted,3,Zenbyte Laptop Plus 9,has_battery_life_hours,10,zenbyte laptop plus 9|has_battery_life_hours|10,3,"[0.98, 0.9, 0.92]",True,0,0.97330125,0.97330125,0.88,True,0.97330125,False,False,"[""product_9"", ""product_9"", ""product_9""]","[""structured"", ""unstructured"", ""unstructured""]","[""structured_row:Zenbyte Laptop Plus 9"", ""Zenbyte Laptop Plus 9 is manufactured by Zenbyte. Priced at 1299 USD. The display measures 10.9 inches. Offers 256GB of internal storage. Battery lasts up to 10 hours. Weighs approximately 1.2kg. Targeted at the Global market."", ""Zenbyte Laptop Plus 9 is manufactured by Zenbyte. Priced at 1299 USD. The display measures 10.9 inches. Offers 256GB of internal storage. Battery lasts up to 10 hours. Weighs approximately 1.2kg. Targeted at the Global market.""]",1,614,candidate
DEC029_NO_FEEDBACK,train_kb,conservative_noisy_or_conflict_adjusted,3,Zenbyte Laptop Plus 9,has_weight_kg,1.2,zenbyte laptop plus 9|has_weight_kg|1.2,3,"[0.98, 0.91, 0.92]",True,0,0.973917375,0.973917375,0.88,True,0.973917375,False,False,"[""product_9"", ""product_9"", ""product_9""]","[""structured"", ""unstructured"", ""unstructured""]","[""structured_row:Zenbyte Laptop Plus 9"", ""Zenbyte Laptop Plus 9 is manufactured by Zenbyte. Priced at 1299 USD. The display measures 10.9 inches. Offers 256GB of internal storage. Battery lasts up to 10 hours. Weighs approximately 1.2kg. Targeted at the Global market."", ""Zenbyte Laptop Plus 9 is manufactured by Zenbyte. Priced at 1299 USD. The display measures 10.9 inches. Offers 256GB of internal storage. Battery lasts up to 10 hours. Weighs approximately 1.2kg. Targeted at the Global market.""]",1,614,candidate
DEC029_NO_FEEDBACK,train_kb,conservative_noisy_or_conflict_adjusted,3,Zenbyte Laptop Plus 9,has_color,white,zenbyte laptop plus 9|has_color|white,1,[0.98],False,0,0.735,0.735,0.88,False,0.735,False,False,"[""product_9""]","[""structured""]","[""structured_row:Zenbyte Laptop Plus 9""]",0,614,candidate
DEC029_NO_FEEDBACK,train_kb,conservative_noisy_or_conflict_adjusted,3,Zenbyte Laptop Plus 9,made_of_material,carbon fiber,zenbyte laptop plus 9|made_of_material|carbon fiber,1,[0.98],True,0,0.735,0.735,0.88,False,0.735,False,False,"[""product_9""]","[""structured""]","[""structured_row:Zenbyte Laptop Plus 9""]",0,614,candidate
DEC029_NO_FEEDBACK,train_kb,conservative_noisy_or_conflict_adjusted,3,Zenbyte Laptop Plus 9,target_market_region,Global,zenbyte laptop plus 9|target_market_region|global,3,"[0.98, 0.96, 0.92]",True,0,0.976998,0.976998,0.88,True,0.976998,False,False,"[""product_9"", ""product_9"", ""product_9""]","[""structured"", ""unstructured"", ""unstructured""]","[""structured_row:Zenbyte Laptop Plus 9"", ""Zenbyte Laptop Plus 9 is manufactured by Zenbyte. Priced at 1299 USD. The display measures 10.9 inches. Offers 256GB of internal storage. Battery lasts up to 10 hours. Weighs approximately 1.2kg. Targeted at the Global market."", ""Zenbyte Laptop Plus 9 is manufactured by Zenbyte. Priced at 1299 USD. The display measures 10.9 inches. Offers 256GB of internal storage. Battery lasts up to 10 hours. Weighs approximately 1.2kg. Targeted at the Global market.""]",1,614,candidate
DEC029_NO_FEEDBACK,train_kb,conservative_noisy_or_conflict_adjusted,3,Zenbyte Laptop Plus 9,supports_fast_charging,no,zenbyte laptop plus 9|supports_fast_charging|no,1,[0.98],True,0,0.735,0.735,0.88,False,0.735,False,False,"[""product_9""]","[""structured""]","[""structured_row:Zenbyte Laptop Plus 9""]",0,614,candidate
DEC029_NO_FEEDBACK,train_kb,conservative_noisy_or_conflict_adjusted,3,Zenbyte Laptop Plus 9,has_noise_cancellation,no,zenbyte laptop plus 9|has_noise_cancellation|no,1,[0.98],True,0,0.735,0.735,0.88,False,0.735,False,False,"[""product_9""]","[""structured""]","[""structured_row:Zenbyte Laptop Plus 9""]",0,614,candidate
DEC029_NO_FEEDBACK,train_kb,conservative_noisy_or_conflict_adjusted,3,NeoTech Smartwatch Max 11,manufactured_by,NeoTech,neotech smartwatch max 11|manufactured_by|neotech,1,[0.98],True,0,0.735,0.735,0.88,False,0.735,False,False,"[""product_11""]","[""structured""]","[""structured_row:NeoTech Smartwatch Max 11""]",0,614,candidate
DEC029_NO_FEEDBACK,train_kb,conservative_noisy_or_conflict_adjusted,3,NeoTech Smartwatch Max 11,belongs_to_category,smartwatch,neotech smartwatch max 11|belongs_to_category|smartwatch,1,[0.98],True,0,0.735,0.735,0.88,False,0.735,False,False,"[""product_11""]","[""structured""]","[""structured_row:NeoTech Smartwatch Max 11""]",1,614,candidate
DEC029_NO_FEEDBACK,train_kb,conservative_noisy_or_conflict_adjusted,3,NeoTech Smartwatch Max 11,has_price_usd,349,neotech smartwatch max 11|has_price_usd|349,1,[0.98],True,0,0.735,0.735,0.88,False,0.735,False,False,"[""product_11""]","[""structured""]","[""structured_row:NeoTech Smartwatch Max 11""]",0,614,candidate
DEC029_NO_FEEDBACK,train_kb,conservative_noisy_or_conflict_adjusted,3,NeoTech Smartwatch Max 11,has_screen_size_inch,6.7,neotech smartwatch max 11|has_screen_size_inch|6.7,1,[0.98],True,0,0.735,0.735,0.88,False,0.735,False,False,"[""product_11""]","[""structured""]","[""structured_row:NeoTech Smartwatch Max 11""]",1,614,candidate
DEC029_NO_FEEDBACK,train_kb,conservative_noisy_or_conflict_adjusted,3,NeoTech Smartwatch Max 11,has_ram_gb,12,neotech smartwatch max 11|has_ram_gb|12,1,[0.98],True,0,0.735,0.735,0.88,False,0.735,False,False,"[""product_11""]","[""structured""]","[""structured_row:NeoTech Smartwatch Max 11""]",0,614,candidate
DEC029_NO_FEEDBACK,train_kb,conservative_noisy_or_conflict_adjusted,3,NeoTech Smartwatch Max 11,has_storage_gb,256,neotech smartwatch max 11|has_storage_gb|256,1,[0.98],True,0,0.735,0.735,0.88,False,0.735,False,False,"[""product_11""]","[""structured""]","[""structured_row:NeoTech Smartwatch Max 11""]",0,614,candidate
DEC029_NO_FEEDBACK,train_kb,conservative_noisy_or_conflict_adjusted,3,NeoTech Smartwatch Max 11,has_battery_life_hours,20,neotech smartwatch max 11|has_battery_life_hours|20,1,[0.98],True,0,0.735,0.735,0.88,False,0.735,False,False,"[""product_11""]","[""structured""]","[""structured_row:NeoTech Smartwatch Max 11""]",1,614,candidate
DEC029_NO_FEEDBACK,train_kb,conservative_noisy_or_conflict_adjusted,3,NeoTech Smartwatch Max 11,has_weight_kg,1.45,neotech smartwatch max 11|has_weight_kg|1.45,1,[0.98],True,0,0.735,0.735,0.88,False,0.735,False,False,"[""product_11""]","[""structured""]","[""structured_row:NeoTech Smartwatch Max 11""]",1,614,candidate
DEC029_NO_FEEDBACK,train_kb,conservative_noisy_or_conflict_adjusted,3,NeoTech Smartwatch Max 11,has_color,black,neotech smartwatch max 11|has_color|black,1,[0.98],False,0,0.735,0.735,0.88,False,0.735,False,False,"[""product_11""]","[""structured""]","[""structured_row:NeoTech Smartwatch Max 11""]",1,614,candidate
DEC029_NO_FEEDBACK,train_kb,conservative_noisy_or_conflict_adjusted,3,NeoTech Smartwatch Max 11,made_of_material,aluminum,neotech smartwatch max 11|made_of_material|aluminum,1,[0.98],True,0,0.735,0.735,0.88,False,0.735,False,False,"[""product_11""]","[""structured""]","[""structured_row:NeoTech Smartwatch Max 11""]",1,614,candidate
DEC029_NO_FEEDBACK,train_kb,conservative_noisy_or_conflict_adjusted,3,NeoTech Smartwatch Max 11,target_market_region,US,neotech smartwatch max 11|target_market_region|us,1,[0.98],True,0,0.735,0.735,0.88,False,0.735,False,False,"[""product_11""]","[""structured""]","[""structured_row:NeoTech Smartwatch Max 11""]",0,614,candidate
DEC029_NO_FEEDBACK,train_kb,conservative_noisy_or_conflict_adjusted,3,NeoTech Smartwatch Max 11,supports_fast_charging,yes,neotech smartwatch max 11|supports_fast_charging|yes,1,[0.98],True,0,0.735,0.735,0.88,False,0.735,False,False,"[""product_11""]","[""structured""]","[""structured_row:NeoTech Smartwatch Max 11""]",0,614,candidate
DEC029_NO_FEEDBACK,train_kb,conservative_noisy_or_conflict_adjusted,3,NeoTech Smartwatch Max 11,has_noise_cancellation,no,neotech smartwatch max 11|has_noise_cancellation|no,1,[0.98],True,0,0.735,0.735,0.88,False,0.735,False,False,"[""product_11""]","[""structured""]","[""structured_row:NeoTech Smartwatch Max 11""]",1,614,candidate
DEC029_NO_FEEDBACK,train_kb,conservative_noisy_or_conflict_adjusted,3,smartwatch device,has_screen_size_inch,6.7,smartwatch device|has_screen_size_inch|6.7,1,[0.85],True,0,0.6375,0.6375,0.88,False,0.6375,False,False,"[""product_11""]","[""unstructured""]","[""It is a smartwatch device. The display measures 6.7 inches. Battery lasts up to 20 hours. Weighs approximately 1.45kg. Available in black. Built with aluminum construction. Noise cancellation: no.""]",0,614,candidate
DEC029_NO_FEEDBACK,train_kb,conservative_noisy_or_conflict_adjusted,3,smartwatch device,has_battery_life_hours,20,smartwatch device|has_battery_life_hours|20,1,[0.85],True,0,0.6375,0.6375,0.88,False,0.6375,False,False,"[""product_11""]","[""unstructured""]","[""It is a smartwatch device. The display measures 6.7 inches. Battery lasts up to 20 hours. Weighs approximately 1.45kg. Available in black. Built with aluminum construction. Noise cancellation: no.""]",0,614,candidate
DEC029_NO_FEEDBACK,train_kb,conservative_noisy_or_conflict_adjusted,3,smartwatch device,has_weight_kg,1.45,smartwatch device|has_weight_kg|1.45,1,[0.85],True,0,0.6375,0.6375,0.88,False,0.6375,False,False,"[""product_11""]","[""unstructured""]","[""It is a smartwatch device. The display measures 6.7 inches. Battery lasts up to 20 hours. Weighs approximately 1.45kg. Available in black. Built with aluminum construction. Noise cancellation: no.""]",0,614,candidate
DEC029_NO_FEEDBACK,train_kb,conservative_noisy_or_conflict_adjusted,3,smartwatch device,has_color,black,smartwatch device|has_color|black,1,[0.85],False,0,0.6375,0.6375,0.88,False,0.6375,False,False,"[""product_11""]","[""unstructured""]","[""It is a smartwatch device. The display measures 6.7 inches. Battery lasts up to 20 hours. Weighs approximately 1.45kg. Available in black. Built with aluminum construction. Noise cancellation: no.""]",0,614,candidate
DEC029_NO_FEEDBACK,train_kb,conservative_noisy_or_conflict_adjusted,3,smartwatch device,made_of_material,aluminum,smartwatch device|made_of_material|aluminum,1,[0.85],True,0,0.6375,0.6375,0.88,False,0.6375,False,False,"[""product_11""]","[""unstructured""]","[""It is a smartwatch device. The display measures 6.7 inches. Battery lasts up to 20 hours. Weighs approximately 1.45kg. Available in black. Built with aluminum construction. Noise cancellation: no.""]",0,614,candidate
DEC029_NO_FEEDBACK,train_kb,conservative_noisy_or_conflict_adjusted,3,smartwatch device,has_noise_cancellation,no,smartwatch device|has_noise_cancellation|no,1,[0.85],True,0,0.6375,0.6375,0.88,False,0.6375,False,False,"[""product_11""]","[""unstructured""]","[""It is a smartwatch device. The display measures 6.7 inches. Battery lasts up to 20 hours. Weighs approximately 1.45kg. Available in black. Built with aluminum construction. Noise cancellation: no.""]",0,614,candidate
DEC029_NO_FEEDBACK,train_kb,conservative_noisy_or_conflict_adjusted,3,PixelWare Tablet Plus 12,manufactured_by,PixelWare,pixelware tablet plus 12|manufactured_by|pixelware,1,[0.98],True,0,0.735,0.735,0.88,False,0.735,False,False,"[""product_12""]","[""structured""]","[""structured_row:PixelWare Tablet Plus 12""]",0,614,candidate
DEC029_NO_FEEDBACK,train_kb,conservative_noisy_or_conflict_adjusted,3,PixelWare Tablet Plus 12,belongs_to_category,tablet,pixelware tablet plus 12|belongs_to_category|tablet,1,[0.98],True,0,0.735,0.735,0.88,False,0.735,False,False,"[""product_12""]","[""structured""]","[""structured_row:PixelWare Tablet Plus 12""]",0,614,candidate
DEC029_NO_FEEDBACK,train_kb,conservative_noisy_or_conflict_adjusted,3,PixelWare Tablet Plus 12,has_price_usd,199,pixelware tablet plus 12|has_price_usd|199,1,[0.98],True,0,0.735,0.735,0.88,False,0.735,False,False,"[""product_12""]","[""structured""]","[""structured_row:PixelWare Tablet Plus 12""]",1,614,candidate
DEC029_NO_FEEDBACK,train_kb,conservative_noisy_or_conflict_adjusted,3,PixelWare Tablet Plus 12,has_screen_size_inch,14.0,pixelware tablet plus 12|has_screen_size_inch|14.0,1,[0.98],True,0,0.735,0.735,0.88,False,0.735,False,False,"[""product_12""]","[""structured""]","[""structured_row:PixelWare Tablet Plus 12""]",0,614,candidate
DEC029_NO_FEEDBACK,train_kb,conservative_noisy_or_conflict_adjusted,3,PixelWare Tablet Plus 12,has_ram_gb,6,pixelware tablet plus 12|has_ram_gb|6,1,[0.98],True,0,0.735,0.735,0.88,False,0.735,False,False,"[""product_12""]","[""structured""]","[""structured_row:PixelWare Tablet Plus 12""]",1,614,candidate
DEC029_NO_FEEDBACK,train_kb,conservative_noisy_or_conflict_adjusted,3,PixelWare Tablet Plus 12,has_storage_gb,512,pixelware tablet plus 12|has_storage_gb|512,1,[0.98],True,0,0.735,0.735,0.88,False,0.735,False,False,"[""product_12""]","[""structured""]","[""structured_row:PixelWare Tablet Plus 12""]",0,614,candidate
DEC029_NO_FEEDBACK,train_kb,conservative_noisy_or_conflict_adjusted,3,PixelWare Tablet Plus 12,has_battery_life_hours,10,pixelware tablet plus 12|has_battery_life_hours|10,1,[0.98],True,0,0.735,0.735,0.88,False,0.735,False,False,"[""product_12""]","[""structured""]","[""structured_row:PixelWare Tablet Plus 12""]",0,614,candidate
DEC029_NO_FEEDBACK,train_kb,conservative_noisy_or_conflict_adjusted,3,PixelWare Tablet Plus 12,has_weight_kg,0.23,pixelware tablet plus 12|has_weight_kg|0.23,1,[0.98],True,0,0.735,0.735,0.88,False,0.735,False,False,"[""product_12""]","[""structured""]","[""structured_row:PixelWare Tablet Plus 12""]",1,614,candidate
DEC029_NO_FEEDBACK,train_kb,conservative_noisy_or_conflict_adjusted,3,PixelWare Tablet Plus 12,has_color,black,pixelware tablet plus 12|has_color|black,1,[0.98],False,0,0.735,0.735,0.88,False,0.735,False,False,"[""product_12""]","[""structured""]","[""structured_row:PixelWare Tablet Plus 12""]",1,614,candidate
DEC029_NO_FEEDBACK,train_kb,conservative_noisy_or_conflict_adjusted,3,PixelWare Tablet Plus 12,made_of_material,plastic,pixelware tablet plus 12|made_of_material|plastic,1,[0.98],True,0,0.735,0.735,0.88,False,0.735,False,False,"[""product_12""]","[""structured""]","[""structured_row:PixelWare Tablet Plus 12""]",1,614,candidate
DEC029_NO_FEEDBACK,train_kb,conservative_noisy_or_conflict_adjusted,3,PixelWare Tablet Plus 12,target_market_region,EU,pixelware tablet plus 12|target_market_region|eu,1,[0.98],True,0,0.735,0.735,0.88,False,0.735,False,False,"[""product_12""]","[""structured""]","[""structured_row:PixelWare Tablet Plus 12""]",1,614,candidate
DEC029_NO_FEEDBACK,train_kb,conservative_noisy_or_conflict_adjusted,3,PixelWare Tablet Plus 12,supports_fast_charging,yes,pixelware tablet plus 12|supports_fast_charging|yes,1,[0.98],True,0,0.735,0.735,0.88,False,0.735,False,False,"[""product_12""]","[""structured""]","[""structured_row:PixelWare Tablet Plus 12""]",1,614,candidate
DEC029_NO_FEEDBACK,train_kb,conservative_noisy_or_conflict_adjusted,3,PixelWare Tablet Plus 12,has_noise_cancellation,no,pixelware tablet plus 12|has_noise_cancellation|no,1,[0.98],True,0,0.735,0.735,0.88,False,0.735,False,False,"[""product_12""]","[""structured""]","[""structured_row:PixelWare Tablet Plus 12""]",0,614,candidate
DEC029_NO_FEEDBACK,train_kb,conservative_noisy_or_conflict_adjusted,3,Auralex Smartphone Lite 13,manufactured_by,Auralex,auralex smartphone lite 13|manufactured_by|auralex,1,[0.98],True,0,0.735,0.735,0.88,False,0.735,False,False,"[""product_13""]","[""structured""]","[""structured_row:Auralex Smartphone Lite 13""]",0,614,candidate
DEC029_NO_FEEDBACK,train_kb,conservative_noisy_or_conflict_adjusted,3,Auralex Smartphone Lite 13,belongs_to_category,smartphone,auralex smartphone lite 13|belongs_to_category|smartphone,1,[0.98],True,0,0.735,0.735,0.88,False,0.735,False,False,"[""product_13""]","[""structured""]","[""structured_row:Auralex Smartphone Lite 13""]",1,614,candidate
DEC029_NO_FEEDBACK,train_kb,conservative_noisy_or_conflict_adjusted,3,Auralex Smartphone Lite 13,has_price_usd,349,auralex smartphone lite 13|has_price_usd|349,1,[0.98],True,0,0.735,0.735,0.88,False,0.735,False,False,"[""product_13""]","[""structured""]","[""structured_row:Auralex Smartphone Lite 13""]",1,614,candidate
DEC029_NO_FEEDBACK,train_kb,conservative_noisy_or_conflict_adjusted,3,Auralex Smartphone Lite 13,has_screen_size_inch,15.6,auralex smartphone lite 13|has_screen_size_inch|15.6,1,[0.98],True,0,0.735,0.735,0.88,False,0.735,False,False,"[""product_13""]","[""structured""]","[""structured_row:Auralex Smartphone Lite 13""]",1,614,candidate
DEC029_NO_FEEDBACK,train_kb,conservative_noisy_or_conflict_adjusted,3,Auralex Smartphone Lite 13,has_ram_gb,6,auralex smartphone lite 13|has_ram_gb|6,1,[0.98],True,0,0.735,0.735,0.88,False,0.735,False,False,"[""product_13""]","[""structured""]","[""structured_row:Auralex Smartphone Lite 13""]",1,614,candidate
DEC029_NO_FEEDBACK,train_kb,conservative_noisy_or_conflict_adjusted,3,Auralex Smartphone Lite 13,has_storage_gb,512,auralex smartphone lite 13|has_storage_gb|512,1,[0.98],True,0,0.735,0.735,0.88,False,0.735,False,False,"[""product_13""]","[""structured""]","[""structured_row:Auralex Smartphone Lite 13""]",0,614,candidate
DEC029_NO_FEEDBACK,train_kb,conservative_noisy_or_conflict_adjusted,3,Auralex Smartphone Lite 13,has_battery_life_hours,14,auralex smartphone lite 13|has_battery_life_hours|14,1,[0.98],True,0,0.735,0.735,0.88,False,0.735,False,False,"[""product_13""]","[""structured""]","[""structured_row:Auralex Smartphone Lite 13""]",0,614,candidate
DEC029_NO_FEEDBACK,train_kb,conservative_noisy_or_conflict_adjusted,3,Auralex Smartphone Lite 13,has_weight_kg,0.18,auralex smartphone lite 13|has_weight_kg|0.18,1,[0.98],True,0,0.735,0.735,0.88,False,0.735,False,False,"[""product_13""]","[""structured""]","[""structured_row:Auralex Smartphone Lite 13""]",1,614,candidate
DEC029_NO_FEEDBACK,train_kb,conservative_noisy_or_conflict_adjusted,3,Auralex Smartphone Lite 13,has_color,white,auralex smartphone lite 13|has_color|white,1,[0.98],False,0,0.735,0.735,0.88,False,0.735,False,False,"[""product_13""]","[""structured""]","[""structured_row:Auralex Smartphone Lite 13""]",0,614,candidate
DEC029_NO_FEEDBACK,train_kb,conservative_noisy_or_conflict_adjusted,3,Auralex Smartphone Lite 13,made_of_material,carbon fiber,auralex smartphone lite 13|made_of_material|carbon fiber,1,[0.98],True,0,0.735,0.735,0.88,False,0.735,False,False,"[""product_13""]","[""structured""]","[""structured_row:Auralex Smartphone Lite 13""]",1,614,candidate
DEC029_NO_FEEDBACK,train_kb,conservative_noisy_or_conflict_adjusted,3,Auralex Smartphone Lite 13,target_market_region,US,auralex smartphone lite 13|target_market_region|us,1,[0.98],True,0,0.735,0.735,0.88,False,0.735,False,False,"[""product_13""]","[""structured""]","[""structured_row:Auralex Smartphone Lite 13""]",0,614,candidate
DEC029_NO_FEEDBACK,train_kb,conservative_noisy_or_conflict_adjusted,3,Auralex Smartphone Lite 13,supports_fast_charging,yes,auralex smartphone lite 13|supports_fast_charging|yes,1,[0.98],True,0,0.735,0.735,0.88,False,0.735,False,False,"[""product_13""]","[""structured""]","[""structured_row:Auralex Smartphone Lite 13""]",0,614,candidate
DEC029_NO_FEEDBACK,train_kb,conservative_noisy_or_conflict_adjusted,3,Auralex Smartphone Lite 13,has_noise_cancellation,no,auralex smartphone lite 13|has_noise_cancellation|no,1,[0.98],True,0,0.735,0.735,0.88,False,0.735,False,False,"[""product_13""]","[""structured""]","[""structured_row:Auralex Smartphone Lite 13""]",1,614,candidate
DEC029_NO_FEEDBACK,train_kb,conservative_noisy_or_conflict_adjusted,3,It,has_price_usd,349,it|has_price_usd|349,2,"[0.85, 0.91]",True,0,0.88490625,0.88490625,0.88,True,0.6375,True,False,"[""product_13"", ""product_49""]","[""unstructured"", ""unstructured""]","[""It is a smartphone device. Priced at 349 USD. The display measures 15.6 inches. Comes with 6GB of RAM. Weighs approximately 0.18kg. Built with carbon fiber construction. Noise cancellation: no."", ""It is a smartphone device. Priced at 349 USD. Comes with 4GB of RAM. Battery lasts up to 12 hours. Weighs approximately 0.23kg. Targeted at the APAC market. Fast charging is yes.""]",0,614,candidate
DEC029_NO_FEEDBACK,train_kb,conservative_noisy_or_conflict_adjusted,3,It,has_screen_size_inch,15.6,it|has_screen_size_inch|15.6,1,[0.85],True,0,0.6375,0.6375,0.88,False,0.6375,False,False,"[""product_13""]","[""unstructured""]","[""It is a smartphone device. Priced at 349 USD. The display measures 15.6 inches. Comes with 6GB of RAM. Weighs approximately 0.18kg. Built with carbon fiber construction. Noise cancellation: no.""]",0,614,candidate
DEC029_NO_FEEDBACK,train_kb,conservative_noisy_or_conflict_adjusted,3,It,has_ram_gb,6,it|has_ram_gb|6,1,[0.85],True,1,0.6375,0.31875,0.88,False,0.6375,False,False,"[""product_13""]","[""unstructured""]","[""It is a smartphone device. Priced at 349 USD. The display measures 15.6 inches. Comes with 6GB of RAM. Weighs approximately 0.18kg. Built with carbon fiber construction. Noise cancellation: no.""]",0,614,candidate
DEC029_NO_FEEDBACK,train_kb,conservative_noisy_or_conflict_adjusted,3,It,has_weight_kg,0.18,it|has_weight_kg|0.18,1,[0.85],True,1,0.6375,0.31875,0.88,False,0.6375,False,False,"[""product_13""]","[""unstructured""]","[""It is a smartphone device. Priced at 349 USD. The display measures 15.6 inches. Comes with 6GB of RAM. Weighs approximately 0.18kg. Built with carbon fiber construction. Noise cancellation: no.""]",0,614,candidate
DEC029_NO_FEEDBACK,train_kb,conservative_noisy_or_conflict_adjusted,3,It,made_of_material,carbon fiber,it|made_of_material|carbon fiber,1,[0.85],True,0,0.6375,0.6375,0.88,False,0.6375,False,False,"[""product_13""]","[""unstructured""]","[""It is a smartphone device. Priced at 349 USD. The display measures 15.6 inches. Comes with 6GB of RAM. Weighs approximately 0.18kg. Built with carbon fiber construction. Noise cancellation: no.""]",0,614,candidate
DEC029_NO_FEEDBACK,train_kb,conservative_noisy_or_conflict_adjusted,3,It,has_noise_cancellation,no,it|has_noise_cancellation|no,1,[0.85],True,0,0.6375,0.6375,0.88,False,0.6375,False,False,"[""product_13""]","[""unstructured""]","[""It is a smartphone device. Priced at 349 USD. The display measures 15.6 inches. Comes with 6GB of RAM. Weighs approximately 0.18kg. Built with carbon fiber construction. Noise cancellation: no.""]",0,614,candidate
DEC029_NO_FEEDBACK,train_kb,conservative_noisy_or_conflict_adjusted,3,VoltEdge Tablet Lite 15,manufactured_by,VoltEdge,voltedge tablet lite 15|manufactured_by|voltedge,1,[0.98],True,0,0.735,0.735,0.88,False,0.735,False,False,"[""product_15""]","[""structured""]","[""structured_row:VoltEdge Tablet Lite 15""]",0,614,candidate
DEC029_NO_FEEDBACK,train_kb,conservative_noisy_or_conflict_adjusted,3,VoltEdge Tablet Lite 15,belongs_to_category,tablet,voltedge tablet lite 15|belongs_to_category|tablet,1,[0.98],True,0,0.735,0.735,0.88,False,0.735,False,False,"[""product_15""]","[""structured""]","[""structured_row:VoltEdge Tablet Lite 15""]",0,614,candidate
DEC029_NO_FEEDBACK,train_kb,conservative_noisy_or_conflict_adjusted,3,VoltEdge Tablet Lite 15,has_price_usd,199,voltedge tablet lite 15|has_price_usd|199,1,[0.98],True,0,0.735,0.735,0.88,False,0.735,False,False,"[""product_15""]","[""structured""]","[""structured_row:VoltEdge Tablet Lite 15""]",0,614,candidate
DEC029_NO_FEEDBACK,train_kb,conservative_noisy_or_conflict_adjusted,3,VoltEdge Tablet Lite 15,has_screen_size_inch,13.3,voltedge tablet lite 15|has_screen_size_inch|13.3,1,[0.98],True,0,0.735,0.735,0.88,False,0.735,False,False,"[""product_15""]","[""structured""]","[""structured_row:VoltEdge Tablet Lite 15""]",1,614,candidate
DEC029_NO_FEEDBACK,train_kb,conservative_noisy_or_conflict_adjusted,3,VoltEdge Tablet Lite 15,has_ram_gb,16,voltedge tablet lite 15|has_ram_gb|16,1,[0.98],True,0,0.735,0.735,0.88,False,0.735,False,False,"[""product_15""]","[""structured""]","[""structured_row:VoltEdge Tablet Lite 15""]",1,614,candidate
DEC029_NO_FEEDBACK,train_kb,conservative_noisy_or_conflict_adjusted,3,VoltEdge Tablet Lite 15,has_storage_gb,512,voltedge tablet lite 15|has_storage_gb|512,1,[0.98],True,0,0.735,0.735,0.88,False,0.735,False,False,"[""product_15""]","[""structured""]","[""structured_row:VoltEdge Tablet Lite 15""]",0,614,candidate
DEC029_NO_FEEDBACK,train_kb,conservative_noisy_or_conflict_adjusted,3,VoltEdge Tablet Lite 15,has_battery_life_hours,8,voltedge tablet lite 15|has_battery_life_hours|8,1,[0.98],True,0,0.735,0.735,0.88,False,0.735,False,False,"[""product_15""]","[""structured""]","[""structured_row:VoltEdge Tablet Lite 15""]",1,614,candidate
DEC029_NO_FEEDBACK,train_kb,conservative_noisy_or_conflict_adjusted,3,VoltEdge Tablet Lite 15,has_weight_kg,1.8,voltedge tablet lite 15|has_weight_kg|1.8,1,[0.98],True,0,0.735,0.735,0.88,False,0.735,False,False,"[""product_15""]","[""structured""]","[""structured_row:VoltEdge Tablet Lite 15""]",0,614,candidate
DEC029_NO_FEEDBACK,train_kb,conservative_noisy_or_conflict_adjusted,3,VoltEdge Tablet Lite 15,has_color,black,voltedge tablet lite 15|has_color|black,1,[0.98],False,0,0.735,0.735,0.88,False,0.735,False,False,"[""product_15""]","[""structured""]","[""structured_row:VoltEdge Tablet Lite 15""]",1,614,candidate
DEC029_NO_FEEDBACK,train_kb,conservative_noisy_or_conflict_adjusted,3,VoltEdge Tablet Lite 15,made_of_material,carbon fiber,voltedge tablet lite 15|made_of_material|carbon fiber,1,[0.98],True,0,0.735,0.735,0.88,False,0.735,False,False,"[""product_15""]","[""structured""]","[""structured_row:VoltEdge Tablet Lite 15""]",1,614,candidate
DEC029_NO_FEEDBACK,train_kb,conservative_noisy_or_conflict_adjusted,3,VoltEdge Tablet Lite 15,target_market_region,Global,voltedge tablet lite 15|target_market_region|global,1,[0.98],True,0,0.735,0.735,0.88,False,0.735,False,False,"[""product_15""]","[""structured""]","[""structured_row:VoltEdge Tablet Lite 15""]",1,614,candidate
DEC029_NO_FEEDBACK,train_kb,conservative_noisy_or_conflict_adjusted,3,VoltEdge Tablet Lite 15,supports_fast_charging,no,voltedge tablet lite 15|supports_fast_charging|no,1,[0.98],True,0,0.735,0.735,0.88,False,0.735,False,False,"[""product_15""]","[""structured""]","[""structured_row:VoltEdge Tablet Lite 15""]",1,614,candidate
DEC029_NO_FEEDBACK,train_kb,conservative_noisy_or_conflict_adjusted,3,VoltEdge Tablet Lite 15,has_noise_cancellation,no,voltedge tablet lite 15|has_noise_cancellation|no,1,[0.98],True,0,0.735,0.735,0.88,False,0.735,False,False,"[""product_15""]","[""structured""]","[""structured_row:VoltEdge Tablet Lite 15""]",0,614,candidate
DEC029_NO_FEEDBACK,train_kb,conservative_noisy_or_conflict_adjusted,3,TechNova Smartphone Pro 1,has_screen_size_inch,13.3,technova smartphone pro 1|has_screen_size_inch|13.3,4,"[0.92, 0.93, 0.91, 0.91]",True,3,0.99054689390625,0.2476367234765625,0.88,False,0.32340881250000003,False,False,"[""product_15"", ""product_28"", ""product_15"", ""product_15""]","[""unstructured"", ""unstructured"", ""unstructured"", ""unstructured""]","[""The display measures 13.3 inches. Comes with 16GB of RAM. Battery lasts up to 8 hours. Available in black. Built with carbon fiber construction. Targeted at the Global market. Fast charging is no."", ""It is a smartphone device. Priced at 299 USD. The display measures 13.3 inches. Offers 1024GB of internal storage. Weighs approximately 0.18kg. Targeted at the EU market. Fast charging is no."", ""The display measures 13.3 inches. Comes with 16GB of RAM. Battery lasts up to 8 hours. Available in black. Built with carbon fiber construction. Targeted at the Global market. Fast charging is no."", ""The display measures 13.3 inches. Comes with 16GB of RAM. Battery lasts up to 8 hours. Available in black. Built with carbon fiber construction. Targeted at the Global market. Fast charging is no.""]",0,614,candidate
DEC029_NO_FEEDBACK,train_kb,conservative_noisy_or_conflict_adjusted,3,TechNova Smartphone Pro 1,has_ram_gb,16,technova smartphone pro 1|has_ram_gb|16,3,"[0.93, 0.91, 0.91]",True,4,0.969506109375,0.193901221875,0.88,False,0.18079125000000001,False,False,"[""product_15"", ""product_15"", ""product_15""]","[""unstructured"", ""unstructured"", ""unstructured""]","[""The display measures 13.3 inches. Comes with 16GB of RAM. Battery lasts up to 8 hours. Available in black. Built with carbon fiber construction. Targeted at the Global market. Fast charging is no."", ""The display measures 13.3 inches. Comes with 16GB of RAM. Battery lasts up to 8 hours. Available in black. Built with carbon fiber construction. Targeted at the Global market. Fast charging is no."", ""The display measures 13.3 inches. Comes with 16GB of RAM. Battery lasts up to 8 hours. Available in black. Built with carbon fiber construction. Targeted at the Global market. Fast charging is no.""]",0,614,candidate
DEC029_NO_FEEDBACK,train_kb,conservative_noisy_or_conflict_adjusted,3,TechNova Smartphone Pro 1,has_battery_life_hours,8,technova smartphone pro 1|has_battery_life_hours|8,3,"[0.94, 0.91, 0.91]",True,3,0.97026215625,0.2425655390625,0.88,False,0.3021125,False,False,"[""product_15"", ""product_15"", ""product_15""]","[""unstructured"", ""unstructured"", ""unstructured""]","[""The display measures 13.3 inches. Comes with 16GB of RAM. Battery lasts up to 8 hours. Available in black. Built with carbon fiber construction. Targeted at the Global market. Fast charging is no."", ""The display measures 13.3 inches. Comes with 16GB of RAM. Battery lasts up to 8 hours. Available in black. Built with carbon fiber construction. Targeted at the Global market. Fast charging is no."", ""The display measures 13.3 inches. Comes with 16GB of RAM. Battery lasts up to 8 hours. Available in black. Built with carbon fiber construction. Targeted at the Global market. Fast charging is no.""]",0,614,candidate
DEC029_NO_FEEDBACK,train_kb,conservative_noisy_or_conflict_adjusted,3,TechNova Smartphone Pro 1,has_color,black,technova smartphone pro 1|has_color|black,4,"[0.95, 0.91, 0.91, 0.91]",False,2,0.9907982794921875,0.9907982794921875,0.88,True,0.971018203125,False,False,"[""product_15"", ""product_12"", ""product_15"", ""product_15""]","[""unstructured"", ""unstructured"", ""unstructured"", ""unstructured""]","[""The display measures 13.3 inches. Comes with 16GB of RAM. Battery lasts up to 8 hours. Available in black. Built with carbon fiber construction. Targeted at the Global market. Fast charging is no."", ""Priced at 199 USD. Comes with 6GB of RAM. Weighs approximately 0.23kg. Available in black. Built with plastic construction. Targeted at the EU market. Fast charging is yes."", ""The display measures 13.3 inches. Comes with 16GB of RAM. Battery lasts up to 8 hours. Available in black. Built with carbon fiber construction. Targeted at the Global market. Fast charging is no."", ""The display measures 13.3 inches. Comes with 16GB of RAM. Battery lasts up to 8 hours. Available in black. Built with carbon fiber construction. Targeted at the Global market. Fast charging is no.""]",0,614,candidate
DEC029_NO_FEEDBACK,train_kb,conservative_noisy_or_conflict_adjusted,3,TechNova Smartphone Pro 1,made_of_material,carbon fiber,technova smartphone pro 1|made_of_material|carbon fiber,3,"[0.96, 0.91, 0.91]",True,2,0.97177425,0.32392475,0.88,False,0.3037,False,False,"[""product_15"", ""product_15"", ""product_15""]","[""unstructured"", ""unstructured"", ""unstructured""]","[""The display measures 13.3 inches. Comes with 16GB of RAM. Battery lasts up to 8 hours. Available in black. Built with carbon fiber construction. Targeted at the Global market. Fast charging is no."", ""The display measures 13.3 inches. Comes with 16GB of RAM. Battery lasts up to 8 hours. Available in black. Built with carbon fiber construction. Targeted at the Global market. Fast charging is no."", ""The display measures 13.3 inches. Comes with 16GB of RAM. Battery lasts up to 8 hours. Available in black. Built with carbon fiber construction. Targeted at the Global market. Fast charging is no.""]",0,614,candidate
DEC029_NO_FEEDBACK,train_kb,conservative_noisy_or_conflict_adjusted,3,TechNova Smartphone Pro 1,target_market_region,Global,technova smartphone pro 1|target_market_region|global,4,"[0.92, 0.89, 0.91, 0.91]",True,3,0.98960939578125,0.2474023489453125,0.88,False,0.241818421875,False,False,"[""product_15"", ""product_34"", ""product_15"", ""product_15""]","[""unstructured"", ""unstructured"", ""unstructured"", ""unstructured""]","[""The display measures 13.3 inches. Comes with 16GB of RAM. Battery lasts up to 8 hours. Available in black. Built with carbon fiber construction. Targeted at the Global market. Fast charging is no."", ""Priced at 699 USD. The display measures 6.1 inches. Offers 64GB of internal storage. Battery lasts up to 12 hours. Weighs approximately 1.8kg. Built with plastic construction. Targeted at the Global market."", ""The display measures 13.3 inches. Comes with 16GB of RAM. Battery lasts up to 8 hours. Available in black. Built with carbon fiber construction. Targeted at the Global market. Fast charging is no."", ""The display measures 13.3 inches. Comes with 16GB of RAM. Battery lasts up to 8 hours. Available in black. Built with carbon fiber construction. Targeted at the Global market. Fast charging is no.""]",0,614,candidate
DEC029_NO_FEEDBACK,train_kb,conservative_noisy_or_conflict_adjusted,3,NeoTech Smartphone Max 16,manufactured_by,NeoTech,neotech smartphone max 16|manufactured_by|neotech,1,[0.98],True,0,0.735,0.735,0.88,False,0.735,False,False,"[""product_16""]","[""structured""]","[""structured_row:NeoTech Smartphone Max 16""]",0,614,candidate
DEC029_NO_FEEDBACK,train_kb,conservative_noisy_or_conflict_adjusted,3,NeoTech Smartphone Max 16,belongs_to_category,smartphone,neotech smartphone max 16|belongs_to_category|smartphone,1,[0.98],True,0,0.735,0.735,0.88,False,0.735,False,False,"[""product_16""]","[""structured""]","[""structured_row:NeoTech Smartphone Max 16""]",1,614,candidate
DEC029_NO_FEEDBACK,train_kb,conservative_noisy_or_conflict_adjusted,3,NeoTech Smartphone Max 16,has_price_usd,699,neotech smartphone max 16|has_price_usd|699,1,[0.98],True,0,0.735,0.735,0.88,False,0.735,False,False,"[""product_16""]","[""structured""]","[""structured_row:NeoTech Smartphone Max 16""]",0,614,candidate
DEC029_NO_FEEDBACK,train_kb,conservative_noisy_or_conflict_adjusted,3,NeoTech Smartphone Max 16,has_screen_size_inch,10.9,neotech smartphone max 16|has_screen_size_inch|10.9,1,[0.98],True,0,0.735,0.735,0.88,False,0.735,False,False,"[""product_16""]","[""structured""]","[""structured_row:NeoTech Smartphone Max 16""]",0,614,candidate
DEC029_NO_FEEDBACK,train_kb,conservative_noisy_or_conflict_adjusted,3,NeoTech Smartphone Max 16,has_ram_gb,32,neotech smartphone max 16|has_ram_gb|32,1,[0.98],True,0,0.735,0.735,0.88,False,0.735,False,False,"[""product_16""]","[""structured""]","[""structured_row:NeoTech Smartphone Max 16""]",0,614,candidate
DEC029_NO_FEEDBACK,train_kb,conservative_noisy_or_conflict_adjusted,3,NeoTech Smartphone Max 16,has_storage_gb,1024,neotech smartphone max 16|has_storage_gb|1024,1,[0.98],True,0,0.735,0.735,0.88,False,0.735,False,False,"[""product_16""]","[""structured""]","[""structured_row:NeoTech Smartphone Max 16""]",1,614,candidate
DEC029_NO_FEEDBACK,train_kb,conservative_noisy_or_conflict_adjusted,3,NeoTech Smartphone Max 16,has_battery_life_hours,18,neotech smartphone max 16|has_battery_life_hours|18,1,[0.98],True,0,0.735,0.735,0.88,False,0.735,False,False,"[""product_16""]","[""structured""]","[""structured_row:NeoTech Smartphone Max 16""]",0,614,candidate
DEC029_NO_FEEDBACK,train_kb,conservative_noisy_or_conflict_adjusted,3,NeoTech Smartphone Max 16,has_weight_kg,0.23,neotech smartphone max 16|has_weight_kg|0.23,1,[0.98],True,0,0.735,0.735,0.88,False,0.735,False,False,"[""product_16""]","[""structured""]","[""structured_row:NeoTech Smartphone Max 16""]",1,614,candidate
DEC029_NO_FEEDBACK,train_kb,conservative_noisy_or_conflict_adjusted,3,NeoTech Smartphone Max 16,has_color,blue,neotech smartphone max 16|has_color|blue,1,[0.98],False,0,0.735,0.735,0.88,False,0.735,False,False,"[""product_16""]","[""structured""]","[""structured_row:NeoTech Smartphone Max 16""]",1,614,candidate
DEC029_NO_FEEDBACK,train_kb,conservative_noisy_or_conflict_adjusted,3,NeoTech Smartphone Max 16,made_of_material,aluminum,neotech smartphone max 16|made_of_material|aluminum,1,[0.98],True,0,0.735,0.735,0.88,False,0.735,False,False,"[""product_16""]","[""structured""]","[""structured_row:NeoTech Smartphone Max 16""]",1,614,candidate
DEC029_NO_FEEDBACK,train_kb,conservative_noisy_or_conflict_adjusted,3,NeoTech Smartphone Max 16,target_market_region,EU,neotech smartphone max 16|target_market_region|eu,1,[0.98],True,0,0.735,0.735,0.88,False,0.735,False,False,"[""product_16""]","[""structured""]","[""structured_row:NeoTech Smartphone Max 16""]",0,614,candidate
DEC029_NO_FEEDBACK,train_kb,conservative_noisy_or_conflict_adjusted,3,NeoTech Smartphone Max 16,supports_fast_charging,no,neotech smartphone max 16|supports_fast_charging|no,1,[0.98],True,0,0.735,0.735,0.88,False,0.735,False,False,"[""product_16""]","[""structured""]","[""structured_row:NeoTech Smartphone Max 16""]",1,614,candidate
DEC029_NO_FEEDBACK,train_kb,conservative_noisy_or_conflict_adjusted,3,NeoTech Smartphone Max 16,has_noise_cancellation,no,neotech smartphone max 16|has_noise_cancellation|no,1,[0.98],True,0,0.735,0.735,0.88,False,0.735,False,False,"[""product_16""]","[""structured""]","[""structured_row:NeoTech Smartphone Max 16""]",1,614,candidate
DEC029_NO_FEEDBACK,train_kb,conservative_noisy_or_conflict_adjusted,3,TechNova Smartphone Pro 1,has_storage_gb,1024,technova smartphone pro 1|has_storage_gb|1024,3,"[0.91, 0.94, 0.91]",True,2,0.97026215625,0.32342071875,0.88,False,0.32342071875,False,False,"[""product_16"", ""product_28"", ""product_16""]","[""unstructured"", ""unstructured"", ""unstructured""]","[""It is a smartphone device. Offers 1024GB of internal storage. Weighs approximately 0.23kg. Available in blue. Built with aluminum construction. Fast charging is no. Noise cancellation: no."", ""It is a smartphone device. Priced at 299 USD. The display measures 13.3 inches. Offers 1024GB of internal storage. Weighs approximately 0.18kg. Targeted at the EU market. Fast charging is no."", ""It is a smartphone device. Offers 1024GB of internal storage. Weighs approximately 0.23kg. Available in blue. Built with aluminum construction. Fast charging is no. Noise cancellation: no.""]",0,614,candidate
DEC029_NO_FEEDBACK,train_kb,conservative_noisy_or_conflict_adjusted,3,TechNova Smartphone Pro 1,has_weight_kg,0.23,technova smartphone pro 1|has_weight_kg|0.23,4,"[0.91, 0.95, 0.91, 0.91]",True,3,0.9907982794921875,0.24769956987304687,0.88,False,0.24769956987304687,False,False,"[""product_16"", ""product_49"", ""product_12"", ""product_16""]","[""unstructured"", ""unstructured"", ""unstructured"", ""unstructured""]","[""It is a smartphone device. Offers 1024GB of internal storage. Weighs approximately 0.23kg. Available in blue. Built with aluminum construction. Fast charging is no. Noise cancellation: no."", ""It is a smartphone device. Priced at 349 USD. Comes with 4GB of RAM. Battery lasts up to 12 hours. Weighs approximately 0.23kg. Targeted at the APAC market. Fast charging is yes."", ""Priced at 199 USD. Comes with 6GB of RAM. Weighs approximately 0.23kg. Available in black. Built with plastic construction. Targeted at the EU market. Fast charging is yes."", ""It is a smartphone device. Offers 1024GB of internal storage. Weighs approximately 0.23kg. Available in blue. Built with aluminum construction. Fast charging is no. Noise cancellation: no.""]",0,614,candidate
DEC029_NO_FEEDBACK,train_kb,conservative_noisy_or_conflict_adjusted,3,TechNova Smartphone Pro 1,has_color,blue,technova smartphone pro 1|has_color|blue,2,"[0.91, 0.91]",False,2,0.89919375,0.89919375,0.88,True,0.89919375,False,False,"[""product_16"", ""product_16""]","[""unstructured"", ""unstructured""]","[""It is a smartphone device. Offers 1024GB of internal storage. Weighs approximately 0.23kg. Available in blue. Built with aluminum construction. Fast charging is no. Noise cancellation: no."", ""It is a smartphone device. Offers 1024GB of internal storage. Weighs approximately 0.23kg. Available in blue. Built with aluminum construction. Fast charging is no. Noise cancellation: no.""]",0,614,candidate
DEC029_NO_FEEDBACK,train_kb,conservative_noisy_or_conflict_adjusted,3,TechNova Smartphone Pro 1,made_of_material,aluminum,technova smartphone pro 1|made_of_material|aluminum,5,"[0.91, 0.95, 0.91, 0.85, 0.91]",True,2,0.996664376315918,0.3322214587719727,0.88,False,0.323672734375,False,False,"[""product_16"", ""product_45"", ""product_16"", ""product_41"", ""product_45""]","[""unstructured"", ""unstructured"", ""unstructured"", ""unstructured"", ""unstructured""]","[""It is a smartphone device. Offers 1024GB of internal storage. Weighs approximately 0.23kg. Available in blue. Built with aluminum construction. Fast charging is no. Noise cancellation: no."", ""Priced at 1099 USD. The display measures 11.0 inches. Comes with 8GB of RAM. Built with aluminum construction. Targeted at the US market. Fast charging is yes. Noise cancellation: no."", ""It is a smartphone device. Offers 1024GB of internal storage. Weighs approximately 0.23kg. Available in blue. Built with aluminum construction. Fast charging is no. Noise cancellation: no."", ""It is a tablet device. The display measures 6.7 inches. Battery lasts up to 10 hours. Available in green. Built with aluminum construction. Fast charging is no. Noise cancellation: no."", ""Priced at 1099 USD. The display measures 11.0 inches. Comes with 8GB of RAM. Built with aluminum construction. Targeted at the US market. Fast charging is yes. Noise cancellation: no.""]",0,614,candidate
DEC029_NO_FEEDBACK,train_kb,conservative_noisy_or_conflict_adjusted,3,TechNova Smartphone Pro 1,supports_fast_charging,no,technova smartphone pro 1|supports_fast_charging|no,6,"[0.91, 0.85, 0.91, 0.91, 0.91, 0.85]",True,1,0.9986646628229919,0.49933233141149597,0.88,False,0.49419891533203125,False,False,"[""product_16"", ""product_28"", ""product_15"", ""product_16"", ""product_15"", ""product_41""]","[""unstructured"", ""unstructured"", ""unstructured"", ""unstructured"", ""unstructured"", ""unstructured""]","[""It is a smartphone device. Offers 1024GB of internal storage. Weighs approximately 0.23kg. Available in blue. Built with aluminum construction. Fast charging is no. Noise cancellation: no."", ""It is a smartphone device. Priced at 299 USD. The display measures 13.3 inches. Offers 1024GB of internal storage. Weighs approximately 0.18kg. Targeted at the EU market. Fast charging is no."", ""The display measures 13.3 inches. Comes with 16GB of RAM. Battery lasts up to 8 hours. Available in black. Built with carbon fiber construction. Targeted at the Global market. Fast charging is no."", ""It is a smartphone device. Offers 1024GB of internal storage. Weighs approximately 0.23kg. Available in blue. Built with aluminum construction. Fast charging is no. Noise cancellation: no."", ""The display measures 13.3 inches. Comes with 16GB of RAM. Battery lasts up to 8 hours. Available in black. Built with carbon fiber construction. Targeted at the Global market. Fast charging is no."", ""It is a tablet device. The display measures 6.7 inches. Battery lasts up to 10 hours. Available in green. Built with aluminum construction. Fast charging is no. Noise cancellation: no.""]",0,614,candidate
DEC029_NO_FEEDBACK,train_kb,conservative_noisy_or_conflict_adjusted,3,TechNova Smartphone Pro 1,has_noise_cancellation,no,technova smartphone pro 1|has_noise_cancellation|no,6,"[0.91, 0.88, 0.91, 0.8, 0.85, 0.91]",True,1,0.9984221049703125,0.49921105248515624,0.88,False,0.493145175,False,False,"[""product_16"", ""product_45"", ""product_16"", ""product_45"", ""product_41"", ""product_45""]","[""unstructured"", ""unstructured"", ""unstructured"", ""unstructured"", ""unstructured"", ""unstructured""]","[""It is a smartphone device. Offers 1024GB of internal storage. Weighs approximately 0.23kg. Available in blue. Built with aluminum construction. Fast charging is no. Noise cancellation: no."", ""Priced at 1099 USD. The display measures 11.0 inches. Comes with 8GB of RAM. Built with aluminum construction. Targeted at the US market. Fast charging is yes. Noise cancellation: no."", ""It is a smartphone device. Offers 1024GB of internal storage. Weighs approximately 0.23kg. Available in blue. Built with aluminum construction. Fast charging is no. Noise cancellation: no."", ""Priced at 1099 USD. The display measures 11.0 inches. Comes with 8GB of RAM. Built with aluminum construction. Targeted at the US market. Fast charging is yes. Noise cancellation: no."", ""It is a tablet device. The display measures 6.7 inches. Battery lasts up to 10 hours. Available in green. Built with aluminum construction. Fast charging is no. Noise cancellation: no."", ""Priced at 1099 USD. The display measures 11.0 inches. Comes with 8GB of RAM. Built with aluminum construction. Targeted at the US market. Fast charging is yes. Noise cancellation: no.""]",0,614,candidate
DEC029_NO_FEEDBACK,train_kb,conservative_noisy_or_conflict_adjusted,3,PixelWare Laptop Max 17,manufactured_by,PixelWare,pixelware laptop max 17|manufactured_by|pixelware,4,"[0.98, 0.92, 0.9, 0.91]",True,0,0.991523146875,0.991523146875,0.88,True,0.97330125,False,False,"[""product_17"", ""product_17"", ""product_17"", ""product_17""]","[""structured"", ""unstructured"", ""unstructured"", ""unstructured""]","[""structured_row:PixelWare Laptop Max 17"", ""PixelWare Laptop Max 17 is manufactured by PixelWare. It is a laptop device. Priced at 1099 USD. The display measures 6.7 inches. Battery lasts up to 12 hours. Built with plastic construction. Noise cancellation: no."", ""PixelWare Laptop Max 17 is manufactured by PixelWare. It is a laptop device. Priced at 1099 USD. The display measures 6.7 inches. Battery lasts up to 12 hours. Built with plastic construction. Noise cancellation: no."", ""PixelWare Laptop Max 17 is manufactured by PixelWare. It is a laptop device. Priced at 1099 USD. The display measures 6.7 inches. Battery lasts up to 12 hours. Built with plastic construction. Noise cancellation: no.""]",1,614,candidate
DEC029_NO_FEEDBACK,train_kb,conservative_noisy_or_conflict_adjusted,3,PixelWare Laptop Max 17,belongs_to_category,laptop,pixelware laptop max 17|belongs_to_category|laptop,1,[0.98],True,1,0.735,0.3675,0.88,False,0.3675,False,False,"[""product_17""]","[""structured""]","[""structured_row:PixelWare Laptop Max 17""]",1,614,candidate
DEC029_NO_FEEDBACK,train_kb,conservative_noisy_or_conflict_adjusted,3,PixelWare Laptop Max 17,has_price_usd,1099,pixelware laptop max 17|has_price_usd|1099,4,"[0.98, 0.9, 0.9, 0.91]",True,0,0.9911129765625,0.9911129765625,0.88,True,0.972009375,False,False,"[""product_17"", ""product_17"", ""product_17"", ""product_17""]","[""structured"", ""unstructured"", ""unstructured"", ""unstructured""]","[""structured_row:PixelWare Laptop Max 17"", ""PixelWare Laptop Max 17 is manufactured by PixelWare. It is a laptop device. Priced at 1099 USD. The display measures 6.7 inches. Battery lasts up to 12 hours. Built with plastic construction. Noise cancellation: no."", ""PixelWare Laptop Max 17 is manufactured by PixelWare. It is a laptop device. Priced at 1099 USD. The display measures 6.7 inches. Battery lasts up to 12 hours. Built with plastic construction. Noise cancellation: no."", ""PixelWare Laptop Max 17 is manufactured by PixelWare. It is a laptop device. Priced at 1099 USD. The display measures 6.7 inches. Battery lasts up to 12 hours. Built with plastic construction. Noise cancellation: no.""]",1,614,candidate
DEC029_NO_FEEDBACK,train_kb,conservative_noisy_or_conflict_adjusted,3,PixelWare Laptop Max 17,has_screen_size_inch,6.7,pixelware laptop max 17|has_screen_size_inch|6.7,4,"[0.98, 0.88, 0.9, 0.91]",True,0,0.99070280625,0.99070280625,0.88,True,0.9707175,False,False,"[""product_17"", ""product_17"", ""product_17"", ""product_17""]","[""structured"", ""unstructured"", ""unstructured"", ""unstructured""]","[""structured_row:PixelWare Laptop Max 17"", ""PixelWare Laptop Max 17 is manufactured by PixelWare. It is a laptop device. Priced at 1099 USD. The display measures 6.7 inches. Battery lasts up to 12 hours. Built with plastic construction. Noise cancellation: no."", ""PixelWare Laptop Max 17 is manufactured by PixelWare. It is a laptop device. Priced at 1099 USD. The display measures 6.7 inches. Battery lasts up to 12 hours. Built with plastic construction. Noise cancellation: no."", ""PixelWare Laptop Max 17 is manufactured by PixelWare. It is a laptop device. Priced at 1099 USD. The display measures 6.7 inches. Battery lasts up to 12 hours. Built with plastic construction. Noise cancellation: no.""]",1,614,candidate
DEC029_NO_FEEDBACK,train_kb,conservative_noisy_or_conflict_adjusted,3,PixelWare Laptop Max 17,has_ram_gb,6,pixelware laptop max 17|has_ram_gb|6,1,[0.98],True,0,0.735,0.735,0.88,False,0.735,False,False,"[""product_17""]","[""structured""]","[""structured_row:PixelWare Laptop Max 17""]",0,614,candidate
DEC029_NO_FEEDBACK,train_kb,conservative_noisy_or_conflict_adjusted,3,PixelWare Laptop Max 17,has_storage_gb,128,pixelware laptop max 17|has_storage_gb|128,1,[0.98],True,0,0.735,0.735,0.88,False,0.735,False,False,"[""product_17""]","[""structured""]","[""structured_row:PixelWare Laptop Max 17""]",0,614,candidate
DEC029_NO_FEEDBACK,train_kb,conservative_noisy_or_conflict_adjusted,3,PixelWare Laptop Max 17,has_battery_life_hours,12,pixelware laptop max 17|has_battery_life_hours|12,4,"[0.98, 0.92, 0.9, 0.91]",True,0,0.991523146875,0.991523146875,0.88,True,0.97330125,False,False,"[""product_17"", ""product_17"", ""product_17"", ""product_17""]","[""structured"", ""unstructured"", ""unstructured"", ""unstructured""]","[""structured_row:PixelWare Laptop Max 17"", ""PixelWare Laptop Max 17 is manufactured by PixelWare. It is a laptop device. Priced at 1099 USD. The display measures 6.7 inches. Battery lasts up to 12 hours. Built with plastic construction. Noise cancellation: no."", ""PixelWare Laptop Max 17 is manufactured by PixelWare. It is a laptop device. Priced at 1099 USD. The display measures 6.7 inches. Battery lasts up to 12 hours. Built with plastic construction. Noise cancellation: no."", ""PixelWare Laptop Max 17 is manufactured by PixelWare. It is a laptop device. Priced at 1099 USD. The display measures 6.7 inches. Battery lasts up to 12 hours. Built with plastic construction. Noise cancellation: no.""]",1,614,candidate
DEC029_NO_FEEDBACK,train_kb,conservative_noisy_or_conflict_adjusted,3,PixelWare Laptop Max 17,has_weight_kg,1.2,pixelware laptop max 17|has_weight_kg|1.2,1,[0.98],True,0,0.735,0.735,0.88,False,0.735,False,False,"[""product_17""]","[""structured""]","[""structured_row:PixelWare Laptop Max 17""]",0,614,candidate
DEC029_NO_FEEDBACK,train_kb,conservative_noisy_or_conflict_adjusted,3,PixelWare Laptop Max 17,has_color,black,pixelware laptop max 17|has_color|black,1,[0.98],False,0,0.735,0.735,0.88,False,0.735,False,False,"[""product_17""]","[""structured""]","[""structured_row:PixelWare Laptop Max 17""]",0,614,candidate
DEC029_NO_FEEDBACK,train_kb,conservative_noisy_or_conflict_adjusted,3,PixelWare Laptop Max 17,made_of_material,plastic,pixelware laptop max 17|made_of_material|plastic,2,"[0.98, 0.9]",True,1,0.913875,0.4569375,0.88,False,0.4569375,False,False,"[""product_17"", ""product_17""]","[""structured"", ""unstructured""]","[""structured_row:PixelWare Laptop Max 17"", ""PixelWare Laptop Max 17 is manufactured by PixelWare. It is a laptop device. Priced at 1099 USD. The display measures 6.7 inches. Battery lasts up to 12 hours. Built with plastic construction. Noise cancellation: no.""]",1,614,candidate
DEC029_NO_FEEDBACK,train_kb,conservative_noisy_or_conflict_adjusted,3,PixelWare Laptop Max 17,target_market_region,EU,pixelware laptop max 17|target_market_region|eu,1,[0.98],True,0,0.735,0.735,0.88,False,0.735,False,False,"[""product_17""]","[""structured""]","[""structured_row:PixelWare Laptop Max 17""]",0,614,candidate
DEC029_NO_FEEDBACK,train_kb,conservative_noisy_or_conflict_adjusted,3,PixelWare Laptop Max 17,supports_fast_charging,no,pixelware laptop max 17|supports_fast_charging|no,1,[0.98],True,0,0.735,0.735,0.88,False,0.735,False,False,"[""product_17""]","[""structured""]","[""structured_row:PixelWare Laptop Max 17""]",0,614,candidate
DEC029_NO_FEEDBACK,train_kb,conservative_noisy_or_conflict_adjusted,3,PixelWare Laptop Max 17,has_noise_cancellation,no,pixelware laptop max 17|has_noise_cancellation|no,4,"[0.98, 0.9, 0.9, 0.91]",True,0,0.9911129765625,0.9911129765625,0.88,True,0.972009375,False,False,"[""product_17"", ""product_17"", ""product_17"", ""product_17""]","[""structured"", ""unstructured"", ""unstructured"", ""unstructured""]","[""structured_row:PixelWare Laptop Max 17"", ""PixelWare Laptop Max 17 is manufactured by PixelWare. It is a laptop device. Priced at 1099 USD. The display measures 6.7 inches. Battery lasts up to 12 hours. Built with plastic construction. Noise cancellation: no."", ""PixelWare Laptop Max 17 is manufactured by PixelWare. It is a laptop device. Priced at 1099 USD. The display measures 6.7 inches. Battery lasts up to 12 hours. Built with plastic construction. Noise cancellation: no."", ""PixelWare Laptop Max 17 is manufactured by PixelWare. It is a laptop device. Priced at 1099 USD. The display measures 6.7 inches. Battery lasts up to 12 hours. Built with plastic construction. Noise cancellation: no.""]",1,614,candidate
DEC029_NO_FEEDBACK,train_kb,conservative_noisy_or_conflict_adjusted,3,PixelWare Laptop Max 17,belongs_to_category,laptop device,pixelware laptop max 17|belongs_to_category|laptop device,2,"[0.85, 0.91]",True,1,0.88490625,0.442453125,0.88,False,0.31875,False,False,"[""product_17"", ""product_17""]","[""unstructured"", ""unstructured""]","[""PixelWare Laptop Max 17 is manufactured by PixelWare. It is a laptop device. Priced at 1099 USD. The display measures 6.7 inches. Battery lasts up to 12 hours. Built with plastic construction. Noise cancellation: no."", ""PixelWare Laptop Max 17 is manufactured by PixelWare. It is a laptop device. Priced at 1099 USD. The display measures 6.7 inches. Battery lasts up to 12 hours. Built with plastic construction. Noise cancellation: no.""]",0,614,candidate
DEC029_NO_FEEDBACK,train_kb,conservative_noisy_or_conflict_adjusted,3,PixelWare Laptop Max 17,made_of_material,plastic construction,pixelware laptop max 17|made_of_material|plastic construction,2,"[0.85, 0.91]",True,1,0.88490625,0.442453125,0.88,False,0.31875,False,False,"[""product_17"", ""product_17""]","[""unstructured"", ""unstructured""]","[""PixelWare Laptop Max 17 is manufactured by PixelWare. It is a laptop device. Priced at 1099 USD. The display measures 6.7 inches. Battery lasts up to 12 hours. Built with plastic construction. Noise cancellation: no."", ""PixelWare Laptop Max 17 is manufactured by PixelWare. It is a laptop device. Priced at 1099 USD. The display measures 6.7 inches. Battery lasts up to 12 hours. Built with plastic construction. Noise cancellation: no.""]",0,614,candidate
DEC029_NO_FEEDBACK,train_kb,conservative_noisy_or_conflict_adjusted,3,Zenbyte Smartwatch Plus 18,manufactured_by,Zenbyte,zenbyte smartwatch plus 18|manufactured_by|zenbyte,4,"[0.98, 0.92, 0.91, 0.91]",True,0,0.9917187665625,0.9917187665625,0.88,True,0.973917375,False,False,"[""product_18"", ""product_18"", ""product_18"", ""product_18""]","[""structured"", ""unstructured"", ""unstructured"", ""unstructured""]","[""structured_row:Zenbyte Smartwatch Plus 18"", ""Zenbyte Smartwatch Plus 18 is manufactured by Zenbyte. Comes with 8GB of RAM. Offers 64GB of internal storage. Weighs approximately 1.2kg. Available in black. Targeted at the APAC market. Noise cancellation: no."", ""Zenbyte Smartwatch Plus 18 is manufactured by Zenbyte. Comes with 8GB of RAM. Offers 64GB of internal storage. Weighs approximately 1.2kg. Available in black. Targeted at the APAC market. Noise cancellation: no."", ""Zenbyte Smartwatch Plus 18 is manufactured by Zenbyte. Comes with 8GB of RAM. Offers 64GB of internal storage. Weighs approximately 1.2kg. Available in black. Targeted at the APAC market. Noise cancellation: no.""]",1,614,candidate
DEC029_NO_FEEDBACK,train_kb,conservative_noisy_or_conflict_adjusted,3,Zenbyte Smartwatch Plus 18,belongs_to_category,smartwatch,zenbyte smartwatch plus 18|belongs_to_category|smartwatch,1,[0.98],True,0,0.735,0.735,0.88,False,0.735,False,False,"[""product_18""]","[""structured""]","[""structured_row:Zenbyte Smartwatch Plus 18""]",0,614,candidate
DEC029_NO_FEEDBACK,train_kb,conservative_noisy_or_conflict_adjusted,3,Zenbyte Smartwatch Plus 18,has_price_usd,1299,zenbyte smartwatch plus 18|has_price_usd|1299,1,[0.98],True,0,0.735,0.735,0.88,False,0.735,False,False,"[""product_18""]","[""structured""]","[""structured_row:Zenbyte Smartwatch Plus 18""]",0,614,candidate
DEC029_NO_FEEDBACK,train_kb,conservative_noisy_or_conflict_adjusted,3,Zenbyte Smartwatch Plus 18,has_screen_size_inch,13.3,zenbyte smartwatch plus 18|has_screen_size_inch|13.3,1,[0.98],True,0,0.735,0.735,0.88,False,0.735,False,False,"[""product_18""]","[""structured""]","[""structured_row:Zenbyte Smartwatch Plus 18""]",0,614,candidate
DEC029_NO_FEEDBACK,train_kb,conservative_noisy_or_conflict_adjusted,3,Zenbyte Smartwatch Plus 18,has_ram_gb,8,zenbyte smartwatch plus 18|has_ram_gb|8,4,"[0.98, 0.93, 0.91, 0.91]",True,0,0.991919118984375,0.991919118984375,0.88,True,0.97454840625,False,False,"[""product_18"", ""product_18"", ""product_18"", ""product_18""]","[""structured"", ""unstructured"", ""unstructured"", ""unstructured""]","[""structured_row:Zenbyte Smartwatch Plus 18"", ""Zenbyte Smartwatch Plus 18 is manufactured by Zenbyte. Comes with 8GB of RAM. Offers 64GB of internal storage. Weighs approximately 1.2kg. Available in black. Targeted at the APAC market. Noise cancellation: no."", ""Zenbyte Smartwatch Plus 18 is manufactured by Zenbyte. Comes with 8GB of RAM. Offers 64GB of internal storage. Weighs approximately 1.2kg. Available in black. Targeted at the APAC market. Noise cancellation: no."", ""Zenbyte Smartwatch Plus 18 is manufactured by Zenbyte. Comes with 8GB of RAM. Offers 64GB of internal storage. Weighs approximately 1.2kg. Available in black. Targeted at the APAC market. Noise cancellation: no.""]",1,614,candidate
DEC029_NO_FEEDBACK,train_kb,conservative_noisy_or_conflict_adjusted,3,Zenbyte Smartwatch Plus 18,has_storage_gb,64,zenbyte smartwatch plus 18|has_storage_gb|64,4,"[0.98, 0.94, 0.91, 0.91]",True,0,0.99211947140625,0.99211947140625,0.88,True,0.9751794375,False,False,"[""product_18"", ""product_18"", ""product_18"", ""product_18""]","[""structured"", ""unstructured"", ""unstructured"", ""unstructured""]","[""structured_row:Zenbyte Smartwatch Plus 18"", ""Zenbyte Smartwatch Plus 18 is manufactured by Zenbyte. Comes with 8GB of RAM. Offers 64GB of internal storage. Weighs approximately 1.2kg. Available in black. Targeted at the APAC market. Noise cancellation: no."", ""Zenbyte Smartwatch Plus 18 is manufactured by Zenbyte. Comes with 8GB of RAM. Offers 64GB of internal storage. Weighs approximately 1.2kg. Available in black. Targeted at the APAC market. Noise cancellation: no."", ""Zenbyte Smartwatch Plus 18 is manufactured by Zenbyte. Comes with 8GB of RAM. Offers 64GB of internal storage. Weighs approximately 1.2kg. Available in black. Targeted at the APAC market. Noise cancellation: no.""]",1,614,candidate
DEC029_NO_FEEDBACK,train_kb,conservative_noisy_or_conflict_adjusted,3,Zenbyte Smartwatch Plus 18,has_battery_life_hours,8,zenbyte smartwatch plus 18|has_battery_life_hours|8,1,[0.98],True,0,0.735,0.735,0.88,False,0.735,False,False,"[""product_18""]","[""structured""]","[""structured_row:Zenbyte Smartwatch Plus 18""]",0,614,candidate
DEC029_NO_FEEDBACK,train_kb,conservative_noisy_or_conflict_adjusted,3,Zenbyte Smartwatch Plus 18,has_weight_kg,1.2,zenbyte smartwatch plus 18|has_weight_kg|1.2,4,"[0.98, 0.95, 0.91, 0.91]",True,0,0.992319823828125,0.992319823828125,0.88,True,0.97581046875,False,False,"[""product_18"", ""product_18"", ""product_18"", ""product_18""]","[""structured"", ""unstructured"", ""unstructured"", ""unstructured""]","[""structured_row:Zenbyte Smartwatch Plus 18"", ""Zenbyte Smartwatch Plus 18 is manufactured by Zenbyte. Comes with 8GB of RAM. Offers 64GB of internal storage. Weighs approximately 1.2kg. Available in black. Targeted at the APAC market. Noise cancellation: no."", ""Zenbyte Smartwatch Plus 18 is manufactured by Zenbyte. Comes with 8GB of RAM. Offers 64GB of internal storage. Weighs approximately 1.2kg. Available in black. Targeted at the APAC market. Noise cancellation: no."", ""Zenbyte Smartwatch Plus 18 is manufactured by Zenbyte. Comes with 8GB of RAM. Offers 64GB of internal storage. Weighs approximately 1.2kg. Available in black. Targeted at the APAC market. Noise cancellation: no.""]",1,614,candidate
DEC029_NO_FEEDBACK,train_kb,conservative_noisy_or_conflict_adjusted,3,Zenbyte Smartwatch Plus 18,has_color,black,zenbyte smartwatch plus 18|has_color|black,4,"[0.98, 0.96, 0.91, 0.91]",False,0,0.99252017625,0.99252017625,0.88,True,0.9764415,False,False,"[""product_18"", ""product_18"", ""product_18"", ""product_18""]","[""structured"", ""unstructured"", ""unstructured"", ""unstructured""]","[""structured_row:Zenbyte Smartwatch Plus 18"", ""Zenbyte Smartwatch Plus 18 is manufactured by Zenbyte. Comes with 8GB of RAM. Offers 64GB of internal storage. Weighs approximately 1.2kg. Available in black. Targeted at the APAC market. Noise cancellation: no."", ""Zenbyte Smartwatch Plus 18 is manufactured by Zenbyte. Comes with 8GB of RAM. Offers 64GB of internal storage. Weighs approximately 1.2kg. Available in black. Targeted at the APAC market. Noise cancellation: no."", ""Zenbyte Smartwatch Plus 18 is manufactured by Zenbyte. Comes with 8GB of RAM. Offers 64GB of internal storage. Weighs approximately 1.2kg. Available in black. Targeted at the APAC market. Noise cancellation: no.""]",1,614,candidate
DEC029_NO_FEEDBACK,train_kb,conservative_noisy_or_conflict_adjusted,3,Zenbyte Smartwatch Plus 18,made_of_material,carbon fiber,zenbyte smartwatch plus 18|made_of_material|carbon fiber,1,[0.98],True,0,0.735,0.735,0.88,False,0.735,False,False,"[""product_18""]","[""structured""]","[""structured_row:Zenbyte Smartwatch Plus 18""]",0,614,candidate
DEC029_NO_FEEDBACK,train_kb,conservative_noisy_or_conflict_adjusted,3,Zenbyte Smartwatch Plus 18,target_market_region,APAC,zenbyte smartwatch plus 18|target_market_region|apac,4,"[0.98, 0.92, 0.91, 0.91]",True,0,0.9917187665625,0.9917187665625,0.88,True,0.973917375,False,False,"[""product_18"", ""product_18"", ""product_18"", ""product_18""]","[""structured"", ""unstructured"", ""unstructured"", ""unstructured""]","[""structured_row:Zenbyte Smartwatch Plus 18"", ""Zenbyte Smartwatch Plus 18 is manufactured by Zenbyte. Comes with 8GB of RAM. Offers 64GB of internal storage. Weighs approximately 1.2kg. Available in black. Targeted at the APAC market. Noise cancellation: no."", ""Zenbyte Smartwatch Plus 18 is manufactured by Zenbyte. Comes with 8GB of RAM. Offers 64GB of internal storage. Weighs approximately 1.2kg. Available in black. Targeted at the APAC market. Noise cancellation: no."", ""Zenbyte Smartwatch Plus 18 is manufactured by Zenbyte. Comes with 8GB of RAM. Offers 64GB of internal storage. Weighs approximately 1.2kg. Available in black. Targeted at the APAC market. Noise cancellation: no.""]",1,614,candidate
DEC029_NO_FEEDBACK,train_kb,conservative_noisy_or_conflict_adjusted,3,Zenbyte Smartwatch Plus 18,supports_fast_charging,no,zenbyte smartwatch plus 18|supports_fast_charging|no,1,[0.98],True,0,0.735,0.735,0.88,False,0.735,False,False,"[""product_18""]","[""structured""]","[""structured_row:Zenbyte Smartwatch Plus 18""]",0,614,candidate
DEC029_NO_FEEDBACK,train_kb,conservative_noisy_or_conflict_adjusted,3,Zenbyte Smartwatch Plus 18,has_noise_cancellation,no,zenbyte smartwatch plus 18|has_noise_cancellation|no,2,"[0.98, 0.91]",True,0,0.9158625,0.9158625,0.88,True,0.9158625,False,False,"[""product_18"", ""product_18""]","[""structured"", ""unstructured""]","[""structured_row:Zenbyte Smartwatch Plus 18"", ""Zenbyte Smartwatch Plus 18 is manufactured by Zenbyte. Comes with 8GB of RAM. Offers 64GB of internal storage. Weighs approximately 1.2kg. Available in black. Targeted at the APAC market. Noise cancellation: no.""]",1,614,candidate
DEC029_NO_FEEDBACK,train_kb,conservative_noisy_or_conflict_adjusted,3,Auralex Smartphone Lite 19,manufactured_by,Auralex,auralex smartphone lite 19|manufactured_by|auralex,4,"[0.98, 0.95, 0.924, 0.977]",True,0,0.993749139421875,0.993749139421875,0.88,True,0.9766104375,False,False,"[""product_19"", ""product_19"", ""product_19"", ""product_19""]","[""structured"", ""unstructured"", ""unstructured"", ""unstructured""]","[""structured_row:Auralex Smartphone Lite 19"", ""Auralex Smartphone Lite 19 is manufactured by Auralex. It is a smartphone device. Priced at 199 USD. Offers 128GB of internal storage. Available in green. Targeted at the APAC market. Noise cancellation: no."", ""Auralex Smartphone Lite 19 is manufactured by Auralex. It is a smartphone device. Priced at 199 USD. Offers 128GB of internal storage. Available in green. Targeted at the APAC market. Noise cancellation: no."", ""Auralex Smartphone Lite 19 is manufactured by Auralex. It is a smartphone device. Priced at 199 USD. Offers 128GB of internal storage. Available in green. Targeted at the APAC market. Noise cancellation: no.""]",1,614,candidate
DEC029_NO_FEEDBACK,train_kb,conservative_noisy_or_conflict_adjusted,3,Auralex Smartphone Lite 19,belongs_to_category,smartphone,auralex smartphone lite 19|belongs_to_category|smartphone,1,[0.98],True,0,0.735,0.735,0.88,False,0.735,False,False,"[""product_19""]","[""structured""]","[""structured_row:Auralex Smartphone Lite 19""]",1,614,candidate
DEC029_NO_FEEDBACK,train_kb,conservative_noisy_or_conflict_adjusted,3,Auralex Smartphone Lite 19,has_price_usd,199,auralex smartphone lite 19|has_price_usd|199,4,"[0.98, 0.92, 0.91, 0.91]",True,0,0.9917187665625,0.9917187665625,0.88,True,0.973917375,False,False,"[""product_19"", ""product_19"", ""product_19"", ""product_19""]","[""structured"", ""unstructured"", ""unstructured"", ""unstructured""]","[""structured_row:Auralex Smartphone Lite 19"", ""Auralex Smartphone Lite 19 is manufactured by Auralex. It is a smartphone device. Priced at 199 USD. Offers 128GB of internal storage. Available in green. Targeted at the APAC market. Noise cancellation: no."", ""Auralex Smartphone Lite 19 is manufactured by Auralex. It is a smartphone device. Priced at 199 USD. Offers 128GB of internal storage. Available in green. Targeted at the APAC market. Noise cancellation: no."", ""Auralex Smartphone Lite 19 is manufactured by Auralex. It is a smartphone device. Priced at 199 USD. Offers 128GB of internal storage. Available in green. Targeted at the APAC market. Noise cancellation: no.""]",1,614,candidate
DEC029_NO_FEEDBACK,train_kb,conservative_noisy_or_conflict_adjusted,3,Auralex Smartphone Lite 19,has_screen_size_inch,15.6,auralex smartphone lite 19|has_screen_size_inch|15.6,1,[0.98],True,0,0.735,0.735,0.88,False,0.735,False,False,"[""product_19""]","[""structured""]","[""structured_row:Auralex Smartphone Lite 19""]",0,614,candidate
DEC029_NO_FEEDBACK,train_kb,conservative_noisy_or_conflict_adjusted,3,Auralex Smartphone Lite 19,has_ram_gb,12,auralex smartphone lite 19|has_ram_gb|12,1,[0.98],True,0,0.735,0.735,0.88,False,0.735,False,False,"[""product_19""]","[""structured""]","[""structured_row:Auralex Smartphone Lite 19""]",0,614,candidate
DEC029_NO_FEEDBACK,train_kb,conservative_noisy_or_conflict_adjusted,3,Auralex Smartphone Lite 19,has_storage_gb,128,auralex smartphone lite 19|has_storage_gb|128,4,"[0.98, 0.9, 0.91, 0.91]",True,0,0.99131806171875,0.99131806171875,0.88,True,0.9726553125,False,False,"[""product_19"", ""product_19"", ""product_19"", ""product_19""]","[""structured"", ""unstructured"", ""unstructured"", ""unstructured""]","[""structured_row:Auralex Smartphone Lite 19"", ""Auralex Smartphone Lite 19 is manufactured by Auralex. It is a smartphone device. Priced at 199 USD. Offers 128GB of internal storage. Available in green. Targeted at the APAC market. Noise cancellation: no."", ""Auralex Smartphone Lite 19 is manufactured by Auralex. It is a smartphone device. Priced at 199 USD. Offers 128GB of internal storage. Available in green. Targeted at the APAC market. Noise cancellation: no."", ""Auralex Smartphone Lite 19 is manufactured by Auralex. It is a smartphone device. Priced at 199 USD. Offers 128GB of internal storage. Available in green. Targeted at the APAC market. Noise cancellation: no.""]",1,614,candidate
DEC029_NO_FEEDBACK,train_kb,conservative_noisy_or_conflict_adjusted,3,Auralex Smartphone Lite 19,has_battery_life_hours,20,auralex smartphone lite 19|has_battery_life_hours|20,1,[0.98],True,0,0.735,0.735,0.88,False,0.735,False,False,"[""product_19""]","[""structured""]","[""structured_row:Auralex Smartphone Lite 19""]",0,614,candidate
DEC029_NO_FEEDBACK,train_kb,conservative_noisy_or_conflict_adjusted,3,Auralex Smartphone Lite 19,has_weight_kg,1.8,auralex smartphone lite 19|has_weight_kg|1.8,1,[0.98],True,0,0.735,0.735,0.88,False,0.735,False,False,"[""product_19""]","[""structured""]","[""structured_row:Auralex Smartphone Lite 19""]",0,614,candidate
DEC029_NO_FEEDBACK,train_kb,conservative_noisy_or_conflict_adjusted,3,Auralex Smartphone Lite 19,has_color,green,auralex smartphone lite 19|has_color|green,4,"[0.98, 0.88, 0.91, 0.91]",False,0,0.990917356875,0.990917356875,0.88,True,0.97139325,False,False,"[""product_19"", ""product_19"", ""product_19"", ""product_19""]","[""structured"", ""unstructured"", ""unstructured"", ""unstructured""]","[""structured_row:Auralex Smartphone Lite 19"", ""Auralex Smartphone Lite 19 is manufactured by Auralex. It is a smartphone device. Priced at 199 USD. Offers 128GB of internal storage. Available in green. Targeted at the APAC market. Noise cancellation: no."", ""Auralex Smartphone Lite 19 is manufactured by Auralex. It is a smartphone device. Priced at 199 USD. Offers 128GB of internal storage. Available in green. Targeted at the APAC market. Noise cancellation: no."", ""Auralex Smartphone Lite 19 is manufactured by Auralex. It is a smartphone device. Priced at 199 USD. Offers 128GB of internal storage. Available in green. Targeted at the APAC market. Noise cancellation: no.""]",1,614,candidate
DEC029_NO_FEEDBACK,train_kb,conservative_noisy_or_conflict_adjusted,3,Auralex Smartphone Lite 19,made_of_material,carbon fiber,auralex smartphone lite 19|made_of_material|carbon fiber,1,[0.98],True,0,0.735,0.735,0.88,False,0.735,False,False,"[""product_19""]","[""structured""]","[""structured_row:Auralex Smartphone Lite 19""]",0,614,candidate
DEC029_NO_FEEDBACK,train_kb,conservative_noisy_or_conflict_adjusted,3,Auralex Smartphone Lite 19,target_market_region,APAC,auralex smartphone lite 19|target_market_region|apac,4,"[0.98, 0.85, 0.91, 0.91]",True,0,0.990316299609375,0.990316299609375,0.88,True,0.96950015625,False,False,"[""product_19"", ""product_19"", ""product_19"", ""product_19""]","[""structured"", ""unstructured"", ""unstructured"", ""unstructured""]","[""structured_row:Auralex Smartphone Lite 19"", ""Auralex Smartphone Lite 19 is manufactured by Auralex. It is a smartphone device. Priced at 199 USD. Offers 128GB of internal storage. Available in green. Targeted at the APAC market. Noise cancellation: no."", ""Auralex Smartphone Lite 19 is manufactured by Auralex. It is a smartphone device. Priced at 199 USD. Offers 128GB of internal storage. Available in green. Targeted at the APAC market. Noise cancellation: no."", ""Auralex Smartphone Lite 19 is manufactured by Auralex. It is a smartphone device. Priced at 199 USD. Offers 128GB of internal storage. Available in green. Targeted at the APAC market. Noise cancellation: no.""]",1,614,candidate
DEC029_NO_FEEDBACK,train_kb,conservative_noisy_or_conflict_adjusted,3,Auralex Smartphone Lite 19,supports_fast_charging,yes,auralex smartphone lite 19|supports_fast_charging|yes,1,[0.98],True,0,0.735,0.735,0.88,False,0.735,False,False,"[""product_19""]","[""structured""]","[""structured_row:Auralex Smartphone Lite 19""]",0,614,candidate
DEC029_NO_FEEDBACK,train_kb,conservative_noisy_or_conflict_adjusted,3,Auralex Smartphone Lite 19,has_noise_cancellation,no,auralex smartphone lite 19|has_noise_cancellation|no,4,"[0.98, 0.81, 0.91, 0.91]",True,0,0.989514889921875,0.989514889921875,0.88,True,0.96697603125,False,False,"[""product_19"", ""product_19"", ""product_19"", ""product_19""]","[""structured"", ""unstructured"", ""unstructured"", ""unstructured""]","[""structured_row:Auralex Smartphone Lite 19"", ""Auralex Smartphone Lite 19 is manufactured by Auralex. It is a smartphone device. Priced at 199 USD. Offers 128GB of internal storage. Available in green. Targeted at the APAC market. Noise cancellation: no."", ""Auralex Smartphone Lite 19 is manufactured by Auralex. It is a smartphone device. Priced at 199 USD. Offers 128GB of internal storage. Available in green. Targeted at the APAC market. Noise cancellation: no."", ""Auralex Smartphone Lite 19 is manufactured by Auralex. It is a smartphone device. Priced at 199 USD. Offers 128GB of internal storage. Available in green. Targeted at the APAC market. Noise cancellation: no.""]",1,614,candidate
DEC029_NO_FEEDBACK,train_kb,conservative_noisy_or_conflict_adjusted,3,VoltEdge Smartwatch Max 20,manufactured_by,VoltEdge,voltedge smartwatch max 20|manufactured_by|voltedge,4,"[0.98, 0.95, 0.91, 0.91]",True,0,0.992319823828125,0.992319823828125,0.88,True,0.97581046875,False,False,"[""product_20"", ""product_20"", ""product_20"", ""product_20""]","[""structured"", ""unstructured"", ""unstructured"", ""unstructured""]","[""structured_row:VoltEdge Smartwatch Max 20"", ""VoltEdge Smartwatch Max 20 is manufactured by VoltEdge. Priced at 699 USD. Comes with 16GB of RAM. Battery lasts up to 8 hours. Built with carbon fiber construction. Targeted at the Global market. Fast charging is yes."", ""VoltEdge Smartwatch Max 20 is manufactured by VoltEdge. Priced at 699 USD. Comes with 16GB of RAM. Battery lasts up to 8 hours. Built with carbon fiber construction. Targeted at the Global market. Fast charging is yes."", ""VoltEdge Smartwatch Max 20 is manufactured by VoltEdge. Priced at 699 USD. Comes with 16GB of RAM. Battery lasts up to 8 hours. Built with carbon fiber construction. Targeted at the Global market. Fast charging is yes.""]",1,614,candidate
DEC029_NO_FEEDBACK,train_kb,conservative_noisy_or_conflict_adjusted,3,VoltEdge Smartwatch Max 20,belongs_to_category,smartwatch,voltedge smartwatch max 20|belongs_to_category|smartwatch,1,[0.98],True,0,0.735,0.735,0.88,False,0.735,False,False,"[""product_20""]","[""structured""]","[""structured_row:VoltEdge Smartwatch Max 20""]",0,614,candidate
DEC029_NO_FEEDBACK,train_kb,conservative_noisy_or_conflict_adjusted,3,VoltEdge Smartwatch Max 20,has_price_usd,699,voltedge smartwatch max 20|has_price_usd|699,4,"[0.98, 0.92, 0.91, 0.91]",True,0,0.9917187665625,0.9917187665625,0.88,True,0.973917375,False,False,"[""product_20"", ""product_20"", ""product_20"", ""product_20""]","[""structured"", ""unstructured"", ""unstructured"", ""unstructured""]","[""structured_row:VoltEdge Smartwatch Max 20"", ""VoltEdge Smartwatch Max 20 is manufactured by VoltEdge. Priced at 699 USD. Comes with 16GB of RAM. Battery lasts up to 8 hours. Built with carbon fiber construction. Targeted at the Global market. Fast charging is yes."", ""VoltEdge Smartwatch Max 20 is manufactured by VoltEdge. Priced at 699 USD. Comes with 16GB of RAM. Battery lasts up to 8 hours. Built with carbon fiber construction. Targeted at the Global market. Fast charging is yes."", ""VoltEdge Smartwatch Max 20 is manufactured by VoltEdge. Priced at 699 USD. Comes with 16GB of RAM. Battery lasts up to 8 hours. Built with carbon fiber construction. Targeted at the Global market. Fast charging is yes.""]",1,614,candidate
DEC029_NO_FEEDBACK,train_kb,conservative_noisy_or_conflict_adjusted,3,VoltEdge Smartwatch Max 20,has_screen_size_inch,14.0,voltedge smartwatch max 20|has_screen_size_inch|14.0,1,[0.98],True,0,0.735,0.735,0.88,False,0.735,False,False,"[""product_20""]","[""structured""]","[""structured_row:VoltEdge Smartwatch Max 20""]",0,614,candidate
DEC029_NO_FEEDBACK,train_kb,conservative_noisy_or_conflict_adjusted,3,VoltEdge Smartwatch Max 20,has_ram_gb,16,voltedge smartwatch max 20|has_ram_gb|16,4,"[0.98, 0.9, 0.91, 0.91]",True,0,0.99131806171875,0.99131806171875,0.88,True,0.9726553125,False,False,"[""product_20"", ""product_20"", ""product_20"", ""product_20""]","[""structured"", ""unstructured"", ""unstructured"", ""unstructured""]","[""structured_row:VoltEdge Smartwatch Max 20"", ""VoltEdge Smartwatch Max 20 is manufactured by VoltEdge. Priced at 699 USD. Comes with 16GB of RAM. Battery lasts up to 8 hours. Built with carbon fiber construction. Targeted at the Global market. Fast charging is yes."", ""VoltEdge Smartwatch Max 20 is manufactured by VoltEdge. Priced at 699 USD. Comes with 16GB of RAM. Battery lasts up to 8 hours. Built with carbon fiber construction. Targeted at the Global market. Fast charging is yes."", ""VoltEdge Smartwatch Max 20 is manufactured by VoltEdge. Priced at 699 USD. Comes with 16GB of RAM. Battery lasts up to 8 hours. Built with carbon fiber construction. Targeted at the Global market. Fast charging is yes.""]",1,614,candidate
DEC029_NO_FEEDBACK,train_kb,conservative_noisy_or_conflict_adjusted,3,VoltEdge Smartwatch Max 20,has_storage_gb,128,voltedge smartwatch max 20|has_storage_gb|128,1,[0.98],True,0,0.735,0.735,0.88,False,0.735,False,False,"[""product_20""]","[""structured""]","[""structured_row:VoltEdge Smartwatch Max 20""]",0,614,candidate
DEC029_NO_FEEDBACK,train_kb,conservative_noisy_or_conflict_adjusted,3,VoltEdge Smartwatch Max 20,has_battery_life_hours,8,voltedge smartwatch max 20|has_battery_life_hours|8,4,"[0.98, 0.91, 0.91, 0.91]",True,0,0.991518414140625,0.991518414140625,0.88,True,0.97328634375,False,False,"[""product_20"", ""product_20"", ""product_20"", ""product_20""]","[""structured"", ""unstructured"", ""unstructured"", ""unstructured""]","[""structured_row:VoltEdge Smartwatch Max 20"", ""VoltEdge Smartwatch Max 20 is manufactured by VoltEdge. Priced at 699 USD. Comes with 16GB of RAM. Battery lasts up to 8 hours. Built with carbon fiber construction. Targeted at the Global market. Fast charging is yes."", ""VoltEdge Smartwatch Max 20 is manufactured by VoltEdge. Priced at 699 USD. Comes with 16GB of RAM. Battery lasts up to 8 hours. Built with carbon fiber construction. Targeted at the Global market. Fast charging is yes."", ""VoltEdge Smartwatch Max 20 is manufactured by VoltEdge. Priced at 699 USD. Comes with 16GB of RAM. Battery lasts up to 8 hours. Built with carbon fiber construction. Targeted at the Global market. Fast charging is yes.""]",1,614,candidate
DEC029_NO_FEEDBACK,train_kb,conservative_noisy_or_conflict_adjusted,3,VoltEdge Smartwatch Max 20,has_weight_kg,1.2,voltedge smartwatch max 20|has_weight_kg|1.2,1,[0.98],True,0,0.735,0.735,0.88,False,0.735,False,False,"[""product_20""]","[""structured""]","[""structured_row:VoltEdge Smartwatch Max 20""]",0,614,candidate
DEC029_NO_FEEDBACK,train_kb,conservative_noisy_or_conflict_adjusted,3,VoltEdge Smartwatch Max 20,has_color,green,voltedge smartwatch max 20|has_color|green,1,[0.98],False,0,0.735,0.735,0.88,False,0.735,False,False,"[""product_20""]","[""structured""]","[""structured_row:VoltEdge Smartwatch Max 20""]",0,614,candidate
DEC029_NO_FEEDBACK,train_kb,conservative_noisy_or_conflict_adjusted,3,VoltEdge Smartwatch Max 20,made_of_material,carbon fiber,voltedge smartwatch max 20|made_of_material|carbon fiber,4,"[0.98, 0.94, 0.91, 0.91]",True,0,0.99211947140625,0.99211947140625,0.88,True,0.9751794375,False,False,"[""product_20"", ""product_20"", ""product_20"", ""product_20""]","[""structured"", ""unstructured"", ""unstructured"", ""unstructured""]","[""structured_row:VoltEdge Smartwatch Max 20"", ""VoltEdge Smartwatch Max 20 is manufactured by VoltEdge. Priced at 699 USD. Comes with 16GB of RAM. Battery lasts up to 8 hours. Built with carbon fiber construction. Targeted at the Global market. Fast charging is yes."", ""VoltEdge Smartwatch Max 20 is manufactured by VoltEdge. Priced at 699 USD. Comes with 16GB of RAM. Battery lasts up to 8 hours. Built with carbon fiber construction. Targeted at the Global market. Fast charging is yes."", ""VoltEdge Smartwatch Max 20 is manufactured by VoltEdge. Priced at 699 USD. Comes with 16GB of RAM. Battery lasts up to 8 hours. Built with carbon fiber construction. Targeted at the Global market. Fast charging is yes.""]",1,614,candidate
DEC029_NO_FEEDBACK,train_kb,conservative_noisy_or_conflict_adjusted,3,VoltEdge Smartwatch Max 20,target_market_region,Global,voltedge smartwatch max 20|target_market_region|global,4,"[0.98, 0.93, 0.91, 0.91]",True,0,0.991919118984375,0.991919118984375,0.88,True,0.97454840625,False,False,"[""product_20"", ""product_20"", ""product_20"", ""product_20""]","[""structured"", ""unstructured"", ""unstructured"", ""unstructured""]","[""structured_row:VoltEdge Smartwatch Max 20"", ""VoltEdge Smartwatch Max 20 is manufactured by VoltEdge. Priced at 699 USD. Comes with 16GB of RAM. Battery lasts up to 8 hours. Built with carbon fiber construction. Targeted at the Global market. Fast charging is yes."", ""VoltEdge Smartwatch Max 20 is manufactured by VoltEdge. Priced at 699 USD. Comes with 16GB of RAM. Battery lasts up to 8 hours. Built with carbon fiber construction. Targeted at the Global market. Fast charging is yes."", ""VoltEdge Smartwatch Max 20 is manufactured by VoltEdge. Priced at 699 USD. Comes with 16GB of RAM. Battery lasts up to 8 hours. Built with carbon fiber construction. Targeted at the Global market. Fast charging is yes.""]",1,614,candidate
DEC029_NO_FEEDBACK,train_kb,conservative_noisy_or_conflict_adjusted,3,VoltEdge Smartwatch Max 20,supports_fast_charging,yes,voltedge smartwatch max 20|supports_fast_charging|yes,4,"[0.98, 0.96, 0.91, 0.91]",True,0,0.99252017625,0.99252017625,0.88,True,0.9764415,False,False,"[""product_20"", ""product_20"", ""product_20"", ""product_20""]","[""structured"", ""unstructured"", ""unstructured"", ""unstructured""]","[""structured_row:VoltEdge Smartwatch Max 20"", ""VoltEdge Smartwatch Max 20 is manufactured by VoltEdge. Priced at 699 USD. Comes with 16GB of RAM. Battery lasts up to 8 hours. Built with carbon fiber construction. Targeted at the Global market. Fast charging is yes."", ""VoltEdge Smartwatch Max 20 is manufactured by VoltEdge. Priced at 699 USD. Comes with 16GB of RAM. Battery lasts up to 8 hours. Built with carbon fiber construction. Targeted at the Global market. Fast charging is yes."", ""VoltEdge Smartwatch Max 20 is manufactured by VoltEdge. Priced at 699 USD. Comes with 16GB of RAM. Battery lasts up to 8 hours. Built with carbon fiber construction. Targeted at the Global market. Fast charging is yes.""]",1,614,candidate
DEC029_NO_FEEDBACK,train_kb,conservative_noisy_or_conflict_adjusted,3,VoltEdge Smartwatch Max 20,has_noise_cancellation,no,voltedge smartwatch max 20|has_noise_cancellation|no,1,[0.98],True,0,0.735,0.735,0.88,False,0.735,False,False,"[""product_20""]","[""structured""]","[""structured_row:VoltEdge Smartwatch Max 20""]",0,614,candidate
DEC029_NO_FEEDBACK,train_kb,conservative_noisy_or_conflict_adjusted,3,Zenbyte Tablet Lite 22,manufactured_by,Zenbyte,zenbyte tablet lite 22|manufactured_by|zenbyte,3,"[0.98, 0.95, 0.85]",True,0,0.97238203125,0.97238203125,0.88,True,0.97238203125,False,False,"[""product_22"", ""product_22"", ""product_22""]","[""structured"", ""unstructured"", ""unstructured""]","[""structured_row:Zenbyte Tablet Lite 22"", ""Zenbyte Tablet Lite 22 is manufactured by Zenbyte. It is a tablet device. The display measures 11.0 inches. Offers 64GB of internal storage. Available in blue. Targeted at the APAC market. Noise cancellation: no."", ""Zenbyte Tablet Lite 22 is manufactured by Zenbyte. It is a tablet device. The display measures 11.0 inches. Offers 64GB of internal storage. Available in blue. Targeted at the APAC market. Noise cancellation: no.""]",1,614,candidate
DEC029_NO_FEEDBACK,train_kb,conservative_noisy_or_conflict_adjusted,3,Zenbyte Tablet Lite 22,belongs_to_category,tablet,zenbyte tablet lite 22|belongs_to_category|tablet,1,[0.98],True,1,0.735,0.3675,0.88,False,0.3675,False,False,"[""product_22""]","[""structured""]","[""structured_row:Zenbyte Tablet Lite 22""]",1,614,candidate
DEC029_NO_FEEDBACK,train_kb,conservative_noisy_or_conflict_adjusted,3,Zenbyte Tablet Lite 22,has_price_usd,499,zenbyte tablet lite 22|has_price_usd|499,1,[0.98],True,0,0.735,0.735,0.88,False,0.735,False,False,"[""product_22""]","[""structured""]","[""structured_row:Zenbyte Tablet Lite 22""]",0,614,candidate
DEC029_NO_FEEDBACK,train_kb,conservative_noisy_or_conflict_adjusted,3,Zenbyte Tablet Lite 22,has_screen_size_inch,11.0,zenbyte tablet lite 22|has_screen_size_inch|11.0,3,"[0.98, 0.9, 0.85]",True,0,0.9687796875,0.9687796875,0.88,True,0.9687796875,False,False,"[""product_22"", ""product_22"", ""product_22""]","[""structured"", ""unstructured"", ""unstructured""]","[""structured_row:Zenbyte Tablet Lite 22"", ""Zenbyte Tablet Lite 22 is manufactured by Zenbyte. It is a tablet device. The display measures 11.0 inches. Offers 64GB of internal storage. Available in blue. Targeted at the APAC market. Noise cancellation: no."", ""Zenbyte Tablet Lite 22 is manufactured by Zenbyte. It is a tablet device. The display measures 11.0 inches. Offers 64GB of internal storage. Available in blue. Targeted at the APAC market. Noise cancellation: no.""]",1,614,candidate
DEC029_NO_FEEDBACK,train_kb,conservative_noisy_or_conflict_adjusted,3,Zenbyte Tablet Lite 22,has_ram_gb,8,zenbyte tablet lite 22|has_ram_gb|8,1,[0.98],True,0,0.735,0.735,0.88,False,0.735,False,False,"[""product_22""]","[""structured""]","[""structured_row:Zenbyte Tablet Lite 22""]",0,614,candidate
DEC029_NO_FEEDBACK,train_kb,conservative_noisy_or_conflict_adjusted,3,Zenbyte Tablet Lite 22,has_storage_gb,64,zenbyte tablet lite 22|has_storage_gb|64,3,"[0.98, 0.88, 0.85]",True,0,0.96733875,0.96733875,0.88,True,0.96733875,False,False,"[""product_22"", ""product_22"", ""product_22""]","[""structured"", ""unstructured"", ""unstructured""]","[""structured_row:Zenbyte Tablet Lite 22"", ""Zenbyte Tablet Lite 22 is manufactured by Zenbyte. It is a tablet device. The display measures 11.0 inches. Offers 64GB of internal storage. Available in blue. Targeted at the APAC market. Noise cancellation: no."", ""Zenbyte Tablet Lite 22 is manufactured by Zenbyte. It is a tablet device. The display measures 11.0 inches. Offers 64GB of internal storage. Available in blue. Targeted at the APAC market. Noise cancellation: no.""]",1,614,candidate
DEC029_NO_FEEDBACK,train_kb,conservative_noisy_or_conflict_adjusted,3,Zenbyte Tablet Lite 22,has_battery_life_hours,24,zenbyte tablet lite 22|has_battery_life_hours|24,1,[0.98],True,0,0.735,0.735,0.88,False,0.735,False,False,"[""product_22""]","[""structured""]","[""structured_row:Zenbyte Tablet Lite 22""]",0,614,candidate
DEC029_NO_FEEDBACK,train_kb,conservative_noisy_or_conflict_adjusted,3,Zenbyte Tablet Lite 22,has_weight_kg,1.2,zenbyte tablet lite 22|has_weight_kg|1.2,1,[0.98],True,0,0.735,0.735,0.88,False,0.735,False,False,"[""product_22""]","[""structured""]","[""structured_row:Zenbyte Tablet Lite 22""]",0,614,candidate
DEC029_NO_FEEDBACK,train_kb,conservative_noisy_or_conflict_adjusted,3,Zenbyte Tablet Lite 22,has_color,blue,zenbyte tablet lite 22|has_color|blue,3,"[0.98, 0.85, 0.85]",False,0,0.96517734375,0.96517734375,0.88,True,0.96517734375,False,False,"[""product_22"", ""product_22"", ""product_22""]","[""structured"", ""unstructured"", ""unstructured""]","[""structured_row:Zenbyte Tablet Lite 22"", ""Zenbyte Tablet Lite 22 is manufactured by Zenbyte. It is a tablet device. The display measures 11.0 inches. Offers 64GB of internal storage. Available in blue. Targeted at the APAC market. Noise cancellation: no."", ""Zenbyte Tablet Lite 22 is manufactured by Zenbyte. It is a tablet device. The display measures 11.0 inches. Offers 64GB of internal storage. Available in blue. Targeted at the APAC market. Noise cancellation: no.""]",1,614,candidate
DEC029_NO_FEEDBACK,train_kb,conservative_noisy_or_conflict_adjusted,3,Zenbyte Tablet Lite 22,made_of_material,carbon fiber,zenbyte tablet lite 22|made_of_material|carbon fiber,1,[0.98],True,0,0.735,0.735,0.88,False,0.735,False,False,"[""product_22""]","[""structured""]","[""structured_row:Zenbyte Tablet Lite 22""]",0,614,candidate
DEC029_NO_FEEDBACK,train_kb,conservative_noisy_or_conflict_adjusted,3,Zenbyte Tablet Lite 22,target_market_region,APAC,zenbyte tablet lite 22|target_market_region|apac,3,"[0.98, 0.84, 0.85]",True,0,0.964456875,0.964456875,0.88,True,0.964456875,False,False,"[""product_22"", ""product_22"", ""product_22""]","[""structured"", ""unstructured"", ""unstructured""]","[""structured_row:Zenbyte Tablet Lite 22"", ""Zenbyte Tablet Lite 22 is manufactured by Zenbyte. It is a tablet device. The display measures 11.0 inches. Offers 64GB of internal storage. Available in blue. Targeted at the APAC market. Noise cancellation: no."", ""Zenbyte Tablet Lite 22 is manufactured by Zenbyte. It is a tablet device. The display measures 11.0 inches. Offers 64GB of internal storage. Available in blue. Targeted at the APAC market. Noise cancellation: no.""]",1,614,candidate
DEC029_NO_FEEDBACK,train_kb,conservative_noisy_or_conflict_adjusted,3,Zenbyte Tablet Lite 22,supports_fast_charging,no,zenbyte tablet lite 22|supports_fast_charging|no,1,[0.98],True,0,0.735,0.735,0.88,False,0.735,False,False,"[""product_22""]","[""structured""]","[""structured_row:Zenbyte Tablet Lite 22""]",0,614,candidate
DEC029_NO_FEEDBACK,train_kb,conservative_noisy_or_conflict_adjusted,3,Zenbyte Tablet Lite 22,has_noise_cancellation,no,zenbyte tablet lite 22|has_noise_cancellation|no,1,[0.98],True,0,0.735,0.735,0.88,False,0.735,False,False,"[""product_22""]","[""structured""]","[""structured_row:Zenbyte Tablet Lite 22""]",1,614,candidate
DEC029_NO_FEEDBACK,train_kb,conservative_noisy_or_conflict_adjusted,3,Zenbyte Tablet Lite 22,belongs_to_category,tablet device,zenbyte tablet lite 22|belongs_to_category|tablet device,2,"[0.92, 0.85]",True,1,0.887625,0.4438125,0.88,False,0.4438125,False,False,"[""product_22"", ""product_22""]","[""unstructured"", ""unstructured""]","[""Zenbyte Tablet Lite 22 is manufactured by Zenbyte. It is a tablet device. The display measures 11.0 inches. Offers 64GB of internal storage. Available in blue. Targeted at the APAC market. Noise cancellation: no."", ""Zenbyte Tablet Lite 22 is manufactured by Zenbyte. It is a tablet device. The display measures 11.0 inches. Offers 64GB of internal storage. Available in blue. Targeted at the APAC market. Noise cancellation: no.""]",0,614,candidate
DEC029_NO_FEEDBACK,train_kb,conservative_noisy_or_conflict_adjusted,3,Auralex Smartwatch Plus 23,manufactured_by,Auralex,auralex smartwatch plus 23|manufactured_by|auralex,1,[0.98],True,0,0.735,0.735,0.88,False,0.735,False,False,"[""product_23""]","[""structured""]","[""structured_row:Auralex Smartwatch Plus 23""]",0,614,candidate
DEC029_NO_FEEDBACK,train_kb,conservative_noisy_or_conflict_adjusted,3,Auralex Smartwatch Plus 23,belongs_to_category,smartwatch,auralex smartwatch plus 23|belongs_to_category|smartwatch,1,[0.98],True,0,0.735,0.735,0.88,False,0.735,False,False,"[""product_23""]","[""structured""]","[""structured_row:Auralex Smartwatch Plus 23""]",0,614,candidate
DEC029_NO_FEEDBACK,train_kb,conservative_noisy_or_conflict_adjusted,3,Auralex Smartwatch Plus 23,has_price_usd,299,auralex smartwatch plus 23|has_price_usd|299,1,[0.98],True,0,0.735,0.735,0.88,False,0.735,False,False,"[""product_23""]","[""structured""]","[""structured_row:Auralex Smartwatch Plus 23""]",1,614,candidate
DEC029_NO_FEEDBACK,train_kb,conservative_noisy_or_conflict_adjusted,3,Auralex Smartwatch Plus 23,has_screen_size_inch,6.1,auralex smartwatch plus 23|has_screen_size_inch|6.1,1,[0.98],True,0,0.735,0.735,0.88,False,0.735,False,False,"[""product_23""]","[""structured""]","[""structured_row:Auralex Smartwatch Plus 23""]",1,614,candidate
DEC029_NO_FEEDBACK,train_kb,conservative_noisy_or_conflict_adjusted,3,Auralex Smartwatch Plus 23,has_ram_gb,8,auralex smartwatch plus 23|has_ram_gb|8,1,[0.98],True,0,0.735,0.735,0.88,False,0.735,False,False,"[""product_23""]","[""structured""]","[""structured_row:Auralex Smartwatch Plus 23""]",1,614,candidate
DEC029_NO_FEEDBACK,train_kb,conservative_noisy_or_conflict_adjusted,3,Auralex Smartwatch Plus 23,has_storage_gb,256,auralex smartwatch plus 23|has_storage_gb|256,1,[0.98],True,0,0.735,0.735,0.88,False,0.735,False,False,"[""product_23""]","[""structured""]","[""structured_row:Auralex Smartwatch Plus 23""]",1,614,candidate
DEC029_NO_FEEDBACK,train_kb,conservative_noisy_or_conflict_adjusted,3,Auralex Smartwatch Plus 23,has_battery_life_hours,12,auralex smartwatch plus 23|has_battery_life_hours|12,1,[0.98],True,0,0.735,0.735,0.88,False,0.735,False,False,"[""product_23""]","[""structured""]","[""structured_row:Auralex Smartwatch Plus 23""]",0,614,candidate
DEC029_NO_FEEDBACK,train_kb,conservative_noisy_or_conflict_adjusted,3,Auralex Smartwatch Plus 23,has_weight_kg,0.55,auralex smartwatch plus 23|has_weight_kg|0.55,1,[0.98],True,0,0.735,0.735,0.88,False,0.735,False,False,"[""product_23""]","[""structured""]","[""structured_row:Auralex Smartwatch Plus 23""]",1,614,candidate
DEC029_NO_FEEDBACK,train_kb,conservative_noisy_or_conflict_adjusted,3,Auralex Smartwatch Plus 23,has_color,silver,auralex smartwatch plus 23|has_color|silver,1,[0.98],False,0,0.735,0.735,0.88,False,0.735,False,False,"[""product_23""]","[""structured""]","[""structured_row:Auralex Smartwatch Plus 23""]",0,614,candidate
DEC029_NO_FEEDBACK,train_kb,conservative_noisy_or_conflict_adjusted,3,Auralex Smartwatch Plus 23,made_of_material,aluminum,auralex smartwatch plus 23|made_of_material|aluminum,1,[0.98],True,0,0.735,0.735,0.88,False,0.735,False,False,"[""product_23""]","[""structured""]","[""structured_row:Auralex Smartwatch Plus 23""]",0,614,candidate
DEC029_NO_FEEDBACK,train_kb,conservative_noisy_or_conflict_adjusted,3,Auralex Smartwatch Plus 23,target_market_region,US,auralex smartwatch plus 23|target_market_region|us,1,[0.98],True,0,0.735,0.735,0.88,False,0.735,False,False,"[""product_23""]","[""structured""]","[""structured_row:Auralex Smartwatch Plus 23""]",1,614,candidate
DEC029_NO_FEEDBACK,train_kb,conservative_noisy_or_conflict_adjusted,3,Auralex Smartwatch Plus 23,supports_fast_charging,yes,auralex smartwatch plus 23|supports_fast_charging|yes,1,[0.98],True,0,0.735,0.735,0.88,False,0.735,False,False,"[""product_23""]","[""structured""]","[""structured_row:Auralex Smartwatch Plus 23""]",1,614,candidate
DEC029_NO_FEEDBACK,train_kb,conservative_noisy_or_conflict_adjusted,3,Auralex Smartwatch Plus 23,has_noise_cancellation,no,auralex smartwatch plus 23|has_noise_cancellation|no,1,[0.98],True,0,0.735,0.735,0.88,False,0.735,False,False,"[""product_23""]","[""structured""]","[""structured_row:Auralex Smartwatch Plus 23""]",0,614,candidate
DEC029_NO_FEEDBACK,train_kb,conservative_noisy_or_conflict_adjusted,3,TechNova Smartphone Pro 1,has_price_usd,299,technova smartphone pro 1|has_price_usd|299,4,"[0.95, 0.92, 0.9, 0.85]",True,5,0.9894999609375,0.16491666015625,0.88,False,0.1618390625,False,False,"[""product_23"", ""product_28"", ""product_23"", ""product_23""]","[""unstructured"", ""unstructured"", ""unstructured"", ""unstructured""]","[""Priced at 299 USD. The display measures 6.1 inches. Comes with 8GB of RAM. Offers 256GB of internal storage. Weighs approximately 0.55kg. Targeted at the US market. Fast charging is yes."", ""It is a smartphone device. Priced at 299 USD. The display measures 13.3 inches. Offers 1024GB of internal storage. Weighs approximately 0.18kg. Targeted at the EU market. Fast charging is no."", ""Priced at 299 USD. The display measures 6.1 inches. Comes with 8GB of RAM. Offers 256GB of internal storage. Weighs approximately 0.55kg. Targeted at the US market. Fast charging is yes."", ""Priced at 299 USD. The display measures 6.1 inches. Comes with 8GB of RAM. Offers 256GB of internal storage. Weighs approximately 0.55kg. Targeted at the US market. Fast charging is yes.""]",0,614,candidate
DEC029_NO_FEEDBACK,train_kb,conservative_noisy_or_conflict_adjusted,3,TechNova Smartphone Pro 1,has_screen_size_inch,6.1,technova smartphone pro 1|has_screen_size_inch|6.1,7,"[0.93, 0.92, 0.93, 0.9, 0.9, 0.85, 0.8]",True,3,0.9995655426228516,0.2498913856557129,0.88,False,0.3323345807421875,False,False,"[""product_23"", ""product_34"", ""product_36"", ""product_23"", ""product_36"", ""product_23"", ""product_36""]","[""unstructured"", ""unstructured"", ""unstructured"", ""unstructured"", ""unstructured"", ""unstructured"", ""unstructured""]","[""Priced at 299 USD. The display measures 6.1 inches. Comes with 8GB of RAM. Offers 256GB of internal storage. Weighs approximately 0.55kg. Targeted at the US market. Fast charging is yes."", ""Priced at 699 USD. The display measures 6.1 inches. Offers 64GB of internal storage. Battery lasts up to 12 hours. Weighs approximately 1.8kg. Built with plastic construction. Targeted at the Global market."", ""Priced at 249 USD. The display measures 6.1 inches. Comes with 12GB of RAM. Weighs approximately 0.18kg. Built with plastic construction. Targeted at the US market. Noise cancellation: yes."", ""Priced at 299 USD. The display measures 6.1 inches. Comes with 8GB of RAM. Offers 256GB of internal storage. Weighs approximately 0.55kg. Targeted at the US market. Fast charging is yes."", ""Priced at 249 USD. The display measures 6.1 inches. Comes with 12GB of RAM. Weighs approximately 0.18kg. Built with plastic construction. Targeted at the US market. Noise cancellation: yes."", ""Priced at 299 USD. The display measures 6.1 inches. Comes with 8GB of RAM. Offers 256GB of internal storage. Weighs approximately 0.55kg. Targeted at the US market. Fast charging is yes."", ""Priced at 249 USD. The display measures 6.1 inches. Comes with 12GB of RAM. Weighs approximately 0.18kg. Built with plastic construction. Targeted at the US market. Noise cancellation: yes.""]",0,614,candidate
DEC029_NO_FEEDBACK,train_kb,conservative_noisy_or_conflict_adjusted,3,TechNova Smartphone Pro 1,has_ram_gb,8,technova smartphone pro 1|has_ram_gb|8,6,"[0.91, 0.91, 0.9, 0.9, 0.85, 0.91]",True,4,0.9987745208638916,0.19975490417277833,0.88,False,0.19787046796875002,False,False,"[""product_23"", ""product_45"", ""product_23"", ""product_45"", ""product_23"", ""product_45""]","[""unstructured"", ""unstructured"", ""unstructured"", ""unstructured"", ""unstructured"", ""unstructured""]","[""Priced at 299 USD. The display measures 6.1 inches. Comes with 8GB of RAM. Offers 256GB of internal storage. Weighs approximately 0.55kg. Targeted at the US market. Fast charging is yes."", ""Priced at 1099 USD. The display measures 11.0 inches. Comes with 8GB of RAM. Built with aluminum construction. Targeted at the US market. Fast charging is yes. Noise cancellation: no."", ""Priced at 299 USD. The display measures 6.1 inches. Comes with 8GB of RAM. Offers 256GB of internal storage. Weighs approximately 0.55kg. Targeted at the US market. Fast charging is yes."", ""Priced at 1099 USD. The display measures 11.0 inches. Comes with 8GB of RAM. Built with aluminum construction. Targeted at the US market. Fast charging is yes. Noise cancellation: no."", ""Priced at 299 USD. The display measures 6.1 inches. Comes with 8GB of RAM. Offers 256GB of internal storage. Weighs approximately 0.55kg. Targeted at the US market. Fast charging is yes."", ""Priced at 1099 USD. The display measures 11.0 inches. Comes with 8GB of RAM. Built with aluminum construction. Targeted at the US market. Fast charging is yes. Noise cancellation: no.""]",0,614,candidate
DEC029_NO_FEEDBACK,train_kb,conservative_noisy_or_conflict_adjusted,3,TechNova Smartphone Pro 1,has_storage_gb,256,technova smartphone pro 1|has_storage_gb|256,3,"[0.92, 0.9, 0.85]",True,2,0.963478125,0.32115937499999997,0.88,False,0.29975,False,False,"[""product_23"", ""product_23"", ""product_23""]","[""unstructured"", ""unstructured"", ""unstructured""]","[""Priced at 299 USD. The display measures 6.1 inches. Comes with 8GB of RAM. Offers 256GB of internal storage. Weighs approximately 0.55kg. Targeted at the US market. Fast charging is yes."", ""Priced at 299 USD. The display measures 6.1 inches. Comes with 8GB of RAM. Offers 256GB of internal storage. Weighs approximately 0.55kg. Targeted at the US market. Fast charging is yes."", ""Priced at 299 USD. The display measures 6.1 inches. Comes with 8GB of RAM. Offers 256GB of internal storage. Weighs approximately 0.55kg. Targeted at the US market. Fast charging is yes.""]",0,614,candidate
DEC029_NO_FEEDBACK,train_kb,conservative_noisy_or_conflict_adjusted,3,TechNova Smartphone Pro 1,has_weight_kg,0.55,technova smartphone pro 1|has_weight_kg|0.55,3,"[0.94, 0.9, 0.85]",True,3,0.9652453125,0.241311328125,0.88,False,0.22603125,False,False,"[""product_23"", ""product_23"", ""product_23""]","[""unstructured"", ""unstructured"", ""unstructured""]","[""Priced at 299 USD. The display measures 6.1 inches. Comes with 8GB of RAM. Offers 256GB of internal storage. Weighs approximately 0.55kg. Targeted at the US market. Fast charging is yes."", ""Priced at 299 USD. The display measures 6.1 inches. Comes with 8GB of RAM. Offers 256GB of internal storage. Weighs approximately 0.55kg. Targeted at the US market. Fast charging is yes."", ""Priced at 299 USD. The display measures 6.1 inches. Comes with 8GB of RAM. Offers 256GB of internal storage. Weighs approximately 0.55kg. Targeted at the US market. Fast charging is yes.""]",0,614,candidate
DEC029_NO_FEEDBACK,train_kb,conservative_noisy_or_conflict_adjusted,3,TechNova Smartphone Pro 1,target_market_region,US,technova smartphone pro 1|target_market_region|us,8,"[0.9, 0.85, 0.94, 0.9, 0.9, 0.85, 0.8, 0.91]",True,3,0.9998309980009643,0.24995774950024108,0.88,False,0.24908225903320313,False,False,"[""product_23"", ""product_36"", ""product_45"", ""product_23"", ""product_36"", ""product_23"", ""product_36"", ""product_45""]","[""unstructured"", ""unstructured"", ""unstructured"", ""unstructured"", ""unstructured"", ""unstructured"", ""unstructured"", ""unstructured""]","[""Priced at 299 USD. The display measures 6.1 inches. Comes with 8GB of RAM. Offers 256GB of internal storage. Weighs approximately 0.55kg. Targeted at the US market. Fast charging is yes."", ""Priced at 249 USD. The display measures 6.1 inches. Comes with 12GB of RAM. Weighs approximately 0.18kg. Built with plastic construction. Targeted at the US market. Noise cancellation: yes."", ""Priced at 1099 USD. The display measures 11.0 inches. Comes with 8GB of RAM. Built with aluminum construction. Targeted at the US market. Fast charging is yes. Noise cancellation: no."", ""Priced at 299 USD. The display measures 6.1 inches. Comes with 8GB of RAM. Offers 256GB of internal storage. Weighs approximately 0.55kg. Targeted at the US market. Fast charging is yes."", ""Priced at 249 USD. The display measures 6.1 inches. Comes with 12GB of RAM. Weighs approximately 0.18kg. Built with plastic construction. Targeted at the US market. Noise cancellation: yes."", ""Priced at 299 USD. The display measures 6.1 inches. Comes with 8GB of RAM. Offers 256GB of internal storage. Weighs approximately 0.55kg. Targeted at the US market. Fast charging is yes."", ""Priced at 249 USD. The display measures 6.1 inches. Comes with 12GB of RAM. Weighs approximately 0.18kg. Built with plastic construction. Targeted at the US market. Noise cancellation: yes."", ""Priced at 1099 USD. The display measures 11.0 inches. Comes with 8GB of RAM. Built with aluminum construction. Targeted at the US market. Fast charging is yes. Noise cancellation: no.""]",0,614,candidate
DEC029_NO_FEEDBACK,train_kb,conservative_noisy_or_conflict_adjusted,3,TechNova Smartphone Pro 1,supports_fast_charging,yes,technova smartphone pro 1|supports_fast_charging|yes,8,"[0.88, 0.9, 0.9, 0.91, 0.9, 0.9, 0.85, 0.91]",True,1,0.9998613857654315,0.49993069288271574,0.88,False,0.49939782032226565,False,False,"[""product_23"", ""product_45"", ""product_49"", ""product_12"", ""product_23"", ""product_45"", ""product_23"", ""product_45""]","[""unstructured"", ""unstructured"", ""unstructured"", ""unstructured"", ""unstructured"", ""unstructured"", ""unstructured"", ""unstructured""]","[""Priced at 299 USD. The display measures 6.1 inches. Comes with 8GB of RAM. Offers 256GB of internal storage. Weighs approximately 0.55kg. Targeted at the US market. Fast charging is yes."", ""Priced at 1099 USD. The display measures 11.0 inches. Comes with 8GB of RAM. Built with aluminum construction. Targeted at the US market. Fast charging is yes. Noise cancellation: no."", ""It is a smartphone device. Priced at 349 USD. Comes with 4GB of RAM. Battery lasts up to 12 hours. Weighs approximately 0.23kg. Targeted at the APAC market. Fast charging is yes."", ""Priced at 199 USD. Comes with 6GB of RAM. Weighs approximately 0.23kg. Available in black. Built with plastic construction. Targeted at the EU market. Fast charging is yes."", ""Priced at 299 USD. The display measures 6.1 inches. Comes with 8GB of RAM. Offers 256GB of internal storage. Weighs approximately 0.55kg. Targeted at the US market. Fast charging is yes."", ""Priced at 1099 USD. The display measures 11.0 inches. Comes with 8GB of RAM. Built with aluminum construction. Targeted at the US market. Fast charging is yes. Noise cancellation: no."", ""Priced at 299 USD. The display measures 6.1 inches. Comes with 8GB of RAM. Offers 256GB of internal storage. Weighs approximately 0.55kg. Targeted at the US market. Fast charging is yes."", ""Priced at 1099 USD. The display measures 11.0 inches. Comes with 8GB of RAM. Built with aluminum construction. Targeted at the US market. Fast charging is yes. Noise cancellation: no.""]",0,614,candidate
DEC029_NO_FEEDBACK,train_kb,conservative_noisy_or_conflict_adjusted,3,PixelWare Headphones Lite 25,manufactured_by,PixelWare,pixelware headphones lite 25|manufactured_by|pixelware,3,"[0.98, 0.92, 0.926]",True,0,0.974903175,0.974903175,0.88,True,0.974903175,False,False,"[""product_25"", ""product_25"", ""product_25""]","[""structured"", ""unstructured"", ""unstructured""]","[""structured_row:PixelWare Headphones Lite 25"", ""PixelWare Headphones Lite 25 is manufactured by PixelWare. It is a headphones device. Comes with 6GB of RAM. Available in white. Built with aluminum construction. Targeted at the Global market. Noise cancellation: yes."", ""PixelWare Headphones Lite 25 is manufactured by PixelWare. It is a headphones device. Comes with 6GB of RAM. Available in white. Built with aluminum construction. Targeted at the Global market. Noise cancellation: yes.""]",1,614,candidate
DEC029_NO_FEEDBACK,train_kb,conservative_noisy_or_conflict_adjusted,3,PixelWare Headphones Lite 25,belongs_to_category,headphones,pixelware headphones lite 25|belongs_to_category|headphones,2,"[0.98, 0.91]",True,0,0.9158625,0.9158625,0.88,True,0.9158625,False,False,"[""product_25"", ""product_25""]","[""structured"", ""unstructured""]","[""structured_row:PixelWare Headphones Lite 25"", ""PixelWare Headphones Lite 25 is manufactured by PixelWare. It is a headphones device. Comes with 6GB of RAM. Available in white. Built with aluminum construction. Targeted at the Global market. Noise cancellation: yes.""]",1,614,candidate
DEC029_NO_FEEDBACK,train_kb,conservative_noisy_or_conflict_adjusted,3,PixelWare Headphones Lite 25,has_price_usd,299,pixelware headphones lite 25|has_price_usd|299,1,[0.98],True,1,0.735,0.3675,0.88,False,0.3675,False,False,"[""product_25""]","[""structured""]","[""structured_row:PixelWare Headphones Lite 25""]",0,614,candidate
DEC029_NO_FEEDBACK,train_kb,conservative_noisy_or_conflict_adjusted,3,PixelWare Headphones Lite 25,has_screen_size_inch,14.0,pixelware headphones lite 25|has_screen_size_inch|14.0,1,[0.98],True,1,0.735,0.3675,0.88,False,0.3675,False,False,"[""product_25""]","[""structured""]","[""structured_row:PixelWare Headphones Lite 25""]",0,614,candidate
DEC029_NO_FEEDBACK,train_kb,conservative_noisy_or_conflict_adjusted,3,PixelWare Headphones Lite 25,has_ram_gb,6,pixelware headphones lite 25|has_ram_gb|6,3,"[0.98, 0.9, 0.926]",True,0,0.9736888125000001,0.9736888125000001,0.88,True,0.9736888125000001,False,False,"[""product_25"", ""product_25"", ""product_25""]","[""structured"", ""unstructured"", ""unstructured""]","[""structured_row:PixelWare Headphones Lite 25"", ""PixelWare Headphones Lite 25 is manufactured by PixelWare. It is a headphones device. Comes with 6GB of RAM. Available in white. Built with aluminum construction. Targeted at the Global market. Noise cancellation: yes."", ""PixelWare Headphones Lite 25 is manufactured by PixelWare. It is a headphones device. Comes with 6GB of RAM. Available in white. Built with aluminum construction. Targeted at the Global market. Noise cancellation: yes.""]",1,614,candidate
DEC029_NO_FEEDBACK,train_kb,conservative_noisy_or_conflict_adjusted,3,PixelWare Headphones Lite 25,has_storage_gb,64,pixelware headphones lite 25|has_storage_gb|64,1,[0.98],True,1,0.735,0.3675,0.88,False,0.3675,False,False,"[""product_25""]","[""structured""]","[""structured_row:PixelWare Headphones Lite 25""]",0,614,candidate
DEC029_NO_FEEDBACK,train_kb,conservative_noisy_or_conflict_adjusted,3,PixelWare Headphones Lite 25,has_battery_life_hours,14,pixelware headphones lite 25|has_battery_life_hours|14,1,[0.98],True,1,0.735,0.3675,0.88,False,0.3675,False,False,"[""product_25""]","[""structured""]","[""structured_row:PixelWare Headphones Lite 25""]",0,614,candidate
DEC029_NO_FEEDBACK,train_kb,conservative_noisy_or_conflict_adjusted,3,PixelWare Headphones Lite 25,has_weight_kg,0.55,pixelware headphones lite 25|has_weight_kg|0.55,1,[0.98],True,1,0.735,0.3675,0.88,False,0.3675,False,False,"[""product_25""]","[""structured""]","[""structured_row:PixelWare Headphones Lite 25""]",0,614,candidate
DEC029_NO_FEEDBACK,train_kb,conservative_noisy_or_conflict_adjusted,3,PixelWare Headphones Lite 25,has_color,white,pixelware headphones lite 25|has_color|white,3,"[0.98, 0.94, 0.926]",False,0,0.9761175375,0.9761175375,0.88,True,0.9761175375,False,False,"[""product_25"", ""product_25"", ""product_25""]","[""structured"", ""unstructured"", ""unstructured""]","[""structured_row:PixelWare Headphones Lite 25"", ""PixelWare Headphones Lite 25 is manufactured by PixelWare. It is a headphones device. Comes with 6GB of RAM. Available in white. Built with aluminum construction. Targeted at the Global market. Noise cancellation: yes."", ""PixelWare Headphones Lite 25 is manufactured by PixelWare. It is a headphones device. Comes with 6GB of RAM. Available in white. Built with aluminum construction. Targeted at the Global market. Noise cancellation: yes.""]",1,614,candidate
DEC029_NO_FEEDBACK,train_kb,conservative_noisy_or_conflict_adjusted,3,PixelWare Headphones Lite 25,made_of_material,aluminum,pixelware headphones lite 25|made_of_material|aluminum,3,"[0.98, 0.93, 0.926]",True,0,0.97551035625,0.97551035625,0.88,True,0.97551035625,False,False,"[""product_25"", ""product_25"", ""product_25""]","[""structured"", ""unstructured"", ""unstructured""]","[""structured_row:PixelWare Headphones Lite 25"", ""PixelWare Headphones Lite 25 is manufactured by PixelWare. It is a headphones device. Comes with 6GB of RAM. Available in white. Built with aluminum construction. Targeted at the Global market. Noise cancellation: yes."", ""PixelWare Headphones Lite 25 is manufactured by PixelWare. It is a headphones device. Comes with 6GB of RAM. Available in white. Built with aluminum construction. Targeted at the Global market. Noise cancellation: yes.""]",1,614,candidate
DEC029_NO_FEEDBACK,train_kb,conservative_noisy_or_conflict_adjusted,3,PixelWare Headphones Lite 25,target_market_region,Global,pixelware headphones lite 25|target_market_region|global,3,"[0.98, 0.95, 0.926]",True,0,0.97672471875,0.97672471875,0.88,True,0.97672471875,False,False,"[""product_25"", ""product_25"", ""product_25""]","[""structured"", ""unstructured"", ""unstructured""]","[""structured_row:PixelWare Headphones Lite 25"", ""PixelWare Headphones Lite 25 is manufactured by PixelWare. It is a headphones device. Comes with 6GB of RAM. Available in white. Built with aluminum construction. Targeted at the Global market. Noise cancellation: yes."", ""PixelWare Headphones Lite 25 is manufactured by PixelWare. It is a headphones device. Comes with 6GB of RAM. Available in white. Built with aluminum construction. Targeted at the Global market. Noise cancellation: yes.""]",1,614,candidate
DEC029_NO_FEEDBACK,train_kb,conservative_noisy_or_conflict_adjusted,3,PixelWare Headphones Lite 25,supports_fast_charging,yes,pixelware headphones lite 25|supports_fast_charging|yes,1,[0.98],True,2,0.735,0.245,0.88,False,0.245,False,False,"[""product_25""]","[""structured""]","[""structured_row:PixelWare Headphones Lite 25""]",0,614,candidate
DEC029_NO_FEEDBACK,train_kb,conservative_noisy_or_conflict_adjusted,3,PixelWare Headphones Lite 25,has_noise_cancellation,yes,pixelware headphones lite 25|has_noise_cancellation|yes,3,"[0.98, 0.96, 0.926]",True,0,0.9773319,0.9773319,0.88,True,0.9773319,False,False,"[""product_25"", ""product_25"", ""product_25""]","[""structured"", ""unstructured"", ""unstructured""]","[""structured_row:PixelWare Headphones Lite 25"", ""PixelWare Headphones Lite 25 is manufactured by PixelWare. It is a headphones device. Comes with 6GB of RAM. Available in white. Built with aluminum construction. Targeted at the Global market. Noise cancellation: yes."", ""PixelWare Headphones Lite 25 is manufactured by PixelWare. It is a headphones device. Comes with 6GB of RAM. Available in white. Built with aluminum construction. Targeted at the Global market. Noise cancellation: yes.""]",1,614,candidate
DEC029_NO_FEEDBACK,train_kb,conservative_noisy_or_conflict_adjusted,3,PixelWare Headphones Lite 25,has_price_usd,,pixelware headphones lite 25|has_price_usd|,1,[0.85],True,1,0.6375,0.31875,0.88,False,0.31875,False,False,"[""product_25""]","[""unstructured""]","[""PixelWare Headphones Lite 25 is manufactured by PixelWare. It is a headphones device. Comes with 6GB of RAM. Available in white. Built with aluminum construction. Targeted at the Global market. Noise cancellation: yes.""]",0,614,candidate
DEC029_NO_FEEDBACK,train_kb,conservative_noisy_or_conflict_adjusted,3,PixelWare Headphones Lite 25,has_screen_size_inch,,pixelware headphones lite 25|has_screen_size_inch|,1,[0.88],True,1,0.66,0.33,0.88,False,0.33,False,False,"[""product_25""]","[""unstructured""]","[""PixelWare Headphones Lite 25 is manufactured by PixelWare. It is a headphones device. Comes with 6GB of RAM. Available in white. Built with aluminum construction. Targeted at the Global market. Noise cancellation: yes.""]",0,614,candidate
DEC029_NO_FEEDBACK,train_kb,conservative_noisy_or_conflict_adjusted,3,PixelWare Headphones Lite 25,has_storage_gb,,pixelware headphones lite 25|has_storage_gb|,1,[0.89],True,1,0.6675,0.33375,0.88,False,0.33375,False,False,"[""product_25""]","[""unstructured""]","[""PixelWare Headphones Lite 25 is manufactured by PixelWare. It is a headphones device. Comes with 6GB of RAM. Available in white. Built with aluminum construction. Targeted at the Global market. Noise cancellation: yes.""]",0,614,candidate
DEC029_NO_FEEDBACK,train_kb,conservative_noisy_or_conflict_adjusted,3,PixelWare Headphones Lite 25,has_battery_life_hours,,pixelware headphones lite 25|has_battery_life_hours|,1,[0.86],True,1,0.645,0.3225,0.88,False,0.3225,False,False,"[""product_25""]","[""unstructured""]","[""PixelWare Headphones Lite 25 is manufactured by PixelWare. It is a headphones device. Comes with 6GB of RAM. Available in white. Built with aluminum construction. Targeted at the Global market. Noise cancellation: yes.""]",0,614,candidate
DEC029_NO_FEEDBACK,train_kb,conservative_noisy_or_conflict_adjusted,3,PixelWare Headphones Lite 25,has_weight_kg,,pixelware headphones lite 25|has_weight_kg|,1,[0.87],True,1,0.6525,0.32625,0.88,False,0.32625,False,False,"[""product_25""]","[""unstructured""]","[""PixelWare Headphones Lite 25 is manufactured by PixelWare. It is a headphones device. Comes with 6GB of RAM. Available in white. Built with aluminum construction. Targeted at the Global market. Noise cancellation: yes.""]",0,614,candidate
DEC029_NO_FEEDBACK,train_kb,conservative_noisy_or_conflict_adjusted,3,PixelWare Headphones Lite 25,supports_fast_charging,,pixelware headphones lite 25|supports_fast_charging|,1,[0.92],True,2,0.6900000000000001,0.23,0.88,False,0.23,False,False,"[""product_25""]","[""unstructured""]","[""PixelWare Headphones Lite 25 is manufactured by PixelWare. It is a headphones device. Comes with 6GB of RAM. Available in white. Built with aluminum construction. Targeted at the Global market. Noise cancellation: yes.""]",0,614,candidate
DEC029_NO_FEEDBACK,train_kb,conservative_noisy_or_conflict_adjusted,3,Zenbyte Smartwatch Pro 27,manufactured_by,Zenbyte,zenbyte smartwatch pro 27|manufactured_by|zenbyte,1,[0.98],True,0,0.735,0.735,0.88,False,0.735,False,False,"[""product_27""]","[""structured""]","[""structured_row:Zenbyte Smartwatch Pro 27""]",0,614,candidate
DEC029_NO_FEEDBACK,train_kb,conservative_noisy_or_conflict_adjusted,3,Zenbyte Smartwatch Pro 27,belongs_to_category,smartwatch,zenbyte smartwatch pro 27|belongs_to_category|smartwatch,1,[0.98],True,0,0.735,0.735,0.88,False,0.735,False,False,"[""product_27""]","[""structured""]","[""structured_row:Zenbyte Smartwatch Pro 27""]",1,614,candidate
DEC029_NO_FEEDBACK,train_kb,conservative_noisy_or_conflict_adjusted,3,Zenbyte Smartwatch Pro 27,has_price_usd,1299,zenbyte smartwatch pro 27|has_price_usd|1299,1,[0.98],True,0,0.735,0.735,0.88,False,0.735,False,False,"[""product_27""]","[""structured""]","[""structured_row:Zenbyte Smartwatch Pro 27""]",1,614,candidate
DEC029_NO_FEEDBACK,train_kb,conservative_noisy_or_conflict_adjusted,3,Zenbyte Smartwatch Pro 27,has_screen_size_inch,13.3,zenbyte smartwatch pro 27|has_screen_size_inch|13.3,1,[0.98],True,0,0.735,0.735,0.88,False,0.735,False,False,"[""product_27""]","[""structured""]","[""structured_row:Zenbyte Smartwatch Pro 27""]",1,614,candidate
DEC029_NO_FEEDBACK,train_kb,conservative_noisy_or_conflict_adjusted,3,Zenbyte Smartwatch Pro 27,has_ram_gb,8,zenbyte smartwatch pro 27|has_ram_gb|8,1,[0.98],True,0,0.735,0.735,0.88,False,0.735,False,False,"[""product_27""]","[""structured""]","[""structured_row:Zenbyte Smartwatch Pro 27""]",0,614,candidate
DEC029_NO_FEEDBACK,train_kb,conservative_noisy_or_conflict_adjusted,3,Zenbyte Smartwatch Pro 27,has_storage_gb,256,zenbyte smartwatch pro 27|has_storage_gb|256,1,[0.98],True,0,0.735,0.735,0.88,False,0.735,False,False,"[""product_27""]","[""structured""]","[""structured_row:Zenbyte Smartwatch Pro 27""]",0,614,candidate
DEC029_NO_FEEDBACK,train_kb,conservative_noisy_or_conflict_adjusted,3,Zenbyte Smartwatch Pro 27,has_battery_life_hours,12,zenbyte smartwatch pro 27|has_battery_life_hours|12,1,[0.98],True,0,0.735,0.735,0.88,False,0.735,False,False,"[""product_27""]","[""structured""]","[""structured_row:Zenbyte Smartwatch Pro 27""]",1,614,candidate
DEC029_NO_FEEDBACK,train_kb,conservative_noisy_or_conflict_adjusted,3,Zenbyte Smartwatch Pro 27,has_weight_kg,1.2,zenbyte smartwatch pro 27|has_weight_kg|1.2,1,[0.98],True,0,0.735,0.735,0.88,False,0.735,False,False,"[""product_27""]","[""structured""]","[""structured_row:Zenbyte Smartwatch Pro 27""]",0,614,candidate
DEC029_NO_FEEDBACK,train_kb,conservative_noisy_or_conflict_adjusted,3,Zenbyte Smartwatch Pro 27,has_color,black,zenbyte smartwatch pro 27|has_color|black,1,[0.98],False,0,0.735,0.735,0.88,False,0.735,False,False,"[""product_27""]","[""structured""]","[""structured_row:Zenbyte Smartwatch Pro 27""]",0,614,candidate
DEC029_NO_FEEDBACK,train_kb,conservative_noisy_or_conflict_adjusted,3,Zenbyte Smartwatch Pro 27,made_of_material,plastic,zenbyte smartwatch pro 27|made_of_material|plastic,1,[0.98],True,0,0.735,0.735,0.88,False,0.735,False,False,"[""product_27""]","[""structured""]","[""structured_row:Zenbyte Smartwatch Pro 27""]",1,614,candidate
DEC029_NO_FEEDBACK,train_kb,conservative_noisy_or_conflict_adjusted,3,Zenbyte Smartwatch Pro 27,target_market_region,EU,zenbyte smartwatch pro 27|target_market_region|eu,1,[0.98],True,0,0.735,0.735,0.88,False,0.735,False,False,"[""product_27""]","[""structured""]","[""structured_row:Zenbyte Smartwatch Pro 27""]",1,614,candidate
DEC029_NO_FEEDBACK,train_kb,conservative_noisy_or_conflict_adjusted,3,Zenbyte Smartwatch Pro 27,supports_fast_charging,no,zenbyte smartwatch pro 27|supports_fast_charging|no,1,[0.98],True,0,0.735,0.735,0.88,False,0.735,False,False,"[""product_27""]","[""structured""]","[""structured_row:Zenbyte Smartwatch Pro 27""]",0,614,candidate
DEC029_NO_FEEDBACK,train_kb,conservative_noisy_or_conflict_adjusted,3,Zenbyte Smartwatch Pro 27,has_noise_cancellation,no,zenbyte smartwatch pro 27|has_noise_cancellation|no,1,[0.98],True,0,0.735,0.735,0.88,False,0.735,False,False,"[""product_27""]","[""structured""]","[""structured_row:Zenbyte Smartwatch Pro 27""]",1,614,candidate
DEC029_NO_FEEDBACK,train_kb,conservative_noisy_or_conflict_adjusted,3,It is a smartwatch device,has_price_usd,1299,it is a smartwatch device|has_price_usd|1299,2,"[0.85, 0.85]",True,0,0.8685937499999999,0.8685937499999999,0.88,False,0.8685937499999999,False,False,"[""product_27"", ""product_27""]","[""unstructured"", ""unstructured""]","[""It is a smartwatch device. Priced at 1299 USD. The display measures 13.3 inches. Battery lasts up to 12 hours. Built with plastic construction. Targeted at the EU market. Noise cancellation: no."", ""It is a smartwatch device. Priced at 1299 USD. The display measures 13.3 inches. Battery lasts up to 12 hours. Built with plastic construction. Targeted at the EU market. Noise cancellation: no.""]",0,614,candidate
DEC029_NO_FEEDBACK,train_kb,conservative_noisy_or_conflict_adjusted,3,It is a smartwatch device,has_screen_size_inch,13.3,it is a smartwatch device|has_screen_size_inch|13.3,2,"[0.88, 0.85]",True,0,0.87675,0.87675,0.88,False,0.87675,False,False,"[""product_27"", ""product_27""]","[""unstructured"", ""unstructured""]","[""It is a smartwatch device. Priced at 1299 USD. The display measures 13.3 inches. Battery lasts up to 12 hours. Built with plastic construction. Targeted at the EU market. Noise cancellation: no."", ""It is a smartwatch device. Priced at 1299 USD. The display measures 13.3 inches. Battery lasts up to 12 hours. Built with plastic construction. Targeted at the EU market. Noise cancellation: no.""]",0,614,candidate
DEC029_NO_FEEDBACK,train_kb,conservative_noisy_or_conflict_adjusted,3,It is a smartwatch device,has_battery_life_hours,12,it is a smartwatch device|has_battery_life_hours|12,2,"[0.92, 0.85]",True,0,0.887625,0.887625,0.88,True,0.887625,False,False,"[""product_27"", ""product_27""]","[""unstructured"", ""unstructured""]","[""It is a smartwatch device. Priced at 1299 USD. The display measures 13.3 inches. Battery lasts up to 12 hours. Built with plastic construction. Targeted at the EU market. Noise cancellation: no."", ""It is a smartwatch device. Priced at 1299 USD. The display measures 13.3 inches. Battery lasts up to 12 hours. Built with plastic construction. Targeted at the EU market. Noise cancellation: no.""]",0,614,candidate
DEC029_NO_FEEDBACK,train_kb,conservative_noisy_or_conflict_adjusted,3,It is a smartwatch device,made_of_material,plastic,it is a smartwatch device|made_of_material|plastic,2,"[0.89, 0.85]",True,0,0.87946875,0.87946875,0.88,False,0.87946875,False,False,"[""product_27"", ""product_27""]","[""unstructured"", ""unstructured""]","[""It is a smartwatch device. Priced at 1299 USD. The display measures 13.3 inches. Battery lasts up to 12 hours. Built with plastic construction. Targeted at the EU market. Noise cancellation: no."", ""It is a smartwatch device. Priced at 1299 USD. The display measures 13.3 inches. Battery lasts up to 12 hours. Built with plastic construction. Targeted at the EU market. Noise cancellation: no.""]",0,614,candidate
DEC029_NO_FEEDBACK,train_kb,conservative_noisy_or_conflict_adjusted,3,It is a smartwatch device,target_market_region,EU,it is a smartwatch device|target_market_region|eu,2,"[0.9, 0.85]",True,0,0.8821875,0.8821875,0.88,True,0.8821875,False,False,"[""product_27"", ""product_27""]","[""unstructured"", ""unstructured""]","[""It is a smartwatch device. Priced at 1299 USD. The display measures 13.3 inches. Battery lasts up to 12 hours. Built with plastic construction. Targeted at the EU market. Noise cancellation: no."", ""It is a smartwatch device. Priced at 1299 USD. The display measures 13.3 inches. Battery lasts up to 12 hours. Built with plastic construction. Targeted at the EU market. Noise cancellation: no.""]",0,614,candidate
DEC029_NO_FEEDBACK,train_kb,conservative_noisy_or_conflict_adjusted,3,It is a smartwatch device,has_noise_cancellation,no,it is a smartwatch device|has_noise_cancellation|no,2,"[0.94, 0.85]",True,0,0.8930625,0.8930625,0.88,True,0.8930625,False,False,"[""product_27"", ""product_27""]","[""unstructured"", ""unstructured""]","[""It is a smartwatch device. Priced at 1299 USD. The display measures 13.3 inches. Battery lasts up to 12 hours. Built with plastic construction. Targeted at the EU market. Noise cancellation: no."", ""It is a smartwatch device. Priced at 1299 USD. The display measures 13.3 inches. Battery lasts up to 12 hours. Built with plastic construction. Targeted at the EU market. Noise cancellation: no.""]",0,614,candidate
DEC029_NO_FEEDBACK,train_kb,conservative_noisy_or_conflict_adjusted,3,Auralex Smartphone Max 28,manufactured_by,Auralex,auralex smartphone max 28|manufactured_by|auralex,1,[0.98],True,0,0.735,0.735,0.88,False,0.735,False,False,"[""product_28""]","[""structured""]","[""structured_row:Auralex Smartphone Max 28""]",0,614,candidate
DEC029_NO_FEEDBACK,train_kb,conservative_noisy_or_conflict_adjusted,3,Auralex Smartphone Max 28,belongs_to_category,smartphone,auralex smartphone max 28|belongs_to_category|smartphone,1,[0.98],True,0,0.735,0.735,0.88,False,0.735,False,False,"[""product_28""]","[""structured""]","[""structured_row:Auralex Smartphone Max 28""]",1,614,candidate
DEC029_NO_FEEDBACK,train_kb,conservative_noisy_or_conflict_adjusted,3,Auralex Smartphone Max 28,has_price_usd,299,auralex smartphone max 28|has_price_usd|299,1,[0.98],True,0,0.735,0.735,0.88,False,0.735,False,False,"[""product_28""]","[""structured""]","[""structured_row:Auralex Smartphone Max 28""]",1,614,candidate
DEC029_NO_FEEDBACK,train_kb,conservative_noisy_or_conflict_adjusted,3,Auralex Smartphone Max 28,has_screen_size_inch,13.3,auralex smartphone max 28|has_screen_size_inch|13.3,1,[0.98],True,0,0.735,0.735,0.88,False,0.735,False,False,"[""product_28""]","[""structured""]","[""structured_row:Auralex Smartphone Max 28""]",1,614,candidate
DEC029_NO_FEEDBACK,train_kb,conservative_noisy_or_conflict_adjusted,3,Auralex Smartphone Max 28,has_ram_gb,16,auralex smartphone max 28|has_ram_gb|16,1,[0.98],True,0,0.735,0.735,0.88,False,0.735,False,False,"[""product_28""]","[""structured""]","[""structured_row:Auralex Smartphone Max 28""]",0,614,candidate
DEC029_NO_FEEDBACK,train_kb,conservative_noisy_or_conflict_adjusted,3,Auralex Smartphone Max 28,has_storage_gb,1024,auralex smartphone max 28|has_storage_gb|1024,1,[0.98],True,0,0.735,0.735,0.88,False,0.735,False,False,"[""product_28""]","[""structured""]","[""structured_row:Auralex Smartphone Max 28""]",1,614,candidate
DEC029_NO_FEEDBACK,train_kb,conservative_noisy_or_conflict_adjusted,3,Auralex Smartphone Max 28,has_battery_life_hours,8,auralex smartphone max 28|has_battery_life_hours|8,1,[0.98],True,0,0.735,0.735,0.88,False,0.735,False,False,"[""product_28""]","[""structured""]","[""structured_row:Auralex Smartphone Max 28""]",0,614,candidate
DEC029_NO_FEEDBACK,train_kb,conservative_noisy_or_conflict_adjusted,3,Auralex Smartphone Max 28,has_weight_kg,0.18,auralex smartphone max 28|has_weight_kg|0.18,1,[0.98],True,0,0.735,0.735,0.88,False,0.735,False,False,"[""product_28""]","[""structured""]","[""structured_row:Auralex Smartphone Max 28""]",1,614,candidate
DEC029_NO_FEEDBACK,train_kb,conservative_noisy_or_conflict_adjusted,3,Auralex Smartphone Max 28,has_color,black,auralex smartphone max 28|has_color|black,1,[0.98],False,0,0.735,0.735,0.88,False,0.735,False,False,"[""product_28""]","[""structured""]","[""structured_row:Auralex Smartphone Max 28""]",0,614,candidate
DEC029_NO_FEEDBACK,train_kb,conservative_noisy_or_conflict_adjusted,3,Auralex Smartphone Max 28,made_of_material,plastic,auralex smartphone max 28|made_of_material|plastic,1,[0.98],True,0,0.735,0.735,0.88,False,0.735,False,False,"[""product_28""]","[""structured""]","[""structured_row:Auralex Smartphone Max 28""]",0,614,candidate
DEC029_NO_FEEDBACK,train_kb,conservative_noisy_or_conflict_adjusted,3,Auralex Smartphone Max 28,target_market_region,EU,auralex smartphone max 28|target_market_region|eu,1,[0.98],True,0,0.735,0.735,0.88,False,0.735,False,False,"[""product_28""]","[""structured""]","[""structured_row:Auralex Smartphone Max 28""]",1,614,candidate
DEC029_NO_FEEDBACK,train_kb,conservative_noisy_or_conflict_adjusted,3,Auralex Smartphone Max 28,supports_fast_charging,no,auralex smartphone max 28|supports_fast_charging|no,1,[0.98],True,0,0.735,0.735,0.88,False,0.735,False,False,"[""product_28""]","[""structured""]","[""structured_row:Auralex Smartphone Max 28""]",1,614,candidate
DEC029_NO_FEEDBACK,train_kb,conservative_noisy_or_conflict_adjusted,3,Auralex Smartphone Max 28,has_noise_cancellation,no,auralex smartphone max 28|has_noise_cancellation|no,1,[0.98],True,0,0.735,0.735,0.88,False,0.735,False,False,"[""product_28""]","[""structured""]","[""structured_row:Auralex Smartphone Max 28""]",0,614,candidate
DEC029_NO_FEEDBACK,train_kb,conservative_noisy_or_conflict_adjusted,3,TechNova Smartphone Pro 1,has_weight_kg,0.18,technova smartphone pro 1|has_weight_kg|0.18,4,"[0.95, 0.95, 0.9, 0.8]",True,3,0.9892546875,0.247313671875,0.88,False,0.2432841796875,False,False,"[""product_28"", ""product_36"", ""product_36"", ""product_36""]","[""unstructured"", ""unstructured"", ""unstructured"", ""unstructured""]","[""It is a smartphone device. Priced at 299 USD. The display measures 13.3 inches. Offers 1024GB of internal storage. Weighs approximately 0.18kg. Targeted at the EU market. Fast charging is no."", ""Priced at 249 USD. The display measures 6.1 inches. Comes with 12GB of RAM. Weighs approximately 0.18kg. Built with plastic construction. Targeted at the US market. Noise cancellation: yes."", ""Priced at 249 USD. The display measures 6.1 inches. Comes with 12GB of RAM. Weighs approximately 0.18kg. Built with plastic construction. Targeted at the US market. Noise cancellation: yes."", ""Priced at 249 USD. The display measures 6.1 inches. Comes with 12GB of RAM. Weighs approximately 0.18kg. Built with plastic construction. Targeted at the US market. Noise cancellation: yes.""]",0,614,candidate
DEC029_NO_FEEDBACK,train_kb,conservative_noisy_or_conflict_adjusted,3,TechNova Smartphone Pro 1,target_market_region,EU,technova smartphone pro 1|target_market_region|eu,2,"[0.9, 0.91]",True,3,0.8968125,0.224203125,0.88,False,0.224203125,False,False,"[""product_28"", ""product_12""]","[""unstructured"", ""unstructured""]","[""It is a smartphone device. Priced at 299 USD. The display measures 13.3 inches. Offers 1024GB of internal storage. Weighs approximately 0.18kg. Targeted at the EU market. Fast charging is no."", ""Priced at 199 USD. Comes with 6GB of RAM. Weighs approximately 0.23kg. Available in black. Built with plastic construction. Targeted at the EU market. Fast charging is yes.""]",0,614,candidate
DEC029_NO_FEEDBACK,train_kb,conservative_noisy_or_conflict_adjusted,3,PixelWare Laptop Lite 29,manufactured_by,PixelWare,pixelware laptop lite 29|manufactured_by|pixelware,3,"[0.98, 0.91, 0.91]",True,0,0.97328634375,0.97328634375,0.88,True,0.9158625,False,False,"[""product_29"", ""product_29"", ""product_29""]","[""structured"", ""unstructured"", ""unstructured""]","[""structured_row:PixelWare Laptop Lite 29"", ""PixelWare Laptop Lite 29 is manufactured by PixelWare. The display measures 6.7 inches. Comes with 12GB of RAM. Offers 128GB of internal storage. Battery lasts up to 8 hours. Built with plastic construction. Fast charging is no."", ""PixelWare Laptop Lite 29 is manufactured by PixelWare. The display measures 6.7 inches. Comes with 12GB of RAM. Offers 128GB of internal storage. Battery lasts up to 8 hours. Built with plastic construction. Fast charging is no.""]",1,614,candidate
DEC029_NO_FEEDBACK,train_kb,conservative_noisy_or_conflict_adjusted,3,PixelWare Laptop Lite 29,belongs_to_category,laptop,pixelware laptop lite 29|belongs_to_category|laptop,1,[0.98],True,0,0.735,0.735,0.88,False,0.735,False,False,"[""product_29""]","[""structured""]","[""structured_row:PixelWare Laptop Lite 29""]",0,614,candidate
DEC029_NO_FEEDBACK,train_kb,conservative_noisy_or_conflict_adjusted,3,PixelWare Laptop Lite 29,has_price_usd,899,pixelware laptop lite 29|has_price_usd|899,1,[0.98],True,0,0.735,0.735,0.88,False,0.735,False,False,"[""product_29""]","[""structured""]","[""structured_row:PixelWare Laptop Lite 29""]",0,614,candidate
DEC029_NO_FEEDBACK,train_kb,conservative_noisy_or_conflict_adjusted,3,PixelWare Laptop Lite 29,has_screen_size_inch,6.7,pixelware laptop lite 29|has_screen_size_inch|6.7,3,"[0.98, 0.91, 0.91]",True,0,0.97328634375,0.97328634375,0.88,True,0.9158625,False,False,"[""product_29"", ""product_29"", ""product_29""]","[""structured"", ""unstructured"", ""unstructured""]","[""structured_row:PixelWare Laptop Lite 29"", ""PixelWare Laptop Lite 29 is manufactured by PixelWare. The display measures 6.7 inches. Comes with 12GB of RAM. Offers 128GB of internal storage. Battery lasts up to 8 hours. Built with plastic construction. Fast charging is no."", ""PixelWare Laptop Lite 29 is manufactured by PixelWare. The display measures 6.7 inches. Comes with 12GB of RAM. Offers 128GB of internal storage. Battery lasts up to 8 hours. Built with plastic construction. Fast charging is no.""]",1,614,candidate
DEC029_NO_FEEDBACK,train_kb,conservative_noisy_or_conflict_adjusted,3,PixelWare Laptop Lite 29,has_ram_gb,12,pixelware laptop lite 29|has_ram_gb|12,3,"[0.98, 0.91, 0.91]",True,0,0.97328634375,0.97328634375,0.88,True,0.9158625,False,False,"[""product_29"", ""product_29"", ""product_29""]","[""structured"", ""unstructured"", ""unstructured""]","[""structured_row:PixelWare Laptop Lite 29"", ""PixelWare Laptop Lite 29 is manufactured by PixelWare. The display measures 6.7 inches. Comes with 12GB of RAM. Offers 128GB of internal storage. Battery lasts up to 8 hours. Built with plastic construction. Fast charging is no."", ""PixelWare Laptop Lite 29 is manufactured by PixelWare. The display measures 6.7 inches. Comes with 12GB of RAM. Offers 128GB of internal storage. Battery lasts up to 8 hours. Built with plastic construction. Fast charging is no.""]",1,614,candidate
DEC029_NO_FEEDBACK,train_kb,conservative_noisy_or_conflict_adjusted,3,PixelWare Laptop Lite 29,has_storage_gb,128,pixelware laptop lite 29|has_storage_gb|128,3,"[0.98, 0.91, 0.91]",True,0,0.97328634375,0.97328634375,0.88,True,0.9158625,False,False,"[""product_29"", ""product_29"", ""product_29""]","[""structured"", ""unstructured"", ""unstructured""]","[""structured_row:PixelWare Laptop Lite 29"", ""PixelWare Laptop Lite 29 is manufactured by PixelWare. The display measures 6.7 inches. Comes with 12GB of RAM. Offers 128GB of internal storage. Battery lasts up to 8 hours. Built with plastic construction. Fast charging is no."", ""PixelWare Laptop Lite 29 is manufactured by PixelWare. The display measures 6.7 inches. Comes with 12GB of RAM. Offers 128GB of internal storage. Battery lasts up to 8 hours. Built with plastic construction. Fast charging is no.""]",1,614,candidate
DEC029_NO_FEEDBACK,train_kb,conservative_noisy_or_conflict_adjusted,3,PixelWare Laptop Lite 29,has_battery_life_hours,8,pixelware laptop lite 29|has_battery_life_hours|8,3,"[0.98, 0.91, 0.91]",True,0,0.97328634375,0.97328634375,0.88,True,0.9158625,False,False,"[""product_29"", ""product_29"", ""product_29""]","[""structured"", ""unstructured"", ""unstructured""]","[""structured_row:PixelWare Laptop Lite 29"", ""PixelWare Laptop Lite 29 is manufactured by PixelWare. The display measures 6.7 inches. Comes with 12GB of RAM. Offers 128GB of internal storage. Battery lasts up to 8 hours. Built with plastic construction. Fast charging is no."", ""PixelWare Laptop Lite 29 is manufactured by PixelWare. The display measures 6.7 inches. Comes with 12GB of RAM. Offers 128GB of internal storage. Battery lasts up to 8 hours. Built with plastic construction. Fast charging is no.""]",1,614,candidate
DEC029_NO_FEEDBACK,train_kb,conservative_noisy_or_conflict_adjusted,3,PixelWare Laptop Lite 29,has_weight_kg,0.55,pixelware laptop lite 29|has_weight_kg|0.55,1,[0.98],True,0,0.735,0.735,0.88,False,0.735,False,False,"[""product_29""]","[""structured""]","[""structured_row:PixelWare Laptop Lite 29""]",0,614,candidate
DEC029_NO_FEEDBACK,train_kb,conservative_noisy_or_conflict_adjusted,3,PixelWare Laptop Lite 29,has_color,silver,pixelware laptop lite 29|has_color|silver,1,[0.98],False,0,0.735,0.735,0.88,False,0.735,False,False,"[""product_29""]","[""structured""]","[""structured_row:PixelWare Laptop Lite 29""]",0,614,candidate
DEC029_NO_FEEDBACK,train_kb,conservative_noisy_or_conflict_adjusted,3,PixelWare Laptop Lite 29,made_of_material,plastic,pixelware laptop lite 29|made_of_material|plastic,3,"[0.98, 0.91, 0.91]",True,0,0.97328634375,0.97328634375,0.88,True,0.9158625,False,False,"[""product_29"", ""product_29"", ""product_29""]","[""structured"", ""unstructured"", ""unstructured""]","[""structured_row:PixelWare Laptop Lite 29"", ""PixelWare Laptop Lite 29 is manufactured by PixelWare. The display measures 6.7 inches. Comes with 12GB of RAM. Offers 128GB of internal storage. Battery lasts up to 8 hours. Built with plastic construction. Fast charging is no."", ""PixelWare Laptop Lite 29 is manufactured by PixelWare. The display measures 6.7 inches. Comes with 12GB of RAM. Offers 128GB of internal storage. Battery lasts up to 8 hours. Built with plastic construction. Fast charging is no.""]",1,614,candidate
DEC029_NO_FEEDBACK,train_kb,conservative_noisy_or_conflict_adjusted,3,PixelWare Laptop Lite 29,target_market_region,APAC,pixelware laptop lite 29|target_market_region|apac,1,[0.98],True,0,0.735,0.735,0.88,False,0.735,False,False,"[""product_29""]","[""structured""]","[""structured_row:PixelWare Laptop Lite 29""]",0,614,candidate
DEC029_NO_FEEDBACK,train_kb,conservative_noisy_or_conflict_adjusted,3,PixelWare Laptop Lite 29,supports_fast_charging,no,pixelware laptop lite 29|supports_fast_charging|no,3,"[0.98, 0.91, 0.91]",True,0,0.97328634375,0.97328634375,0.88,True,0.9158625,False,False,"[""product_29"", ""product_29"", ""product_29""]","[""structured"", ""unstructured"", ""unstructured""]","[""structured_row:PixelWare Laptop Lite 29"", ""PixelWare Laptop Lite 29 is manufactured by PixelWare. The display measures 6.7 inches. Comes with 12GB of RAM. Offers 128GB of internal storage. Battery lasts up to 8 hours. Built with plastic construction. Fast charging is no."", ""PixelWare Laptop Lite 29 is manufactured by PixelWare. The display measures 6.7 inches. Comes with 12GB of RAM. Offers 128GB of internal storage. Battery lasts up to 8 hours. Built with plastic construction. Fast charging is no.""]",1,614,candidate
DEC029_NO_FEEDBACK,train_kb,conservative_noisy_or_conflict_adjusted,3,PixelWare Laptop Lite 29,has_noise_cancellation,no,pixelware laptop lite 29|has_noise_cancellation|no,1,[0.98],True,0,0.735,0.735,0.88,False,0.735,False,False,"[""product_29""]","[""structured""]","[""structured_row:PixelWare Laptop Lite 29""]",0,614,candidate
DEC029_NO_FEEDBACK,train_kb,conservative_noisy_or_conflict_adjusted,3,NeoTech Smartwatch Lite 30,manufactured_by,NeoTech,neotech smartwatch lite 30|manufactured_by|neotech,3,"[0.98, 0.95, 0.95]",True,0,0.97809609375,0.97809609375,0.88,True,0.97809609375,False,False,"[""product_30"", ""product_30"", ""product_30""]","[""structured"", ""unstructured"", ""unstructured""]","[""structured_row:NeoTech Smartwatch Lite 30"", ""NeoTech Smartwatch Lite 30 is manufactured by NeoTech. It is a smartwatch device. The display measures 6.1 inches. Battery lasts up to 18 hours. Available in white. Built with plastic construction. Targeted at the US market."", ""NeoTech Smartwatch Lite 30 is manufactured by NeoTech. It is a smartwatch device. The display measures 6.1 inches. Battery lasts up to 18 hours. Available in white. Built with plastic construction. Targeted at the US market.""]",1,614,candidate
DEC029_NO_FEEDBACK,train_kb,conservative_noisy_or_conflict_adjusted,3,NeoTech Smartwatch Lite 30,belongs_to_category,smartwatch,neotech smartwatch lite 30|belongs_to_category|smartwatch,1,[0.98],True,0,0.735,0.735,0.88,False,0.735,False,False,"[""product_30""]","[""structured""]","[""structured_row:NeoTech Smartwatch Lite 30""]",1,614,candidate
DEC029_NO_FEEDBACK,train_kb,conservative_noisy_or_conflict_adjusted,3,NeoTech Smartwatch Lite 30,has_price_usd,1299,neotech smartwatch lite 30|has_price_usd|1299,1,[0.98],True,0,0.735,0.735,0.88,False,0.735,False,False,"[""product_30""]","[""structured""]","[""structured_row:NeoTech Smartwatch Lite 30""]",0,614,candidate
DEC029_NO_FEEDBACK,train_kb,conservative_noisy_or_conflict_adjusted,3,NeoTech Smartwatch Lite 30,has_screen_size_inch,6.1,neotech smartwatch lite 30|has_screen_size_inch|6.1,3,"[0.98, 0.92, 0.95]",True,0,0.976381875,0.976381875,0.88,True,0.976381875,False,False,"[""product_30"", ""product_30"", ""product_30""]","[""structured"", ""unstructured"", ""unstructured""]","[""structured_row:NeoTech Smartwatch Lite 30"", ""NeoTech Smartwatch Lite 30 is manufactured by NeoTech. It is a smartwatch device. The display measures 6.1 inches. Battery lasts up to 18 hours. Available in white. Built with plastic construction. Targeted at the US market."", ""NeoTech Smartwatch Lite 30 is manufactured by NeoTech. It is a smartwatch device. The display measures 6.1 inches. Battery lasts up to 18 hours. Available in white. Built with plastic construction. Targeted at the US market.""]",1,614,candidate
DEC029_NO_FEEDBACK,train_kb,conservative_noisy_or_conflict_adjusted,3,NeoTech Smartwatch Lite 30,has_ram_gb,12,neotech smartwatch lite 30|has_ram_gb|12,1,[0.98],True,0,0.735,0.735,0.88,False,0.735,False,False,"[""product_30""]","[""structured""]","[""structured_row:NeoTech Smartwatch Lite 30""]",0,614,candidate
DEC029_NO_FEEDBACK,train_kb,conservative_noisy_or_conflict_adjusted,3,NeoTech Smartwatch Lite 30,has_storage_gb,1024,neotech smartwatch lite 30|has_storage_gb|1024,1,[0.98],True,0,0.735,0.735,0.88,False,0.735,False,False,"[""product_30""]","[""structured""]","[""structured_row:NeoTech Smartwatch Lite 30""]",0,614,candidate
DEC029_NO_FEEDBACK,train_kb,conservative_noisy_or_conflict_adjusted,3,NeoTech Smartwatch Lite 30,has_battery_life_hours,18,neotech smartwatch lite 30|has_battery_life_hours|18,3,"[0.98, 0.9, 0.95]",True,0,0.9752390625,0.9752390625,0.88,True,0.9752390625,False,False,"[""product_30"", ""product_30"", ""product_30""]","[""structured"", ""unstructured"", ""unstructured""]","[""structured_row:NeoTech Smartwatch Lite 30"", ""NeoTech Smartwatch Lite 30 is manufactured by NeoTech. It is a smartwatch device. The display measures 6.1 inches. Battery lasts up to 18 hours. Available in white. Built with plastic construction. Targeted at the US market."", ""NeoTech Smartwatch Lite 30 is manufactured by NeoTech. It is a smartwatch device. The display measures 6.1 inches. Battery lasts up to 18 hours. Available in white. Built with plastic construction. Targeted at the US market.""]",1,614,candidate
DEC029_NO_FEEDBACK,train_kb,conservative_noisy_or_conflict_adjusted,3,NeoTech Smartwatch Lite 30,has_weight_kg,1.45,neotech smartwatch lite 30|has_weight_kg|1.45,1,[0.98],True,0,0.735,0.735,0.88,False,0.735,False,False,"[""product_30""]","[""structured""]","[""structured_row:NeoTech Smartwatch Lite 30""]",0,614,candidate
DEC029_NO_FEEDBACK,train_kb,conservative_noisy_or_conflict_adjusted,3,NeoTech Smartwatch Lite 30,has_color,white,neotech smartwatch lite 30|has_color|white,3,"[0.98, 0.94, 0.95]",False,0,0.9775246875,0.9775246875,0.88,True,0.9775246875,False,False,"[""product_30"", ""product_30"", ""product_30""]","[""structured"", ""unstructured"", ""unstructured""]","[""structured_row:NeoTech Smartwatch Lite 30"", ""NeoTech Smartwatch Lite 30 is manufactured by NeoTech. It is a smartwatch device. The display measures 6.1 inches. Battery lasts up to 18 hours. Available in white. Built with plastic construction. Targeted at the US market."", ""NeoTech Smartwatch Lite 30 is manufactured by NeoTech. It is a smartwatch device. The display measures 6.1 inches. Battery lasts up to 18 hours. Available in white. Built with plastic construction. Targeted at the US market.""]",1,614,candidate
DEC029_NO_FEEDBACK,train_kb,conservative_noisy_or_conflict_adjusted,3,NeoTech Smartwatch Lite 30,made_of_material,plastic,neotech smartwatch lite 30|made_of_material|plastic,3,"[0.98, 0.93, 0.95]",True,0,0.97695328125,0.97695328125,0.88,True,0.97695328125,False,False,"[""product_30"", ""product_30"", ""product_30""]","[""structured"", ""unstructured"", ""unstructured""]","[""structured_row:NeoTech Smartwatch Lite 30"", ""NeoTech Smartwatch Lite 30 is manufactured by NeoTech. It is a smartwatch device. The display measures 6.1 inches. Battery lasts up to 18 hours. Available in white. Built with plastic construction. Targeted at the US market."", ""NeoTech Smartwatch Lite 30 is manufactured by NeoTech. It is a smartwatch device. The display measures 6.1 inches. Battery lasts up to 18 hours. Available in white. Built with plastic construction. Targeted at the US market.""]",1,614,candidate
DEC029_NO_FEEDBACK,train_kb,conservative_noisy_or_conflict_adjusted,3,NeoTech Smartwatch Lite 30,target_market_region,US,neotech smartwatch lite 30|target_market_region|us,3,"[0.98, 0.91, 0.95]",True,0,0.97581046875,0.97581046875,0.88,True,0.97581046875,False,False,"[""product_30"", ""product_30"", ""product_30""]","[""structured"", ""unstructured"", ""unstructured""]","[""structured_row:NeoTech Smartwatch Lite 30"", ""NeoTech Smartwatch Lite 30 is manufactured by NeoTech. It is a smartwatch device. The display measures 6.1 inches. Battery lasts up to 18 hours. Available in white. Built with plastic construction. Targeted at the US market."", ""NeoTech Smartwatch Lite 30 is manufactured by NeoTech. It is a smartwatch device. The display measures 6.1 inches. Battery lasts up to 18 hours. Available in white. Built with plastic construction. Targeted at the US market.""]",1,614,candidate
DEC029_NO_FEEDBACK,train_kb,conservative_noisy_or_conflict_adjusted,3,NeoTech Smartwatch Lite 30,supports_fast_charging,no,neotech smartwatch lite 30|supports_fast_charging|no,1,[0.98],True,0,0.735,0.735,0.88,False,0.735,False,False,"[""product_30""]","[""structured""]","[""structured_row:NeoTech Smartwatch Lite 30""]",0,614,candidate
DEC029_NO_FEEDBACK,train_kb,conservative_noisy_or_conflict_adjusted,3,NeoTech Smartwatch Lite 30,has_noise_cancellation,no,neotech smartwatch lite 30|has_noise_cancellation|no,1,[0.98],True,0,0.735,0.735,0.88,False,0.735,False,False,"[""product_30""]","[""structured""]","[""structured_row:NeoTech Smartwatch Lite 30""]",0,614,candidate
DEC029_NO_FEEDBACK,train_kb,conservative_noisy_or_conflict_adjusted,3,Zenbyte Laptop Air 31,manufactured_by,Zenbyte,zenbyte laptop air 31|manufactured_by|zenbyte,1,[0.98],True,0,0.735,0.735,0.88,False,0.735,False,False,"[""product_31""]","[""structured""]","[""structured_row:Zenbyte Laptop Air 31""]",0,614,candidate
DEC029_NO_FEEDBACK,train_kb,conservative_noisy_or_conflict_adjusted,3,Zenbyte Laptop Air 31,belongs_to_category,laptop,zenbyte laptop air 31|belongs_to_category|laptop,1,[0.98],True,0,0.735,0.735,0.88,False,0.735,False,False,"[""product_31""]","[""structured""]","[""structured_row:Zenbyte Laptop Air 31""]",1,614,candidate
DEC029_NO_FEEDBACK,train_kb,conservative_noisy_or_conflict_adjusted,3,Zenbyte Laptop Air 31,has_price_usd,699,zenbyte laptop air 31|has_price_usd|699,1,[0.98],True,0,0.735,0.735,0.88,False,0.735,False,False,"[""product_31""]","[""structured""]","[""structured_row:Zenbyte Laptop Air 31""]",0,614,candidate
DEC029_NO_FEEDBACK,train_kb,conservative_noisy_or_conflict_adjusted,3,Zenbyte Laptop Air 31,has_screen_size_inch,11.0,zenbyte laptop air 31|has_screen_size_inch|11.0,1,[0.98],True,0,0.735,0.735,0.88,False,0.735,False,False,"[""product_31""]","[""structured""]","[""structured_row:Zenbyte Laptop Air 31""]",1,614,candidate
DEC029_NO_FEEDBACK,train_kb,conservative_noisy_or_conflict_adjusted,3,Zenbyte Laptop Air 31,has_ram_gb,6,zenbyte laptop air 31|has_ram_gb|6,1,[0.98],True,0,0.735,0.735,0.88,False,0.735,False,False,"[""product_31""]","[""structured""]","[""structured_row:Zenbyte Laptop Air 31""]",0,614,candidate
DEC029_NO_FEEDBACK,train_kb,conservative_noisy_or_conflict_adjusted,3,Zenbyte Laptop Air 31,has_storage_gb,64,zenbyte laptop air 31|has_storage_gb|64,1,[0.98],True,0,0.735,0.735,0.88,False,0.735,False,False,"[""product_31""]","[""structured""]","[""structured_row:Zenbyte Laptop Air 31""]",1,614,candidate
DEC029_NO_FEEDBACK,train_kb,conservative_noisy_or_conflict_adjusted,3,Zenbyte Laptop Air 31,has_battery_life_hours,14,zenbyte laptop air 31|has_battery_life_hours|14,1,[0.98],True,0,0.735,0.735,0.88,False,0.735,False,False,"[""product_31""]","[""structured""]","[""structured_row:Zenbyte Laptop Air 31""]",1,614,candidate
DEC029_NO_FEEDBACK,train_kb,conservative_noisy_or_conflict_adjusted,3,Zenbyte Laptop Air 31,has_weight_kg,0.55,zenbyte laptop air 31|has_weight_kg|0.55,1,[0.98],True,0,0.735,0.735,0.88,False,0.735,False,False,"[""product_31""]","[""structured""]","[""structured_row:Zenbyte Laptop Air 31""]",0,614,candidate
DEC029_NO_FEEDBACK,train_kb,conservative_noisy_or_conflict_adjusted,3,Zenbyte Laptop Air 31,has_color,blue,zenbyte laptop air 31|has_color|blue,1,[0.98],False,0,0.735,0.735,0.88,False,0.735,False,False,"[""product_31""]","[""structured""]","[""structured_row:Zenbyte Laptop Air 31""]",1,614,candidate
DEC029_NO_FEEDBACK,train_kb,conservative_noisy_or_conflict_adjusted,3,Zenbyte Laptop Air 31,made_of_material,carbon fiber,zenbyte laptop air 31|made_of_material|carbon fiber,1,[0.98],True,0,0.735,0.735,0.88,False,0.735,False,False,"[""product_31""]","[""structured""]","[""structured_row:Zenbyte Laptop Air 31""]",1,614,candidate
DEC029_NO_FEEDBACK,train_kb,conservative_noisy_or_conflict_adjusted,3,Zenbyte Laptop Air 31,target_market_region,US,zenbyte laptop air 31|target_market_region|us,1,[0.98],True,0,0.735,0.735,0.88,False,0.735,False,False,"[""product_31""]","[""structured""]","[""structured_row:Zenbyte Laptop Air 31""]",1,614,candidate
DEC029_NO_FEEDBACK,train_kb,conservative_noisy_or_conflict_adjusted,3,Zenbyte Laptop Air 31,supports_fast_charging,no,zenbyte laptop air 31|supports_fast_charging|no,1,[0.98],True,0,0.735,0.735,0.88,False,0.735,False,False,"[""product_31""]","[""structured""]","[""structured_row:Zenbyte Laptop Air 31""]",0,614,candidate
DEC029_NO_FEEDBACK,train_kb,conservative_noisy_or_conflict_adjusted,3,Zenbyte Laptop Air 31,has_noise_cancellation,no,zenbyte laptop air 31|has_noise_cancellation|no,1,[0.98],True,0,0.735,0.735,0.88,False,0.735,False,False,"[""product_31""]","[""structured""]","[""structured_row:Zenbyte Laptop Air 31""]",0,614,candidate
DEC029_NO_FEEDBACK,train_kb,conservative_noisy_or_conflict_adjusted,3,laptop device,has_screen_size_inch,11.0,laptop device|has_screen_size_inch|11.0,2,"[0.85, 0.9]",True,1,0.8821875,0.44109375,0.88,False,0.44109375,False,False,"[""product_31"", ""product_31""]","[""unstructured"", ""unstructured""]","[""It is a laptop device. The display measures 11.0 inches. Offers 64GB of internal storage. Battery lasts up to 14 hours. Available in blue. Built with carbon fiber construction. Targeted at the US market."", ""It is a laptop device. The display measures 11.0 inches. Offers 64GB of internal storage. Battery lasts up to 14 hours. Available in blue. Built with carbon fiber construction. Targeted at the US market.""]",0,614,candidate
DEC029_NO_FEEDBACK,train_kb,conservative_noisy_or_conflict_adjusted,3,laptop device,has_storage_gb,64,laptop device|has_storage_gb|64,2,"[0.92, 0.9]",True,0,0.89925,0.89925,0.88,True,0.89925,False,False,"[""product_31"", ""product_31""]","[""unstructured"", ""unstructured""]","[""It is a laptop device. The display measures 11.0 inches. Offers 64GB of internal storage. Battery lasts up to 14 hours. Available in blue. Built with carbon fiber construction. Targeted at the US market."", ""It is a laptop device. The display measures 11.0 inches. Offers 64GB of internal storage. Battery lasts up to 14 hours. Available in blue. Built with carbon fiber construction. Targeted at the US market.""]",0,614,candidate
DEC029_NO_FEEDBACK,train_kb,conservative_noisy_or_conflict_adjusted,3,laptop device,has_battery_life_hours,14,laptop device|has_battery_life_hours|14,2,"[0.88, 0.9]",True,0,0.8895000000000001,0.8895000000000001,0.88,True,0.8895000000000001,False,False,"[""product_31"", ""product_31""]","[""unstructured"", ""unstructured""]","[""It is a laptop device. The display measures 11.0 inches. Offers 64GB of internal storage. Battery lasts up to 14 hours. Available in blue. Built with carbon fiber construction. Targeted at the US market."", ""It is a laptop device. The display measures 11.0 inches. Offers 64GB of internal storage. Battery lasts up to 14 hours. Available in blue. Built with carbon fiber construction. Targeted at the US market.""]",0,614,candidate
DEC029_NO_FEEDBACK,train_kb,conservative_noisy_or_conflict_adjusted,3,laptop device,has_color,blue,laptop device|has_color|blue,3,"[0.9, 0.85, 0.9]",False,0,0.9617109375,0.9617109375,0.88,True,0.9617109375,False,False,"[""product_31"", ""product_8"", ""product_31""]","[""unstructured"", ""unstructured"", ""unstructured""]","[""It is a laptop device. The display measures 11.0 inches. Offers 64GB of internal storage. Battery lasts up to 14 hours. Available in blue. Built with carbon fiber construction. Targeted at the US market."", ""It is a laptop device. The display measures 6.1 inches. Weighs approximately 0.18kg. Available in blue. Built with carbon fiber construction. Fast charging is yes. Noise cancellation: no."", ""It is a laptop device. The display measures 11.0 inches. Offers 64GB of internal storage. Battery lasts up to 14 hours. Available in blue. Built with carbon fiber construction. Targeted at the US market.""]",0,614,candidate
DEC029_NO_FEEDBACK,train_kb,conservative_noisy_or_conflict_adjusted,3,laptop device,made_of_material,carbon fiber,laptop device|made_of_material|carbon fiber,2,"[0.86, 0.9]",True,0,0.884625,0.884625,0.88,True,0.884625,False,False,"[""product_31"", ""product_31""]","[""unstructured"", ""unstructured""]","[""It is a laptop device. The display measures 11.0 inches. Offers 64GB of internal storage. Battery lasts up to 14 hours. Available in blue. Built with carbon fiber construction. Targeted at the US market."", ""It is a laptop device. The display measures 11.0 inches. Offers 64GB of internal storage. Battery lasts up to 14 hours. Available in blue. Built with carbon fiber construction. Targeted at the US market.""]",0,614,candidate
DEC029_NO_FEEDBACK,train_kb,conservative_noisy_or_conflict_adjusted,3,laptop device,target_market_region,US,laptop device|target_market_region|us,2,"[0.89, 0.9]",True,0,0.8919375,0.8919375,0.88,True,0.8919375,False,False,"[""product_31"", ""product_31""]","[""unstructured"", ""unstructured""]","[""It is a laptop device. The display measures 11.0 inches. Offers 64GB of internal storage. Battery lasts up to 14 hours. Available in blue. Built with carbon fiber construction. Targeted at the US market."", ""It is a laptop device. The display measures 11.0 inches. Offers 64GB of internal storage. Battery lasts up to 14 hours. Available in blue. Built with carbon fiber construction. Targeted at the US market.""]",0,614,candidate
DEC029_NO_FEEDBACK,train_kb,conservative_noisy_or_conflict_adjusted,3,TechNova Smartwatch Lite 32,manufactured_by,TechNova,technova smartwatch lite 32|manufactured_by|technova,2,"[0.98, 0.91]",True,0,0.9158625,0.9158625,0.88,True,0.735,True,False,"[""product_32"", ""product_32""]","[""structured"", ""unstructured""]","[""structured_row:TechNova Smartwatch Lite 32"", ""TechNova Smartwatch Lite 32 is manufactured by TechNova. The display measures 6.7 inches. Offers 256GB of internal storage. Battery lasts up to 8 hours. Targeted at the APAC market. Fast charging is no. Noise cancellation: no.""]",1,614,candidate
DEC029_NO_FEEDBACK,train_kb,conservative_noisy_or_conflict_adjusted,3,TechNova Smartwatch Lite 32,belongs_to_category,smartwatch,technova smartwatch lite 32|belongs_to_category|smartwatch,1,[0.98],True,0,0.735,0.735,0.88,False,0.735,False,False,"[""product_32""]","[""structured""]","[""structured_row:TechNova Smartwatch Lite 32""]",0,614,candidate
DEC029_NO_FEEDBACK,train_kb,conservative_noisy_or_conflict_adjusted,3,TechNova Smartwatch Lite 32,has_price_usd,499,technova smartwatch lite 32|has_price_usd|499,1,[0.98],True,0,0.735,0.735,0.88,False,0.735,False,False,"[""product_32""]","[""structured""]","[""structured_row:TechNova Smartwatch Lite 32""]",0,614,candidate
DEC029_NO_FEEDBACK,train_kb,conservative_noisy_or_conflict_adjusted,3,TechNova Smartwatch Lite 32,has_screen_size_inch,6.7,technova smartwatch lite 32|has_screen_size_inch|6.7,2,"[0.98, 0.91]",True,0,0.9158625,0.9158625,0.88,True,0.735,True,False,"[""product_32"", ""product_32""]","[""structured"", ""unstructured""]","[""structured_row:TechNova Smartwatch Lite 32"", ""TechNova Smartwatch Lite 32 is manufactured by TechNova. The display measures 6.7 inches. Offers 256GB of internal storage. Battery lasts up to 8 hours. Targeted at the APAC market. Fast charging is no. Noise cancellation: no.""]",1,614,candidate
DEC029_NO_FEEDBACK,train_kb,conservative_noisy_or_conflict_adjusted,3,TechNova Smartwatch Lite 32,has_ram_gb,4,technova smartwatch lite 32|has_ram_gb|4,1,[0.98],True,0,0.735,0.735,0.88,False,0.735,False,False,"[""product_32""]","[""structured""]","[""structured_row:TechNova Smartwatch Lite 32""]",0,614,candidate
DEC029_NO_FEEDBACK,train_kb,conservative_noisy_or_conflict_adjusted,3,TechNova Smartwatch Lite 32,has_storage_gb,256,technova smartwatch lite 32|has_storage_gb|256,2,"[0.98, 0.91]",True,0,0.9158625,0.9158625,0.88,True,0.735,True,False,"[""product_32"", ""product_32""]","[""structured"", ""unstructured""]","[""structured_row:TechNova Smartwatch Lite 32"", ""TechNova Smartwatch Lite 32 is manufactured by TechNova. The display measures 6.7 inches. Offers 256GB of internal storage. Battery lasts up to 8 hours. Targeted at the APAC market. Fast charging is no. Noise cancellation: no.""]",1,614,candidate
DEC029_NO_FEEDBACK,train_kb,conservative_noisy_or_conflict_adjusted,3,TechNova Smartwatch Lite 32,has_battery_life_hours,8,technova smartwatch lite 32|has_battery_life_hours|8,2,"[0.98, 0.91]",True,0,0.9158625,0.9158625,0.88,True,0.735,True,False,"[""product_32"", ""product_32""]","[""structured"", ""unstructured""]","[""structured_row:TechNova Smartwatch Lite 32"", ""TechNova Smartwatch Lite 32 is manufactured by TechNova. The display measures 6.7 inches. Offers 256GB of internal storage. Battery lasts up to 8 hours. Targeted at the APAC market. Fast charging is no. Noise cancellation: no.""]",1,614,candidate
DEC029_NO_FEEDBACK,train_kb,conservative_noisy_or_conflict_adjusted,3,TechNova Smartwatch Lite 32,has_weight_kg,0.23,technova smartwatch lite 32|has_weight_kg|0.23,1,[0.98],True,0,0.735,0.735,0.88,False,0.735,False,False,"[""product_32""]","[""structured""]","[""structured_row:TechNova Smartwatch Lite 32""]",0,614,candidate
DEC029_NO_FEEDBACK,train_kb,conservative_noisy_or_conflict_adjusted,3,TechNova Smartwatch Lite 32,has_color,black,technova smartwatch lite 32|has_color|black,1,[0.98],False,0,0.735,0.735,0.88,False,0.735,False,False,"[""product_32""]","[""structured""]","[""structured_row:TechNova Smartwatch Lite 32""]",0,614,candidate
DEC029_NO_FEEDBACK,train_kb,conservative_noisy_or_conflict_adjusted,3,TechNova Smartwatch Lite 32,made_of_material,carbon fiber,technova smartwatch lite 32|made_of_material|carbon fiber,1,[0.98],True,0,0.735,0.735,0.88,False,0.735,False,False,"[""product_32""]","[""structured""]","[""structured_row:TechNova Smartwatch Lite 32""]",0,614,candidate
DEC029_NO_FEEDBACK,train_kb,conservative_noisy_or_conflict_adjusted,3,TechNova Smartwatch Lite 32,target_market_region,APAC,technova smartwatch lite 32|target_market_region|apac,2,"[0.98, 0.91]",True,0,0.9158625,0.9158625,0.88,True,0.735,True,False,"[""product_32"", ""product_32""]","[""structured"", ""unstructured""]","[""structured_row:TechNova Smartwatch Lite 32"", ""TechNova Smartwatch Lite 32 is manufactured by TechNova. The display measures 6.7 inches. Offers 256GB of internal storage. Battery lasts up to 8 hours. Targeted at the APAC market. Fast charging is no. Noise cancellation: no.""]",1,614,candidate
DEC029_NO_FEEDBACK,train_kb,conservative_noisy_or_conflict_adjusted,3,TechNova Smartwatch Lite 32,supports_fast_charging,no,technova smartwatch lite 32|supports_fast_charging|no,2,"[0.98, 0.91]",True,0,0.9158625,0.9158625,0.88,True,0.735,True,False,"[""product_32"", ""product_32""]","[""structured"", ""unstructured""]","[""structured_row:TechNova Smartwatch Lite 32"", ""TechNova Smartwatch Lite 32 is manufactured by TechNova. The display measures 6.7 inches. Offers 256GB of internal storage. Battery lasts up to 8 hours. Targeted at the APAC market. Fast charging is no. Noise cancellation: no.""]",1,614,candidate
DEC029_NO_FEEDBACK,train_kb,conservative_noisy_or_conflict_adjusted,3,TechNova Smartwatch Lite 32,has_noise_cancellation,no,technova smartwatch lite 32|has_noise_cancellation|no,2,"[0.98, 0.91]",True,0,0.9158625,0.9158625,0.88,True,0.735,True,False,"[""product_32"", ""product_32""]","[""structured"", ""unstructured""]","[""structured_row:TechNova Smartwatch Lite 32"", ""TechNova Smartwatch Lite 32 is manufactured by TechNova. The display measures 6.7 inches. Offers 256GB of internal storage. Battery lasts up to 8 hours. Targeted at the APAC market. Fast charging is no. Noise cancellation: no.""]",1,614,candidate
DEC029_NO_FEEDBACK,train_kb,conservative_noisy_or_conflict_adjusted,3,Zenbyte Tablet Lite 34,manufactured_by,Zenbyte,zenbyte tablet lite 34|manufactured_by|zenbyte,1,[0.98],True,0,0.735,0.735,0.88,False,0.735,False,False,"[""product_34""]","[""structured""]","[""structured_row:Zenbyte Tablet Lite 34""]",0,614,candidate
DEC029_NO_FEEDBACK,train_kb,conservative_noisy_or_conflict_adjusted,3,Zenbyte Tablet Lite 34,belongs_to_category,tablet,zenbyte tablet lite 34|belongs_to_category|tablet,1,[0.98],True,0,0.735,0.735,0.88,False,0.735,False,False,"[""product_34""]","[""structured""]","[""structured_row:Zenbyte Tablet Lite 34""]",0,614,candidate
DEC029_NO_FEEDBACK,train_kb,conservative_noisy_or_conflict_adjusted,3,Zenbyte Tablet Lite 34,has_price_usd,699,zenbyte tablet lite 34|has_price_usd|699,1,[0.98],True,0,0.735,0.735,0.88,False,0.735,False,False,"[""product_34""]","[""structured""]","[""structured_row:Zenbyte Tablet Lite 34""]",1,614,candidate
DEC029_NO_FEEDBACK,train_kb,conservative_noisy_or_conflict_adjusted,3,Zenbyte Tablet Lite 34,has_screen_size_inch,6.1,zenbyte tablet lite 34|has_screen_size_inch|6.1,1,[0.98],True,0,0.735,0.735,0.88,False,0.735,False,False,"[""product_34""]","[""structured""]","[""structured_row:Zenbyte Tablet Lite 34""]",1,614,candidate
DEC029_NO_FEEDBACK,train_kb,conservative_noisy_or_conflict_adjusted,3,Zenbyte Tablet Lite 34,has_ram_gb,16,zenbyte tablet lite 34|has_ram_gb|16,1,[0.98],True,0,0.735,0.735,0.88,False,0.735,False,False,"[""product_34""]","[""structured""]","[""structured_row:Zenbyte Tablet Lite 34""]",0,614,candidate
DEC029_NO_FEEDBACK,train_kb,conservative_noisy_or_conflict_adjusted,3,Zenbyte Tablet Lite 34,has_storage_gb,64,zenbyte tablet lite 34|has_storage_gb|64,1,[0.98],True,0,0.735,0.735,0.88,False,0.735,False,False,"[""product_34""]","[""structured""]","[""structured_row:Zenbyte Tablet Lite 34""]",1,614,candidate
DEC029_NO_FEEDBACK,train_kb,conservative_noisy_or_conflict_adjusted,3,Zenbyte Tablet Lite 34,has_battery_life_hours,12,zenbyte tablet lite 34|has_battery_life_hours|12,1,[0.98],True,0,0.735,0.735,0.88,False,0.735,False,False,"[""product_34""]","[""structured""]","[""structured_row:Zenbyte Tablet Lite 34""]",1,614,candidate
DEC029_NO_FEEDBACK,train_kb,conservative_noisy_or_conflict_adjusted,3,Zenbyte Tablet Lite 34,has_weight_kg,1.8,zenbyte tablet lite 34|has_weight_kg|1.8,1,[0.98],True,0,0.735,0.735,0.88,False,0.735,False,False,"[""product_34""]","[""structured""]","[""structured_row:Zenbyte Tablet Lite 34""]",1,614,candidate
DEC029_NO_FEEDBACK,train_kb,conservative_noisy_or_conflict_adjusted,3,Zenbyte Tablet Lite 34,has_color,green,zenbyte tablet lite 34|has_color|green,1,[0.98],False,0,0.735,0.735,0.88,False,0.735,False,False,"[""product_34""]","[""structured""]","[""structured_row:Zenbyte Tablet Lite 34""]",0,614,candidate
DEC029_NO_FEEDBACK,train_kb,conservative_noisy_or_conflict_adjusted,3,Zenbyte Tablet Lite 34,made_of_material,plastic,zenbyte tablet lite 34|made_of_material|plastic,1,[0.98],True,0,0.735,0.735,0.88,False,0.735,False,False,"[""product_34""]","[""structured""]","[""structured_row:Zenbyte Tablet Lite 34""]",1,614,candidate
DEC029_NO_FEEDBACK,train_kb,conservative_noisy_or_conflict_adjusted,3,Zenbyte Tablet Lite 34,target_market_region,Global,zenbyte tablet lite 34|target_market_region|global,1,[0.98],True,0,0.735,0.735,0.88,False,0.735,False,False,"[""product_34""]","[""structured""]","[""structured_row:Zenbyte Tablet Lite 34""]",1,614,candidate
DEC029_NO_FEEDBACK,train_kb,conservative_noisy_or_conflict_adjusted,3,Zenbyte Tablet Lite 34,supports_fast_charging,yes,zenbyte tablet lite 34|supports_fast_charging|yes,1,[0.98],True,0,0.735,0.735,0.88,False,0.735,False,False,"[""product_34""]","[""structured""]","[""structured_row:Zenbyte Tablet Lite 34""]",0,614,candidate
DEC029_NO_FEEDBACK,train_kb,conservative_noisy_or_conflict_adjusted,3,Zenbyte Tablet Lite 34,has_noise_cancellation,no,zenbyte tablet lite 34|has_noise_cancellation|no,1,[0.98],True,0,0.735,0.735,0.88,False,0.735,False,False,"[""product_34""]","[""structured""]","[""structured_row:Zenbyte Tablet Lite 34""]",0,614,candidate
DEC029_NO_FEEDBACK,train_kb,conservative_noisy_or_conflict_adjusted,3,TechNova Smartphone Pro 1,has_price_usd,699,technova smartphone pro 1|has_price_usd|699,1,[0.85],True,5,0.6375,0.10625,0.88,False,0.10625,False,False,"[""product_34""]","[""unstructured""]","[""Priced at 699 USD. The display measures 6.1 inches. Offers 64GB of internal storage. Battery lasts up to 12 hours. Weighs approximately 1.8kg. Built with plastic construction. Targeted at the Global market.""]",0,614,candidate
DEC029_NO_FEEDBACK,train_kb,conservative_noisy_or_conflict_adjusted,3,TechNova Smartphone Pro 1,has_storage_gb,64,technova smartphone pro 1|has_storage_gb|64,1,[0.88],True,2,0.66,0.22,0.88,False,0.22,False,False,"[""product_34""]","[""unstructured""]","[""Priced at 699 USD. The display measures 6.1 inches. Offers 64GB of internal storage. Battery lasts up to 12 hours. Weighs approximately 1.8kg. Built with plastic construction. Targeted at the Global market.""]",0,614,candidate
DEC029_NO_FEEDBACK,train_kb,conservative_noisy_or_conflict_adjusted,3,TechNova Smartphone Pro 1,has_battery_life_hours,12,technova smartphone pro 1|has_battery_life_hours|12,2,"[0.9, 0.94]",True,3,0.904125,0.22603125,0.88,False,0.301375,False,False,"[""product_34"", ""product_49""]","[""unstructured"", ""unstructured""]","[""Priced at 699 USD. The display measures 6.1 inches. Offers 64GB of internal storage. Battery lasts up to 12 hours. Weighs approximately 1.8kg. Built with plastic construction. Targeted at the Global market."", ""It is a smartphone device. Priced at 349 USD. Comes with 4GB of RAM. Battery lasts up to 12 hours. Weighs approximately 0.23kg. Targeted at the APAC market. Fast charging is yes.""]",0,614,candidate
DEC029_NO_FEEDBACK,train_kb,conservative_noisy_or_conflict_adjusted,3,TechNova Smartphone Pro 1,has_weight_kg,1.8,technova smartphone pro 1|has_weight_kg|1.8,1,[0.86],True,3,0.645,0.16125,0.88,False,0.16125,False,False,"[""product_34""]","[""unstructured""]","[""Priced at 699 USD. The display measures 6.1 inches. Offers 64GB of internal storage. Battery lasts up to 12 hours. Weighs approximately 1.8kg. Built with plastic construction. Targeted at the Global market.""]",0,614,candidate
DEC029_NO_FEEDBACK,train_kb,conservative_noisy_or_conflict_adjusted,3,TechNova Smartphone Pro 1,made_of_material,plastic,technova smartphone pro 1|made_of_material|plastic,4,"[0.94, 0.96, 0.91, 0.8]",True,2,0.9895098,0.3298366,0.88,False,0.3245915,False,False,"[""product_34"", ""product_36"", ""product_12"", ""product_36""]","[""unstructured"", ""unstructured"", ""unstructured"", ""unstructured""]","[""Priced at 699 USD. The display measures 6.1 inches. Offers 64GB of internal storage. Battery lasts up to 12 hours. Weighs approximately 1.8kg. Built with plastic construction. Targeted at the Global market."", ""Priced at 249 USD. The display measures 6.1 inches. Comes with 12GB of RAM. Weighs approximately 0.18kg. Built with plastic construction. Targeted at the US market. Noise cancellation: yes."", ""Priced at 199 USD. Comes with 6GB of RAM. Weighs approximately 0.23kg. Available in black. Built with plastic construction. Targeted at the EU market. Fast charging is yes."", ""Priced at 249 USD. The display measures 6.1 inches. Comes with 12GB of RAM. Weighs approximately 0.18kg. Built with plastic construction. Targeted at the US market. Noise cancellation: yes.""]",0,614,candidate
DEC029_NO_FEEDBACK,train_kb,conservative_noisy_or_conflict_adjusted,3,Auralex Headphones Air 36,manufactured_by,Auralex,auralex headphones air 36|manufactured_by|auralex,1,[0.98],True,0,0.735,0.735,0.88,False,0.735,False,False,"[""product_36""]","[""structured""]","[""structured_row:Auralex Headphones Air 36""]",0,614,candidate
DEC029_NO_FEEDBACK,train_kb,conservative_noisy_or_conflict_adjusted,3,Auralex Headphones Air 36,belongs_to_category,headphones,auralex headphones air 36|belongs_to_category|headphones,1,[0.98],True,0,0.735,0.735,0.88,False,0.735,False,False,"[""product_36""]","[""structured""]","[""structured_row:Auralex Headphones Air 36""]",0,614,candidate
DEC029_NO_FEEDBACK,train_kb,conservative_noisy_or_conflict_adjusted,3,Auralex Headphones Air 36,has_price_usd,249,auralex headphones air 36|has_price_usd|249,1,[0.98],True,0,0.735,0.735,0.88,False,0.735,False,False,"[""product_36""]","[""structured""]","[""structured_row:Auralex Headphones Air 36""]",1,614,candidate
DEC029_NO_FEEDBACK,train_kb,conservative_noisy_or_conflict_adjusted,3,Auralex Headphones Air 36,has_screen_size_inch,6.1,auralex headphones air 36|has_screen_size_inch|6.1,1,[0.98],True,0,0.735,0.735,0.88,False,0.735,False,False,"[""product_36""]","[""structured""]","[""structured_row:Auralex Headphones Air 36""]",1,614,candidate
DEC029_NO_FEEDBACK,train_kb,conservative_noisy_or_conflict_adjusted,3,Auralex Headphones Air 36,has_ram_gb,12,auralex headphones air 36|has_ram_gb|12,1,[0.98],True,0,0.735,0.735,0.88,False,0.735,False,False,"[""product_36""]","[""structured""]","[""structured_row:Auralex Headphones Air 36""]",1,614,candidate
DEC029_NO_FEEDBACK,train_kb,conservative_noisy_or_conflict_adjusted,3,Auralex Headphones Air 36,has_storage_gb,512,auralex headphones air 36|has_storage_gb|512,1,[0.98],True,0,0.735,0.735,0.88,False,0.735,False,False,"[""product_36""]","[""structured""]","[""structured_row:Auralex Headphones Air 36""]",0,614,candidate
DEC029_NO_FEEDBACK,train_kb,conservative_noisy_or_conflict_adjusted,3,Auralex Headphones Air 36,has_battery_life_hours,18,auralex headphones air 36|has_battery_life_hours|18,1,[0.98],True,0,0.735,0.735,0.88,False,0.735,False,False,"[""product_36""]","[""structured""]","[""structured_row:Auralex Headphones Air 36""]",0,614,candidate
DEC029_NO_FEEDBACK,train_kb,conservative_noisy_or_conflict_adjusted,3,Auralex Headphones Air 36,has_weight_kg,0.18,auralex headphones air 36|has_weight_kg|0.18,1,[0.98],True,0,0.735,0.735,0.88,False,0.735,False,False,"[""product_36""]","[""structured""]","[""structured_row:Auralex Headphones Air 36""]",1,614,candidate
DEC029_NO_FEEDBACK,train_kb,conservative_noisy_or_conflict_adjusted,3,Auralex Headphones Air 36,has_color,silver,auralex headphones air 36|has_color|silver,1,[0.98],False,0,0.735,0.735,0.88,False,0.735,False,False,"[""product_36""]","[""structured""]","[""structured_row:Auralex Headphones Air 36""]",0,614,candidate
DEC029_NO_FEEDBACK,train_kb,conservative_noisy_or_conflict_adjusted,3,Auralex Headphones Air 36,made_of_material,plastic,auralex headphones air 36|made_of_material|plastic,1,[0.98],True,0,0.735,0.735,0.88,False,0.735,False,False,"[""product_36""]","[""structured""]","[""structured_row:Auralex Headphones Air 36""]",1,614,candidate
DEC029_NO_FEEDBACK,train_kb,conservative_noisy_or_conflict_adjusted,3,Auralex Headphones Air 36,target_market_region,US,auralex headphones air 36|target_market_region|us,1,[0.98],True,0,0.735,0.735,0.88,False,0.735,False,False,"[""product_36""]","[""structured""]","[""structured_row:Auralex Headphones Air 36""]",1,614,candidate
DEC029_NO_FEEDBACK,train_kb,conservative_noisy_or_conflict_adjusted,3,Auralex Headphones Air 36,supports_fast_charging,yes,auralex headphones air 36|supports_fast_charging|yes,1,[0.98],True,0,0.735,0.735,0.88,False,0.735,False,False,"[""product_36""]","[""structured""]","[""structured_row:Auralex Headphones Air 36""]",0,614,candidate
DEC029_NO_FEEDBACK,train_kb,conservative_noisy_or_conflict_adjusted,3,Auralex Headphones Air 36,has_noise_cancellation,yes,auralex headphones air 36|has_noise_cancellation|yes,1,[0.98],True,0,0.735,0.735,0.88,False,0.735,False,False,"[""product_36""]","[""structured""]","[""structured_row:Auralex Headphones Air 36""]",1,614,candidate
DEC029_NO_FEEDBACK,train_kb,conservative_noisy_or_conflict_adjusted,3,TechNova Smartphone Pro 1,has_price_usd,249,technova smartphone pro 1|has_price_usd|249,3,"[0.92, 0.9, 0.8]",True,5,0.9597,0.15995,0.88,False,0.149875,False,False,"[""product_36"", ""product_36"", ""product_36""]","[""unstructured"", ""unstructured"", ""unstructured""]","[""Priced at 249 USD. The display measures 6.1 inches. Comes with 12GB of RAM. Weighs approximately 0.18kg. Built with plastic construction. Targeted at the US market. Noise cancellation: yes."", ""Priced at 249 USD. The display measures 6.1 inches. Comes with 12GB of RAM. Weighs approximately 0.18kg. Built with plastic construction. Targeted at the US market. Noise cancellation: yes."", ""Priced at 249 USD. The display measures 6.1 inches. Comes with 12GB of RAM. Weighs approximately 0.18kg. Built with plastic construction. Targeted at the US market. Noise cancellation: yes.""]",0,614,candidate
DEC029_NO_FEEDBACK,train_kb,conservative_noisy_or_conflict_adjusted,3,TechNova Smartphone Pro 1,has_ram_gb,12,technova smartphone pro 1|has_ram_gb|12,3,"[0.94, 0.9, 0.8]",True,4,0.96165,0.19233,0.88,False,0.18082499999999999,False,False,"[""product_36"", ""product_36"", ""product_36""]","[""unstructured"", ""unstructured"", ""unstructured""]","[""Priced at 249 USD. The display measures 6.1 inches. Comes with 12GB of RAM. Weighs approximately 0.18kg. Built with plastic construction. Targeted at the US market. Noise cancellation: yes."", ""Priced at 249 USD. The display measures 6.1 inches. Comes with 12GB of RAM. Weighs approximately 0.18kg. Built with plastic construction. Targeted at the US market. Noise cancellation: yes."", ""Priced at 249 USD. The display measures 6.1 inches. Comes with 12GB of RAM. Weighs approximately 0.18kg. Built with plastic construction. Targeted at the US market. Noise cancellation: yes.""]",0,614,candidate
DEC029_NO_FEEDBACK,train_kb,conservative_noisy_or_conflict_adjusted,3,VoltEdge Headphones Air 37,manufactured_by,VoltEdge,voltedge headphones air 37|manufactured_by|voltedge,4,"[0.98, 0.92, 0.8, 0.91]",True,0,0.9895669500000001,0.9895669500000001,0.88,True,0.96714,False,False,"[""product_37"", ""product_37"", ""product_37"", ""product_37""]","[""structured"", ""unstructured"", ""unstructured"", ""unstructured""]","[""structured_row:VoltEdge Headphones Air 37"", ""VoltEdge Headphones Air 37 is manufactured by VoltEdge. It is a headphones device. Battery lasts up to 10 hours. Weighs approximately 1.2kg. Built with carbon fiber construction. Targeted at the US market. Fast charging is no."", ""VoltEdge Headphones Air 37 is manufactured by VoltEdge. It is a headphones device. Battery lasts up to 10 hours. Weighs approximately 1.2kg. Built with carbon fiber construction. Targeted at the US market. Fast charging is no."", ""VoltEdge Headphones Air 37 is manufactured by VoltEdge. It is a headphones device. Battery lasts up to 10 hours. Weighs approximately 1.2kg. Built with carbon fiber construction. Targeted at the US market. Fast charging is no.""]",1,614,candidate
DEC029_NO_FEEDBACK,train_kb,conservative_noisy_or_conflict_adjusted,3,VoltEdge Headphones Air 37,belongs_to_category,headphones,voltedge headphones air 37|belongs_to_category|headphones,3,"[0.98, 0.85, 0.8]",True,0,0.961575,0.961575,0.88,True,0.961575,False,False,"[""product_37"", ""product_37"", ""product_37""]","[""structured"", ""unstructured"", ""unstructured""]","[""structured_row:VoltEdge Headphones Air 37"", ""VoltEdge Headphones Air 37 is manufactured by VoltEdge. It is a headphones device. Battery lasts up to 10 hours. Weighs approximately 1.2kg. Built with carbon fiber construction. Targeted at the US market. Fast charging is no."", ""VoltEdge Headphones Air 37 is manufactured by VoltEdge. It is a headphones device. Battery lasts up to 10 hours. Weighs approximately 1.2kg. Built with carbon fiber construction. Targeted at the US market. Fast charging is no.""]",1,614,candidate
DEC029_NO_FEEDBACK,train_kb,conservative_noisy_or_conflict_adjusted,3,VoltEdge Headphones Air 37,has_price_usd,1299,voltedge headphones air 37|has_price_usd|1299,1,[0.98],True,0,0.735,0.735,0.88,False,0.735,False,False,"[""product_37""]","[""structured""]","[""structured_row:VoltEdge Headphones Air 37""]",0,614,candidate
DEC029_NO_FEEDBACK,train_kb,conservative_noisy_or_conflict_adjusted,3,VoltEdge Headphones Air 37,has_screen_size_inch,6.1,voltedge headphones air 37|has_screen_size_inch|6.1,1,[0.98],True,0,0.735,0.735,0.88,False,0.735,False,False,"[""product_37""]","[""structured""]","[""structured_row:VoltEdge Headphones Air 37""]",0,614,candidate
DEC029_NO_FEEDBACK,train_kb,conservative_noisy_or_conflict_adjusted,3,VoltEdge Headphones Air 37,has_ram_gb,6,voltedge headphones air 37|has_ram_gb|6,1,[0.98],True,0,0.735,0.735,0.88,False,0.735,False,False,"[""product_37""]","[""structured""]","[""structured_row:VoltEdge Headphones Air 37""]",0,614,candidate
DEC029_NO_FEEDBACK,train_kb,conservative_noisy_or_conflict_adjusted,3,VoltEdge Headphones Air 37,has_storage_gb,128,voltedge headphones air 37|has_storage_gb|128,1,[0.98],True,0,0.735,0.735,0.88,False,0.735,False,False,"[""product_37""]","[""structured""]","[""structured_row:VoltEdge Headphones Air 37""]",0,614,candidate
DEC029_NO_FEEDBACK,train_kb,conservative_noisy_or_conflict_adjusted,3,VoltEdge Headphones Air 37,has_battery_life_hours,10,voltedge headphones air 37|has_battery_life_hours|10,4,"[0.98, 0.94, 0.8, 0.91]",True,0,0.990071775,0.990071775,0.88,True,0.96873,False,False,"[""product_37"", ""product_37"", ""product_37"", ""product_37""]","[""structured"", ""unstructured"", ""unstructured"", ""unstructured""]","[""structured_row:VoltEdge Headphones Air 37"", ""VoltEdge Headphones Air 37 is manufactured by VoltEdge. It is a headphones device. Battery lasts up to 10 hours. Weighs approximately 1.2kg. Built with carbon fiber construction. Targeted at the US market. Fast charging is no."", ""VoltEdge Headphones Air 37 is manufactured by VoltEdge. It is a headphones device. Battery lasts up to 10 hours. Weighs approximately 1.2kg. Built with carbon fiber construction. Targeted at the US market. Fast charging is no."", ""VoltEdge Headphones Air 37 is manufactured by VoltEdge. It is a headphones device. Battery lasts up to 10 hours. Weighs approximately 1.2kg. Built with carbon fiber construction. Targeted at the US market. Fast charging is no.""]",1,614,candidate
DEC029_NO_FEEDBACK,train_kb,conservative_noisy_or_conflict_adjusted,3,VoltEdge Headphones Air 37,has_weight_kg,1.2,voltedge headphones air 37|has_weight_kg|1.2,4,"[0.98, 0.93, 0.8, 0.91]",True,0,0.9898193625,0.9898193625,0.88,True,0.967935,False,False,"[""product_37"", ""product_37"", ""product_37"", ""product_37""]","[""structured"", ""unstructured"", ""unstructured"", ""unstructured""]","[""structured_row:VoltEdge Headphones Air 37"", ""VoltEdge Headphones Air 37 is manufactured by VoltEdge. It is a headphones device. Battery lasts up to 10 hours. Weighs approximately 1.2kg. Built with carbon fiber construction. Targeted at the US market. Fast charging is no."", ""VoltEdge Headphones Air 37 is manufactured by VoltEdge. It is a headphones device. Battery lasts up to 10 hours. Weighs approximately 1.2kg. Built with carbon fiber construction. Targeted at the US market. Fast charging is no."", ""VoltEdge Headphones Air 37 is manufactured by VoltEdge. It is a headphones device. Battery lasts up to 10 hours. Weighs approximately 1.2kg. Built with carbon fiber construction. Targeted at the US market. Fast charging is no.""]",1,614,candidate
DEC029_NO_FEEDBACK,train_kb,conservative_noisy_or_conflict_adjusted,3,VoltEdge Headphones Air 37,has_color,silver,voltedge headphones air 37|has_color|silver,1,[0.98],False,0,0.735,0.735,0.88,False,0.735,False,False,"[""product_37""]","[""structured""]","[""structured_row:VoltEdge Headphones Air 37""]",0,614,candidate
DEC029_NO_FEEDBACK,train_kb,conservative_noisy_or_conflict_adjusted,3,VoltEdge Headphones Air 37,made_of_material,carbon fiber,voltedge headphones air 37|made_of_material|carbon fiber,4,"[0.98, 0.9, 0.8, 0.91]",True,0,0.989062125,0.989062125,0.88,True,0.96555,False,False,"[""product_37"", ""product_37"", ""product_37"", ""product_37""]","[""structured"", ""unstructured"", ""unstructured"", ""unstructured""]","[""structured_row:VoltEdge Headphones Air 37"", ""VoltEdge Headphones Air 37 is manufactured by VoltEdge. It is a headphones device. Battery lasts up to 10 hours. Weighs approximately 1.2kg. Built with carbon fiber construction. Targeted at the US market. Fast charging is no."", ""VoltEdge Headphones Air 37 is manufactured by VoltEdge. It is a headphones device. Battery lasts up to 10 hours. Weighs approximately 1.2kg. Built with carbon fiber construction. Targeted at the US market. Fast charging is no."", ""VoltEdge Headphones Air 37 is manufactured by VoltEdge. It is a headphones device. Battery lasts up to 10 hours. Weighs approximately 1.2kg. Built with carbon fiber construction. Targeted at the US market. Fast charging is no.""]",1,614,candidate
DEC029_NO_FEEDBACK,train_kb,conservative_noisy_or_conflict_adjusted,3,VoltEdge Headphones Air 37,target_market_region,US,voltedge headphones air 37|target_market_region|us,4,"[0.98, 0.88, 0.8, 0.91]",True,0,0.9885573,0.9885573,0.88,True,0.96396,False,False,"[""product_37"", ""product_37"", ""product_37"", ""product_37""]","[""structured"", ""unstructured"", ""unstructured"", ""unstructured""]","[""structured_row:VoltEdge Headphones Air 37"", ""VoltEdge Headphones Air 37 is manufactured by VoltEdge. It is a headphones device. Battery lasts up to 10 hours. Weighs approximately 1.2kg. Built with carbon fiber construction. Targeted at the US market. Fast charging is no."", ""VoltEdge Headphones Air 37 is manufactured by VoltEdge. It is a headphones device. Battery lasts up to 10 hours. Weighs approximately 1.2kg. Built with carbon fiber construction. Targeted at the US market. Fast charging is no."", ""VoltEdge Headphones Air 37 is manufactured by VoltEdge. It is a headphones device. Battery lasts up to 10 hours. Weighs approximately 1.2kg. Built with carbon fiber construction. Targeted at the US market. Fast charging is no.""]",1,614,candidate
DEC029_NO_FEEDBACK,train_kb,conservative_noisy_or_conflict_adjusted,3,VoltEdge Headphones Air 37,supports_fast_charging,no,voltedge headphones air 37|supports_fast_charging|no,4,"[0.98, 0.86, 0.8, 0.91]",True,0,0.988052475,0.988052475,0.88,True,0.96237,False,False,"[""product_37"", ""product_37"", ""product_37"", ""product_37""]","[""structured"", ""unstructured"", ""unstructured"", ""unstructured""]","[""structured_row:VoltEdge Headphones Air 37"", ""VoltEdge Headphones Air 37 is manufactured by VoltEdge. It is a headphones device. Battery lasts up to 10 hours. Weighs approximately 1.2kg. Built with carbon fiber construction. Targeted at the US market. Fast charging is no."", ""VoltEdge Headphones Air 37 is manufactured by VoltEdge. It is a headphones device. Battery lasts up to 10 hours. Weighs approximately 1.2kg. Built with carbon fiber construction. Targeted at the US market. Fast charging is no."", ""VoltEdge Headphones Air 37 is manufactured by VoltEdge. It is a headphones device. Battery lasts up to 10 hours. Weighs approximately 1.2kg. Built with carbon fiber construction. Targeted at the US market. Fast charging is no.""]",1,614,candidate
DEC029_NO_FEEDBACK,train_kb,conservative_noisy_or_conflict_adjusted,3,VoltEdge Headphones Air 37,has_noise_cancellation,yes,voltedge headphones air 37|has_noise_cancellation|yes,1,[0.98],True,0,0.735,0.735,0.88,False,0.735,False,False,"[""product_37""]","[""structured""]","[""structured_row:VoltEdge Headphones Air 37""]",0,614,candidate
DEC029_NO_FEEDBACK,train_kb,conservative_noisy_or_conflict_adjusted,3,PixelWare Tablet Pro 39,manufactured_by,PixelWare,pixelware tablet pro 39|manufactured_by|pixelware,3,"[0.98, 0.95, 0.91]",True,0,0.97581046875,0.97581046875,0.88,True,0.9238124999999999,False,False,"[""product_39"", ""product_39"", ""product_39""]","[""structured"", ""unstructured"", ""unstructured""]","[""structured_row:PixelWare Tablet Pro 39"", ""PixelWare Tablet Pro 39 is manufactured by PixelWare. Priced at 299 USD. The display measures 10.9 inches. Offers 128GB of internal storage. Built with aluminum construction. Targeted at the EU market. Noise cancellation: no."", ""PixelWare Tablet Pro 39 is manufactured by PixelWare. Priced at 299 USD. The display measures 10.9 inches. Offers 128GB of internal storage. Built with aluminum construction. Targeted at the EU market. Noise cancellation: no.""]",1,614,candidate
DEC029_NO_FEEDBACK,train_kb,conservative_noisy_or_conflict_adjusted,3,PixelWare Tablet Pro 39,belongs_to_category,tablet,pixelware tablet pro 39|belongs_to_category|tablet,1,[0.98],True,0,0.735,0.735,0.88,False,0.735,False,False,"[""product_39""]","[""structured""]","[""structured_row:PixelWare Tablet Pro 39""]",0,614,candidate
DEC029_NO_FEEDBACK,train_kb,conservative_noisy_or_conflict_adjusted,3,PixelWare Tablet Pro 39,has_price_usd,299,pixelware tablet pro 39|has_price_usd|299,3,"[0.98, 0.92, 0.91]",True,0,0.973917375,0.973917375,0.88,True,0.91785,False,False,"[""product_39"", ""product_39"", ""product_39""]","[""structured"", ""unstructured"", ""unstructured""]","[""structured_row:PixelWare Tablet Pro 39"", ""PixelWare Tablet Pro 39 is manufactured by PixelWare. Priced at 299 USD. The display measures 10.9 inches. Offers 128GB of internal storage. Built with aluminum construction. Targeted at the EU market. Noise cancellation: no."", ""PixelWare Tablet Pro 39 is manufactured by PixelWare. Priced at 299 USD. The display measures 10.9 inches. Offers 128GB of internal storage. Built with aluminum construction. Targeted at the EU market. Noise cancellation: no.""]",1,614,candidate
DEC029_NO_FEEDBACK,train_kb,conservative_noisy_or_conflict_adjusted,3,PixelWare Tablet Pro 39,has_screen_size_inch,10.9,pixelware tablet pro 39|has_screen_size_inch|10.9,3,"[0.98, 0.93, 0.91]",True,0,0.97454840625,0.97454840625,0.88,True,0.9198375,False,False,"[""product_39"", ""product_39"", ""product_39""]","[""structured"", ""unstructured"", ""unstructured""]","[""structured_row:PixelWare Tablet Pro 39"", ""PixelWare Tablet Pro 39 is manufactured by PixelWare. Priced at 299 USD. The display measures 10.9 inches. Offers 128GB of internal storage. Built with aluminum construction. Targeted at the EU market. Noise cancellation: no."", ""PixelWare Tablet Pro 39 is manufactured by PixelWare. Priced at 299 USD. The display measures 10.9 inches. Offers 128GB of internal storage. Built with aluminum construction. Targeted at the EU market. Noise cancellation: no.""]",1,614,candidate
DEC029_NO_FEEDBACK,train_kb,conservative_noisy_or_conflict_adjusted,3,PixelWare Tablet Pro 39,has_ram_gb,16,pixelware tablet pro 39|has_ram_gb|16,1,[0.98],True,0,0.735,0.735,0.88,False,0.735,False,False,"[""product_39""]","[""structured""]","[""structured_row:PixelWare Tablet Pro 39""]",0,614,candidate
DEC029_NO_FEEDBACK,train_kb,conservative_noisy_or_conflict_adjusted,3,PixelWare Tablet Pro 39,has_storage_gb,128,pixelware tablet pro 39|has_storage_gb|128,3,"[0.98, 0.94, 0.91]",True,0,0.9751794375,0.9751794375,0.88,True,0.921825,False,False,"[""product_39"", ""product_39"", ""product_39""]","[""structured"", ""unstructured"", ""unstructured""]","[""structured_row:PixelWare Tablet Pro 39"", ""PixelWare Tablet Pro 39 is manufactured by PixelWare. Priced at 299 USD. The display measures 10.9 inches. Offers 128GB of internal storage. Built with aluminum construction. Targeted at the EU market. Noise cancellation: no."", ""PixelWare Tablet Pro 39 is manufactured by PixelWare. Priced at 299 USD. The display measures 10.9 inches. Offers 128GB of internal storage. Built with aluminum construction. Targeted at the EU market. Noise cancellation: no.""]",1,614,candidate
DEC029_NO_FEEDBACK,train_kb,conservative_noisy_or_conflict_adjusted,3,PixelWare Tablet Pro 39,has_battery_life_hours,24,pixelware tablet pro 39|has_battery_life_hours|24,1,[0.98],True,0,0.735,0.735,0.88,False,0.735,False,False,"[""product_39""]","[""structured""]","[""structured_row:PixelWare Tablet Pro 39""]",0,614,candidate
DEC029_NO_FEEDBACK,train_kb,conservative_noisy_or_conflict_adjusted,3,PixelWare Tablet Pro 39,has_weight_kg,0.42,pixelware tablet pro 39|has_weight_kg|0.42,1,[0.98],True,0,0.735,0.735,0.88,False,0.735,False,False,"[""product_39""]","[""structured""]","[""structured_row:PixelWare Tablet Pro 39""]",0,614,candidate
DEC029_NO_FEEDBACK,train_kb,conservative_noisy_or_conflict_adjusted,3,PixelWare Tablet Pro 39,has_color,white,pixelware tablet pro 39|has_color|white,1,[0.98],False,0,0.735,0.735,0.88,False,0.735,False,False,"[""product_39""]","[""structured""]","[""structured_row:PixelWare Tablet Pro 39""]",0,614,candidate
DEC029_NO_FEEDBACK,train_kb,conservative_noisy_or_conflict_adjusted,3,PixelWare Tablet Pro 39,made_of_material,aluminum,pixelware tablet pro 39|made_of_material|aluminum,3,"[0.98, 0.9, 0.91]",True,0,0.9726553125,0.9726553125,0.88,True,0.913875,False,False,"[""product_39"", ""product_39"", ""product_39""]","[""structured"", ""unstructured"", ""unstructured""]","[""structured_row:PixelWare Tablet Pro 39"", ""PixelWare Tablet Pro 39 is manufactured by PixelWare. Priced at 299 USD. The display measures 10.9 inches. Offers 128GB of internal storage. Built with aluminum construction. Targeted at the EU market. Noise cancellation: no."", ""PixelWare Tablet Pro 39 is manufactured by PixelWare. Priced at 299 USD. The display measures 10.9 inches. Offers 128GB of internal storage. Built with aluminum construction. Targeted at the EU market. Noise cancellation: no.""]",1,614,candidate
DEC029_NO_FEEDBACK,train_kb,conservative_noisy_or_conflict_adjusted,3,PixelWare Tablet Pro 39,target_market_region,EU,pixelware tablet pro 39|target_market_region|eu,3,"[0.98, 0.96, 0.91]",True,0,0.9764415,0.9764415,0.88,True,0.9258,False,False,"[""product_39"", ""product_39"", ""product_39""]","[""structured"", ""unstructured"", ""unstructured""]","[""structured_row:PixelWare Tablet Pro 39"", ""PixelWare Tablet Pro 39 is manufactured by PixelWare. Priced at 299 USD. The display measures 10.9 inches. Offers 128GB of internal storage. Built with aluminum construction. Targeted at the EU market. Noise cancellation: no."", ""PixelWare Tablet Pro 39 is manufactured by PixelWare. Priced at 299 USD. The display measures 10.9 inches. Offers 128GB of internal storage. Built with aluminum construction. Targeted at the EU market. Noise cancellation: no.""]",1,614,candidate
DEC029_NO_FEEDBACK,train_kb,conservative_noisy_or_conflict_adjusted,3,PixelWare Tablet Pro 39,supports_fast_charging,no,pixelware tablet pro 39|supports_fast_charging|no,1,[0.98],True,0,0.735,0.735,0.88,False,0.735,False,False,"[""product_39""]","[""structured""]","[""structured_row:PixelWare Tablet Pro 39""]",0,614,candidate
DEC029_NO_FEEDBACK,train_kb,conservative_noisy_or_conflict_adjusted,3,PixelWare Tablet Pro 39,has_noise_cancellation,no,pixelware tablet pro 39|has_noise_cancellation|no,3,"[0.98, 0.85, 0.91]",True,0,0.96950015625,0.96950015625,0.88,True,0.9039375,False,False,"[""product_39"", ""product_39"", ""product_39""]","[""structured"", ""unstructured"", ""unstructured""]","[""structured_row:PixelWare Tablet Pro 39"", ""PixelWare Tablet Pro 39 is manufactured by PixelWare. Priced at 299 USD. The display measures 10.9 inches. Offers 128GB of internal storage. Built with aluminum construction. Targeted at the EU market. Noise cancellation: no."", ""PixelWare Tablet Pro 39 is manufactured by PixelWare. Priced at 299 USD. The display measures 10.9 inches. Offers 128GB of internal storage. Built with aluminum construction. Targeted at the EU market. Noise cancellation: no.""]",1,614,candidate
DEC029_NO_FEEDBACK,train_kb,conservative_noisy_or_conflict_adjusted,3,Zenbyte Tablet Max 40,manufactured_by,Zenbyte,zenbyte tablet max 40|manufactured_by|zenbyte,3,"[0.98, 0.95, 0.91]",True,0,0.97581046875,0.97581046875,0.88,True,0.9238124999999999,False,False,"[""product_40"", ""product_40"", ""product_40""]","[""structured"", ""unstructured"", ""unstructured""]","[""structured_row:Zenbyte Tablet Max 40"", ""Zenbyte Tablet Max 40 is manufactured by Zenbyte. It is a tablet device. The display measures 14.0 inches. Comes with 6GB of RAM. Battery lasts up to 14 hours. Available in green. Fast charging is no."", ""Zenbyte Tablet Max 40 is manufactured by Zenbyte. It is a tablet device. The display measures 14.0 inches. Comes with 6GB of RAM. Battery lasts up to 14 hours. Available in green. Fast charging is no.""]",1,614,candidate
DEC029_NO_FEEDBACK,train_kb,conservative_noisy_or_conflict_adjusted,3,Zenbyte Tablet Max 40,belongs_to_category,tablet,zenbyte tablet max 40|belongs_to_category|tablet,1,[0.98],True,1,0.735,0.3675,0.88,False,0.3675,False,False,"[""product_40""]","[""structured""]","[""structured_row:Zenbyte Tablet Max 40""]",1,614,candidate
DEC029_NO_FEEDBACK,train_kb,conservative_noisy_or_conflict_adjusted,3,Zenbyte Tablet Max 40,has_price_usd,899,zenbyte tablet max 40|has_price_usd|899,1,[0.98],True,0,0.735,0.735,0.88,False,0.735,False,False,"[""product_40""]","[""structured""]","[""structured_row:Zenbyte Tablet Max 40""]",0,614,candidate
DEC029_NO_FEEDBACK,train_kb,conservative_noisy_or_conflict_adjusted,3,Zenbyte Tablet Max 40,has_screen_size_inch,14.0,zenbyte tablet max 40|has_screen_size_inch|14.0,3,"[0.98, 0.9, 0.91]",True,0,0.9726553125,0.9726553125,0.88,True,0.913875,False,False,"[""product_40"", ""product_40"", ""product_40""]","[""structured"", ""unstructured"", ""unstructured""]","[""structured_row:Zenbyte Tablet Max 40"", ""Zenbyte Tablet Max 40 is manufactured by Zenbyte. It is a tablet device. The display measures 14.0 inches. Comes with 6GB of RAM. Battery lasts up to 14 hours. Available in green. Fast charging is no."", ""Zenbyte Tablet Max 40 is manufactured by Zenbyte. It is a tablet device. The display measures 14.0 inches. Comes with 6GB of RAM. Battery lasts up to 14 hours. Available in green. Fast charging is no.""]",1,614,candidate
DEC029_NO_FEEDBACK,train_kb,conservative_noisy_or_conflict_adjusted,3,Zenbyte Tablet Max 40,has_ram_gb,6,zenbyte tablet max 40|has_ram_gb|6,2,"[0.98, 0.88]",True,1,0.9099,0.45495,0.88,False,0.9099,False,True,"[""product_40"", ""product_40""]","[""structured"", ""unstructured""]","[""structured_row:Zenbyte Tablet Max 40"", ""Zenbyte Tablet Max 40 is manufactured by Zenbyte. It is a tablet device. The display measures 14.0 inches. Comes with 6GB of RAM. Battery lasts up to 14 hours. Available in green. Fast charging is no.""]",1,614,candidate
DEC029_NO_FEEDBACK,train_kb,conservative_noisy_or_conflict_adjusted,3,Zenbyte Tablet Max 40,has_storage_gb,512,zenbyte tablet max 40|has_storage_gb|512,1,[0.98],True,0,0.735,0.735,0.88,False,0.735,False,False,"[""product_40""]","[""structured""]","[""structured_row:Zenbyte Tablet Max 40""]",0,614,candidate
DEC029_NO_FEEDBACK,train_kb,conservative_noisy_or_conflict_adjusted,3,Zenbyte Tablet Max 40,has_battery_life_hours,14,zenbyte tablet max 40|has_battery_life_hours|14,3,"[0.98, 0.85, 0.91]",True,0,0.96950015625,0.96950015625,0.88,True,0.9039375,False,False,"[""product_40"", ""product_40"", ""product_40""]","[""structured"", ""unstructured"", ""unstructured""]","[""structured_row:Zenbyte Tablet Max 40"", ""Zenbyte Tablet Max 40 is manufactured by Zenbyte. It is a tablet device. The display measures 14.0 inches. Comes with 6GB of RAM. Battery lasts up to 14 hours. Available in green. Fast charging is no."", ""Zenbyte Tablet Max 40 is manufactured by Zenbyte. It is a tablet device. The display measures 14.0 inches. Comes with 6GB of RAM. Battery lasts up to 14 hours. Available in green. Fast charging is no.""]",1,614,candidate
DEC029_NO_FEEDBACK,train_kb,conservative_noisy_or_conflict_adjusted,3,Zenbyte Tablet Max 40,has_weight_kg,1.2,zenbyte tablet max 40|has_weight_kg|1.2,1,[0.98],True,0,0.735,0.735,0.88,False,0.735,False,False,"[""product_40""]","[""structured""]","[""structured_row:Zenbyte Tablet Max 40""]",0,614,candidate
DEC029_NO_FEEDBACK,train_kb,conservative_noisy_or_conflict_adjusted,3,Zenbyte Tablet Max 40,has_color,green,zenbyte tablet max 40|has_color|green,3,"[0.98, 0.81, 0.91]",False,0,0.96697603125,0.96697603125,0.88,True,0.8959875,False,False,"[""product_40"", ""product_40"", ""product_40""]","[""structured"", ""unstructured"", ""unstructured""]","[""structured_row:Zenbyte Tablet Max 40"", ""Zenbyte Tablet Max 40 is manufactured by Zenbyte. It is a tablet device. The display measures 14.0 inches. Comes with 6GB of RAM. Battery lasts up to 14 hours. Available in green. Fast charging is no."", ""Zenbyte Tablet Max 40 is manufactured by Zenbyte. It is a tablet device. The display measures 14.0 inches. Comes with 6GB of RAM. Battery lasts up to 14 hours. Available in green. Fast charging is no.""]",1,614,candidate
DEC029_NO_FEEDBACK,train_kb,conservative_noisy_or_conflict_adjusted,3,Zenbyte Tablet Max 40,made_of_material,plastic,zenbyte tablet max 40|made_of_material|plastic,1,[0.98],True,0,0.735,0.735,0.88,False,0.735,False,False,"[""product_40""]","[""structured""]","[""structured_row:Zenbyte Tablet Max 40""]",0,614,candidate
DEC029_NO_FEEDBACK,train_kb,conservative_noisy_or_conflict_adjusted,3,Zenbyte Tablet Max 40,target_market_region,Global,zenbyte tablet max 40|target_market_region|global,1,[0.98],True,0,0.735,0.735,0.88,False,0.735,False,False,"[""product_40""]","[""structured""]","[""structured_row:Zenbyte Tablet Max 40""]",0,614,candidate
DEC029_NO_FEEDBACK,train_kb,conservative_noisy_or_conflict_adjusted,3,Zenbyte Tablet Max 40,supports_fast_charging,no,zenbyte tablet max 40|supports_fast_charging|no,2,"[0.98, 0.91]",True,0,0.9158625,0.9158625,0.88,True,0.735,True,False,"[""product_40"", ""product_40""]","[""structured"", ""unstructured""]","[""structured_row:Zenbyte Tablet Max 40"", ""Zenbyte Tablet Max 40 is manufactured by Zenbyte. It is a tablet device. The display measures 14.0 inches. Comes with 6GB of RAM. Battery lasts up to 14 hours. Available in green. Fast charging is no.""]",1,614,candidate
DEC029_NO_FEEDBACK,train_kb,conservative_noisy_or_conflict_adjusted,3,Zenbyte Tablet Max 40,has_noise_cancellation,no,zenbyte tablet max 40|has_noise_cancellation|no,1,[0.98],True,0,0.735,0.735,0.88,False,0.735,False,False,"[""product_40""]","[""structured""]","[""structured_row:Zenbyte Tablet Max 40""]",0,614,candidate
DEC029_NO_FEEDBACK,train_kb,conservative_noisy_or_conflict_adjusted,3,Zenbyte Tablet Max 40,belongs_to_category,tablet device,zenbyte tablet max 40|belongs_to_category|tablet device,1,[0.92],True,1,0.6900000000000001,0.34500000000000003,0.88,False,0.34500000000000003,False,False,"[""product_40""]","[""unstructured""]","[""Zenbyte Tablet Max 40 is manufactured by Zenbyte. It is a tablet device. The display measures 14.0 inches. Comes with 6GB of RAM. Battery lasts up to 14 hours. Available in green. Fast charging is no.""]",0,614,candidate
DEC029_NO_FEEDBACK,train_kb,conservative_noisy_or_conflict_adjusted,3,PixelWare Tablet Pro 41,manufactured_by,PixelWare,pixelware tablet pro 41|manufactured_by|pixelware,1,[0.98],True,0,0.735,0.735,0.88,False,0.735,False,False,"[""product_41""]","[""structured""]","[""structured_row:PixelWare Tablet Pro 41""]",0,614,candidate
DEC029_NO_FEEDBACK,train_kb,conservative_noisy_or_conflict_adjusted,3,PixelWare Tablet Pro 41,belongs_to_category,tablet,pixelware tablet pro 41|belongs_to_category|tablet,1,[0.98],True,0,0.735,0.735,0.88,False,0.735,False,False,"[""product_41""]","[""structured""]","[""structured_row:PixelWare Tablet Pro 41""]",1,614,candidate
DEC029_NO_FEEDBACK,train_kb,conservative_noisy_or_conflict_adjusted,3,PixelWare Tablet Pro 41,has_price_usd,299,pixelware tablet pro 41|has_price_usd|299,1,[0.98],True,0,0.735,0.735,0.88,False,0.735,False,False,"[""product_41""]","[""structured""]","[""structured_row:PixelWare Tablet Pro 41""]",0,614,candidate
DEC029_NO_FEEDBACK,train_kb,conservative_noisy_or_conflict_adjusted,3,PixelWare Tablet Pro 41,has_screen_size_inch,6.7,pixelware tablet pro 41|has_screen_size_inch|6.7,1,[0.98],True,0,0.735,0.735,0.88,False,0.735,False,False,"[""product_41""]","[""structured""]","[""structured_row:PixelWare Tablet Pro 41""]",1,614,candidate
DEC029_NO_FEEDBACK,train_kb,conservative_noisy_or_conflict_adjusted,3,PixelWare Tablet Pro 41,has_ram_gb,16,pixelware tablet pro 41|has_ram_gb|16,1,[0.98],True,0,0.735,0.735,0.88,False,0.735,False,False,"[""product_41""]","[""structured""]","[""structured_row:PixelWare Tablet Pro 41""]",0,614,candidate
DEC029_NO_FEEDBACK,train_kb,conservative_noisy_or_conflict_adjusted,3,PixelWare Tablet Pro 41,has_storage_gb,256,pixelware tablet pro 41|has_storage_gb|256,1,[0.98],True,0,0.735,0.735,0.88,False,0.735,False,False,"[""product_41""]","[""structured""]","[""structured_row:PixelWare Tablet Pro 41""]",0,614,candidate
DEC029_NO_FEEDBACK,train_kb,conservative_noisy_or_conflict_adjusted,3,PixelWare Tablet Pro 41,has_battery_life_hours,10,pixelware tablet pro 41|has_battery_life_hours|10,1,[0.98],True,0,0.735,0.735,0.88,False,0.735,False,False,"[""product_41""]","[""structured""]","[""structured_row:PixelWare Tablet Pro 41""]",1,614,candidate
DEC029_NO_FEEDBACK,train_kb,conservative_noisy_or_conflict_adjusted,3,PixelWare Tablet Pro 41,has_weight_kg,0.18,pixelware tablet pro 41|has_weight_kg|0.18,1,[0.98],True,0,0.735,0.735,0.88,False,0.735,False,False,"[""product_41""]","[""structured""]","[""structured_row:PixelWare Tablet Pro 41""]",0,614,candidate
DEC029_NO_FEEDBACK,train_kb,conservative_noisy_or_conflict_adjusted,3,PixelWare Tablet Pro 41,has_color,green,pixelware tablet pro 41|has_color|green,1,[0.98],False,0,0.735,0.735,0.88,False,0.735,False,False,"[""product_41""]","[""structured""]","[""structured_row:PixelWare Tablet Pro 41""]",1,614,candidate
DEC029_NO_FEEDBACK,train_kb,conservative_noisy_or_conflict_adjusted,3,PixelWare Tablet Pro 41,made_of_material,aluminum,pixelware tablet pro 41|made_of_material|aluminum,1,[0.98],True,0,0.735,0.735,0.88,False,0.735,False,False,"[""product_41""]","[""structured""]","[""structured_row:PixelWare Tablet Pro 41""]",1,614,candidate
DEC029_NO_FEEDBACK,train_kb,conservative_noisy_or_conflict_adjusted,3,PixelWare Tablet Pro 41,target_market_region,Global,pixelware tablet pro 41|target_market_region|global,1,[0.98],True,0,0.735,0.735,0.88,False,0.735,False,False,"[""product_41""]","[""structured""]","[""structured_row:PixelWare Tablet Pro 41""]",0,614,candidate
DEC029_NO_FEEDBACK,train_kb,conservative_noisy_or_conflict_adjusted,3,PixelWare Tablet Pro 41,supports_fast_charging,no,pixelware tablet pro 41|supports_fast_charging|no,1,[0.98],True,0,0.735,0.735,0.88,False,0.735,False,False,"[""product_41""]","[""structured""]","[""structured_row:PixelWare Tablet Pro 41""]",1,614,candidate
DEC029_NO_FEEDBACK,train_kb,conservative_noisy_or_conflict_adjusted,3,PixelWare Tablet Pro 41,has_noise_cancellation,no,pixelware tablet pro 41|has_noise_cancellation|no,1,[0.98],True,0,0.735,0.735,0.88,False,0.735,False,False,"[""product_41""]","[""structured""]","[""structured_row:PixelWare Tablet Pro 41""]",1,614,candidate
DEC029_NO_FEEDBACK,train_kb,conservative_noisy_or_conflict_adjusted,3,tablet device,has_screen_size_inch,6.7,tablet device|has_screen_size_inch|6.7,1,[0.85],True,0,0.6375,0.6375,0.88,False,0.6375,False,False,"[""product_41""]","[""unstructured""]","[""It is a tablet device. The display measures 6.7 inches. Battery lasts up to 10 hours. Available in green. Built with aluminum construction. Fast charging is no. Noise cancellation: no.""]",0,614,candidate
DEC029_NO_FEEDBACK,train_kb,conservative_noisy_or_conflict_adjusted,3,tablet device,has_battery_life_hours,10,tablet device|has_battery_life_hours|10,1,[0.92],True,0,0.6900000000000001,0.6900000000000001,0.88,False,0.6900000000000001,False,False,"[""product_41""]","[""unstructured""]","[""It is a tablet device. The display measures 6.7 inches. Battery lasts up to 10 hours. Available in green. Built with aluminum construction. Fast charging is no. Noise cancellation: no.""]",0,614,candidate
DEC029_NO_FEEDBACK,train_kb,conservative_noisy_or_conflict_adjusted,3,tablet device,has_color,green,tablet device|has_color|green,1,[0.88],False,0,0.66,0.66,0.88,False,0.66,False,False,"[""product_41""]","[""unstructured""]","[""It is a tablet device. The display measures 6.7 inches. Battery lasts up to 10 hours. Available in green. Built with aluminum construction. Fast charging is no. Noise cancellation: no.""]",0,614,candidate
DEC029_NO_FEEDBACK,train_kb,conservative_noisy_or_conflict_adjusted,3,tablet device,made_of_material,aluminum,tablet device|made_of_material|aluminum,1,[0.9],True,0,0.675,0.675,0.88,False,0.675,False,False,"[""product_41""]","[""unstructured""]","[""It is a tablet device. The display measures 6.7 inches. Battery lasts up to 10 hours. Available in green. Built with aluminum construction. Fast charging is no. Noise cancellation: no.""]",0,614,candidate
DEC029_NO_FEEDBACK,train_kb,conservative_noisy_or_conflict_adjusted,3,tablet device,supports_fast_charging,no,tablet device|supports_fast_charging|no,1,[0.84],True,0,0.63,0.63,0.88,False,0.63,False,False,"[""product_41""]","[""unstructured""]","[""It is a tablet device. The display measures 6.7 inches. Battery lasts up to 10 hours. Available in green. Built with aluminum construction. Fast charging is no. Noise cancellation: no.""]",0,614,candidate
DEC029_NO_FEEDBACK,train_kb,conservative_noisy_or_conflict_adjusted,3,tablet device,has_noise_cancellation,no,tablet device|has_noise_cancellation|no,1,[0.89],True,0,0.6675,0.6675,0.88,False,0.6675,False,False,"[""product_41""]","[""unstructured""]","[""It is a tablet device. The display measures 6.7 inches. Battery lasts up to 10 hours. Available in green. Built with aluminum construction. Fast charging is no. Noise cancellation: no.""]",0,614,candidate
DEC029_NO_FEEDBACK,train_kb,conservative_noisy_or_conflict_adjusted,3,TechNova Headphones Plus 43,manufactured_by,TechNova,technova headphones plus 43|manufactured_by|technova,1,[0.98],True,0,0.735,0.735,0.88,False,0.735,False,False,"[""product_43""]","[""structured""]","[""structured_row:TechNova Headphones Plus 43""]",0,614,candidate
DEC029_NO_FEEDBACK,train_kb,conservative_noisy_or_conflict_adjusted,3,TechNova Headphones Plus 43,belongs_to_category,headphones,technova headphones plus 43|belongs_to_category|headphones,1,[0.98],True,0,0.735,0.735,0.88,False,0.735,False,False,"[""product_43""]","[""structured""]","[""structured_row:TechNova Headphones Plus 43""]",1,614,candidate
DEC029_NO_FEEDBACK,train_kb,conservative_noisy_or_conflict_adjusted,3,TechNova Headphones Plus 43,has_price_usd,699,technova headphones plus 43|has_price_usd|699,1,[0.98],True,0,0.735,0.735,0.88,False,0.735,False,False,"[""product_43""]","[""structured""]","[""structured_row:TechNova Headphones Plus 43""]",0,614,candidate
DEC029_NO_FEEDBACK,train_kb,conservative_noisy_or_conflict_adjusted,3,TechNova Headphones Plus 43,has_screen_size_inch,13.3,technova headphones plus 43|has_screen_size_inch|13.3,1,[0.98],True,0,0.735,0.735,0.88,False,0.735,False,False,"[""product_43""]","[""structured""]","[""structured_row:TechNova Headphones Plus 43""]",1,614,candidate
DEC029_NO_FEEDBACK,train_kb,conservative_noisy_or_conflict_adjusted,3,TechNova Headphones Plus 43,has_ram_gb,8,technova headphones plus 43|has_ram_gb|8,1,[0.98],True,0,0.735,0.735,0.88,False,0.735,False,False,"[""product_43""]","[""structured""]","[""structured_row:TechNova Headphones Plus 43""]",0,614,candidate
DEC029_NO_FEEDBACK,train_kb,conservative_noisy_or_conflict_adjusted,3,TechNova Headphones Plus 43,has_storage_gb,1024,technova headphones plus 43|has_storage_gb|1024,1,[0.98],True,0,0.735,0.735,0.88,False,0.735,False,False,"[""product_43""]","[""structured""]","[""structured_row:TechNova Headphones Plus 43""]",1,614,candidate
DEC029_NO_FEEDBACK,train_kb,conservative_noisy_or_conflict_adjusted,3,TechNova Headphones Plus 43,has_battery_life_hours,18,technova headphones plus 43|has_battery_life_hours|18,1,[0.98],True,0,0.735,0.735,0.88,False,0.735,False,False,"[""product_43""]","[""structured""]","[""structured_row:TechNova Headphones Plus 43""]",1,614,candidate
DEC029_NO_FEEDBACK,train_kb,conservative_noisy_or_conflict_adjusted,3,TechNova Headphones Plus 43,has_weight_kg,0.23,technova headphones plus 43|has_weight_kg|0.23,1,[0.98],True,0,0.735,0.735,0.88,False,0.735,False,False,"[""product_43""]","[""structured""]","[""structured_row:TechNova Headphones Plus 43""]",1,614,candidate
DEC029_NO_FEEDBACK,train_kb,conservative_noisy_or_conflict_adjusted,3,TechNova Headphones Plus 43,has_color,black,technova headphones plus 43|has_color|black,1,[0.98],False,0,0.735,0.735,0.88,False,0.735,False,False,"[""product_43""]","[""structured""]","[""structured_row:TechNova Headphones Plus 43""]",1,614,candidate
DEC029_NO_FEEDBACK,train_kb,conservative_noisy_or_conflict_adjusted,3,TechNova Headphones Plus 43,made_of_material,carbon fiber,technova headphones plus 43|made_of_material|carbon fiber,1,[0.98],True,0,0.735,0.735,0.88,False,0.735,False,False,"[""product_43""]","[""structured""]","[""structured_row:TechNova Headphones Plus 43""]",0,614,candidate
DEC029_NO_FEEDBACK,train_kb,conservative_noisy_or_conflict_adjusted,3,TechNova Headphones Plus 43,target_market_region,APAC,technova headphones plus 43|target_market_region|apac,1,[0.98],True,0,0.735,0.735,0.88,False,0.735,False,False,"[""product_43""]","[""structured""]","[""structured_row:TechNova Headphones Plus 43""]",0,614,candidate
DEC029_NO_FEEDBACK,train_kb,conservative_noisy_or_conflict_adjusted,3,TechNova Headphones Plus 43,supports_fast_charging,yes,technova headphones plus 43|supports_fast_charging|yes,1,[0.98],True,0,0.735,0.735,0.88,False,0.735,False,False,"[""product_43""]","[""structured""]","[""structured_row:TechNova Headphones Plus 43""]",1,614,candidate
DEC029_NO_FEEDBACK,train_kb,conservative_noisy_or_conflict_adjusted,3,TechNova Headphones Plus 43,has_noise_cancellation,no,technova headphones plus 43|has_noise_cancellation|no,1,[0.98],True,0,0.735,0.735,0.88,False,0.735,False,False,"[""product_43""]","[""structured""]","[""structured_row:TechNova Headphones Plus 43""]",0,614,candidate
DEC029_NO_FEEDBACK,train_kb,conservative_noisy_or_conflict_adjusted,3,Auralex Headphones Plus 44,manufactured_by,Auralex,auralex headphones plus 44|manufactured_by|auralex,1,[0.98],True,0,0.735,0.735,0.88,False,0.735,False,False,"[""product_44""]","[""structured""]","[""structured_row:Auralex Headphones Plus 44""]",0,614,candidate
DEC029_NO_FEEDBACK,train_kb,conservative_noisy_or_conflict_adjusted,3,Auralex Headphones Plus 44,belongs_to_category,headphones,auralex headphones plus 44|belongs_to_category|headphones,1,[0.98],True,0,0.735,0.735,0.88,False,0.735,False,False,"[""product_44""]","[""structured""]","[""structured_row:Auralex Headphones Plus 44""]",1,614,candidate
DEC029_NO_FEEDBACK,train_kb,conservative_noisy_or_conflict_adjusted,3,Auralex Headphones Plus 44,has_price_usd,349,auralex headphones plus 44|has_price_usd|349,1,[0.98],True,0,0.735,0.735,0.88,False,0.735,False,False,"[""product_44""]","[""structured""]","[""structured_row:Auralex Headphones Plus 44""]",1,614,candidate
DEC029_NO_FEEDBACK,train_kb,conservative_noisy_or_conflict_adjusted,3,Auralex Headphones Plus 44,has_screen_size_inch,11.0,auralex headphones plus 44|has_screen_size_inch|11.0,1,[0.98],True,0,0.735,0.735,0.88,False,0.735,False,False,"[""product_44""]","[""structured""]","[""structured_row:Auralex Headphones Plus 44""]",1,614,candidate
DEC029_NO_FEEDBACK,train_kb,conservative_noisy_or_conflict_adjusted,3,Auralex Headphones Plus 44,has_ram_gb,16,auralex headphones plus 44|has_ram_gb|16,1,[0.98],True,0,0.735,0.735,0.88,False,0.735,False,False,"[""product_44""]","[""structured""]","[""structured_row:Auralex Headphones Plus 44""]",1,614,candidate
DEC029_NO_FEEDBACK,train_kb,conservative_noisy_or_conflict_adjusted,3,Auralex Headphones Plus 44,has_storage_gb,128,auralex headphones plus 44|has_storage_gb|128,1,[0.98],True,0,0.735,0.735,0.88,False,0.735,False,False,"[""product_44""]","[""structured""]","[""structured_row:Auralex Headphones Plus 44""]",0,614,candidate
DEC029_NO_FEEDBACK,train_kb,conservative_noisy_or_conflict_adjusted,3,Auralex Headphones Plus 44,has_battery_life_hours,8,auralex headphones plus 44|has_battery_life_hours|8,1,[0.98],True,0,0.735,0.735,0.88,False,0.735,False,False,"[""product_44""]","[""structured""]","[""structured_row:Auralex Headphones Plus 44""]",1,614,candidate
DEC029_NO_FEEDBACK,train_kb,conservative_noisy_or_conflict_adjusted,3,Auralex Headphones Plus 44,has_weight_kg,0.18,auralex headphones plus 44|has_weight_kg|0.18,1,[0.98],True,0,0.735,0.735,0.88,False,0.735,False,False,"[""product_44""]","[""structured""]","[""structured_row:Auralex Headphones Plus 44""]",0,614,candidate
DEC029_NO_FEEDBACK,train_kb,conservative_noisy_or_conflict_adjusted,3,Auralex Headphones Plus 44,has_color,black,auralex headphones plus 44|has_color|black,1,[0.98],False,0,0.735,0.735,0.88,False,0.735,False,False,"[""product_44""]","[""structured""]","[""structured_row:Auralex Headphones Plus 44""]",0,614,candidate
DEC029_NO_FEEDBACK,train_kb,conservative_noisy_or_conflict_adjusted,3,Auralex Headphones Plus 44,made_of_material,carbon fiber,auralex headphones plus 44|made_of_material|carbon fiber,1,[0.98],True,0,0.735,0.735,0.88,False,0.735,False,False,"[""product_44""]","[""structured""]","[""structured_row:Auralex Headphones Plus 44""]",0,614,candidate
DEC029_NO_FEEDBACK,train_kb,conservative_noisy_or_conflict_adjusted,3,Auralex Headphones Plus 44,target_market_region,APAC,auralex headphones plus 44|target_market_region|apac,1,[0.98],True,0,0.735,0.735,0.88,False,0.735,False,False,"[""product_44""]","[""structured""]","[""structured_row:Auralex Headphones Plus 44""]",1,614,candidate
DEC029_NO_FEEDBACK,train_kb,conservative_noisy_or_conflict_adjusted,3,Auralex Headphones Plus 44,supports_fast_charging,yes,auralex headphones plus 44|supports_fast_charging|yes,1,[0.98],True,0,0.735,0.735,0.88,False,0.735,False,False,"[""product_44""]","[""structured""]","[""structured_row:Auralex Headphones Plus 44""]",1,614,candidate
DEC029_NO_FEEDBACK,train_kb,conservative_noisy_or_conflict_adjusted,3,Auralex Headphones Plus 44,has_noise_cancellation,no,auralex headphones plus 44|has_noise_cancellation|no,1,[0.98],True,0,0.735,0.735,0.88,False,0.735,False,False,"[""product_44""]","[""structured""]","[""structured_row:Auralex Headphones Plus 44""]",0,614,candidate
DEC029_NO_FEEDBACK,train_kb,conservative_noisy_or_conflict_adjusted,3,headphones device,has_price_usd,349,headphones device|has_price_usd|349,3,"[0.85, 0.9, 0.91]",True,1,0.9625945312499999,0.48129726562499997,0.88,False,0.8821875,False,True,"[""product_44"", ""product_44"", ""product_44""]","[""unstructured"", ""unstructured"", ""unstructured""]","[""It is a headphones device. Priced at 349 USD. The display measures 11.0 inches. Comes with 16GB of RAM. Battery lasts up to 8 hours. Targeted at the APAC market. Fast charging is yes."", ""It is a headphones device. Priced at 349 USD. The display measures 11.0 inches. Comes with 16GB of RAM. Battery lasts up to 8 hours. Targeted at the APAC market. Fast charging is yes."", ""It is a headphones device. Priced at 349 USD. The display measures 11.0 inches. Comes with 16GB of RAM. Battery lasts up to 8 hours. Targeted at the APAC market. Fast charging is yes.""]",0,614,candidate
DEC029_NO_FEEDBACK,train_kb,conservative_noisy_or_conflict_adjusted,3,headphones device,has_screen_size_inch,11.0,headphones device|has_screen_size_inch|11.0,3,"[0.92, 0.9, 0.91]",True,3,0.968011875,0.24200296875,0.88,False,0.29975,False,False,"[""product_44"", ""product_44"", ""product_44""]","[""unstructured"", ""unstructured"", ""unstructured""]","[""It is a headphones device. Priced at 349 USD. The display measures 11.0 inches. Comes with 16GB of RAM. Battery lasts up to 8 hours. Targeted at the APAC market. Fast charging is yes."", ""It is a headphones device. Priced at 349 USD. The display measures 11.0 inches. Comes with 16GB of RAM. Battery lasts up to 8 hours. Targeted at the APAC market. Fast charging is yes."", ""It is a headphones device. Priced at 349 USD. The display measures 11.0 inches. Comes with 16GB of RAM. Battery lasts up to 8 hours. Targeted at the APAC market. Fast charging is yes.""]",0,614,candidate
DEC029_NO_FEEDBACK,train_kb,conservative_noisy_or_conflict_adjusted,3,headphones device,has_ram_gb,16,headphones device|has_ram_gb|16,3,"[0.88, 0.9, 0.91]",True,0,0.96491625,0.96491625,0.88,True,0.8895000000000001,False,False,"[""product_44"", ""product_44"", ""product_44""]","[""unstructured"", ""unstructured"", ""unstructured""]","[""It is a headphones device. Priced at 349 USD. The display measures 11.0 inches. Comes with 16GB of RAM. Battery lasts up to 8 hours. Targeted at the APAC market. Fast charging is yes."", ""It is a headphones device. Priced at 349 USD. The display measures 11.0 inches. Comes with 16GB of RAM. Battery lasts up to 8 hours. Targeted at the APAC market. Fast charging is yes."", ""It is a headphones device. Priced at 349 USD. The display measures 11.0 inches. Comes with 16GB of RAM. Battery lasts up to 8 hours. Targeted at the APAC market. Fast charging is yes.""]",0,614,candidate
DEC029_NO_FEEDBACK,train_kb,conservative_noisy_or_conflict_adjusted,3,headphones device,has_battery_life_hours,8,headphones device|has_battery_life_hours|8,3,"[0.9, 0.9, 0.91]",True,2,0.9664640625,0.32215468750000004,0.88,False,0.4471875,False,False,"[""product_44"", ""product_44"", ""product_44""]","[""unstructured"", ""unstructured"", ""unstructured""]","[""It is a headphones device. Priced at 349 USD. The display measures 11.0 inches. Comes with 16GB of RAM. Battery lasts up to 8 hours. Targeted at the APAC market. Fast charging is yes."", ""It is a headphones device. Priced at 349 USD. The display measures 11.0 inches. Comes with 16GB of RAM. Battery lasts up to 8 hours. Targeted at the APAC market. Fast charging is yes."", ""It is a headphones device. Priced at 349 USD. The display measures 11.0 inches. Comes with 16GB of RAM. Battery lasts up to 8 hours. Targeted at the APAC market. Fast charging is yes.""]",0,614,candidate
DEC029_NO_FEEDBACK,train_kb,conservative_noisy_or_conflict_adjusted,3,headphones device,target_market_region,APAC,headphones device|target_market_region|apac,3,"[0.94, 0.9, 0.91]",True,0,0.9695596875,0.9695596875,0.88,True,0.904125,False,False,"[""product_44"", ""product_44"", ""product_44""]","[""unstructured"", ""unstructured"", ""unstructured""]","[""It is a headphones device. Priced at 349 USD. The display measures 11.0 inches. Comes with 16GB of RAM. Battery lasts up to 8 hours. Targeted at the APAC market. Fast charging is yes."", ""It is a headphones device. Priced at 349 USD. The display measures 11.0 inches. Comes with 16GB of RAM. Battery lasts up to 8 hours. Targeted at the APAC market. Fast charging is yes."", ""It is a headphones device. Priced at 349 USD. The display measures 11.0 inches. Comes with 16GB of RAM. Battery lasts up to 8 hours. Targeted at the APAC market. Fast charging is yes.""]",0,614,candidate
DEC029_NO_FEEDBACK,train_kb,conservative_noisy_or_conflict_adjusted,3,headphones device,supports_fast_charging,yes,headphones device|supports_fast_charging|yes,5,"[0.96, 0.9, 0.9, 0.91, 0.91]",True,0,0.99701865515625,0.99701865515625,0.88,True,0.970425,False,False,"[""product_44"", ""product_43"", ""product_44"", ""product_43"", ""product_44""]","[""unstructured"", ""unstructured"", ""unstructured"", ""unstructured"", ""unstructured""]","[""It is a headphones device. Priced at 349 USD. The display measures 11.0 inches. Comes with 16GB of RAM. Battery lasts up to 8 hours. Targeted at the APAC market. Fast charging is yes."", ""It is a headphones device. The display measures 13.3 inches. Offers 1024GB of internal storage. Battery lasts up to 18 hours. Weighs approximately 0.23kg. Available in black. Fast charging is yes."", ""It is a headphones device. Priced at 349 USD. The display measures 11.0 inches. Comes with 16GB of RAM. Battery lasts up to 8 hours. Targeted at the APAC market. Fast charging is yes."", ""It is a headphones device. The display measures 13.3 inches. Offers 1024GB of internal storage. Battery lasts up to 18 hours. Weighs approximately 0.23kg. Available in black. Fast charging is yes."", ""It is a headphones device. Priced at 349 USD. The display measures 11.0 inches. Comes with 16GB of RAM. Battery lasts up to 8 hours. Targeted at the APAC market. Fast charging is yes.""]",0,614,candidate
DEC029_NO_FEEDBACK,train_kb,conservative_noisy_or_conflict_adjusted,3,PixelWare Tablet Pro 45,manufactured_by,PixelWare,pixelware tablet pro 45|manufactured_by|pixelware,1,[0.98],True,0,0.735,0.735,0.88,False,0.735,False,False,"[""product_45""]","[""structured""]","[""structured_row:PixelWare Tablet Pro 45""]",0,614,candidate
DEC029_NO_FEEDBACK,train_kb,conservative_noisy_or_conflict_adjusted,3,PixelWare Tablet Pro 45,belongs_to_category,tablet,pixelware tablet pro 45|belongs_to_category|tablet,1,[0.98],True,0,0.735,0.735,0.88,False,0.735,False,False,"[""product_45""]","[""structured""]","[""structured_row:PixelWare Tablet Pro 45""]",0,614,candidate
DEC029_NO_FEEDBACK,train_kb,conservative_noisy_or_conflict_adjusted,3,PixelWare Tablet Pro 45,has_price_usd,1099,pixelware tablet pro 45|has_price_usd|1099,1,[0.98],True,0,0.735,0.735,0.88,False,0.735,False,False,"[""product_45""]","[""structured""]","[""structured_row:PixelWare Tablet Pro 45""]",1,614,candidate
DEC029_NO_FEEDBACK,train_kb,conservative_noisy_or_conflict_adjusted,3,PixelWare Tablet Pro 45,has_screen_size_inch,11.0,pixelware tablet pro 45|has_screen_size_inch|11.0,1,[0.98],True,0,0.735,0.735,0.88,False,0.735,False,False,"[""product_45""]","[""structured""]","[""structured_row:PixelWare Tablet Pro 45""]",1,614,candidate
DEC029_NO_FEEDBACK,train_kb,conservative_noisy_or_conflict_adjusted,3,PixelWare Tablet Pro 45,has_ram_gb,8,pixelware tablet pro 45|has_ram_gb|8,1,[0.98],True,0,0.735,0.735,0.88,False,0.735,False,False,"[""product_45""]","[""structured""]","[""structured_row:PixelWare Tablet Pro 45""]",1,614,candidate
DEC029_NO_FEEDBACK,train_kb,conservative_noisy_or_conflict_adjusted,3,PixelWare Tablet Pro 45,has_storage_gb,256,pixelware tablet pro 45|has_storage_gb|256,1,[0.98],True,0,0.735,0.735,0.88,False,0.735,False,False,"[""product_45""]","[""structured""]","[""structured_row:PixelWare Tablet Pro 45""]",0,614,candidate
DEC029_NO_FEEDBACK,train_kb,conservative_noisy_or_conflict_adjusted,3,PixelWare Tablet Pro 45,has_battery_life_hours,14,pixelware tablet pro 45|has_battery_life_hours|14,1,[0.98],True,0,0.735,0.735,0.88,False,0.735,False,False,"[""product_45""]","[""structured""]","[""structured_row:PixelWare Tablet Pro 45""]",0,614,candidate
DEC029_NO_FEEDBACK,train_kb,conservative_noisy_or_conflict_adjusted,3,PixelWare Tablet Pro 45,has_weight_kg,1.45,pixelware tablet pro 45|has_weight_kg|1.45,1,[0.98],True,0,0.735,0.735,0.88,False,0.735,False,False,"[""product_45""]","[""structured""]","[""structured_row:PixelWare Tablet Pro 45""]",0,614,candidate
DEC029_NO_FEEDBACK,train_kb,conservative_noisy_or_conflict_adjusted,3,PixelWare Tablet Pro 45,has_color,blue,pixelware tablet pro 45|has_color|blue,1,[0.98],False,0,0.735,0.735,0.88,False,0.735,False,False,"[""product_45""]","[""structured""]","[""structured_row:PixelWare Tablet Pro 45""]",0,614,candidate
DEC029_NO_FEEDBACK,train_kb,conservative_noisy_or_conflict_adjusted,3,PixelWare Tablet Pro 45,made_of_material,aluminum,pixelware tablet pro 45|made_of_material|aluminum,1,[0.98],True,0,0.735,0.735,0.88,False,0.735,False,False,"[""product_45""]","[""structured""]","[""structured_row:PixelWare Tablet Pro 45""]",1,614,candidate
DEC029_NO_FEEDBACK,train_kb,conservative_noisy_or_conflict_adjusted,3,PixelWare Tablet Pro 45,target_market_region,US,pixelware tablet pro 45|target_market_region|us,1,[0.98],True,0,0.735,0.735,0.88,False,0.735,False,False,"[""product_45""]","[""structured""]","[""structured_row:PixelWare Tablet Pro 45""]",1,614,candidate
DEC029_NO_FEEDBACK,train_kb,conservative_noisy_or_conflict_adjusted,3,PixelWare Tablet Pro 45,supports_fast_charging,yes,pixelware tablet pro 45|supports_fast_charging|yes,1,[0.98],True,0,0.735,0.735,0.88,False,0.735,False,False,"[""product_45""]","[""structured""]","[""structured_row:PixelWare Tablet Pro 45""]",1,614,candidate
DEC029_NO_FEEDBACK,train_kb,conservative_noisy_or_conflict_adjusted,3,PixelWare Tablet Pro 45,has_noise_cancellation,no,pixelware tablet pro 45|has_noise_cancellation|no,1,[0.98],True,0,0.735,0.735,0.88,False,0.735,False,False,"[""product_45""]","[""structured""]","[""structured_row:PixelWare Tablet Pro 45""]",1,614,candidate
DEC029_NO_FEEDBACK,train_kb,conservative_noisy_or_conflict_adjusted,3,TechNova Smartphone Pro 1,has_price_usd,1099,technova smartphone pro 1|has_price_usd|1099,3,"[0.92, 0.9, 0.91]",True,5,0.968011875,0.1613353125,0.88,False,0.149875,False,False,"[""product_45"", ""product_45"", ""product_45""]","[""unstructured"", ""unstructured"", ""unstructured""]","[""Priced at 1099 USD. The display measures 11.0 inches. Comes with 8GB of RAM. Built with aluminum construction. Targeted at the US market. Fast charging is yes. Noise cancellation: no."", ""Priced at 1099 USD. The display measures 11.0 inches. Comes with 8GB of RAM. Built with aluminum construction. Targeted at the US market. Fast charging is yes. Noise cancellation: no."", ""Priced at 1099 USD. The display measures 11.0 inches. Comes with 8GB of RAM. Built with aluminum construction. Targeted at the US market. Fast charging is yes. Noise cancellation: no.""]",0,614,candidate
DEC029_NO_FEEDBACK,train_kb,conservative_noisy_or_conflict_adjusted,3,TechNova Smartphone Pro 1,has_screen_size_inch,11.0,technova smartphone pro 1|has_screen_size_inch|11.0,3,"[0.93, 0.9, 0.91]",True,3,0.96878578125,0.2421964453125,0.88,False,0.3005625,False,False,"[""product_45"", ""product_45"", ""product_45""]","[""unstructured"", ""unstructured"", ""unstructured""]","[""Priced at 1099 USD. The display measures 11.0 inches. Comes with 8GB of RAM. Built with aluminum construction. Targeted at the US market. Fast charging is yes. Noise cancellation: no."", ""Priced at 1099 USD. The display measures 11.0 inches. Comes with 8GB of RAM. Built with aluminum construction. Targeted at the US market. Fast charging is yes. Noise cancellation: no."", ""Priced at 1099 USD. The display measures 11.0 inches. Comes with 8GB of RAM. Built with aluminum construction. Targeted at the US market. Fast charging is yes. Noise cancellation: no.""]",0,614,candidate
DEC029_NO_FEEDBACK,train_kb,conservative_noisy_or_conflict_adjusted,3,Zenbyte Headphones Plus 47,manufactured_by,Zenbyte,zenbyte headphones plus 47|manufactured_by|zenbyte,1,[0.98],True,0,0.735,0.735,0.88,False,0.735,False,False,"[""product_47""]","[""structured""]","[""structured_row:Zenbyte Headphones Plus 47""]",0,614,candidate
DEC029_NO_FEEDBACK,train_kb,conservative_noisy_or_conflict_adjusted,3,Zenbyte Headphones Plus 47,belongs_to_category,headphones,zenbyte headphones plus 47|belongs_to_category|headphones,1,[0.98],True,0,0.735,0.735,0.88,False,0.735,False,False,"[""product_47""]","[""structured""]","[""structured_row:Zenbyte Headphones Plus 47""]",1,614,candidate
DEC029_NO_FEEDBACK,train_kb,conservative_noisy_or_conflict_adjusted,3,Zenbyte Headphones Plus 47,has_price_usd,1299,zenbyte headphones plus 47|has_price_usd|1299,1,[0.98],True,0,0.735,0.735,0.88,False,0.735,False,False,"[""product_47""]","[""structured""]","[""structured_row:Zenbyte Headphones Plus 47""]",1,614,candidate
DEC029_NO_FEEDBACK,train_kb,conservative_noisy_or_conflict_adjusted,3,Zenbyte Headphones Plus 47,has_screen_size_inch,6.1,zenbyte headphones plus 47|has_screen_size_inch|6.1,1,[0.98],True,0,0.735,0.735,0.88,False,0.735,False,False,"[""product_47""]","[""structured""]","[""structured_row:Zenbyte Headphones Plus 47""]",1,614,candidate
DEC029_NO_FEEDBACK,train_kb,conservative_noisy_or_conflict_adjusted,3,Zenbyte Headphones Plus 47,has_ram_gb,16,zenbyte headphones plus 47|has_ram_gb|16,1,[0.98],True,0,0.735,0.735,0.88,False,0.735,False,False,"[""product_47""]","[""structured""]","[""structured_row:Zenbyte Headphones Plus 47""]",0,614,candidate
DEC029_NO_FEEDBACK,train_kb,conservative_noisy_or_conflict_adjusted,3,Zenbyte Headphones Plus 47,has_storage_gb,512,zenbyte headphones plus 47|has_storage_gb|512,1,[0.98],True,0,0.735,0.735,0.88,False,0.735,False,False,"[""product_47""]","[""structured""]","[""structured_row:Zenbyte Headphones Plus 47""]",0,614,candidate
DEC029_NO_FEEDBACK,train_kb,conservative_noisy_or_conflict_adjusted,3,Zenbyte Headphones Plus 47,has_battery_life_hours,24,zenbyte headphones plus 47|has_battery_life_hours|24,1,[0.98],True,0,0.735,0.735,0.88,False,0.735,False,False,"[""product_47""]","[""structured""]","[""structured_row:Zenbyte Headphones Plus 47""]",1,614,candidate
DEC029_NO_FEEDBACK,train_kb,conservative_noisy_or_conflict_adjusted,3,Zenbyte Headphones Plus 47,has_weight_kg,0.55,zenbyte headphones plus 47|has_weight_kg|0.55,1,[0.98],True,0,0.735,0.735,0.88,False,0.735,False,False,"[""product_47""]","[""structured""]","[""structured_row:Zenbyte Headphones Plus 47""]",0,614,candidate
DEC029_NO_FEEDBACK,train_kb,conservative_noisy_or_conflict_adjusted,3,Zenbyte Headphones Plus 47,has_color,silver,zenbyte headphones plus 47|has_color|silver,1,[0.98],False,0,0.735,0.735,0.88,False,0.735,False,False,"[""product_47""]","[""structured""]","[""structured_row:Zenbyte Headphones Plus 47""]",1,614,candidate
DEC029_NO_FEEDBACK,train_kb,conservative_noisy_or_conflict_adjusted,3,Zenbyte Headphones Plus 47,made_of_material,plastic,zenbyte headphones plus 47|made_of_material|plastic,1,[0.98],True,0,0.735,0.735,0.88,False,0.735,False,False,"[""product_47""]","[""structured""]","[""structured_row:Zenbyte Headphones Plus 47""]",1,614,candidate
DEC029_NO_FEEDBACK,train_kb,conservative_noisy_or_conflict_adjusted,3,Zenbyte Headphones Plus 47,target_market_region,EU,zenbyte headphones plus 47|target_market_region|eu,1,[0.98],True,0,0.735,0.735,0.88,False,0.735,False,False,"[""product_47""]","[""structured""]","[""structured_row:Zenbyte Headphones Plus 47""]",0,614,candidate
DEC029_NO_FEEDBACK,train_kb,conservative_noisy_or_conflict_adjusted,3,Zenbyte Headphones Plus 47,supports_fast_charging,yes,zenbyte headphones plus 47|supports_fast_charging|yes,1,[0.98],True,0,0.735,0.735,0.88,False,0.735,False,False,"[""product_47""]","[""structured""]","[""structured_row:Zenbyte Headphones Plus 47""]",0,614,candidate
DEC029_NO_FEEDBACK,train_kb,conservative_noisy_or_conflict_adjusted,3,Zenbyte Headphones Plus 47,has_noise_cancellation,no,zenbyte headphones plus 47|has_noise_cancellation|no,1,[0.98],True,0,0.735,0.735,0.88,False,0.735,False,False,"[""product_47""]","[""structured""]","[""structured_row:Zenbyte Headphones Plus 47""]",1,614,candidate
DEC029_NO_FEEDBACK,train_kb,conservative_noisy_or_conflict_adjusted,3,TechNova Tablet Lite 48,manufactured_by,TechNova,technova tablet lite 48|manufactured_by|technova,4,"[0.98, 0.95, 0.9, 0.91]",True,0,0.99213840234375,0.99213840234375,0.88,True,0.9752390625,False,False,"[""product_48"", ""product_48"", ""product_48"", ""product_48""]","[""structured"", ""unstructured"", ""unstructured"", ""unstructured""]","[""structured_row:TechNova Tablet Lite 48"", ""TechNova Tablet Lite 48 is manufactured by TechNova. It is a tablet device. The display measures 13.3 inches. Comes with 6GB of RAM. Offers 64GB of internal storage. Battery lasts up to 10 hours. Fast charging is no."", ""TechNova Tablet Lite 48 is manufactured by TechNova. It is a tablet device. The display measures 13.3 inches. Comes with 6GB of RAM. Offers 64GB of internal storage. Battery lasts up to 10 hours. Fast charging is no."", ""TechNova Tablet Lite 48 is manufactured by TechNova. It is a tablet device. The display measures 13.3 inches. Comes with 6GB of RAM. Offers 64GB of internal storage. Battery lasts up to 10 hours. Fast charging is no.""]",1,614,candidate
DEC029_NO_FEEDBACK,train_kb,conservative_noisy_or_conflict_adjusted,3,TechNova Tablet Lite 48,belongs_to_category,tablet,technova tablet lite 48|belongs_to_category|tablet,1,[0.98],True,1,0.735,0.3675,0.88,False,0.3675,False,False,"[""product_48""]","[""structured""]","[""structured_row:TechNova Tablet Lite 48""]",1,614,candidate
DEC029_NO_FEEDBACK,train_kb,conservative_noisy_or_conflict_adjusted,3,TechNova Tablet Lite 48,has_price_usd,899,technova tablet lite 48|has_price_usd|899,1,[0.98],True,0,0.735,0.735,0.88,False,0.735,False,False,"[""product_48""]","[""structured""]","[""structured_row:TechNova Tablet Lite 48""]",0,614,candidate
DEC029_NO_FEEDBACK,train_kb,conservative_noisy_or_conflict_adjusted,3,TechNova Tablet Lite 48,has_screen_size_inch,13.3,technova tablet lite 48|has_screen_size_inch|13.3,4,"[0.98, 0.92, 0.9, 0.91]",True,0,0.991523146875,0.991523146875,0.88,True,0.97330125,False,False,"[""product_48"", ""product_48"", ""product_48"", ""product_48""]","[""structured"", ""unstructured"", ""unstructured"", ""unstructured""]","[""structured_row:TechNova Tablet Lite 48"", ""TechNova Tablet Lite 48 is manufactured by TechNova. It is a tablet device. The display measures 13.3 inches. Comes with 6GB of RAM. Offers 64GB of internal storage. Battery lasts up to 10 hours. Fast charging is no."", ""TechNova Tablet Lite 48 is manufactured by TechNova. It is a tablet device. The display measures 13.3 inches. Comes with 6GB of RAM. Offers 64GB of internal storage. Battery lasts up to 10 hours. Fast charging is no."", ""TechNova Tablet Lite 48 is manufactured by TechNova. It is a tablet device. The display measures 13.3 inches. Comes with 6GB of RAM. Offers 64GB of internal storage. Battery lasts up to 10 hours. Fast charging is no.""]",1,614,candidate
DEC029_NO_FEEDBACK,train_kb,conservative_noisy_or_conflict_adjusted,3,TechNova Tablet Lite 48,has_ram_gb,6,technova tablet lite 48|has_ram_gb|6,4,"[0.98, 0.93, 0.9, 0.91]",True,0,0.99172823203125,0.99172823203125,0.88,True,0.9739471875,False,False,"[""product_48"", ""product_48"", ""product_48"", ""product_48""]","[""structured"", ""unstructured"", ""unstructured"", ""unstructured""]","[""structured_row:TechNova Tablet Lite 48"", ""TechNova Tablet Lite 48 is manufactured by TechNova. It is a tablet device. The display measures 13.3 inches. Comes with 6GB of RAM. Offers 64GB of internal storage. Battery lasts up to 10 hours. Fast charging is no."", ""TechNova Tablet Lite 48 is manufactured by TechNova. It is a tablet device. The display measures 13.3 inches. Comes with 6GB of RAM. Offers 64GB of internal storage. Battery lasts up to 10 hours. Fast charging is no."", ""TechNova Tablet Lite 48 is manufactured by TechNova. It is a tablet device. The display measures 13.3 inches. Comes with 6GB of RAM. Offers 64GB of internal storage. Battery lasts up to 10 hours. Fast charging is no.""]",1,614,candidate
DEC029_NO_FEEDBACK,train_kb,conservative_noisy_or_conflict_adjusted,3,TechNova Tablet Lite 48,has_storage_gb,64,technova tablet lite 48|has_storage_gb|64,4,"[0.98, 0.94, 0.9, 0.91]",True,0,0.9919333171875,0.9919333171875,0.88,True,0.974593125,False,False,"[""product_48"", ""product_48"", ""product_48"", ""product_48""]","[""structured"", ""unstructured"", ""unstructured"", ""unstructured""]","[""structured_row:TechNova Tablet Lite 48"", ""TechNova Tablet Lite 48 is manufactured by TechNova. It is a tablet device. The display measures 13.3 inches. Comes with 6GB of RAM. Offers 64GB of internal storage. Battery lasts up to 10 hours. Fast charging is no."", ""TechNova Tablet Lite 48 is manufactured by TechNova. It is a tablet device. The display measures 13.3 inches. Comes with 6GB of RAM. Offers 64GB of internal storage. Battery lasts up to 10 hours. Fast charging is no."", ""TechNova Tablet Lite 48 is manufactured by TechNova. It is a tablet device. The display measures 13.3 inches. Comes with 6GB of RAM. Offers 64GB of internal storage. Battery lasts up to 10 hours. Fast charging is no.""]",1,614,candidate
DEC029_NO_FEEDBACK,train_kb,conservative_noisy_or_conflict_adjusted,3,TechNova Tablet Lite 48,has_battery_life_hours,10,technova tablet lite 48|has_battery_life_hours|10,4,"[0.98, 0.9, 0.9, 0.91]",True,0,0.9911129765625,0.9911129765625,0.88,True,0.972009375,False,False,"[""product_48"", ""product_48"", ""product_48"", ""product_48""]","[""structured"", ""unstructured"", ""unstructured"", ""unstructured""]","[""structured_row:TechNova Tablet Lite 48"", ""TechNova Tablet Lite 48 is manufactured by TechNova. It is a tablet device. The display measures 13.3 inches. Comes with 6GB of RAM. Offers 64GB of internal storage. Battery lasts up to 10 hours. Fast charging is no."", ""TechNova Tablet Lite 48 is manufactured by TechNova. It is a tablet device. The display measures 13.3 inches. Comes with 6GB of RAM. Offers 64GB of internal storage. Battery lasts up to 10 hours. Fast charging is no."", ""TechNova Tablet Lite 48 is manufactured by TechNova. It is a tablet device. The display measures 13.3 inches. Comes with 6GB of RAM. Offers 64GB of internal storage. Battery lasts up to 10 hours. Fast charging is no.""]",1,614,candidate
DEC029_NO_FEEDBACK,train_kb,conservative_noisy_or_conflict_adjusted,3,TechNova Tablet Lite 48,has_weight_kg,1.8,technova tablet lite 48|has_weight_kg|1.8,1,[0.98],True,0,0.735,0.735,0.88,False,0.735,False,False,"[""product_48""]","[""structured""]","[""structured_row:TechNova Tablet Lite 48""]",0,614,candidate
DEC029_NO_FEEDBACK,train_kb,conservative_noisy_or_conflict_adjusted,3,TechNova Tablet Lite 48,has_color,blue,technova tablet lite 48|has_color|blue,1,[0.98],False,0,0.735,0.735,0.88,False,0.735,False,False,"[""product_48""]","[""structured""]","[""structured_row:TechNova Tablet Lite 48""]",0,614,candidate
DEC029_NO_FEEDBACK,train_kb,conservative_noisy_or_conflict_adjusted,3,TechNova Tablet Lite 48,made_of_material,aluminum,technova tablet lite 48|made_of_material|aluminum,1,[0.98],True,0,0.735,0.735,0.88,False,0.735,False,False,"[""product_48""]","[""structured""]","[""structured_row:TechNova Tablet Lite 48""]",0,614,candidate
DEC029_NO_FEEDBACK,train_kb,conservative_noisy_or_conflict_adjusted,3,TechNova Tablet Lite 48,target_market_region,US,technova tablet lite 48|target_market_region|us,1,[0.98],True,0,0.735,0.735,0.88,False,0.735,False,False,"[""product_48""]","[""structured""]","[""structured_row:TechNova Tablet Lite 48""]",0,614,candidate
DEC029_NO_FEEDBACK,train_kb,conservative_noisy_or_conflict_adjusted,3,TechNova Tablet Lite 48,supports_fast_charging,no,technova tablet lite 48|supports_fast_charging|no,3,"[0.98, 0.9, 0.91]",True,0,0.9726553125,0.9726553125,0.88,True,0.913875,False,False,"[""product_48"", ""product_48"", ""product_48""]","[""structured"", ""unstructured"", ""unstructured""]","[""structured_row:TechNova Tablet Lite 48"", ""TechNova Tablet Lite 48 is manufactured by TechNova. It is a tablet device. The display measures 13.3 inches. Comes with 6GB of RAM. Offers 64GB of internal storage. Battery lasts up to 10 hours. Fast charging is no."", ""TechNova Tablet Lite 48 is manufactured by TechNova. It is a tablet device. The display measures 13.3 inches. Comes with 6GB of RAM. Offers 64GB of internal storage. Battery lasts up to 10 hours. Fast charging is no.""]",1,614,candidate
DEC029_NO_FEEDBACK,train_kb,conservative_noisy_or_conflict_adjusted,3,TechNova Tablet Lite 48,has_noise_cancellation,no,technova tablet lite 48|has_noise_cancellation|no,1,[0.98],True,0,0.735,0.735,0.88,False,0.735,False,False,"[""product_48""]","[""structured""]","[""structured_row:TechNova Tablet Lite 48""]",0,614,candidate
DEC029_NO_FEEDBACK,train_kb,conservative_noisy_or_conflict_adjusted,3,NeoTech Smartphone Pro 49,manufactured_by,NeoTech,neotech smartphone pro 49|manufactured_by|neotech,1,[0.98],True,0,0.735,0.735,0.88,False,0.735,False,False,"[""product_49""]","[""structured""]","[""structured_row:NeoTech Smartphone Pro 49""]",0,614,candidate
DEC029_NO_FEEDBACK,train_kb,conservative_noisy_or_conflict_adjusted,3,NeoTech Smartphone Pro 49,belongs_to_category,smartphone,neotech smartphone pro 49|belongs_to_category|smartphone,1,[0.98],True,0,0.735,0.735,0.88,False,0.735,False,False,"[""product_49""]","[""structured""]","[""structured_row:NeoTech Smartphone Pro 49""]",1,614,candidate
DEC029_NO_FEEDBACK,train_kb,conservative_noisy_or_conflict_adjusted,3,NeoTech Smartphone Pro 49,has_price_usd,349,neotech smartphone pro 49|has_price_usd|349,1,[0.98],True,0,0.735,0.735,0.88,False,0.735,False,False,"[""product_49""]","[""structured""]","[""structured_row:NeoTech Smartphone Pro 49""]",1,614,candidate
DEC029_NO_FEEDBACK,train_kb,conservative_noisy_or_conflict_adjusted,3,NeoTech Smartphone Pro 49,has_screen_size_inch,6.1,neotech smartphone pro 49|has_screen_size_inch|6.1,1,[0.98],True,0,0.735,0.735,0.88,False,0.735,False,False,"[""product_49""]","[""structured""]","[""structured_row:NeoTech Smartphone Pro 49""]",0,614,candidate
DEC029_NO_FEEDBACK,train_kb,conservative_noisy_or_conflict_adjusted,3,NeoTech Smartphone Pro 49,has_ram_gb,4,neotech smartphone pro 49|has_ram_gb|4,1,[0.98],True,0,0.735,0.735,0.88,False,0.735,False,False,"[""product_49""]","[""structured""]","[""structured_row:NeoTech Smartphone Pro 49""]",1,614,candidate
DEC029_NO_FEEDBACK,train_kb,conservative_noisy_or_conflict_adjusted,3,NeoTech Smartphone Pro 49,has_storage_gb,1024,neotech smartphone pro 49|has_storage_gb|1024,1,[0.98],True,0,0.735,0.735,0.88,False,0.735,False,False,"[""product_49""]","[""structured""]","[""structured_row:NeoTech Smartphone Pro 49""]",0,614,candidate
DEC029_NO_FEEDBACK,train_kb,conservative_noisy_or_conflict_adjusted,3,NeoTech Smartphone Pro 49,has_battery_life_hours,12,neotech smartphone pro 49|has_battery_life_hours|12,1,[0.98],True,0,0.735,0.735,0.88,False,0.735,False,False,"[""product_49""]","[""structured""]","[""structured_row:NeoTech Smartphone Pro 49""]",1,614,candidate
DEC029_NO_FEEDBACK,train_kb,conservative_noisy_or_conflict_adjusted,3,NeoTech Smartphone Pro 49,has_weight_kg,0.23,neotech smartphone pro 49|has_weight_kg|0.23,1,[0.98],True,0,0.735,0.735,0.88,False,0.735,False,False,"[""product_49""]","[""structured""]","[""structured_row:NeoTech Smartphone Pro 49""]",1,614,candidate
DEC029_NO_FEEDBACK,train_kb,conservative_noisy_or_conflict_adjusted,3,NeoTech Smartphone Pro 49,has_color,silver,neotech smartphone pro 49|has_color|silver,1,[0.98],False,0,0.735,0.735,0.88,False,0.735,False,False,"[""product_49""]","[""structured""]","[""structured_row:NeoTech Smartphone Pro 49""]",0,614,candidate
DEC029_NO_FEEDBACK,train_kb,conservative_noisy_or_conflict_adjusted,3,NeoTech Smartphone Pro 49,made_of_material,aluminum,neotech smartphone pro 49|made_of_material|aluminum,1,[0.98],True,0,0.735,0.735,0.88,False,0.735,False,False,"[""product_49""]","[""structured""]","[""structured_row:NeoTech Smartphone Pro 49""]",0,614,candidate
DEC029_NO_FEEDBACK,train_kb,conservative_noisy_or_conflict_adjusted,3,NeoTech Smartphone Pro 49,target_market_region,APAC,neotech smartphone pro 49|target_market_region|apac,1,[0.98],True,0,0.735,0.735,0.88,False,0.735,False,False,"[""product_49""]","[""structured""]","[""structured_row:NeoTech Smartphone Pro 49""]",1,614,candidate
DEC029_NO_FEEDBACK,train_kb,conservative_noisy_or_conflict_adjusted,3,NeoTech Smartphone Pro 49,supports_fast_charging,yes,neotech smartphone pro 49|supports_fast_charging|yes,1,[0.98],True,0,0.735,0.735,0.88,False,0.735,False,False,"[""product_49""]","[""structured""]","[""structured_row:NeoTech Smartphone Pro 49""]",1,614,candidate
DEC029_NO_FEEDBACK,train_kb,conservative_noisy_or_conflict_adjusted,3,NeoTech Smartphone Pro 49,has_noise_cancellation,no,neotech smartphone pro 49|has_noise_cancellation|no,1,[0.98],True,0,0.735,0.735,0.88,False,0.735,False,False,"[""product_49""]","[""structured""]","[""structured_row:NeoTech Smartphone Pro 49""]",0,614,candidate
DEC029_NO_FEEDBACK,train_kb,conservative_noisy_or_conflict_adjusted,3,TechNova Smartphone Pro 1,has_price_usd,349,technova smartphone pro 1|has_price_usd|349,1,[0.92],True,5,0.6900000000000001,0.115,0.88,False,0.115,False,False,"[""product_49""]","[""unstructured""]","[""It is a smartphone device. Priced at 349 USD. Comes with 4GB of RAM. Battery lasts up to 12 hours. Weighs approximately 0.23kg. Targeted at the APAC market. Fast charging is yes.""]",0,614,candidate
DEC029_NO_FEEDBACK,train_kb,conservative_noisy_or_conflict_adjusted,3,TechNova Smartphone Pro 1,has_ram_gb,4,technova smartphone pro 1|has_ram_gb|4,1,[0.93],True,4,0.6975,0.1395,0.88,False,0.1395,False,False,"[""product_49""]","[""unstructured""]","[""It is a smartphone device. Priced at 349 USD. Comes with 4GB of RAM. Battery lasts up to 12 hours. Weighs approximately 0.23kg. Targeted at the APAC market. Fast charging is yes.""]",0,614,candidate
DEC029_NO_FEEDBACK,train_kb,conservative_noisy_or_conflict_adjusted,3,TechNova Smartphone Pro 1,target_market_region,APAC,technova smartphone pro 1|target_market_region|apac,1,[0.96],True,3,0.72,0.18,0.88,False,0.18,False,False,"[""product_49""]","[""unstructured""]","[""It is a smartphone device. Priced at 349 USD. Comes with 4GB of RAM. Battery lasts up to 12 hours. Weighs approximately 0.23kg. Targeted at the APAC market. Fast charging is yes.""]",0,614,candidate
DEC029_NO_FEEDBACK,train_kb,conservative_noisy_or_conflict_adjusted,3,TechNova Headphones Air 50,manufactured_by,TechNova,technova headphones air 50|manufactured_by|technova,1,[0.98],True,0,0.735,0.735,0.88,False,0.735,False,False,"[""product_50""]","[""structured""]","[""structured_row:TechNova Headphones Air 50""]",0,614,candidate
DEC029_NO_FEEDBACK,train_kb,conservative_noisy_or_conflict_adjusted,3,TechNova Headphones Air 50,belongs_to_category,headphones,technova headphones air 50|belongs_to_category|headphones,1,[0.98],True,0,0.735,0.735,0.88,False,0.735,False,False,"[""product_50""]","[""structured""]","[""structured_row:TechNova Headphones Air 50""]",1,614,candidate
DEC029_NO_FEEDBACK,train_kb,conservative_noisy_or_conflict_adjusted,3,TechNova Headphones Air 50,has_price_usd,899,technova headphones air 50|has_price_usd|899,1,[0.98],True,0,0.735,0.735,0.88,False,0.735,False,False,"[""product_50""]","[""structured""]","[""structured_row:TechNova Headphones Air 50""]",0,614,candidate
DEC029_NO_FEEDBACK,train_kb,conservative_noisy_or_conflict_adjusted,3,TechNova Headphones Air 50,has_screen_size_inch,10.9,technova headphones air 50|has_screen_size_inch|10.9,1,[0.98],True,0,0.735,0.735,0.88,False,0.735,False,False,"[""product_50""]","[""structured""]","[""structured_row:TechNova Headphones Air 50""]",1,614,candidate
DEC029_NO_FEEDBACK,train_kb,conservative_noisy_or_conflict_adjusted,3,TechNova Headphones Air 50,has_ram_gb,8,technova headphones air 50|has_ram_gb|8,1,[0.98],True,0,0.735,0.735,0.88,False,0.735,False,False,"[""product_50""]","[""structured""]","[""structured_row:TechNova Headphones Air 50""]",0,614,candidate
DEC029_NO_FEEDBACK,train_kb,conservative_noisy_or_conflict_adjusted,3,TechNova Headphones Air 50,has_storage_gb,128,technova headphones air 50|has_storage_gb|128,1,[0.98],True,0,0.735,0.735,0.88,False,0.735,False,False,"[""product_50""]","[""structured""]","[""structured_row:TechNova Headphones Air 50""]",1,614,candidate
DEC029_NO_FEEDBACK,train_kb,conservative_noisy_or_conflict_adjusted,3,TechNova Headphones Air 50,has_battery_life_hours,10,technova headphones air 50|has_battery_life_hours|10,1,[0.98],True,0,0.735,0.735,0.88,False,0.735,False,False,"[""product_50""]","[""structured""]","[""structured_row:TechNova Headphones Air 50""]",0,614,candidate
DEC029_NO_FEEDBACK,train_kb,conservative_noisy_or_conflict_adjusted,3,TechNova Headphones Air 50,has_weight_kg,0.23,technova headphones air 50|has_weight_kg|0.23,1,[0.98],True,0,0.735,0.735,0.88,False,0.735,False,False,"[""product_50""]","[""structured""]","[""structured_row:TechNova Headphones Air 50""]",1,614,candidate
DEC029_NO_FEEDBACK,train_kb,conservative_noisy_or_conflict_adjusted,3,TechNova Headphones Air 50,has_color,blue,technova headphones air 50|has_color|blue,1,[0.98],False,0,0.735,0.735,0.88,False,0.735,False,False,"[""product_50""]","[""structured""]","[""structured_row:TechNova Headphones Air 50""]",1,614,candidate
DEC029_NO_FEEDBACK,train_kb,conservative_noisy_or_conflict_adjusted,3,TechNova Headphones Air 50,made_of_material,plastic,technova headphones air 50|made_of_material|plastic,1,[0.98],True,0,0.735,0.735,0.88,False,0.735,False,False,"[""product_50""]","[""structured""]","[""structured_row:TechNova Headphones Air 50""]",1,614,candidate
DEC029_NO_FEEDBACK,train_kb,conservative_noisy_or_conflict_adjusted,3,TechNova Headphones Air 50,target_market_region,EU,technova headphones air 50|target_market_region|eu,1,[0.98],True,0,0.735,0.735,0.88,False,0.735,False,False,"[""product_50""]","[""structured""]","[""structured_row:TechNova Headphones Air 50""]",0,614,candidate
DEC029_NO_FEEDBACK,train_kb,conservative_noisy_or_conflict_adjusted,3,TechNova Headphones Air 50,supports_fast_charging,no,technova headphones air 50|supports_fast_charging|no,1,[0.98],True,0,0.735,0.735,0.88,False,0.735,False,False,"[""product_50""]","[""structured""]","[""structured_row:TechNova Headphones Air 50""]",0,614,candidate
DEC029_NO_FEEDBACK,train_kb,conservative_noisy_or_conflict_adjusted,3,TechNova Headphones Air 50,has_noise_cancellation,no,technova headphones air 50|has_noise_cancellation|no,1,[0.98],True,0,0.735,0.735,0.88,False,0.735,False,False,"[""product_50""]","[""structured""]","[""structured_row:TechNova Headphones Air 50""]",1,614,candidate
DEC029_NO_FEEDBACK,train_kb,conservative_noisy_or_conflict_adjusted,3,headphones device,has_screen_size_inch,10.9,headphones device|has_screen_size_inch|10.9,3,"[0.85, 0.85, 0.92]",True,3,0.9592640625,0.239816015625,0.88,False,0.28953124999999996,False,False,"[""product_50"", ""product_50"", ""product_50""]","[""unstructured"", ""unstructured"", ""unstructured""]","[""It is a headphones device. The display measures 10.9 inches. Offers 128GB of internal storage. Weighs approximately 0.23kg. Available in blue. Built with plastic construction. Noise cancellation: no."", ""It is a headphones device. The display measures 10.9 inches. Offers 128GB of internal storage. Weighs approximately 0.23kg. Available in blue. Built with plastic construction. Noise cancellation: no."", ""It is a headphones device. The display measures 10.9 inches. Offers 128GB of internal storage. Weighs approximately 0.23kg. Available in blue. Built with plastic construction. Noise cancellation: no.""]",0,614,candidate
DEC029_NO_FEEDBACK,train_kb,conservative_noisy_or_conflict_adjusted,3,headphones device,has_storage_gb,128,headphones device|has_storage_gb|128,3,"[0.92, 0.85, 0.93]",True,1,0.9660065625,0.48300328125,0.88,False,0.4438125,False,False,"[""product_50"", ""product_50"", ""product_50""]","[""unstructured"", ""unstructured"", ""unstructured""]","[""It is a headphones device. The display measures 10.9 inches. Offers 128GB of internal storage. Weighs approximately 0.23kg. Available in blue. Built with plastic construction. Noise cancellation: no."", ""It is a headphones device. The display measures 10.9 inches. Offers 128GB of internal storage. Weighs approximately 0.23kg. Available in blue. Built with plastic construction. Noise cancellation: no."", ""It is a headphones device. The display measures 10.9 inches. Offers 128GB of internal storage. Weighs approximately 0.23kg. Available in blue. Built with plastic construction. Noise cancellation: no.""]",0,614,candidate
DEC029_NO_FEEDBACK,train_kb,conservative_noisy_or_conflict_adjusted,3,headphones device,has_weight_kg,0.23,headphones device|has_weight_kg|0.23,5,"[0.88, 0.9, 0.85, 0.91, 0.94]",True,0,0.996248231484375,0.996248231484375,0.88,True,0.95994375,False,False,"[""product_50"", ""product_43"", ""product_50"", ""product_43"", ""product_50""]","[""unstructured"", ""unstructured"", ""unstructured"", ""unstructured"", ""unstructured""]","[""It is a headphones device. The display measures 10.9 inches. Offers 128GB of internal storage. Weighs approximately 0.23kg. Available in blue. Built with plastic construction. Noise cancellation: no."", ""It is a headphones device. The display measures 13.3 inches. Offers 1024GB of internal storage. Battery lasts up to 18 hours. Weighs approximately 0.23kg. Available in black. Fast charging is yes."", ""It is a headphones device. The display measures 10.9 inches. Offers 128GB of internal storage. Weighs approximately 0.23kg. Available in blue. Built with plastic construction. Noise cancellation: no."", ""It is a headphones device. The display measures 13.3 inches. Offers 1024GB of internal storage. Battery lasts up to 18 hours. Weighs approximately 0.23kg. Available in black. Fast charging is yes."", ""It is a headphones device. The display measures 10.9 inches. Offers 128GB of internal storage. Weighs approximately 0.23kg. Available in blue. Built with plastic construction. Noise cancellation: no.""]",0,614,candidate
DEC029_NO_FEEDBACK,train_kb,conservative_noisy_or_conflict_adjusted,3,headphones device,has_color,blue,headphones device|has_color|blue,3,"[0.86, 0.85, 0.95]",False,2,0.9630023437499999,0.9630023437499999,0.88,True,0.8713124999999999,True,False,"[""product_50"", ""product_50"", ""product_50""]","[""unstructured"", ""unstructured"", ""unstructured""]","[""It is a headphones device. The display measures 10.9 inches. Offers 128GB of internal storage. Weighs approximately 0.23kg. Available in blue. Built with plastic construction. Noise cancellation: no."", ""It is a headphones device. The display measures 10.9 inches. Offers 128GB of internal storage. Weighs approximately 0.23kg. Available in blue. Built with plastic construction. Noise cancellation: no."", ""It is a headphones device. The display measures 10.9 inches. Offers 128GB of internal storage. Weighs approximately 0.23kg. Available in blue. Built with plastic construction. Noise cancellation: no.""]",0,614,candidate
DEC029_NO_FEEDBACK,train_kb,conservative_noisy_or_conflict_adjusted,3,headphones device,made_of_material,plastic,headphones device|made_of_material|plastic,4,"[0.89, 0.85, 0.95, 0.96]",True,0,0.990297234375,0.990297234375,0.88,True,0.87946875,True,False,"[""product_50"", ""product_50"", ""product_47"", ""product_50""]","[""unstructured"", ""unstructured"", ""unstructured"", ""unstructured""]","[""It is a headphones device. The display measures 10.9 inches. Offers 128GB of internal storage. Weighs approximately 0.23kg. Available in blue. Built with plastic construction. Noise cancellation: no."", ""It is a headphones device. The display measures 10.9 inches. Offers 128GB of internal storage. Weighs approximately 0.23kg. Available in blue. Built with plastic construction. Noise cancellation: no."", ""It is a headphones device. Priced at 1299 USD. The display measures 6.1 inches. Battery lasts up to 24 hours. Available in silver. Built with plastic construction. Noise cancellation: no."", ""It is a headphones device. The display measures 10.9 inches. Offers 128GB of internal storage. Weighs approximately 0.23kg. Available in blue. Built with plastic construction. Noise cancellation: no.""]",0,614,candidate
DEC029_NO_FEEDBACK,train_kb,conservative_noisy_or_conflict_adjusted,3,PixelWare Laptop Plus 2,has_weight_kg,null,pixelware laptop plus 2|has_weight_kg|null,1,[0.91],True,1,0.6825,0.34125,0.88,False,0.34125,False,False,"[""product_2""]","[""unstructured""]","[""PixelWare Laptop Plus 2 is manufactured by PixelWare. Priced at 1299 USD. The display measures 15.6 inches. Comes with 16GB of RAM. Battery lasts up to 18 hours. Built with carbon fiber construction. Noise cancellation: no.""]",0,614,candidate
DEC029_NO_FEEDBACK,train_kb,conservative_noisy_or_conflict_adjusted,3,PixelWare Laptop Plus 2,has_color,null,pixelware laptop plus 2|has_color|null,1,[0.91],False,1,0.6825,0.6825,0.88,False,0.6825,False,False,"[""product_2""]","[""unstructured""]","[""PixelWare Laptop Plus 2 is manufactured by PixelWare. Priced at 1299 USD. The display measures 15.6 inches. Comes with 16GB of RAM. Battery lasts up to 18 hours. Built with carbon fiber construction. Noise cancellation: no.""]",0,614,candidate
DEC029_NO_FEEDBACK,train_kb,conservative_noisy_or_conflict_adjusted,3,laptop device,has_screen_size_inch,6.1,laptop device|has_screen_size_inch|6.1,1,[0.85],True,1,0.6375,0.31875,0.88,False,0.31875,False,False,"[""product_8""]","[""unstructured""]","[""It is a laptop device. The display measures 6.1 inches. Weighs approximately 0.18kg. Available in blue. Built with carbon fiber construction. Fast charging is yes. Noise cancellation: no.""]",0,614,candidate
DEC029_NO_FEEDBACK,train_kb,conservative_noisy_or_conflict_adjusted,3,laptop device,has_weight_kg,0.18,laptop device|has_weight_kg|0.18,1,[0.85],True,0,0.6375,0.6375,0.88,False,0.6375,False,False,"[""product_8""]","[""unstructured""]","[""It is a laptop device. The display measures 6.1 inches. Weighs approximately 0.18kg. Available in blue. Built with carbon fiber construction. Fast charging is yes. Noise cancellation: no.""]",0,614,candidate
DEC029_NO_FEEDBACK,train_kb,conservative_noisy_or_conflict_adjusted,3,laptop device,supports_fast_charging,yes,laptop device|supports_fast_charging|yes,1,[0.85],True,0,0.6375,0.6375,0.88,False,0.6375,False,False,"[""product_8""]","[""unstructured""]","[""It is a laptop device. The display measures 6.1 inches. Weighs approximately 0.18kg. Available in blue. Built with carbon fiber construction. Fast charging is yes. Noise cancellation: no.""]",0,614,candidate
DEC029_NO_FEEDBACK,train_kb,conservative_noisy_or_conflict_adjusted,3,laptop device,has_noise_cancellation,no,laptop device|has_noise_cancellation|no,1,[0.85],True,0,0.6375,0.6375,0.88,False,0.6375,False,False,"[""product_8""]","[""unstructured""]","[""It is a laptop device. The display measures 6.1 inches. Weighs approximately 0.18kg. Available in blue. Built with carbon fiber construction. Fast charging is yes. Noise cancellation: no.""]",0,614,candidate
DEC029_NO_FEEDBACK,train_kb,conservative_noisy_or_conflict_adjusted,3,It is a smartwatch device,belongs_to_category,smartwatch,it is a smartwatch device|belongs_to_category|smartwatch,1,[0.9],True,0,0.675,0.675,0.88,False,0.675,False,False,"[""product_11""]","[""unstructured""]","[""It is a smartwatch device. The display measures 6.7 inches. Battery lasts up to 20 hours. Weighs approximately 1.45kg. Available in black. Built with aluminum construction. Noise cancellation: no.""]",0,614,candidate
DEC029_NO_FEEDBACK,train_kb,conservative_noisy_or_conflict_adjusted,3,It is a smartwatch device,manufactured_by,TechNova,it is a smartwatch device|manufactured_by|technova,1,[0.9],True,0,0.675,0.675,0.88,False,0.675,False,False,"[""product_11""]","[""unstructured""]","[""It is a smartwatch device. The display measures 6.7 inches. Battery lasts up to 20 hours. Weighs approximately 1.45kg. Available in black. Built with aluminum construction. Noise cancellation: no.""]",0,614,candidate
DEC029_NO_FEEDBACK,train_kb,conservative_noisy_or_conflict_adjusted,3,The display measures 6.7 inches,has_screen_size_inch,6.7,the display measures 6.7 inches|has_screen_size_inch|6.7,1,[0.9],True,0,0.675,0.675,0.88,False,0.675,False,False,"[""product_11""]","[""unstructured""]","[""It is a smartwatch device. The display measures 6.7 inches. Battery lasts up to 20 hours. Weighs approximately 1.45kg. Available in black. Built with aluminum construction. Noise cancellation: no.""]",0,614,candidate
DEC029_NO_FEEDBACK,train_kb,conservative_noisy_or_conflict_adjusted,3,Battery lasts up to 20 hours,has_battery_life_hours,20,battery lasts up to 20 hours|has_battery_life_hours|20,1,[0.9],True,0,0.675,0.675,0.88,False,0.675,False,False,"[""product_11""]","[""unstructured""]","[""It is a smartwatch device. The display measures 6.7 inches. Battery lasts up to 20 hours. Weighs approximately 1.45kg. Available in black. Built with aluminum construction. Noise cancellation: no.""]",0,614,candidate
DEC029_NO_FEEDBACK,train_kb,conservative_noisy_or_conflict_adjusted,3,Weighs approximately 1.45kg,has_weight_kg,1.45,weighs approximately 1.45kg|has_weight_kg|1.45,1,[0.9],True,0,0.675,0.675,0.88,False,0.675,False,False,"[""product_11""]","[""unstructured""]","[""It is a smartwatch device. The display measures 6.7 inches. Battery lasts up to 20 hours. Weighs approximately 1.45kg. Available in black. Built with aluminum construction. Noise cancellation: no.""]",0,614,candidate
DEC029_NO_FEEDBACK,train_kb,conservative_noisy_or_conflict_adjusted,3,Available in black,has_color,black,available in black|has_color|black,1,[0.9],False,0,0.675,0.675,0.88,False,0.675,False,False,"[""product_11""]","[""unstructured""]","[""It is a smartwatch device. The display measures 6.7 inches. Battery lasts up to 20 hours. Weighs approximately 1.45kg. Available in black. Built with aluminum construction. Noise cancellation: no.""]",0,614,candidate
DEC029_NO_FEEDBACK,train_kb,conservative_noisy_or_conflict_adjusted,3,Built with aluminum construction,made_of_material,aluminum,built with aluminum construction|made_of_material|aluminum,1,[0.9],True,0,0.675,0.675,0.88,False,0.675,False,False,"[""product_11""]","[""unstructured""]","[""It is a smartwatch device. The display measures 6.7 inches. Battery lasts up to 20 hours. Weighs approximately 1.45kg. Available in black. Built with aluminum construction. Noise cancellation: no.""]",0,614,candidate
DEC029_NO_FEEDBACK,train_kb,conservative_noisy_or_conflict_adjusted,3,Noise cancellation: no,has_noise_cancellation,no,noise cancellation: no|has_noise_cancellation|no,1,[0.9],True,0,0.675,0.675,0.88,False,0.675,False,False,"[""product_11""]","[""unstructured""]","[""It is a smartwatch device. The display measures 6.7 inches. Battery lasts up to 20 hours. Weighs approximately 1.45kg. Available in black. Built with aluminum construction. Noise cancellation: no.""]",0,614,candidate
DEC029_NO_FEEDBACK,train_kb,conservative_noisy_or_conflict_adjusted,3,TechNova Smartphone Pro 1,has_price_usd,199,technova smartphone pro 1|has_price_usd|199,1,[0.91],True,5,0.6825,0.11375,0.88,False,0.11375,False,False,"[""product_12""]","[""unstructured""]","[""Priced at 199 USD. Comes with 6GB of RAM. Weighs approximately 0.23kg. Available in black. Built with plastic construction. Targeted at the EU market. Fast charging is yes.""]",0,614,candidate
DEC029_NO_FEEDBACK,train_kb,conservative_noisy_or_conflict_adjusted,3,TechNova Smartphone Pro 1,has_ram_gb,6,technova smartphone pro 1|has_ram_gb|6,1,[0.91],True,4,0.6825,0.1365,0.88,False,0.1365,False,False,"[""product_12""]","[""unstructured""]","[""Priced at 199 USD. Comes with 6GB of RAM. Weighs approximately 0.23kg. Available in black. Built with plastic construction. Targeted at the EU market. Fast charging is yes.""]",0,614,candidate
DEC029_NO_FEEDBACK,train_kb,conservative_noisy_or_conflict_adjusted,3,smartphone device,has_price_usd,349,smartphone device|has_price_usd|349,3,"[0.85, 0.85, 0.91]",True,0,0.958278515625,0.958278515625,0.88,True,0.8685937499999999,True,False,"[""product_13"", ""product_49"", ""product_13""]","[""unstructured"", ""unstructured"", ""unstructured""]","[""It is a smartphone device. Priced at 349 USD. The display measures 15.6 inches. Comes with 6GB of RAM. Weighs approximately 0.18kg. Built with carbon fiber construction. Noise cancellation: no."", ""It is a smartphone device. Priced at 349 USD. Comes with 4GB of RAM. Battery lasts up to 12 hours. Weighs approximately 0.23kg. Targeted at the APAC market. Fast charging is yes."", ""It is a smartphone device. Priced at 349 USD. The display measures 15.6 inches. Comes with 6GB of RAM. Weighs approximately 0.18kg. Built with carbon fiber construction. Noise cancellation: no.""]",0,614,candidate
DEC029_NO_FEEDBACK,train_kb,conservative_noisy_or_conflict_adjusted,3,smartphone device,has_screen_size_inch,15.6,smartphone device|has_screen_size_inch|15.6,2,"[0.85, 0.91]",True,0,0.88490625,0.88490625,0.88,True,0.6375,True,False,"[""product_13"", ""product_13""]","[""unstructured"", ""unstructured""]","[""It is a smartphone device. Priced at 349 USD. The display measures 15.6 inches. Comes with 6GB of RAM. Weighs approximately 0.18kg. Built with carbon fiber construction. Noise cancellation: no."", ""It is a smartphone device. Priced at 349 USD. The display measures 15.6 inches. Comes with 6GB of RAM. Weighs approximately 0.18kg. Built with carbon fiber construction. Noise cancellation: no.""]",0,614,candidate
DEC029_NO_FEEDBACK,train_kb,conservative_noisy_or_conflict_adjusted,3,smartphone device,has_ram_gb,6,smartphone device|has_ram_gb|6,2,"[0.85, 0.91]",True,1,0.88490625,0.442453125,0.88,False,0.31875,False,False,"[""product_13"", ""product_13""]","[""unstructured"", ""unstructured""]","[""It is a smartphone device. Priced at 349 USD. The display measures 15.6 inches. Comes with 6GB of RAM. Weighs approximately 0.18kg. Built with carbon fiber construction. Noise cancellation: no."", ""It is a smartphone device. Priced at 349 USD. The display measures 15.6 inches. Comes with 6GB of RAM. Weighs approximately 0.18kg. Built with carbon fiber construction. Noise cancellation: no.""]",0,614,candidate
DEC029_NO_FEEDBACK,train_kb,conservative_noisy_or_conflict_adjusted,3,smartphone device,has_weight_kg,0.18,smartphone device|has_weight_kg|0.18,2,"[0.85, 0.91]",True,1,0.88490625,0.442453125,0.88,False,0.31875,False,False,"[""product_13"", ""product_13""]","[""unstructured"", ""unstructured""]","[""It is a smartphone device. Priced at 349 USD. The display measures 15.6 inches. Comes with 6GB of RAM. Weighs approximately 0.18kg. Built with carbon fiber construction. Noise cancellation: no."", ""It is a smartphone device. Priced at 349 USD. The display measures 15.6 inches. Comes with 6GB of RAM. Weighs approximately 0.18kg. Built with carbon fiber construction. Noise cancellation: no.""]",0,614,candidate
DEC029_NO_FEEDBACK,train_kb,conservative_noisy_or_conflict_adjusted,3,smartphone device,made_of_material,carbon fiber,smartphone device|made_of_material|carbon fiber,2,"[0.85, 0.91]",True,0,0.88490625,0.88490625,0.88,True,0.6375,True,False,"[""product_13"", ""product_13""]","[""unstructured"", ""unstructured""]","[""It is a smartphone device. Priced at 349 USD. The display measures 15.6 inches. Comes with 6GB of RAM. Weighs approximately 0.18kg. Built with carbon fiber construction. Noise cancellation: no."", ""It is a smartphone device. Priced at 349 USD. The display measures 15.6 inches. Comes with 6GB of RAM. Weighs approximately 0.18kg. Built with carbon fiber construction. Noise cancellation: no.""]",0,614,candidate
DEC029_NO_FEEDBACK,train_kb,conservative_noisy_or_conflict_adjusted,3,smartphone device,has_noise_cancellation,no,smartphone device|has_noise_cancellation|no,1,[0.85],True,0,0.6375,0.6375,0.88,False,0.6375,False,False,"[""product_13""]","[""unstructured""]","[""It is a smartphone device. Priced at 349 USD. The display measures 15.6 inches. Comes with 6GB of RAM. Weighs approximately 0.18kg. Built with carbon fiber construction. Noise cancellation: no.""]",0,614,candidate
DEC029_NO_FEEDBACK,train_kb,conservative_noisy_or_conflict_adjusted,3,TechNova Smartphone Pro 1,belongs_to_category,Smartphone,technova smartphone pro 1|belongs_to_category|smartphone,1,[0.91],True,0,0.6825,0.6825,0.88,False,0.6825,False,False,"[""product_15""]","[""unstructured""]","[""The display measures 13.3 inches. Comes with 16GB of RAM. Battery lasts up to 8 hours. Available in black. Built with carbon fiber construction. Targeted at the Global market. Fast charging is no.""]",0,614,candidate
DEC029_NO_FEEDBACK,train_kb,conservative_noisy_or_conflict_adjusted,3,PixelWare Headphones Lite 25,supports_fast_charging,no,pixelware headphones lite 25|supports_fast_charging|no,1,[0.926],True,2,0.6945,0.2315,0.88,False,0.2315,False,False,"[""product_25""]","[""unstructured""]","[""PixelWare Headphones Lite 25 is manufactured by PixelWare. It is a headphones device. Comes with 6GB of RAM. Available in white. Built with aluminum construction. Targeted at the Global market. Noise cancellation: yes.""]",0,614,candidate
DEC029_NO_FEEDBACK,train_kb,conservative_noisy_or_conflict_adjusted,3,It is a smartphone device,has_screen_size_inch,13.3,it is a smartphone device|has_screen_size_inch|13.3,1,[0.85],True,0,0.6375,0.6375,0.88,False,0.6375,False,False,"[""product_28""]","[""unstructured""]","[""It is a smartphone device. Priced at 299 USD. The display measures 13.3 inches. Offers 1024GB of internal storage. Weighs approximately 0.18kg. Targeted at the EU market. Fast charging is no.""]",0,614,candidate
DEC029_NO_FEEDBACK,train_kb,conservative_noisy_or_conflict_adjusted,3,It is a smartphone device,has_price_usd,299,it is a smartphone device|has_price_usd|299,1,[0.85],True,0,0.6375,0.6375,0.88,False,0.6375,False,False,"[""product_28""]","[""unstructured""]","[""It is a smartphone device. Priced at 299 USD. The display measures 13.3 inches. Offers 1024GB of internal storage. Weighs approximately 0.18kg. Targeted at the EU market. Fast charging is no.""]",0,614,candidate
DEC029_NO_FEEDBACK,train_kb,conservative_noisy_or_conflict_adjusted,3,It is a smartphone device,has_storage_gb,1024,it is a smartphone device|has_storage_gb|1024,2,"[0.85, 0.85]",True,0,0.8685937499999999,0.8685937499999999,0.88,False,0.6375,False,False,"[""product_28"", ""product_16""]","[""unstructured"", ""unstructured""]","[""It is a smartphone device. Priced at 299 USD. The display measures 13.3 inches. Offers 1024GB of internal storage. Weighs approximately 0.18kg. Targeted at the EU market. Fast charging is no."", ""It is a smartphone device. Offers 1024GB of internal storage. Weighs approximately 0.23kg. Available in blue. Built with aluminum construction. Fast charging is no. Noise cancellation: no.""]",0,614,candidate
DEC029_NO_FEEDBACK,train_kb,conservative_noisy_or_conflict_adjusted,3,It is a smartphone device,has_weight_kg,0.18,it is a smartphone device|has_weight_kg|0.18,1,[0.85],True,1,0.6375,0.31875,0.88,False,0.6375,False,False,"[""product_28""]","[""unstructured""]","[""It is a smartphone device. Priced at 299 USD. The display measures 13.3 inches. Offers 1024GB of internal storage. Weighs approximately 0.18kg. Targeted at the EU market. Fast charging is no.""]",0,614,candidate
DEC029_NO_FEEDBACK,train_kb,conservative_noisy_or_conflict_adjusted,3,It is a smartphone device,target_market_region,EU,it is a smartphone device|target_market_region|eu,1,[0.85],True,0,0.6375,0.6375,0.88,False,0.6375,False,False,"[""product_28""]","[""unstructured""]","[""It is a smartphone device. Priced at 299 USD. The display measures 13.3 inches. Offers 1024GB of internal storage. Weighs approximately 0.18kg. Targeted at the EU market. Fast charging is no.""]",0,614,candidate
DEC029_NO_FEEDBACK,train_kb,conservative_noisy_or_conflict_adjusted,3,It is a smartphone device,supports_fast_charging,no,it is a smartphone device|supports_fast_charging|no,2,"[0.85, 0.85]",True,0,0.8685937499999999,0.8685937499999999,0.88,False,0.6375,False,False,"[""product_28"", ""product_16""]","[""unstructured"", ""unstructured""]","[""It is a smartphone device. Priced at 299 USD. The display measures 13.3 inches. Offers 1024GB of internal storage. Weighs approximately 0.18kg. Targeted at the EU market. Fast charging is no."", ""It is a smartphone device. Offers 1024GB of internal storage. Weighs approximately 0.23kg. Available in blue. Built with aluminum construction. Fast charging is no. Noise cancellation: no.""]",0,614,candidate
DEC029_NO_FEEDBACK,train_kb,conservative_noisy_or_conflict_adjusted,3,The product,has_price_usd,699,the product|has_price_usd|699,1,[0.91],True,0,0.6825,0.6825,0.88,False,0.6825,False,False,"[""product_34""]","[""unstructured""]","[""Priced at 699 USD. The display measures 6.1 inches. Offers 64GB of internal storage. Battery lasts up to 12 hours. Weighs approximately 1.8kg. Built with plastic construction. Targeted at the Global market.""]",0,614,candidate
DEC029_NO_FEEDBACK,train_kb,conservative_noisy_or_conflict_adjusted,3,The product,has_screen_size_inch,6.1,the product|has_screen_size_inch|6.1,1,[0.91],True,0,0.6825,0.6825,0.88,False,0.6825,False,False,"[""product_34""]","[""unstructured""]","[""Priced at 699 USD. The display measures 6.1 inches. Offers 64GB of internal storage. Battery lasts up to 12 hours. Weighs approximately 1.8kg. Built with plastic construction. Targeted at the Global market.""]",0,614,candidate
DEC029_NO_FEEDBACK,train_kb,conservative_noisy_or_conflict_adjusted,3,The product,has_storage_gb,64,the product|has_storage_gb|64,1,[0.91],True,0,0.6825,0.6825,0.88,False,0.6825,False,False,"[""product_34""]","[""unstructured""]","[""Priced at 699 USD. The display measures 6.1 inches. Offers 64GB of internal storage. Battery lasts up to 12 hours. Weighs approximately 1.8kg. Built with plastic construction. Targeted at the Global market.""]",0,614,candidate
DEC029_NO_FEEDBACK,train_kb,conservative_noisy_or_conflict_adjusted,3,The product,has_battery_life_hours,12,the product|has_battery_life_hours|12,1,[0.91],True,0,0.6825,0.6825,0.88,False,0.6825,False,False,"[""product_34""]","[""unstructured""]","[""Priced at 699 USD. The display measures 6.1 inches. Offers 64GB of internal storage. Battery lasts up to 12 hours. Weighs approximately 1.8kg. Built with plastic construction. Targeted at the Global market.""]",0,614,candidate
DEC029_NO_FEEDBACK,train_kb,conservative_noisy_or_conflict_adjusted,3,The product,has_weight_kg,1.8,the product|has_weight_kg|1.8,1,[0.91],True,0,0.6825,0.6825,0.88,False,0.6825,False,False,"[""product_34""]","[""unstructured""]","[""Priced at 699 USD. The display measures 6.1 inches. Offers 64GB of internal storage. Battery lasts up to 12 hours. Weighs approximately 1.8kg. Built with plastic construction. Targeted at the Global market.""]",0,614,candidate
DEC029_NO_FEEDBACK,train_kb,conservative_noisy_or_conflict_adjusted,3,The product,made_of_material,plastic,the product|made_of_material|plastic,1,[0.91],True,0,0.6825,0.6825,0.88,False,0.6825,False,False,"[""product_34""]","[""unstructured""]","[""Priced at 699 USD. The display measures 6.1 inches. Offers 64GB of internal storage. Battery lasts up to 12 hours. Weighs approximately 1.8kg. Built with plastic construction. Targeted at the Global market.""]",0,614,candidate
DEC029_NO_FEEDBACK,train_kb,conservative_noisy_or_conflict_adjusted,3,The product,target_market_region,Global,the product|target_market_region|global,1,[0.91],True,0,0.6825,0.6825,0.88,False,0.6825,False,False,"[""product_34""]","[""unstructured""]","[""Priced at 699 USD. The display measures 6.1 inches. Offers 64GB of internal storage. Battery lasts up to 12 hours. Weighs approximately 1.8kg. Built with plastic construction. Targeted at the Global market.""]",0,614,candidate
DEC029_NO_FEEDBACK,train_kb,conservative_noisy_or_conflict_adjusted,3,TechNova Smartphone Pro 1,has_noise_cancellation,yes,technova smartphone pro 1|has_noise_cancellation|yes,2,"[0.9, 0.8]",True,1,0.8700000000000001,0.43500000000000005,0.88,False,0.3375,False,False,"[""product_36"", ""product_36""]","[""unstructured"", ""unstructured""]","[""Priced at 249 USD. The display measures 6.1 inches. Comes with 12GB of RAM. Weighs approximately 0.18kg. Built with plastic construction. Targeted at the US market. Noise cancellation: yes."", ""Priced at 249 USD. The display measures 6.1 inches. Comes with 12GB of RAM. Weighs approximately 0.18kg. Built with plastic construction. Targeted at the US market. Noise cancellation: yes.""]",0,614,candidate
DEC029_NO_FEEDBACK,train_kb,conservative_noisy_or_conflict_adjusted,3,headphones device,has_screen_size_inch,13.3,headphones device|has_screen_size_inch|13.3,2,"[0.9, 0.91]",True,3,0.8968125,0.224203125,0.88,False,0.225,False,False,"[""product_43"", ""product_43""]","[""unstructured"", ""unstructured""]","[""It is a headphones device. The display measures 13.3 inches. Offers 1024GB of internal storage. Battery lasts up to 18 hours. Weighs approximately 0.23kg. Available in black. Fast charging is yes."", ""It is a headphones device. The display measures 13.3 inches. Offers 1024GB of internal storage. Battery lasts up to 18 hours. Weighs approximately 0.23kg. Available in black. Fast charging is yes.""]",0,614,candidate
DEC029_NO_FEEDBACK,train_kb,conservative_noisy_or_conflict_adjusted,3,headphones device,has_storage_gb,1024,headphones device|has_storage_gb|1024,2,"[0.9, 0.91]",True,1,0.8968125,0.44840625,0.88,False,0.3375,False,False,"[""product_43"", ""product_43""]","[""unstructured"", ""unstructured""]","[""It is a headphones device. The display measures 13.3 inches. Offers 1024GB of internal storage. Battery lasts up to 18 hours. Weighs approximately 0.23kg. Available in black. Fast charging is yes."", ""It is a headphones device. The display measures 13.3 inches. Offers 1024GB of internal storage. Battery lasts up to 18 hours. Weighs approximately 0.23kg. Available in black. Fast charging is yes.""]",0,614,candidate
DEC029_NO_FEEDBACK,train_kb,conservative_noisy_or_conflict_adjusted,3,headphones device,has_battery_life_hours,18,headphones device|has_battery_life_hours|18,2,"[0.9, 0.91]",True,2,0.8968125,0.2989375,0.88,False,0.3375,False,False,"[""product_43"", ""product_43""]","[""unstructured"", ""unstructured""]","[""It is a headphones device. The display measures 13.3 inches. Offers 1024GB of internal storage. Battery lasts up to 18 hours. Weighs approximately 0.23kg. Available in black. Fast charging is yes."", ""It is a headphones device. The display measures 13.3 inches. Offers 1024GB of internal storage. Battery lasts up to 18 hours. Weighs approximately 0.23kg. Available in black. Fast charging is yes.""]",0,614,candidate
DEC029_NO_FEEDBACK,train_kb,conservative_noisy_or_conflict_adjusted,3,headphones device,has_color,black,headphones device|has_color|black,2,"[0.9, 0.91]",False,2,0.8968125,0.8968125,0.88,True,0.675,True,False,"[""product_43"", ""product_43""]","[""unstructured"", ""unstructured""]","[""It is a headphones device. The display measures 13.3 inches. Offers 1024GB of internal storage. Battery lasts up to 18 hours. Weighs approximately 0.23kg. Available in black. Fast charging is yes."", ""It is a headphones device. The display measures 13.3 inches. Offers 1024GB of internal storage. Battery lasts up to 18 hours. Weighs approximately 0.23kg. Available in black. Fast charging is yes.""]",0,614,candidate
DEC029_NO_FEEDBACK,train_kb,conservative_noisy_or_conflict_adjusted,3,TechNova Smartphone Pro 1,has_battery_life_hours,no,technova smartphone pro 1|has_battery_life_hours|no,1,[0.8],True,3,0.6000000000000001,0.15000000000000002,0.88,False,0.20000000000000004,False,False,"[""product_45""]","[""unstructured""]","[""Priced at 1099 USD. The display measures 11.0 inches. Comes with 8GB of RAM. Built with aluminum construction. Targeted at the US market. Fast charging is yes. Noise cancellation: no.""]",0,614,candidate
DEC029_NO_FEEDBACK,train_kb,conservative_noisy_or_conflict_adjusted,3,TechNova Tablet Lite 48,belongs_to_category,tablet device,technova tablet lite 48|belongs_to_category|tablet device,1,[0.9],True,1,0.675,0.3375,0.88,False,0.3375,False,False,"[""product_48""]","[""unstructured""]","[""TechNova Tablet Lite 48 is manufactured by TechNova. It is a tablet device. The display measures 13.3 inches. Comes with 6GB of RAM. Offers 64GB of internal storage. Battery lasts up to 10 hours. Fast charging is no.""]",0,614,candidate
DEC029_NO_FEEDBACK,train_kb,conservative_noisy_or_conflict_adjusted,3,smartphone device,has_ram_gb,4,smartphone device|has_ram_gb|4,1,[0.85],True,1,0.6375,0.31875,0.88,False,0.31875,False,False,"[""product_49""]","[""unstructured""]","[""It is a smartphone device. Priced at 349 USD. Comes with 4GB of RAM. Battery lasts up to 12 hours. Weighs approximately 0.23kg. Targeted at the APAC market. Fast charging is yes.""]",0,614,candidate
DEC029_NO_FEEDBACK,train_kb,conservative_noisy_or_conflict_adjusted,3,smartphone device,has_battery_life_hours,12,smartphone device|has_battery_life_hours|12,1,[0.85],True,0,0.6375,0.6375,0.88,False,0.6375,False,False,"[""product_49""]","[""unstructured""]","[""It is a smartphone device. Priced at 349 USD. Comes with 4GB of RAM. Battery lasts up to 12 hours. Weighs approximately 0.23kg. Targeted at the APAC market. Fast charging is yes.""]",0,614,candidate
DEC029_NO_FEEDBACK,train_kb,conservative_noisy_or_conflict_adjusted,3,smartphone device,has_weight_kg,0.23,smartphone device|has_weight_kg|0.23,1,[0.85],True,1,0.6375,0.31875,0.88,False,0.31875,False,False,"[""product_49""]","[""unstructured""]","[""It is a smartphone device. Priced at 349 USD. Comes with 4GB of RAM. Battery lasts up to 12 hours. Weighs approximately 0.23kg. Targeted at the APAC market. Fast charging is yes.""]",0,614,candidate
DEC029_NO_FEEDBACK,train_kb,conservative_noisy_or_conflict_adjusted,3,smartphone device,target_market_region,APAC,smartphone device|target_market_region|apac,1,[0.85],True,0,0.6375,0.6375,0.88,False,0.6375,False,False,"[""product_49""]","[""unstructured""]","[""It is a smartphone device. Priced at 349 USD. Comes with 4GB of RAM. Battery lasts up to 12 hours. Weighs approximately 0.23kg. Targeted at the APAC market. Fast charging is yes.""]",0,614,candidate
DEC029_NO_FEEDBACK,train_kb,conservative_noisy_or_conflict_adjusted,3,smartphone device,supports_fast_charging,yes,smartphone device|supports_fast_charging|yes,1,[0.85],True,1,0.6375,0.31875,0.88,False,0.6375,False,False,"[""product_49""]","[""unstructured""]","[""It is a smartphone device. Priced at 349 USD. Comes with 4GB of RAM. Battery lasts up to 12 hours. Weighs approximately 0.23kg. Targeted at the APAC market. Fast charging is yes.""]",0,614,candidate
DEC029_NO_FEEDBACK,train_kb,conservative_noisy_or_conflict_adjusted,3,smartphone device,supports_fast_charging,no,smartphone device|supports_fast_charging|no,1,[0.91],True,1,0.6825,0.34125,0.88,False,,False,False,"[""product_13""]","[""unstructured""]","[""It is a smartphone device. Priced at 349 USD. The display measures 15.6 inches. Comes with 6GB of RAM. Weighs approximately 0.18kg. Built with carbon fiber construction. Noise cancellation: no.""]",0,614,candidate
DEC029_NO_FEEDBACK,train_kb,conservative_noisy_or_conflict_adjusted,3,It is a smartphone device,has_weight_kg,0.23,it is a smartphone device|has_weight_kg|0.23,1,[0.85],True,1,0.6375,0.31875,0.88,False,,False,False,"[""product_16""]","[""unstructured""]","[""It is a smartphone device. Offers 1024GB of internal storage. Weighs approximately 0.23kg. Available in blue. Built with aluminum construction. Fast charging is no. Noise cancellation: no.""]",0,614,candidate
DEC029_NO_FEEDBACK,train_kb,conservative_noisy_or_conflict_adjusted,3,It is a smartphone device,has_color,blue,it is a smartphone device|has_color|blue,1,[0.85],False,0,0.6375,0.6375,0.88,False,,False,False,"[""product_16""]","[""unstructured""]","[""It is a smartphone device. Offers 1024GB of internal storage. Weighs approximately 0.23kg. Available in blue. Built with aluminum construction. Fast charging is no. Noise cancellation: no.""]",0,614,candidate
DEC029_NO_FEEDBACK,train_kb,conservative_noisy_or_conflict_adjusted,3,It is a smartphone device,made_of_material,aluminum,it is a smartphone device|made_of_material|aluminum,1,[0.85],True,0,0.6375,0.6375,0.88,False,,False,False,"[""product_16""]","[""unstructured""]","[""It is a smartphone device. Offers 1024GB of internal storage. Weighs approximately 0.23kg. Available in blue. Built with aluminum construction. Fast charging is no. Noise cancellation: no.""]",0,614,candidate
DEC029_NO_FEEDBACK,train_kb,conservative_noisy_or_conflict_adjusted,3,It is a smartphone device,has_noise_cancellation,no,it is a smartphone device|has_noise_cancellation|no,1,[0.85],True,0,0.6375,0.6375,0.88,False,,False,False,"[""product_16""]","[""unstructured""]","[""It is a smartphone device. Offers 1024GB of internal storage. Weighs approximately 0.23kg. Available in blue. Built with aluminum construction. Fast charging is no. Noise cancellation: no.""]",0,614,candidate
DEC029_NO_FEEDBACK,train_kb,conservative_noisy_or_conflict_adjusted,3,Smartphone,has_price_usd,699,smartphone|has_price_usd|699,1,[0.91],True,0,0.6825,0.6825,0.88,False,,False,False,"[""product_34""]","[""unstructured""]","[""Priced at 699 USD. The display measures 6.1 inches. Offers 64GB of internal storage. Battery lasts up to 12 hours. Weighs approximately 1.8kg. Built with plastic construction. Targeted at the Global market.""]",0,614,candidate
DEC029_NO_FEEDBACK,train_kb,conservative_noisy_or_conflict_adjusted,3,Smartphone,has_screen_size_inch,6.1,smartphone|has_screen_size_inch|6.1,1,[0.91],True,0,0.6825,0.6825,0.88,False,,False,False,"[""product_34""]","[""unstructured""]","[""Priced at 699 USD. The display measures 6.1 inches. Offers 64GB of internal storage. Battery lasts up to 12 hours. Weighs approximately 1.8kg. Built with plastic construction. Targeted at the Global market.""]",0,614,candidate
DEC029_NO_FEEDBACK,train_kb,conservative_noisy_or_conflict_adjusted,3,Smartphone,has_storage_gb,64,smartphone|has_storage_gb|64,1,[0.91],True,0,0.6825,0.6825,0.88,False,,False,False,"[""product_34""]","[""unstructured""]","[""Priced at 699 USD. The display measures 6.1 inches. Offers 64GB of internal storage. Battery lasts up to 12 hours. Weighs approximately 1.8kg. Built with plastic construction. Targeted at the Global market.""]",0,614,candidate
DEC029_NO_FEEDBACK,train_kb,conservative_noisy_or_conflict_adjusted,3,Smartphone,has_battery_life_hours,12,smartphone|has_battery_life_hours|12,1,[0.91],True,0,0.6825,0.6825,0.88,False,,False,False,"[""product_34""]","[""unstructured""]","[""Priced at 699 USD. The display measures 6.1 inches. Offers 64GB of internal storage. Battery lasts up to 12 hours. Weighs approximately 1.8kg. Built with plastic construction. Targeted at the Global market.""]",0,614,candidate
DEC029_NO_FEEDBACK,train_kb,conservative_noisy_or_conflict_adjusted,3,Smartphone,has_weight_kg,1.8,smartphone|has_weight_kg|1.8,1,[0.91],True,0,0.6825,0.6825,0.88,False,,False,False,"[""product_34""]","[""unstructured""]","[""Priced at 699 USD. The display measures 6.1 inches. Offers 64GB of internal storage. Battery lasts up to 12 hours. Weighs approximately 1.8kg. Built with plastic construction. Targeted at the Global market.""]",0,614,candidate
DEC029_NO_FEEDBACK,train_kb,conservative_noisy_or_conflict_adjusted,3,Smartphone,made_of_material,plastic,smartphone|made_of_material|plastic,1,[0.91],True,0,0.6825,0.6825,0.88,False,,False,False,"[""product_34""]","[""unstructured""]","[""Priced at 699 USD. The display measures 6.1 inches. Offers 64GB of internal storage. Battery lasts up to 12 hours. Weighs approximately 1.8kg. Built with plastic construction. Targeted at the Global market.""]",0,614,candidate
DEC029_NO_FEEDBACK,train_kb,conservative_noisy_or_conflict_adjusted,3,Smartphone,target_market_region,Global,smartphone|target_market_region|global,1,[0.91],True,0,0.6825,0.6825,0.88,False,,False,False,"[""product_34""]","[""unstructured""]","[""Priced at 699 USD. The display measures 6.1 inches. Offers 64GB of internal storage. Battery lasts up to 12 hours. Weighs approximately 1.8kg. Built with plastic construction. Targeted at the Global market.""]",0,614,candidate
DEC029_NO_FEEDBACK,train_kb,conservative_noisy_or_conflict_adjusted,3,Zenbyte Tablet Max 40,has_ram_gb,6GB,zenbyte tablet max 40|has_ram_gb|6gb,1,[0.91],True,1,0.6825,0.34125,0.88,False,,False,False,"[""product_40""]","[""unstructured""]","[""Zenbyte Tablet Max 40 is manufactured by Zenbyte. It is a tablet device. The display measures 14.0 inches. Comes with 6GB of RAM. Battery lasts up to 14 hours. Available in green. Fast charging is no.""]",0,614,candidate
DEC029_NO_FEEDBACK,train_kb,conservative_noisy_or_conflict_adjusted,3,TechNova Smartphone Pro 1,has_screen_size_inch,6.7,technova smartphone pro 1|has_screen_size_inch|6.7,1,[0.85],True,3,0.6375,0.159375,0.88,False,,False,False,"[""product_41""]","[""unstructured""]","[""It is a tablet device. The display measures 6.7 inches. Battery lasts up to 10 hours. Available in green. Built with aluminum construction. Fast charging is no. Noise cancellation: no.""]",0,614,candidate
DEC029_NO_FEEDBACK,train_kb,conservative_noisy_or_conflict_adjusted,3,TechNova Smartphone Pro 1,has_battery_life_hours,10,technova smartphone pro 1|has_battery_life_hours|10,1,[0.85],True,3,0.6375,0.159375,0.88,False,,False,False,"[""product_41""]","[""unstructured""]","[""It is a tablet device. The display measures 6.7 inches. Battery lasts up to 10 hours. Available in green. Built with aluminum construction. Fast charging is no. Noise cancellation: no.""]",0,614,candidate
DEC029_NO_FEEDBACK,train_kb,conservative_noisy_or_conflict_adjusted,3,TechNova Smartphone Pro 1,has_color,green,technova smartphone pro 1|has_color|green,1,[0.85],False,2,0.6375,0.6375,0.88,False,,False,False,"[""product_41""]","[""unstructured""]","[""It is a tablet device. The display measures 6.7 inches. Battery lasts up to 10 hours. Available in green. Built with aluminum construction. Fast charging is no. Noise cancellation: no.""]",0,614,candidate
DEC029_NO_FEEDBACK,train_kb,conservative_noisy_or_conflict_adjusted,3,headphones device,has_price_usd,1299,headphones device|has_price_usd|1299,1,[0.95],True,1,0.7124999999999999,0.35624999999999996,0.88,False,,False,False,"[""product_47""]","[""unstructured""]","[""It is a headphones device. Priced at 1299 USD. The display measures 6.1 inches. Battery lasts up to 24 hours. Available in silver. Built with plastic construction. Noise cancellation: no.""]",0,614,candidate
DEC029_NO_FEEDBACK,train_kb,conservative_noisy_or_conflict_adjusted,3,headphones device,has_screen_size_inch,6.1,headphones device|has_screen_size_inch|6.1,1,[0.95],True,3,0.7124999999999999,0.17812499999999998,0.88,False,,False,False,"[""product_47""]","[""unstructured""]","[""It is a headphones device. Priced at 1299 USD. The display measures 6.1 inches. Battery lasts up to 24 hours. Available in silver. Built with plastic construction. Noise cancellation: no.""]",0,614,candidate
DEC029_NO_FEEDBACK,train_kb,conservative_noisy_or_conflict_adjusted,3,headphones device,has_battery_life_hours,24,headphones device|has_battery_life_hours|24,1,[0.95],True,2,0.7124999999999999,0.23749999999999996,0.88,False,,False,False,"[""product_47""]","[""unstructured""]","[""It is a headphones device. Priced at 1299 USD. The display measures 6.1 inches. Battery lasts up to 24 hours. Available in silver. Built with plastic construction. Noise cancellation: no.""]",0,614,candidate
DEC029_NO_FEEDBACK,train_kb,conservative_noisy_or_conflict_adjusted,3,headphones device,has_color,silver,headphones device|has_color|silver,1,[0.95],False,2,0.7124999999999999,0.7124999999999999,0.88,False,,False,False,"[""product_47""]","[""unstructured""]","[""It is a headphones device. Priced at 1299 USD. The display measures 6.1 inches. Battery lasts up to 24 hours. Available in silver. Built with plastic construction. Noise cancellation: no.""]",0,614,candidate
DEC029_NO_FEEDBACK,train_kb,conservative_noisy_or_conflict_adjusted,3,headphones device,has_noise_cancellation,no,headphones device|has_noise_cancellation|no,1,[0.95],True,0,0.7124999999999999,0.7124999999999999,0.88,False,,False,False,"[""product_47""]","[""unstructured""]","[""It is a headphones device. Priced at 1299 USD. The display measures 6.1 inches. Battery lasts up to 24 hours. Available in silver. Built with plastic construction. Noise cancellation: no.""]",0,614,candidate
DEC029_NO_FEEDBACK,train_kb,conservative_noisy_or_conflict_adjusted,3,It,has_ram_gb,4,it|has_ram_gb|4,1,[0.91],True,1,0.6825,0.34125,0.88,False,,False,False,"[""product_49""]","[""unstructured""]","[""It is a smartphone device. Priced at 349 USD. Comes with 4GB of RAM. Battery lasts up to 12 hours. Weighs approximately 0.23kg. Targeted at the APAC market. Fast charging is yes.""]",0,614,candidate
DEC029_NO_FEEDBACK,train_kb,conservative_noisy_or_conflict_adjusted,3,It,has_battery_life_hours,12,it|has_battery_life_hours|12,1,[0.91],True,0,0.6825,0.6825,0.88,False,,False,False,"[""product_49""]","[""unstructured""]","[""It is a smartphone device. Priced at 349 USD. Comes with 4GB of RAM. Battery lasts up to 12 hours. Weighs approximately 0.23kg. Targeted at the APAC market. Fast charging is yes.""]",0,614,candidate
DEC029_NO_FEEDBACK,train_kb,conservative_noisy_or_conflict_adjusted,3,It,has_weight_kg,0.23,it|has_weight_kg|0.23,1,[0.91],True,1,0.6825,0.34125,0.88,False,,False,False,"[""product_49""]","[""unstructured""]","[""It is a smartphone device. Priced at 349 USD. Comes with 4GB of RAM. Battery lasts up to 12 hours. Weighs approximately 0.23kg. Targeted at the APAC market. Fast charging is yes.""]",0,614,candidate
DEC029_NO_FEEDBACK,train_kb,conservative_noisy_or_conflict_adjusted,3,It,target_market_region,APAC,it|target_market_region|apac,1,[0.91],True,0,0.6825,0.6825,0.88,False,,False,False,"[""product_49""]","[""unstructured""]","[""It is a smartphone device. Priced at 349 USD. Comes with 4GB of RAM. Battery lasts up to 12 hours. Weighs approximately 0.23kg. Targeted at the APAC market. Fast charging is yes.""]",0,614,candidate
DEC029_NO_FEEDBACK,train_kb,conservative_noisy_or_conflict_adjusted,3,It,supports_fast_charging,yes,it|supports_fast_charging|yes,1,[0.91],True,0,0.6825,0.6825,0.88,False,,False,False,"[""product_49""]","[""unstructured""]","[""It is a smartphone device. Priced at 349 USD. Comes with 4GB of RAM. Battery lasts up to 12 hours. Weighs approximately 0.23kg. Targeted at the APAC market. Fast charging is yes.""]",0,614,candidate
