experiment_id,run_id,prob_kb_version,iteration,subject,predicate,object,triple_key,observation_count,observation_confidences,functional_predicate,competitor_count,conservative_noisy_or_support,conflict_adjusted_final_confidence,threshold,above_threshold,previous_final_confidence,crossed_threshold_up,crossed_threshold_down,source_ids,source_types,provenance,gold_label,kb_size,status
DEC005_FULL,train_kb,conservative_noisy_or_conflict_adjusted,4,Auralex Smartphone Max 1,manufactured_by,Auralex,auralex smartphone max 1|manufactured_by|auralex,4,"[0.98, 0.95, 0.924, 0.977]",True,0,0.993749139421875,0.993749139421875,0.88,True,0.993749139421875,False,False,"[""product_1"", ""product_1"", ""product_1"", ""product_1""]","[""structured"", ""unstructured"", ""unstructured"", ""unstructured""]","[""structured_row:Auralex Smartphone Max 1"", ""Auralex Smartphone Max 1 is manufactured by Auralex. It is a smartphone device. The display measures 14.0 inches. Comes with 32GB of RAM. Built with aluminum construction. Fast charging is no. Noise cancellation: no."", ""Auralex Smartphone Max 1 is manufactured by Auralex. It is a smartphone device. The display measures 14.0 inches. Comes with 32GB of RAM. Built with aluminum construction. Fast charging is no. Noise cancellation: no."", ""Auralex Smartphone Max 1 is manufactured by Auralex. It is a smartphone device. The display measures 14.0 inches. Comes with 32GB of RAM. Built with aluminum construction. Fast charging is no. Noise cancellation: no.""]",1,220,candidate
DEC005_FULL,train_kb,conservative_noisy_or_conflict_adjusted,4,Auralex Smartphone Max 1,belongs_to_category,smartphone,auralex smartphone max 1|belongs_to_category|smartphone,1,[0.98],True,0,0.735,0.735,0.88,False,0.735,False,False,"[""product_1""]","[""structured""]","[""structured_row:Auralex Smartphone Max 1""]",1,220,candidate
DEC005_FULL,train_kb,conservative_noisy_or_conflict_adjusted,4,Auralex Smartphone Max 1,has_price_usd,249,auralex smartphone max 1|has_price_usd|249,1,[0.98],True,0,0.735,0.735,0.88,False,0.735,False,False,"[""product_1""]","[""structured""]","[""structured_row:Auralex Smartphone Max 1""]",0,220,candidate
DEC005_FULL,train_kb,conservative_noisy_or_conflict_adjusted,4,Auralex Smartphone Max 1,has_screen_size_inch,14.0,auralex smartphone max 1|has_screen_size_inch|14.0,4,"[0.98, 0.95, 0.924, 0.977]",True,0,0.993749139421875,0.993749139421875,0.88,True,0.993749139421875,False,False,"[""product_1"", ""product_1"", ""product_1"", ""product_1""]","[""structured"", ""unstructured"", ""unstructured"", ""unstructured""]","[""structured_row:Auralex Smartphone Max 1"", ""Auralex Smartphone Max 1 is manufactured by Auralex. It is a smartphone device. The display measures 14.0 inches. Comes with 32GB of RAM. Built with aluminum construction. Fast charging is no. Noise cancellation: no."", ""Auralex Smartphone Max 1 is manufactured by Auralex. It is a smartphone device. The display measures 14.0 inches. Comes with 32GB of RAM. Built with aluminum construction. Fast charging is no. Noise cancellation: no."", ""Auralex Smartphone Max 1 is manufactured by Auralex. It is a smartphone device. The display measures 14.0 inches. Comes with 32GB of RAM. Built with aluminum construction. Fast charging is no. Noise cancellation: no.""]",1,220,candidate
DEC005_FULL,train_kb,conservative_noisy_or_conflict_adjusted,4,Auralex Smartphone Max 1,has_ram_gb,32,auralex smartphone max 1|has_ram_gb|32,4,"[0.98, 0.95, 0.924, 0.977]",True,0,0.993749139421875,0.993749139421875,0.88,True,0.993749139421875,False,False,"[""product_1"", ""product_1"", ""product_1"", ""product_1""]","[""structured"", ""unstructured"", ""unstructured"", ""unstructured""]","[""structured_row:Auralex Smartphone Max 1"", ""Auralex Smartphone Max 1 is manufactured by Auralex. It is a smartphone device. The display measures 14.0 inches. Comes with 32GB of RAM. Built with aluminum construction. Fast charging is no. Noise cancellation: no."", ""Auralex Smartphone Max 1 is manufactured by Auralex. It is a smartphone device. The display measures 14.0 inches. Comes with 32GB of RAM. Built with aluminum construction. Fast charging is no. Noise cancellation: no."", ""Auralex Smartphone Max 1 is manufactured by Auralex. It is a smartphone device. The display measures 14.0 inches. Comes with 32GB of RAM. Built with aluminum construction. Fast charging is no. Noise cancellation: no.""]",1,220,candidate
DEC005_FULL,train_kb,conservative_noisy_or_conflict_adjusted,4,Auralex Smartphone Max 1,has_storage_gb,1024,auralex smartphone max 1|has_storage_gb|1024,1,[0.98],True,0,0.735,0.735,0.88,False,0.735,False,False,"[""product_1""]","[""structured""]","[""structured_row:Auralex Smartphone Max 1""]",0,220,candidate
DEC005_FULL,train_kb,conservative_noisy_or_conflict_adjusted,4,Auralex Smartphone Max 1,has_battery_life_hours,8,auralex smartphone max 1|has_battery_life_hours|8,1,[0.98],True,0,0.735,0.735,0.88,False,0.735,False,False,"[""product_1""]","[""structured""]","[""structured_row:Auralex Smartphone Max 1""]",0,220,candidate
DEC005_FULL,train_kb,conservative_noisy_or_conflict_adjusted,4,Auralex Smartphone Max 1,has_weight_kg,1.2,auralex smartphone max 1|has_weight_kg|1.2,1,[0.98],True,0,0.735,0.735,0.88,False,0.735,False,False,"[""product_1""]","[""structured""]","[""structured_row:Auralex Smartphone Max 1""]",0,220,candidate
DEC005_FULL,train_kb,conservative_noisy_or_conflict_adjusted,4,Auralex Smartphone Max 1,has_color,blue,auralex smartphone max 1|has_color|blue,1,[0.98],False,0,0.735,0.735,0.88,False,0.735,False,False,"[""product_1""]","[""structured""]","[""structured_row:Auralex Smartphone Max 1""]",0,220,candidate
DEC005_FULL,train_kb,conservative_noisy_or_conflict_adjusted,4,Auralex Smartphone Max 1,made_of_material,aluminum,auralex smartphone max 1|made_of_material|aluminum,4,"[0.98, 0.95, 0.924, 0.977]",True,0,0.993749139421875,0.993749139421875,0.88,True,0.993749139421875,False,False,"[""product_1"", ""product_1"", ""product_1"", ""product_1""]","[""structured"", ""unstructured"", ""unstructured"", ""unstructured""]","[""structured_row:Auralex Smartphone Max 1"", ""Auralex Smartphone Max 1 is manufactured by Auralex. It is a smartphone device. The display measures 14.0 inches. Comes with 32GB of RAM. Built with aluminum construction. Fast charging is no. Noise cancellation: no."", ""Auralex Smartphone Max 1 is manufactured by Auralex. It is a smartphone device. The display measures 14.0 inches. Comes with 32GB of RAM. Built with aluminum construction. Fast charging is no. Noise cancellation: no."", ""Auralex Smartphone Max 1 is manufactured by Auralex. It is a smartphone device. The display measures 14.0 inches. Comes with 32GB of RAM. Built with aluminum construction. Fast charging is no. Noise cancellation: no.""]",1,220,candidate
DEC005_FULL,train_kb,conservative_noisy_or_conflict_adjusted,4,Auralex Smartphone Max 1,target_market_region,US,auralex smartphone max 1|target_market_region|us,1,[0.98],True,0,0.735,0.735,0.88,False,0.735,False,False,"[""product_1""]","[""structured""]","[""structured_row:Auralex Smartphone Max 1""]",0,220,candidate
DEC005_FULL,train_kb,conservative_noisy_or_conflict_adjusted,4,Auralex Smartphone Max 1,supports_fast_charging,no,auralex smartphone max 1|supports_fast_charging|no,4,"[0.98, 0.95, 0.924, 0.977]",True,0,0.993749139421875,0.993749139421875,0.88,True,0.993749139421875,False,False,"[""product_1"", ""product_1"", ""product_1"", ""product_1""]","[""structured"", ""unstructured"", ""unstructured"", ""unstructured""]","[""structured_row:Auralex Smartphone Max 1"", ""Auralex Smartphone Max 1 is manufactured by Auralex. It is a smartphone device. The display measures 14.0 inches. Comes with 32GB of RAM. Built with aluminum construction. Fast charging is no. Noise cancellation: no."", ""Auralex Smartphone Max 1 is manufactured by Auralex. It is a smartphone device. The display measures 14.0 inches. Comes with 32GB of RAM. Built with aluminum construction. Fast charging is no. Noise cancellation: no."", ""Auralex Smartphone Max 1 is manufactured by Auralex. It is a smartphone device. The display measures 14.0 inches. Comes with 32GB of RAM. Built with aluminum construction. Fast charging is no. Noise cancellation: no.""]",1,220,candidate
DEC005_FULL,train_kb,conservative_noisy_or_conflict_adjusted,4,Auralex Smartphone Max 1,has_noise_cancellation,no,auralex smartphone max 1|has_noise_cancellation|no,4,"[0.98, 0.95, 0.924, 0.977]",True,0,0.993749139421875,0.993749139421875,0.88,True,0.993749139421875,False,False,"[""product_1"", ""product_1"", ""product_1"", ""product_1""]","[""structured"", ""unstructured"", ""unstructured"", ""unstructured""]","[""structured_row:Auralex Smartphone Max 1"", ""Auralex Smartphone Max 1 is manufactured by Auralex. It is a smartphone device. The display measures 14.0 inches. Comes with 32GB of RAM. Built with aluminum construction. Fast charging is no. Noise cancellation: no."", ""Auralex Smartphone Max 1 is manufactured by Auralex. It is a smartphone device. The display measures 14.0 inches. Comes with 32GB of RAM. Built with aluminum construction. Fast charging is no. Noise cancellation: no."", ""Auralex Smartphone Max 1 is manufactured by Auralex. It is a smartphone device. The display measures 14.0 inches. Comes with 32GB of RAM. Built with aluminum construction. Fast charging is no. Noise cancellation: no.""]",1,220,candidate
DEC005_FULL,train_kb,conservative_noisy_or_conflict_adjusted,4,TechNova Laptop Air 2,manufactured_by,TechNova,technova laptop air 2|manufactured_by|technova,1,[0.98],True,0,0.735,0.735,0.88,False,0.735,False,False,"[""product_2""]","[""structured""]","[""structured_row:TechNova Laptop Air 2""]",0,220,candidate
DEC005_FULL,train_kb,conservative_noisy_or_conflict_adjusted,4,TechNova Laptop Air 2,belongs_to_category,laptop,technova laptop air 2|belongs_to_category|laptop,1,[0.98],True,0,0.735,0.735,0.88,False,0.735,False,False,"[""product_2""]","[""structured""]","[""structured_row:TechNova Laptop Air 2""]",1,220,candidate
DEC005_FULL,train_kb,conservative_noisy_or_conflict_adjusted,4,TechNova Laptop Air 2,has_price_usd,499,technova laptop air 2|has_price_usd|499,1,[0.98],True,0,0.735,0.735,0.88,False,0.735,False,False,"[""product_2""]","[""structured""]","[""structured_row:TechNova Laptop Air 2""]",1,220,candidate
DEC005_FULL,train_kb,conservative_noisy_or_conflict_adjusted,4,TechNova Laptop Air 2,has_screen_size_inch,15.6,technova laptop air 2|has_screen_size_inch|15.6,1,[0.98],True,0,0.735,0.735,0.88,False,0.735,False,False,"[""product_2""]","[""structured""]","[""structured_row:TechNova Laptop Air 2""]",1,220,candidate
DEC005_FULL,train_kb,conservative_noisy_or_conflict_adjusted,4,TechNova Laptop Air 2,has_ram_gb,4,technova laptop air 2|has_ram_gb|4,1,[0.98],True,0,0.735,0.735,0.88,False,0.735,False,False,"[""product_2""]","[""structured""]","[""structured_row:TechNova Laptop Air 2""]",1,220,candidate
DEC005_FULL,train_kb,conservative_noisy_or_conflict_adjusted,4,TechNova Laptop Air 2,has_storage_gb,128,technova laptop air 2|has_storage_gb|128,1,[0.98],True,0,0.735,0.735,0.88,False,0.735,False,False,"[""product_2""]","[""structured""]","[""structured_row:TechNova Laptop Air 2""]",1,220,candidate
DEC005_FULL,train_kb,conservative_noisy_or_conflict_adjusted,4,TechNova Laptop Air 2,has_battery_life_hours,20,technova laptop air 2|has_battery_life_hours|20,1,[0.98],True,0,0.735,0.735,0.88,False,0.735,False,False,"[""product_2""]","[""structured""]","[""structured_row:TechNova Laptop Air 2""]",0,220,candidate
DEC005_FULL,train_kb,conservative_noisy_or_conflict_adjusted,4,TechNova Laptop Air 2,has_weight_kg,0.55,technova laptop air 2|has_weight_kg|0.55,1,[0.98],True,0,0.735,0.735,0.88,False,0.735,False,False,"[""product_2""]","[""structured""]","[""structured_row:TechNova Laptop Air 2""]",0,220,candidate
DEC005_FULL,train_kb,conservative_noisy_or_conflict_adjusted,4,TechNova Laptop Air 2,has_color,green,technova laptop air 2|has_color|green,1,[0.98],False,0,0.735,0.735,0.88,False,0.735,False,False,"[""product_2""]","[""structured""]","[""structured_row:TechNova Laptop Air 2""]",1,220,candidate
DEC005_FULL,train_kb,conservative_noisy_or_conflict_adjusted,4,TechNova Laptop Air 2,made_of_material,plastic,technova laptop air 2|made_of_material|plastic,1,[0.98],True,0,0.735,0.735,0.88,False,0.735,False,False,"[""product_2""]","[""structured""]","[""structured_row:TechNova Laptop Air 2""]",0,220,candidate
DEC005_FULL,train_kb,conservative_noisy_or_conflict_adjusted,4,TechNova Laptop Air 2,target_market_region,US,technova laptop air 2|target_market_region|us,1,[0.98],True,0,0.735,0.735,0.88,False,0.735,False,False,"[""product_2""]","[""structured""]","[""structured_row:TechNova Laptop Air 2""]",1,220,candidate
DEC005_FULL,train_kb,conservative_noisy_or_conflict_adjusted,4,TechNova Laptop Air 2,supports_fast_charging,no,technova laptop air 2|supports_fast_charging|no,1,[0.98],True,0,0.735,0.735,0.88,False,0.735,False,False,"[""product_2""]","[""structured""]","[""structured_row:TechNova Laptop Air 2""]",0,220,candidate
DEC005_FULL,train_kb,conservative_noisy_or_conflict_adjusted,4,TechNova Laptop Air 2,has_noise_cancellation,no,technova laptop air 2|has_noise_cancellation|no,1,[0.98],True,0,0.735,0.735,0.88,False,0.735,False,False,"[""product_2""]","[""structured""]","[""structured_row:TechNova Laptop Air 2""]",0,220,candidate
DEC005_FULL,train_kb,conservative_noisy_or_conflict_adjusted,4,laptop device,has_price_usd,499,laptop device|has_price_usd|499,1,[0.91],True,1,0.6825,0.34125,0.88,False,0.34125,False,False,"[""product_2""]","[""unstructured""]","[""It is a laptop device. Priced at 499 USD. The display measures 15.6 inches. Comes with 4GB of RAM. Offers 128GB of internal storage. Available in green. Targeted at the US market.""]",0,220,candidate
DEC005_FULL,train_kb,conservative_noisy_or_conflict_adjusted,4,laptop device,has_screen_size_inch,15.6,laptop device|has_screen_size_inch|15.6,1,[0.91],True,0,0.6825,0.6825,0.88,False,0.6825,False,False,"[""product_2""]","[""unstructured""]","[""It is a laptop device. Priced at 499 USD. The display measures 15.6 inches. Comes with 4GB of RAM. Offers 128GB of internal storage. Available in green. Targeted at the US market.""]",0,220,candidate
DEC005_FULL,train_kb,conservative_noisy_or_conflict_adjusted,4,laptop device,has_ram_gb,4,laptop device|has_ram_gb|4,1,[0.91],True,0,0.6825,0.6825,0.88,False,0.6825,False,False,"[""product_2""]","[""unstructured""]","[""It is a laptop device. Priced at 499 USD. The display measures 15.6 inches. Comes with 4GB of RAM. Offers 128GB of internal storage. Available in green. Targeted at the US market.""]",0,220,candidate
DEC005_FULL,train_kb,conservative_noisy_or_conflict_adjusted,4,laptop device,has_storage_gb,128,laptop device|has_storage_gb|128,1,[0.91],True,0,0.6825,0.6825,0.88,False,0.6825,False,False,"[""product_2""]","[""unstructured""]","[""It is a laptop device. Priced at 499 USD. The display measures 15.6 inches. Comes with 4GB of RAM. Offers 128GB of internal storage. Available in green. Targeted at the US market.""]",0,220,candidate
DEC005_FULL,train_kb,conservative_noisy_or_conflict_adjusted,4,laptop device,has_color,green,laptop device|has_color|green,2,"[0.91, 0.95]",False,0,0.90871875,0.90871875,0.88,True,0.90871875,False,False,"[""product_2"", ""product_9""]","[""unstructured"", ""unstructured""]","[""It is a laptop device. Priced at 499 USD. The display measures 15.6 inches. Comes with 4GB of RAM. Offers 128GB of internal storage. Available in green. Targeted at the US market."", ""It is a laptop device. Priced at 199 USD. Weighs approximately 0.18kg. Available in green. Built with aluminum construction. Targeted at the APAC market. Fast charging is yes.""]",0,220,candidate
DEC005_FULL,train_kb,conservative_noisy_or_conflict_adjusted,4,laptop device,target_market_region,US,laptop device|target_market_region|us,1,[0.91],True,1,0.6825,0.34125,0.88,False,0.34125,False,False,"[""product_2""]","[""unstructured""]","[""It is a laptop device. Priced at 499 USD. The display measures 15.6 inches. Comes with 4GB of RAM. Offers 128GB of internal storage. Available in green. Targeted at the US market.""]",0,220,candidate
DEC005_FULL,train_kb,conservative_noisy_or_conflict_adjusted,4,Auralex Headphones Air 8,manufactured_by,Auralex,auralex headphones air 8|manufactured_by|auralex,1,[0.98],True,0,0.735,0.735,0.88,False,0.735,False,False,"[""product_8""]","[""structured""]","[""structured_row:Auralex Headphones Air 8""]",0,220,candidate
DEC005_FULL,train_kb,conservative_noisy_or_conflict_adjusted,4,Auralex Headphones Air 8,belongs_to_category,headphones,auralex headphones air 8|belongs_to_category|headphones,1,[0.98],True,0,0.735,0.735,0.88,False,0.735,False,False,"[""product_8""]","[""structured""]","[""structured_row:Auralex Headphones Air 8""]",0,220,candidate
DEC005_FULL,train_kb,conservative_noisy_or_conflict_adjusted,4,Auralex Headphones Air 8,has_price_usd,199,auralex headphones air 8|has_price_usd|199,1,[0.98],True,0,0.735,0.735,0.88,False,0.735,False,False,"[""product_8""]","[""structured""]","[""structured_row:Auralex Headphones Air 8""]",1,220,candidate
DEC005_FULL,train_kb,conservative_noisy_or_conflict_adjusted,4,Auralex Headphones Air 8,has_screen_size_inch,14.0,auralex headphones air 8|has_screen_size_inch|14.0,1,[0.98],True,0,0.735,0.735,0.88,False,0.735,False,False,"[""product_8""]","[""structured""]","[""structured_row:Auralex Headphones Air 8""]",1,220,candidate
DEC005_FULL,train_kb,conservative_noisy_or_conflict_adjusted,4,Auralex Headphones Air 8,has_ram_gb,32,auralex headphones air 8|has_ram_gb|32,1,[0.98],True,0,0.735,0.735,0.88,False,0.735,False,False,"[""product_8""]","[""structured""]","[""structured_row:Auralex Headphones Air 8""]",1,220,candidate
DEC005_FULL,train_kb,conservative_noisy_or_conflict_adjusted,4,Auralex Headphones Air 8,has_storage_gb,256,auralex headphones air 8|has_storage_gb|256,1,[0.98],True,0,0.735,0.735,0.88,False,0.735,False,False,"[""product_8""]","[""structured""]","[""structured_row:Auralex Headphones Air 8""]",0,220,candidate
DEC005_FULL,train_kb,conservative_noisy_or_conflict_adjusted,4,Auralex Headphones Air 8,has_battery_life_hours,18,auralex headphones air 8|has_battery_life_hours|18,1,[0.98],True,0,0.735,0.735,0.88,False,0.735,False,False,"[""product_8""]","[""structured""]","[""structured_row:Auralex Headphones Air 8""]",0,220,candidate
DEC005_FULL,train_kb,conservative_noisy_or_conflict_adjusted,4,Auralex Headphones Air 8,has_weight_kg,1.8,auralex headphones air 8|has_weight_kg|1.8,1,[0.98],True,0,0.735,0.735,0.88,False,0.735,False,False,"[""product_8""]","[""structured""]","[""structured_row:Auralex Headphones Air 8""]",1,220,candidate
DEC005_FULL,train_kb,conservative_noisy_or_conflict_adjusted,4,Auralex Headphones Air 8,has_color,blue,auralex headphones air 8|has_color|blue,1,[0.98],False,0,0.735,0.735,0.88,False,0.735,False,False,"[""product_8""]","[""structured""]","[""structured_row:Auralex Headphones Air 8""]",1,220,candidate
DEC005_FULL,train_kb,conservative_noisy_or_conflict_adjusted,4,Auralex Headphones Air 8,made_of_material,plastic,auralex headphones air 8|made_of_material|plastic,1,[0.98],True,0,0.735,0.735,0.88,False,0.735,False,False,"[""product_8""]","[""structured""]","[""structured_row:Auralex Headphones Air 8""]",0,220,candidate
DEC005_FULL,train_kb,conservative_noisy_or_conflict_adjusted,4,Auralex Headphones Air 8,target_market_region,US,auralex headphones air 8|target_market_region|us,1,[0.98],True,0,0.735,0.735,0.88,False,0.735,False,False,"[""product_8""]","[""structured""]","[""structured_row:Auralex Headphones Air 8""]",1,220,candidate
DEC005_FULL,train_kb,conservative_noisy_or_conflict_adjusted,4,Auralex Headphones Air 8,supports_fast_charging,yes,auralex headphones air 8|supports_fast_charging|yes,1,[0.98],True,0,0.735,0.735,0.88,False,0.735,False,False,"[""product_8""]","[""structured""]","[""structured_row:Auralex Headphones Air 8""]",0,220,candidate
DEC005_FULL,train_kb,conservative_noisy_or_conflict_adjusted,4,Auralex Headphones Air 8,has_noise_cancellation,yes,auralex headphones air 8|has_noise_cancellation|yes,1,[0.98],True,0,0.735,0.735,0.88,False,0.735,False,False,"[""product_8""]","[""structured""]","[""structured_row:Auralex Headphones Air 8""]",1,220,candidate
DEC005_FULL,train_kb,conservative_noisy_or_conflict_adjusted,4,TechNova Smartphone Pro 1,has_price_usd,199,technova smartphone pro 1|has_price_usd|199,3,"[0.91, 0.91, 0.91]",True,2,0.967994015625,0.322664671875,0.88,False,0.29973125,False,False,"[""product_8"", ""product_8"", ""product_8""]","[""unstructured"", ""unstructured"", ""unstructured""]","[""Priced at 199 USD. The display measures 14.0 inches. Comes with 32GB of RAM. Weighs approximately 1.8kg. Available in blue. Targeted at the US market. Noise cancellation: yes."", ""Priced at 199 USD. The display measures 14.0 inches. Comes with 32GB of RAM. Weighs approximately 1.8kg. Available in blue. Targeted at the US market. Noise cancellation: yes."", ""Priced at 199 USD. The display measures 14.0 inches. Comes with 32GB of RAM. Weighs approximately 1.8kg. Available in blue. Targeted at the US market. Noise cancellation: yes.""]",0,220,candidate
DEC005_FULL,train_kb,conservative_noisy_or_conflict_adjusted,4,TechNova Smartphone Pro 1,has_screen_size_inch,14.0,technova smartphone pro 1|has_screen_size_inch|14.0,3,"[0.91, 0.91, 0.91]",True,1,0.967994015625,0.4839970078125,0.88,False,0.449596875,False,False,"[""product_8"", ""product_8"", ""product_8""]","[""unstructured"", ""unstructured"", ""unstructured""]","[""Priced at 199 USD. The display measures 14.0 inches. Comes with 32GB of RAM. Weighs approximately 1.8kg. Available in blue. Targeted at the US market. Noise cancellation: yes."", ""Priced at 199 USD. The display measures 14.0 inches. Comes with 32GB of RAM. Weighs approximately 1.8kg. Available in blue. Targeted at the US market. Noise cancellation: yes."", ""Priced at 199 USD. The display measures 14.0 inches. Comes with 32GB of RAM. Weighs approximately 1.8kg. Available in blue. Targeted at the US market. Noise cancellation: yes.""]",0,220,candidate
DEC005_FULL,train_kb,conservative_noisy_or_conflict_adjusted,4,TechNova Smartphone Pro 1,has_ram_gb,32,technova smartphone pro 1|has_ram_gb|32,3,"[0.91, 0.91, 0.91]",True,1,0.967994015625,0.4839970078125,0.88,False,0.449596875,False,False,"[""product_8"", ""product_8"", ""product_8""]","[""unstructured"", ""unstructured"", ""unstructured""]","[""Priced at 199 USD. The display measures 14.0 inches. Comes with 32GB of RAM. Weighs approximately 1.8kg. Available in blue. Targeted at the US market. Noise cancellation: yes."", ""Priced at 199 USD. The display measures 14.0 inches. Comes with 32GB of RAM. Weighs approximately 1.8kg. Available in blue. Targeted at the US market. Noise cancellation: yes."", ""Priced at 199 USD. The display measures 14.0 inches. Comes with 32GB of RAM. Weighs approximately 1.8kg. Available in blue. Targeted at the US market. Noise cancellation: yes.""]",0,220,candidate
DEC005_FULL,train_kb,conservative_noisy_or_conflict_adjusted,4,TechNova Smartphone Pro 1,has_weight_kg,1.8,technova smartphone pro 1|has_weight_kg|1.8,3,"[0.91, 0.91, 0.91]",True,1,0.967994015625,0.4839970078125,0.88,False,0.449596875,False,False,"[""product_8"", ""product_8"", ""product_8""]","[""unstructured"", ""unstructured"", ""unstructured""]","[""Priced at 199 USD. The display measures 14.0 inches. Comes with 32GB of RAM. Weighs approximately 1.8kg. Available in blue. Targeted at the US market. Noise cancellation: yes."", ""Priced at 199 USD. The display measures 14.0 inches. Comes with 32GB of RAM. Weighs approximately 1.8kg. Available in blue. Targeted at the US market. Noise cancellation: yes."", ""Priced at 199 USD. The display measures 14.0 inches. Comes with 32GB of RAM. Weighs approximately 1.8kg. Available in blue. Targeted at the US market. Noise cancellation: yes.""]",0,220,candidate
DEC005_FULL,train_kb,conservative_noisy_or_conflict_adjusted,4,TechNova Smartphone Pro 1,has_color,blue,technova smartphone pro 1|has_color|blue,6,"[0.91, 0.91, 0.91, 0.91, 0.91, 0.91]",False,1,0.9989756169641872,0.9989756169641872,0.88,True,0.9898380999609375,False,False,"[""product_8"", ""product_19"", ""product_8"", ""product_19"", ""product_8"", ""product_19""]","[""unstructured"", ""unstructured"", ""unstructured"", ""unstructured"", ""unstructured"", ""unstructured""]","[""Priced at 199 USD. The display measures 14.0 inches. Comes with 32GB of RAM. Weighs approximately 1.8kg. Available in blue. Targeted at the US market. Noise cancellation: yes."", ""Priced at 299 USD. The display measures 10.9 inches. Comes with 8GB of RAM. Weighs approximately 1.45kg. Available in blue. Targeted at the EU market. Fast charging is no."", ""Priced at 199 USD. The display measures 14.0 inches. Comes with 32GB of RAM. Weighs approximately 1.8kg. Available in blue. Targeted at the US market. Noise cancellation: yes."", ""Priced at 299 USD. The display measures 10.9 inches. Comes with 8GB of RAM. Weighs approximately 1.45kg. Available in blue. Targeted at the EU market. Fast charging is no."", ""Priced at 199 USD. The display measures 14.0 inches. Comes with 32GB of RAM. Weighs approximately 1.8kg. Available in blue. Targeted at the US market. Noise cancellation: yes."", ""Priced at 299 USD. The display measures 10.9 inches. Comes with 8GB of RAM. Weighs approximately 1.45kg. Available in blue. Targeted at the EU market. Fast charging is no.""]",0,220,candidate
DEC005_FULL,train_kb,conservative_noisy_or_conflict_adjusted,4,TechNova Smartphone Pro 1,target_market_region,US,technova smartphone pro 1|target_market_region|us,3,"[0.91, 0.91, 0.91]",True,1,0.967994015625,0.4839970078125,0.88,False,0.449596875,False,False,"[""product_8"", ""product_8"", ""product_8""]","[""unstructured"", ""unstructured"", ""unstructured""]","[""Priced at 199 USD. The display measures 14.0 inches. Comes with 32GB of RAM. Weighs approximately 1.8kg. Available in blue. Targeted at the US market. Noise cancellation: yes."", ""Priced at 199 USD. The display measures 14.0 inches. Comes with 32GB of RAM. Weighs approximately 1.8kg. Available in blue. Targeted at the US market. Noise cancellation: yes."", ""Priced at 199 USD. The display measures 14.0 inches. Comes with 32GB of RAM. Weighs approximately 1.8kg. Available in blue. Targeted at the US market. Noise cancellation: yes.""]",0,220,candidate
DEC005_FULL,train_kb,conservative_noisy_or_conflict_adjusted,4,TechNova Smartphone Pro 1,supports_fast_charging,no,technova smartphone pro 1|supports_fast_charging|no,5,"[0.91, 0.91, 0.91, 0.91, 0.91]",True,1,0.9967735967375977,0.49838679836879884,0.88,False,0.49491904998046876,False,False,"[""product_8"", ""product_19"", ""product_16"", ""product_19"", ""product_19""]","[""unstructured"", ""unstructured"", ""unstructured"", ""unstructured"", ""unstructured""]","[""Priced at 199 USD. The display measures 14.0 inches. Comes with 32GB of RAM. Weighs approximately 1.8kg. Available in blue. Targeted at the US market. Noise cancellation: yes."", ""Priced at 299 USD. The display measures 10.9 inches. Comes with 8GB of RAM. Weighs approximately 1.45kg. Available in blue. Targeted at the EU market. Fast charging is no."", ""It is a smartwatch device. Priced at 899 USD. Offers 128GB of internal storage. Battery lasts up to 18 hours. Available in silver. Built with aluminum construction. Noise cancellation: no."", ""Priced at 299 USD. The display measures 10.9 inches. Comes with 8GB of RAM. Weighs approximately 1.45kg. Available in blue. Targeted at the EU market. Fast charging is no."", ""Priced at 299 USD. The display measures 10.9 inches. Comes with 8GB of RAM. Weighs approximately 1.45kg. Available in blue. Targeted at the EU market. Fast charging is no.""]",0,220,candidate
DEC005_FULL,train_kb,conservative_noisy_or_conflict_adjusted,4,TechNova Smartphone Pro 1,has_noise_cancellation,yes,technova smartphone pro 1|has_noise_cancellation|yes,3,"[0.91, 0.91, 0.91]",True,1,0.967994015625,0.4839970078125,0.88,False,0.449596875,False,False,"[""product_8"", ""product_8"", ""product_8""]","[""unstructured"", ""unstructured"", ""unstructured""]","[""Priced at 199 USD. The display measures 14.0 inches. Comes with 32GB of RAM. Weighs approximately 1.8kg. Available in blue. Targeted at the US market. Noise cancellation: yes."", ""Priced at 199 USD. The display measures 14.0 inches. Comes with 32GB of RAM. Weighs approximately 1.8kg. Available in blue. Targeted at the US market. Noise cancellation: yes."", ""Priced at 199 USD. The display measures 14.0 inches. Comes with 32GB of RAM. Weighs approximately 1.8kg. Available in blue. Targeted at the US market. Noise cancellation: yes.""]",0,220,candidate
DEC005_FULL,train_kb,conservative_noisy_or_conflict_adjusted,4,Zenbyte Laptop Air 9,manufactured_by,Zenbyte,zenbyte laptop air 9|manufactured_by|zenbyte,1,[0.98],True,0,0.735,0.735,0.88,False,0.735,False,False,"[""product_9""]","[""structured""]","[""structured_row:Zenbyte Laptop Air 9""]",0,220,candidate
DEC005_FULL,train_kb,conservative_noisy_or_conflict_adjusted,4,Zenbyte Laptop Air 9,belongs_to_category,laptop,zenbyte laptop air 9|belongs_to_category|laptop,1,[0.98],True,0,0.735,0.735,0.88,False,0.735,False,False,"[""product_9""]","[""structured""]","[""structured_row:Zenbyte Laptop Air 9""]",1,220,candidate
DEC005_FULL,train_kb,conservative_noisy_or_conflict_adjusted,4,Zenbyte Laptop Air 9,has_price_usd,199,zenbyte laptop air 9|has_price_usd|199,1,[0.98],True,0,0.735,0.735,0.88,False,0.735,False,False,"[""product_9""]","[""structured""]","[""structured_row:Zenbyte Laptop Air 9""]",1,220,candidate
DEC005_FULL,train_kb,conservative_noisy_or_conflict_adjusted,4,Zenbyte Laptop Air 9,has_screen_size_inch,6.1,zenbyte laptop air 9|has_screen_size_inch|6.1,1,[0.98],True,0,0.735,0.735,0.88,False,0.735,False,False,"[""product_9""]","[""structured""]","[""structured_row:Zenbyte Laptop Air 9""]",0,220,candidate
DEC005_FULL,train_kb,conservative_noisy_or_conflict_adjusted,4,Zenbyte Laptop Air 9,has_ram_gb,8,zenbyte laptop air 9|has_ram_gb|8,1,[0.98],True,0,0.735,0.735,0.88,False,0.735,False,False,"[""product_9""]","[""structured""]","[""structured_row:Zenbyte Laptop Air 9""]",0,220,candidate
DEC005_FULL,train_kb,conservative_noisy_or_conflict_adjusted,4,Zenbyte Laptop Air 9,has_storage_gb,256,zenbyte laptop air 9|has_storage_gb|256,1,[0.98],True,0,0.735,0.735,0.88,False,0.735,False,False,"[""product_9""]","[""structured""]","[""structured_row:Zenbyte Laptop Air 9""]",0,220,candidate
DEC005_FULL,train_kb,conservative_noisy_or_conflict_adjusted,4,Zenbyte Laptop Air 9,has_battery_life_hours,10,zenbyte laptop air 9|has_battery_life_hours|10,1,[0.98],True,0,0.735,0.735,0.88,False,0.735,False,False,"[""product_9""]","[""structured""]","[""structured_row:Zenbyte Laptop Air 9""]",0,220,candidate
DEC005_FULL,train_kb,conservative_noisy_or_conflict_adjusted,4,Zenbyte Laptop Air 9,has_weight_kg,0.18,zenbyte laptop air 9|has_weight_kg|0.18,1,[0.98],True,0,0.735,0.735,0.88,False,0.735,False,False,"[""product_9""]","[""structured""]","[""structured_row:Zenbyte Laptop Air 9""]",1,220,candidate
DEC005_FULL,train_kb,conservative_noisy_or_conflict_adjusted,4,Zenbyte Laptop Air 9,has_color,green,zenbyte laptop air 9|has_color|green,1,[0.98],False,0,0.735,0.735,0.88,False,0.735,False,False,"[""product_9""]","[""structured""]","[""structured_row:Zenbyte Laptop Air 9""]",1,220,candidate
DEC005_FULL,train_kb,conservative_noisy_or_conflict_adjusted,4,Zenbyte Laptop Air 9,made_of_material,aluminum,zenbyte laptop air 9|made_of_material|aluminum,1,[0.98],True,0,0.735,0.735,0.88,False,0.735,False,False,"[""product_9""]","[""structured""]","[""structured_row:Zenbyte Laptop Air 9""]",1,220,candidate
DEC005_FULL,train_kb,conservative_noisy_or_conflict_adjusted,4,Zenbyte Laptop Air 9,target_market_region,APAC,zenbyte laptop air 9|target_market_region|apac,1,[0.98],True,0,0.735,0.735,0.88,False,0.735,False,False,"[""product_9""]","[""structured""]","[""structured_row:Zenbyte Laptop Air 9""]",1,220,candidate
DEC005_FULL,train_kb,conservative_noisy_or_conflict_adjusted,4,Zenbyte Laptop Air 9,supports_fast_charging,yes,zenbyte laptop air 9|supports_fast_charging|yes,1,[0.98],True,0,0.735,0.735,0.88,False,0.735,False,False,"[""product_9""]","[""structured""]","[""structured_row:Zenbyte Laptop Air 9""]",1,220,candidate
DEC005_FULL,train_kb,conservative_noisy_or_conflict_adjusted,4,Zenbyte Laptop Air 9,has_noise_cancellation,no,zenbyte laptop air 9|has_noise_cancellation|no,1,[0.98],True,0,0.735,0.735,0.88,False,0.735,False,False,"[""product_9""]","[""structured""]","[""structured_row:Zenbyte Laptop Air 9""]",0,220,candidate
DEC005_FULL,train_kb,conservative_noisy_or_conflict_adjusted,4,laptop device,belongs_to_category,laptop,laptop device|belongs_to_category|laptop,1,[0.92],True,0,0.6900000000000001,0.6900000000000001,0.88,False,0.6900000000000001,False,False,"[""product_9""]","[""unstructured""]","[""It is a laptop device. Priced at 199 USD. Weighs approximately 0.18kg. Available in green. Built with aluminum construction. Targeted at the APAC market. Fast charging is yes.""]",0,220,candidate
DEC005_FULL,train_kb,conservative_noisy_or_conflict_adjusted,4,laptop device,has_price_usd,199,laptop device|has_price_usd|199,1,[0.93],True,1,0.6975,0.34875,0.88,False,0.34875,False,False,"[""product_9""]","[""unstructured""]","[""It is a laptop device. Priced at 199 USD. Weighs approximately 0.18kg. Available in green. Built with aluminum construction. Targeted at the APAC market. Fast charging is yes.""]",0,220,candidate
DEC005_FULL,train_kb,conservative_noisy_or_conflict_adjusted,4,laptop device,has_weight_kg,0.18,laptop device|has_weight_kg|0.18,1,[0.94],True,0,0.705,0.705,0.88,False,0.705,False,False,"[""product_9""]","[""unstructured""]","[""It is a laptop device. Priced at 199 USD. Weighs approximately 0.18kg. Available in green. Built with aluminum construction. Targeted at the APAC market. Fast charging is yes.""]",0,220,candidate
DEC005_FULL,train_kb,conservative_noisy_or_conflict_adjusted,4,laptop device,made_of_material,aluminum,laptop device|made_of_material|aluminum,1,[0.96],True,0,0.72,0.72,0.88,False,0.72,False,False,"[""product_9""]","[""unstructured""]","[""It is a laptop device. Priced at 199 USD. Weighs approximately 0.18kg. Available in green. Built with aluminum construction. Targeted at the APAC market. Fast charging is yes.""]",0,220,candidate
DEC005_FULL,train_kb,conservative_noisy_or_conflict_adjusted,4,laptop device,target_market_region,APAC,laptop device|target_market_region|apac,1,[0.92],True,1,0.6900000000000001,0.34500000000000003,0.88,False,0.34500000000000003,False,False,"[""product_9""]","[""unstructured""]","[""It is a laptop device. Priced at 199 USD. Weighs approximately 0.18kg. Available in green. Built with aluminum construction. Targeted at the APAC market. Fast charging is yes.""]",0,220,candidate
DEC005_FULL,train_kb,conservative_noisy_or_conflict_adjusted,4,laptop device,supports_fast_charging,yes,laptop device|supports_fast_charging|yes,1,[0.91],True,0,0.6825,0.6825,0.88,False,0.6825,False,False,"[""product_9""]","[""unstructured""]","[""It is a laptop device. Priced at 199 USD. Weighs approximately 0.18kg. Available in green. Built with aluminum construction. Targeted at the APAC market. Fast charging is yes.""]",0,220,candidate
DEC005_FULL,train_kb,conservative_noisy_or_conflict_adjusted,4,PixelWare Laptop Plus 11,manufactured_by,PixelWare,pixelware laptop plus 11|manufactured_by|pixelware,5,"[0.98, 0.95, 0.924, 0.977, 0.977]",True,0,0.9983294575104961,0.9983294575104961,0.88,True,0.9983294575104961,False,False,"[""product_11"", ""product_11"", ""product_11"", ""product_1"", ""product_11""]","[""structured"", ""unstructured"", ""unstructured"", ""unstructured"", ""unstructured""]","[""structured_row:PixelWare Laptop Plus 11"", ""PixelWare Laptop Plus 11 is manufactured by PixelWare. It is a laptop device. Priced at 1299 USD. The display measures 6.7 inches. Offers 128GB of internal storage. Fast charging is yes. Noise cancellation: no."", ""PixelWare Laptop Plus 11 is manufactured by PixelWare. It is a laptop device. Priced at 1299 USD. The display measures 6.7 inches. Offers 128GB of internal storage. Fast charging is yes. Noise cancellation: no."", ""Auralex Smartphone Max 1 is manufactured by Auralex. It is a smartphone device. The display measures 14.0 inches. Comes with 32GB of RAM. Built with aluminum construction. Fast charging is no. Noise cancellation: no."", ""PixelWare Laptop Plus 11 is manufactured by PixelWare. It is a laptop device. Priced at 1299 USD. The display measures 6.7 inches. Offers 128GB of internal storage. Fast charging is yes. Noise cancellation: no.""]",1,220,candidate
DEC005_FULL,train_kb,conservative_noisy_or_conflict_adjusted,4,PixelWare Laptop Plus 11,belongs_to_category,laptop,pixelware laptop plus 11|belongs_to_category|laptop,1,[0.98],True,0,0.735,0.735,0.88,False,0.735,False,False,"[""product_11""]","[""structured""]","[""structured_row:PixelWare Laptop Plus 11""]",1,220,candidate
DEC005_FULL,train_kb,conservative_noisy_or_conflict_adjusted,4,PixelWare Laptop Plus 11,has_price_usd,1299,pixelware laptop plus 11|has_price_usd|1299,4,"[0.98, 0.92, 0.924, 0.977]",True,0,0.9932599416375,0.9932599416375,0.88,True,0.9932599416375,False,False,"[""product_11"", ""product_11"", ""product_11"", ""product_11""]","[""structured"", ""unstructured"", ""unstructured"", ""unstructured""]","[""structured_row:PixelWare Laptop Plus 11"", ""PixelWare Laptop Plus 11 is manufactured by PixelWare. It is a laptop device. Priced at 1299 USD. The display measures 6.7 inches. Offers 128GB of internal storage. Fast charging is yes. Noise cancellation: no."", ""PixelWare Laptop Plus 11 is manufactured by PixelWare. It is a laptop device. Priced at 1299 USD. The display measures 6.7 inches. Offers 128GB of internal storage. Fast charging is yes. Noise cancellation: no."", ""PixelWare Laptop Plus 11 is manufactured by PixelWare. It is a laptop device. Priced at 1299 USD. The display measures 6.7 inches. Offers 128GB of internal storage. Fast charging is yes. Noise cancellation: no.""]",1,220,candidate
DEC005_FULL,train_kb,conservative_noisy_or_conflict_adjusted,4,PixelWare Laptop Plus 11,has_screen_size_inch,6.7,pixelware laptop plus 11|has_screen_size_inch|6.7,4,"[0.98, 0.93, 0.924, 0.977]",True,0,0.993423007565625,0.993423007565625,0.88,True,0.993423007565625,False,False,"[""product_11"", ""product_11"", ""product_11"", ""product_11""]","[""structured"", ""unstructured"", ""unstructured"", ""unstructured""]","[""structured_row:PixelWare Laptop Plus 11"", ""PixelWare Laptop Plus 11 is manufactured by PixelWare. It is a laptop device. Priced at 1299 USD. The display measures 6.7 inches. Offers 128GB of internal storage. Fast charging is yes. Noise cancellation: no."", ""PixelWare Laptop Plus 11 is manufactured by PixelWare. It is a laptop device. Priced at 1299 USD. The display measures 6.7 inches. Offers 128GB of internal storage. Fast charging is yes. Noise cancellation: no."", ""PixelWare Laptop Plus 11 is manufactured by PixelWare. It is a laptop device. Priced at 1299 USD. The display measures 6.7 inches. Offers 128GB of internal storage. Fast charging is yes. Noise cancellation: no.""]",1,220,candidate
DEC005_FULL,train_kb,conservative_noisy_or_conflict_adjusted,4,PixelWare Laptop Plus 11,has_ram_gb,16,pixelware laptop plus 11|has_ram_gb|16,1,[0.98],True,0,0.735,0.735,0.88,False,0.735,False,False,"[""product_11""]","[""structured""]","[""structured_row:PixelWare Laptop Plus 11""]",0,220,candidate
DEC005_FULL,train_kb,conservative_noisy_or_conflict_adjusted,4,PixelWare Laptop Plus 11,has_storage_gb,128,pixelware laptop plus 11|has_storage_gb|128,5,"[0.98, 0.94, 0.924, 0.976, 0.976]",True,0,0.9982762437516,0.9982762437516,0.88,True,0.9982762437516,False,False,"[""product_11"", ""product_11"", ""product_11"", ""product_1"", ""product_11""]","[""structured"", ""unstructured"", ""unstructured"", ""unstructured"", ""unstructured""]","[""structured_row:PixelWare Laptop Plus 11"", ""PixelWare Laptop Plus 11 is manufactured by PixelWare. It is a laptop device. Priced at 1299 USD. The display measures 6.7 inches. Offers 128GB of internal storage. Fast charging is yes. Noise cancellation: no."", ""PixelWare Laptop Plus 11 is manufactured by PixelWare. It is a laptop device. Priced at 1299 USD. The display measures 6.7 inches. Offers 128GB of internal storage. Fast charging is yes. Noise cancellation: no."", ""Auralex Smartphone Max 1 is manufactured by Auralex. It is a smartphone device. The display measures 14.0 inches. Comes with 32GB of RAM. Built with aluminum construction. Fast charging is no. Noise cancellation: no."", ""PixelWare Laptop Plus 11 is manufactured by PixelWare. It is a laptop device. Priced at 1299 USD. The display measures 6.7 inches. Offers 128GB of internal storage. Fast charging is yes. Noise cancellation: no.""]",1,220,candidate
DEC005_FULL,train_kb,conservative_noisy_or_conflict_adjusted,4,PixelWare Laptop Plus 11,has_battery_life_hours,8,pixelware laptop plus 11|has_battery_life_hours|8,1,[0.98],True,0,0.735,0.735,0.88,False,0.735,False,False,"[""product_11""]","[""structured""]","[""structured_row:PixelWare Laptop Plus 11""]",0,220,candidate
DEC005_FULL,train_kb,conservative_noisy_or_conflict_adjusted,4,PixelWare Laptop Plus 11,has_weight_kg,0.18,pixelware laptop plus 11|has_weight_kg|0.18,1,[0.98],True,0,0.735,0.735,0.88,False,0.735,False,False,"[""product_11""]","[""structured""]","[""structured_row:PixelWare Laptop Plus 11""]",0,220,candidate
DEC005_FULL,train_kb,conservative_noisy_or_conflict_adjusted,4,PixelWare Laptop Plus 11,has_color,black,pixelware laptop plus 11|has_color|black,1,[0.98],False,0,0.735,0.735,0.88,False,0.735,False,False,"[""product_11""]","[""structured""]","[""structured_row:PixelWare Laptop Plus 11""]",0,220,candidate
DEC005_FULL,train_kb,conservative_noisy_or_conflict_adjusted,4,PixelWare Laptop Plus 11,made_of_material,plastic,pixelware laptop plus 11|made_of_material|plastic,1,[0.98],True,0,0.735,0.735,0.88,False,0.735,False,False,"[""product_11""]","[""structured""]","[""structured_row:PixelWare Laptop Plus 11""]",0,220,candidate
DEC005_FULL,train_kb,conservative_noisy_or_conflict_adjusted,4,PixelWare Laptop Plus 11,target_market_region,EU,pixelware laptop plus 11|target_market_region|eu,1,[0.98],True,0,0.735,0.735,0.88,False,0.735,False,False,"[""product_11""]","[""structured""]","[""structured_row:PixelWare Laptop Plus 11""]",0,220,candidate
DEC005_FULL,train_kb,conservative_noisy_or_conflict_adjusted,4,PixelWare Laptop Plus 11,supports_fast_charging,yes,pixelware laptop plus 11|supports_fast_charging|yes,4,"[0.98, 0.9, 0.924, 0.977]",True,0,0.99293380978125,0.99293380978125,0.88,True,0.99293380978125,False,False,"[""product_11"", ""product_11"", ""product_11"", ""product_11""]","[""structured"", ""unstructured"", ""unstructured"", ""unstructured""]","[""structured_row:PixelWare Laptop Plus 11"", ""PixelWare Laptop Plus 11 is manufactured by PixelWare. It is a laptop device. Priced at 1299 USD. The display measures 6.7 inches. Offers 128GB of internal storage. Fast charging is yes. Noise cancellation: no."", ""PixelWare Laptop Plus 11 is manufactured by PixelWare. It is a laptop device. Priced at 1299 USD. The display measures 6.7 inches. Offers 128GB of internal storage. Fast charging is yes. Noise cancellation: no."", ""PixelWare Laptop Plus 11 is manufactured by PixelWare. It is a laptop device. Priced at 1299 USD. The display measures 6.7 inches. Offers 128GB of internal storage. Fast charging is yes. Noise cancellation: no.""]",1,220,candidate
DEC005_FULL,train_kb,conservative_noisy_or_conflict_adjusted,4,PixelWare Laptop Plus 11,has_noise_cancellation,no,pixelware laptop plus 11|has_noise_cancellation|no,4,"[0.98, 0.89, 0.924, 0.977]",True,0,0.992770743853125,0.992770743853125,0.88,True,0.992770743853125,False,False,"[""product_11"", ""product_11"", ""product_11"", ""product_11""]","[""structured"", ""unstructured"", ""unstructured"", ""unstructured""]","[""structured_row:PixelWare Laptop Plus 11"", ""PixelWare Laptop Plus 11 is manufactured by PixelWare. It is a laptop device. Priced at 1299 USD. The display measures 6.7 inches. Offers 128GB of internal storage. Fast charging is yes. Noise cancellation: no."", ""PixelWare Laptop Plus 11 is manufactured by PixelWare. It is a laptop device. Priced at 1299 USD. The display measures 6.7 inches. Offers 128GB of internal storage. Fast charging is yes. Noise cancellation: no."", ""PixelWare Laptop Plus 11 is manufactured by PixelWare. It is a laptop device. Priced at 1299 USD. The display measures 6.7 inches. Offers 128GB of internal storage. Fast charging is yes. Noise cancellation: no.""]",1,220,candidate
DEC005_FULL,train_kb,conservative_noisy_or_conflict_adjusted,4,PixelWare Tablet Max 12,manufactured_by,PixelWare,pixelware tablet max 12|manufactured_by|pixelware,3,"[0.98, 0.95, 0.91]",True,0,0.97581046875,0.97581046875,0.88,True,0.97581046875,False,False,"[""product_12"", ""product_12"", ""product_12""]","[""structured"", ""unstructured"", ""unstructured""]","[""structured_row:PixelWare Tablet Max 12"", ""PixelWare Tablet Max 12 is manufactured by PixelWare. It is a tablet device. Offers 128GB of internal storage. Battery lasts up to 8 hours. Weighs approximately 0.18kg. Available in green. Fast charging is no."", ""PixelWare Tablet Max 12 is manufactured by PixelWare. It is a tablet device. Offers 128GB of internal storage. Battery lasts up to 8 hours. Weighs approximately 0.18kg. Available in green. Fast charging is no.""]",1,220,candidate
DEC005_FULL,train_kb,conservative_noisy_or_conflict_adjusted,4,PixelWare Tablet Max 12,belongs_to_category,tablet,pixelware tablet max 12|belongs_to_category|tablet,1,[0.98],True,1,0.735,0.3675,0.88,False,0.3675,False,False,"[""product_12""]","[""structured""]","[""structured_row:PixelWare Tablet Max 12""]",1,220,candidate
DEC005_FULL,train_kb,conservative_noisy_or_conflict_adjusted,4,PixelWare Tablet Max 12,has_price_usd,1099,pixelware tablet max 12|has_price_usd|1099,1,[0.98],True,0,0.735,0.735,0.88,False,0.735,False,False,"[""product_12""]","[""structured""]","[""structured_row:PixelWare Tablet Max 12""]",0,220,candidate
DEC005_FULL,train_kb,conservative_noisy_or_conflict_adjusted,4,PixelWare Tablet Max 12,has_screen_size_inch,15.6,pixelware tablet max 12|has_screen_size_inch|15.6,1,[0.98],True,0,0.735,0.735,0.88,False,0.735,False,False,"[""product_12""]","[""structured""]","[""structured_row:PixelWare Tablet Max 12""]",0,220,candidate
DEC005_FULL,train_kb,conservative_noisy_or_conflict_adjusted,4,PixelWare Tablet Max 12,has_ram_gb,12,pixelware tablet max 12|has_ram_gb|12,1,[0.98],True,0,0.735,0.735,0.88,False,0.735,False,False,"[""product_12""]","[""structured""]","[""structured_row:PixelWare Tablet Max 12""]",0,220,candidate
DEC005_FULL,train_kb,conservative_noisy_or_conflict_adjusted,4,PixelWare Tablet Max 12,has_storage_gb,128,pixelware tablet max 12|has_storage_gb|128,3,"[0.98, 0.94, 0.91]",True,0,0.9751794375,0.9751794375,0.88,True,0.9751794375,False,False,"[""product_12"", ""product_12"", ""product_12""]","[""structured"", ""unstructured"", ""unstructured""]","[""structured_row:PixelWare Tablet Max 12"", ""PixelWare Tablet Max 12 is manufactured by PixelWare. It is a tablet device. Offers 128GB of internal storage. Battery lasts up to 8 hours. Weighs approximately 0.18kg. Available in green. Fast charging is no."", ""PixelWare Tablet Max 12 is manufactured by PixelWare. It is a tablet device. Offers 128GB of internal storage. Battery lasts up to 8 hours. Weighs approximately 0.18kg. Available in green. Fast charging is no.""]",1,220,candidate
DEC005_FULL,train_kb,conservative_noisy_or_conflict_adjusted,4,PixelWare Tablet Max 12,has_battery_life_hours,8,pixelware tablet max 12|has_battery_life_hours|8,3,"[0.98, 0.93, 0.91]",True,0,0.97454840625,0.97454840625,0.88,True,0.97454840625,False,False,"[""product_12"", ""product_12"", ""product_12""]","[""structured"", ""unstructured"", ""unstructured""]","[""structured_row:PixelWare Tablet Max 12"", ""PixelWare Tablet Max 12 is manufactured by PixelWare. It is a tablet device. Offers 128GB of internal storage. Battery lasts up to 8 hours. Weighs approximately 0.18kg. Available in green. Fast charging is no."", ""PixelWare Tablet Max 12 is manufactured by PixelWare. It is a tablet device. Offers 128GB of internal storage. Battery lasts up to 8 hours. Weighs approximately 0.18kg. Available in green. Fast charging is no.""]",1,220,candidate
DEC005_FULL,train_kb,conservative_noisy_or_conflict_adjusted,4,PixelWare Tablet Max 12,has_weight_kg,0.18,pixelware tablet max 12|has_weight_kg|0.18,3,"[0.98, 0.9, 0.91]",True,0,0.9726553125,0.9726553125,0.88,True,0.9726553125,False,False,"[""product_12"", ""product_12"", ""product_12""]","[""structured"", ""unstructured"", ""unstructured""]","[""structured_row:PixelWare Tablet Max 12"", ""PixelWare Tablet Max 12 is manufactured by PixelWare. It is a tablet device. Offers 128GB of internal storage. Battery lasts up to 8 hours. Weighs approximately 0.18kg. Available in green. Fast charging is no."", ""PixelWare Tablet Max 12 is manufactured by PixelWare. It is a tablet device. Offers 128GB of internal storage. Battery lasts up to 8 hours. Weighs approximately 0.18kg. Available in green. Fast charging is no.""]",1,220,candidate
DEC005_FULL,train_kb,conservative_noisy_or_conflict_adjusted,4,PixelWare Tablet Max 12,has_color,green,pixelware tablet max 12|has_color|green,4,"[0.98, 0.96, 0.91, 0.976]",False,0,0.993686322,0.993686322,0.88,True,0.993686322,False,False,"[""product_12"", ""product_12"", ""product_12"", ""product_1""]","[""structured"", ""unstructured"", ""unstructured"", ""unstructured""]","[""structured_row:PixelWare Tablet Max 12"", ""PixelWare Tablet Max 12 is manufactured by PixelWare. It is a tablet device. Offers 128GB of internal storage. Battery lasts up to 8 hours. Weighs approximately 0.18kg. Available in green. Fast charging is no."", ""PixelWare Tablet Max 12 is manufactured by PixelWare. It is a tablet device. Offers 128GB of internal storage. Battery lasts up to 8 hours. Weighs approximately 0.18kg. Available in green. Fast charging is no."", ""Auralex Smartphone Max 1 is manufactured by Auralex. It is a smartphone device. The display measures 14.0 inches. Comes with 32GB of RAM. Built with aluminum construction. Fast charging is no. Noise cancellation: no.""]",1,220,candidate
DEC005_FULL,train_kb,conservative_noisy_or_conflict_adjusted,4,PixelWare Tablet Max 12,made_of_material,aluminum,pixelware tablet max 12|made_of_material|aluminum,1,[0.98],True,0,0.735,0.735,0.88,False,0.735,False,False,"[""product_12""]","[""structured""]","[""structured_row:PixelWare Tablet Max 12""]",0,220,candidate
DEC005_FULL,train_kb,conservative_noisy_or_conflict_adjusted,4,PixelWare Tablet Max 12,target_market_region,Global,pixelware tablet max 12|target_market_region|global,1,[0.98],True,0,0.735,0.735,0.88,False,0.735,False,False,"[""product_12""]","[""structured""]","[""structured_row:PixelWare Tablet Max 12""]",0,220,candidate
DEC005_FULL,train_kb,conservative_noisy_or_conflict_adjusted,4,PixelWare Tablet Max 12,supports_fast_charging,no,pixelware tablet max 12|supports_fast_charging|no,2,"[0.98, 0.91]",True,0,0.9158625,0.9158625,0.88,True,0.9158625,False,False,"[""product_12"", ""product_12""]","[""structured"", ""unstructured""]","[""structured_row:PixelWare Tablet Max 12"", ""PixelWare Tablet Max 12 is manufactured by PixelWare. It is a tablet device. Offers 128GB of internal storage. Battery lasts up to 8 hours. Weighs approximately 0.18kg. Available in green. Fast charging is no.""]",1,220,candidate
DEC005_FULL,train_kb,conservative_noisy_or_conflict_adjusted,4,PixelWare Tablet Max 12,has_noise_cancellation,no,pixelware tablet max 12|has_noise_cancellation|no,1,[0.98],True,0,0.735,0.735,0.88,False,0.735,False,False,"[""product_12""]","[""structured""]","[""structured_row:PixelWare Tablet Max 12""]",0,220,candidate
DEC005_FULL,train_kb,conservative_noisy_or_conflict_adjusted,4,PixelWare Tablet Max 12,belongs_to_category,tablet device,pixelware tablet max 12|belongs_to_category|tablet device,2,"[0.92, 0.91]",True,1,0.901575,0.4507875,0.88,False,0.4507875,False,False,"[""product_12"", ""product_12""]","[""unstructured"", ""unstructured""]","[""PixelWare Tablet Max 12 is manufactured by PixelWare. It is a tablet device. Offers 128GB of internal storage. Battery lasts up to 8 hours. Weighs approximately 0.18kg. Available in green. Fast charging is no."", ""PixelWare Tablet Max 12 is manufactured by PixelWare. It is a tablet device. Offers 128GB of internal storage. Battery lasts up to 8 hours. Weighs approximately 0.18kg. Available in green. Fast charging is no.""]",0,220,candidate
DEC005_FULL,train_kb,conservative_noisy_or_conflict_adjusted,4,TechNova Tablet Max 13,manufactured_by,TechNova,technova tablet max 13|manufactured_by|technova,3,"[0.98, 0.95, 0.91]",True,0,0.97581046875,0.97581046875,0.88,True,0.97581046875,False,False,"[""product_13"", ""product_13"", ""product_13""]","[""structured"", ""unstructured"", ""unstructured""]","[""structured_row:TechNova Tablet Max 13"", ""TechNova Tablet Max 13 is manufactured by TechNova. It is a tablet device. The display measures 13.3 inches. Weighs approximately 0.23kg. Available in blue. Targeted at the US market. Noise cancellation: no."", ""TechNova Tablet Max 13 is manufactured by TechNova. It is a tablet device. The display measures 13.3 inches. Weighs approximately 0.23kg. Available in blue. Targeted at the US market. Noise cancellation: no.""]",1,220,candidate
DEC005_FULL,train_kb,conservative_noisy_or_conflict_adjusted,4,TechNova Tablet Max 13,belongs_to_category,tablet,technova tablet max 13|belongs_to_category|tablet,1,[0.98],True,1,0.735,0.3675,0.88,False,0.3675,False,False,"[""product_13""]","[""structured""]","[""structured_row:TechNova Tablet Max 13""]",1,220,candidate
DEC005_FULL,train_kb,conservative_noisy_or_conflict_adjusted,4,TechNova Tablet Max 13,has_price_usd,349,technova tablet max 13|has_price_usd|349,1,[0.98],True,0,0.735,0.735,0.88,False,0.735,False,False,"[""product_13""]","[""structured""]","[""structured_row:TechNova Tablet Max 13""]",0,220,candidate
DEC005_FULL,train_kb,conservative_noisy_or_conflict_adjusted,4,TechNova Tablet Max 13,has_screen_size_inch,13.3,technova tablet max 13|has_screen_size_inch|13.3,3,"[0.98, 0.94, 0.91]",True,0,0.9751794375,0.9751794375,0.88,True,0.9751794375,False,False,"[""product_13"", ""product_13"", ""product_13""]","[""structured"", ""unstructured"", ""unstructured""]","[""structured_row:TechNova Tablet Max 13"", ""TechNova Tablet Max 13 is manufactured by TechNova. It is a tablet device. The display measures 13.3 inches. Weighs approximately 0.23kg. Available in blue. Targeted at the US market. Noise cancellation: no."", ""TechNova Tablet Max 13 is manufactured by TechNova. It is a tablet device. The display measures 13.3 inches. Weighs approximately 0.23kg. Available in blue. Targeted at the US market. Noise cancellation: no.""]",1,220,candidate
DEC005_FULL,train_kb,conservative_noisy_or_conflict_adjusted,4,TechNova Tablet Max 13,has_ram_gb,12,technova tablet max 13|has_ram_gb|12,1,[0.98],True,0,0.735,0.735,0.88,False,0.735,False,False,"[""product_13""]","[""structured""]","[""structured_row:TechNova Tablet Max 13""]",0,220,candidate
DEC005_FULL,train_kb,conservative_noisy_or_conflict_adjusted,4,TechNova Tablet Max 13,has_storage_gb,128,technova tablet max 13|has_storage_gb|128,1,[0.98],True,0,0.735,0.735,0.88,False,0.735,False,False,"[""product_13""]","[""structured""]","[""structured_row:TechNova Tablet Max 13""]",0,220,candidate
DEC005_FULL,train_kb,conservative_noisy_or_conflict_adjusted,4,TechNova Tablet Max 13,has_battery_life_hours,14,technova tablet max 13|has_battery_life_hours|14,1,[0.98],True,0,0.735,0.735,0.88,False,0.735,False,False,"[""product_13""]","[""structured""]","[""structured_row:TechNova Tablet Max 13""]",0,220,candidate
DEC005_FULL,train_kb,conservative_noisy_or_conflict_adjusted,4,TechNova Tablet Max 13,has_weight_kg,0.23,technova tablet max 13|has_weight_kg|0.23,3,"[0.98, 0.93, 0.91]",True,0,0.97454840625,0.97454840625,0.88,True,0.97454840625,False,False,"[""product_13"", ""product_13"", ""product_13""]","[""structured"", ""unstructured"", ""unstructured""]","[""structured_row:TechNova Tablet Max 13"", ""TechNova Tablet Max 13 is manufactured by TechNova. It is a tablet device. The display measures 13.3 inches. Weighs approximately 0.23kg. Available in blue. Targeted at the US market. Noise cancellation: no."", ""TechNova Tablet Max 13 is manufactured by TechNova. It is a tablet device. The display measures 13.3 inches. Weighs approximately 0.23kg. Available in blue. Targeted at the US market. Noise cancellation: no.""]",1,220,candidate
DEC005_FULL,train_kb,conservative_noisy_or_conflict_adjusted,4,TechNova Tablet Max 13,has_color,blue,technova tablet max 13|has_color|blue,3,"[0.98, 0.9, 0.91]",False,0,0.9726553125,0.9726553125,0.88,True,0.9726553125,False,False,"[""product_13"", ""product_13"", ""product_13""]","[""structured"", ""unstructured"", ""unstructured""]","[""structured_row:TechNova Tablet Max 13"", ""TechNova Tablet Max 13 is manufactured by TechNova. It is a tablet device. The display measures 13.3 inches. Weighs approximately 0.23kg. Available in blue. Targeted at the US market. Noise cancellation: no."", ""TechNova Tablet Max 13 is manufactured by TechNova. It is a tablet device. The display measures 13.3 inches. Weighs approximately 0.23kg. Available in blue. Targeted at the US market. Noise cancellation: no.""]",1,220,candidate
DEC005_FULL,train_kb,conservative_noisy_or_conflict_adjusted,4,TechNova Tablet Max 13,made_of_material,aluminum,technova tablet max 13|made_of_material|aluminum,1,[0.98],True,0,0.735,0.735,0.88,False,0.735,False,False,"[""product_13""]","[""structured""]","[""structured_row:TechNova Tablet Max 13""]",0,220,candidate
DEC005_FULL,train_kb,conservative_noisy_or_conflict_adjusted,4,TechNova Tablet Max 13,target_market_region,US,technova tablet max 13|target_market_region|us,1,[0.98],True,1,0.735,0.3675,0.88,False,0.3675,False,False,"[""product_13""]","[""structured""]","[""structured_row:TechNova Tablet Max 13""]",1,220,candidate
DEC005_FULL,train_kb,conservative_noisy_or_conflict_adjusted,4,TechNova Tablet Max 13,supports_fast_charging,no,technova tablet max 13|supports_fast_charging|no,3,"[0.98, 0.88, 0.91]",True,0,0.97139325,0.97139325,0.88,True,0.97139325,False,False,"[""product_13"", ""product_13"", ""product_13""]","[""structured"", ""unstructured"", ""unstructured""]","[""structured_row:TechNova Tablet Max 13"", ""TechNova Tablet Max 13 is manufactured by TechNova. It is a tablet device. The display measures 13.3 inches. Weighs approximately 0.23kg. Available in blue. Targeted at the US market. Noise cancellation: no."", ""TechNova Tablet Max 13 is manufactured by TechNova. It is a tablet device. The display measures 13.3 inches. Weighs approximately 0.23kg. Available in blue. Targeted at the US market. Noise cancellation: no.""]",0,220,candidate
DEC005_FULL,train_kb,conservative_noisy_or_conflict_adjusted,4,TechNova Tablet Max 13,has_noise_cancellation,no,technova tablet max 13|has_noise_cancellation|no,2,"[0.98, 0.89]",True,0,0.9118875,0.9118875,0.88,True,0.9118875,False,False,"[""product_13"", ""product_13""]","[""structured"", ""unstructured""]","[""structured_row:TechNova Tablet Max 13"", ""TechNova Tablet Max 13 is manufactured by TechNova. It is a tablet device. The display measures 13.3 inches. Weighs approximately 0.23kg. Available in blue. Targeted at the US market. Noise cancellation: no.""]",1,220,candidate
DEC005_FULL,train_kb,conservative_noisy_or_conflict_adjusted,4,TechNova Tablet Max 13,belongs_to_category,tablet device,technova tablet max 13|belongs_to_category|tablet device,2,"[0.92, 0.91]",True,1,0.901575,0.4507875,0.88,False,0.4507875,False,False,"[""product_13"", ""product_13""]","[""unstructured"", ""unstructured""]","[""TechNova Tablet Max 13 is manufactured by TechNova. It is a tablet device. The display measures 13.3 inches. Weighs approximately 0.23kg. Available in blue. Targeted at the US market. Noise cancellation: no."", ""TechNova Tablet Max 13 is manufactured by TechNova. It is a tablet device. The display measures 13.3 inches. Weighs approximately 0.23kg. Available in blue. Targeted at the US market. Noise cancellation: no.""]",0,220,candidate
DEC005_FULL,train_kb,conservative_noisy_or_conflict_adjusted,4,TechNova Tablet Max 13,target_market_region,US market,technova tablet max 13|target_market_region|us market,2,"[0.91, 0.91]",True,1,0.89919375,0.449596875,0.88,False,0.449596875,False,False,"[""product_13"", ""product_13""]","[""unstructured"", ""unstructured""]","[""TechNova Tablet Max 13 is manufactured by TechNova. It is a tablet device. The display measures 13.3 inches. Weighs approximately 0.23kg. Available in blue. Targeted at the US market. Noise cancellation: no."", ""TechNova Tablet Max 13 is manufactured by TechNova. It is a tablet device. The display measures 13.3 inches. Weighs approximately 0.23kg. Available in blue. Targeted at the US market. Noise cancellation: no.""]",0,220,candidate
DEC005_FULL,train_kb,conservative_noisy_or_conflict_adjusted,4,TechNova Smartwatch Lite 15,manufactured_by,TechNova,technova smartwatch lite 15|manufactured_by|technova,3,"[0.98, 0.91, 0.91]",True,0,0.97328634375,0.97328634375,0.88,True,0.97328634375,False,False,"[""product_15"", ""product_15"", ""product_15""]","[""structured"", ""unstructured"", ""unstructured""]","[""structured_row:TechNova Smartwatch Lite 15"", ""TechNova Smartwatch Lite 15 is manufactured by TechNova. Priced at 349 USD. Weighs approximately 1.45kg. Available in white. Built with aluminum construction. Fast charging is no. Noise cancellation: no."", ""TechNova Smartwatch Lite 15 is manufactured by TechNova. Priced at 349 USD. Weighs approximately 1.45kg. Available in white. Built with aluminum construction. Fast charging is no. Noise cancellation: no.""]",1,220,candidate
DEC005_FULL,train_kb,conservative_noisy_or_conflict_adjusted,4,TechNova Smartwatch Lite 15,belongs_to_category,smartwatch,technova smartwatch lite 15|belongs_to_category|smartwatch,1,[0.98],True,0,0.735,0.735,0.88,False,0.735,False,False,"[""product_15""]","[""structured""]","[""structured_row:TechNova Smartwatch Lite 15""]",0,220,candidate
DEC005_FULL,train_kb,conservative_noisy_or_conflict_adjusted,4,TechNova Smartwatch Lite 15,has_price_usd,349,technova smartwatch lite 15|has_price_usd|349,3,"[0.98, 0.91, 0.91]",True,0,0.97328634375,0.97328634375,0.88,True,0.97328634375,False,False,"[""product_15"", ""product_15"", ""product_15""]","[""structured"", ""unstructured"", ""unstructured""]","[""structured_row:TechNova Smartwatch Lite 15"", ""TechNova Smartwatch Lite 15 is manufactured by TechNova. Priced at 349 USD. Weighs approximately 1.45kg. Available in white. Built with aluminum construction. Fast charging is no. Noise cancellation: no."", ""TechNova Smartwatch Lite 15 is manufactured by TechNova. Priced at 349 USD. Weighs approximately 1.45kg. Available in white. Built with aluminum construction. Fast charging is no. Noise cancellation: no.""]",1,220,candidate
DEC005_FULL,train_kb,conservative_noisy_or_conflict_adjusted,4,TechNova Smartwatch Lite 15,has_screen_size_inch,6.1,technova smartwatch lite 15|has_screen_size_inch|6.1,1,[0.98],True,0,0.735,0.735,0.88,False,0.735,False,False,"[""product_15""]","[""structured""]","[""structured_row:TechNova Smartwatch Lite 15""]",0,220,candidate
DEC005_FULL,train_kb,conservative_noisy_or_conflict_adjusted,4,TechNova Smartwatch Lite 15,has_ram_gb,16,technova smartwatch lite 15|has_ram_gb|16,1,[0.98],True,0,0.735,0.735,0.88,False,0.735,False,False,"[""product_15""]","[""structured""]","[""structured_row:TechNova Smartwatch Lite 15""]",0,220,candidate
DEC005_FULL,train_kb,conservative_noisy_or_conflict_adjusted,4,TechNova Smartwatch Lite 15,has_storage_gb,1024,technova smartwatch lite 15|has_storage_gb|1024,1,[0.98],True,0,0.735,0.735,0.88,False,0.735,False,False,"[""product_15""]","[""structured""]","[""structured_row:TechNova Smartwatch Lite 15""]",0,220,candidate
DEC005_FULL,train_kb,conservative_noisy_or_conflict_adjusted,4,TechNova Smartwatch Lite 15,has_battery_life_hours,8,technova smartwatch lite 15|has_battery_life_hours|8,1,[0.98],True,0,0.735,0.735,0.88,False,0.735,False,False,"[""product_15""]","[""structured""]","[""structured_row:TechNova Smartwatch Lite 15""]",0,220,candidate
DEC005_FULL,train_kb,conservative_noisy_or_conflict_adjusted,4,TechNova Smartwatch Lite 15,has_weight_kg,1.45,technova smartwatch lite 15|has_weight_kg|1.45,3,"[0.98, 0.91, 0.91]",True,0,0.97328634375,0.97328634375,0.88,True,0.97328634375,False,False,"[""product_15"", ""product_15"", ""product_15""]","[""structured"", ""unstructured"", ""unstructured""]","[""structured_row:TechNova Smartwatch Lite 15"", ""TechNova Smartwatch Lite 15 is manufactured by TechNova. Priced at 349 USD. Weighs approximately 1.45kg. Available in white. Built with aluminum construction. Fast charging is no. Noise cancellation: no."", ""TechNova Smartwatch Lite 15 is manufactured by TechNova. Priced at 349 USD. Weighs approximately 1.45kg. Available in white. Built with aluminum construction. Fast charging is no. Noise cancellation: no.""]",1,220,candidate
DEC005_FULL,train_kb,conservative_noisy_or_conflict_adjusted,4,TechNova Smartwatch Lite 15,has_color,white,technova smartwatch lite 15|has_color|white,3,"[0.98, 0.91, 0.91]",False,0,0.97328634375,0.97328634375,0.88,True,0.97328634375,False,False,"[""product_15"", ""product_15"", ""product_15""]","[""structured"", ""unstructured"", ""unstructured""]","[""structured_row:TechNova Smartwatch Lite 15"", ""TechNova Smartwatch Lite 15 is manufactured by TechNova. Priced at 349 USD. Weighs approximately 1.45kg. Available in white. Built with aluminum construction. Fast charging is no. Noise cancellation: no."", ""TechNova Smartwatch Lite 15 is manufactured by TechNova. Priced at 349 USD. Weighs approximately 1.45kg. Available in white. Built with aluminum construction. Fast charging is no. Noise cancellation: no.""]",1,220,candidate
DEC005_FULL,train_kb,conservative_noisy_or_conflict_adjusted,4,TechNova Smartwatch Lite 15,made_of_material,aluminum,technova smartwatch lite 15|made_of_material|aluminum,3,"[0.98, 0.91, 0.91]",True,0,0.97328634375,0.97328634375,0.88,True,0.97328634375,False,False,"[""product_15"", ""product_15"", ""product_15""]","[""structured"", ""unstructured"", ""unstructured""]","[""structured_row:TechNova Smartwatch Lite 15"", ""TechNova Smartwatch Lite 15 is manufactured by TechNova. Priced at 349 USD. Weighs approximately 1.45kg. Available in white. Built with aluminum construction. Fast charging is no. Noise cancellation: no."", ""TechNova Smartwatch Lite 15 is manufactured by TechNova. Priced at 349 USD. Weighs approximately 1.45kg. Available in white. Built with aluminum construction. Fast charging is no. Noise cancellation: no.""]",1,220,candidate
DEC005_FULL,train_kb,conservative_noisy_or_conflict_adjusted,4,TechNova Smartwatch Lite 15,target_market_region,US,technova smartwatch lite 15|target_market_region|us,1,[0.98],True,0,0.735,0.735,0.88,False,0.735,False,False,"[""product_15""]","[""structured""]","[""structured_row:TechNova Smartwatch Lite 15""]",0,220,candidate
DEC005_FULL,train_kb,conservative_noisy_or_conflict_adjusted,4,TechNova Smartwatch Lite 15,supports_fast_charging,no,technova smartwatch lite 15|supports_fast_charging|no,3,"[0.98, 0.91, 0.91]",True,0,0.97328634375,0.97328634375,0.88,True,0.97328634375,False,False,"[""product_15"", ""product_15"", ""product_15""]","[""structured"", ""unstructured"", ""unstructured""]","[""structured_row:TechNova Smartwatch Lite 15"", ""TechNova Smartwatch Lite 15 is manufactured by TechNova. Priced at 349 USD. Weighs approximately 1.45kg. Available in white. Built with aluminum construction. Fast charging is no. Noise cancellation: no."", ""TechNova Smartwatch Lite 15 is manufactured by TechNova. Priced at 349 USD. Weighs approximately 1.45kg. Available in white. Built with aluminum construction. Fast charging is no. Noise cancellation: no.""]",1,220,candidate
DEC005_FULL,train_kb,conservative_noisy_or_conflict_adjusted,4,TechNova Smartwatch Lite 15,has_noise_cancellation,no,technova smartwatch lite 15|has_noise_cancellation|no,3,"[0.98, 0.91, 0.91]",True,0,0.97328634375,0.97328634375,0.88,True,0.97328634375,False,False,"[""product_15"", ""product_15"", ""product_15""]","[""structured"", ""unstructured"", ""unstructured""]","[""structured_row:TechNova Smartwatch Lite 15"", ""TechNova Smartwatch Lite 15 is manufactured by TechNova. Priced at 349 USD. Weighs approximately 1.45kg. Available in white. Built with aluminum construction. Fast charging is no. Noise cancellation: no."", ""TechNova Smartwatch Lite 15 is manufactured by TechNova. Priced at 349 USD. Weighs approximately 1.45kg. Available in white. Built with aluminum construction. Fast charging is no. Noise cancellation: no.""]",1,220,candidate
DEC005_FULL,train_kb,conservative_noisy_or_conflict_adjusted,4,Auralex Smartwatch Max 16,manufactured_by,Auralex,auralex smartwatch max 16|manufactured_by|auralex,1,[0.98],True,0,0.735,0.735,0.88,False,0.735,False,False,"[""product_16""]","[""structured""]","[""structured_row:Auralex Smartwatch Max 16""]",0,220,candidate
DEC005_FULL,train_kb,conservative_noisy_or_conflict_adjusted,4,Auralex Smartwatch Max 16,belongs_to_category,smartwatch,auralex smartwatch max 16|belongs_to_category|smartwatch,1,[0.98],True,0,0.735,0.735,0.88,False,0.735,False,False,"[""product_16""]","[""structured""]","[""structured_row:Auralex Smartwatch Max 16""]",1,220,candidate
DEC005_FULL,train_kb,conservative_noisy_or_conflict_adjusted,4,Auralex Smartwatch Max 16,has_price_usd,899,auralex smartwatch max 16|has_price_usd|899,1,[0.98],True,0,0.735,0.735,0.88,False,0.735,False,False,"[""product_16""]","[""structured""]","[""structured_row:Auralex Smartwatch Max 16""]",1,220,candidate
DEC005_FULL,train_kb,conservative_noisy_or_conflict_adjusted,4,Auralex Smartwatch Max 16,has_screen_size_inch,6.1,auralex smartwatch max 16|has_screen_size_inch|6.1,1,[0.98],True,0,0.735,0.735,0.88,False,0.735,False,False,"[""product_16""]","[""structured""]","[""structured_row:Auralex Smartwatch Max 16""]",0,220,candidate
DEC005_FULL,train_kb,conservative_noisy_or_conflict_adjusted,4,Auralex Smartwatch Max 16,has_ram_gb,16,auralex smartwatch max 16|has_ram_gb|16,1,[0.98],True,0,0.735,0.735,0.88,False,0.735,False,False,"[""product_16""]","[""structured""]","[""structured_row:Auralex Smartwatch Max 16""]",0,220,candidate
DEC005_FULL,train_kb,conservative_noisy_or_conflict_adjusted,4,Auralex Smartwatch Max 16,has_storage_gb,128,auralex smartwatch max 16|has_storage_gb|128,1,[0.98],True,0,0.735,0.735,0.88,False,0.735,False,False,"[""product_16""]","[""structured""]","[""structured_row:Auralex Smartwatch Max 16""]",1,220,candidate
DEC005_FULL,train_kb,conservative_noisy_or_conflict_adjusted,4,Auralex Smartwatch Max 16,has_battery_life_hours,18,auralex smartwatch max 16|has_battery_life_hours|18,1,[0.98],True,0,0.735,0.735,0.88,False,0.735,False,False,"[""product_16""]","[""structured""]","[""structured_row:Auralex Smartwatch Max 16""]",1,220,candidate
DEC005_FULL,train_kb,conservative_noisy_or_conflict_adjusted,4,Auralex Smartwatch Max 16,has_weight_kg,1.2,auralex smartwatch max 16|has_weight_kg|1.2,1,[0.98],True,0,0.735,0.735,0.88,False,0.735,False,False,"[""product_16""]","[""structured""]","[""structured_row:Auralex Smartwatch Max 16""]",0,220,candidate
DEC005_FULL,train_kb,conservative_noisy_or_conflict_adjusted,4,Auralex Smartwatch Max 16,has_color,silver,auralex smartwatch max 16|has_color|silver,1,[0.98],False,0,0.735,0.735,0.88,False,0.735,False,False,"[""product_16""]","[""structured""]","[""structured_row:Auralex Smartwatch Max 16""]",1,220,candidate
DEC005_FULL,train_kb,conservative_noisy_or_conflict_adjusted,4,Auralex Smartwatch Max 16,made_of_material,aluminum,auralex smartwatch max 16|made_of_material|aluminum,1,[0.98],True,0,0.735,0.735,0.88,False,0.735,False,False,"[""product_16""]","[""structured""]","[""structured_row:Auralex Smartwatch Max 16""]",1,220,candidate
DEC005_FULL,train_kb,conservative_noisy_or_conflict_adjusted,4,Auralex Smartwatch Max 16,target_market_region,EU,auralex smartwatch max 16|target_market_region|eu,1,[0.98],True,0,0.735,0.735,0.88,False,0.735,False,False,"[""product_16""]","[""structured""]","[""structured_row:Auralex Smartwatch Max 16""]",0,220,candidate
DEC005_FULL,train_kb,conservative_noisy_or_conflict_adjusted,4,Auralex Smartwatch Max 16,supports_fast_charging,yes,auralex smartwatch max 16|supports_fast_charging|yes,1,[0.98],True,0,0.735,0.735,0.88,False,0.735,False,False,"[""product_16""]","[""structured""]","[""structured_row:Auralex Smartwatch Max 16""]",0,220,candidate
DEC005_FULL,train_kb,conservative_noisy_or_conflict_adjusted,4,Auralex Smartwatch Max 16,has_noise_cancellation,no,auralex smartwatch max 16|has_noise_cancellation|no,1,[0.98],True,0,0.735,0.735,0.88,False,0.735,False,False,"[""product_16""]","[""structured""]","[""structured_row:Auralex Smartwatch Max 16""]",1,220,candidate
DEC005_FULL,train_kb,conservative_noisy_or_conflict_adjusted,4,smartwatch device,has_price_usd,899,smartwatch device|has_price_usd|899,1,[0.92],True,0,0.6900000000000001,0.6900000000000001,0.88,False,0.6900000000000001,False,False,"[""product_16""]","[""unstructured""]","[""It is a smartwatch device. Priced at 899 USD. Offers 128GB of internal storage. Battery lasts up to 18 hours. Available in silver. Built with aluminum construction. Noise cancellation: no.""]",0,220,candidate
DEC005_FULL,train_kb,conservative_noisy_or_conflict_adjusted,4,smartwatch device,has_storage_gb,128,smartwatch device|has_storage_gb|128,1,[0.93],True,0,0.6975,0.6975,0.88,False,0.6975,False,False,"[""product_16""]","[""unstructured""]","[""It is a smartwatch device. Priced at 899 USD. Offers 128GB of internal storage. Battery lasts up to 18 hours. Available in silver. Built with aluminum construction. Noise cancellation: no.""]",0,220,candidate
DEC005_FULL,train_kb,conservative_noisy_or_conflict_adjusted,4,smartwatch device,has_battery_life_hours,18,smartwatch device|has_battery_life_hours|18,1,[0.94],True,0,0.705,0.705,0.88,False,0.705,False,False,"[""product_16""]","[""unstructured""]","[""It is a smartwatch device. Priced at 899 USD. Offers 128GB of internal storage. Battery lasts up to 18 hours. Available in silver. Built with aluminum construction. Noise cancellation: no.""]",0,220,candidate
DEC005_FULL,train_kb,conservative_noisy_or_conflict_adjusted,4,smartwatch device,has_color,silver,smartwatch device|has_color|silver,1,[0.95],False,0,0.7124999999999999,0.7124999999999999,0.88,False,0.7124999999999999,False,False,"[""product_16""]","[""unstructured""]","[""It is a smartwatch device. Priced at 899 USD. Offers 128GB of internal storage. Battery lasts up to 18 hours. Available in silver. Built with aluminum construction. Noise cancellation: no.""]",0,220,candidate
DEC005_FULL,train_kb,conservative_noisy_or_conflict_adjusted,4,smartwatch device,made_of_material,aluminum,smartwatch device|made_of_material|aluminum,1,[0.96],True,0,0.72,0.72,0.88,False,0.72,False,False,"[""product_16""]","[""unstructured""]","[""It is a smartwatch device. Priced at 899 USD. Offers 128GB of internal storage. Battery lasts up to 18 hours. Available in silver. Built with aluminum construction. Noise cancellation: no.""]",0,220,candidate
DEC005_FULL,train_kb,conservative_noisy_or_conflict_adjusted,4,TechNova Laptop Air 17,manufactured_by,TechNova,technova laptop air 17|manufactured_by|technova,5,"[0.98, 0.95, 0.91, 0.91, 0.8]",True,0,0.99692792953125,0.99692792953125,0.88,True,0.992319823828125,False,False,"[""product_17"", ""product_17"", ""product_17"", ""product_17"", ""product_17""]","[""structured"", ""unstructured"", ""unstructured"", ""unstructured"", ""unstructured""]","[""structured_row:TechNova Laptop Air 17"", ""TechNova Laptop Air 17 is manufactured by TechNova. It is a laptop device. Comes with 32GB of RAM. Weighs approximately 0.42kg. Available in blue. Built with aluminum construction. Targeted at the APAC market."", ""TechNova Laptop Air 17 is manufactured by TechNova. It is a laptop device. Comes with 32GB of RAM. Weighs approximately 0.42kg. Available in blue. Built with aluminum construction. Targeted at the APAC market."", ""TechNova Laptop Air 17 is manufactured by TechNova. It is a laptop device. Comes with 32GB of RAM. Weighs approximately 0.42kg. Available in blue. Built with aluminum construction. Targeted at the APAC market."", ""TechNova Laptop Air 17 is manufactured by TechNova. It is a laptop device. Comes with 32GB of RAM. Weighs approximately 0.42kg. Available in blue. Built with aluminum construction. Targeted at the APAC market.""]",1,220,candidate
DEC005_FULL,train_kb,conservative_noisy_or_conflict_adjusted,4,TechNova Laptop Air 17,belongs_to_category,laptop,technova laptop air 17|belongs_to_category|laptop,1,[0.98],True,1,0.735,0.3675,0.88,False,0.3675,False,False,"[""product_17""]","[""structured""]","[""structured_row:TechNova Laptop Air 17""]",1,220,candidate
DEC005_FULL,train_kb,conservative_noisy_or_conflict_adjusted,4,TechNova Laptop Air 17,has_price_usd,299,technova laptop air 17|has_price_usd|299,1,[0.98],True,2,0.735,0.245,0.88,False,0.245,False,False,"[""product_17""]","[""structured""]","[""structured_row:TechNova Laptop Air 17""]",0,220,candidate
DEC005_FULL,train_kb,conservative_noisy_or_conflict_adjusted,4,TechNova Laptop Air 17,has_screen_size_inch,14.0,technova laptop air 17|has_screen_size_inch|14.0,1,[0.98],True,1,0.735,0.3675,0.88,False,0.3675,False,False,"[""product_17""]","[""structured""]","[""structured_row:TechNova Laptop Air 17""]",0,220,candidate
DEC005_FULL,train_kb,conservative_noisy_or_conflict_adjusted,4,TechNova Laptop Air 17,has_ram_gb,32,technova laptop air 17|has_ram_gb|32,5,"[0.98, 0.92, 0.91, 0.91, 0.8]",True,1,0.996687506625,0.4983437533125,0.88,False,0.49585938328125,False,False,"[""product_17"", ""product_17"", ""product_17"", ""product_17"", ""product_17""]","[""structured"", ""unstructured"", ""unstructured"", ""unstructured"", ""unstructured""]","[""structured_row:TechNova Laptop Air 17"", ""TechNova Laptop Air 17 is manufactured by TechNova. It is a laptop device. Comes with 32GB of RAM. Weighs approximately 0.42kg. Available in blue. Built with aluminum construction. Targeted at the APAC market."", ""TechNova Laptop Air 17 is manufactured by TechNova. It is a laptop device. Comes with 32GB of RAM. Weighs approximately 0.42kg. Available in blue. Built with aluminum construction. Targeted at the APAC market."", ""TechNova Laptop Air 17 is manufactured by TechNova. It is a laptop device. Comes with 32GB of RAM. Weighs approximately 0.42kg. Available in blue. Built with aluminum construction. Targeted at the APAC market."", ""TechNova Laptop Air 17 is manufactured by TechNova. It is a laptop device. Comes with 32GB of RAM. Weighs approximately 0.42kg. Available in blue. Built with aluminum construction. Targeted at the APAC market.""]",1,220,candidate
DEC005_FULL,train_kb,conservative_noisy_or_conflict_adjusted,4,TechNova Laptop Air 17,has_storage_gb,256,technova laptop air 17|has_storage_gb|256,1,[0.98],True,1,0.735,0.3675,0.88,False,0.3675,False,False,"[""product_17""]","[""structured""]","[""structured_row:TechNova Laptop Air 17""]",0,220,candidate
DEC005_FULL,train_kb,conservative_noisy_or_conflict_adjusted,4,TechNova Laptop Air 17,has_battery_life_hours,14,technova laptop air 17|has_battery_life_hours|14,1,[0.98],True,0,0.735,0.735,0.88,False,0.735,False,False,"[""product_17""]","[""structured""]","[""structured_row:TechNova Laptop Air 17""]",0,220,candidate
DEC005_FULL,train_kb,conservative_noisy_or_conflict_adjusted,4,TechNova Laptop Air 17,has_weight_kg,0.42,technova laptop air 17|has_weight_kg|0.42,5,"[0.98, 0.93, 0.91, 0.91, 0.8]",True,1,0.99676764759375,0.498383823796875,0.88,False,0.4959595594921875,False,False,"[""product_17"", ""product_17"", ""product_17"", ""product_17"", ""product_17""]","[""structured"", ""unstructured"", ""unstructured"", ""unstructured"", ""unstructured""]","[""structured_row:TechNova Laptop Air 17"", ""TechNova Laptop Air 17 is manufactured by TechNova. It is a laptop device. Comes with 32GB of RAM. Weighs approximately 0.42kg. Available in blue. Built with aluminum construction. Targeted at the APAC market."", ""TechNova Laptop Air 17 is manufactured by TechNova. It is a laptop device. Comes with 32GB of RAM. Weighs approximately 0.42kg. Available in blue. Built with aluminum construction. Targeted at the APAC market."", ""TechNova Laptop Air 17 is manufactured by TechNova. It is a laptop device. Comes with 32GB of RAM. Weighs approximately 0.42kg. Available in blue. Built with aluminum construction. Targeted at the APAC market."", ""TechNova Laptop Air 17 is manufactured by TechNova. It is a laptop device. Comes with 32GB of RAM. Weighs approximately 0.42kg. Available in blue. Built with aluminum construction. Targeted at the APAC market.""]",1,220,candidate
DEC005_FULL,train_kb,conservative_noisy_or_conflict_adjusted,4,TechNova Laptop Air 17,has_color,blue,technova laptop air 17|has_color|blue,5,"[0.98, 0.9, 0.91, 0.91, 0.8]",False,1,0.9965272246875,0.9965272246875,0.88,True,0.99131806171875,False,False,"[""product_17"", ""product_17"", ""product_17"", ""product_17"", ""product_17""]","[""structured"", ""unstructured"", ""unstructured"", ""unstructured"", ""unstructured""]","[""structured_row:TechNova Laptop Air 17"", ""TechNova Laptop Air 17 is manufactured by TechNova. It is a laptop device. Comes with 32GB of RAM. Weighs approximately 0.42kg. Available in blue. Built with aluminum construction. Targeted at the APAC market."", ""TechNova Laptop Air 17 is manufactured by TechNova. It is a laptop device. Comes with 32GB of RAM. Weighs approximately 0.42kg. Available in blue. Built with aluminum construction. Targeted at the APAC market."", ""TechNova Laptop Air 17 is manufactured by TechNova. It is a laptop device. Comes with 32GB of RAM. Weighs approximately 0.42kg. Available in blue. Built with aluminum construction. Targeted at the APAC market."", ""TechNova Laptop Air 17 is manufactured by TechNova. It is a laptop device. Comes with 32GB of RAM. Weighs approximately 0.42kg. Available in blue. Built with aluminum construction. Targeted at the APAC market.""]",1,220,candidate
DEC005_FULL,train_kb,conservative_noisy_or_conflict_adjusted,4,TechNova Laptop Air 17,made_of_material,aluminum,technova laptop air 17|made_of_material|aluminum,8,"[0.98, 0.91, 0.91, 0.91, 0.91, 0.91, 0.91, 0.8]",True,0,0.9998914153982038,0.9998914153982038,0.88,True,0.9991450031354634,False,False,"[""product_17"", ""product_17"", ""product_9"", ""product_17"", ""product_9"", ""product_17"", ""product_9"", ""product_17""]","[""structured"", ""unstructured"", ""unstructured"", ""unstructured"", ""unstructured"", ""unstructured"", ""unstructured"", ""unstructured""]","[""structured_row:TechNova Laptop Air 17"", ""TechNova Laptop Air 17 is manufactured by TechNova. It is a laptop device. Comes with 32GB of RAM. Weighs approximately 0.42kg. Available in blue. Built with aluminum construction. Targeted at the APAC market."", ""It is a laptop device. Priced at 199 USD. Weighs approximately 0.18kg. Available in green. Built with aluminum construction. Targeted at the APAC market. Fast charging is yes."", ""TechNova Laptop Air 17 is manufactured by TechNova. It is a laptop device. Comes with 32GB of RAM. Weighs approximately 0.42kg. Available in blue. Built with aluminum construction. Targeted at the APAC market."", ""It is a laptop device. Priced at 199 USD. Weighs approximately 0.18kg. Available in green. Built with aluminum construction. Targeted at the APAC market. Fast charging is yes."", ""TechNova Laptop Air 17 is manufactured by TechNova. It is a laptop device. Comes with 32GB of RAM. Weighs approximately 0.42kg. Available in blue. Built with aluminum construction. Targeted at the APAC market."", ""It is a laptop device. Priced at 199 USD. Weighs approximately 0.18kg. Available in green. Built with aluminum construction. Targeted at the APAC market. Fast charging is yes."", ""TechNova Laptop Air 17 is manufactured by TechNova. It is a laptop device. Comes with 32GB of RAM. Weighs approximately 0.42kg. Available in blue. Built with aluminum construction. Targeted at the APAC market.""]",1,220,candidate
DEC005_FULL,train_kb,conservative_noisy_or_conflict_adjusted,4,TechNova Laptop Air 17,target_market_region,APAC,technova laptop air 17|target_market_region|apac,7,"[0.98, 0.94, 0.91, 0.91, 0.91, 0.91, 0.8]",True,2,0.9996822373857785,0.33322741246192616,0.88,False,0.33249931072382816,False,False,"[""product_17"", ""product_17"", ""product_9"", ""product_17"", ""product_9"", ""product_9"", ""product_17""]","[""structured"", ""unstructured"", ""unstructured"", ""unstructured"", ""unstructured"", ""unstructured"", ""unstructured""]","[""structured_row:TechNova Laptop Air 17"", ""TechNova Laptop Air 17 is manufactured by TechNova. It is a laptop device. Comes with 32GB of RAM. Weighs approximately 0.42kg. Available in blue. Built with aluminum construction. Targeted at the APAC market."", ""It is a laptop device. Priced at 199 USD. Weighs approximately 0.18kg. Available in green. Built with aluminum construction. Targeted at the APAC market. Fast charging is yes."", ""TechNova Laptop Air 17 is manufactured by TechNova. It is a laptop device. Comes with 32GB of RAM. Weighs approximately 0.42kg. Available in blue. Built with aluminum construction. Targeted at the APAC market."", ""It is a laptop device. Priced at 199 USD. Weighs approximately 0.18kg. Available in green. Built with aluminum construction. Targeted at the APAC market. Fast charging is yes."", ""It is a laptop device. Priced at 199 USD. Weighs approximately 0.18kg. Available in green. Built with aluminum construction. Targeted at the APAC market. Fast charging is yes."", ""TechNova Laptop Air 17 is manufactured by TechNova. It is a laptop device. Comes with 32GB of RAM. Weighs approximately 0.42kg. Available in blue. Built with aluminum construction. Targeted at the APAC market.""]",1,220,candidate
DEC005_FULL,train_kb,conservative_noisy_or_conflict_adjusted,4,TechNova Laptop Air 17,supports_fast_charging,yes,technova laptop air 17|supports_fast_charging|yes,4,"[0.98, 0.91, 0.91, 0.91]",True,0,0.991518414140625,0.991518414140625,0.88,True,0.97328634375,False,False,"[""product_17"", ""product_9"", ""product_9"", ""product_9""]","[""structured"", ""unstructured"", ""unstructured"", ""unstructured""]","[""structured_row:TechNova Laptop Air 17"", ""It is a laptop device. Priced at 199 USD. Weighs approximately 0.18kg. Available in green. Built with aluminum construction. Targeted at the APAC market. Fast charging is yes."", ""It is a laptop device. Priced at 199 USD. Weighs approximately 0.18kg. Available in green. Built with aluminum construction. Targeted at the APAC market. Fast charging is yes."", ""It is a laptop device. Priced at 199 USD. Weighs approximately 0.18kg. Available in green. Built with aluminum construction. Targeted at the APAC market. Fast charging is yes.""]",0,220,candidate
DEC005_FULL,train_kb,conservative_noisy_or_conflict_adjusted,4,TechNova Laptop Air 17,has_noise_cancellation,no,technova laptop air 17|has_noise_cancellation|no,1,[0.98],True,0,0.735,0.735,0.88,False,0.735,False,False,"[""product_17""]","[""structured""]","[""structured_row:TechNova Laptop Air 17""]",0,220,candidate
DEC005_FULL,train_kb,conservative_noisy_or_conflict_adjusted,4,Zenbyte Laptop Pro 18,manufactured_by,Zenbyte,zenbyte laptop pro 18|manufactured_by|zenbyte,5,"[0.98, 0.95, 0.91, 0.91, 0.91]",True,0,0.9975615440654297,0.9975615440654297,0.88,True,0.992319823828125,False,False,"[""product_18"", ""product_18"", ""product_18"", ""product_18"", ""product_18""]","[""structured"", ""unstructured"", ""unstructured"", ""unstructured"", ""unstructured""]","[""structured_row:Zenbyte Laptop Pro 18"", ""Zenbyte Laptop Pro 18 is manufactured by Zenbyte. Comes with 8GB of RAM. Offers 128GB of internal storage. Available in blue. Built with aluminum construction. Targeted at the APAC market. Fast charging is no."", ""Zenbyte Laptop Pro 18 is manufactured by Zenbyte. Comes with 8GB of RAM. Offers 128GB of internal storage. Available in blue. Built with aluminum construction. Targeted at the APAC market. Fast charging is no."", ""Zenbyte Laptop Pro 18 is manufactured by Zenbyte. Comes with 8GB of RAM. Offers 128GB of internal storage. Available in blue. Built with aluminum construction. Targeted at the APAC market. Fast charging is no."", ""Zenbyte Laptop Pro 18 is manufactured by Zenbyte. Comes with 8GB of RAM. Offers 128GB of internal storage. Available in blue. Built with aluminum construction. Targeted at the APAC market. Fast charging is no.""]",1,220,candidate
DEC005_FULL,train_kb,conservative_noisy_or_conflict_adjusted,4,Zenbyte Laptop Pro 18,belongs_to_category,laptop,zenbyte laptop pro 18|belongs_to_category|laptop,1,[0.98],True,0,0.735,0.735,0.88,False,0.735,False,False,"[""product_18""]","[""structured""]","[""structured_row:Zenbyte Laptop Pro 18""]",0,220,candidate
DEC005_FULL,train_kb,conservative_noisy_or_conflict_adjusted,4,Zenbyte Laptop Pro 18,has_price_usd,349,zenbyte laptop pro 18|has_price_usd|349,1,[0.98],True,0,0.735,0.735,0.88,False,0.735,False,False,"[""product_18""]","[""structured""]","[""structured_row:Zenbyte Laptop Pro 18""]",0,220,candidate
DEC005_FULL,train_kb,conservative_noisy_or_conflict_adjusted,4,Zenbyte Laptop Pro 18,has_screen_size_inch,10.9,zenbyte laptop pro 18|has_screen_size_inch|10.9,1,[0.98],True,0,0.735,0.735,0.88,False,0.735,False,False,"[""product_18""]","[""structured""]","[""structured_row:Zenbyte Laptop Pro 18""]",0,220,candidate
DEC005_FULL,train_kb,conservative_noisy_or_conflict_adjusted,4,Zenbyte Laptop Pro 18,has_ram_gb,8,zenbyte laptop pro 18|has_ram_gb|8,6,"[0.98, 0.95, 0.91, 0.976, 0.91, 0.91]",True,0,0.9993464938095351,0.9993464938095351,0.88,True,0.9979417127859375,False,False,"[""product_18"", ""product_18"", ""product_18"", ""product_1"", ""product_18"", ""product_18""]","[""structured"", ""unstructured"", ""unstructured"", ""unstructured"", ""unstructured"", ""unstructured""]","[""structured_row:Zenbyte Laptop Pro 18"", ""Zenbyte Laptop Pro 18 is manufactured by Zenbyte. Comes with 8GB of RAM. Offers 128GB of internal storage. Available in blue. Built with aluminum construction. Targeted at the APAC market. Fast charging is no."", ""Zenbyte Laptop Pro 18 is manufactured by Zenbyte. Comes with 8GB of RAM. Offers 128GB of internal storage. Available in blue. Built with aluminum construction. Targeted at the APAC market. Fast charging is no."", ""Auralex Smartphone Max 1 is manufactured by Auralex. It is a smartphone device. The display measures 14.0 inches. Comes with 32GB of RAM. Built with aluminum construction. Fast charging is no. Noise cancellation: no."", ""Zenbyte Laptop Pro 18 is manufactured by Zenbyte. Comes with 8GB of RAM. Offers 128GB of internal storage. Available in blue. Built with aluminum construction. Targeted at the APAC market. Fast charging is no."", ""Zenbyte Laptop Pro 18 is manufactured by Zenbyte. Comes with 8GB of RAM. Offers 128GB of internal storage. Available in blue. Built with aluminum construction. Targeted at the APAC market. Fast charging is no.""]",1,220,candidate
DEC005_FULL,train_kb,conservative_noisy_or_conflict_adjusted,4,Zenbyte Laptop Pro 18,has_storage_gb,128,zenbyte laptop pro 18|has_storage_gb|128,5,"[0.98, 0.95, 0.91, 0.91, 0.91]",True,0,0.9975615440654297,0.9975615440654297,0.88,True,0.992319823828125,False,False,"[""product_18"", ""product_18"", ""product_18"", ""product_18"", ""product_18""]","[""structured"", ""unstructured"", ""unstructured"", ""unstructured"", ""unstructured""]","[""structured_row:Zenbyte Laptop Pro 18"", ""Zenbyte Laptop Pro 18 is manufactured by Zenbyte. Comes with 8GB of RAM. Offers 128GB of internal storage. Available in blue. Built with aluminum construction. Targeted at the APAC market. Fast charging is no."", ""Zenbyte Laptop Pro 18 is manufactured by Zenbyte. Comes with 8GB of RAM. Offers 128GB of internal storage. Available in blue. Built with aluminum construction. Targeted at the APAC market. Fast charging is no."", ""Zenbyte Laptop Pro 18 is manufactured by Zenbyte. Comes with 8GB of RAM. Offers 128GB of internal storage. Available in blue. Built with aluminum construction. Targeted at the APAC market. Fast charging is no."", ""Zenbyte Laptop Pro 18 is manufactured by Zenbyte. Comes with 8GB of RAM. Offers 128GB of internal storage. Available in blue. Built with aluminum construction. Targeted at the APAC market. Fast charging is no.""]",1,220,candidate
DEC005_FULL,train_kb,conservative_noisy_or_conflict_adjusted,4,Zenbyte Laptop Pro 18,has_battery_life_hours,14,zenbyte laptop pro 18|has_battery_life_hours|14,1,[0.98],True,0,0.735,0.735,0.88,False,0.735,False,False,"[""product_18""]","[""structured""]","[""structured_row:Zenbyte Laptop Pro 18""]",0,220,candidate
DEC005_FULL,train_kb,conservative_noisy_or_conflict_adjusted,4,Zenbyte Laptop Pro 18,has_weight_kg,1.8,zenbyte laptop pro 18|has_weight_kg|1.8,1,[0.98],True,0,0.735,0.735,0.88,False,0.735,False,False,"[""product_18""]","[""structured""]","[""structured_row:Zenbyte Laptop Pro 18""]",0,220,candidate
DEC005_FULL,train_kb,conservative_noisy_or_conflict_adjusted,4,Zenbyte Laptop Pro 18,has_color,blue,zenbyte laptop pro 18|has_color|blue,6,"[0.98, 0.95, 0.91, 0.976, 0.91, 0.91]",False,0,0.9993464938095351,0.9993464938095351,0.88,True,0.9979417127859375,False,False,"[""product_18"", ""product_18"", ""product_18"", ""product_1"", ""product_18"", ""product_18""]","[""structured"", ""unstructured"", ""unstructured"", ""unstructured"", ""unstructured"", ""unstructured""]","[""structured_row:Zenbyte Laptop Pro 18"", ""Zenbyte Laptop Pro 18 is manufactured by Zenbyte. Comes with 8GB of RAM. Offers 128GB of internal storage. Available in blue. Built with aluminum construction. Targeted at the APAC market. Fast charging is no."", ""Zenbyte Laptop Pro 18 is manufactured by Zenbyte. Comes with 8GB of RAM. Offers 128GB of internal storage. Available in blue. Built with aluminum construction. Targeted at the APAC market. Fast charging is no."", ""Auralex Smartphone Max 1 is manufactured by Auralex. It is a smartphone device. The display measures 14.0 inches. Comes with 32GB of RAM. Built with aluminum construction. Fast charging is no. Noise cancellation: no."", ""Zenbyte Laptop Pro 18 is manufactured by Zenbyte. Comes with 8GB of RAM. Offers 128GB of internal storage. Available in blue. Built with aluminum construction. Targeted at the APAC market. Fast charging is no."", ""Zenbyte Laptop Pro 18 is manufactured by Zenbyte. Comes with 8GB of RAM. Offers 128GB of internal storage. Available in blue. Built with aluminum construction. Targeted at the APAC market. Fast charging is no.""]",1,220,candidate
DEC005_FULL,train_kb,conservative_noisy_or_conflict_adjusted,4,Zenbyte Laptop Pro 18,made_of_material,aluminum,zenbyte laptop pro 18|made_of_material|aluminum,5,"[0.98, 0.95, 0.91, 0.91, 0.91]",True,0,0.9975615440654297,0.9975615440654297,0.88,True,0.992319823828125,False,False,"[""product_18"", ""product_18"", ""product_18"", ""product_18"", ""product_18""]","[""structured"", ""unstructured"", ""unstructured"", ""unstructured"", ""unstructured""]","[""structured_row:Zenbyte Laptop Pro 18"", ""Zenbyte Laptop Pro 18 is manufactured by Zenbyte. Comes with 8GB of RAM. Offers 128GB of internal storage. Available in blue. Built with aluminum construction. Targeted at the APAC market. Fast charging is no."", ""Zenbyte Laptop Pro 18 is manufactured by Zenbyte. Comes with 8GB of RAM. Offers 128GB of internal storage. Available in blue. Built with aluminum construction. Targeted at the APAC market. Fast charging is no."", ""Zenbyte Laptop Pro 18 is manufactured by Zenbyte. Comes with 8GB of RAM. Offers 128GB of internal storage. Available in blue. Built with aluminum construction. Targeted at the APAC market. Fast charging is no."", ""Zenbyte Laptop Pro 18 is manufactured by Zenbyte. Comes with 8GB of RAM. Offers 128GB of internal storage. Available in blue. Built with aluminum construction. Targeted at the APAC market. Fast charging is no.""]",1,220,candidate
DEC005_FULL,train_kb,conservative_noisy_or_conflict_adjusted,4,Zenbyte Laptop Pro 18,target_market_region,APAC,zenbyte laptop pro 18|target_market_region|apac,5,"[0.98, 0.95, 0.91, 0.91, 0.91]",True,0,0.9975615440654297,0.9975615440654297,0.88,True,0.992319823828125,False,False,"[""product_18"", ""product_18"", ""product_18"", ""product_18"", ""product_18""]","[""structured"", ""unstructured"", ""unstructured"", ""unstructured"", ""unstructured""]","[""structured_row:Zenbyte Laptop Pro 18"", ""Zenbyte Laptop Pro 18 is manufactured by Zenbyte. Comes with 8GB of RAM. Offers 128GB of internal storage. Available in blue. Built with aluminum construction. Targeted at the APAC market. Fast charging is no."", ""Zenbyte Laptop Pro 18 is manufactured by Zenbyte. Comes with 8GB of RAM. Offers 128GB of internal storage. Available in blue. Built with aluminum construction. Targeted at the APAC market. Fast charging is no."", ""Zenbyte Laptop Pro 18 is manufactured by Zenbyte. Comes with 8GB of RAM. Offers 128GB of internal storage. Available in blue. Built with aluminum construction. Targeted at the APAC market. Fast charging is no."", ""Zenbyte Laptop Pro 18 is manufactured by Zenbyte. Comes with 8GB of RAM. Offers 128GB of internal storage. Available in blue. Built with aluminum construction. Targeted at the APAC market. Fast charging is no.""]",1,220,candidate
DEC005_FULL,train_kb,conservative_noisy_or_conflict_adjusted,4,Zenbyte Laptop Pro 18,supports_fast_charging,no,zenbyte laptop pro 18|supports_fast_charging|no,5,"[0.98, 0.95, 0.91, 0.91, 0.91]",True,0,0.9975615440654297,0.9975615440654297,0.88,True,0.992319823828125,False,False,"[""product_18"", ""product_18"", ""product_18"", ""product_18"", ""product_18""]","[""structured"", ""unstructured"", ""unstructured"", ""unstructured"", ""unstructured""]","[""structured_row:Zenbyte Laptop Pro 18"", ""Zenbyte Laptop Pro 18 is manufactured by Zenbyte. Comes with 8GB of RAM. Offers 128GB of internal storage. Available in blue. Built with aluminum construction. Targeted at the APAC market. Fast charging is no."", ""Zenbyte Laptop Pro 18 is manufactured by Zenbyte. Comes with 8GB of RAM. Offers 128GB of internal storage. Available in blue. Built with aluminum construction. Targeted at the APAC market. Fast charging is no."", ""Zenbyte Laptop Pro 18 is manufactured by Zenbyte. Comes with 8GB of RAM. Offers 128GB of internal storage. Available in blue. Built with aluminum construction. Targeted at the APAC market. Fast charging is no."", ""Zenbyte Laptop Pro 18 is manufactured by Zenbyte. Comes with 8GB of RAM. Offers 128GB of internal storage. Available in blue. Built with aluminum construction. Targeted at the APAC market. Fast charging is no.""]",1,220,candidate
DEC005_FULL,train_kb,conservative_noisy_or_conflict_adjusted,4,Zenbyte Laptop Pro 18,has_noise_cancellation,no,zenbyte laptop pro 18|has_noise_cancellation|no,1,[0.98],True,0,0.735,0.735,0.88,False,0.735,False,False,"[""product_18""]","[""structured""]","[""structured_row:Zenbyte Laptop Pro 18""]",0,220,candidate
DEC005_FULL,train_kb,conservative_noisy_or_conflict_adjusted,4,PixelWare Smartphone Plus 19,manufactured_by,PixelWare,pixelware smartphone plus 19|manufactured_by|pixelware,1,[0.98],True,0,0.735,0.735,0.88,False,0.735,False,False,"[""product_19""]","[""structured""]","[""structured_row:PixelWare Smartphone Plus 19""]",0,220,candidate
DEC005_FULL,train_kb,conservative_noisy_or_conflict_adjusted,4,PixelWare Smartphone Plus 19,belongs_to_category,smartphone,pixelware smartphone plus 19|belongs_to_category|smartphone,1,[0.98],True,0,0.735,0.735,0.88,False,0.735,False,False,"[""product_19""]","[""structured""]","[""structured_row:PixelWare Smartphone Plus 19""]",0,220,candidate
DEC005_FULL,train_kb,conservative_noisy_or_conflict_adjusted,4,PixelWare Smartphone Plus 19,has_price_usd,299,pixelware smartphone plus 19|has_price_usd|299,1,[0.98],True,0,0.735,0.735,0.88,False,0.735,False,False,"[""product_19""]","[""structured""]","[""structured_row:PixelWare Smartphone Plus 19""]",1,220,candidate
DEC005_FULL,train_kb,conservative_noisy_or_conflict_adjusted,4,PixelWare Smartphone Plus 19,has_screen_size_inch,10.9,pixelware smartphone plus 19|has_screen_size_inch|10.9,1,[0.98],True,0,0.735,0.735,0.88,False,0.735,False,False,"[""product_19""]","[""structured""]","[""structured_row:PixelWare Smartphone Plus 19""]",1,220,candidate
DEC005_FULL,train_kb,conservative_noisy_or_conflict_adjusted,4,PixelWare Smartphone Plus 19,has_ram_gb,8,pixelware smartphone plus 19|has_ram_gb|8,1,[0.98],True,0,0.735,0.735,0.88,False,0.735,False,False,"[""product_19""]","[""structured""]","[""structured_row:PixelWare Smartphone Plus 19""]",1,220,candidate
DEC005_FULL,train_kb,conservative_noisy_or_conflict_adjusted,4,PixelWare Smartphone Plus 19,has_storage_gb,1024,pixelware smartphone plus 19|has_storage_gb|1024,1,[0.98],True,0,0.735,0.735,0.88,False,0.735,False,False,"[""product_19""]","[""structured""]","[""structured_row:PixelWare Smartphone Plus 19""]",0,220,candidate
DEC005_FULL,train_kb,conservative_noisy_or_conflict_adjusted,4,PixelWare Smartphone Plus 19,has_battery_life_hours,10,pixelware smartphone plus 19|has_battery_life_hours|10,1,[0.98],True,0,0.735,0.735,0.88,False,0.735,False,False,"[""product_19""]","[""structured""]","[""structured_row:PixelWare Smartphone Plus 19""]",0,220,candidate
DEC005_FULL,train_kb,conservative_noisy_or_conflict_adjusted,4,PixelWare Smartphone Plus 19,has_weight_kg,1.45,pixelware smartphone plus 19|has_weight_kg|1.45,1,[0.98],True,0,0.735,0.735,0.88,False,0.735,False,False,"[""product_19""]","[""structured""]","[""structured_row:PixelWare Smartphone Plus 19""]",1,220,candidate
DEC005_FULL,train_kb,conservative_noisy_or_conflict_adjusted,4,PixelWare Smartphone Plus 19,has_color,blue,pixelware smartphone plus 19|has_color|blue,1,[0.98],False,0,0.735,0.735,0.88,False,0.735,False,False,"[""product_19""]","[""structured""]","[""structured_row:PixelWare Smartphone Plus 19""]",1,220,candidate
DEC005_FULL,train_kb,conservative_noisy_or_conflict_adjusted,4,PixelWare Smartphone Plus 19,made_of_material,aluminum,pixelware smartphone plus 19|made_of_material|aluminum,1,[0.98],True,0,0.735,0.735,0.88,False,0.735,False,False,"[""product_19""]","[""structured""]","[""structured_row:PixelWare Smartphone Plus 19""]",0,220,candidate
DEC005_FULL,train_kb,conservative_noisy_or_conflict_adjusted,4,PixelWare Smartphone Plus 19,target_market_region,EU,pixelware smartphone plus 19|target_market_region|eu,1,[0.98],True,0,0.735,0.735,0.88,False,0.735,False,False,"[""product_19""]","[""structured""]","[""structured_row:PixelWare Smartphone Plus 19""]",1,220,candidate
DEC005_FULL,train_kb,conservative_noisy_or_conflict_adjusted,4,PixelWare Smartphone Plus 19,supports_fast_charging,no,pixelware smartphone plus 19|supports_fast_charging|no,1,[0.98],True,0,0.735,0.735,0.88,False,0.735,False,False,"[""product_19""]","[""structured""]","[""structured_row:PixelWare Smartphone Plus 19""]",1,220,candidate
DEC005_FULL,train_kb,conservative_noisy_or_conflict_adjusted,4,PixelWare Smartphone Plus 19,has_noise_cancellation,no,pixelware smartphone plus 19|has_noise_cancellation|no,1,[0.98],True,0,0.735,0.735,0.88,False,0.735,False,False,"[""product_19""]","[""structured""]","[""structured_row:PixelWare Smartphone Plus 19""]",0,220,candidate
DEC005_FULL,train_kb,conservative_noisy_or_conflict_adjusted,4,TechNova Smartphone Pro 1,has_price_usd,299,technova smartphone pro 1|has_price_usd|299,1,[0.91],True,2,0.6825,0.2275,0.88,False,0.2275,False,False,"[""product_19""]","[""unstructured""]","[""Priced at 299 USD. The display measures 10.9 inches. Comes with 8GB of RAM. Weighs approximately 1.45kg. Available in blue. Targeted at the EU market. Fast charging is no.""]",0,220,candidate
DEC005_FULL,train_kb,conservative_noisy_or_conflict_adjusted,4,TechNova Smartphone Pro 1,has_screen_size_inch,10.9,technova smartphone pro 1|has_screen_size_inch|10.9,3,"[0.91, 0.91, 0.91]",True,1,0.967994015625,0.4839970078125,0.88,False,0.449596875,False,False,"[""product_19"", ""product_19"", ""product_19""]","[""unstructured"", ""unstructured"", ""unstructured""]","[""Priced at 299 USD. The display measures 10.9 inches. Comes with 8GB of RAM. Weighs approximately 1.45kg. Available in blue. Targeted at the EU market. Fast charging is no."", ""Priced at 299 USD. The display measures 10.9 inches. Comes with 8GB of RAM. Weighs approximately 1.45kg. Available in blue. Targeted at the EU market. Fast charging is no."", ""Priced at 299 USD. The display measures 10.9 inches. Comes with 8GB of RAM. Weighs approximately 1.45kg. Available in blue. Targeted at the EU market. Fast charging is no.""]",0,220,candidate
DEC005_FULL,train_kb,conservative_noisy_or_conflict_adjusted,4,TechNova Smartphone Pro 1,has_ram_gb,8,technova smartphone pro 1|has_ram_gb|8,5,"[0.91, 0.91, 0.91, 0.91, 0.91]",True,1,0.9967735967375977,0.49838679836879884,0.88,False,0.49491904998046876,False,False,"[""product_19"", ""product_16"", ""product_19"", ""product_19"", ""product_19""]","[""unstructured"", ""unstructured"", ""unstructured"", ""unstructured"", ""unstructured""]","[""Priced at 299 USD. The display measures 10.9 inches. Comes with 8GB of RAM. Weighs approximately 1.45kg. Available in blue. Targeted at the EU market. Fast charging is no."", ""It is a smartwatch device. Priced at 899 USD. Offers 128GB of internal storage. Battery lasts up to 18 hours. Available in silver. Built with aluminum construction. Noise cancellation: no."", ""Priced at 299 USD. The display measures 10.9 inches. Comes with 8GB of RAM. Weighs approximately 1.45kg. Available in blue. Targeted at the EU market. Fast charging is no."", ""Priced at 299 USD. The display measures 10.9 inches. Comes with 8GB of RAM. Weighs approximately 1.45kg. Available in blue. Targeted at the EU market. Fast charging is no."", ""Priced at 299 USD. The display measures 10.9 inches. Comes with 8GB of RAM. Weighs approximately 1.45kg. Available in blue. Targeted at the EU market. Fast charging is no.""]",0,220,candidate
DEC005_FULL,train_kb,conservative_noisy_or_conflict_adjusted,4,TechNova Smartphone Pro 1,has_weight_kg,1.45,technova smartphone pro 1|has_weight_kg|1.45,3,"[0.91, 0.91, 0.91]",True,1,0.967994015625,0.4839970078125,0.88,False,0.449596875,False,False,"[""product_19"", ""product_19"", ""product_19""]","[""unstructured"", ""unstructured"", ""unstructured""]","[""Priced at 299 USD. The display measures 10.9 inches. Comes with 8GB of RAM. Weighs approximately 1.45kg. Available in blue. Targeted at the EU market. Fast charging is no."", ""Priced at 299 USD. The display measures 10.9 inches. Comes with 8GB of RAM. Weighs approximately 1.45kg. Available in blue. Targeted at the EU market. Fast charging is no."", ""Priced at 299 USD. The display measures 10.9 inches. Comes with 8GB of RAM. Weighs approximately 1.45kg. Available in blue. Targeted at the EU market. Fast charging is no.""]",0,220,candidate
DEC005_FULL,train_kb,conservative_noisy_or_conflict_adjusted,4,TechNova Smartphone Pro 1,target_market_region,EU,technova smartphone pro 1|target_market_region|eu,3,"[0.91, 0.91, 0.91]",True,1,0.967994015625,0.4839970078125,0.88,False,0.449596875,False,False,"[""product_19"", ""product_19"", ""product_19""]","[""unstructured"", ""unstructured"", ""unstructured""]","[""Priced at 299 USD. The display measures 10.9 inches. Comes with 8GB of RAM. Weighs approximately 1.45kg. Available in blue. Targeted at the EU market. Fast charging is no."", ""Priced at 299 USD. The display measures 10.9 inches. Comes with 8GB of RAM. Weighs approximately 1.45kg. Available in blue. Targeted at the EU market. Fast charging is no."", ""Priced at 299 USD. The display measures 10.9 inches. Comes with 8GB of RAM. Weighs approximately 1.45kg. Available in blue. Targeted at the EU market. Fast charging is no.""]",0,220,candidate
DEC005_FULL,train_kb,conservative_noisy_or_conflict_adjusted,4,Auralex Smartphone Pro 20,manufactured_by,Auralex,auralex smartphone pro 20|manufactured_by|auralex,3,"[0.98, 0.91, 0.91]",True,0,0.97328634375,0.97328634375,0.88,True,0.97328634375,False,False,"[""product_20"", ""product_20"", ""product_20""]","[""structured"", ""unstructured"", ""unstructured""]","[""structured_row:Auralex Smartphone Pro 20"", ""Auralex Smartphone Pro 20 is manufactured by Auralex. It is a smartphone device. Battery lasts up to 10 hours. Available in white. Built with plastic construction. Fast charging is no. Noise cancellation: no."", ""Auralex Smartphone Pro 20 is manufactured by Auralex. It is a smartphone device. Battery lasts up to 10 hours. Available in white. Built with plastic construction. Fast charging is no. Noise cancellation: no.""]",1,220,candidate
DEC005_FULL,train_kb,conservative_noisy_or_conflict_adjusted,4,Auralex Smartphone Pro 20,belongs_to_category,smartphone,auralex smartphone pro 20|belongs_to_category|smartphone,1,[0.98],True,1,0.735,0.3675,0.88,False,0.3675,False,False,"[""product_20""]","[""structured""]","[""structured_row:Auralex Smartphone Pro 20""]",1,220,candidate
DEC005_FULL,train_kb,conservative_noisy_or_conflict_adjusted,4,Auralex Smartphone Pro 20,has_price_usd,699,auralex smartphone pro 20|has_price_usd|699,1,[0.98],True,0,0.735,0.735,0.88,False,0.735,False,False,"[""product_20""]","[""structured""]","[""structured_row:Auralex Smartphone Pro 20""]",0,220,candidate
DEC005_FULL,train_kb,conservative_noisy_or_conflict_adjusted,4,Auralex Smartphone Pro 20,has_screen_size_inch,15.6,auralex smartphone pro 20|has_screen_size_inch|15.6,1,[0.98],True,0,0.735,0.735,0.88,False,0.735,False,False,"[""product_20""]","[""structured""]","[""structured_row:Auralex Smartphone Pro 20""]",0,220,candidate
DEC005_FULL,train_kb,conservative_noisy_or_conflict_adjusted,4,Auralex Smartphone Pro 20,has_ram_gb,6,auralex smartphone pro 20|has_ram_gb|6,1,[0.98],True,0,0.735,0.735,0.88,False,0.735,False,False,"[""product_20""]","[""structured""]","[""structured_row:Auralex Smartphone Pro 20""]",0,220,candidate
DEC005_FULL,train_kb,conservative_noisy_or_conflict_adjusted,4,Auralex Smartphone Pro 20,has_storage_gb,256,auralex smartphone pro 20|has_storage_gb|256,1,[0.98],True,0,0.735,0.735,0.88,False,0.735,False,False,"[""product_20""]","[""structured""]","[""structured_row:Auralex Smartphone Pro 20""]",0,220,candidate
DEC005_FULL,train_kb,conservative_noisy_or_conflict_adjusted,4,Auralex Smartphone Pro 20,has_battery_life_hours,10,auralex smartphone pro 20|has_battery_life_hours|10,3,"[0.98, 0.91, 0.91]",True,0,0.97328634375,0.97328634375,0.88,True,0.97328634375,False,False,"[""product_20"", ""product_20"", ""product_20""]","[""structured"", ""unstructured"", ""unstructured""]","[""structured_row:Auralex Smartphone Pro 20"", ""Auralex Smartphone Pro 20 is manufactured by Auralex. It is a smartphone device. Battery lasts up to 10 hours. Available in white. Built with plastic construction. Fast charging is no. Noise cancellation: no."", ""Auralex Smartphone Pro 20 is manufactured by Auralex. It is a smartphone device. Battery lasts up to 10 hours. Available in white. Built with plastic construction. Fast charging is no. Noise cancellation: no.""]",1,220,candidate
DEC005_FULL,train_kb,conservative_noisy_or_conflict_adjusted,4,Auralex Smartphone Pro 20,has_weight_kg,1.45,auralex smartphone pro 20|has_weight_kg|1.45,1,[0.98],True,0,0.735,0.735,0.88,False,0.735,False,False,"[""product_20""]","[""structured""]","[""structured_row:Auralex Smartphone Pro 20""]",0,220,candidate
DEC005_FULL,train_kb,conservative_noisy_or_conflict_adjusted,4,Auralex Smartphone Pro 20,has_color,white,auralex smartphone pro 20|has_color|white,3,"[0.98, 0.91, 0.91]",False,0,0.97328634375,0.97328634375,0.88,True,0.97328634375,False,False,"[""product_20"", ""product_20"", ""product_20""]","[""structured"", ""unstructured"", ""unstructured""]","[""structured_row:Auralex Smartphone Pro 20"", ""Auralex Smartphone Pro 20 is manufactured by Auralex. It is a smartphone device. Battery lasts up to 10 hours. Available in white. Built with plastic construction. Fast charging is no. Noise cancellation: no."", ""Auralex Smartphone Pro 20 is manufactured by Auralex. It is a smartphone device. Battery lasts up to 10 hours. Available in white. Built with plastic construction. Fast charging is no. Noise cancellation: no.""]",1,220,candidate
DEC005_FULL,train_kb,conservative_noisy_or_conflict_adjusted,4,Auralex Smartphone Pro 20,made_of_material,plastic,auralex smartphone pro 20|made_of_material|plastic,3,"[0.98, 0.91, 0.91]",True,0,0.97328634375,0.97328634375,0.88,True,0.97328634375,False,False,"[""product_20"", ""product_20"", ""product_20""]","[""structured"", ""unstructured"", ""unstructured""]","[""structured_row:Auralex Smartphone Pro 20"", ""Auralex Smartphone Pro 20 is manufactured by Auralex. It is a smartphone device. Battery lasts up to 10 hours. Available in white. Built with plastic construction. Fast charging is no. Noise cancellation: no."", ""Auralex Smartphone Pro 20 is manufactured by Auralex. It is a smartphone device. Battery lasts up to 10 hours. Available in white. Built with plastic construction. Fast charging is no. Noise cancellation: no.""]",1,220,candidate
DEC005_FULL,train_kb,conservative_noisy_or_conflict_adjusted,4,Auralex Smartphone Pro 20,target_market_region,EU,auralex smartphone pro 20|target_market_region|eu,1,[0.98],True,0,0.735,0.735,0.88,False,0.735,False,False,"[""product_20""]","[""structured""]","[""structured_row:Auralex Smartphone Pro 20""]",0,220,candidate
DEC005_FULL,train_kb,conservative_noisy_or_conflict_adjusted,4,Auralex Smartphone Pro 20,supports_fast_charging,no,auralex smartphone pro 20|supports_fast_charging|no,3,"[0.98, 0.91, 0.91]",True,0,0.97328634375,0.97328634375,0.88,True,0.97328634375,False,False,"[""product_20"", ""product_20"", ""product_20""]","[""structured"", ""unstructured"", ""unstructured""]","[""structured_row:Auralex Smartphone Pro 20"", ""Auralex Smartphone Pro 20 is manufactured by Auralex. It is a smartphone device. Battery lasts up to 10 hours. Available in white. Built with plastic construction. Fast charging is no. Noise cancellation: no."", ""Auralex Smartphone Pro 20 is manufactured by Auralex. It is a smartphone device. Battery lasts up to 10 hours. Available in white. Built with plastic construction. Fast charging is no. Noise cancellation: no.""]",1,220,candidate
DEC005_FULL,train_kb,conservative_noisy_or_conflict_adjusted,4,Auralex Smartphone Pro 20,has_noise_cancellation,no,auralex smartphone pro 20|has_noise_cancellation|no,3,"[0.98, 0.91, 0.91]",True,0,0.97328634375,0.97328634375,0.88,True,0.97328634375,False,False,"[""product_20"", ""product_20"", ""product_20""]","[""structured"", ""unstructured"", ""unstructured""]","[""structured_row:Auralex Smartphone Pro 20"", ""Auralex Smartphone Pro 20 is manufactured by Auralex. It is a smartphone device. Battery lasts up to 10 hours. Available in white. Built with plastic construction. Fast charging is no. Noise cancellation: no."", ""Auralex Smartphone Pro 20 is manufactured by Auralex. It is a smartphone device. Battery lasts up to 10 hours. Available in white. Built with plastic construction. Fast charging is no. Noise cancellation: no.""]",1,220,candidate
DEC005_FULL,train_kb,conservative_noisy_or_conflict_adjusted,4,TechNova Laptop Air 17,has_price_usd,499,technova laptop air 17|has_price_usd|499,3,"[0.91, 0.8, 0.91]",True,2,0.9596775,0.31989249999999997,0.88,False,0.291,False,False,"[""product_2"", ""product_2"", ""product_2""]","[""unstructured"", ""unstructured"", ""unstructured""]","[""It is a laptop device. Priced at 499 USD. The display measures 15.6 inches. Comes with 4GB of RAM. Offers 128GB of internal storage. Available in green. Targeted at the US market."", ""It is a laptop device. Priced at 499 USD. The display measures 15.6 inches. Comes with 4GB of RAM. Offers 128GB of internal storage. Available in green. Targeted at the US market."", ""It is a laptop device. Priced at 499 USD. The display measures 15.6 inches. Comes with 4GB of RAM. Offers 128GB of internal storage. Available in green. Targeted at the US market.""]",0,220,candidate
DEC005_FULL,train_kb,conservative_noisy_or_conflict_adjusted,4,TechNova Laptop Air 17,has_screen_size_inch,15.6,technova laptop air 17|has_screen_size_inch|15.6,3,"[0.91, 0.8, 0.91]",True,1,0.9596775,0.47983875,0.88,False,0.4365,False,False,"[""product_2"", ""product_2"", ""product_2""]","[""unstructured"", ""unstructured"", ""unstructured""]","[""It is a laptop device. Priced at 499 USD. The display measures 15.6 inches. Comes with 4GB of RAM. Offers 128GB of internal storage. Available in green. Targeted at the US market."", ""It is a laptop device. Priced at 499 USD. The display measures 15.6 inches. Comes with 4GB of RAM. Offers 128GB of internal storage. Available in green. Targeted at the US market."", ""It is a laptop device. Priced at 499 USD. The display measures 15.6 inches. Comes with 4GB of RAM. Offers 128GB of internal storage. Available in green. Targeted at the US market.""]",0,220,candidate
DEC005_FULL,train_kb,conservative_noisy_or_conflict_adjusted,4,TechNova Laptop Air 17,has_ram_gb,4,technova laptop air 17|has_ram_gb|4,3,"[0.91, 0.8, 0.91]",True,1,0.9596775,0.47983875,0.88,False,0.4365,False,False,"[""product_2"", ""product_2"", ""product_2""]","[""unstructured"", ""unstructured"", ""unstructured""]","[""It is a laptop device. Priced at 499 USD. The display measures 15.6 inches. Comes with 4GB of RAM. Offers 128GB of internal storage. Available in green. Targeted at the US market."", ""It is a laptop device. Priced at 499 USD. The display measures 15.6 inches. Comes with 4GB of RAM. Offers 128GB of internal storage. Available in green. Targeted at the US market."", ""It is a laptop device. Priced at 499 USD. The display measures 15.6 inches. Comes with 4GB of RAM. Offers 128GB of internal storage. Available in green. Targeted at the US market.""]",0,220,candidate
DEC005_FULL,train_kb,conservative_noisy_or_conflict_adjusted,4,TechNova Laptop Air 17,has_storage_gb,128,technova laptop air 17|has_storage_gb|128,3,"[0.91, 0.8, 0.91]",True,1,0.9596775,0.47983875,0.88,False,0.4365,False,False,"[""product_2"", ""product_2"", ""product_2""]","[""unstructured"", ""unstructured"", ""unstructured""]","[""It is a laptop device. Priced at 499 USD. The display measures 15.6 inches. Comes with 4GB of RAM. Offers 128GB of internal storage. Available in green. Targeted at the US market."", ""It is a laptop device. Priced at 499 USD. The display measures 15.6 inches. Comes with 4GB of RAM. Offers 128GB of internal storage. Available in green. Targeted at the US market."", ""It is a laptop device. Priced at 499 USD. The display measures 15.6 inches. Comes with 4GB of RAM. Offers 128GB of internal storage. Available in green. Targeted at the US market.""]",0,220,candidate
DEC005_FULL,train_kb,conservative_noisy_or_conflict_adjusted,4,TechNova Laptop Air 17,has_color,green,technova laptop air 17|has_color|green,6,"[0.91, 0.91, 0.8, 0.91, 0.91, 0.91]",False,1,0.998709438695039,0.998709438695039,0.88,True,0.98719760625,False,False,"[""product_2"", ""product_9"", ""product_2"", ""product_9"", ""product_2"", ""product_9""]","[""unstructured"", ""unstructured"", ""unstructured"", ""unstructured"", ""unstructured"", ""unstructured""]","[""It is a laptop device. Priced at 499 USD. The display measures 15.6 inches. Comes with 4GB of RAM. Offers 128GB of internal storage. Available in green. Targeted at the US market."", ""It is a laptop device. Priced at 199 USD. Weighs approximately 0.18kg. Available in green. Built with aluminum construction. Targeted at the APAC market. Fast charging is yes."", ""It is a laptop device. Priced at 499 USD. The display measures 15.6 inches. Comes with 4GB of RAM. Offers 128GB of internal storage. Available in green. Targeted at the US market."", ""It is a laptop device. Priced at 199 USD. Weighs approximately 0.18kg. Available in green. Built with aluminum construction. Targeted at the APAC market. Fast charging is yes."", ""It is a laptop device. Priced at 499 USD. The display measures 15.6 inches. Comes with 4GB of RAM. Offers 128GB of internal storage. Available in green. Targeted at the US market."", ""It is a laptop device. Priced at 199 USD. Weighs approximately 0.18kg. Available in green. Built with aluminum construction. Targeted at the APAC market. Fast charging is yes.""]",0,220,candidate
DEC005_FULL,train_kb,conservative_noisy_or_conflict_adjusted,4,TechNova Laptop Air 17,target_market_region,US,technova laptop air 17|target_market_region|us,3,"[0.91, 0.8, 0.91]",True,2,0.9596775,0.31989249999999997,0.88,False,0.291,False,False,"[""product_2"", ""product_2"", ""product_2""]","[""unstructured"", ""unstructured"", ""unstructured""]","[""It is a laptop device. Priced at 499 USD. The display measures 15.6 inches. Comes with 4GB of RAM. Offers 128GB of internal storage. Available in green. Targeted at the US market."", ""It is a laptop device. Priced at 499 USD. The display measures 15.6 inches. Comes with 4GB of RAM. Offers 128GB of internal storage. Available in green. Targeted at the US market."", ""It is a laptop device. Priced at 499 USD. The display measures 15.6 inches. Comes with 4GB of RAM. Offers 128GB of internal storage. Available in green. Targeted at the US market.""]",0,220,candidate
DEC005_FULL,train_kb,conservative_noisy_or_conflict_adjusted,4,TechNova Smartphone Pro 1,supports_fast_charging,yes,technova smartphone pro 1|supports_fast_charging|yes,1,[0.91],True,1,0.6825,0.34125,0.88,False,0.34125,False,False,"[""product_8""]","[""unstructured""]","[""Priced at 199 USD. The display measures 14.0 inches. Comes with 32GB of RAM. Weighs approximately 1.8kg. Available in blue. Targeted at the US market. Noise cancellation: yes.""]",0,220,candidate
DEC005_FULL,train_kb,conservative_noisy_or_conflict_adjusted,4,TechNova Laptop Air 17,has_price_usd,199,technova laptop air 17|has_price_usd|199,3,"[0.91, 0.91, 0.91]",True,2,0.967994015625,0.322664671875,0.88,False,0.29973125,False,False,"[""product_9"", ""product_9"", ""product_9""]","[""unstructured"", ""unstructured"", ""unstructured""]","[""It is a laptop device. Priced at 199 USD. Weighs approximately 0.18kg. Available in green. Built with aluminum construction. Targeted at the APAC market. Fast charging is yes."", ""It is a laptop device. Priced at 199 USD. Weighs approximately 0.18kg. Available in green. Built with aluminum construction. Targeted at the APAC market. Fast charging is yes."", ""It is a laptop device. Priced at 199 USD. Weighs approximately 0.18kg. Available in green. Built with aluminum construction. Targeted at the APAC market. Fast charging is yes.""]",0,220,candidate
DEC005_FULL,train_kb,conservative_noisy_or_conflict_adjusted,4,TechNova Laptop Air 17,has_weight_kg,0.18,technova laptop air 17|has_weight_kg|0.18,3,"[0.91, 0.91, 0.91]",True,1,0.967994015625,0.4839970078125,0.88,False,0.449596875,False,False,"[""product_9"", ""product_9"", ""product_9""]","[""unstructured"", ""unstructured"", ""unstructured""]","[""It is a laptop device. Priced at 199 USD. Weighs approximately 0.18kg. Available in green. Built with aluminum construction. Targeted at the APAC market. Fast charging is yes."", ""It is a laptop device. Priced at 199 USD. Weighs approximately 0.18kg. Available in green. Built with aluminum construction. Targeted at the APAC market. Fast charging is yes."", ""It is a laptop device. Priced at 199 USD. Weighs approximately 0.18kg. Available in green. Built with aluminum construction. Targeted at the APAC market. Fast charging is yes.""]",0,220,candidate
DEC005_FULL,train_kb,conservative_noisy_or_conflict_adjusted,4,TechNova Smartphone Pro 1,has_price_usd,899,technova smartphone pro 1|has_price_usd|899,3,"[0.91, 0.91, 0.91]",True,2,0.967994015625,0.322664671875,0.88,False,0.29973125,False,False,"[""product_16"", ""product_16"", ""product_16""]","[""unstructured"", ""unstructured"", ""unstructured""]","[""It is a smartwatch device. Priced at 899 USD. Offers 128GB of internal storage. Battery lasts up to 18 hours. Available in silver. Built with aluminum construction. Noise cancellation: no."", ""It is a smartwatch device. Priced at 899 USD. Offers 128GB of internal storage. Battery lasts up to 18 hours. Available in silver. Built with aluminum construction. Noise cancellation: no."", ""It is a smartwatch device. Priced at 899 USD. Offers 128GB of internal storage. Battery lasts up to 18 hours. Available in silver. Built with aluminum construction. Noise cancellation: no.""]",0,220,candidate
DEC005_FULL,train_kb,conservative_noisy_or_conflict_adjusted,4,TechNova Smartphone Pro 1,has_storage_gb,128,technova smartphone pro 1|has_storage_gb|128,3,"[0.91, 0.91, 0.91]",True,0,0.967994015625,0.967994015625,0.88,True,0.89919375,False,False,"[""product_16"", ""product_16"", ""product_16""]","[""unstructured"", ""unstructured"", ""unstructured""]","[""It is a smartwatch device. Priced at 899 USD. Offers 128GB of internal storage. Battery lasts up to 18 hours. Available in silver. Built with aluminum construction. Noise cancellation: no."", ""It is a smartwatch device. Priced at 899 USD. Offers 128GB of internal storage. Battery lasts up to 18 hours. Available in silver. Built with aluminum construction. Noise cancellation: no."", ""It is a smartwatch device. Priced at 899 USD. Offers 128GB of internal storage. Battery lasts up to 18 hours. Available in silver. Built with aluminum construction. Noise cancellation: no.""]",0,220,candidate
DEC005_FULL,train_kb,conservative_noisy_or_conflict_adjusted,4,TechNova Smartphone Pro 1,has_battery_life_hours,18,technova smartphone pro 1|has_battery_life_hours|18,3,"[0.91, 0.91, 0.91]",True,0,0.967994015625,0.967994015625,0.88,True,0.89919375,False,False,"[""product_16"", ""product_16"", ""product_16""]","[""unstructured"", ""unstructured"", ""unstructured""]","[""It is a smartwatch device. Priced at 899 USD. Offers 128GB of internal storage. Battery lasts up to 18 hours. Available in silver. Built with aluminum construction. Noise cancellation: no."", ""It is a smartwatch device. Priced at 899 USD. Offers 128GB of internal storage. Battery lasts up to 18 hours. Available in silver. Built with aluminum construction. Noise cancellation: no."", ""It is a smartwatch device. Priced at 899 USD. Offers 128GB of internal storage. Battery lasts up to 18 hours. Available in silver. Built with aluminum construction. Noise cancellation: no.""]",0,220,candidate
DEC005_FULL,train_kb,conservative_noisy_or_conflict_adjusted,4,TechNova Smartphone Pro 1,has_color,silver,technova smartphone pro 1|has_color|silver,3,"[0.91, 0.91, 0.91]",False,1,0.967994015625,0.967994015625,0.88,True,0.89919375,False,False,"[""product_16"", ""product_16"", ""product_16""]","[""unstructured"", ""unstructured"", ""unstructured""]","[""It is a smartwatch device. Priced at 899 USD. Offers 128GB of internal storage. Battery lasts up to 18 hours. Available in silver. Built with aluminum construction. Noise cancellation: no."", ""It is a smartwatch device. Priced at 899 USD. Offers 128GB of internal storage. Battery lasts up to 18 hours. Available in silver. Built with aluminum construction. Noise cancellation: no."", ""It is a smartwatch device. Priced at 899 USD. Offers 128GB of internal storage. Battery lasts up to 18 hours. Available in silver. Built with aluminum construction. Noise cancellation: no.""]",0,220,candidate
DEC005_FULL,train_kb,conservative_noisy_or_conflict_adjusted,4,TechNova Smartphone Pro 1,made_of_material,aluminum,technova smartphone pro 1|made_of_material|aluminum,3,"[0.91, 0.91, 0.91]",True,0,0.967994015625,0.967994015625,0.88,True,0.89919375,False,False,"[""product_16"", ""product_16"", ""product_16""]","[""unstructured"", ""unstructured"", ""unstructured""]","[""It is a smartwatch device. Priced at 899 USD. Offers 128GB of internal storage. Battery lasts up to 18 hours. Available in silver. Built with aluminum construction. Noise cancellation: no."", ""It is a smartwatch device. Priced at 899 USD. Offers 128GB of internal storage. Battery lasts up to 18 hours. Available in silver. Built with aluminum construction. Noise cancellation: no."", ""It is a smartwatch device. Priced at 899 USD. Offers 128GB of internal storage. Battery lasts up to 18 hours. Available in silver. Built with aluminum construction. Noise cancellation: no.""]",0,220,candidate
DEC005_FULL,train_kb,conservative_noisy_or_conflict_adjusted,4,TechNova Smartphone Pro 1,has_noise_cancellation,no,technova smartphone pro 1|has_noise_cancellation|no,2,"[0.91, 0.91]",True,1,0.89919375,0.449596875,0.88,False,0.34125,False,False,"[""product_16"", ""product_16""]","[""unstructured"", ""unstructured""]","[""It is a smartwatch device. Priced at 899 USD. Offers 128GB of internal storage. Battery lasts up to 18 hours. Available in silver. Built with aluminum construction. Noise cancellation: no."", ""It is a smartwatch device. Priced at 899 USD. Offers 128GB of internal storage. Battery lasts up to 18 hours. Available in silver. Built with aluminum construction. Noise cancellation: no.""]",0,220,candidate
DEC005_FULL,train_kb,conservative_noisy_or_conflict_adjusted,4,TechNova Laptop Air 17,belongs_to_category,laptop device,technova laptop air 17|belongs_to_category|laptop device,1,[0.91],True,1,0.6825,0.34125,0.88,False,0.34125,False,False,"[""product_17""]","[""unstructured""]","[""TechNova Laptop Air 17 is manufactured by TechNova. It is a laptop device. Comes with 32GB of RAM. Weighs approximately 0.42kg. Available in blue. Built with aluminum construction. Targeted at the APAC market.""]",0,220,candidate
DEC005_FULL,train_kb,conservative_noisy_or_conflict_adjusted,4,TechNova Laptop Air 17,target_market_region,APAC market,technova laptop air 17|target_market_region|apac market,1,[0.91],True,2,0.6825,0.2275,0.88,False,0.2275,False,False,"[""product_17""]","[""unstructured""]","[""TechNova Laptop Air 17 is manufactured by TechNova. It is a laptop device. Comes with 32GB of RAM. Weighs approximately 0.42kg. Available in blue. Built with aluminum construction. Targeted at the APAC market.""]",0,220,candidate
DEC005_FULL,train_kb,conservative_noisy_or_conflict_adjusted,4,Auralex Smartphone Pro 20,belongs_to_category,smartphone device,auralex smartphone pro 20|belongs_to_category|smartphone device,1,[0.91],True,1,0.6825,0.34125,0.88,False,0.34125,False,False,"[""product_20""]","[""unstructured""]","[""Auralex Smartphone Pro 20 is manufactured by Auralex. It is a smartphone device. Battery lasts up to 10 hours. Available in white. Built with plastic construction. Fast charging is no. Noise cancellation: no.""]",0,220,candidate
