experiment_id,run_id,prob_kb_version,subject,predicate,object,triple_key,observation_confidence,source_id,source_type,provenance,extractor_version,iteration
DEC029_NO_FEEDBACK,train_kb,conservative_noisy_or_conflict_adjusted,Auralex Tablet Max 1,manufactured_by,Auralex,auralex tablet max 1|manufactured_by|auralex,0.98,product_1,structured,structured_row:Auralex Tablet Max 1,structured,1
DEC029_NO_FEEDBACK,train_kb,conservative_noisy_or_conflict_adjusted,Auralex Tablet Max 1,belongs_to_category,tablet,auralex tablet max 1|belongs_to_category|tablet,0.98,product_1,structured,structured_row:Auralex Tablet Max 1,structured,1
DEC029_NO_FEEDBACK,train_kb,conservative_noisy_or_conflict_adjusted,Auralex Tablet Max 1,has_price_usd,499,auralex tablet max 1|has_price_usd|499,0.98,product_1,structured,structured_row:Auralex Tablet Max 1,structured,1
DEC029_NO_FEEDBACK,train_kb,conservative_noisy_or_conflict_adjusted,Auralex Tablet Max 1,has_screen_size_inch,14.0,auralex tablet max 1|has_screen_size_inch|14.0,0.98,product_1,structured,structured_row:Auralex Tablet Max 1,structured,1
DEC029_NO_FEEDBACK,train_kb,conservative_noisy_or_conflict_adjusted,Auralex Tablet Max 1,has_ram_gb,32,auralex tablet max 1|has_ram_gb|32,0.98,product_1,structured,structured_row:Auralex Tablet Max 1,structured,1
DEC029_NO_FEEDBACK,train_kb,conservative_noisy_or_conflict_adjusted,Auralex Tablet Max 1,has_storage_gb,128,auralex tablet max 1|has_storage_gb|128,0.98,product_1,structured,structured_row:Auralex Tablet Max 1,structured,1
DEC029_NO_FEEDBACK,train_kb,conservative_noisy_or_conflict_adjusted,Auralex Tablet Max 1,has_battery_life_hours,20,auralex tablet max 1|has_battery_life_hours|20,0.98,product_1,structured,structured_row:Auralex Tablet Max 1,structured,1
DEC029_NO_FEEDBACK,train_kb,conservative_noisy_or_conflict_adjusted,Auralex Tablet Max 1,has_weight_kg,1.8,auralex tablet max 1|has_weight_kg|1.8,0.98,product_1,structured,structured_row:Auralex Tablet Max 1,structured,1
DEC029_NO_FEEDBACK,train_kb,conservative_noisy_or_conflict_adjusted,Auralex Tablet Max 1,has_color,green,auralex tablet max 1|has_color|green,0.98,product_1,structured,structured_row:Auralex Tablet Max 1,structured,1
DEC029_NO_FEEDBACK,train_kb,conservative_noisy_or_conflict_adjusted,Auralex Tablet Max 1,made_of_material,plastic,auralex tablet max 1|made_of_material|plastic,0.98,product_1,structured,structured_row:Auralex Tablet Max 1,structured,1
DEC029_NO_FEEDBACK,train_kb,conservative_noisy_or_conflict_adjusted,Auralex Tablet Max 1,target_market_region,EU,auralex tablet max 1|target_market_region|eu,0.98,product_1,structured,structured_row:Auralex Tablet Max 1,structured,1
DEC029_NO_FEEDBACK,train_kb,conservative_noisy_or_conflict_adjusted,Auralex Tablet Max 1,supports_fast_charging,yes,auralex tablet max 1|supports_fast_charging|yes,0.98,product_1,structured,structured_row:Auralex Tablet Max 1,structured,1
DEC029_NO_FEEDBACK,train_kb,conservative_noisy_or_conflict_adjusted,Auralex Tablet Max 1,has_noise_cancellation,no,auralex tablet max 1|has_noise_cancellation|no,0.98,product_1,structured,structured_row:Auralex Tablet Max 1,structured,1
DEC029_NO_FEEDBACK,train_kb,conservative_noisy_or_conflict_adjusted,Auralex Tablet Max 1,manufactured_by,Auralex,auralex tablet max 1|manufactured_by|auralex,0.95,product_1,unstructured,Auralex Tablet Max 1 is manufactured by Auralex. It is a tablet device. The display measures 14.0 inches. Battery lasts up to 20 hours. Weighs approximately 1.8kg. Built with plastic construction. Noise cancellation: no.,unstructured,1
DEC029_NO_FEEDBACK,train_kb,conservative_noisy_or_conflict_adjusted,Auralex Tablet Max 1,has_screen_size_inch,14.0,auralex tablet max 1|has_screen_size_inch|14.0,0.92,product_1,unstructured,Auralex Tablet Max 1 is manufactured by Auralex. It is a tablet device. The display measures 14.0 inches. Battery lasts up to 20 hours. Weighs approximately 1.8kg. Built with plastic construction. Noise cancellation: no.,unstructured,1
DEC029_NO_FEEDBACK,train_kb,conservative_noisy_or_conflict_adjusted,Auralex Tablet Max 1,has_battery_life_hours,20,auralex tablet max 1|has_battery_life_hours|20,0.9,product_1,unstructured,Auralex Tablet Max 1 is manufactured by Auralex. It is a tablet device. The display measures 14.0 inches. Battery lasts up to 20 hours. Weighs approximately 1.8kg. Built with plastic construction. Noise cancellation: no.,unstructured,1
DEC029_NO_FEEDBACK,train_kb,conservative_noisy_or_conflict_adjusted,Auralex Tablet Max 1,has_weight_kg,1.8,auralex tablet max 1|has_weight_kg|1.8,0.88,product_1,unstructured,Auralex Tablet Max 1 is manufactured by Auralex. It is a tablet device. The display measures 14.0 inches. Battery lasts up to 20 hours. Weighs approximately 1.8kg. Built with plastic construction. Noise cancellation: no.,unstructured,1
DEC029_NO_FEEDBACK,train_kb,conservative_noisy_or_conflict_adjusted,Auralex Tablet Max 1,made_of_material,plastic,auralex tablet max 1|made_of_material|plastic,0.85,product_1,unstructured,Auralex Tablet Max 1 is manufactured by Auralex. It is a tablet device. The display measures 14.0 inches. Battery lasts up to 20 hours. Weighs approximately 1.8kg. Built with plastic construction. Noise cancellation: no.,unstructured,1
DEC029_NO_FEEDBACK,train_kb,conservative_noisy_or_conflict_adjusted,Auralex Tablet Max 1,has_noise_cancellation,no,auralex tablet max 1|has_noise_cancellation|no,0.8,product_1,unstructured,Auralex Tablet Max 1 is manufactured by Auralex. It is a tablet device. The display measures 14.0 inches. Battery lasts up to 20 hours. Weighs approximately 1.8kg. Built with plastic construction. Noise cancellation: no.,unstructured,1
DEC029_NO_FEEDBACK,train_kb,conservative_noisy_or_conflict_adjusted,Auralex Smartphone Plus 2,manufactured_by,Auralex,auralex smartphone plus 2|manufactured_by|auralex,0.98,product_2,structured,structured_row:Auralex Smartphone Plus 2,structured,1
DEC029_NO_FEEDBACK,train_kb,conservative_noisy_or_conflict_adjusted,Auralex Smartphone Plus 2,belongs_to_category,smartphone,auralex smartphone plus 2|belongs_to_category|smartphone,0.98,product_2,structured,structured_row:Auralex Smartphone Plus 2,structured,1
DEC029_NO_FEEDBACK,train_kb,conservative_noisy_or_conflict_adjusted,Auralex Smartphone Plus 2,has_price_usd,499,auralex smartphone plus 2|has_price_usd|499,0.98,product_2,structured,structured_row:Auralex Smartphone Plus 2,structured,1
DEC029_NO_FEEDBACK,train_kb,conservative_noisy_or_conflict_adjusted,Auralex Smartphone Plus 2,has_screen_size_inch,6.7,auralex smartphone plus 2|has_screen_size_inch|6.7,0.98,product_2,structured,structured_row:Auralex Smartphone Plus 2,structured,1
DEC029_NO_FEEDBACK,train_kb,conservative_noisy_or_conflict_adjusted,Auralex Smartphone Plus 2,has_ram_gb,16,auralex smartphone plus 2|has_ram_gb|16,0.98,product_2,structured,structured_row:Auralex Smartphone Plus 2,structured,1
DEC029_NO_FEEDBACK,train_kb,conservative_noisy_or_conflict_adjusted,Auralex Smartphone Plus 2,has_storage_gb,128,auralex smartphone plus 2|has_storage_gb|128,0.98,product_2,structured,structured_row:Auralex Smartphone Plus 2,structured,1
DEC029_NO_FEEDBACK,train_kb,conservative_noisy_or_conflict_adjusted,Auralex Smartphone Plus 2,has_battery_life_hours,8,auralex smartphone plus 2|has_battery_life_hours|8,0.98,product_2,structured,structured_row:Auralex Smartphone Plus 2,structured,1
DEC029_NO_FEEDBACK,train_kb,conservative_noisy_or_conflict_adjusted,Auralex Smartphone Plus 2,has_weight_kg,1.8,auralex smartphone plus 2|has_weight_kg|1.8,0.98,product_2,structured,structured_row:Auralex Smartphone Plus 2,structured,1
DEC029_NO_FEEDBACK,train_kb,conservative_noisy_or_conflict_adjusted,Auralex Smartphone Plus 2,has_color,silver,auralex smartphone plus 2|has_color|silver,0.98,product_2,structured,structured_row:Auralex Smartphone Plus 2,structured,1
DEC029_NO_FEEDBACK,train_kb,conservative_noisy_or_conflict_adjusted,Auralex Smartphone Plus 2,made_of_material,aluminum,auralex smartphone plus 2|made_of_material|aluminum,0.98,product_2,structured,structured_row:Auralex Smartphone Plus 2,structured,1
DEC029_NO_FEEDBACK,train_kb,conservative_noisy_or_conflict_adjusted,Auralex Smartphone Plus 2,target_market_region,EU,auralex smartphone plus 2|target_market_region|eu,0.98,product_2,structured,structured_row:Auralex Smartphone Plus 2,structured,1
DEC029_NO_FEEDBACK,train_kb,conservative_noisy_or_conflict_adjusted,Auralex Smartphone Plus 2,supports_fast_charging,yes,auralex smartphone plus 2|supports_fast_charging|yes,0.98,product_2,structured,structured_row:Auralex Smartphone Plus 2,structured,1
DEC029_NO_FEEDBACK,train_kb,conservative_noisy_or_conflict_adjusted,Auralex Smartphone Plus 2,has_noise_cancellation,no,auralex smartphone plus 2|has_noise_cancellation|no,0.98,product_2,structured,structured_row:Auralex Smartphone Plus 2,structured,1
DEC029_NO_FEEDBACK,train_kb,conservative_noisy_or_conflict_adjusted,Auralex Tablet Pro 8,manufactured_by,Auralex,auralex tablet pro 8|manufactured_by|auralex,0.98,product_8,structured,structured_row:Auralex Tablet Pro 8,structured,1
DEC029_NO_FEEDBACK,train_kb,conservative_noisy_or_conflict_adjusted,Auralex Tablet Pro 8,belongs_to_category,tablet,auralex tablet pro 8|belongs_to_category|tablet,0.98,product_8,structured,structured_row:Auralex Tablet Pro 8,structured,1
DEC029_NO_FEEDBACK,train_kb,conservative_noisy_or_conflict_adjusted,Auralex Tablet Pro 8,has_price_usd,899,auralex tablet pro 8|has_price_usd|899,0.98,product_8,structured,structured_row:Auralex Tablet Pro 8,structured,1
DEC029_NO_FEEDBACK,train_kb,conservative_noisy_or_conflict_adjusted,Auralex Tablet Pro 8,has_screen_size_inch,10.9,auralex tablet pro 8|has_screen_size_inch|10.9,0.98,product_8,structured,structured_row:Auralex Tablet Pro 8,structured,1
DEC029_NO_FEEDBACK,train_kb,conservative_noisy_or_conflict_adjusted,Auralex Tablet Pro 8,has_ram_gb,32,auralex tablet pro 8|has_ram_gb|32,0.98,product_8,structured,structured_row:Auralex Tablet Pro 8,structured,1
DEC029_NO_FEEDBACK,train_kb,conservative_noisy_or_conflict_adjusted,Auralex Tablet Pro 8,has_storage_gb,64,auralex tablet pro 8|has_storage_gb|64,0.98,product_8,structured,structured_row:Auralex Tablet Pro 8,structured,1
DEC029_NO_FEEDBACK,train_kb,conservative_noisy_or_conflict_adjusted,Auralex Tablet Pro 8,has_battery_life_hours,24,auralex tablet pro 8|has_battery_life_hours|24,0.98,product_8,structured,structured_row:Auralex Tablet Pro 8,structured,1
DEC029_NO_FEEDBACK,train_kb,conservative_noisy_or_conflict_adjusted,Auralex Tablet Pro 8,has_weight_kg,0.18,auralex tablet pro 8|has_weight_kg|0.18,0.98,product_8,structured,structured_row:Auralex Tablet Pro 8,structured,1
DEC029_NO_FEEDBACK,train_kb,conservative_noisy_or_conflict_adjusted,Auralex Tablet Pro 8,has_color,blue,auralex tablet pro 8|has_color|blue,0.98,product_8,structured,structured_row:Auralex Tablet Pro 8,structured,1
DEC029_NO_FEEDBACK,train_kb,conservative_noisy_or_conflict_adjusted,Auralex Tablet Pro 8,made_of_material,plastic,auralex tablet pro 8|made_of_material|plastic,0.98,product_8,structured,structured_row:Auralex Tablet Pro 8,structured,1
DEC029_NO_FEEDBACK,train_kb,conservative_noisy_or_conflict_adjusted,Auralex Tablet Pro 8,target_market_region,APAC,auralex tablet pro 8|target_market_region|apac,0.98,product_8,structured,structured_row:Auralex Tablet Pro 8,structured,1
DEC029_NO_FEEDBACK,train_kb,conservative_noisy_or_conflict_adjusted,Auralex Tablet Pro 8,supports_fast_charging,no,auralex tablet pro 8|supports_fast_charging|no,0.98,product_8,structured,structured_row:Auralex Tablet Pro 8,structured,1
DEC029_NO_FEEDBACK,train_kb,conservative_noisy_or_conflict_adjusted,Auralex Tablet Pro 8,has_noise_cancellation,no,auralex tablet pro 8|has_noise_cancellation|no,0.98,product_8,structured,structured_row:Auralex Tablet Pro 8,structured,1
DEC029_NO_FEEDBACK,train_kb,conservative_noisy_or_conflict_adjusted,TechNova Smartwatch Air 9,manufactured_by,TechNova,technova smartwatch air 9|manufactured_by|technova,0.98,product_9,structured,structured_row:TechNova Smartwatch Air 9,structured,1
DEC029_NO_FEEDBACK,train_kb,conservative_noisy_or_conflict_adjusted,TechNova Smartwatch Air 9,belongs_to_category,smartwatch,technova smartwatch air 9|belongs_to_category|smartwatch,0.98,product_9,structured,structured_row:TechNova Smartwatch Air 9,structured,1
DEC029_NO_FEEDBACK,train_kb,conservative_noisy_or_conflict_adjusted,TechNova Smartwatch Air 9,has_price_usd,899,technova smartwatch air 9|has_price_usd|899,0.98,product_9,structured,structured_row:TechNova Smartwatch Air 9,structured,1
DEC029_NO_FEEDBACK,train_kb,conservative_noisy_or_conflict_adjusted,TechNova Smartwatch Air 9,has_screen_size_inch,6.1,technova smartwatch air 9|has_screen_size_inch|6.1,0.98,product_9,structured,structured_row:TechNova Smartwatch Air 9,structured,1
DEC029_NO_FEEDBACK,train_kb,conservative_noisy_or_conflict_adjusted,TechNova Smartwatch Air 9,has_ram_gb,12,technova smartwatch air 9|has_ram_gb|12,0.98,product_9,structured,structured_row:TechNova Smartwatch Air 9,structured,1
DEC029_NO_FEEDBACK,train_kb,conservative_noisy_or_conflict_adjusted,TechNova Smartwatch Air 9,has_storage_gb,128,technova smartwatch air 9|has_storage_gb|128,0.98,product_9,structured,structured_row:TechNova Smartwatch Air 9,structured,1
DEC029_NO_FEEDBACK,train_kb,conservative_noisy_or_conflict_adjusted,TechNova Smartwatch Air 9,has_battery_life_hours,18,technova smartwatch air 9|has_battery_life_hours|18,0.98,product_9,structured,structured_row:TechNova Smartwatch Air 9,structured,1
DEC029_NO_FEEDBACK,train_kb,conservative_noisy_or_conflict_adjusted,TechNova Smartwatch Air 9,has_weight_kg,1.45,technova smartwatch air 9|has_weight_kg|1.45,0.98,product_9,structured,structured_row:TechNova Smartwatch Air 9,structured,1
DEC029_NO_FEEDBACK,train_kb,conservative_noisy_or_conflict_adjusted,TechNova Smartwatch Air 9,has_color,green,technova smartwatch air 9|has_color|green,0.98,product_9,structured,structured_row:TechNova Smartwatch Air 9,structured,1
DEC029_NO_FEEDBACK,train_kb,conservative_noisy_or_conflict_adjusted,TechNova Smartwatch Air 9,made_of_material,carbon fiber,technova smartwatch air 9|made_of_material|carbon fiber,0.98,product_9,structured,structured_row:TechNova Smartwatch Air 9,structured,1
DEC029_NO_FEEDBACK,train_kb,conservative_noisy_or_conflict_adjusted,TechNova Smartwatch Air 9,target_market_region,EU,technova smartwatch air 9|target_market_region|eu,0.98,product_9,structured,structured_row:TechNova Smartwatch Air 9,structured,1
DEC029_NO_FEEDBACK,train_kb,conservative_noisy_or_conflict_adjusted,TechNova Smartwatch Air 9,supports_fast_charging,yes,technova smartwatch air 9|supports_fast_charging|yes,0.98,product_9,structured,structured_row:TechNova Smartwatch Air 9,structured,1
DEC029_NO_FEEDBACK,train_kb,conservative_noisy_or_conflict_adjusted,TechNova Smartwatch Air 9,has_noise_cancellation,no,technova smartwatch air 9|has_noise_cancellation|no,0.98,product_9,structured,structured_row:TechNova Smartwatch Air 9,structured,1
DEC029_NO_FEEDBACK,train_kb,conservative_noisy_or_conflict_adjusted,TechNova Smartwatch Air 9,manufactured_by,TechNova,technova smartwatch air 9|manufactured_by|technova,0.95,product_9,unstructured,TechNova Smartwatch Air 9 is manufactured by TechNova. It is a smartwatch device. Priced at 899 USD. The display measures 6.1 inches. Comes with 12GB of RAM. Offers 128GB of internal storage. Built with carbon fiber construction.,unstructured,1
DEC029_NO_FEEDBACK,train_kb,conservative_noisy_or_conflict_adjusted,TechNova Smartwatch Air 9,has_price_usd,899,technova smartwatch air 9|has_price_usd|899,0.92,product_9,unstructured,TechNova Smartwatch Air 9 is manufactured by TechNova. It is a smartwatch device. Priced at 899 USD. The display measures 6.1 inches. Comes with 12GB of RAM. Offers 128GB of internal storage. Built with carbon fiber construction.,unstructured,1
DEC029_NO_FEEDBACK,train_kb,conservative_noisy_or_conflict_adjusted,TechNova Smartwatch Air 9,has_screen_size_inch,6.1,technova smartwatch air 9|has_screen_size_inch|6.1,0.93,product_9,unstructured,TechNova Smartwatch Air 9 is manufactured by TechNova. It is a smartwatch device. Priced at 899 USD. The display measures 6.1 inches. Comes with 12GB of RAM. Offers 128GB of internal storage. Built with carbon fiber construction.,unstructured,1
DEC029_NO_FEEDBACK,train_kb,conservative_noisy_or_conflict_adjusted,TechNova Smartwatch Air 9,has_ram_gb,12,technova smartwatch air 9|has_ram_gb|12,0.91,product_9,unstructured,TechNova Smartwatch Air 9 is manufactured by TechNova. It is a smartwatch device. Priced at 899 USD. The display measures 6.1 inches. Comes with 12GB of RAM. Offers 128GB of internal storage. Built with carbon fiber construction.,unstructured,1
DEC029_NO_FEEDBACK,train_kb,conservative_noisy_or_conflict_adjusted,TechNova Smartwatch Air 9,has_storage_gb,128,technova smartwatch air 9|has_storage_gb|128,0.9,product_9,unstructured,TechNova Smartwatch Air 9 is manufactured by TechNova. It is a smartwatch device. Priced at 899 USD. The display measures 6.1 inches. Comes with 12GB of RAM. Offers 128GB of internal storage. Built with carbon fiber construction.,unstructured,1
DEC029_NO_FEEDBACK,train_kb,conservative_noisy_or_conflict_adjusted,TechNova Smartwatch Air 9,made_of_material,carbon fiber,technova smartwatch air 9|made_of_material|carbon fiber,0.88,product_9,unstructured,TechNova Smartwatch Air 9 is manufactured by TechNova. It is a smartwatch device. Priced at 899 USD. The display measures 6.1 inches. Comes with 12GB of RAM. Offers 128GB of internal storage. Built with carbon fiber construction.,unstructured,1
DEC029_NO_FEEDBACK,train_kb,conservative_noisy_or_conflict_adjusted,VoltEdge Smartwatch Plus 11,manufactured_by,VoltEdge,voltedge smartwatch plus 11|manufactured_by|voltedge,0.98,product_11,structured,structured_row:VoltEdge Smartwatch Plus 11,structured,1
DEC029_NO_FEEDBACK,train_kb,conservative_noisy_or_conflict_adjusted,VoltEdge Smartwatch Plus 11,belongs_to_category,smartwatch,voltedge smartwatch plus 11|belongs_to_category|smartwatch,0.98,product_11,structured,structured_row:VoltEdge Smartwatch Plus 11,structured,1
DEC029_NO_FEEDBACK,train_kb,conservative_noisy_or_conflict_adjusted,VoltEdge Smartwatch Plus 11,has_price_usd,349,voltedge smartwatch plus 11|has_price_usd|349,0.98,product_11,structured,structured_row:VoltEdge Smartwatch Plus 11,structured,1
DEC029_NO_FEEDBACK,train_kb,conservative_noisy_or_conflict_adjusted,VoltEdge Smartwatch Plus 11,has_screen_size_inch,10.9,voltedge smartwatch plus 11|has_screen_size_inch|10.9,0.98,product_11,structured,structured_row:VoltEdge Smartwatch Plus 11,structured,1
DEC029_NO_FEEDBACK,train_kb,conservative_noisy_or_conflict_adjusted,VoltEdge Smartwatch Plus 11,has_ram_gb,8,voltedge smartwatch plus 11|has_ram_gb|8,0.98,product_11,structured,structured_row:VoltEdge Smartwatch Plus 11,structured,1
DEC029_NO_FEEDBACK,train_kb,conservative_noisy_or_conflict_adjusted,VoltEdge Smartwatch Plus 11,has_storage_gb,1024,voltedge smartwatch plus 11|has_storage_gb|1024,0.98,product_11,structured,structured_row:VoltEdge Smartwatch Plus 11,structured,1
DEC029_NO_FEEDBACK,train_kb,conservative_noisy_or_conflict_adjusted,VoltEdge Smartwatch Plus 11,has_battery_life_hours,10,voltedge smartwatch plus 11|has_battery_life_hours|10,0.98,product_11,structured,structured_row:VoltEdge Smartwatch Plus 11,structured,1
DEC029_NO_FEEDBACK,train_kb,conservative_noisy_or_conflict_adjusted,VoltEdge Smartwatch Plus 11,has_weight_kg,0.55,voltedge smartwatch plus 11|has_weight_kg|0.55,0.98,product_11,structured,structured_row:VoltEdge Smartwatch Plus 11,structured,1
DEC029_NO_FEEDBACK,train_kb,conservative_noisy_or_conflict_adjusted,VoltEdge Smartwatch Plus 11,has_color,blue,voltedge smartwatch plus 11|has_color|blue,0.98,product_11,structured,structured_row:VoltEdge Smartwatch Plus 11,structured,1
DEC029_NO_FEEDBACK,train_kb,conservative_noisy_or_conflict_adjusted,VoltEdge Smartwatch Plus 11,made_of_material,aluminum,voltedge smartwatch plus 11|made_of_material|aluminum,0.98,product_11,structured,structured_row:VoltEdge Smartwatch Plus 11,structured,1
DEC029_NO_FEEDBACK,train_kb,conservative_noisy_or_conflict_adjusted,VoltEdge Smartwatch Plus 11,target_market_region,US,voltedge smartwatch plus 11|target_market_region|us,0.98,product_11,structured,structured_row:VoltEdge Smartwatch Plus 11,structured,1
DEC029_NO_FEEDBACK,train_kb,conservative_noisy_or_conflict_adjusted,VoltEdge Smartwatch Plus 11,supports_fast_charging,yes,voltedge smartwatch plus 11|supports_fast_charging|yes,0.98,product_11,structured,structured_row:VoltEdge Smartwatch Plus 11,structured,1
DEC029_NO_FEEDBACK,train_kb,conservative_noisy_or_conflict_adjusted,VoltEdge Smartwatch Plus 11,has_noise_cancellation,no,voltedge smartwatch plus 11|has_noise_cancellation|no,0.98,product_11,structured,structured_row:VoltEdge Smartwatch Plus 11,structured,1
DEC029_NO_FEEDBACK,train_kb,conservative_noisy_or_conflict_adjusted,VoltEdge Smartwatch Plus 11,manufactured_by,VoltEdge,voltedge smartwatch plus 11|manufactured_by|voltedge,0.95,product_11,unstructured,VoltEdge Smartwatch Plus 11 is manufactured by VoltEdge. It is a smartwatch device. Priced at 349 USD. Offers 1024GB of internal storage. Built with aluminum construction. Targeted at the US market. Noise cancellation: no.,unstructured,1
DEC029_NO_FEEDBACK,train_kb,conservative_noisy_or_conflict_adjusted,VoltEdge Smartwatch Plus 11,belongs_to_category,smartwatch device,voltedge smartwatch plus 11|belongs_to_category|smartwatch device,0.95,product_11,unstructured,VoltEdge Smartwatch Plus 11 is manufactured by VoltEdge. It is a smartwatch device. Priced at 349 USD. Offers 1024GB of internal storage. Built with aluminum construction. Targeted at the US market. Noise cancellation: no.,unstructured,1
DEC029_NO_FEEDBACK,train_kb,conservative_noisy_or_conflict_adjusted,VoltEdge Smartwatch Plus 11,has_price_usd,349,voltedge smartwatch plus 11|has_price_usd|349,0.95,product_11,unstructured,VoltEdge Smartwatch Plus 11 is manufactured by VoltEdge. It is a smartwatch device. Priced at 349 USD. Offers 1024GB of internal storage. Built with aluminum construction. Targeted at the US market. Noise cancellation: no.,unstructured,1
DEC029_NO_FEEDBACK,train_kb,conservative_noisy_or_conflict_adjusted,VoltEdge Smartwatch Plus 11,has_storage_gb,1024,voltedge smartwatch plus 11|has_storage_gb|1024,0.95,product_11,unstructured,VoltEdge Smartwatch Plus 11 is manufactured by VoltEdge. It is a smartwatch device. Priced at 349 USD. Offers 1024GB of internal storage. Built with aluminum construction. Targeted at the US market. Noise cancellation: no.,unstructured,1
DEC029_NO_FEEDBACK,train_kb,conservative_noisy_or_conflict_adjusted,VoltEdge Smartwatch Plus 11,made_of_material,aluminum,voltedge smartwatch plus 11|made_of_material|aluminum,0.95,product_11,unstructured,VoltEdge Smartwatch Plus 11 is manufactured by VoltEdge. It is a smartwatch device. Priced at 349 USD. Offers 1024GB of internal storage. Built with aluminum construction. Targeted at the US market. Noise cancellation: no.,unstructured,1
DEC029_NO_FEEDBACK,train_kb,conservative_noisy_or_conflict_adjusted,VoltEdge Smartwatch Plus 11,target_market_region,US,voltedge smartwatch plus 11|target_market_region|us,0.95,product_11,unstructured,VoltEdge Smartwatch Plus 11 is manufactured by VoltEdge. It is a smartwatch device. Priced at 349 USD. Offers 1024GB of internal storage. Built with aluminum construction. Targeted at the US market. Noise cancellation: no.,unstructured,1
DEC029_NO_FEEDBACK,train_kb,conservative_noisy_or_conflict_adjusted,VoltEdge Smartwatch Plus 11,has_noise_cancellation,no,voltedge smartwatch plus 11|has_noise_cancellation|no,0.95,product_11,unstructured,VoltEdge Smartwatch Plus 11 is manufactured by VoltEdge. It is a smartwatch device. Priced at 349 USD. Offers 1024GB of internal storage. Built with aluminum construction. Targeted at the US market. Noise cancellation: no.,unstructured,1
DEC029_NO_FEEDBACK,train_kb,conservative_noisy_or_conflict_adjusted,Zenbyte Headphones Pro 12,manufactured_by,Zenbyte,zenbyte headphones pro 12|manufactured_by|zenbyte,0.98,product_12,structured,structured_row:Zenbyte Headphones Pro 12,structured,1
DEC029_NO_FEEDBACK,train_kb,conservative_noisy_or_conflict_adjusted,Zenbyte Headphones Pro 12,belongs_to_category,headphones,zenbyte headphones pro 12|belongs_to_category|headphones,0.98,product_12,structured,structured_row:Zenbyte Headphones Pro 12,structured,1
DEC029_NO_FEEDBACK,train_kb,conservative_noisy_or_conflict_adjusted,Zenbyte Headphones Pro 12,has_price_usd,899,zenbyte headphones pro 12|has_price_usd|899,0.98,product_12,structured,structured_row:Zenbyte Headphones Pro 12,structured,1
DEC029_NO_FEEDBACK,train_kb,conservative_noisy_or_conflict_adjusted,Zenbyte Headphones Pro 12,has_screen_size_inch,10.9,zenbyte headphones pro 12|has_screen_size_inch|10.9,0.98,product_12,structured,structured_row:Zenbyte Headphones Pro 12,structured,1
DEC029_NO_FEEDBACK,train_kb,conservative_noisy_or_conflict_adjusted,Zenbyte Headphones Pro 12,has_ram_gb,12,zenbyte headphones pro 12|has_ram_gb|12,0.98,product_12,structured,structured_row:Zenbyte Headphones Pro 12,structured,1
DEC029_NO_FEEDBACK,train_kb,conservative_noisy_or_conflict_adjusted,Zenbyte Headphones Pro 12,has_storage_gb,1024,zenbyte headphones pro 12|has_storage_gb|1024,0.98,product_12,structured,structured_row:Zenbyte Headphones Pro 12,structured,1
DEC029_NO_FEEDBACK,train_kb,conservative_noisy_or_conflict_adjusted,Zenbyte Headphones Pro 12,has_battery_life_hours,12,zenbyte headphones pro 12|has_battery_life_hours|12,0.98,product_12,structured,structured_row:Zenbyte Headphones Pro 12,structured,1
DEC029_NO_FEEDBACK,train_kb,conservative_noisy_or_conflict_adjusted,Zenbyte Headphones Pro 12,has_weight_kg,0.18,zenbyte headphones pro 12|has_weight_kg|0.18,0.98,product_12,structured,structured_row:Zenbyte Headphones Pro 12,structured,1
DEC029_NO_FEEDBACK,train_kb,conservative_noisy_or_conflict_adjusted,Zenbyte Headphones Pro 12,has_color,white,zenbyte headphones pro 12|has_color|white,0.98,product_12,structured,structured_row:Zenbyte Headphones Pro 12,structured,1
DEC029_NO_FEEDBACK,train_kb,conservative_noisy_or_conflict_adjusted,Zenbyte Headphones Pro 12,made_of_material,plastic,zenbyte headphones pro 12|made_of_material|plastic,0.98,product_12,structured,structured_row:Zenbyte Headphones Pro 12,structured,1
DEC029_NO_FEEDBACK,train_kb,conservative_noisy_or_conflict_adjusted,Zenbyte Headphones Pro 12,target_market_region,APAC,zenbyte headphones pro 12|target_market_region|apac,0.98,product_12,structured,structured_row:Zenbyte Headphones Pro 12,structured,1
DEC029_NO_FEEDBACK,train_kb,conservative_noisy_or_conflict_adjusted,Zenbyte Headphones Pro 12,supports_fast_charging,yes,zenbyte headphones pro 12|supports_fast_charging|yes,0.98,product_12,structured,structured_row:Zenbyte Headphones Pro 12,structured,1
DEC029_NO_FEEDBACK,train_kb,conservative_noisy_or_conflict_adjusted,Zenbyte Headphones Pro 12,has_noise_cancellation,no,zenbyte headphones pro 12|has_noise_cancellation|no,0.98,product_12,structured,structured_row:Zenbyte Headphones Pro 12,structured,1
DEC029_NO_FEEDBACK,train_kb,conservative_noisy_or_conflict_adjusted,Zenbyte Headphones Pro 12,manufactured_by,Zenbyte,zenbyte headphones pro 12|manufactured_by|zenbyte,0.95,product_12,unstructured,Zenbyte Headphones Pro 12 is manufactured by Zenbyte. Priced at 899 USD. Comes with 12GB of RAM. Battery lasts up to 12 hours. Weighs approximately 0.18kg. Built with plastic construction. Noise cancellation: no.,unstructured,1
DEC029_NO_FEEDBACK,train_kb,conservative_noisy_or_conflict_adjusted,Zenbyte Headphones Pro 12,has_price_usd,899,zenbyte headphones pro 12|has_price_usd|899,0.92,product_12,unstructured,Zenbyte Headphones Pro 12 is manufactured by Zenbyte. Priced at 899 USD. Comes with 12GB of RAM. Battery lasts up to 12 hours. Weighs approximately 0.18kg. Built with plastic construction. Noise cancellation: no.,unstructured,1
DEC029_NO_FEEDBACK,train_kb,conservative_noisy_or_conflict_adjusted,Zenbyte Headphones Pro 12,has_ram_gb,12,zenbyte headphones pro 12|has_ram_gb|12,0.93,product_12,unstructured,Zenbyte Headphones Pro 12 is manufactured by Zenbyte. Priced at 899 USD. Comes with 12GB of RAM. Battery lasts up to 12 hours. Weighs approximately 0.18kg. Built with plastic construction. Noise cancellation: no.,unstructured,1
DEC029_NO_FEEDBACK,train_kb,conservative_noisy_or_conflict_adjusted,Zenbyte Headphones Pro 12,has_battery_life_hours,12,zenbyte headphones pro 12|has_battery_life_hours|12,0.94,product_12,unstructured,Zenbyte Headphones Pro 12 is manufactured by Zenbyte. Priced at 899 USD. Comes with 12GB of RAM. Battery lasts up to 12 hours. Weighs approximately 0.18kg. Built with plastic construction. Noise cancellation: no.,unstructured,1
DEC029_NO_FEEDBACK,train_kb,conservative_noisy_or_conflict_adjusted,Zenbyte Headphones Pro 12,has_weight_kg,0.18,zenbyte headphones pro 12|has_weight_kg|0.18,0.9,product_12,unstructured,Zenbyte Headphones Pro 12 is manufactured by Zenbyte. Priced at 899 USD. Comes with 12GB of RAM. Battery lasts up to 12 hours. Weighs approximately 0.18kg. Built with plastic construction. Noise cancellation: no.,unstructured,1
DEC029_NO_FEEDBACK,train_kb,conservative_noisy_or_conflict_adjusted,Zenbyte Headphones Pro 12,made_of_material,plastic,zenbyte headphones pro 12|made_of_material|plastic,0.91,product_12,unstructured,Zenbyte Headphones Pro 12 is manufactured by Zenbyte. Priced at 899 USD. Comes with 12GB of RAM. Battery lasts up to 12 hours. Weighs approximately 0.18kg. Built with plastic construction. Noise cancellation: no.,unstructured,1
DEC029_NO_FEEDBACK,train_kb,conservative_noisy_or_conflict_adjusted,Zenbyte Headphones Pro 12,has_noise_cancellation,no,zenbyte headphones pro 12|has_noise_cancellation|no,0.96,product_12,unstructured,Zenbyte Headphones Pro 12 is manufactured by Zenbyte. Priced at 899 USD. Comes with 12GB of RAM. Battery lasts up to 12 hours. Weighs approximately 0.18kg. Built with plastic construction. Noise cancellation: no.,unstructured,1
DEC029_NO_FEEDBACK,train_kb,conservative_noisy_or_conflict_adjusted,VoltEdge Tablet Air 13,manufactured_by,VoltEdge,voltedge tablet air 13|manufactured_by|voltedge,0.98,product_13,structured,structured_row:VoltEdge Tablet Air 13,structured,1
DEC029_NO_FEEDBACK,train_kb,conservative_noisy_or_conflict_adjusted,VoltEdge Tablet Air 13,belongs_to_category,tablet,voltedge tablet air 13|belongs_to_category|tablet,0.98,product_13,structured,structured_row:VoltEdge Tablet Air 13,structured,1
DEC029_NO_FEEDBACK,train_kb,conservative_noisy_or_conflict_adjusted,VoltEdge Tablet Air 13,has_price_usd,1099,voltedge tablet air 13|has_price_usd|1099,0.98,product_13,structured,structured_row:VoltEdge Tablet Air 13,structured,1
DEC029_NO_FEEDBACK,train_kb,conservative_noisy_or_conflict_adjusted,VoltEdge Tablet Air 13,has_screen_size_inch,11.0,voltedge tablet air 13|has_screen_size_inch|11.0,0.98,product_13,structured,structured_row:VoltEdge Tablet Air 13,structured,1
DEC029_NO_FEEDBACK,train_kb,conservative_noisy_or_conflict_adjusted,VoltEdge Tablet Air 13,has_ram_gb,12,voltedge tablet air 13|has_ram_gb|12,0.98,product_13,structured,structured_row:VoltEdge Tablet Air 13,structured,1
DEC029_NO_FEEDBACK,train_kb,conservative_noisy_or_conflict_adjusted,VoltEdge Tablet Air 13,has_storage_gb,512,voltedge tablet air 13|has_storage_gb|512,0.98,product_13,structured,structured_row:VoltEdge Tablet Air 13,structured,1
DEC029_NO_FEEDBACK,train_kb,conservative_noisy_or_conflict_adjusted,VoltEdge Tablet Air 13,has_battery_life_hours,8,voltedge tablet air 13|has_battery_life_hours|8,0.98,product_13,structured,structured_row:VoltEdge Tablet Air 13,structured,1
DEC029_NO_FEEDBACK,train_kb,conservative_noisy_or_conflict_adjusted,VoltEdge Tablet Air 13,has_weight_kg,0.42,voltedge tablet air 13|has_weight_kg|0.42,0.98,product_13,structured,structured_row:VoltEdge Tablet Air 13,structured,1
DEC029_NO_FEEDBACK,train_kb,conservative_noisy_or_conflict_adjusted,VoltEdge Tablet Air 13,has_color,black,voltedge tablet air 13|has_color|black,0.98,product_13,structured,structured_row:VoltEdge Tablet Air 13,structured,1
DEC029_NO_FEEDBACK,train_kb,conservative_noisy_or_conflict_adjusted,VoltEdge Tablet Air 13,made_of_material,carbon fiber,voltedge tablet air 13|made_of_material|carbon fiber,0.98,product_13,structured,structured_row:VoltEdge Tablet Air 13,structured,1
DEC029_NO_FEEDBACK,train_kb,conservative_noisy_or_conflict_adjusted,VoltEdge Tablet Air 13,target_market_region,US,voltedge tablet air 13|target_market_region|us,0.98,product_13,structured,structured_row:VoltEdge Tablet Air 13,structured,1
DEC029_NO_FEEDBACK,train_kb,conservative_noisy_or_conflict_adjusted,VoltEdge Tablet Air 13,supports_fast_charging,no,voltedge tablet air 13|supports_fast_charging|no,0.98,product_13,structured,structured_row:VoltEdge Tablet Air 13,structured,1
DEC029_NO_FEEDBACK,train_kb,conservative_noisy_or_conflict_adjusted,VoltEdge Tablet Air 13,has_noise_cancellation,no,voltedge tablet air 13|has_noise_cancellation|no,0.98,product_13,structured,structured_row:VoltEdge Tablet Air 13,structured,1
DEC029_NO_FEEDBACK,train_kb,conservative_noisy_or_conflict_adjusted,Zenbyte Headphones Air 15,manufactured_by,Zenbyte,zenbyte headphones air 15|manufactured_by|zenbyte,0.98,product_15,structured,structured_row:Zenbyte Headphones Air 15,structured,1
DEC029_NO_FEEDBACK,train_kb,conservative_noisy_or_conflict_adjusted,Zenbyte Headphones Air 15,belongs_to_category,headphones,zenbyte headphones air 15|belongs_to_category|headphones,0.98,product_15,structured,structured_row:Zenbyte Headphones Air 15,structured,1
DEC029_NO_FEEDBACK,train_kb,conservative_noisy_or_conflict_adjusted,Zenbyte Headphones Air 15,has_price_usd,199,zenbyte headphones air 15|has_price_usd|199,0.98,product_15,structured,structured_row:Zenbyte Headphones Air 15,structured,1
DEC029_NO_FEEDBACK,train_kb,conservative_noisy_or_conflict_adjusted,Zenbyte Headphones Air 15,has_screen_size_inch,10.9,zenbyte headphones air 15|has_screen_size_inch|10.9,0.98,product_15,structured,structured_row:Zenbyte Headphones Air 15,structured,1
DEC029_NO_FEEDBACK,train_kb,conservative_noisy_or_conflict_adjusted,Zenbyte Headphones Air 15,has_ram_gb,4,zenbyte headphones air 15|has_ram_gb|4,0.98,product_15,structured,structured_row:Zenbyte Headphones Air 15,structured,1
DEC029_NO_FEEDBACK,train_kb,conservative_noisy_or_conflict_adjusted,Zenbyte Headphones Air 15,has_storage_gb,1024,zenbyte headphones air 15|has_storage_gb|1024,0.98,product_15,structured,structured_row:Zenbyte Headphones Air 15,structured,1
DEC029_NO_FEEDBACK,train_kb,conservative_noisy_or_conflict_adjusted,Zenbyte Headphones Air 15,has_battery_life_hours,8,zenbyte headphones air 15|has_battery_life_hours|8,0.98,product_15,structured,structured_row:Zenbyte Headphones Air 15,structured,1
DEC029_NO_FEEDBACK,train_kb,conservative_noisy_or_conflict_adjusted,Zenbyte Headphones Air 15,has_weight_kg,0.55,zenbyte headphones air 15|has_weight_kg|0.55,0.98,product_15,structured,structured_row:Zenbyte Headphones Air 15,structured,1
DEC029_NO_FEEDBACK,train_kb,conservative_noisy_or_conflict_adjusted,Zenbyte Headphones Air 15,has_color,green,zenbyte headphones air 15|has_color|green,0.98,product_15,structured,structured_row:Zenbyte Headphones Air 15,structured,1
DEC029_NO_FEEDBACK,train_kb,conservative_noisy_or_conflict_adjusted,Zenbyte Headphones Air 15,made_of_material,carbon fiber,zenbyte headphones air 15|made_of_material|carbon fiber,0.98,product_15,structured,structured_row:Zenbyte Headphones Air 15,structured,1
DEC029_NO_FEEDBACK,train_kb,conservative_noisy_or_conflict_adjusted,Zenbyte Headphones Air 15,target_market_region,US,zenbyte headphones air 15|target_market_region|us,0.98,product_15,structured,structured_row:Zenbyte Headphones Air 15,structured,1
DEC029_NO_FEEDBACK,train_kb,conservative_noisy_or_conflict_adjusted,Zenbyte Headphones Air 15,supports_fast_charging,no,zenbyte headphones air 15|supports_fast_charging|no,0.98,product_15,structured,structured_row:Zenbyte Headphones Air 15,structured,1
DEC029_NO_FEEDBACK,train_kb,conservative_noisy_or_conflict_adjusted,Zenbyte Headphones Air 15,has_noise_cancellation,no,zenbyte headphones air 15|has_noise_cancellation|no,0.98,product_15,structured,structured_row:Zenbyte Headphones Air 15,structured,1
DEC029_NO_FEEDBACK,train_kb,conservative_noisy_or_conflict_adjusted,TechNova Smartphone Pro 1,has_price_usd,199,technova smartphone pro 1|has_price_usd|199,0.95,product_15,unstructured,Priced at 199 USD. The display measures 10.9 inches. Comes with 4GB of RAM. Offers 1024GB of internal storage. Battery lasts up to 8 hours. Weighs approximately 0.55kg. Targeted at the US market.,unstructured,1
DEC029_NO_FEEDBACK,train_kb,conservative_noisy_or_conflict_adjusted,TechNova Smartphone Pro 1,has_screen_size_inch,10.9,technova smartphone pro 1|has_screen_size_inch|10.9,0.93,product_15,unstructured,Priced at 199 USD. The display measures 10.9 inches. Comes with 4GB of RAM. Offers 1024GB of internal storage. Battery lasts up to 8 hours. Weighs approximately 0.55kg. Targeted at the US market.,unstructured,1
DEC029_NO_FEEDBACK,train_kb,conservative_noisy_or_conflict_adjusted,TechNova Smartphone Pro 1,has_ram_gb,4,technova smartphone pro 1|has_ram_gb|4,0.92,product_15,unstructured,Priced at 199 USD. The display measures 10.9 inches. Comes with 4GB of RAM. Offers 1024GB of internal storage. Battery lasts up to 8 hours. Weighs approximately 0.55kg. Targeted at the US market.,unstructured,1
DEC029_NO_FEEDBACK,train_kb,conservative_noisy_or_conflict_adjusted,TechNova Smartphone Pro 1,has_storage_gb,1024,technova smartphone pro 1|has_storage_gb|1024,0.94,product_15,unstructured,Priced at 199 USD. The display measures 10.9 inches. Comes with 4GB of RAM. Offers 1024GB of internal storage. Battery lasts up to 8 hours. Weighs approximately 0.55kg. Targeted at the US market.,unstructured,1
DEC029_NO_FEEDBACK,train_kb,conservative_noisy_or_conflict_adjusted,TechNova Smartphone Pro 1,has_battery_life_hours,8,technova smartphone pro 1|has_battery_life_hours|8,0.9,product_15,unstructured,Priced at 199 USD. The display measures 10.9 inches. Comes with 4GB of RAM. Offers 1024GB of internal storage. Battery lasts up to 8 hours. Weighs approximately 0.55kg. Targeted at the US market.,unstructured,1
DEC029_NO_FEEDBACK,train_kb,conservative_noisy_or_conflict_adjusted,TechNova Smartphone Pro 1,has_weight_kg,0.55,technova smartphone pro 1|has_weight_kg|0.55,0.89,product_15,unstructured,Priced at 199 USD. The display measures 10.9 inches. Comes with 4GB of RAM. Offers 1024GB of internal storage. Battery lasts up to 8 hours. Weighs approximately 0.55kg. Targeted at the US market.,unstructured,1
DEC029_NO_FEEDBACK,train_kb,conservative_noisy_or_conflict_adjusted,TechNova Smartphone Pro 1,target_market_region,US,technova smartphone pro 1|target_market_region|us,0.88,product_15,unstructured,Priced at 199 USD. The display measures 10.9 inches. Comes with 4GB of RAM. Offers 1024GB of internal storage. Battery lasts up to 8 hours. Weighs approximately 0.55kg. Targeted at the US market.,unstructured,1
DEC029_NO_FEEDBACK,train_kb,conservative_noisy_or_conflict_adjusted,Auralex Headphones Plus 16,manufactured_by,Auralex,auralex headphones plus 16|manufactured_by|auralex,0.98,product_16,structured,structured_row:Auralex Headphones Plus 16,structured,1
DEC029_NO_FEEDBACK,train_kb,conservative_noisy_or_conflict_adjusted,Auralex Headphones Plus 16,belongs_to_category,headphones,auralex headphones plus 16|belongs_to_category|headphones,0.98,product_16,structured,structured_row:Auralex Headphones Plus 16,structured,1
DEC029_NO_FEEDBACK,train_kb,conservative_noisy_or_conflict_adjusted,Auralex Headphones Plus 16,has_price_usd,899,auralex headphones plus 16|has_price_usd|899,0.98,product_16,structured,structured_row:Auralex Headphones Plus 16,structured,1
DEC029_NO_FEEDBACK,train_kb,conservative_noisy_or_conflict_adjusted,Auralex Headphones Plus 16,has_screen_size_inch,6.7,auralex headphones plus 16|has_screen_size_inch|6.7,0.98,product_16,structured,structured_row:Auralex Headphones Plus 16,structured,1
DEC029_NO_FEEDBACK,train_kb,conservative_noisy_or_conflict_adjusted,Auralex Headphones Plus 16,has_ram_gb,8,auralex headphones plus 16|has_ram_gb|8,0.98,product_16,structured,structured_row:Auralex Headphones Plus 16,structured,1
DEC029_NO_FEEDBACK,train_kb,conservative_noisy_or_conflict_adjusted,Auralex Headphones Plus 16,has_storage_gb,1024,auralex headphones plus 16|has_storage_gb|1024,0.98,product_16,structured,structured_row:Auralex Headphones Plus 16,structured,1
DEC029_NO_FEEDBACK,train_kb,conservative_noisy_or_conflict_adjusted,Auralex Headphones Plus 16,has_battery_life_hours,18,auralex headphones plus 16|has_battery_life_hours|18,0.98,product_16,structured,structured_row:Auralex Headphones Plus 16,structured,1
DEC029_NO_FEEDBACK,train_kb,conservative_noisy_or_conflict_adjusted,Auralex Headphones Plus 16,has_weight_kg,1.2,auralex headphones plus 16|has_weight_kg|1.2,0.98,product_16,structured,structured_row:Auralex Headphones Plus 16,structured,1
DEC029_NO_FEEDBACK,train_kb,conservative_noisy_or_conflict_adjusted,Auralex Headphones Plus 16,has_color,blue,auralex headphones plus 16|has_color|blue,0.98,product_16,structured,structured_row:Auralex Headphones Plus 16,structured,1
DEC029_NO_FEEDBACK,train_kb,conservative_noisy_or_conflict_adjusted,Auralex Headphones Plus 16,made_of_material,carbon fiber,auralex headphones plus 16|made_of_material|carbon fiber,0.98,product_16,structured,structured_row:Auralex Headphones Plus 16,structured,1
DEC029_NO_FEEDBACK,train_kb,conservative_noisy_or_conflict_adjusted,Auralex Headphones Plus 16,target_market_region,Global,auralex headphones plus 16|target_market_region|global,0.98,product_16,structured,structured_row:Auralex Headphones Plus 16,structured,1
DEC029_NO_FEEDBACK,train_kb,conservative_noisy_or_conflict_adjusted,Auralex Headphones Plus 16,supports_fast_charging,no,auralex headphones plus 16|supports_fast_charging|no,0.98,product_16,structured,structured_row:Auralex Headphones Plus 16,structured,1
DEC029_NO_FEEDBACK,train_kb,conservative_noisy_or_conflict_adjusted,Auralex Headphones Plus 16,has_noise_cancellation,yes,auralex headphones plus 16|has_noise_cancellation|yes,0.98,product_16,structured,structured_row:Auralex Headphones Plus 16,structured,1
DEC029_NO_FEEDBACK,train_kb,conservative_noisy_or_conflict_adjusted,Auralex Headphones Plus 16,manufactured_by,Auralex,auralex headphones plus 16|manufactured_by|auralex,0.95,product_16,unstructured,Auralex Headphones Plus 16 is manufactured by Auralex. It is a headphones device. Priced at 899 USD. Comes with 8GB of RAM. Targeted at the Global market. Fast charging is no. Noise cancellation: yes.,unstructured,1
DEC029_NO_FEEDBACK,train_kb,conservative_noisy_or_conflict_adjusted,Auralex Headphones Plus 16,has_price_usd,899,auralex headphones plus 16|has_price_usd|899,0.95,product_16,unstructured,Auralex Headphones Plus 16 is manufactured by Auralex. It is a headphones device. Priced at 899 USD. Comes with 8GB of RAM. Targeted at the Global market. Fast charging is no. Noise cancellation: yes.,unstructured,1
DEC029_NO_FEEDBACK,train_kb,conservative_noisy_or_conflict_adjusted,Auralex Headphones Plus 16,has_ram_gb,8,auralex headphones plus 16|has_ram_gb|8,0.95,product_16,unstructured,Auralex Headphones Plus 16 is manufactured by Auralex. It is a headphones device. Priced at 899 USD. Comes with 8GB of RAM. Targeted at the Global market. Fast charging is no. Noise cancellation: yes.,unstructured,1
DEC029_NO_FEEDBACK,train_kb,conservative_noisy_or_conflict_adjusted,Auralex Headphones Plus 16,target_market_region,Global,auralex headphones plus 16|target_market_region|global,0.95,product_16,unstructured,Auralex Headphones Plus 16 is manufactured by Auralex. It is a headphones device. Priced at 899 USD. Comes with 8GB of RAM. Targeted at the Global market. Fast charging is no. Noise cancellation: yes.,unstructured,1
DEC029_NO_FEEDBACK,train_kb,conservative_noisy_or_conflict_adjusted,Auralex Headphones Plus 16,supports_fast_charging,no,auralex headphones plus 16|supports_fast_charging|no,0.95,product_16,unstructured,Auralex Headphones Plus 16 is manufactured by Auralex. It is a headphones device. Priced at 899 USD. Comes with 8GB of RAM. Targeted at the Global market. Fast charging is no. Noise cancellation: yes.,unstructured,1
DEC029_NO_FEEDBACK,train_kb,conservative_noisy_or_conflict_adjusted,Auralex Headphones Plus 16,has_noise_cancellation,yes,auralex headphones plus 16|has_noise_cancellation|yes,0.95,product_16,unstructured,Auralex Headphones Plus 16 is manufactured by Auralex. It is a headphones device. Priced at 899 USD. Comes with 8GB of RAM. Targeted at the Global market. Fast charging is no. Noise cancellation: yes.,unstructured,1
DEC029_NO_FEEDBACK,train_kb,conservative_noisy_or_conflict_adjusted,Zenbyte Tablet Pro 17,manufactured_by,Zenbyte,zenbyte tablet pro 17|manufactured_by|zenbyte,0.98,product_17,structured,structured_row:Zenbyte Tablet Pro 17,structured,1
DEC029_NO_FEEDBACK,train_kb,conservative_noisy_or_conflict_adjusted,Zenbyte Tablet Pro 17,belongs_to_category,tablet,zenbyte tablet pro 17|belongs_to_category|tablet,0.98,product_17,structured,structured_row:Zenbyte Tablet Pro 17,structured,1
DEC029_NO_FEEDBACK,train_kb,conservative_noisy_or_conflict_adjusted,Zenbyte Tablet Pro 17,has_price_usd,249,zenbyte tablet pro 17|has_price_usd|249,0.98,product_17,structured,structured_row:Zenbyte Tablet Pro 17,structured,1
DEC029_NO_FEEDBACK,train_kb,conservative_noisy_or_conflict_adjusted,Zenbyte Tablet Pro 17,has_screen_size_inch,10.9,zenbyte tablet pro 17|has_screen_size_inch|10.9,0.98,product_17,structured,structured_row:Zenbyte Tablet Pro 17,structured,1
DEC029_NO_FEEDBACK,train_kb,conservative_noisy_or_conflict_adjusted,Zenbyte Tablet Pro 17,has_ram_gb,32,zenbyte tablet pro 17|has_ram_gb|32,0.98,product_17,structured,structured_row:Zenbyte Tablet Pro 17,structured,1
DEC029_NO_FEEDBACK,train_kb,conservative_noisy_or_conflict_adjusted,Zenbyte Tablet Pro 17,has_storage_gb,512,zenbyte tablet pro 17|has_storage_gb|512,0.98,product_17,structured,structured_row:Zenbyte Tablet Pro 17,structured,1
DEC029_NO_FEEDBACK,train_kb,conservative_noisy_or_conflict_adjusted,Zenbyte Tablet Pro 17,has_battery_life_hours,10,zenbyte tablet pro 17|has_battery_life_hours|10,0.98,product_17,structured,structured_row:Zenbyte Tablet Pro 17,structured,1
DEC029_NO_FEEDBACK,train_kb,conservative_noisy_or_conflict_adjusted,Zenbyte Tablet Pro 17,has_weight_kg,1.45,zenbyte tablet pro 17|has_weight_kg|1.45,0.98,product_17,structured,structured_row:Zenbyte Tablet Pro 17,structured,1
DEC029_NO_FEEDBACK,train_kb,conservative_noisy_or_conflict_adjusted,Zenbyte Tablet Pro 17,has_color,white,zenbyte tablet pro 17|has_color|white,0.98,product_17,structured,structured_row:Zenbyte Tablet Pro 17,structured,1
DEC029_NO_FEEDBACK,train_kb,conservative_noisy_or_conflict_adjusted,Zenbyte Tablet Pro 17,made_of_material,carbon fiber,zenbyte tablet pro 17|made_of_material|carbon fiber,0.98,product_17,structured,structured_row:Zenbyte Tablet Pro 17,structured,1
DEC029_NO_FEEDBACK,train_kb,conservative_noisy_or_conflict_adjusted,Zenbyte Tablet Pro 17,target_market_region,EU,zenbyte tablet pro 17|target_market_region|eu,0.98,product_17,structured,structured_row:Zenbyte Tablet Pro 17,structured,1
DEC029_NO_FEEDBACK,train_kb,conservative_noisy_or_conflict_adjusted,Zenbyte Tablet Pro 17,supports_fast_charging,yes,zenbyte tablet pro 17|supports_fast_charging|yes,0.98,product_17,structured,structured_row:Zenbyte Tablet Pro 17,structured,1
DEC029_NO_FEEDBACK,train_kb,conservative_noisy_or_conflict_adjusted,Zenbyte Tablet Pro 17,has_noise_cancellation,no,zenbyte tablet pro 17|has_noise_cancellation|no,0.98,product_17,structured,structured_row:Zenbyte Tablet Pro 17,structured,1
DEC029_NO_FEEDBACK,train_kb,conservative_noisy_or_conflict_adjusted,Zenbyte Tablet Pro 17,manufactured_by,Zenbyte,zenbyte tablet pro 17|manufactured_by|zenbyte,0.95,product_17,unstructured,Zenbyte Tablet Pro 17 is manufactured by Zenbyte. It is a tablet device. Priced at 249 USD. The display measures 10.9 inches. Weighs approximately 1.45kg. Built with carbon fiber construction. Targeted at the EU market.,unstructured,1
DEC029_NO_FEEDBACK,train_kb,conservative_noisy_or_conflict_adjusted,Zenbyte Tablet Pro 17,belongs_to_category,tablet device,zenbyte tablet pro 17|belongs_to_category|tablet device,0.92,product_17,unstructured,Zenbyte Tablet Pro 17 is manufactured by Zenbyte. It is a tablet device. Priced at 249 USD. The display measures 10.9 inches. Weighs approximately 1.45kg. Built with carbon fiber construction. Targeted at the EU market.,unstructured,1
DEC029_NO_FEEDBACK,train_kb,conservative_noisy_or_conflict_adjusted,Zenbyte Tablet Pro 17,has_price_usd,249,zenbyte tablet pro 17|has_price_usd|249,0.93,product_17,unstructured,Zenbyte Tablet Pro 17 is manufactured by Zenbyte. It is a tablet device. Priced at 249 USD. The display measures 10.9 inches. Weighs approximately 1.45kg. Built with carbon fiber construction. Targeted at the EU market.,unstructured,1
DEC029_NO_FEEDBACK,train_kb,conservative_noisy_or_conflict_adjusted,Zenbyte Tablet Pro 17,has_screen_size_inch,10.9,zenbyte tablet pro 17|has_screen_size_inch|10.9,0.94,product_17,unstructured,Zenbyte Tablet Pro 17 is manufactured by Zenbyte. It is a tablet device. Priced at 249 USD. The display measures 10.9 inches. Weighs approximately 1.45kg. Built with carbon fiber construction. Targeted at the EU market.,unstructured,1
DEC029_NO_FEEDBACK,train_kb,conservative_noisy_or_conflict_adjusted,Zenbyte Tablet Pro 17,has_weight_kg,1.45,zenbyte tablet pro 17|has_weight_kg|1.45,0.9,product_17,unstructured,Zenbyte Tablet Pro 17 is manufactured by Zenbyte. It is a tablet device. Priced at 249 USD. The display measures 10.9 inches. Weighs approximately 1.45kg. Built with carbon fiber construction. Targeted at the EU market.,unstructured,1
DEC029_NO_FEEDBACK,train_kb,conservative_noisy_or_conflict_adjusted,Zenbyte Tablet Pro 17,made_of_material,carbon fiber,zenbyte tablet pro 17|made_of_material|carbon fiber,0.96,product_17,unstructured,Zenbyte Tablet Pro 17 is manufactured by Zenbyte. It is a tablet device. Priced at 249 USD. The display measures 10.9 inches. Weighs approximately 1.45kg. Built with carbon fiber construction. Targeted at the EU market.,unstructured,1
DEC029_NO_FEEDBACK,train_kb,conservative_noisy_or_conflict_adjusted,Zenbyte Tablet Pro 17,target_market_region,EU market,zenbyte tablet pro 17|target_market_region|eu market,0.91,product_17,unstructured,Zenbyte Tablet Pro 17 is manufactured by Zenbyte. It is a tablet device. Priced at 249 USD. The display measures 10.9 inches. Weighs approximately 1.45kg. Built with carbon fiber construction. Targeted at the EU market.,unstructured,1
DEC029_NO_FEEDBACK,train_kb,conservative_noisy_or_conflict_adjusted,VoltEdge Laptop Plus 18,manufactured_by,VoltEdge,voltedge laptop plus 18|manufactured_by|voltedge,0.98,product_18,structured,structured_row:VoltEdge Laptop Plus 18,structured,1
DEC029_NO_FEEDBACK,train_kb,conservative_noisy_or_conflict_adjusted,VoltEdge Laptop Plus 18,belongs_to_category,laptop,voltedge laptop plus 18|belongs_to_category|laptop,0.98,product_18,structured,structured_row:VoltEdge Laptop Plus 18,structured,1
DEC029_NO_FEEDBACK,train_kb,conservative_noisy_or_conflict_adjusted,VoltEdge Laptop Plus 18,has_price_usd,349,voltedge laptop plus 18|has_price_usd|349,0.98,product_18,structured,structured_row:VoltEdge Laptop Plus 18,structured,1
DEC029_NO_FEEDBACK,train_kb,conservative_noisy_or_conflict_adjusted,VoltEdge Laptop Plus 18,has_screen_size_inch,14.0,voltedge laptop plus 18|has_screen_size_inch|14.0,0.98,product_18,structured,structured_row:VoltEdge Laptop Plus 18,structured,1
DEC029_NO_FEEDBACK,train_kb,conservative_noisy_or_conflict_adjusted,VoltEdge Laptop Plus 18,has_ram_gb,12,voltedge laptop plus 18|has_ram_gb|12,0.98,product_18,structured,structured_row:VoltEdge Laptop Plus 18,structured,1
DEC029_NO_FEEDBACK,train_kb,conservative_noisy_or_conflict_adjusted,VoltEdge Laptop Plus 18,has_storage_gb,1024,voltedge laptop plus 18|has_storage_gb|1024,0.98,product_18,structured,structured_row:VoltEdge Laptop Plus 18,structured,1
DEC029_NO_FEEDBACK,train_kb,conservative_noisy_or_conflict_adjusted,VoltEdge Laptop Plus 18,has_battery_life_hours,10,voltedge laptop plus 18|has_battery_life_hours|10,0.98,product_18,structured,structured_row:VoltEdge Laptop Plus 18,structured,1
DEC029_NO_FEEDBACK,train_kb,conservative_noisy_or_conflict_adjusted,VoltEdge Laptop Plus 18,has_weight_kg,0.23,voltedge laptop plus 18|has_weight_kg|0.23,0.98,product_18,structured,structured_row:VoltEdge Laptop Plus 18,structured,1
DEC029_NO_FEEDBACK,train_kb,conservative_noisy_or_conflict_adjusted,VoltEdge Laptop Plus 18,has_color,green,voltedge laptop plus 18|has_color|green,0.98,product_18,structured,structured_row:VoltEdge Laptop Plus 18,structured,1
DEC029_NO_FEEDBACK,train_kb,conservative_noisy_or_conflict_adjusted,VoltEdge Laptop Plus 18,made_of_material,aluminum,voltedge laptop plus 18|made_of_material|aluminum,0.98,product_18,structured,structured_row:VoltEdge Laptop Plus 18,structured,1
DEC029_NO_FEEDBACK,train_kb,conservative_noisy_or_conflict_adjusted,VoltEdge Laptop Plus 18,target_market_region,Global,voltedge laptop plus 18|target_market_region|global,0.98,product_18,structured,structured_row:VoltEdge Laptop Plus 18,structured,1
DEC029_NO_FEEDBACK,train_kb,conservative_noisy_or_conflict_adjusted,VoltEdge Laptop Plus 18,supports_fast_charging,yes,voltedge laptop plus 18|supports_fast_charging|yes,0.98,product_18,structured,structured_row:VoltEdge Laptop Plus 18,structured,1
DEC029_NO_FEEDBACK,train_kb,conservative_noisy_or_conflict_adjusted,VoltEdge Laptop Plus 18,has_noise_cancellation,no,voltedge laptop plus 18|has_noise_cancellation|no,0.98,product_18,structured,structured_row:VoltEdge Laptop Plus 18,structured,1
DEC029_NO_FEEDBACK,train_kb,conservative_noisy_or_conflict_adjusted,VoltEdge Laptop Plus 18,manufactured_by,VoltEdge,voltedge laptop plus 18|manufactured_by|voltedge,0.95,product_18,unstructured,VoltEdge Laptop Plus 18 is manufactured by VoltEdge. Battery lasts up to 10 hours. Weighs approximately 0.23kg. Available in green. Built with aluminum construction. Targeted at the Global market. Noise cancellation: no.,unstructured,1
DEC029_NO_FEEDBACK,train_kb,conservative_noisy_or_conflict_adjusted,VoltEdge Laptop Plus 18,has_battery_life_hours,10,voltedge laptop plus 18|has_battery_life_hours|10,0.92,product_18,unstructured,VoltEdge Laptop Plus 18 is manufactured by VoltEdge. Battery lasts up to 10 hours. Weighs approximately 0.23kg. Available in green. Built with aluminum construction. Targeted at the Global market. Noise cancellation: no.,unstructured,1
DEC029_NO_FEEDBACK,train_kb,conservative_noisy_or_conflict_adjusted,VoltEdge Laptop Plus 18,has_weight_kg,0.23,voltedge laptop plus 18|has_weight_kg|0.23,0.93,product_18,unstructured,VoltEdge Laptop Plus 18 is manufactured by VoltEdge. Battery lasts up to 10 hours. Weighs approximately 0.23kg. Available in green. Built with aluminum construction. Targeted at the Global market. Noise cancellation: no.,unstructured,1
DEC029_NO_FEEDBACK,train_kb,conservative_noisy_or_conflict_adjusted,VoltEdge Laptop Plus 18,has_color,green,voltedge laptop plus 18|has_color|green,0.94,product_18,unstructured,VoltEdge Laptop Plus 18 is manufactured by VoltEdge. Battery lasts up to 10 hours. Weighs approximately 0.23kg. Available in green. Built with aluminum construction. Targeted at the Global market. Noise cancellation: no.,unstructured,1
DEC029_NO_FEEDBACK,train_kb,conservative_noisy_or_conflict_adjusted,VoltEdge Laptop Plus 18,made_of_material,aluminum,voltedge laptop plus 18|made_of_material|aluminum,0.9,product_18,unstructured,VoltEdge Laptop Plus 18 is manufactured by VoltEdge. Battery lasts up to 10 hours. Weighs approximately 0.23kg. Available in green. Built with aluminum construction. Targeted at the Global market. Noise cancellation: no.,unstructured,1
DEC029_NO_FEEDBACK,train_kb,conservative_noisy_or_conflict_adjusted,VoltEdge Laptop Plus 18,target_market_region,Global,voltedge laptop plus 18|target_market_region|global,0.96,product_18,unstructured,VoltEdge Laptop Plus 18 is manufactured by VoltEdge. Battery lasts up to 10 hours. Weighs approximately 0.23kg. Available in green. Built with aluminum construction. Targeted at the Global market. Noise cancellation: no.,unstructured,1
DEC029_NO_FEEDBACK,train_kb,conservative_noisy_or_conflict_adjusted,VoltEdge Laptop Plus 18,supports_fast_charging,no,voltedge laptop plus 18|supports_fast_charging|no,0.85,product_18,unstructured,VoltEdge Laptop Plus 18 is manufactured by VoltEdge. Battery lasts up to 10 hours. Weighs approximately 0.23kg. Available in green. Built with aluminum construction. Targeted at the Global market. Noise cancellation: no.,unstructured,1
DEC029_NO_FEEDBACK,train_kb,conservative_noisy_or_conflict_adjusted,PixelWare Tablet Plus 19,manufactured_by,PixelWare,pixelware tablet plus 19|manufactured_by|pixelware,0.98,product_19,structured,structured_row:PixelWare Tablet Plus 19,structured,1
DEC029_NO_FEEDBACK,train_kb,conservative_noisy_or_conflict_adjusted,PixelWare Tablet Plus 19,belongs_to_category,tablet,pixelware tablet plus 19|belongs_to_category|tablet,0.98,product_19,structured,structured_row:PixelWare Tablet Plus 19,structured,1
DEC029_NO_FEEDBACK,train_kb,conservative_noisy_or_conflict_adjusted,PixelWare Tablet Plus 19,has_price_usd,1099,pixelware tablet plus 19|has_price_usd|1099,0.98,product_19,structured,structured_row:PixelWare Tablet Plus 19,structured,1
DEC029_NO_FEEDBACK,train_kb,conservative_noisy_or_conflict_adjusted,PixelWare Tablet Plus 19,has_screen_size_inch,11.0,pixelware tablet plus 19|has_screen_size_inch|11.0,0.98,product_19,structured,structured_row:PixelWare Tablet Plus 19,structured,1
DEC029_NO_FEEDBACK,train_kb,conservative_noisy_or_conflict_adjusted,PixelWare Tablet Plus 19,has_ram_gb,12,pixelware tablet plus 19|has_ram_gb|12,0.98,product_19,structured,structured_row:PixelWare Tablet Plus 19,structured,1
DEC029_NO_FEEDBACK,train_kb,conservative_noisy_or_conflict_adjusted,PixelWare Tablet Plus 19,has_storage_gb,128,pixelware tablet plus 19|has_storage_gb|128,0.98,product_19,structured,structured_row:PixelWare Tablet Plus 19,structured,1
DEC029_NO_FEEDBACK,train_kb,conservative_noisy_or_conflict_adjusted,PixelWare Tablet Plus 19,has_battery_life_hours,10,pixelware tablet plus 19|has_battery_life_hours|10,0.98,product_19,structured,structured_row:PixelWare Tablet Plus 19,structured,1
DEC029_NO_FEEDBACK,train_kb,conservative_noisy_or_conflict_adjusted,PixelWare Tablet Plus 19,has_weight_kg,0.18,pixelware tablet plus 19|has_weight_kg|0.18,0.98,product_19,structured,structured_row:PixelWare Tablet Plus 19,structured,1
DEC029_NO_FEEDBACK,train_kb,conservative_noisy_or_conflict_adjusted,PixelWare Tablet Plus 19,has_color,blue,pixelware tablet plus 19|has_color|blue,0.98,product_19,structured,structured_row:PixelWare Tablet Plus 19,structured,1
DEC029_NO_FEEDBACK,train_kb,conservative_noisy_or_conflict_adjusted,PixelWare Tablet Plus 19,made_of_material,aluminum,pixelware tablet plus 19|made_of_material|aluminum,0.98,product_19,structured,structured_row:PixelWare Tablet Plus 19,structured,1
DEC029_NO_FEEDBACK,train_kb,conservative_noisy_or_conflict_adjusted,PixelWare Tablet Plus 19,target_market_region,Global,pixelware tablet plus 19|target_market_region|global,0.98,product_19,structured,structured_row:PixelWare Tablet Plus 19,structured,1
DEC029_NO_FEEDBACK,train_kb,conservative_noisy_or_conflict_adjusted,PixelWare Tablet Plus 19,supports_fast_charging,yes,pixelware tablet plus 19|supports_fast_charging|yes,0.98,product_19,structured,structured_row:PixelWare Tablet Plus 19,structured,1
DEC029_NO_FEEDBACK,train_kb,conservative_noisy_or_conflict_adjusted,PixelWare Tablet Plus 19,has_noise_cancellation,no,pixelware tablet plus 19|has_noise_cancellation|no,0.98,product_19,structured,structured_row:PixelWare Tablet Plus 19,structured,1
DEC029_NO_FEEDBACK,train_kb,conservative_noisy_or_conflict_adjusted,PixelWare Tablet Plus 19,manufactured_by,PixelWare,pixelware tablet plus 19|manufactured_by|pixelware,0.95,product_19,unstructured,PixelWare Tablet Plus 19 is manufactured by PixelWare. It is a tablet device. Comes with 12GB of RAM. Offers 128GB of internal storage. Weighs approximately 0.18kg. Targeted at the Global market. Fast charging is yes.,unstructured,1
DEC029_NO_FEEDBACK,train_kb,conservative_noisy_or_conflict_adjusted,PixelWare Tablet Plus 19,has_ram_gb,12,pixelware tablet plus 19|has_ram_gb|12,0.92,product_19,unstructured,PixelWare Tablet Plus 19 is manufactured by PixelWare. It is a tablet device. Comes with 12GB of RAM. Offers 128GB of internal storage. Weighs approximately 0.18kg. Targeted at the Global market. Fast charging is yes.,unstructured,1
DEC029_NO_FEEDBACK,train_kb,conservative_noisy_or_conflict_adjusted,PixelWare Tablet Plus 19,has_storage_gb,128,pixelware tablet plus 19|has_storage_gb|128,0.93,product_19,unstructured,PixelWare Tablet Plus 19 is manufactured by PixelWare. It is a tablet device. Comes with 12GB of RAM. Offers 128GB of internal storage. Weighs approximately 0.18kg. Targeted at the Global market. Fast charging is yes.,unstructured,1
DEC029_NO_FEEDBACK,train_kb,conservative_noisy_or_conflict_adjusted,PixelWare Tablet Plus 19,has_weight_kg,0.18,pixelware tablet plus 19|has_weight_kg|0.18,0.94,product_19,unstructured,PixelWare Tablet Plus 19 is manufactured by PixelWare. It is a tablet device. Comes with 12GB of RAM. Offers 128GB of internal storage. Weighs approximately 0.18kg. Targeted at the Global market. Fast charging is yes.,unstructured,1
DEC029_NO_FEEDBACK,train_kb,conservative_noisy_or_conflict_adjusted,PixelWare Tablet Plus 19,target_market_region,Global,pixelware tablet plus 19|target_market_region|global,0.9,product_19,unstructured,PixelWare Tablet Plus 19 is manufactured by PixelWare. It is a tablet device. Comes with 12GB of RAM. Offers 128GB of internal storage. Weighs approximately 0.18kg. Targeted at the Global market. Fast charging is yes.,unstructured,1
DEC029_NO_FEEDBACK,train_kb,conservative_noisy_or_conflict_adjusted,PixelWare Tablet Plus 19,supports_fast_charging,yes,pixelware tablet plus 19|supports_fast_charging|yes,0.96,product_19,unstructured,PixelWare Tablet Plus 19 is manufactured by PixelWare. It is a tablet device. Comes with 12GB of RAM. Offers 128GB of internal storage. Weighs approximately 0.18kg. Targeted at the Global market. Fast charging is yes.,unstructured,1
DEC029_NO_FEEDBACK,train_kb,conservative_noisy_or_conflict_adjusted,PixelWare Laptop Pro 20,manufactured_by,PixelWare,pixelware laptop pro 20|manufactured_by|pixelware,0.98,product_20,structured,structured_row:PixelWare Laptop Pro 20,structured,1
DEC029_NO_FEEDBACK,train_kb,conservative_noisy_or_conflict_adjusted,PixelWare Laptop Pro 20,belongs_to_category,laptop,pixelware laptop pro 20|belongs_to_category|laptop,0.98,product_20,structured,structured_row:PixelWare Laptop Pro 20,structured,1
DEC029_NO_FEEDBACK,train_kb,conservative_noisy_or_conflict_adjusted,PixelWare Laptop Pro 20,has_price_usd,699,pixelware laptop pro 20|has_price_usd|699,0.98,product_20,structured,structured_row:PixelWare Laptop Pro 20,structured,1
DEC029_NO_FEEDBACK,train_kb,conservative_noisy_or_conflict_adjusted,PixelWare Laptop Pro 20,has_screen_size_inch,14.0,pixelware laptop pro 20|has_screen_size_inch|14.0,0.98,product_20,structured,structured_row:PixelWare Laptop Pro 20,structured,1
DEC029_NO_FEEDBACK,train_kb,conservative_noisy_or_conflict_adjusted,PixelWare Laptop Pro 20,has_ram_gb,6,pixelware laptop pro 20|has_ram_gb|6,0.98,product_20,structured,structured_row:PixelWare Laptop Pro 20,structured,1
DEC029_NO_FEEDBACK,train_kb,conservative_noisy_or_conflict_adjusted,PixelWare Laptop Pro 20,has_storage_gb,256,pixelware laptop pro 20|has_storage_gb|256,0.98,product_20,structured,structured_row:PixelWare Laptop Pro 20,structured,1
DEC029_NO_FEEDBACK,train_kb,conservative_noisy_or_conflict_adjusted,PixelWare Laptop Pro 20,has_battery_life_hours,18,pixelware laptop pro 20|has_battery_life_hours|18,0.98,product_20,structured,structured_row:PixelWare Laptop Pro 20,structured,1
DEC029_NO_FEEDBACK,train_kb,conservative_noisy_or_conflict_adjusted,PixelWare Laptop Pro 20,has_weight_kg,0.55,pixelware laptop pro 20|has_weight_kg|0.55,0.98,product_20,structured,structured_row:PixelWare Laptop Pro 20,structured,1
DEC029_NO_FEEDBACK,train_kb,conservative_noisy_or_conflict_adjusted,PixelWare Laptop Pro 20,has_color,white,pixelware laptop pro 20|has_color|white,0.98,product_20,structured,structured_row:PixelWare Laptop Pro 20,structured,1
DEC029_NO_FEEDBACK,train_kb,conservative_noisy_or_conflict_adjusted,PixelWare Laptop Pro 20,made_of_material,aluminum,pixelware laptop pro 20|made_of_material|aluminum,0.98,product_20,structured,structured_row:PixelWare Laptop Pro 20,structured,1
DEC029_NO_FEEDBACK,train_kb,conservative_noisy_or_conflict_adjusted,PixelWare Laptop Pro 20,target_market_region,US,pixelware laptop pro 20|target_market_region|us,0.98,product_20,structured,structured_row:PixelWare Laptop Pro 20,structured,1
DEC029_NO_FEEDBACK,train_kb,conservative_noisy_or_conflict_adjusted,PixelWare Laptop Pro 20,supports_fast_charging,yes,pixelware laptop pro 20|supports_fast_charging|yes,0.98,product_20,structured,structured_row:PixelWare Laptop Pro 20,structured,1
DEC029_NO_FEEDBACK,train_kb,conservative_noisy_or_conflict_adjusted,PixelWare Laptop Pro 20,has_noise_cancellation,no,pixelware laptop pro 20|has_noise_cancellation|no,0.98,product_20,structured,structured_row:PixelWare Laptop Pro 20,structured,1
DEC029_NO_FEEDBACK,train_kb,conservative_noisy_or_conflict_adjusted,laptop device,has_screen_size_inch,14.0,laptop device|has_screen_size_inch|14.0,0.91,product_20,unstructured,It is a laptop device. The display measures 14.0 inches. Comes with 6GB of RAM. Battery lasts up to 18 hours. Weighs approximately 0.55kg. Targeted at the US market. Fast charging is yes.,unstructured,1
DEC029_NO_FEEDBACK,train_kb,conservative_noisy_or_conflict_adjusted,laptop device,has_ram_gb,6GB,laptop device|has_ram_gb|6gb,0.91,product_20,unstructured,It is a laptop device. The display measures 14.0 inches. Comes with 6GB of RAM. Battery lasts up to 18 hours. Weighs approximately 0.55kg. Targeted at the US market. Fast charging is yes.,unstructured,1
DEC029_NO_FEEDBACK,train_kb,conservative_noisy_or_conflict_adjusted,laptop device,has_battery_life_hours,18,laptop device|has_battery_life_hours|18,0.91,product_20,unstructured,It is a laptop device. The display measures 14.0 inches. Comes with 6GB of RAM. Battery lasts up to 18 hours. Weighs approximately 0.55kg. Targeted at the US market. Fast charging is yes.,unstructured,1
DEC029_NO_FEEDBACK,train_kb,conservative_noisy_or_conflict_adjusted,laptop device,has_weight_kg,0.55,laptop device|has_weight_kg|0.55,0.91,product_20,unstructured,It is a laptop device. The display measures 14.0 inches. Comes with 6GB of RAM. Battery lasts up to 18 hours. Weighs approximately 0.55kg. Targeted at the US market. Fast charging is yes.,unstructured,1
DEC029_NO_FEEDBACK,train_kb,conservative_noisy_or_conflict_adjusted,laptop device,target_market_region,US market,laptop device|target_market_region|us market,0.91,product_20,unstructured,It is a laptop device. The display measures 14.0 inches. Comes with 6GB of RAM. Battery lasts up to 18 hours. Weighs approximately 0.55kg. Targeted at the US market. Fast charging is yes.,unstructured,1
DEC029_NO_FEEDBACK,train_kb,conservative_noisy_or_conflict_adjusted,laptop device,supports_fast_charging,yes,laptop device|supports_fast_charging|yes,0.91,product_20,unstructured,It is a laptop device. The display measures 14.0 inches. Comes with 6GB of RAM. Battery lasts up to 18 hours. Weighs approximately 0.55kg. Targeted at the US market. Fast charging is yes.,unstructured,1
DEC029_NO_FEEDBACK,train_kb,conservative_noisy_or_conflict_adjusted,Zenbyte Smartwatch Pro 22,manufactured_by,Zenbyte,zenbyte smartwatch pro 22|manufactured_by|zenbyte,0.98,product_22,structured,structured_row:Zenbyte Smartwatch Pro 22,structured,1
DEC029_NO_FEEDBACK,train_kb,conservative_noisy_or_conflict_adjusted,Zenbyte Smartwatch Pro 22,belongs_to_category,smartwatch,zenbyte smartwatch pro 22|belongs_to_category|smartwatch,0.98,product_22,structured,structured_row:Zenbyte Smartwatch Pro 22,structured,1
DEC029_NO_FEEDBACK,train_kb,conservative_noisy_or_conflict_adjusted,Zenbyte Smartwatch Pro 22,has_price_usd,699,zenbyte smartwatch pro 22|has_price_usd|699,0.98,product_22,structured,structured_row:Zenbyte Smartwatch Pro 22,structured,1
DEC029_NO_FEEDBACK,train_kb,conservative_noisy_or_conflict_adjusted,Zenbyte Smartwatch Pro 22,has_screen_size_inch,6.1,zenbyte smartwatch pro 22|has_screen_size_inch|6.1,0.98,product_22,structured,structured_row:Zenbyte Smartwatch Pro 22,structured,1
DEC029_NO_FEEDBACK,train_kb,conservative_noisy_or_conflict_adjusted,Zenbyte Smartwatch Pro 22,has_ram_gb,4,zenbyte smartwatch pro 22|has_ram_gb|4,0.98,product_22,structured,structured_row:Zenbyte Smartwatch Pro 22,structured,1
DEC029_NO_FEEDBACK,train_kb,conservative_noisy_or_conflict_adjusted,Zenbyte Smartwatch Pro 22,has_storage_gb,512,zenbyte smartwatch pro 22|has_storage_gb|512,0.98,product_22,structured,structured_row:Zenbyte Smartwatch Pro 22,structured,1
DEC029_NO_FEEDBACK,train_kb,conservative_noisy_or_conflict_adjusted,Zenbyte Smartwatch Pro 22,has_battery_life_hours,18,zenbyte smartwatch pro 22|has_battery_life_hours|18,0.98,product_22,structured,structured_row:Zenbyte Smartwatch Pro 22,structured,1
DEC029_NO_FEEDBACK,train_kb,conservative_noisy_or_conflict_adjusted,Zenbyte Smartwatch Pro 22,has_weight_kg,0.18,zenbyte smartwatch pro 22|has_weight_kg|0.18,0.98,product_22,structured,structured_row:Zenbyte Smartwatch Pro 22,structured,1
DEC029_NO_FEEDBACK,train_kb,conservative_noisy_or_conflict_adjusted,Zenbyte Smartwatch Pro 22,has_color,silver,zenbyte smartwatch pro 22|has_color|silver,0.98,product_22,structured,structured_row:Zenbyte Smartwatch Pro 22,structured,1
DEC029_NO_FEEDBACK,train_kb,conservative_noisy_or_conflict_adjusted,Zenbyte Smartwatch Pro 22,made_of_material,plastic,zenbyte smartwatch pro 22|made_of_material|plastic,0.98,product_22,structured,structured_row:Zenbyte Smartwatch Pro 22,structured,1
DEC029_NO_FEEDBACK,train_kb,conservative_noisy_or_conflict_adjusted,Zenbyte Smartwatch Pro 22,target_market_region,APAC,zenbyte smartwatch pro 22|target_market_region|apac,0.98,product_22,structured,structured_row:Zenbyte Smartwatch Pro 22,structured,1
DEC029_NO_FEEDBACK,train_kb,conservative_noisy_or_conflict_adjusted,Zenbyte Smartwatch Pro 22,supports_fast_charging,yes,zenbyte smartwatch pro 22|supports_fast_charging|yes,0.98,product_22,structured,structured_row:Zenbyte Smartwatch Pro 22,structured,1
DEC029_NO_FEEDBACK,train_kb,conservative_noisy_or_conflict_adjusted,Zenbyte Smartwatch Pro 22,has_noise_cancellation,no,zenbyte smartwatch pro 22|has_noise_cancellation|no,0.98,product_22,structured,structured_row:Zenbyte Smartwatch Pro 22,structured,1
DEC029_NO_FEEDBACK,train_kb,conservative_noisy_or_conflict_adjusted,TechNova Smartphone Pro 1,has_price_usd,699,technova smartphone pro 1|has_price_usd|699,0.91,product_22,unstructured,It is a smartwatch device. Priced at 699 USD. The display measures 6.1 inches. Weighs approximately 0.18kg. Available in silver. Built with plastic construction. Targeted at the APAC market.,unstructured,1
DEC029_NO_FEEDBACK,train_kb,conservative_noisy_or_conflict_adjusted,TechNova Smartphone Pro 1,has_screen_size_inch,6.1,technova smartphone pro 1|has_screen_size_inch|6.1,0.91,product_22,unstructured,It is a smartwatch device. Priced at 699 USD. The display measures 6.1 inches. Weighs approximately 0.18kg. Available in silver. Built with plastic construction. Targeted at the APAC market.,unstructured,1
DEC029_NO_FEEDBACK,train_kb,conservative_noisy_or_conflict_adjusted,TechNova Smartphone Pro 1,has_weight_kg,0.18,technova smartphone pro 1|has_weight_kg|0.18,0.91,product_22,unstructured,It is a smartwatch device. Priced at 699 USD. The display measures 6.1 inches. Weighs approximately 0.18kg. Available in silver. Built with plastic construction. Targeted at the APAC market.,unstructured,1
DEC029_NO_FEEDBACK,train_kb,conservative_noisy_or_conflict_adjusted,TechNova Smartphone Pro 1,has_color,silver,technova smartphone pro 1|has_color|silver,0.91,product_22,unstructured,It is a smartwatch device. Priced at 699 USD. The display measures 6.1 inches. Weighs approximately 0.18kg. Available in silver. Built with plastic construction. Targeted at the APAC market.,unstructured,1
DEC029_NO_FEEDBACK,train_kb,conservative_noisy_or_conflict_adjusted,TechNova Smartphone Pro 1,made_of_material,plastic,technova smartphone pro 1|made_of_material|plastic,0.91,product_22,unstructured,It is a smartwatch device. Priced at 699 USD. The display measures 6.1 inches. Weighs approximately 0.18kg. Available in silver. Built with plastic construction. Targeted at the APAC market.,unstructured,1
DEC029_NO_FEEDBACK,train_kb,conservative_noisy_or_conflict_adjusted,TechNova Smartphone Pro 1,target_market_region,APAC,technova smartphone pro 1|target_market_region|apac,0.91,product_22,unstructured,It is a smartwatch device. Priced at 699 USD. The display measures 6.1 inches. Weighs approximately 0.18kg. Available in silver. Built with plastic construction. Targeted at the APAC market.,unstructured,1
DEC029_NO_FEEDBACK,train_kb,conservative_noisy_or_conflict_adjusted,NeoTech Smartphone Max 23,manufactured_by,NeoTech,neotech smartphone max 23|manufactured_by|neotech,0.98,product_23,structured,structured_row:NeoTech Smartphone Max 23,structured,1
DEC029_NO_FEEDBACK,train_kb,conservative_noisy_or_conflict_adjusted,NeoTech Smartphone Max 23,belongs_to_category,smartphone,neotech smartphone max 23|belongs_to_category|smartphone,0.98,product_23,structured,structured_row:NeoTech Smartphone Max 23,structured,1
DEC029_NO_FEEDBACK,train_kb,conservative_noisy_or_conflict_adjusted,NeoTech Smartphone Max 23,has_price_usd,699,neotech smartphone max 23|has_price_usd|699,0.98,product_23,structured,structured_row:NeoTech Smartphone Max 23,structured,1
DEC029_NO_FEEDBACK,train_kb,conservative_noisy_or_conflict_adjusted,NeoTech Smartphone Max 23,has_screen_size_inch,13.3,neotech smartphone max 23|has_screen_size_inch|13.3,0.98,product_23,structured,structured_row:NeoTech Smartphone Max 23,structured,1
DEC029_NO_FEEDBACK,train_kb,conservative_noisy_or_conflict_adjusted,NeoTech Smartphone Max 23,has_ram_gb,12,neotech smartphone max 23|has_ram_gb|12,0.98,product_23,structured,structured_row:NeoTech Smartphone Max 23,structured,1
DEC029_NO_FEEDBACK,train_kb,conservative_noisy_or_conflict_adjusted,NeoTech Smartphone Max 23,has_storage_gb,512,neotech smartphone max 23|has_storage_gb|512,0.98,product_23,structured,structured_row:NeoTech Smartphone Max 23,structured,1
DEC029_NO_FEEDBACK,train_kb,conservative_noisy_or_conflict_adjusted,NeoTech Smartphone Max 23,has_battery_life_hours,14,neotech smartphone max 23|has_battery_life_hours|14,0.98,product_23,structured,structured_row:NeoTech Smartphone Max 23,structured,1
DEC029_NO_FEEDBACK,train_kb,conservative_noisy_or_conflict_adjusted,NeoTech Smartphone Max 23,has_weight_kg,1.8,neotech smartphone max 23|has_weight_kg|1.8,0.98,product_23,structured,structured_row:NeoTech Smartphone Max 23,structured,1
DEC029_NO_FEEDBACK,train_kb,conservative_noisy_or_conflict_adjusted,NeoTech Smartphone Max 23,has_color,green,neotech smartphone max 23|has_color|green,0.98,product_23,structured,structured_row:NeoTech Smartphone Max 23,structured,1
DEC029_NO_FEEDBACK,train_kb,conservative_noisy_or_conflict_adjusted,NeoTech Smartphone Max 23,made_of_material,carbon fiber,neotech smartphone max 23|made_of_material|carbon fiber,0.98,product_23,structured,structured_row:NeoTech Smartphone Max 23,structured,1
DEC029_NO_FEEDBACK,train_kb,conservative_noisy_or_conflict_adjusted,NeoTech Smartphone Max 23,target_market_region,APAC,neotech smartphone max 23|target_market_region|apac,0.98,product_23,structured,structured_row:NeoTech Smartphone Max 23,structured,1
DEC029_NO_FEEDBACK,train_kb,conservative_noisy_or_conflict_adjusted,NeoTech Smartphone Max 23,supports_fast_charging,yes,neotech smartphone max 23|supports_fast_charging|yes,0.98,product_23,structured,structured_row:NeoTech Smartphone Max 23,structured,1
DEC029_NO_FEEDBACK,train_kb,conservative_noisy_or_conflict_adjusted,NeoTech Smartphone Max 23,has_noise_cancellation,no,neotech smartphone max 23|has_noise_cancellation|no,0.98,product_23,structured,structured_row:NeoTech Smartphone Max 23,structured,1
DEC029_NO_FEEDBACK,train_kb,conservative_noisy_or_conflict_adjusted,TechNova Smartphone Pro 1,has_price_usd,699,technova smartphone pro 1|has_price_usd|699,0.92,product_23,unstructured,It is a smartphone device. Priced at 699 USD. The display measures 13.3 inches. Weighs approximately 1.8kg. Available in green. Built with carbon fiber construction. Noise cancellation: no.,unstructured,1
DEC029_NO_FEEDBACK,train_kb,conservative_noisy_or_conflict_adjusted,TechNova Smartphone Pro 1,has_screen_size_inch,13.3,technova smartphone pro 1|has_screen_size_inch|13.3,0.93,product_23,unstructured,It is a smartphone device. Priced at 699 USD. The display measures 13.3 inches. Weighs approximately 1.8kg. Available in green. Built with carbon fiber construction. Noise cancellation: no.,unstructured,1
DEC029_NO_FEEDBACK,train_kb,conservative_noisy_or_conflict_adjusted,TechNova Smartphone Pro 1,has_weight_kg,1.8,technova smartphone pro 1|has_weight_kg|1.8,0.94,product_23,unstructured,It is a smartphone device. Priced at 699 USD. The display measures 13.3 inches. Weighs approximately 1.8kg. Available in green. Built with carbon fiber construction. Noise cancellation: no.,unstructured,1
DEC029_NO_FEEDBACK,train_kb,conservative_noisy_or_conflict_adjusted,TechNova Smartphone Pro 1,has_color,green,technova smartphone pro 1|has_color|green,0.95,product_23,unstructured,It is a smartphone device. Priced at 699 USD. The display measures 13.3 inches. Weighs approximately 1.8kg. Available in green. Built with carbon fiber construction. Noise cancellation: no.,unstructured,1
DEC029_NO_FEEDBACK,train_kb,conservative_noisy_or_conflict_adjusted,TechNova Smartphone Pro 1,made_of_material,carbon fiber,technova smartphone pro 1|made_of_material|carbon fiber,0.96,product_23,unstructured,It is a smartphone device. Priced at 699 USD. The display measures 13.3 inches. Weighs approximately 1.8kg. Available in green. Built with carbon fiber construction. Noise cancellation: no.,unstructured,1
DEC029_NO_FEEDBACK,train_kb,conservative_noisy_or_conflict_adjusted,TechNova Smartwatch Plus 25,manufactured_by,TechNova,technova smartwatch plus 25|manufactured_by|technova,0.98,product_25,structured,structured_row:TechNova Smartwatch Plus 25,structured,1
DEC029_NO_FEEDBACK,train_kb,conservative_noisy_or_conflict_adjusted,TechNova Smartwatch Plus 25,belongs_to_category,smartwatch,technova smartwatch plus 25|belongs_to_category|smartwatch,0.98,product_25,structured,structured_row:TechNova Smartwatch Plus 25,structured,1
DEC029_NO_FEEDBACK,train_kb,conservative_noisy_or_conflict_adjusted,TechNova Smartwatch Plus 25,has_price_usd,699,technova smartwatch plus 25|has_price_usd|699,0.98,product_25,structured,structured_row:TechNova Smartwatch Plus 25,structured,1
DEC029_NO_FEEDBACK,train_kb,conservative_noisy_or_conflict_adjusted,TechNova Smartwatch Plus 25,has_screen_size_inch,15.6,technova smartwatch plus 25|has_screen_size_inch|15.6,0.98,product_25,structured,structured_row:TechNova Smartwatch Plus 25,structured,1
DEC029_NO_FEEDBACK,train_kb,conservative_noisy_or_conflict_adjusted,TechNova Smartwatch Plus 25,has_ram_gb,8,technova smartwatch plus 25|has_ram_gb|8,0.98,product_25,structured,structured_row:TechNova Smartwatch Plus 25,structured,1
DEC029_NO_FEEDBACK,train_kb,conservative_noisy_or_conflict_adjusted,TechNova Smartwatch Plus 25,has_storage_gb,256,technova smartwatch plus 25|has_storage_gb|256,0.98,product_25,structured,structured_row:TechNova Smartwatch Plus 25,structured,1
DEC029_NO_FEEDBACK,train_kb,conservative_noisy_or_conflict_adjusted,TechNova Smartwatch Plus 25,has_battery_life_hours,20,technova smartwatch plus 25|has_battery_life_hours|20,0.98,product_25,structured,structured_row:TechNova Smartwatch Plus 25,structured,1
DEC029_NO_FEEDBACK,train_kb,conservative_noisy_or_conflict_adjusted,TechNova Smartwatch Plus 25,has_weight_kg,1.8,technova smartwatch plus 25|has_weight_kg|1.8,0.98,product_25,structured,structured_row:TechNova Smartwatch Plus 25,structured,1
DEC029_NO_FEEDBACK,train_kb,conservative_noisy_or_conflict_adjusted,TechNova Smartwatch Plus 25,has_color,white,technova smartwatch plus 25|has_color|white,0.98,product_25,structured,structured_row:TechNova Smartwatch Plus 25,structured,1
DEC029_NO_FEEDBACK,train_kb,conservative_noisy_or_conflict_adjusted,TechNova Smartwatch Plus 25,made_of_material,carbon fiber,technova smartwatch plus 25|made_of_material|carbon fiber,0.98,product_25,structured,structured_row:TechNova Smartwatch Plus 25,structured,1
DEC029_NO_FEEDBACK,train_kb,conservative_noisy_or_conflict_adjusted,TechNova Smartwatch Plus 25,target_market_region,Global,technova smartwatch plus 25|target_market_region|global,0.98,product_25,structured,structured_row:TechNova Smartwatch Plus 25,structured,1
DEC029_NO_FEEDBACK,train_kb,conservative_noisy_or_conflict_adjusted,TechNova Smartwatch Plus 25,supports_fast_charging,yes,technova smartwatch plus 25|supports_fast_charging|yes,0.98,product_25,structured,structured_row:TechNova Smartwatch Plus 25,structured,1
DEC029_NO_FEEDBACK,train_kb,conservative_noisy_or_conflict_adjusted,TechNova Smartwatch Plus 25,has_noise_cancellation,no,technova smartwatch plus 25|has_noise_cancellation|no,0.98,product_25,structured,structured_row:TechNova Smartwatch Plus 25,structured,1
DEC029_NO_FEEDBACK,train_kb,conservative_noisy_or_conflict_adjusted,TechNova Smartwatch Plus 25,manufactured_by,TechNova,technova smartwatch plus 25|manufactured_by|technova,0.95,product_25,unstructured,TechNova Smartwatch Plus 25 is manufactured by TechNova. It is a smartwatch device. Comes with 8GB of RAM. Offers 256GB of internal storage. Battery lasts up to 20 hours. Available in white. Fast charging is yes.,unstructured,1
DEC029_NO_FEEDBACK,train_kb,conservative_noisy_or_conflict_adjusted,TechNova Smartwatch Plus 25,has_ram_gb,8,technova smartwatch plus 25|has_ram_gb|8,0.91,product_25,unstructured,TechNova Smartwatch Plus 25 is manufactured by TechNova. It is a smartwatch device. Comes with 8GB of RAM. Offers 256GB of internal storage. Battery lasts up to 20 hours. Available in white. Fast charging is yes.,unstructured,1
DEC029_NO_FEEDBACK,train_kb,conservative_noisy_or_conflict_adjusted,TechNova Smartwatch Plus 25,has_storage_gb,256,technova smartwatch plus 25|has_storage_gb|256,0.92,product_25,unstructured,TechNova Smartwatch Plus 25 is manufactured by TechNova. It is a smartwatch device. Comes with 8GB of RAM. Offers 256GB of internal storage. Battery lasts up to 20 hours. Available in white. Fast charging is yes.,unstructured,1
DEC029_NO_FEEDBACK,train_kb,conservative_noisy_or_conflict_adjusted,TechNova Smartwatch Plus 25,has_battery_life_hours,20,technova smartwatch plus 25|has_battery_life_hours|20,0.9,product_25,unstructured,TechNova Smartwatch Plus 25 is manufactured by TechNova. It is a smartwatch device. Comes with 8GB of RAM. Offers 256GB of internal storage. Battery lasts up to 20 hours. Available in white. Fast charging is yes.,unstructured,1
DEC029_NO_FEEDBACK,train_kb,conservative_noisy_or_conflict_adjusted,TechNova Smartwatch Plus 25,has_color,white,technova smartwatch plus 25|has_color|white,0.88,product_25,unstructured,TechNova Smartwatch Plus 25 is manufactured by TechNova. It is a smartwatch device. Comes with 8GB of RAM. Offers 256GB of internal storage. Battery lasts up to 20 hours. Available in white. Fast charging is yes.,unstructured,1
DEC029_NO_FEEDBACK,train_kb,conservative_noisy_or_conflict_adjusted,TechNova Smartwatch Plus 25,supports_fast_charging,yes,technova smartwatch plus 25|supports_fast_charging|yes,0.85,product_25,unstructured,TechNova Smartwatch Plus 25 is manufactured by TechNova. It is a smartwatch device. Comes with 8GB of RAM. Offers 256GB of internal storage. Battery lasts up to 20 hours. Available in white. Fast charging is yes.,unstructured,1
DEC029_NO_FEEDBACK,train_kb,conservative_noisy_or_conflict_adjusted,Zenbyte Laptop Pro 27,manufactured_by,Zenbyte,zenbyte laptop pro 27|manufactured_by|zenbyte,0.98,product_27,structured,structured_row:Zenbyte Laptop Pro 27,structured,1
DEC029_NO_FEEDBACK,train_kb,conservative_noisy_or_conflict_adjusted,Zenbyte Laptop Pro 27,belongs_to_category,laptop,zenbyte laptop pro 27|belongs_to_category|laptop,0.98,product_27,structured,structured_row:Zenbyte Laptop Pro 27,structured,1
DEC029_NO_FEEDBACK,train_kb,conservative_noisy_or_conflict_adjusted,Zenbyte Laptop Pro 27,has_price_usd,199,zenbyte laptop pro 27|has_price_usd|199,0.98,product_27,structured,structured_row:Zenbyte Laptop Pro 27,structured,1
DEC029_NO_FEEDBACK,train_kb,conservative_noisy_or_conflict_adjusted,Zenbyte Laptop Pro 27,has_screen_size_inch,13.3,zenbyte laptop pro 27|has_screen_size_inch|13.3,0.98,product_27,structured,structured_row:Zenbyte Laptop Pro 27,structured,1
DEC029_NO_FEEDBACK,train_kb,conservative_noisy_or_conflict_adjusted,Zenbyte Laptop Pro 27,has_ram_gb,6,zenbyte laptop pro 27|has_ram_gb|6,0.98,product_27,structured,structured_row:Zenbyte Laptop Pro 27,structured,1
DEC029_NO_FEEDBACK,train_kb,conservative_noisy_or_conflict_adjusted,Zenbyte Laptop Pro 27,has_storage_gb,256,zenbyte laptop pro 27|has_storage_gb|256,0.98,product_27,structured,structured_row:Zenbyte Laptop Pro 27,structured,1
DEC029_NO_FEEDBACK,train_kb,conservative_noisy_or_conflict_adjusted,Zenbyte Laptop Pro 27,has_battery_life_hours,8,zenbyte laptop pro 27|has_battery_life_hours|8,0.98,product_27,structured,structured_row:Zenbyte Laptop Pro 27,structured,1
DEC029_NO_FEEDBACK,train_kb,conservative_noisy_or_conflict_adjusted,Zenbyte Laptop Pro 27,has_weight_kg,0.18,zenbyte laptop pro 27|has_weight_kg|0.18,0.98,product_27,structured,structured_row:Zenbyte Laptop Pro 27,structured,1
DEC029_NO_FEEDBACK,train_kb,conservative_noisy_or_conflict_adjusted,Zenbyte Laptop Pro 27,has_color,blue,zenbyte laptop pro 27|has_color|blue,0.98,product_27,structured,structured_row:Zenbyte Laptop Pro 27,structured,1
DEC029_NO_FEEDBACK,train_kb,conservative_noisy_or_conflict_adjusted,Zenbyte Laptop Pro 27,made_of_material,plastic,zenbyte laptop pro 27|made_of_material|plastic,0.98,product_27,structured,structured_row:Zenbyte Laptop Pro 27,structured,1
DEC029_NO_FEEDBACK,train_kb,conservative_noisy_or_conflict_adjusted,Zenbyte Laptop Pro 27,target_market_region,APAC,zenbyte laptop pro 27|target_market_region|apac,0.98,product_27,structured,structured_row:Zenbyte Laptop Pro 27,structured,1
DEC029_NO_FEEDBACK,train_kb,conservative_noisy_or_conflict_adjusted,Zenbyte Laptop Pro 27,supports_fast_charging,no,zenbyte laptop pro 27|supports_fast_charging|no,0.98,product_27,structured,structured_row:Zenbyte Laptop Pro 27,structured,1
DEC029_NO_FEEDBACK,train_kb,conservative_noisy_or_conflict_adjusted,Zenbyte Laptop Pro 27,has_noise_cancellation,no,zenbyte laptop pro 27|has_noise_cancellation|no,0.98,product_27,structured,structured_row:Zenbyte Laptop Pro 27,structured,1
DEC029_NO_FEEDBACK,train_kb,conservative_noisy_or_conflict_adjusted,Zenbyte Laptop Pro 27,manufactured_by,Zenbyte,zenbyte laptop pro 27|manufactured_by|zenbyte,0.95,product_27,unstructured,Zenbyte Laptop Pro 27 is manufactured by Zenbyte. It is a laptop device. Priced at 199 USD. Weighs approximately 0.18kg. Available in blue. Targeted at the APAC market. Fast charging is no.,unstructured,1
DEC029_NO_FEEDBACK,train_kb,conservative_noisy_or_conflict_adjusted,Zenbyte Laptop Pro 27,has_price_usd,199,zenbyte laptop pro 27|has_price_usd|199,0.92,product_27,unstructured,Zenbyte Laptop Pro 27 is manufactured by Zenbyte. It is a laptop device. Priced at 199 USD. Weighs approximately 0.18kg. Available in blue. Targeted at the APAC market. Fast charging is no.,unstructured,1
DEC029_NO_FEEDBACK,train_kb,conservative_noisy_or_conflict_adjusted,Zenbyte Laptop Pro 27,has_weight_kg,0.18,zenbyte laptop pro 27|has_weight_kg|0.18,0.93,product_27,unstructured,Zenbyte Laptop Pro 27 is manufactured by Zenbyte. It is a laptop device. Priced at 199 USD. Weighs approximately 0.18kg. Available in blue. Targeted at the APAC market. Fast charging is no.,unstructured,1
DEC029_NO_FEEDBACK,train_kb,conservative_noisy_or_conflict_adjusted,Zenbyte Laptop Pro 27,has_color,blue,zenbyte laptop pro 27|has_color|blue,0.9,product_27,unstructured,Zenbyte Laptop Pro 27 is manufactured by Zenbyte. It is a laptop device. Priced at 199 USD. Weighs approximately 0.18kg. Available in blue. Targeted at the APAC market. Fast charging is no.,unstructured,1
DEC029_NO_FEEDBACK,train_kb,conservative_noisy_or_conflict_adjusted,Zenbyte Laptop Pro 27,target_market_region,APAC,zenbyte laptop pro 27|target_market_region|apac,0.94,product_27,unstructured,Zenbyte Laptop Pro 27 is manufactured by Zenbyte. It is a laptop device. Priced at 199 USD. Weighs approximately 0.18kg. Available in blue. Targeted at the APAC market. Fast charging is no.,unstructured,1
DEC029_NO_FEEDBACK,train_kb,conservative_noisy_or_conflict_adjusted,Zenbyte Laptop Pro 27,supports_fast_charging,no,zenbyte laptop pro 27|supports_fast_charging|no,0.88,product_27,unstructured,Zenbyte Laptop Pro 27 is manufactured by Zenbyte. It is a laptop device. Priced at 199 USD. Weighs approximately 0.18kg. Available in blue. Targeted at the APAC market. Fast charging is no.,unstructured,1
DEC029_NO_FEEDBACK,train_kb,conservative_noisy_or_conflict_adjusted,TechNova Smartwatch Lite 28,manufactured_by,TechNova,technova smartwatch lite 28|manufactured_by|technova,0.98,product_28,structured,structured_row:TechNova Smartwatch Lite 28,structured,1
DEC029_NO_FEEDBACK,train_kb,conservative_noisy_or_conflict_adjusted,TechNova Smartwatch Lite 28,belongs_to_category,smartwatch,technova smartwatch lite 28|belongs_to_category|smartwatch,0.98,product_28,structured,structured_row:TechNova Smartwatch Lite 28,structured,1
DEC029_NO_FEEDBACK,train_kb,conservative_noisy_or_conflict_adjusted,TechNova Smartwatch Lite 28,has_price_usd,249,technova smartwatch lite 28|has_price_usd|249,0.98,product_28,structured,structured_row:TechNova Smartwatch Lite 28,structured,1
DEC029_NO_FEEDBACK,train_kb,conservative_noisy_or_conflict_adjusted,TechNova Smartwatch Lite 28,has_screen_size_inch,15.6,technova smartwatch lite 28|has_screen_size_inch|15.6,0.98,product_28,structured,structured_row:TechNova Smartwatch Lite 28,structured,1
DEC029_NO_FEEDBACK,train_kb,conservative_noisy_or_conflict_adjusted,TechNova Smartwatch Lite 28,has_ram_gb,32,technova smartwatch lite 28|has_ram_gb|32,0.98,product_28,structured,structured_row:TechNova Smartwatch Lite 28,structured,1
DEC029_NO_FEEDBACK,train_kb,conservative_noisy_or_conflict_adjusted,TechNova Smartwatch Lite 28,has_storage_gb,512,technova smartwatch lite 28|has_storage_gb|512,0.98,product_28,structured,structured_row:TechNova Smartwatch Lite 28,structured,1
DEC029_NO_FEEDBACK,train_kb,conservative_noisy_or_conflict_adjusted,TechNova Smartwatch Lite 28,has_battery_life_hours,14,technova smartwatch lite 28|has_battery_life_hours|14,0.98,product_28,structured,structured_row:TechNova Smartwatch Lite 28,structured,1
DEC029_NO_FEEDBACK,train_kb,conservative_noisy_or_conflict_adjusted,TechNova Smartwatch Lite 28,has_weight_kg,1.2,technova smartwatch lite 28|has_weight_kg|1.2,0.98,product_28,structured,structured_row:TechNova Smartwatch Lite 28,structured,1
DEC029_NO_FEEDBACK,train_kb,conservative_noisy_or_conflict_adjusted,TechNova Smartwatch Lite 28,has_color,green,technova smartwatch lite 28|has_color|green,0.98,product_28,structured,structured_row:TechNova Smartwatch Lite 28,structured,1
DEC029_NO_FEEDBACK,train_kb,conservative_noisy_or_conflict_adjusted,TechNova Smartwatch Lite 28,made_of_material,aluminum,technova smartwatch lite 28|made_of_material|aluminum,0.98,product_28,structured,structured_row:TechNova Smartwatch Lite 28,structured,1
DEC029_NO_FEEDBACK,train_kb,conservative_noisy_or_conflict_adjusted,TechNova Smartwatch Lite 28,target_market_region,Global,technova smartwatch lite 28|target_market_region|global,0.98,product_28,structured,structured_row:TechNova Smartwatch Lite 28,structured,1
DEC029_NO_FEEDBACK,train_kb,conservative_noisy_or_conflict_adjusted,TechNova Smartwatch Lite 28,supports_fast_charging,yes,technova smartwatch lite 28|supports_fast_charging|yes,0.98,product_28,structured,structured_row:TechNova Smartwatch Lite 28,structured,1
DEC029_NO_FEEDBACK,train_kb,conservative_noisy_or_conflict_adjusted,TechNova Smartwatch Lite 28,has_noise_cancellation,no,technova smartwatch lite 28|has_noise_cancellation|no,0.98,product_28,structured,structured_row:TechNova Smartwatch Lite 28,structured,1
DEC029_NO_FEEDBACK,train_kb,conservative_noisy_or_conflict_adjusted,TechNova Smartphone Pro 1,has_price_usd,249,technova smartphone pro 1|has_price_usd|249,0.91,product_28,unstructured,It is a smartwatch device. Priced at 249 USD. Offers 512GB of internal storage. Battery lasts up to 14 hours. Weighs approximately 1.2kg. Targeted at the Global market. Fast charging is yes.,unstructured,1
DEC029_NO_FEEDBACK,train_kb,conservative_noisy_or_conflict_adjusted,TechNova Smartphone Pro 1,has_storage_gb,512,technova smartphone pro 1|has_storage_gb|512,0.91,product_28,unstructured,It is a smartwatch device. Priced at 249 USD. Offers 512GB of internal storage. Battery lasts up to 14 hours. Weighs approximately 1.2kg. Targeted at the Global market. Fast charging is yes.,unstructured,1
DEC029_NO_FEEDBACK,train_kb,conservative_noisy_or_conflict_adjusted,TechNova Smartphone Pro 1,has_battery_life_hours,14,technova smartphone pro 1|has_battery_life_hours|14,0.91,product_28,unstructured,It is a smartwatch device. Priced at 249 USD. Offers 512GB of internal storage. Battery lasts up to 14 hours. Weighs approximately 1.2kg. Targeted at the Global market. Fast charging is yes.,unstructured,1
DEC029_NO_FEEDBACK,train_kb,conservative_noisy_or_conflict_adjusted,TechNova Smartphone Pro 1,has_weight_kg,1.2,technova smartphone pro 1|has_weight_kg|1.2,0.91,product_28,unstructured,It is a smartwatch device. Priced at 249 USD. Offers 512GB of internal storage. Battery lasts up to 14 hours. Weighs approximately 1.2kg. Targeted at the Global market. Fast charging is yes.,unstructured,1
DEC029_NO_FEEDBACK,train_kb,conservative_noisy_or_conflict_adjusted,TechNova Smartphone Pro 1,target_market_region,Global,technova smartphone pro 1|target_market_region|global,0.91,product_28,unstructured,It is a smartwatch device. Priced at 249 USD. Offers 512GB of internal storage. Battery lasts up to 14 hours. Weighs approximately 1.2kg. Targeted at the Global market. Fast charging is yes.,unstructured,1
DEC029_NO_FEEDBACK,train_kb,conservative_noisy_or_conflict_adjusted,TechNova Smartphone Pro 1,supports_fast_charging,yes,technova smartphone pro 1|supports_fast_charging|yes,0.91,product_28,unstructured,It is a smartwatch device. Priced at 249 USD. Offers 512GB of internal storage. Battery lasts up to 14 hours. Weighs approximately 1.2kg. Targeted at the Global market. Fast charging is yes.,unstructured,1
DEC029_NO_FEEDBACK,train_kb,conservative_noisy_or_conflict_adjusted,Zenbyte Smartwatch Plus 29,manufactured_by,Zenbyte,zenbyte smartwatch plus 29|manufactured_by|zenbyte,0.98,product_29,structured,structured_row:Zenbyte Smartwatch Plus 29,structured,1
DEC029_NO_FEEDBACK,train_kb,conservative_noisy_or_conflict_adjusted,Zenbyte Smartwatch Plus 29,belongs_to_category,smartwatch,zenbyte smartwatch plus 29|belongs_to_category|smartwatch,0.98,product_29,structured,structured_row:Zenbyte Smartwatch Plus 29,structured,1
DEC029_NO_FEEDBACK,train_kb,conservative_noisy_or_conflict_adjusted,Zenbyte Smartwatch Plus 29,has_price_usd,299,zenbyte smartwatch plus 29|has_price_usd|299,0.98,product_29,structured,structured_row:Zenbyte Smartwatch Plus 29,structured,1
DEC029_NO_FEEDBACK,train_kb,conservative_noisy_or_conflict_adjusted,Zenbyte Smartwatch Plus 29,has_screen_size_inch,11.0,zenbyte smartwatch plus 29|has_screen_size_inch|11.0,0.98,product_29,structured,structured_row:Zenbyte Smartwatch Plus 29,structured,1
DEC029_NO_FEEDBACK,train_kb,conservative_noisy_or_conflict_adjusted,Zenbyte Smartwatch Plus 29,has_ram_gb,4,zenbyte smartwatch plus 29|has_ram_gb|4,0.98,product_29,structured,structured_row:Zenbyte Smartwatch Plus 29,structured,1
DEC029_NO_FEEDBACK,train_kb,conservative_noisy_or_conflict_adjusted,Zenbyte Smartwatch Plus 29,has_storage_gb,512,zenbyte smartwatch plus 29|has_storage_gb|512,0.98,product_29,structured,structured_row:Zenbyte Smartwatch Plus 29,structured,1
DEC029_NO_FEEDBACK,train_kb,conservative_noisy_or_conflict_adjusted,Zenbyte Smartwatch Plus 29,has_battery_life_hours,12,zenbyte smartwatch plus 29|has_battery_life_hours|12,0.98,product_29,structured,structured_row:Zenbyte Smartwatch Plus 29,structured,1
DEC029_NO_FEEDBACK,train_kb,conservative_noisy_or_conflict_adjusted,Zenbyte Smartwatch Plus 29,has_weight_kg,1.2,zenbyte smartwatch plus 29|has_weight_kg|1.2,0.98,product_29,structured,structured_row:Zenbyte Smartwatch Plus 29,structured,1
DEC029_NO_FEEDBACK,train_kb,conservative_noisy_or_conflict_adjusted,Zenbyte Smartwatch Plus 29,has_color,blue,zenbyte smartwatch plus 29|has_color|blue,0.98,product_29,structured,structured_row:Zenbyte Smartwatch Plus 29,structured,1
DEC029_NO_FEEDBACK,train_kb,conservative_noisy_or_conflict_adjusted,Zenbyte Smartwatch Plus 29,made_of_material,aluminum,zenbyte smartwatch plus 29|made_of_material|aluminum,0.98,product_29,structured,structured_row:Zenbyte Smartwatch Plus 29,structured,1
DEC029_NO_FEEDBACK,train_kb,conservative_noisy_or_conflict_adjusted,Zenbyte Smartwatch Plus 29,target_market_region,Global,zenbyte smartwatch plus 29|target_market_region|global,0.98,product_29,structured,structured_row:Zenbyte Smartwatch Plus 29,structured,1
DEC029_NO_FEEDBACK,train_kb,conservative_noisy_or_conflict_adjusted,Zenbyte Smartwatch Plus 29,supports_fast_charging,no,zenbyte smartwatch plus 29|supports_fast_charging|no,0.98,product_29,structured,structured_row:Zenbyte Smartwatch Plus 29,structured,1
DEC029_NO_FEEDBACK,train_kb,conservative_noisy_or_conflict_adjusted,Zenbyte Smartwatch Plus 29,has_noise_cancellation,no,zenbyte smartwatch plus 29|has_noise_cancellation|no,0.98,product_29,structured,structured_row:Zenbyte Smartwatch Plus 29,structured,1
DEC029_NO_FEEDBACK,train_kb,conservative_noisy_or_conflict_adjusted,TechNova Smartphone Air 30,manufactured_by,TechNova,technova smartphone air 30|manufactured_by|technova,0.98,product_30,structured,structured_row:TechNova Smartphone Air 30,structured,1
DEC029_NO_FEEDBACK,train_kb,conservative_noisy_or_conflict_adjusted,TechNova Smartphone Air 30,belongs_to_category,smartphone,technova smartphone air 30|belongs_to_category|smartphone,0.98,product_30,structured,structured_row:TechNova Smartphone Air 30,structured,1
DEC029_NO_FEEDBACK,train_kb,conservative_noisy_or_conflict_adjusted,TechNova Smartphone Air 30,has_price_usd,299,technova smartphone air 30|has_price_usd|299,0.98,product_30,structured,structured_row:TechNova Smartphone Air 30,structured,1
DEC029_NO_FEEDBACK,train_kb,conservative_noisy_or_conflict_adjusted,TechNova Smartphone Air 30,has_screen_size_inch,14.0,technova smartphone air 30|has_screen_size_inch|14.0,0.98,product_30,structured,structured_row:TechNova Smartphone Air 30,structured,1
DEC029_NO_FEEDBACK,train_kb,conservative_noisy_or_conflict_adjusted,TechNova Smartphone Air 30,has_ram_gb,16,technova smartphone air 30|has_ram_gb|16,0.98,product_30,structured,structured_row:TechNova Smartphone Air 30,structured,1
DEC029_NO_FEEDBACK,train_kb,conservative_noisy_or_conflict_adjusted,TechNova Smartphone Air 30,has_storage_gb,512,technova smartphone air 30|has_storage_gb|512,0.98,product_30,structured,structured_row:TechNova Smartphone Air 30,structured,1
DEC029_NO_FEEDBACK,train_kb,conservative_noisy_or_conflict_adjusted,TechNova Smartphone Air 30,has_battery_life_hours,12,technova smartphone air 30|has_battery_life_hours|12,0.98,product_30,structured,structured_row:TechNova Smartphone Air 30,structured,1
DEC029_NO_FEEDBACK,train_kb,conservative_noisy_or_conflict_adjusted,TechNova Smartphone Air 30,has_weight_kg,0.55,technova smartphone air 30|has_weight_kg|0.55,0.98,product_30,structured,structured_row:TechNova Smartphone Air 30,structured,1
DEC029_NO_FEEDBACK,train_kb,conservative_noisy_or_conflict_adjusted,TechNova Smartphone Air 30,has_color,white,technova smartphone air 30|has_color|white,0.98,product_30,structured,structured_row:TechNova Smartphone Air 30,structured,1
DEC029_NO_FEEDBACK,train_kb,conservative_noisy_or_conflict_adjusted,TechNova Smartphone Air 30,made_of_material,carbon fiber,technova smartphone air 30|made_of_material|carbon fiber,0.98,product_30,structured,structured_row:TechNova Smartphone Air 30,structured,1
DEC029_NO_FEEDBACK,train_kb,conservative_noisy_or_conflict_adjusted,TechNova Smartphone Air 30,target_market_region,APAC,technova smartphone air 30|target_market_region|apac,0.98,product_30,structured,structured_row:TechNova Smartphone Air 30,structured,1
DEC029_NO_FEEDBACK,train_kb,conservative_noisy_or_conflict_adjusted,TechNova Smartphone Air 30,supports_fast_charging,yes,technova smartphone air 30|supports_fast_charging|yes,0.98,product_30,structured,structured_row:TechNova Smartphone Air 30,structured,1
DEC029_NO_FEEDBACK,train_kb,conservative_noisy_or_conflict_adjusted,TechNova Smartphone Air 30,has_noise_cancellation,no,technova smartphone air 30|has_noise_cancellation|no,0.98,product_30,structured,structured_row:TechNova Smartphone Air 30,structured,1
DEC029_NO_FEEDBACK,train_kb,conservative_noisy_or_conflict_adjusted,PixelWare Smartphone Lite 31,manufactured_by,PixelWare,pixelware smartphone lite 31|manufactured_by|pixelware,0.98,product_31,structured,structured_row:PixelWare Smartphone Lite 31,structured,1
DEC029_NO_FEEDBACK,train_kb,conservative_noisy_or_conflict_adjusted,PixelWare Smartphone Lite 31,belongs_to_category,smartphone,pixelware smartphone lite 31|belongs_to_category|smartphone,0.98,product_31,structured,structured_row:PixelWare Smartphone Lite 31,structured,1
DEC029_NO_FEEDBACK,train_kb,conservative_noisy_or_conflict_adjusted,PixelWare Smartphone Lite 31,has_price_usd,299,pixelware smartphone lite 31|has_price_usd|299,0.98,product_31,structured,structured_row:PixelWare Smartphone Lite 31,structured,1
DEC029_NO_FEEDBACK,train_kb,conservative_noisy_or_conflict_adjusted,PixelWare Smartphone Lite 31,has_screen_size_inch,11.0,pixelware smartphone lite 31|has_screen_size_inch|11.0,0.98,product_31,structured,structured_row:PixelWare Smartphone Lite 31,structured,1
DEC029_NO_FEEDBACK,train_kb,conservative_noisy_or_conflict_adjusted,PixelWare Smartphone Lite 31,has_ram_gb,6,pixelware smartphone lite 31|has_ram_gb|6,0.98,product_31,structured,structured_row:PixelWare Smartphone Lite 31,structured,1
DEC029_NO_FEEDBACK,train_kb,conservative_noisy_or_conflict_adjusted,PixelWare Smartphone Lite 31,has_storage_gb,64,pixelware smartphone lite 31|has_storage_gb|64,0.98,product_31,structured,structured_row:PixelWare Smartphone Lite 31,structured,1
DEC029_NO_FEEDBACK,train_kb,conservative_noisy_or_conflict_adjusted,PixelWare Smartphone Lite 31,has_battery_life_hours,20,pixelware smartphone lite 31|has_battery_life_hours|20,0.98,product_31,structured,structured_row:PixelWare Smartphone Lite 31,structured,1
DEC029_NO_FEEDBACK,train_kb,conservative_noisy_or_conflict_adjusted,PixelWare Smartphone Lite 31,has_weight_kg,1.8,pixelware smartphone lite 31|has_weight_kg|1.8,0.98,product_31,structured,structured_row:PixelWare Smartphone Lite 31,structured,1
DEC029_NO_FEEDBACK,train_kb,conservative_noisy_or_conflict_adjusted,PixelWare Smartphone Lite 31,has_color,white,pixelware smartphone lite 31|has_color|white,0.98,product_31,structured,structured_row:PixelWare Smartphone Lite 31,structured,1
DEC029_NO_FEEDBACK,train_kb,conservative_noisy_or_conflict_adjusted,PixelWare Smartphone Lite 31,made_of_material,aluminum,pixelware smartphone lite 31|made_of_material|aluminum,0.98,product_31,structured,structured_row:PixelWare Smartphone Lite 31,structured,1
DEC029_NO_FEEDBACK,train_kb,conservative_noisy_or_conflict_adjusted,PixelWare Smartphone Lite 31,target_market_region,EU,pixelware smartphone lite 31|target_market_region|eu,0.98,product_31,structured,structured_row:PixelWare Smartphone Lite 31,structured,1
DEC029_NO_FEEDBACK,train_kb,conservative_noisy_or_conflict_adjusted,PixelWare Smartphone Lite 31,supports_fast_charging,yes,pixelware smartphone lite 31|supports_fast_charging|yes,0.98,product_31,structured,structured_row:PixelWare Smartphone Lite 31,structured,1
DEC029_NO_FEEDBACK,train_kb,conservative_noisy_or_conflict_adjusted,PixelWare Smartphone Lite 31,has_noise_cancellation,no,pixelware smartphone lite 31|has_noise_cancellation|no,0.98,product_31,structured,structured_row:PixelWare Smartphone Lite 31,structured,1
DEC029_NO_FEEDBACK,train_kb,conservative_noisy_or_conflict_adjusted,TechNova Tablet Max 32,manufactured_by,TechNova,technova tablet max 32|manufactured_by|technova,0.98,product_32,structured,structured_row:TechNova Tablet Max 32,structured,1
DEC029_NO_FEEDBACK,train_kb,conservative_noisy_or_conflict_adjusted,TechNova Tablet Max 32,belongs_to_category,tablet,technova tablet max 32|belongs_to_category|tablet,0.98,product_32,structured,structured_row:TechNova Tablet Max 32,structured,1
DEC029_NO_FEEDBACK,train_kb,conservative_noisy_or_conflict_adjusted,TechNova Tablet Max 32,has_price_usd,899,technova tablet max 32|has_price_usd|899,0.98,product_32,structured,structured_row:TechNova Tablet Max 32,structured,1
DEC029_NO_FEEDBACK,train_kb,conservative_noisy_or_conflict_adjusted,TechNova Tablet Max 32,has_screen_size_inch,6.1,technova tablet max 32|has_screen_size_inch|6.1,0.98,product_32,structured,structured_row:TechNova Tablet Max 32,structured,1
DEC029_NO_FEEDBACK,train_kb,conservative_noisy_or_conflict_adjusted,TechNova Tablet Max 32,has_ram_gb,16,technova tablet max 32|has_ram_gb|16,0.98,product_32,structured,structured_row:TechNova Tablet Max 32,structured,1
DEC029_NO_FEEDBACK,train_kb,conservative_noisy_or_conflict_adjusted,TechNova Tablet Max 32,has_storage_gb,256,technova tablet max 32|has_storage_gb|256,0.98,product_32,structured,structured_row:TechNova Tablet Max 32,structured,1
DEC029_NO_FEEDBACK,train_kb,conservative_noisy_or_conflict_adjusted,TechNova Tablet Max 32,has_battery_life_hours,20,technova tablet max 32|has_battery_life_hours|20,0.98,product_32,structured,structured_row:TechNova Tablet Max 32,structured,1
DEC029_NO_FEEDBACK,train_kb,conservative_noisy_or_conflict_adjusted,TechNova Tablet Max 32,has_weight_kg,1.45,technova tablet max 32|has_weight_kg|1.45,0.98,product_32,structured,structured_row:TechNova Tablet Max 32,structured,1
DEC029_NO_FEEDBACK,train_kb,conservative_noisy_or_conflict_adjusted,TechNova Tablet Max 32,has_color,silver,technova tablet max 32|has_color|silver,0.98,product_32,structured,structured_row:TechNova Tablet Max 32,structured,1
DEC029_NO_FEEDBACK,train_kb,conservative_noisy_or_conflict_adjusted,TechNova Tablet Max 32,made_of_material,plastic,technova tablet max 32|made_of_material|plastic,0.98,product_32,structured,structured_row:TechNova Tablet Max 32,structured,1
DEC029_NO_FEEDBACK,train_kb,conservative_noisy_or_conflict_adjusted,TechNova Tablet Max 32,target_market_region,Global,technova tablet max 32|target_market_region|global,0.98,product_32,structured,structured_row:TechNova Tablet Max 32,structured,1
DEC029_NO_FEEDBACK,train_kb,conservative_noisy_or_conflict_adjusted,TechNova Tablet Max 32,supports_fast_charging,yes,technova tablet max 32|supports_fast_charging|yes,0.98,product_32,structured,structured_row:TechNova Tablet Max 32,structured,1
DEC029_NO_FEEDBACK,train_kb,conservative_noisy_or_conflict_adjusted,TechNova Tablet Max 32,has_noise_cancellation,no,technova tablet max 32|has_noise_cancellation|no,0.98,product_32,structured,structured_row:TechNova Tablet Max 32,structured,1
DEC029_NO_FEEDBACK,train_kb,conservative_noisy_or_conflict_adjusted,VoltEdge Smartwatch Plus 34,manufactured_by,VoltEdge,voltedge smartwatch plus 34|manufactured_by|voltedge,0.98,product_34,structured,structured_row:VoltEdge Smartwatch Plus 34,structured,1
DEC029_NO_FEEDBACK,train_kb,conservative_noisy_or_conflict_adjusted,VoltEdge Smartwatch Plus 34,belongs_to_category,smartwatch,voltedge smartwatch plus 34|belongs_to_category|smartwatch,0.98,product_34,structured,structured_row:VoltEdge Smartwatch Plus 34,structured,1
DEC029_NO_FEEDBACK,train_kb,conservative_noisy_or_conflict_adjusted,VoltEdge Smartwatch Plus 34,has_price_usd,349,voltedge smartwatch plus 34|has_price_usd|349,0.98,product_34,structured,structured_row:VoltEdge Smartwatch Plus 34,structured,1
DEC029_NO_FEEDBACK,train_kb,conservative_noisy_or_conflict_adjusted,VoltEdge Smartwatch Plus 34,has_screen_size_inch,6.1,voltedge smartwatch plus 34|has_screen_size_inch|6.1,0.98,product_34,structured,structured_row:VoltEdge Smartwatch Plus 34,structured,1
DEC029_NO_FEEDBACK,train_kb,conservative_noisy_or_conflict_adjusted,VoltEdge Smartwatch Plus 34,has_ram_gb,16,voltedge smartwatch plus 34|has_ram_gb|16,0.98,product_34,structured,structured_row:VoltEdge Smartwatch Plus 34,structured,1
DEC029_NO_FEEDBACK,train_kb,conservative_noisy_or_conflict_adjusted,VoltEdge Smartwatch Plus 34,has_storage_gb,256,voltedge smartwatch plus 34|has_storage_gb|256,0.98,product_34,structured,structured_row:VoltEdge Smartwatch Plus 34,structured,1
DEC029_NO_FEEDBACK,train_kb,conservative_noisy_or_conflict_adjusted,VoltEdge Smartwatch Plus 34,has_battery_life_hours,14,voltedge smartwatch plus 34|has_battery_life_hours|14,0.98,product_34,structured,structured_row:VoltEdge Smartwatch Plus 34,structured,1
DEC029_NO_FEEDBACK,train_kb,conservative_noisy_or_conflict_adjusted,VoltEdge Smartwatch Plus 34,has_weight_kg,1.45,voltedge smartwatch plus 34|has_weight_kg|1.45,0.98,product_34,structured,structured_row:VoltEdge Smartwatch Plus 34,structured,1
DEC029_NO_FEEDBACK,train_kb,conservative_noisy_or_conflict_adjusted,VoltEdge Smartwatch Plus 34,has_color,white,voltedge smartwatch plus 34|has_color|white,0.98,product_34,structured,structured_row:VoltEdge Smartwatch Plus 34,structured,1
DEC029_NO_FEEDBACK,train_kb,conservative_noisy_or_conflict_adjusted,VoltEdge Smartwatch Plus 34,made_of_material,aluminum,voltedge smartwatch plus 34|made_of_material|aluminum,0.98,product_34,structured,structured_row:VoltEdge Smartwatch Plus 34,structured,1
DEC029_NO_FEEDBACK,train_kb,conservative_noisy_or_conflict_adjusted,VoltEdge Smartwatch Plus 34,target_market_region,US,voltedge smartwatch plus 34|target_market_region|us,0.98,product_34,structured,structured_row:VoltEdge Smartwatch Plus 34,structured,1
DEC029_NO_FEEDBACK,train_kb,conservative_noisy_or_conflict_adjusted,VoltEdge Smartwatch Plus 34,supports_fast_charging,yes,voltedge smartwatch plus 34|supports_fast_charging|yes,0.98,product_34,structured,structured_row:VoltEdge Smartwatch Plus 34,structured,1
DEC029_NO_FEEDBACK,train_kb,conservative_noisy_or_conflict_adjusted,VoltEdge Smartwatch Plus 34,has_noise_cancellation,no,voltedge smartwatch plus 34|has_noise_cancellation|no,0.98,product_34,structured,structured_row:VoltEdge Smartwatch Plus 34,structured,1
DEC029_NO_FEEDBACK,train_kb,conservative_noisy_or_conflict_adjusted,VoltEdge Smartwatch Plus 34,manufactured_by,VoltEdge,voltedge smartwatch plus 34|manufactured_by|voltedge,0.95,product_34,unstructured,VoltEdge Smartwatch Plus 34 is manufactured by VoltEdge. It is a smartwatch device. The display measures 6.1 inches. Offers 256GB of internal storage. Battery lasts up to 14 hours. Fast charging is yes. Noise cancellation: no.,unstructured,1
DEC029_NO_FEEDBACK,train_kb,conservative_noisy_or_conflict_adjusted,VoltEdge Smartwatch Plus 34,has_screen_size_inch,6.1,voltedge smartwatch plus 34|has_screen_size_inch|6.1,0.92,product_34,unstructured,VoltEdge Smartwatch Plus 34 is manufactured by VoltEdge. It is a smartwatch device. The display measures 6.1 inches. Offers 256GB of internal storage. Battery lasts up to 14 hours. Fast charging is yes. Noise cancellation: no.,unstructured,1
DEC029_NO_FEEDBACK,train_kb,conservative_noisy_or_conflict_adjusted,VoltEdge Smartwatch Plus 34,has_storage_gb,256,voltedge smartwatch plus 34|has_storage_gb|256,0.93,product_34,unstructured,VoltEdge Smartwatch Plus 34 is manufactured by VoltEdge. It is a smartwatch device. The display measures 6.1 inches. Offers 256GB of internal storage. Battery lasts up to 14 hours. Fast charging is yes. Noise cancellation: no.,unstructured,1
DEC029_NO_FEEDBACK,train_kb,conservative_noisy_or_conflict_adjusted,VoltEdge Smartwatch Plus 34,has_battery_life_hours,14,voltedge smartwatch plus 34|has_battery_life_hours|14,0.94,product_34,unstructured,VoltEdge Smartwatch Plus 34 is manufactured by VoltEdge. It is a smartwatch device. The display measures 6.1 inches. Offers 256GB of internal storage. Battery lasts up to 14 hours. Fast charging is yes. Noise cancellation: no.,unstructured,1
DEC029_NO_FEEDBACK,train_kb,conservative_noisy_or_conflict_adjusted,VoltEdge Smartwatch Plus 34,supports_fast_charging,yes,voltedge smartwatch plus 34|supports_fast_charging|yes,0.9,product_34,unstructured,VoltEdge Smartwatch Plus 34 is manufactured by VoltEdge. It is a smartwatch device. The display measures 6.1 inches. Offers 256GB of internal storage. Battery lasts up to 14 hours. Fast charging is yes. Noise cancellation: no.,unstructured,1
DEC029_NO_FEEDBACK,train_kb,conservative_noisy_or_conflict_adjusted,VoltEdge Smartwatch Plus 34,has_noise_cancellation,no,voltedge smartwatch plus 34|has_noise_cancellation|no,0.89,product_34,unstructured,VoltEdge Smartwatch Plus 34 is manufactured by VoltEdge. It is a smartwatch device. The display measures 6.1 inches. Offers 256GB of internal storage. Battery lasts up to 14 hours. Fast charging is yes. Noise cancellation: no.,unstructured,1
DEC029_NO_FEEDBACK,train_kb,conservative_noisy_or_conflict_adjusted,Auralex Smartwatch Lite 36,manufactured_by,Auralex,auralex smartwatch lite 36|manufactured_by|auralex,0.98,product_36,structured,structured_row:Auralex Smartwatch Lite 36,structured,1
DEC029_NO_FEEDBACK,train_kb,conservative_noisy_or_conflict_adjusted,Auralex Smartwatch Lite 36,belongs_to_category,smartwatch,auralex smartwatch lite 36|belongs_to_category|smartwatch,0.98,product_36,structured,structured_row:Auralex Smartwatch Lite 36,structured,1
DEC029_NO_FEEDBACK,train_kb,conservative_noisy_or_conflict_adjusted,Auralex Smartwatch Lite 36,has_price_usd,199,auralex smartwatch lite 36|has_price_usd|199,0.98,product_36,structured,structured_row:Auralex Smartwatch Lite 36,structured,1
DEC029_NO_FEEDBACK,train_kb,conservative_noisy_or_conflict_adjusted,Auralex Smartwatch Lite 36,has_screen_size_inch,6.7,auralex smartwatch lite 36|has_screen_size_inch|6.7,0.98,product_36,structured,structured_row:Auralex Smartwatch Lite 36,structured,1
DEC029_NO_FEEDBACK,train_kb,conservative_noisy_or_conflict_adjusted,Auralex Smartwatch Lite 36,has_ram_gb,12,auralex smartwatch lite 36|has_ram_gb|12,0.98,product_36,structured,structured_row:Auralex Smartwatch Lite 36,structured,1
DEC029_NO_FEEDBACK,train_kb,conservative_noisy_or_conflict_adjusted,Auralex Smartwatch Lite 36,has_storage_gb,512,auralex smartwatch lite 36|has_storage_gb|512,0.98,product_36,structured,structured_row:Auralex Smartwatch Lite 36,structured,1
DEC029_NO_FEEDBACK,train_kb,conservative_noisy_or_conflict_adjusted,Auralex Smartwatch Lite 36,has_battery_life_hours,20,auralex smartwatch lite 36|has_battery_life_hours|20,0.98,product_36,structured,structured_row:Auralex Smartwatch Lite 36,structured,1
DEC029_NO_FEEDBACK,train_kb,conservative_noisy_or_conflict_adjusted,Auralex Smartwatch Lite 36,has_weight_kg,0.55,auralex smartwatch lite 36|has_weight_kg|0.55,0.98,product_36,structured,structured_row:Auralex Smartwatch Lite 36,structured,1
DEC029_NO_FEEDBACK,train_kb,conservative_noisy_or_conflict_adjusted,Auralex Smartwatch Lite 36,has_color,green,auralex smartwatch lite 36|has_color|green,0.98,product_36,structured,structured_row:Auralex Smartwatch Lite 36,structured,1
DEC029_NO_FEEDBACK,train_kb,conservative_noisy_or_conflict_adjusted,Auralex Smartwatch Lite 36,made_of_material,plastic,auralex smartwatch lite 36|made_of_material|plastic,0.98,product_36,structured,structured_row:Auralex Smartwatch Lite 36,structured,1
DEC029_NO_FEEDBACK,train_kb,conservative_noisy_or_conflict_adjusted,Auralex Smartwatch Lite 36,target_market_region,APAC,auralex smartwatch lite 36|target_market_region|apac,0.98,product_36,structured,structured_row:Auralex Smartwatch Lite 36,structured,1
DEC029_NO_FEEDBACK,train_kb,conservative_noisy_or_conflict_adjusted,Auralex Smartwatch Lite 36,supports_fast_charging,yes,auralex smartwatch lite 36|supports_fast_charging|yes,0.98,product_36,structured,structured_row:Auralex Smartwatch Lite 36,structured,1
DEC029_NO_FEEDBACK,train_kb,conservative_noisy_or_conflict_adjusted,Auralex Smartwatch Lite 36,has_noise_cancellation,no,auralex smartwatch lite 36|has_noise_cancellation|no,0.98,product_36,structured,structured_row:Auralex Smartwatch Lite 36,structured,1
DEC029_NO_FEEDBACK,train_kb,conservative_noisy_or_conflict_adjusted,Auralex Headphones Lite 37,manufactured_by,Auralex,auralex headphones lite 37|manufactured_by|auralex,0.98,product_37,structured,structured_row:Auralex Headphones Lite 37,structured,1
DEC029_NO_FEEDBACK,train_kb,conservative_noisy_or_conflict_adjusted,Auralex Headphones Lite 37,belongs_to_category,headphones,auralex headphones lite 37|belongs_to_category|headphones,0.98,product_37,structured,structured_row:Auralex Headphones Lite 37,structured,1
DEC029_NO_FEEDBACK,train_kb,conservative_noisy_or_conflict_adjusted,Auralex Headphones Lite 37,has_price_usd,1299,auralex headphones lite 37|has_price_usd|1299,0.98,product_37,structured,structured_row:Auralex Headphones Lite 37,structured,1
DEC029_NO_FEEDBACK,train_kb,conservative_noisy_or_conflict_adjusted,Auralex Headphones Lite 37,has_screen_size_inch,6.7,auralex headphones lite 37|has_screen_size_inch|6.7,0.98,product_37,structured,structured_row:Auralex Headphones Lite 37,structured,1
DEC029_NO_FEEDBACK,train_kb,conservative_noisy_or_conflict_adjusted,Auralex Headphones Lite 37,has_ram_gb,6,auralex headphones lite 37|has_ram_gb|6,0.98,product_37,structured,structured_row:Auralex Headphones Lite 37,structured,1
DEC029_NO_FEEDBACK,train_kb,conservative_noisy_or_conflict_adjusted,Auralex Headphones Lite 37,has_storage_gb,512,auralex headphones lite 37|has_storage_gb|512,0.98,product_37,structured,structured_row:Auralex Headphones Lite 37,structured,1
DEC029_NO_FEEDBACK,train_kb,conservative_noisy_or_conflict_adjusted,Auralex Headphones Lite 37,has_battery_life_hours,14,auralex headphones lite 37|has_battery_life_hours|14,0.98,product_37,structured,structured_row:Auralex Headphones Lite 37,structured,1
DEC029_NO_FEEDBACK,train_kb,conservative_noisy_or_conflict_adjusted,Auralex Headphones Lite 37,has_weight_kg,0.55,auralex headphones lite 37|has_weight_kg|0.55,0.98,product_37,structured,structured_row:Auralex Headphones Lite 37,structured,1
DEC029_NO_FEEDBACK,train_kb,conservative_noisy_or_conflict_adjusted,Auralex Headphones Lite 37,has_color,black,auralex headphones lite 37|has_color|black,0.98,product_37,structured,structured_row:Auralex Headphones Lite 37,structured,1
DEC029_NO_FEEDBACK,train_kb,conservative_noisy_or_conflict_adjusted,Auralex Headphones Lite 37,made_of_material,carbon fiber,auralex headphones lite 37|made_of_material|carbon fiber,0.98,product_37,structured,structured_row:Auralex Headphones Lite 37,structured,1
DEC029_NO_FEEDBACK,train_kb,conservative_noisy_or_conflict_adjusted,Auralex Headphones Lite 37,target_market_region,Global,auralex headphones lite 37|target_market_region|global,0.98,product_37,structured,structured_row:Auralex Headphones Lite 37,structured,1
DEC029_NO_FEEDBACK,train_kb,conservative_noisy_or_conflict_adjusted,Auralex Headphones Lite 37,supports_fast_charging,yes,auralex headphones lite 37|supports_fast_charging|yes,0.98,product_37,structured,structured_row:Auralex Headphones Lite 37,structured,1
DEC029_NO_FEEDBACK,train_kb,conservative_noisy_or_conflict_adjusted,Auralex Headphones Lite 37,has_noise_cancellation,no,auralex headphones lite 37|has_noise_cancellation|no,0.98,product_37,structured,structured_row:Auralex Headphones Lite 37,structured,1
DEC029_NO_FEEDBACK,train_kb,conservative_noisy_or_conflict_adjusted,Zenbyte Smartwatch Max 39,manufactured_by,Zenbyte,zenbyte smartwatch max 39|manufactured_by|zenbyte,0.98,product_39,structured,structured_row:Zenbyte Smartwatch Max 39,structured,1
DEC029_NO_FEEDBACK,train_kb,conservative_noisy_or_conflict_adjusted,Zenbyte Smartwatch Max 39,belongs_to_category,smartwatch,zenbyte smartwatch max 39|belongs_to_category|smartwatch,0.98,product_39,structured,structured_row:Zenbyte Smartwatch Max 39,structured,1
DEC029_NO_FEEDBACK,train_kb,conservative_noisy_or_conflict_adjusted,Zenbyte Smartwatch Max 39,has_price_usd,1299,zenbyte smartwatch max 39|has_price_usd|1299,0.98,product_39,structured,structured_row:Zenbyte Smartwatch Max 39,structured,1
DEC029_NO_FEEDBACK,train_kb,conservative_noisy_or_conflict_adjusted,Zenbyte Smartwatch Max 39,has_screen_size_inch,6.7,zenbyte smartwatch max 39|has_screen_size_inch|6.7,0.98,product_39,structured,structured_row:Zenbyte Smartwatch Max 39,structured,1
DEC029_NO_FEEDBACK,train_kb,conservative_noisy_or_conflict_adjusted,Zenbyte Smartwatch Max 39,has_ram_gb,16,zenbyte smartwatch max 39|has_ram_gb|16,0.98,product_39,structured,structured_row:Zenbyte Smartwatch Max 39,structured,1
DEC029_NO_FEEDBACK,train_kb,conservative_noisy_or_conflict_adjusted,Zenbyte Smartwatch Max 39,has_storage_gb,128,zenbyte smartwatch max 39|has_storage_gb|128,0.98,product_39,structured,structured_row:Zenbyte Smartwatch Max 39,structured,1
DEC029_NO_FEEDBACK,train_kb,conservative_noisy_or_conflict_adjusted,Zenbyte Smartwatch Max 39,has_battery_life_hours,10,zenbyte smartwatch max 39|has_battery_life_hours|10,0.98,product_39,structured,structured_row:Zenbyte Smartwatch Max 39,structured,1
DEC029_NO_FEEDBACK,train_kb,conservative_noisy_or_conflict_adjusted,Zenbyte Smartwatch Max 39,has_weight_kg,0.23,zenbyte smartwatch max 39|has_weight_kg|0.23,0.98,product_39,structured,structured_row:Zenbyte Smartwatch Max 39,structured,1
DEC029_NO_FEEDBACK,train_kb,conservative_noisy_or_conflict_adjusted,Zenbyte Smartwatch Max 39,has_color,black,zenbyte smartwatch max 39|has_color|black,0.98,product_39,structured,structured_row:Zenbyte Smartwatch Max 39,structured,1
DEC029_NO_FEEDBACK,train_kb,conservative_noisy_or_conflict_adjusted,Zenbyte Smartwatch Max 39,made_of_material,aluminum,zenbyte smartwatch max 39|made_of_material|aluminum,0.98,product_39,structured,structured_row:Zenbyte Smartwatch Max 39,structured,1
DEC029_NO_FEEDBACK,train_kb,conservative_noisy_or_conflict_adjusted,Zenbyte Smartwatch Max 39,target_market_region,Global,zenbyte smartwatch max 39|target_market_region|global,0.98,product_39,structured,structured_row:Zenbyte Smartwatch Max 39,structured,1
DEC029_NO_FEEDBACK,train_kb,conservative_noisy_or_conflict_adjusted,Zenbyte Smartwatch Max 39,supports_fast_charging,no,zenbyte smartwatch max 39|supports_fast_charging|no,0.98,product_39,structured,structured_row:Zenbyte Smartwatch Max 39,structured,1
DEC029_NO_FEEDBACK,train_kb,conservative_noisy_or_conflict_adjusted,Zenbyte Smartwatch Max 39,has_noise_cancellation,no,zenbyte smartwatch max 39|has_noise_cancellation|no,0.98,product_39,structured,structured_row:Zenbyte Smartwatch Max 39,structured,1
DEC029_NO_FEEDBACK,train_kb,conservative_noisy_or_conflict_adjusted,NeoTech Headphones Air 40,manufactured_by,NeoTech,neotech headphones air 40|manufactured_by|neotech,0.98,product_40,structured,structured_row:NeoTech Headphones Air 40,structured,1
DEC029_NO_FEEDBACK,train_kb,conservative_noisy_or_conflict_adjusted,NeoTech Headphones Air 40,belongs_to_category,headphones,neotech headphones air 40|belongs_to_category|headphones,0.98,product_40,structured,structured_row:NeoTech Headphones Air 40,structured,1
DEC029_NO_FEEDBACK,train_kb,conservative_noisy_or_conflict_adjusted,NeoTech Headphones Air 40,has_price_usd,249,neotech headphones air 40|has_price_usd|249,0.98,product_40,structured,structured_row:NeoTech Headphones Air 40,structured,1
DEC029_NO_FEEDBACK,train_kb,conservative_noisy_or_conflict_adjusted,NeoTech Headphones Air 40,has_screen_size_inch,6.7,neotech headphones air 40|has_screen_size_inch|6.7,0.98,product_40,structured,structured_row:NeoTech Headphones Air 40,structured,1
DEC029_NO_FEEDBACK,train_kb,conservative_noisy_or_conflict_adjusted,NeoTech Headphones Air 40,has_ram_gb,16,neotech headphones air 40|has_ram_gb|16,0.98,product_40,structured,structured_row:NeoTech Headphones Air 40,structured,1
DEC029_NO_FEEDBACK,train_kb,conservative_noisy_or_conflict_adjusted,NeoTech Headphones Air 40,has_storage_gb,512,neotech headphones air 40|has_storage_gb|512,0.98,product_40,structured,structured_row:NeoTech Headphones Air 40,structured,1
DEC029_NO_FEEDBACK,train_kb,conservative_noisy_or_conflict_adjusted,NeoTech Headphones Air 40,has_battery_life_hours,24,neotech headphones air 40|has_battery_life_hours|24,0.98,product_40,structured,structured_row:NeoTech Headphones Air 40,structured,1
DEC029_NO_FEEDBACK,train_kb,conservative_noisy_or_conflict_adjusted,NeoTech Headphones Air 40,has_weight_kg,1.45,neotech headphones air 40|has_weight_kg|1.45,0.98,product_40,structured,structured_row:NeoTech Headphones Air 40,structured,1
DEC029_NO_FEEDBACK,train_kb,conservative_noisy_or_conflict_adjusted,NeoTech Headphones Air 40,has_color,white,neotech headphones air 40|has_color|white,0.98,product_40,structured,structured_row:NeoTech Headphones Air 40,structured,1
DEC029_NO_FEEDBACK,train_kb,conservative_noisy_or_conflict_adjusted,NeoTech Headphones Air 40,made_of_material,plastic,neotech headphones air 40|made_of_material|plastic,0.98,product_40,structured,structured_row:NeoTech Headphones Air 40,structured,1
DEC029_NO_FEEDBACK,train_kb,conservative_noisy_or_conflict_adjusted,NeoTech Headphones Air 40,target_market_region,Global,neotech headphones air 40|target_market_region|global,0.98,product_40,structured,structured_row:NeoTech Headphones Air 40,structured,1
DEC029_NO_FEEDBACK,train_kb,conservative_noisy_or_conflict_adjusted,NeoTech Headphones Air 40,supports_fast_charging,no,neotech headphones air 40|supports_fast_charging|no,0.98,product_40,structured,structured_row:NeoTech Headphones Air 40,structured,1
DEC029_NO_FEEDBACK,train_kb,conservative_noisy_or_conflict_adjusted,NeoTech Headphones Air 40,has_noise_cancellation,no,neotech headphones air 40|has_noise_cancellation|no,0.98,product_40,structured,structured_row:NeoTech Headphones Air 40,structured,1
DEC029_NO_FEEDBACK,train_kb,conservative_noisy_or_conflict_adjusted,NeoTech Smartphone Pro 41,manufactured_by,NeoTech,neotech smartphone pro 41|manufactured_by|neotech,0.98,product_41,structured,structured_row:NeoTech Smartphone Pro 41,structured,1
DEC029_NO_FEEDBACK,train_kb,conservative_noisy_or_conflict_adjusted,NeoTech Smartphone Pro 41,belongs_to_category,smartphone,neotech smartphone pro 41|belongs_to_category|smartphone,0.98,product_41,structured,structured_row:NeoTech Smartphone Pro 41,structured,1
DEC029_NO_FEEDBACK,train_kb,conservative_noisy_or_conflict_adjusted,NeoTech Smartphone Pro 41,has_price_usd,299,neotech smartphone pro 41|has_price_usd|299,0.98,product_41,structured,structured_row:NeoTech Smartphone Pro 41,structured,1
DEC029_NO_FEEDBACK,train_kb,conservative_noisy_or_conflict_adjusted,NeoTech Smartphone Pro 41,has_screen_size_inch,14.0,neotech smartphone pro 41|has_screen_size_inch|14.0,0.98,product_41,structured,structured_row:NeoTech Smartphone Pro 41,structured,1
DEC029_NO_FEEDBACK,train_kb,conservative_noisy_or_conflict_adjusted,NeoTech Smartphone Pro 41,has_ram_gb,8,neotech smartphone pro 41|has_ram_gb|8,0.98,product_41,structured,structured_row:NeoTech Smartphone Pro 41,structured,1
DEC029_NO_FEEDBACK,train_kb,conservative_noisy_or_conflict_adjusted,NeoTech Smartphone Pro 41,has_storage_gb,64,neotech smartphone pro 41|has_storage_gb|64,0.98,product_41,structured,structured_row:NeoTech Smartphone Pro 41,structured,1
DEC029_NO_FEEDBACK,train_kb,conservative_noisy_or_conflict_adjusted,NeoTech Smartphone Pro 41,has_battery_life_hours,24,neotech smartphone pro 41|has_battery_life_hours|24,0.98,product_41,structured,structured_row:NeoTech Smartphone Pro 41,structured,1
DEC029_NO_FEEDBACK,train_kb,conservative_noisy_or_conflict_adjusted,NeoTech Smartphone Pro 41,has_weight_kg,1.8,neotech smartphone pro 41|has_weight_kg|1.8,0.98,product_41,structured,structured_row:NeoTech Smartphone Pro 41,structured,1
DEC029_NO_FEEDBACK,train_kb,conservative_noisy_or_conflict_adjusted,NeoTech Smartphone Pro 41,has_color,green,neotech smartphone pro 41|has_color|green,0.98,product_41,structured,structured_row:NeoTech Smartphone Pro 41,structured,1
DEC029_NO_FEEDBACK,train_kb,conservative_noisy_or_conflict_adjusted,NeoTech Smartphone Pro 41,made_of_material,aluminum,neotech smartphone pro 41|made_of_material|aluminum,0.98,product_41,structured,structured_row:NeoTech Smartphone Pro 41,structured,1
DEC029_NO_FEEDBACK,train_kb,conservative_noisy_or_conflict_adjusted,NeoTech Smartphone Pro 41,target_market_region,APAC,neotech smartphone pro 41|target_market_region|apac,0.98,product_41,structured,structured_row:NeoTech Smartphone Pro 41,structured,1
DEC029_NO_FEEDBACK,train_kb,conservative_noisy_or_conflict_adjusted,NeoTech Smartphone Pro 41,supports_fast_charging,yes,neotech smartphone pro 41|supports_fast_charging|yes,0.98,product_41,structured,structured_row:NeoTech Smartphone Pro 41,structured,1
DEC029_NO_FEEDBACK,train_kb,conservative_noisy_or_conflict_adjusted,NeoTech Smartphone Pro 41,has_noise_cancellation,no,neotech smartphone pro 41|has_noise_cancellation|no,0.98,product_41,structured,structured_row:NeoTech Smartphone Pro 41,structured,1
DEC029_NO_FEEDBACK,train_kb,conservative_noisy_or_conflict_adjusted,NeoTech Smartphone Pro 41,manufactured_by,NeoTech,neotech smartphone pro 41|manufactured_by|neotech,0.95,product_41,unstructured,NeoTech Smartphone Pro 41 is manufactured by NeoTech. It is a smartphone device. Offers 64GB of internal storage. Weighs approximately 1.8kg. Available in green. Built with aluminum construction. Targeted at the APAC market.,unstructured,1
DEC029_NO_FEEDBACK,train_kb,conservative_noisy_or_conflict_adjusted,NeoTech Smartphone Pro 41,has_storage_gb,64,neotech smartphone pro 41|has_storage_gb|64,0.95,product_41,unstructured,NeoTech Smartphone Pro 41 is manufactured by NeoTech. It is a smartphone device. Offers 64GB of internal storage. Weighs approximately 1.8kg. Available in green. Built with aluminum construction. Targeted at the APAC market.,unstructured,1
DEC029_NO_FEEDBACK,train_kb,conservative_noisy_or_conflict_adjusted,NeoTech Smartphone Pro 41,has_weight_kg,1.8,neotech smartphone pro 41|has_weight_kg|1.8,0.95,product_41,unstructured,NeoTech Smartphone Pro 41 is manufactured by NeoTech. It is a smartphone device. Offers 64GB of internal storage. Weighs approximately 1.8kg. Available in green. Built with aluminum construction. Targeted at the APAC market.,unstructured,1
DEC029_NO_FEEDBACK,train_kb,conservative_noisy_or_conflict_adjusted,NeoTech Smartphone Pro 41,has_color,green,neotech smartphone pro 41|has_color|green,0.95,product_41,unstructured,NeoTech Smartphone Pro 41 is manufactured by NeoTech. It is a smartphone device. Offers 64GB of internal storage. Weighs approximately 1.8kg. Available in green. Built with aluminum construction. Targeted at the APAC market.,unstructured,1
DEC029_NO_FEEDBACK,train_kb,conservative_noisy_or_conflict_adjusted,NeoTech Smartphone Pro 41,made_of_material,aluminum,neotech smartphone pro 41|made_of_material|aluminum,0.95,product_41,unstructured,NeoTech Smartphone Pro 41 is manufactured by NeoTech. It is a smartphone device. Offers 64GB of internal storage. Weighs approximately 1.8kg. Available in green. Built with aluminum construction. Targeted at the APAC market.,unstructured,1
DEC029_NO_FEEDBACK,train_kb,conservative_noisy_or_conflict_adjusted,NeoTech Smartphone Pro 41,target_market_region,APAC,neotech smartphone pro 41|target_market_region|apac,0.95,product_41,unstructured,NeoTech Smartphone Pro 41 is manufactured by NeoTech. It is a smartphone device. Offers 64GB of internal storage. Weighs approximately 1.8kg. Available in green. Built with aluminum construction. Targeted at the APAC market.,unstructured,1
DEC029_NO_FEEDBACK,train_kb,conservative_noisy_or_conflict_adjusted,PixelWare Tablet Lite 43,manufactured_by,PixelWare,pixelware tablet lite 43|manufactured_by|pixelware,0.98,product_43,structured,structured_row:PixelWare Tablet Lite 43,structured,1
DEC029_NO_FEEDBACK,train_kb,conservative_noisy_or_conflict_adjusted,PixelWare Tablet Lite 43,belongs_to_category,tablet,pixelware tablet lite 43|belongs_to_category|tablet,0.98,product_43,structured,structured_row:PixelWare Tablet Lite 43,structured,1
DEC029_NO_FEEDBACK,train_kb,conservative_noisy_or_conflict_adjusted,PixelWare Tablet Lite 43,has_price_usd,349,pixelware tablet lite 43|has_price_usd|349,0.98,product_43,structured,structured_row:PixelWare Tablet Lite 43,structured,1
DEC029_NO_FEEDBACK,train_kb,conservative_noisy_or_conflict_adjusted,PixelWare Tablet Lite 43,has_screen_size_inch,13.3,pixelware tablet lite 43|has_screen_size_inch|13.3,0.98,product_43,structured,structured_row:PixelWare Tablet Lite 43,structured,1
DEC029_NO_FEEDBACK,train_kb,conservative_noisy_or_conflict_adjusted,PixelWare Tablet Lite 43,has_ram_gb,16,pixelware tablet lite 43|has_ram_gb|16,0.98,product_43,structured,structured_row:PixelWare Tablet Lite 43,structured,1
DEC029_NO_FEEDBACK,train_kb,conservative_noisy_or_conflict_adjusted,PixelWare Tablet Lite 43,has_storage_gb,128,pixelware tablet lite 43|has_storage_gb|128,0.98,product_43,structured,structured_row:PixelWare Tablet Lite 43,structured,1
DEC029_NO_FEEDBACK,train_kb,conservative_noisy_or_conflict_adjusted,PixelWare Tablet Lite 43,has_battery_life_hours,24,pixelware tablet lite 43|has_battery_life_hours|24,0.98,product_43,structured,structured_row:PixelWare Tablet Lite 43,structured,1
DEC029_NO_FEEDBACK,train_kb,conservative_noisy_or_conflict_adjusted,PixelWare Tablet Lite 43,has_weight_kg,0.55,pixelware tablet lite 43|has_weight_kg|0.55,0.98,product_43,structured,structured_row:PixelWare Tablet Lite 43,structured,1
DEC029_NO_FEEDBACK,train_kb,conservative_noisy_or_conflict_adjusted,PixelWare Tablet Lite 43,has_color,silver,pixelware tablet lite 43|has_color|silver,0.98,product_43,structured,structured_row:PixelWare Tablet Lite 43,structured,1
DEC029_NO_FEEDBACK,train_kb,conservative_noisy_or_conflict_adjusted,PixelWare Tablet Lite 43,made_of_material,carbon fiber,pixelware tablet lite 43|made_of_material|carbon fiber,0.98,product_43,structured,structured_row:PixelWare Tablet Lite 43,structured,1
DEC029_NO_FEEDBACK,train_kb,conservative_noisy_or_conflict_adjusted,PixelWare Tablet Lite 43,target_market_region,Global,pixelware tablet lite 43|target_market_region|global,0.98,product_43,structured,structured_row:PixelWare Tablet Lite 43,structured,1
DEC029_NO_FEEDBACK,train_kb,conservative_noisy_or_conflict_adjusted,PixelWare Tablet Lite 43,supports_fast_charging,yes,pixelware tablet lite 43|supports_fast_charging|yes,0.98,product_43,structured,structured_row:PixelWare Tablet Lite 43,structured,1
DEC029_NO_FEEDBACK,train_kb,conservative_noisy_or_conflict_adjusted,PixelWare Tablet Lite 43,has_noise_cancellation,no,pixelware tablet lite 43|has_noise_cancellation|no,0.98,product_43,structured,structured_row:PixelWare Tablet Lite 43,structured,1
DEC029_NO_FEEDBACK,train_kb,conservative_noisy_or_conflict_adjusted,PixelWare Tablet Lite 43,manufactured_by,PixelWare,pixelware tablet lite 43|manufactured_by|pixelware,0.95,product_43,unstructured,PixelWare Tablet Lite 43 is manufactured by PixelWare. It is a tablet device. The display measures 13.3 inches. Comes with 16GB of RAM. Battery lasts up to 24 hours. Weighs approximately 0.55kg. Targeted at the Global market.,unstructured,1
DEC029_NO_FEEDBACK,train_kb,conservative_noisy_or_conflict_adjusted,PixelWare Tablet Lite 43,has_screen_size_inch,13.3,pixelware tablet lite 43|has_screen_size_inch|13.3,0.92,product_43,unstructured,PixelWare Tablet Lite 43 is manufactured by PixelWare. It is a tablet device. The display measures 13.3 inches. Comes with 16GB of RAM. Battery lasts up to 24 hours. Weighs approximately 0.55kg. Targeted at the Global market.,unstructured,1
DEC029_NO_FEEDBACK,train_kb,conservative_noisy_or_conflict_adjusted,PixelWare Tablet Lite 43,has_ram_gb,16,pixelware tablet lite 43|has_ram_gb|16,0.93,product_43,unstructured,PixelWare Tablet Lite 43 is manufactured by PixelWare. It is a tablet device. The display measures 13.3 inches. Comes with 16GB of RAM. Battery lasts up to 24 hours. Weighs approximately 0.55kg. Targeted at the Global market.,unstructured,1
DEC029_NO_FEEDBACK,train_kb,conservative_noisy_or_conflict_adjusted,PixelWare Tablet Lite 43,has_battery_life_hours,24,pixelware tablet lite 43|has_battery_life_hours|24,0.94,product_43,unstructured,PixelWare Tablet Lite 43 is manufactured by PixelWare. It is a tablet device. The display measures 13.3 inches. Comes with 16GB of RAM. Battery lasts up to 24 hours. Weighs approximately 0.55kg. Targeted at the Global market.,unstructured,1
DEC029_NO_FEEDBACK,train_kb,conservative_noisy_or_conflict_adjusted,PixelWare Tablet Lite 43,has_weight_kg,0.55,pixelware tablet lite 43|has_weight_kg|0.55,0.96,product_43,unstructured,PixelWare Tablet Lite 43 is manufactured by PixelWare. It is a tablet device. The display measures 13.3 inches. Comes with 16GB of RAM. Battery lasts up to 24 hours. Weighs approximately 0.55kg. Targeted at the Global market.,unstructured,1
DEC029_NO_FEEDBACK,train_kb,conservative_noisy_or_conflict_adjusted,PixelWare Tablet Lite 43,target_market_region,Global,pixelware tablet lite 43|target_market_region|global,0.9,product_43,unstructured,PixelWare Tablet Lite 43 is manufactured by PixelWare. It is a tablet device. The display measures 13.3 inches. Comes with 16GB of RAM. Battery lasts up to 24 hours. Weighs approximately 0.55kg. Targeted at the Global market.,unstructured,1
DEC029_NO_FEEDBACK,train_kb,conservative_noisy_or_conflict_adjusted,VoltEdge Laptop Plus 44,manufactured_by,VoltEdge,voltedge laptop plus 44|manufactured_by|voltedge,0.98,product_44,structured,structured_row:VoltEdge Laptop Plus 44,structured,1
DEC029_NO_FEEDBACK,train_kb,conservative_noisy_or_conflict_adjusted,VoltEdge Laptop Plus 44,belongs_to_category,laptop,voltedge laptop plus 44|belongs_to_category|laptop,0.98,product_44,structured,structured_row:VoltEdge Laptop Plus 44,structured,1
DEC029_NO_FEEDBACK,train_kb,conservative_noisy_or_conflict_adjusted,VoltEdge Laptop Plus 44,has_price_usd,299,voltedge laptop plus 44|has_price_usd|299,0.98,product_44,structured,structured_row:VoltEdge Laptop Plus 44,structured,1
DEC029_NO_FEEDBACK,train_kb,conservative_noisy_or_conflict_adjusted,VoltEdge Laptop Plus 44,has_screen_size_inch,15.6,voltedge laptop plus 44|has_screen_size_inch|15.6,0.98,product_44,structured,structured_row:VoltEdge Laptop Plus 44,structured,1
DEC029_NO_FEEDBACK,train_kb,conservative_noisy_or_conflict_adjusted,VoltEdge Laptop Plus 44,has_ram_gb,32,voltedge laptop plus 44|has_ram_gb|32,0.98,product_44,structured,structured_row:VoltEdge Laptop Plus 44,structured,1
DEC029_NO_FEEDBACK,train_kb,conservative_noisy_or_conflict_adjusted,VoltEdge Laptop Plus 44,has_storage_gb,1024,voltedge laptop plus 44|has_storage_gb|1024,0.98,product_44,structured,structured_row:VoltEdge Laptop Plus 44,structured,1
DEC029_NO_FEEDBACK,train_kb,conservative_noisy_or_conflict_adjusted,VoltEdge Laptop Plus 44,has_battery_life_hours,18,voltedge laptop plus 44|has_battery_life_hours|18,0.98,product_44,structured,structured_row:VoltEdge Laptop Plus 44,structured,1
DEC029_NO_FEEDBACK,train_kb,conservative_noisy_or_conflict_adjusted,VoltEdge Laptop Plus 44,has_weight_kg,1.8,voltedge laptop plus 44|has_weight_kg|1.8,0.98,product_44,structured,structured_row:VoltEdge Laptop Plus 44,structured,1
DEC029_NO_FEEDBACK,train_kb,conservative_noisy_or_conflict_adjusted,VoltEdge Laptop Plus 44,has_color,white,voltedge laptop plus 44|has_color|white,0.98,product_44,structured,structured_row:VoltEdge Laptop Plus 44,structured,1
DEC029_NO_FEEDBACK,train_kb,conservative_noisy_or_conflict_adjusted,VoltEdge Laptop Plus 44,made_of_material,plastic,voltedge laptop plus 44|made_of_material|plastic,0.98,product_44,structured,structured_row:VoltEdge Laptop Plus 44,structured,1
DEC029_NO_FEEDBACK,train_kb,conservative_noisy_or_conflict_adjusted,VoltEdge Laptop Plus 44,target_market_region,Global,voltedge laptop plus 44|target_market_region|global,0.98,product_44,structured,structured_row:VoltEdge Laptop Plus 44,structured,1
DEC029_NO_FEEDBACK,train_kb,conservative_noisy_or_conflict_adjusted,VoltEdge Laptop Plus 44,supports_fast_charging,no,voltedge laptop plus 44|supports_fast_charging|no,0.98,product_44,structured,structured_row:VoltEdge Laptop Plus 44,structured,1
DEC029_NO_FEEDBACK,train_kb,conservative_noisy_or_conflict_adjusted,VoltEdge Laptop Plus 44,has_noise_cancellation,no,voltedge laptop plus 44|has_noise_cancellation|no,0.98,product_44,structured,structured_row:VoltEdge Laptop Plus 44,structured,1
DEC029_NO_FEEDBACK,train_kb,conservative_noisy_or_conflict_adjusted,VoltEdge Laptop Plus 44,manufactured_by,VoltEdge,voltedge laptop plus 44|manufactured_by|voltedge,0.85,product_44,unstructured,VoltEdge Laptop Plus 44 is manufactured by VoltEdge. It is a laptop device. The display measures 15.6 inches. Comes with 32GB of RAM. Weighs approximately 1.8kg. Available in white. Fast charging is no.,unstructured,1
DEC029_NO_FEEDBACK,train_kb,conservative_noisy_or_conflict_adjusted,VoltEdge Laptop Plus 44,has_screen_size_inch,15.6,voltedge laptop plus 44|has_screen_size_inch|15.6,0.92,product_44,unstructured,VoltEdge Laptop Plus 44 is manufactured by VoltEdge. It is a laptop device. The display measures 15.6 inches. Comes with 32GB of RAM. Weighs approximately 1.8kg. Available in white. Fast charging is no.,unstructured,1
DEC029_NO_FEEDBACK,train_kb,conservative_noisy_or_conflict_adjusted,VoltEdge Laptop Plus 44,has_ram_gb,32,voltedge laptop plus 44|has_ram_gb|32,0.88,product_44,unstructured,VoltEdge Laptop Plus 44 is manufactured by VoltEdge. It is a laptop device. The display measures 15.6 inches. Comes with 32GB of RAM. Weighs approximately 1.8kg. Available in white. Fast charging is no.,unstructured,1
DEC029_NO_FEEDBACK,train_kb,conservative_noisy_or_conflict_adjusted,VoltEdge Laptop Plus 44,has_weight_kg,1.8,voltedge laptop plus 44|has_weight_kg|1.8,0.89,product_44,unstructured,VoltEdge Laptop Plus 44 is manufactured by VoltEdge. It is a laptop device. The display measures 15.6 inches. Comes with 32GB of RAM. Weighs approximately 1.8kg. Available in white. Fast charging is no.,unstructured,1
DEC029_NO_FEEDBACK,train_kb,conservative_noisy_or_conflict_adjusted,VoltEdge Laptop Plus 44,has_color,white,voltedge laptop plus 44|has_color|white,0.9,product_44,unstructured,VoltEdge Laptop Plus 44 is manufactured by VoltEdge. It is a laptop device. The display measures 15.6 inches. Comes with 32GB of RAM. Weighs approximately 1.8kg. Available in white. Fast charging is no.,unstructured,1
DEC029_NO_FEEDBACK,train_kb,conservative_noisy_or_conflict_adjusted,PixelWare Smartphone Max 45,manufactured_by,PixelWare,pixelware smartphone max 45|manufactured_by|pixelware,0.98,product_45,structured,structured_row:PixelWare Smartphone Max 45,structured,1
DEC029_NO_FEEDBACK,train_kb,conservative_noisy_or_conflict_adjusted,PixelWare Smartphone Max 45,belongs_to_category,smartphone,pixelware smartphone max 45|belongs_to_category|smartphone,0.98,product_45,structured,structured_row:PixelWare Smartphone Max 45,structured,1
DEC029_NO_FEEDBACK,train_kb,conservative_noisy_or_conflict_adjusted,PixelWare Smartphone Max 45,has_price_usd,1099,pixelware smartphone max 45|has_price_usd|1099,0.98,product_45,structured,structured_row:PixelWare Smartphone Max 45,structured,1
DEC029_NO_FEEDBACK,train_kb,conservative_noisy_or_conflict_adjusted,PixelWare Smartphone Max 45,has_screen_size_inch,10.9,pixelware smartphone max 45|has_screen_size_inch|10.9,0.98,product_45,structured,structured_row:PixelWare Smartphone Max 45,structured,1
DEC029_NO_FEEDBACK,train_kb,conservative_noisy_or_conflict_adjusted,PixelWare Smartphone Max 45,has_ram_gb,32,pixelware smartphone max 45|has_ram_gb|32,0.98,product_45,structured,structured_row:PixelWare Smartphone Max 45,structured,1
DEC029_NO_FEEDBACK,train_kb,conservative_noisy_or_conflict_adjusted,PixelWare Smartphone Max 45,has_storage_gb,512,pixelware smartphone max 45|has_storage_gb|512,0.98,product_45,structured,structured_row:PixelWare Smartphone Max 45,structured,1
DEC029_NO_FEEDBACK,train_kb,conservative_noisy_or_conflict_adjusted,PixelWare Smartphone Max 45,has_battery_life_hours,24,pixelware smartphone max 45|has_battery_life_hours|24,0.98,product_45,structured,structured_row:PixelWare Smartphone Max 45,structured,1
DEC029_NO_FEEDBACK,train_kb,conservative_noisy_or_conflict_adjusted,PixelWare Smartphone Max 45,has_weight_kg,0.18,pixelware smartphone max 45|has_weight_kg|0.18,0.98,product_45,structured,structured_row:PixelWare Smartphone Max 45,structured,1
DEC029_NO_FEEDBACK,train_kb,conservative_noisy_or_conflict_adjusted,PixelWare Smartphone Max 45,has_color,black,pixelware smartphone max 45|has_color|black,0.98,product_45,structured,structured_row:PixelWare Smartphone Max 45,structured,1
DEC029_NO_FEEDBACK,train_kb,conservative_noisy_or_conflict_adjusted,PixelWare Smartphone Max 45,made_of_material,plastic,pixelware smartphone max 45|made_of_material|plastic,0.98,product_45,structured,structured_row:PixelWare Smartphone Max 45,structured,1
DEC029_NO_FEEDBACK,train_kb,conservative_noisy_or_conflict_adjusted,PixelWare Smartphone Max 45,target_market_region,US,pixelware smartphone max 45|target_market_region|us,0.98,product_45,structured,structured_row:PixelWare Smartphone Max 45,structured,1
DEC029_NO_FEEDBACK,train_kb,conservative_noisy_or_conflict_adjusted,PixelWare Smartphone Max 45,supports_fast_charging,yes,pixelware smartphone max 45|supports_fast_charging|yes,0.98,product_45,structured,structured_row:PixelWare Smartphone Max 45,structured,1
DEC029_NO_FEEDBACK,train_kb,conservative_noisy_or_conflict_adjusted,PixelWare Smartphone Max 45,has_noise_cancellation,no,pixelware smartphone max 45|has_noise_cancellation|no,0.98,product_45,structured,structured_row:PixelWare Smartphone Max 45,structured,1
DEC029_NO_FEEDBACK,train_kb,conservative_noisy_or_conflict_adjusted,PixelWare Smartphone Max 45,manufactured_by,PixelWare,pixelware smartphone max 45|manufactured_by|pixelware,0.95,product_45,unstructured,PixelWare Smartphone Max 45 is manufactured by PixelWare. It is a smartphone device. Comes with 32GB of RAM. Weighs approximately 0.18kg. Available in black. Fast charging is yes. Noise cancellation: no.,unstructured,1
DEC029_NO_FEEDBACK,train_kb,conservative_noisy_or_conflict_adjusted,PixelWare Smartphone Max 45,has_ram_gb,32,pixelware smartphone max 45|has_ram_gb|32,0.95,product_45,unstructured,PixelWare Smartphone Max 45 is manufactured by PixelWare. It is a smartphone device. Comes with 32GB of RAM. Weighs approximately 0.18kg. Available in black. Fast charging is yes. Noise cancellation: no.,unstructured,1
DEC029_NO_FEEDBACK,train_kb,conservative_noisy_or_conflict_adjusted,PixelWare Smartphone Max 45,has_weight_kg,0.18,pixelware smartphone max 45|has_weight_kg|0.18,0.95,product_45,unstructured,PixelWare Smartphone Max 45 is manufactured by PixelWare. It is a smartphone device. Comes with 32GB of RAM. Weighs approximately 0.18kg. Available in black. Fast charging is yes. Noise cancellation: no.,unstructured,1
DEC029_NO_FEEDBACK,train_kb,conservative_noisy_or_conflict_adjusted,PixelWare Smartphone Max 45,has_color,black,pixelware smartphone max 45|has_color|black,0.95,product_45,unstructured,PixelWare Smartphone Max 45 is manufactured by PixelWare. It is a smartphone device. Comes with 32GB of RAM. Weighs approximately 0.18kg. Available in black. Fast charging is yes. Noise cancellation: no.,unstructured,1
DEC029_NO_FEEDBACK,train_kb,conservative_noisy_or_conflict_adjusted,PixelWare Smartphone Max 45,supports_fast_charging,yes,pixelware smartphone max 45|supports_fast_charging|yes,0.95,product_45,unstructured,PixelWare Smartphone Max 45 is manufactured by PixelWare. It is a smartphone device. Comes with 32GB of RAM. Weighs approximately 0.18kg. Available in black. Fast charging is yes. Noise cancellation: no.,unstructured,1
DEC029_NO_FEEDBACK,train_kb,conservative_noisy_or_conflict_adjusted,PixelWare Smartphone Max 45,has_noise_cancellation,no,pixelware smartphone max 45|has_noise_cancellation|no,0.95,product_45,unstructured,PixelWare Smartphone Max 45 is manufactured by PixelWare. It is a smartphone device. Comes with 32GB of RAM. Weighs approximately 0.18kg. Available in black. Fast charging is yes. Noise cancellation: no.,unstructured,1
DEC029_NO_FEEDBACK,train_kb,conservative_noisy_or_conflict_adjusted,Zenbyte Headphones Plus 47,manufactured_by,Zenbyte,zenbyte headphones plus 47|manufactured_by|zenbyte,0.98,product_47,structured,structured_row:Zenbyte Headphones Plus 47,structured,1
DEC029_NO_FEEDBACK,train_kb,conservative_noisy_or_conflict_adjusted,Zenbyte Headphones Plus 47,belongs_to_category,headphones,zenbyte headphones plus 47|belongs_to_category|headphones,0.98,product_47,structured,structured_row:Zenbyte Headphones Plus 47,structured,1
DEC029_NO_FEEDBACK,train_kb,conservative_noisy_or_conflict_adjusted,Zenbyte Headphones Plus 47,has_price_usd,1099,zenbyte headphones plus 47|has_price_usd|1099,0.98,product_47,structured,structured_row:Zenbyte Headphones Plus 47,structured,1
DEC029_NO_FEEDBACK,train_kb,conservative_noisy_or_conflict_adjusted,Zenbyte Headphones Plus 47,has_screen_size_inch,14.0,zenbyte headphones plus 47|has_screen_size_inch|14.0,0.98,product_47,structured,structured_row:Zenbyte Headphones Plus 47,structured,1
DEC029_NO_FEEDBACK,train_kb,conservative_noisy_or_conflict_adjusted,Zenbyte Headphones Plus 47,has_ram_gb,12,zenbyte headphones plus 47|has_ram_gb|12,0.98,product_47,structured,structured_row:Zenbyte Headphones Plus 47,structured,1
DEC029_NO_FEEDBACK,train_kb,conservative_noisy_or_conflict_adjusted,Zenbyte Headphones Plus 47,has_storage_gb,1024,zenbyte headphones plus 47|has_storage_gb|1024,0.98,product_47,structured,structured_row:Zenbyte Headphones Plus 47,structured,1
DEC029_NO_FEEDBACK,train_kb,conservative_noisy_or_conflict_adjusted,Zenbyte Headphones Plus 47,has_battery_life_hours,20,zenbyte headphones plus 47|has_battery_life_hours|20,0.98,product_47,structured,structured_row:Zenbyte Headphones Plus 47,structured,1
DEC029_NO_FEEDBACK,train_kb,conservative_noisy_or_conflict_adjusted,Zenbyte Headphones Plus 47,has_weight_kg,1.8,zenbyte headphones plus 47|has_weight_kg|1.8,0.98,product_47,structured,structured_row:Zenbyte Headphones Plus 47,structured,1
DEC029_NO_FEEDBACK,train_kb,conservative_noisy_or_conflict_adjusted,Zenbyte Headphones Plus 47,has_color,silver,zenbyte headphones plus 47|has_color|silver,0.98,product_47,structured,structured_row:Zenbyte Headphones Plus 47,structured,1
DEC029_NO_FEEDBACK,train_kb,conservative_noisy_or_conflict_adjusted,Zenbyte Headphones Plus 47,made_of_material,aluminum,zenbyte headphones plus 47|made_of_material|aluminum,0.98,product_47,structured,structured_row:Zenbyte Headphones Plus 47,structured,1
DEC029_NO_FEEDBACK,train_kb,conservative_noisy_or_conflict_adjusted,Zenbyte Headphones Plus 47,target_market_region,US,zenbyte headphones plus 47|target_market_region|us,0.98,product_47,structured,structured_row:Zenbyte Headphones Plus 47,structured,1
DEC029_NO_FEEDBACK,train_kb,conservative_noisy_or_conflict_adjusted,Zenbyte Headphones Plus 47,supports_fast_charging,yes,zenbyte headphones plus 47|supports_fast_charging|yes,0.98,product_47,structured,structured_row:Zenbyte Headphones Plus 47,structured,1
DEC029_NO_FEEDBACK,train_kb,conservative_noisy_or_conflict_adjusted,Zenbyte Headphones Plus 47,has_noise_cancellation,no,zenbyte headphones plus 47|has_noise_cancellation|no,0.98,product_47,structured,structured_row:Zenbyte Headphones Plus 47,structured,1
DEC029_NO_FEEDBACK,train_kb,conservative_noisy_or_conflict_adjusted,headphones device,has_screen_size_inch,14.0,headphones device|has_screen_size_inch|14.0,0.85,product_47,unstructured,It is a headphones device. The display measures 14.0 inches. Comes with 12GB of RAM. Battery lasts up to 20 hours. Weighs approximately 1.8kg. Built with aluminum construction. Noise cancellation: no.,unstructured,1
DEC029_NO_FEEDBACK,train_kb,conservative_noisy_or_conflict_adjusted,headphones device,has_ram_gb,12,headphones device|has_ram_gb|12,0.92,product_47,unstructured,It is a headphones device. The display measures 14.0 inches. Comes with 12GB of RAM. Battery lasts up to 20 hours. Weighs approximately 1.8kg. Built with aluminum construction. Noise cancellation: no.,unstructured,1
DEC029_NO_FEEDBACK,train_kb,conservative_noisy_or_conflict_adjusted,headphones device,has_battery_life_hours,20,headphones device|has_battery_life_hours|20,0.88,product_47,unstructured,It is a headphones device. The display measures 14.0 inches. Comes with 12GB of RAM. Battery lasts up to 20 hours. Weighs approximately 1.8kg. Built with aluminum construction. Noise cancellation: no.,unstructured,1
DEC029_NO_FEEDBACK,train_kb,conservative_noisy_or_conflict_adjusted,headphones device,has_weight_kg,1.8,headphones device|has_weight_kg|1.8,0.9,product_47,unstructured,It is a headphones device. The display measures 14.0 inches. Comes with 12GB of RAM. Battery lasts up to 20 hours. Weighs approximately 1.8kg. Built with aluminum construction. Noise cancellation: no.,unstructured,1
DEC029_NO_FEEDBACK,train_kb,conservative_noisy_or_conflict_adjusted,headphones device,made_of_material,aluminum,headphones device|made_of_material|aluminum,0.86,product_47,unstructured,It is a headphones device. The display measures 14.0 inches. Comes with 12GB of RAM. Battery lasts up to 20 hours. Weighs approximately 1.8kg. Built with aluminum construction. Noise cancellation: no.,unstructured,1
DEC029_NO_FEEDBACK,train_kb,conservative_noisy_or_conflict_adjusted,headphones device,has_noise_cancellation,no,headphones device|has_noise_cancellation|no,0.89,product_47,unstructured,It is a headphones device. The display measures 14.0 inches. Comes with 12GB of RAM. Battery lasts up to 20 hours. Weighs approximately 1.8kg. Built with aluminum construction. Noise cancellation: no.,unstructured,1
DEC029_NO_FEEDBACK,train_kb,conservative_noisy_or_conflict_adjusted,Auralex Headphones Pro 48,manufactured_by,Auralex,auralex headphones pro 48|manufactured_by|auralex,0.98,product_48,structured,structured_row:Auralex Headphones Pro 48,structured,1
DEC029_NO_FEEDBACK,train_kb,conservative_noisy_or_conflict_adjusted,Auralex Headphones Pro 48,belongs_to_category,headphones,auralex headphones pro 48|belongs_to_category|headphones,0.98,product_48,structured,structured_row:Auralex Headphones Pro 48,structured,1
DEC029_NO_FEEDBACK,train_kb,conservative_noisy_or_conflict_adjusted,Auralex Headphones Pro 48,has_price_usd,349,auralex headphones pro 48|has_price_usd|349,0.98,product_48,structured,structured_row:Auralex Headphones Pro 48,structured,1
DEC029_NO_FEEDBACK,train_kb,conservative_noisy_or_conflict_adjusted,Auralex Headphones Pro 48,has_screen_size_inch,14.0,auralex headphones pro 48|has_screen_size_inch|14.0,0.98,product_48,structured,structured_row:Auralex Headphones Pro 48,structured,1
DEC029_NO_FEEDBACK,train_kb,conservative_noisy_or_conflict_adjusted,Auralex Headphones Pro 48,has_ram_gb,32,auralex headphones pro 48|has_ram_gb|32,0.98,product_48,structured,structured_row:Auralex Headphones Pro 48,structured,1
DEC029_NO_FEEDBACK,train_kb,conservative_noisy_or_conflict_adjusted,Auralex Headphones Pro 48,has_storage_gb,512,auralex headphones pro 48|has_storage_gb|512,0.98,product_48,structured,structured_row:Auralex Headphones Pro 48,structured,1
DEC029_NO_FEEDBACK,train_kb,conservative_noisy_or_conflict_adjusted,Auralex Headphones Pro 48,has_battery_life_hours,14,auralex headphones pro 48|has_battery_life_hours|14,0.98,product_48,structured,structured_row:Auralex Headphones Pro 48,structured,1
DEC029_NO_FEEDBACK,train_kb,conservative_noisy_or_conflict_adjusted,Auralex Headphones Pro 48,has_weight_kg,1.45,auralex headphones pro 48|has_weight_kg|1.45,0.98,product_48,structured,structured_row:Auralex Headphones Pro 48,structured,1
DEC029_NO_FEEDBACK,train_kb,conservative_noisy_or_conflict_adjusted,Auralex Headphones Pro 48,has_color,green,auralex headphones pro 48|has_color|green,0.98,product_48,structured,structured_row:Auralex Headphones Pro 48,structured,1
DEC029_NO_FEEDBACK,train_kb,conservative_noisy_or_conflict_adjusted,Auralex Headphones Pro 48,made_of_material,plastic,auralex headphones pro 48|made_of_material|plastic,0.98,product_48,structured,structured_row:Auralex Headphones Pro 48,structured,1
DEC029_NO_FEEDBACK,train_kb,conservative_noisy_or_conflict_adjusted,Auralex Headphones Pro 48,target_market_region,EU,auralex headphones pro 48|target_market_region|eu,0.98,product_48,structured,structured_row:Auralex Headphones Pro 48,structured,1
DEC029_NO_FEEDBACK,train_kb,conservative_noisy_or_conflict_adjusted,Auralex Headphones Pro 48,supports_fast_charging,no,auralex headphones pro 48|supports_fast_charging|no,0.98,product_48,structured,structured_row:Auralex Headphones Pro 48,structured,1
DEC029_NO_FEEDBACK,train_kb,conservative_noisy_or_conflict_adjusted,Auralex Headphones Pro 48,has_noise_cancellation,yes,auralex headphones pro 48|has_noise_cancellation|yes,0.98,product_48,structured,structured_row:Auralex Headphones Pro 48,structured,1
DEC029_NO_FEEDBACK,train_kb,conservative_noisy_or_conflict_adjusted,Auralex Headphones Pro 48,manufactured_by,Auralex,auralex headphones pro 48|manufactured_by|auralex,0.95,product_48,unstructured,Auralex Headphones Pro 48 is manufactured by Auralex. Comes with 32GB of RAM. Available in green. Built with plastic construction. Targeted at the EU market. Fast charging is no. Noise cancellation: yes.,unstructured,1
DEC029_NO_FEEDBACK,train_kb,conservative_noisy_or_conflict_adjusted,Auralex Headphones Pro 48,has_ram_gb,32,auralex headphones pro 48|has_ram_gb|32,0.95,product_48,unstructured,Auralex Headphones Pro 48 is manufactured by Auralex. Comes with 32GB of RAM. Available in green. Built with plastic construction. Targeted at the EU market. Fast charging is no. Noise cancellation: yes.,unstructured,1
DEC029_NO_FEEDBACK,train_kb,conservative_noisy_or_conflict_adjusted,Auralex Headphones Pro 48,has_color,green,auralex headphones pro 48|has_color|green,0.95,product_48,unstructured,Auralex Headphones Pro 48 is manufactured by Auralex. Comes with 32GB of RAM. Available in green. Built with plastic construction. Targeted at the EU market. Fast charging is no. Noise cancellation: yes.,unstructured,1
DEC029_NO_FEEDBACK,train_kb,conservative_noisy_or_conflict_adjusted,Auralex Headphones Pro 48,made_of_material,plastic,auralex headphones pro 48|made_of_material|plastic,0.95,product_48,unstructured,Auralex Headphones Pro 48 is manufactured by Auralex. Comes with 32GB of RAM. Available in green. Built with plastic construction. Targeted at the EU market. Fast charging is no. Noise cancellation: yes.,unstructured,1
DEC029_NO_FEEDBACK,train_kb,conservative_noisy_or_conflict_adjusted,Auralex Headphones Pro 48,target_market_region,EU,auralex headphones pro 48|target_market_region|eu,0.95,product_48,unstructured,Auralex Headphones Pro 48 is manufactured by Auralex. Comes with 32GB of RAM. Available in green. Built with plastic construction. Targeted at the EU market. Fast charging is no. Noise cancellation: yes.,unstructured,1
DEC029_NO_FEEDBACK,train_kb,conservative_noisy_or_conflict_adjusted,Auralex Headphones Pro 48,supports_fast_charging,no,auralex headphones pro 48|supports_fast_charging|no,0.95,product_48,unstructured,Auralex Headphones Pro 48 is manufactured by Auralex. Comes with 32GB of RAM. Available in green. Built with plastic construction. Targeted at the EU market. Fast charging is no. Noise cancellation: yes.,unstructured,1
DEC029_NO_FEEDBACK,train_kb,conservative_noisy_or_conflict_adjusted,Auralex Headphones Pro 48,has_noise_cancellation,yes,auralex headphones pro 48|has_noise_cancellation|yes,0.95,product_48,unstructured,Auralex Headphones Pro 48 is manufactured by Auralex. Comes with 32GB of RAM. Available in green. Built with plastic construction. Targeted at the EU market. Fast charging is no. Noise cancellation: yes.,unstructured,1
DEC029_NO_FEEDBACK,train_kb,conservative_noisy_or_conflict_adjusted,NeoTech Headphones Air 49,manufactured_by,NeoTech,neotech headphones air 49|manufactured_by|neotech,0.98,product_49,structured,structured_row:NeoTech Headphones Air 49,structured,1
DEC029_NO_FEEDBACK,train_kb,conservative_noisy_or_conflict_adjusted,NeoTech Headphones Air 49,belongs_to_category,headphones,neotech headphones air 49|belongs_to_category|headphones,0.98,product_49,structured,structured_row:NeoTech Headphones Air 49,structured,1
DEC029_NO_FEEDBACK,train_kb,conservative_noisy_or_conflict_adjusted,NeoTech Headphones Air 49,has_price_usd,1099,neotech headphones air 49|has_price_usd|1099,0.98,product_49,structured,structured_row:NeoTech Headphones Air 49,structured,1
DEC029_NO_FEEDBACK,train_kb,conservative_noisy_or_conflict_adjusted,NeoTech Headphones Air 49,has_screen_size_inch,6.7,neotech headphones air 49|has_screen_size_inch|6.7,0.98,product_49,structured,structured_row:NeoTech Headphones Air 49,structured,1
DEC029_NO_FEEDBACK,train_kb,conservative_noisy_or_conflict_adjusted,NeoTech Headphones Air 49,has_ram_gb,4,neotech headphones air 49|has_ram_gb|4,0.98,product_49,structured,structured_row:NeoTech Headphones Air 49,structured,1
DEC029_NO_FEEDBACK,train_kb,conservative_noisy_or_conflict_adjusted,NeoTech Headphones Air 49,has_storage_gb,1024,neotech headphones air 49|has_storage_gb|1024,0.98,product_49,structured,structured_row:NeoTech Headphones Air 49,structured,1
DEC029_NO_FEEDBACK,train_kb,conservative_noisy_or_conflict_adjusted,NeoTech Headphones Air 49,has_battery_life_hours,12,neotech headphones air 49|has_battery_life_hours|12,0.98,product_49,structured,structured_row:NeoTech Headphones Air 49,structured,1
DEC029_NO_FEEDBACK,train_kb,conservative_noisy_or_conflict_adjusted,NeoTech Headphones Air 49,has_weight_kg,0.55,neotech headphones air 49|has_weight_kg|0.55,0.98,product_49,structured,structured_row:NeoTech Headphones Air 49,structured,1
DEC029_NO_FEEDBACK,train_kb,conservative_noisy_or_conflict_adjusted,NeoTech Headphones Air 49,has_color,blue,neotech headphones air 49|has_color|blue,0.98,product_49,structured,structured_row:NeoTech Headphones Air 49,structured,1
DEC029_NO_FEEDBACK,train_kb,conservative_noisy_or_conflict_adjusted,NeoTech Headphones Air 49,made_of_material,plastic,neotech headphones air 49|made_of_material|plastic,0.98,product_49,structured,structured_row:NeoTech Headphones Air 49,structured,1
DEC029_NO_FEEDBACK,train_kb,conservative_noisy_or_conflict_adjusted,NeoTech Headphones Air 49,target_market_region,APAC,neotech headphones air 49|target_market_region|apac,0.98,product_49,structured,structured_row:NeoTech Headphones Air 49,structured,1
DEC029_NO_FEEDBACK,train_kb,conservative_noisy_or_conflict_adjusted,NeoTech Headphones Air 49,supports_fast_charging,yes,neotech headphones air 49|supports_fast_charging|yes,0.98,product_49,structured,structured_row:NeoTech Headphones Air 49,structured,1
DEC029_NO_FEEDBACK,train_kb,conservative_noisy_or_conflict_adjusted,NeoTech Headphones Air 49,has_noise_cancellation,no,neotech headphones air 49|has_noise_cancellation|no,0.98,product_49,structured,structured_row:NeoTech Headphones Air 49,structured,1
DEC029_NO_FEEDBACK,train_kb,conservative_noisy_or_conflict_adjusted,headphones device,has_price_usd,1099,headphones device|has_price_usd|1099,0.85,product_49,unstructured,It is a headphones device. Priced at 1099 USD. The display measures 6.7 inches. Comes with 4GB of RAM. Battery lasts up to 12 hours. Weighs approximately 0.55kg. Targeted at the APAC market.,unstructured,1
DEC029_NO_FEEDBACK,train_kb,conservative_noisy_or_conflict_adjusted,headphones device,has_screen_size_inch,6.7,headphones device|has_screen_size_inch|6.7,0.92,product_49,unstructured,It is a headphones device. Priced at 1099 USD. The display measures 6.7 inches. Comes with 4GB of RAM. Battery lasts up to 12 hours. Weighs approximately 0.55kg. Targeted at the APAC market.,unstructured,1
DEC029_NO_FEEDBACK,train_kb,conservative_noisy_or_conflict_adjusted,headphones device,has_ram_gb,4,headphones device|has_ram_gb|4,0.88,product_49,unstructured,It is a headphones device. Priced at 1099 USD. The display measures 6.7 inches. Comes with 4GB of RAM. Battery lasts up to 12 hours. Weighs approximately 0.55kg. Targeted at the APAC market.,unstructured,1
DEC029_NO_FEEDBACK,train_kb,conservative_noisy_or_conflict_adjusted,headphones device,has_battery_life_hours,12,headphones device|has_battery_life_hours|12,0.9,product_49,unstructured,It is a headphones device. Priced at 1099 USD. The display measures 6.7 inches. Comes with 4GB of RAM. Battery lasts up to 12 hours. Weighs approximately 0.55kg. Targeted at the APAC market.,unstructured,1
DEC029_NO_FEEDBACK,train_kb,conservative_noisy_or_conflict_adjusted,headphones device,has_weight_kg,0.55,headphones device|has_weight_kg|0.55,0.89,product_49,unstructured,It is a headphones device. Priced at 1099 USD. The display measures 6.7 inches. Comes with 4GB of RAM. Battery lasts up to 12 hours. Weighs approximately 0.55kg. Targeted at the APAC market.,unstructured,1
DEC029_NO_FEEDBACK,train_kb,conservative_noisy_or_conflict_adjusted,headphones device,target_market_region,APAC,headphones device|target_market_region|apac,0.86,product_49,unstructured,It is a headphones device. Priced at 1099 USD. The display measures 6.7 inches. Comes with 4GB of RAM. Battery lasts up to 12 hours. Weighs approximately 0.55kg. Targeted at the APAC market.,unstructured,1
DEC029_NO_FEEDBACK,train_kb,conservative_noisy_or_conflict_adjusted,PixelWare Tablet Lite 50,manufactured_by,PixelWare,pixelware tablet lite 50|manufactured_by|pixelware,0.98,product_50,structured,structured_row:PixelWare Tablet Lite 50,structured,1
DEC029_NO_FEEDBACK,train_kb,conservative_noisy_or_conflict_adjusted,PixelWare Tablet Lite 50,belongs_to_category,tablet,pixelware tablet lite 50|belongs_to_category|tablet,0.98,product_50,structured,structured_row:PixelWare Tablet Lite 50,structured,1
DEC029_NO_FEEDBACK,train_kb,conservative_noisy_or_conflict_adjusted,PixelWare Tablet Lite 50,has_price_usd,699,pixelware tablet lite 50|has_price_usd|699,0.98,product_50,structured,structured_row:PixelWare Tablet Lite 50,structured,1
DEC029_NO_FEEDBACK,train_kb,conservative_noisy_or_conflict_adjusted,PixelWare Tablet Lite 50,has_screen_size_inch,6.7,pixelware tablet lite 50|has_screen_size_inch|6.7,0.98,product_50,structured,structured_row:PixelWare Tablet Lite 50,structured,1
DEC029_NO_FEEDBACK,train_kb,conservative_noisy_or_conflict_adjusted,PixelWare Tablet Lite 50,has_ram_gb,32,pixelware tablet lite 50|has_ram_gb|32,0.98,product_50,structured,structured_row:PixelWare Tablet Lite 50,structured,1
DEC029_NO_FEEDBACK,train_kb,conservative_noisy_or_conflict_adjusted,PixelWare Tablet Lite 50,has_storage_gb,256,pixelware tablet lite 50|has_storage_gb|256,0.98,product_50,structured,structured_row:PixelWare Tablet Lite 50,structured,1
DEC029_NO_FEEDBACK,train_kb,conservative_noisy_or_conflict_adjusted,PixelWare Tablet Lite 50,has_battery_life_hours,8,pixelware tablet lite 50|has_battery_life_hours|8,0.98,product_50,structured,structured_row:PixelWare Tablet Lite 50,structured,1
DEC029_NO_FEEDBACK,train_kb,conservative_noisy_or_conflict_adjusted,PixelWare Tablet Lite 50,has_weight_kg,0.23,pixelware tablet lite 50|has_weight_kg|0.23,0.98,product_50,structured,structured_row:PixelWare Tablet Lite 50,structured,1
DEC029_NO_FEEDBACK,train_kb,conservative_noisy_or_conflict_adjusted,PixelWare Tablet Lite 50,has_color,black,pixelware tablet lite 50|has_color|black,0.98,product_50,structured,structured_row:PixelWare Tablet Lite 50,structured,1
DEC029_NO_FEEDBACK,train_kb,conservative_noisy_or_conflict_adjusted,PixelWare Tablet Lite 50,made_of_material,aluminum,pixelware tablet lite 50|made_of_material|aluminum,0.98,product_50,structured,structured_row:PixelWare Tablet Lite 50,structured,1
DEC029_NO_FEEDBACK,train_kb,conservative_noisy_or_conflict_adjusted,PixelWare Tablet Lite 50,target_market_region,EU,pixelware tablet lite 50|target_market_region|eu,0.98,product_50,structured,structured_row:PixelWare Tablet Lite 50,structured,1
DEC029_NO_FEEDBACK,train_kb,conservative_noisy_or_conflict_adjusted,PixelWare Tablet Lite 50,supports_fast_charging,yes,pixelware tablet lite 50|supports_fast_charging|yes,0.98,product_50,structured,structured_row:PixelWare Tablet Lite 50,structured,1
DEC029_NO_FEEDBACK,train_kb,conservative_noisy_or_conflict_adjusted,PixelWare Tablet Lite 50,has_noise_cancellation,no,pixelware tablet lite 50|has_noise_cancellation|no,0.98,product_50,structured,structured_row:PixelWare Tablet Lite 50,structured,1
