experiment_id,run_id,prob_kb_version,iteration,subject,predicate,object,triple_key,observation_count,observation_confidences,functional_predicate,competitor_count,conservative_noisy_or_support,conflict_adjusted_final_confidence,threshold,above_threshold,previous_final_confidence,crossed_threshold_up,crossed_threshold_down,source_ids,source_types,provenance,gold_label,kb_size,status
DEC023_UNSTRUCTURED_ONLY,train_kb,conservative_noisy_or_conflict_adjusted,2,TechNova Smartphone Pro 1,has_price_usd,1299,technova smartphone pro 1|has_price_usd|1299,2,"[0.95, 0.91]",True,1,0.90871875,0.454359375,0.88,False,0.35624999999999996,False,False,"[""product_8"", ""product_8""]","[""unstructured"", ""unstructured""]","[""Priced at 1299 USD. The display measures 6.1 inches. Comes with 4GB of RAM. Offers 64GB of internal storage. Battery lasts up to 8 hours. Weighs approximately 1.2kg. Built with aluminum construction."", ""Priced at 1299 USD. The display measures 6.1 inches. Comes with 4GB of RAM. Offers 64GB of internal storage. Battery lasts up to 8 hours. Weighs approximately 1.2kg. Built with aluminum construction.""]",0,209,candidate
DEC023_UNSTRUCTURED_ONLY,train_kb,conservative_noisy_or_conflict_adjusted,2,TechNova Smartphone Pro 1,has_screen_size_inch,6.1,technova smartphone pro 1|has_screen_size_inch|6.1,3,"[0.92, 0.95, 0.91]",True,3,0.9717028125,0.242925703125,0.88,False,0.22771875,False,False,"[""product_8"", ""product_13"", ""product_8""]","[""unstructured"", ""unstructured"", ""unstructured""]","[""Priced at 1299 USD. The display measures 6.1 inches. Comes with 4GB of RAM. Offers 64GB of internal storage. Battery lasts up to 8 hours. Weighs approximately 1.2kg. Built with aluminum construction."", ""The display measures 6.1 inches. Comes with 8GB of RAM. Offers 256GB of internal storage. Battery lasts up to 12 hours. Weighs approximately 0.42kg. Available in white. Fast charging is yes."", ""Priced at 1299 USD. The display measures 6.1 inches. Comes with 4GB of RAM. Offers 64GB of internal storage. Battery lasts up to 8 hours. Weighs approximately 1.2kg. Built with aluminum construction.""]",0,209,candidate
DEC023_UNSTRUCTURED_ONLY,train_kb,conservative_noisy_or_conflict_adjusted,2,TechNova Smartphone Pro 1,has_ram_gb,4,technova smartphone pro 1|has_ram_gb|4,4,"[0.93, 0.91, 0.91, 0.91]",True,2,0.9903181897265625,0.3301060632421875,0.88,False,0.30131875,False,False,"[""product_8"", ""product_47"", ""product_8"", ""product_47""]","[""unstructured"", ""unstructured"", ""unstructured"", ""unstructured""]","[""Priced at 1299 USD. The display measures 6.1 inches. Comes with 4GB of RAM. Offers 64GB of internal storage. Battery lasts up to 8 hours. Weighs approximately 1.2kg. Built with aluminum construction."", ""The display measures 13.3 inches. Comes with 4GB of RAM. Offers 512GB of internal storage. Battery lasts up to 8 hours. Weighs approximately 1.45kg. Available in blue. Noise cancellation: no."", ""Priced at 1299 USD. The display measures 6.1 inches. Comes with 4GB of RAM. Offers 64GB of internal storage. Battery lasts up to 8 hours. Weighs approximately 1.2kg. Built with aluminum construction."", ""The display measures 13.3 inches. Comes with 4GB of RAM. Offers 512GB of internal storage. Battery lasts up to 8 hours. Weighs approximately 1.45kg. Available in blue. Noise cancellation: no.""]",0,209,candidate
DEC023_UNSTRUCTURED_ONLY,train_kb,conservative_noisy_or_conflict_adjusted,2,TechNova Smartphone Pro 1,has_storage_gb,64,technova smartphone pro 1|has_storage_gb|64,2,"[0.94, 0.91]",True,3,0.9063375,0.226584375,0.88,False,0.17625,False,False,"[""product_8"", ""product_8""]","[""unstructured"", ""unstructured""]","[""Priced at 1299 USD. The display measures 6.1 inches. Comes with 4GB of RAM. Offers 64GB of internal storage. Battery lasts up to 8 hours. Weighs approximately 1.2kg. Built with aluminum construction."", ""Priced at 1299 USD. The display measures 6.1 inches. Comes with 4GB of RAM. Offers 64GB of internal storage. Battery lasts up to 8 hours. Weighs approximately 1.2kg. Built with aluminum construction.""]",0,209,candidate
DEC023_UNSTRUCTURED_ONLY,train_kb,conservative_noisy_or_conflict_adjusted,2,TechNova Smartphone Pro 1,has_battery_life_hours,8,technova smartphone pro 1|has_battery_life_hours|8,4,"[0.9, 0.91, 0.91, 0.91]",True,3,0.989598055078125,0.24739951376953126,0.88,False,0.224203125,False,False,"[""product_8"", ""product_47"", ""product_8"", ""product_47""]","[""unstructured"", ""unstructured"", ""unstructured"", ""unstructured""]","[""Priced at 1299 USD. The display measures 6.1 inches. Comes with 4GB of RAM. Offers 64GB of internal storage. Battery lasts up to 8 hours. Weighs approximately 1.2kg. Built with aluminum construction."", ""The display measures 13.3 inches. Comes with 4GB of RAM. Offers 512GB of internal storage. Battery lasts up to 8 hours. Weighs approximately 1.45kg. Available in blue. Noise cancellation: no."", ""Priced at 1299 USD. The display measures 6.1 inches. Comes with 4GB of RAM. Offers 64GB of internal storage. Battery lasts up to 8 hours. Weighs approximately 1.2kg. Built with aluminum construction."", ""The display measures 13.3 inches. Comes with 4GB of RAM. Offers 512GB of internal storage. Battery lasts up to 8 hours. Weighs approximately 1.45kg. Available in blue. Noise cancellation: no.""]",0,209,candidate
DEC023_UNSTRUCTURED_ONLY,train_kb,conservative_noisy_or_conflict_adjusted,2,TechNova Smartphone Pro 1,has_weight_kg,1.2,technova smartphone pro 1|has_weight_kg|1.2,2,"[0.96, 0.91]",True,3,0.9111,0.227775,0.88,False,0.18,False,False,"[""product_8"", ""product_8""]","[""unstructured"", ""unstructured""]","[""Priced at 1299 USD. The display measures 6.1 inches. Comes with 4GB of RAM. Offers 64GB of internal storage. Battery lasts up to 8 hours. Weighs approximately 1.2kg. Built with aluminum construction."", ""Priced at 1299 USD. The display measures 6.1 inches. Comes with 4GB of RAM. Offers 64GB of internal storage. Battery lasts up to 8 hours. Weighs approximately 1.2kg. Built with aluminum construction.""]",0,209,candidate
DEC023_UNSTRUCTURED_ONLY,train_kb,conservative_noisy_or_conflict_adjusted,2,TechNova Smartphone Pro 1,made_of_material,aluminum,technova smartphone pro 1|made_of_material|aluminum,2,"[0.89, 0.91]",True,2,0.89443125,0.29814375,0.88,False,0.2225,False,False,"[""product_8"", ""product_8""]","[""unstructured"", ""unstructured""]","[""Priced at 1299 USD. The display measures 6.1 inches. Comes with 4GB of RAM. Offers 64GB of internal storage. Battery lasts up to 8 hours. Weighs approximately 1.2kg. Built with aluminum construction."", ""Priced at 1299 USD. The display measures 6.1 inches. Comes with 4GB of RAM. Offers 64GB of internal storage. Battery lasts up to 8 hours. Weighs approximately 1.2kg. Built with aluminum construction.""]",0,209,candidate
DEC023_UNSTRUCTURED_ONLY,train_kb,conservative_noisy_or_conflict_adjusted,2,laptop device,has_screen_size_inch,11.0,laptop device|has_screen_size_inch|11.0,1,[0.85],True,0,0.6375,0.6375,0.88,False,0.6375,False,False,"[""product_11""]","[""unstructured""]","[""It is a laptop device. The display measures 11.0 inches. Comes with 8GB of RAM. Battery lasts up to 14 hours. Available in silver. Built with plastic construction. Fast charging is no.""]",0,209,candidate
DEC023_UNSTRUCTURED_ONLY,train_kb,conservative_noisy_or_conflict_adjusted,2,laptop device,has_ram_gb,8,laptop device|has_ram_gb|8,1,[0.92],True,0,0.6900000000000001,0.6900000000000001,0.88,False,0.6900000000000001,False,False,"[""product_11""]","[""unstructured""]","[""It is a laptop device. The display measures 11.0 inches. Comes with 8GB of RAM. Battery lasts up to 14 hours. Available in silver. Built with plastic construction. Fast charging is no.""]",0,209,candidate
DEC023_UNSTRUCTURED_ONLY,train_kb,conservative_noisy_or_conflict_adjusted,2,laptop device,has_battery_life_hours,14,laptop device|has_battery_life_hours|14,1,[0.88],True,0,0.66,0.66,0.88,False,0.66,False,False,"[""product_11""]","[""unstructured""]","[""It is a laptop device. The display measures 11.0 inches. Comes with 8GB of RAM. Battery lasts up to 14 hours. Available in silver. Built with plastic construction. Fast charging is no.""]",0,209,candidate
DEC023_UNSTRUCTURED_ONLY,train_kb,conservative_noisy_or_conflict_adjusted,2,laptop device,has_color,silver,laptop device|has_color|silver,1,[0.9],False,0,0.675,0.675,0.88,False,0.675,False,False,"[""product_11""]","[""unstructured""]","[""It is a laptop device. The display measures 11.0 inches. Comes with 8GB of RAM. Battery lasts up to 14 hours. Available in silver. Built with plastic construction. Fast charging is no.""]",0,209,candidate
DEC023_UNSTRUCTURED_ONLY,train_kb,conservative_noisy_or_conflict_adjusted,2,laptop device,made_of_material,plastic,laptop device|made_of_material|plastic,1,[0.86],True,0,0.645,0.645,0.88,False,0.645,False,False,"[""product_11""]","[""unstructured""]","[""It is a laptop device. The display measures 11.0 inches. Comes with 8GB of RAM. Battery lasts up to 14 hours. Available in silver. Built with plastic construction. Fast charging is no.""]",0,209,candidate
DEC023_UNSTRUCTURED_ONLY,train_kb,conservative_noisy_or_conflict_adjusted,2,TechNova Smartphone Pro 1,has_ram_gb,8,technova smartphone pro 1|has_ram_gb|8,3,"[0.91, 0.91, 0.91]",True,2,0.967994015625,0.322664671875,0.88,False,0.2275,False,False,"[""product_13"", ""product_13"", ""product_19""]","[""unstructured"", ""unstructured"", ""unstructured""]","[""The display measures 6.1 inches. Comes with 8GB of RAM. Offers 256GB of internal storage. Battery lasts up to 12 hours. Weighs approximately 0.42kg. Available in white. Fast charging is yes."", ""The display measures 6.1 inches. Comes with 8GB of RAM. Offers 256GB of internal storage. Battery lasts up to 12 hours. Weighs approximately 0.42kg. Available in white. Fast charging is yes."", ""Priced at 499 USD. Offers 128GB of internal storage. Battery lasts up to 24 hours. Weighs approximately 0.23kg. Built with carbon fiber construction. Targeted at the US market. Noise cancellation: no.""]",0,209,candidate
DEC023_UNSTRUCTURED_ONLY,train_kb,conservative_noisy_or_conflict_adjusted,2,TechNova Smartphone Pro 1,has_storage_gb,256,technova smartphone pro 1|has_storage_gb|256,3,"[0.92, 0.94, 0.91]",True,3,0.970964625,0.24274115625,0.88,False,0.2271375,False,False,"[""product_13"", ""product_34"", ""product_13""]","[""unstructured"", ""unstructured"", ""unstructured""]","[""The display measures 6.1 inches. Comes with 8GB of RAM. Offers 256GB of internal storage. Battery lasts up to 12 hours. Weighs approximately 0.42kg. Available in white. Fast charging is yes."", ""The display measures 15.6 inches. Comes with 16GB of RAM. Offers 256GB of internal storage. Battery lasts up to 20 hours. Weighs approximately 0.42kg. Fast charging is yes. Noise cancellation: no."", ""The display measures 6.1 inches. Comes with 8GB of RAM. Offers 256GB of internal storage. Battery lasts up to 12 hours. Weighs approximately 0.42kg. Available in white. Fast charging is yes.""]",0,209,candidate
DEC023_UNSTRUCTURED_ONLY,train_kb,conservative_noisy_or_conflict_adjusted,2,TechNova Smartphone Pro 1,has_battery_life_hours,12,technova smartphone pro 1|has_battery_life_hours|12,2,"[0.9, 0.91]",True,3,0.8968125,0.224203125,0.88,False,0.16875,False,False,"[""product_13"", ""product_13""]","[""unstructured"", ""unstructured""]","[""The display measures 6.1 inches. Comes with 8GB of RAM. Offers 256GB of internal storage. Battery lasts up to 12 hours. Weighs approximately 0.42kg. Available in white. Fast charging is yes."", ""The display measures 6.1 inches. Comes with 8GB of RAM. Offers 256GB of internal storage. Battery lasts up to 12 hours. Weighs approximately 0.42kg. Available in white. Fast charging is yes.""]",0,209,candidate
DEC023_UNSTRUCTURED_ONLY,train_kb,conservative_noisy_or_conflict_adjusted,2,TechNova Smartphone Pro 1,has_weight_kg,0.42,technova smartphone pro 1|has_weight_kg|0.42,3,"[0.88, 0.96, 0.91]",True,3,0.969774,0.2424435,0.88,False,0.2262,False,False,"[""product_13"", ""product_34"", ""product_13""]","[""unstructured"", ""unstructured"", ""unstructured""]","[""The display measures 6.1 inches. Comes with 8GB of RAM. Offers 256GB of internal storage. Battery lasts up to 12 hours. Weighs approximately 0.42kg. Available in white. Fast charging is yes."", ""The display measures 15.6 inches. Comes with 16GB of RAM. Offers 256GB of internal storage. Battery lasts up to 20 hours. Weighs approximately 0.42kg. Fast charging is yes. Noise cancellation: no."", ""The display measures 6.1 inches. Comes with 8GB of RAM. Offers 256GB of internal storage. Battery lasts up to 12 hours. Weighs approximately 0.42kg. Available in white. Fast charging is yes.""]",0,209,candidate
DEC023_UNSTRUCTURED_ONLY,train_kb,conservative_noisy_or_conflict_adjusted,2,TechNova Smartphone Pro 1,has_color,white,technova smartphone pro 1|has_color|white,2,"[0.85, 0.91]",False,1,0.88490625,0.88490625,0.88,True,0.6375,True,False,"[""product_13"", ""product_13""]","[""unstructured"", ""unstructured""]","[""The display measures 6.1 inches. Comes with 8GB of RAM. Offers 256GB of internal storage. Battery lasts up to 12 hours. Weighs approximately 0.42kg. Available in white. Fast charging is yes."", ""The display measures 6.1 inches. Comes with 8GB of RAM. Offers 256GB of internal storage. Battery lasts up to 12 hours. Weighs approximately 0.42kg. Available in white. Fast charging is yes.""]",0,209,candidate
DEC023_UNSTRUCTURED_ONLY,train_kb,conservative_noisy_or_conflict_adjusted,2,TechNova Smartphone Pro 1,supports_fast_charging,yes,technova smartphone pro 1|supports_fast_charging|yes,3,"[0.89, 0.92, 0.91]",True,1,0.9672736875,0.48363684375,0.88,False,0.4484625,False,False,"[""product_13"", ""product_34"", ""product_13""]","[""unstructured"", ""unstructured"", ""unstructured""]","[""The display measures 6.1 inches. Comes with 8GB of RAM. Offers 256GB of internal storage. Battery lasts up to 12 hours. Weighs approximately 0.42kg. Available in white. Fast charging is yes."", ""The display measures 15.6 inches. Comes with 16GB of RAM. Offers 256GB of internal storage. Battery lasts up to 20 hours. Weighs approximately 0.42kg. Fast charging is yes. Noise cancellation: no."", ""The display measures 6.1 inches. Comes with 8GB of RAM. Offers 256GB of internal storage. Battery lasts up to 12 hours. Weighs approximately 0.42kg. Available in white. Fast charging is yes.""]",0,209,candidate
DEC023_UNSTRUCTURED_ONLY,train_kb,conservative_noisy_or_conflict_adjusted,2,VoltEdge Tablet Pro 15,manufactured_by,VoltEdge,voltedge tablet pro 15|manufactured_by|voltedge,1,[0.95],True,0,0.7124999999999999,0.7124999999999999,0.88,False,0.7124999999999999,False,False,"[""product_15""]","[""unstructured""]","[""VoltEdge Tablet Pro 15 is manufactured by VoltEdge. It is a tablet device. Priced at 1299 USD. Comes with 6GB of RAM. Battery lasts up to 24 hours. Available in green. Noise cancellation: no.""]",1,209,candidate
DEC023_UNSTRUCTURED_ONLY,train_kb,conservative_noisy_or_conflict_adjusted,2,VoltEdge Tablet Pro 15,has_price_usd,1299,voltedge tablet pro 15|has_price_usd|1299,1,[0.92],True,0,0.6900000000000001,0.6900000000000001,0.88,False,0.6900000000000001,False,False,"[""product_15""]","[""unstructured""]","[""VoltEdge Tablet Pro 15 is manufactured by VoltEdge. It is a tablet device. Priced at 1299 USD. Comes with 6GB of RAM. Battery lasts up to 24 hours. Available in green. Noise cancellation: no.""]",1,209,candidate
DEC023_UNSTRUCTURED_ONLY,train_kb,conservative_noisy_or_conflict_adjusted,2,VoltEdge Tablet Pro 15,has_ram_gb,6,voltedge tablet pro 15|has_ram_gb|6,1,[0.93],True,0,0.6975,0.6975,0.88,False,0.6975,False,False,"[""product_15""]","[""unstructured""]","[""VoltEdge Tablet Pro 15 is manufactured by VoltEdge. It is a tablet device. Priced at 1299 USD. Comes with 6GB of RAM. Battery lasts up to 24 hours. Available in green. Noise cancellation: no.""]",1,209,candidate
DEC023_UNSTRUCTURED_ONLY,train_kb,conservative_noisy_or_conflict_adjusted,2,VoltEdge Tablet Pro 15,has_battery_life_hours,24,voltedge tablet pro 15|has_battery_life_hours|24,1,[0.94],True,0,0.705,0.705,0.88,False,0.705,False,False,"[""product_15""]","[""unstructured""]","[""VoltEdge Tablet Pro 15 is manufactured by VoltEdge. It is a tablet device. Priced at 1299 USD. Comes with 6GB of RAM. Battery lasts up to 24 hours. Available in green. Noise cancellation: no.""]",1,209,candidate
DEC023_UNSTRUCTURED_ONLY,train_kb,conservative_noisy_or_conflict_adjusted,2,VoltEdge Tablet Pro 15,has_color,green,voltedge tablet pro 15|has_color|green,1,[0.9],False,0,0.675,0.675,0.88,False,0.675,False,False,"[""product_15""]","[""unstructured""]","[""VoltEdge Tablet Pro 15 is manufactured by VoltEdge. It is a tablet device. Priced at 1299 USD. Comes with 6GB of RAM. Battery lasts up to 24 hours. Available in green. Noise cancellation: no.""]",1,209,candidate
DEC023_UNSTRUCTURED_ONLY,train_kb,conservative_noisy_or_conflict_adjusted,2,VoltEdge Tablet Pro 15,has_noise_cancellation,no,voltedge tablet pro 15|has_noise_cancellation|no,1,[0.88],True,0,0.66,0.66,0.88,False,0.66,False,False,"[""product_15""]","[""unstructured""]","[""VoltEdge Tablet Pro 15 is manufactured by VoltEdge. It is a tablet device. Priced at 1299 USD. Comes with 6GB of RAM. Battery lasts up to 24 hours. Available in green. Noise cancellation: no.""]",1,209,candidate
DEC023_UNSTRUCTURED_ONLY,train_kb,conservative_noisy_or_conflict_adjusted,2,tablet device,has_screen_size_inch,13.3,tablet device|has_screen_size_inch|13.3,2,"[0.92, 0.85]",True,0,0.887625,0.887625,0.88,True,0.6900000000000001,True,False,"[""product_16"", ""product_16""]","[""unstructured"", ""unstructured""]","[""It is a tablet device. The display measures 13.3 inches. Comes with 32GB of RAM. Offers 64GB of internal storage. Weighs approximately 1.45kg. Fast charging is no. Noise cancellation: no."", ""It is a tablet device. The display measures 13.3 inches. Comes with 32GB of RAM. Offers 64GB of internal storage. Weighs approximately 1.45kg. Fast charging is no. Noise cancellation: no.""]",0,209,candidate
DEC023_UNSTRUCTURED_ONLY,train_kb,conservative_noisy_or_conflict_adjusted,2,tablet device,has_ram_gb,32,tablet device|has_ram_gb|32,2,"[0.93, 0.85]",True,0,0.89034375,0.89034375,0.88,True,0.6975,True,False,"[""product_16"", ""product_16""]","[""unstructured"", ""unstructured""]","[""It is a tablet device. The display measures 13.3 inches. Comes with 32GB of RAM. Offers 64GB of internal storage. Weighs approximately 1.45kg. Fast charging is no. Noise cancellation: no."", ""It is a tablet device. The display measures 13.3 inches. Comes with 32GB of RAM. Offers 64GB of internal storage. Weighs approximately 1.45kg. Fast charging is no. Noise cancellation: no.""]",0,209,candidate
DEC023_UNSTRUCTURED_ONLY,train_kb,conservative_noisy_or_conflict_adjusted,2,tablet device,has_storage_gb,64,tablet device|has_storage_gb|64,2,"[0.94, 0.85]",True,0,0.8930625,0.8930625,0.88,True,0.705,True,False,"[""product_16"", ""product_16""]","[""unstructured"", ""unstructured""]","[""It is a tablet device. The display measures 13.3 inches. Comes with 32GB of RAM. Offers 64GB of internal storage. Weighs approximately 1.45kg. Fast charging is no. Noise cancellation: no."", ""It is a tablet device. The display measures 13.3 inches. Comes with 32GB of RAM. Offers 64GB of internal storage. Weighs approximately 1.45kg. Fast charging is no. Noise cancellation: no.""]",0,209,candidate
DEC023_UNSTRUCTURED_ONLY,train_kb,conservative_noisy_or_conflict_adjusted,2,tablet device,has_weight_kg,1.45,tablet device|has_weight_kg|1.45,2,"[0.95, 0.85]",True,0,0.89578125,0.89578125,0.88,True,0.7124999999999999,True,False,"[""product_16"", ""product_16""]","[""unstructured"", ""unstructured""]","[""It is a tablet device. The display measures 13.3 inches. Comes with 32GB of RAM. Offers 64GB of internal storage. Weighs approximately 1.45kg. Fast charging is no. Noise cancellation: no."", ""It is a tablet device. The display measures 13.3 inches. Comes with 32GB of RAM. Offers 64GB of internal storage. Weighs approximately 1.45kg. Fast charging is no. Noise cancellation: no.""]",0,209,candidate
DEC023_UNSTRUCTURED_ONLY,train_kb,conservative_noisy_or_conflict_adjusted,2,tablet device,supports_fast_charging,no,tablet device|supports_fast_charging|no,2,"[0.9, 0.85]",True,0,0.8821875,0.8821875,0.88,True,0.675,True,False,"[""product_16"", ""product_16""]","[""unstructured"", ""unstructured""]","[""It is a tablet device. The display measures 13.3 inches. Comes with 32GB of RAM. Offers 64GB of internal storage. Weighs approximately 1.45kg. Fast charging is no. Noise cancellation: no."", ""It is a tablet device. The display measures 13.3 inches. Comes with 32GB of RAM. Offers 64GB of internal storage. Weighs approximately 1.45kg. Fast charging is no. Noise cancellation: no.""]",0,209,candidate
DEC023_UNSTRUCTURED_ONLY,train_kb,conservative_noisy_or_conflict_adjusted,2,tablet device,has_noise_cancellation,no,tablet device|has_noise_cancellation|no,2,"[0.91, 0.85]",True,0,0.88490625,0.88490625,0.88,True,0.6825,True,False,"[""product_16"", ""product_16""]","[""unstructured"", ""unstructured""]","[""It is a tablet device. The display measures 13.3 inches. Comes with 32GB of RAM. Offers 64GB of internal storage. Weighs approximately 1.45kg. Fast charging is no. Noise cancellation: no."", ""It is a tablet device. The display measures 13.3 inches. Comes with 32GB of RAM. Offers 64GB of internal storage. Weighs approximately 1.45kg. Fast charging is no. Noise cancellation: no.""]",0,209,candidate
DEC023_UNSTRUCTURED_ONLY,train_kb,conservative_noisy_or_conflict_adjusted,2,Auralex Headphones Pro 18,manufactured_by,Auralex,auralex headphones pro 18|manufactured_by|auralex,1,[0.85],True,0,0.6375,0.6375,0.88,False,0.6375,False,False,"[""product_18""]","[""unstructured""]","[""Auralex Headphones Pro 18 is manufactured by Auralex. It is a headphones device. Comes with 4GB of RAM. Battery lasts up to 18 hours. Built with plastic construction. Targeted at the EU market. Noise cancellation: yes.""]",1,209,candidate
DEC023_UNSTRUCTURED_ONLY,train_kb,conservative_noisy_or_conflict_adjusted,2,Auralex Headphones Pro 18,belongs_to_category,headphones,auralex headphones pro 18|belongs_to_category|headphones,1,[0.92],True,0,0.6900000000000001,0.6900000000000001,0.88,False,0.6900000000000001,False,False,"[""product_18""]","[""unstructured""]","[""Auralex Headphones Pro 18 is manufactured by Auralex. It is a headphones device. Comes with 4GB of RAM. Battery lasts up to 18 hours. Built with plastic construction. Targeted at the EU market. Noise cancellation: yes.""]",1,209,candidate
DEC023_UNSTRUCTURED_ONLY,train_kb,conservative_noisy_or_conflict_adjusted,2,Auralex Headphones Pro 18,has_ram_gb,4,auralex headphones pro 18|has_ram_gb|4,1,[0.88],True,0,0.66,0.66,0.88,False,0.66,False,False,"[""product_18""]","[""unstructured""]","[""Auralex Headphones Pro 18 is manufactured by Auralex. It is a headphones device. Comes with 4GB of RAM. Battery lasts up to 18 hours. Built with plastic construction. Targeted at the EU market. Noise cancellation: yes.""]",1,209,candidate
DEC023_UNSTRUCTURED_ONLY,train_kb,conservative_noisy_or_conflict_adjusted,2,Auralex Headphones Pro 18,has_battery_life_hours,18,auralex headphones pro 18|has_battery_life_hours|18,1,[0.9],True,0,0.675,0.675,0.88,False,0.675,False,False,"[""product_18""]","[""unstructured""]","[""Auralex Headphones Pro 18 is manufactured by Auralex. It is a headphones device. Comes with 4GB of RAM. Battery lasts up to 18 hours. Built with plastic construction. Targeted at the EU market. Noise cancellation: yes.""]",1,209,candidate
DEC023_UNSTRUCTURED_ONLY,train_kb,conservative_noisy_or_conflict_adjusted,2,Auralex Headphones Pro 18,made_of_material,plastic,auralex headphones pro 18|made_of_material|plastic,1,[0.86],True,0,0.645,0.645,0.88,False,0.645,False,False,"[""product_18""]","[""unstructured""]","[""Auralex Headphones Pro 18 is manufactured by Auralex. It is a headphones device. Comes with 4GB of RAM. Battery lasts up to 18 hours. Built with plastic construction. Targeted at the EU market. Noise cancellation: yes.""]",1,209,candidate
DEC023_UNSTRUCTURED_ONLY,train_kb,conservative_noisy_or_conflict_adjusted,2,Auralex Headphones Pro 18,target_market_region,EU,auralex headphones pro 18|target_market_region|eu,1,[0.89],True,0,0.6675,0.6675,0.88,False,0.6675,False,False,"[""product_18""]","[""unstructured""]","[""Auralex Headphones Pro 18 is manufactured by Auralex. It is a headphones device. Comes with 4GB of RAM. Battery lasts up to 18 hours. Built with plastic construction. Targeted at the EU market. Noise cancellation: yes.""]",1,209,candidate
DEC023_UNSTRUCTURED_ONLY,train_kb,conservative_noisy_or_conflict_adjusted,2,TechNova Smartphone Pro 1,has_storage_gb,128,technova smartphone pro 1|has_storage_gb|128,2,"[0.92, 0.93]",True,3,0.9062250000000001,0.22655625000000001,0.88,False,0.22655625000000001,False,False,"[""product_19"", ""product_31""]","[""unstructured"", ""unstructured""]","[""Priced at 499 USD. Offers 128GB of internal storage. Battery lasts up to 24 hours. Weighs approximately 0.23kg. Built with carbon fiber construction. Targeted at the US market. Noise cancellation: no."", ""The display measures 10.9 inches. Offers 128GB of internal storage. Weighs approximately 0.23kg. Built with plastic construction. Targeted at the EU market. Fast charging is no. Noise cancellation: no.""]",0,209,candidate
DEC023_UNSTRUCTURED_ONLY,train_kb,conservative_noisy_or_conflict_adjusted,2,TechNova Smartphone Pro 1,has_battery_life_hours,24,technova smartphone pro 1|has_battery_life_hours|24,1,[0.94],True,3,0.705,0.17625,0.88,False,0.17625,False,False,"[""product_19""]","[""unstructured""]","[""Priced at 499 USD. Offers 128GB of internal storage. Battery lasts up to 24 hours. Weighs approximately 0.23kg. Built with carbon fiber construction. Targeted at the US market. Noise cancellation: no.""]",0,209,candidate
DEC023_UNSTRUCTURED_ONLY,train_kb,conservative_noisy_or_conflict_adjusted,2,TechNova Smartphone Pro 1,has_weight_kg,0.23,technova smartphone pro 1|has_weight_kg|0.23,2,"[0.95, 0.94]",True,3,0.9151874999999999,0.22879687499999998,0.88,False,0.22879687499999998,False,False,"[""product_19"", ""product_31""]","[""unstructured"", ""unstructured""]","[""Priced at 499 USD. Offers 128GB of internal storage. Battery lasts up to 24 hours. Weighs approximately 0.23kg. Built with carbon fiber construction. Targeted at the US market. Noise cancellation: no."", ""The display measures 10.9 inches. Offers 128GB of internal storage. Weighs approximately 0.23kg. Built with plastic construction. Targeted at the EU market. Fast charging is no. Noise cancellation: no.""]",0,209,candidate
DEC023_UNSTRUCTURED_ONLY,train_kb,conservative_noisy_or_conflict_adjusted,2,TechNova Smartphone Pro 1,made_of_material,carbon fiber,technova smartphone pro 1|made_of_material|carbon fiber,1,[0.9],True,2,0.675,0.225,0.88,False,0.225,False,False,"[""product_19""]","[""unstructured""]","[""Priced at 499 USD. Offers 128GB of internal storage. Battery lasts up to 24 hours. Weighs approximately 0.23kg. Built with carbon fiber construction. Targeted at the US market. Noise cancellation: no.""]",0,209,candidate
DEC023_UNSTRUCTURED_ONLY,train_kb,conservative_noisy_or_conflict_adjusted,2,TechNova Smartphone Pro 1,target_market_region,US,technova smartphone pro 1|target_market_region|us,1,[0.93],True,1,0.6975,0.34875,0.88,False,0.34875,False,False,"[""product_19""]","[""unstructured""]","[""Priced at 499 USD. Offers 128GB of internal storage. Battery lasts up to 24 hours. Weighs approximately 0.23kg. Built with carbon fiber construction. Targeted at the US market. Noise cancellation: no.""]",0,209,candidate
DEC023_UNSTRUCTURED_ONLY,train_kb,conservative_noisy_or_conflict_adjusted,2,TechNova Smartphone Pro 1,has_noise_cancellation,no,technova smartphone pro 1|has_noise_cancellation|no,4,"[0.88, 0.81, 0.9, 0.91]",True,0,0.986229628125,0.986229628125,0.88,True,0.95662875,False,False,"[""product_19"", ""product_31"", ""product_34"", ""product_47""]","[""unstructured"", ""unstructured"", ""unstructured"", ""unstructured""]","[""Priced at 499 USD. Offers 128GB of internal storage. Battery lasts up to 24 hours. Weighs approximately 0.23kg. Built with carbon fiber construction. Targeted at the US market. Noise cancellation: no."", ""The display measures 10.9 inches. Offers 128GB of internal storage. Weighs approximately 0.23kg. Built with plastic construction. Targeted at the EU market. Fast charging is no. Noise cancellation: no."", ""The display measures 15.6 inches. Comes with 16GB of RAM. Offers 256GB of internal storage. Battery lasts up to 20 hours. Weighs approximately 0.42kg. Fast charging is yes. Noise cancellation: no."", ""The display measures 13.3 inches. Comes with 4GB of RAM. Offers 512GB of internal storage. Battery lasts up to 8 hours. Weighs approximately 1.45kg. Available in blue. Noise cancellation: no.""]",0,209,candidate
DEC023_UNSTRUCTURED_ONLY,train_kb,conservative_noisy_or_conflict_adjusted,2,TechNova Smartphone Pro 1,has_price_usd,499,technova smartphone pro 1|has_price_usd|499,1,[0.91],True,1,0.6825,0.34125,0.88,False,0.34125,False,False,"[""product_19""]","[""unstructured""]","[""Priced at 499 USD. Offers 128GB of internal storage. Battery lasts up to 24 hours. Weighs approximately 0.23kg. Built with carbon fiber construction. Targeted at the US market. Noise cancellation: no.""]",0,209,candidate
DEC023_UNSTRUCTURED_ONLY,train_kb,conservative_noisy_or_conflict_adjusted,2,TechNova Smartwatch Air 20,manufactured_by,TechNova,technova smartwatch air 20|manufactured_by|technova,2,"[1.0, 0.95]",True,0,0.928125,0.928125,0.88,True,0.75,True,False,"[""product_20"", ""product_20""]","[""unstructured"", ""unstructured""]","[""TechNova Smartwatch Air 20 is manufactured by TechNova. It is a smartwatch device. Weighs approximately 1.2kg. Built with plastic construction. Targeted at the Global market. Fast charging is yes. Noise cancellation: no."", ""TechNova Smartwatch Air 20 is manufactured by TechNova. It is a smartwatch device. Weighs approximately 1.2kg. Built with plastic construction. Targeted at the Global market. Fast charging is yes. Noise cancellation: no.""]",1,209,candidate
DEC023_UNSTRUCTURED_ONLY,train_kb,conservative_noisy_or_conflict_adjusted,2,TechNova Smartwatch Air 20,has_weight_kg,1.2,technova smartwatch air 20|has_weight_kg|1.2,2,"[1.0, 0.95]",True,0,0.928125,0.928125,0.88,True,0.75,True,False,"[""product_20"", ""product_20""]","[""unstructured"", ""unstructured""]","[""TechNova Smartwatch Air 20 is manufactured by TechNova. It is a smartwatch device. Weighs approximately 1.2kg. Built with plastic construction. Targeted at the Global market. Fast charging is yes. Noise cancellation: no."", ""TechNova Smartwatch Air 20 is manufactured by TechNova. It is a smartwatch device. Weighs approximately 1.2kg. Built with plastic construction. Targeted at the Global market. Fast charging is yes. Noise cancellation: no.""]",1,209,candidate
DEC023_UNSTRUCTURED_ONLY,train_kb,conservative_noisy_or_conflict_adjusted,2,TechNova Smartwatch Air 20,made_of_material,plastic,technova smartwatch air 20|made_of_material|plastic,2,"[1.0, 0.95]",True,0,0.928125,0.928125,0.88,True,0.75,True,False,"[""product_20"", ""product_20""]","[""unstructured"", ""unstructured""]","[""TechNova Smartwatch Air 20 is manufactured by TechNova. It is a smartwatch device. Weighs approximately 1.2kg. Built with plastic construction. Targeted at the Global market. Fast charging is yes. Noise cancellation: no."", ""TechNova Smartwatch Air 20 is manufactured by TechNova. It is a smartwatch device. Weighs approximately 1.2kg. Built with plastic construction. Targeted at the Global market. Fast charging is yes. Noise cancellation: no.""]",1,209,candidate
DEC023_UNSTRUCTURED_ONLY,train_kb,conservative_noisy_or_conflict_adjusted,2,TechNova Smartwatch Air 20,target_market_region,Global,technova smartwatch air 20|target_market_region|global,2,"[1.0, 0.95]",True,0,0.928125,0.928125,0.88,True,0.75,True,False,"[""product_20"", ""product_20""]","[""unstructured"", ""unstructured""]","[""TechNova Smartwatch Air 20 is manufactured by TechNova. It is a smartwatch device. Weighs approximately 1.2kg. Built with plastic construction. Targeted at the Global market. Fast charging is yes. Noise cancellation: no."", ""TechNova Smartwatch Air 20 is manufactured by TechNova. It is a smartwatch device. Weighs approximately 1.2kg. Built with plastic construction. Targeted at the Global market. Fast charging is yes. Noise cancellation: no.""]",1,209,candidate
DEC023_UNSTRUCTURED_ONLY,train_kb,conservative_noisy_or_conflict_adjusted,2,TechNova Smartwatch Air 20,supports_fast_charging,yes,technova smartwatch air 20|supports_fast_charging|yes,2,"[1.0, 0.95]",True,0,0.928125,0.928125,0.88,True,0.75,True,False,"[""product_20"", ""product_20""]","[""unstructured"", ""unstructured""]","[""TechNova Smartwatch Air 20 is manufactured by TechNova. It is a smartwatch device. Weighs approximately 1.2kg. Built with plastic construction. Targeted at the Global market. Fast charging is yes. Noise cancellation: no."", ""TechNova Smartwatch Air 20 is manufactured by TechNova. It is a smartwatch device. Weighs approximately 1.2kg. Built with plastic construction. Targeted at the Global market. Fast charging is yes. Noise cancellation: no.""]",1,209,candidate
DEC023_UNSTRUCTURED_ONLY,train_kb,conservative_noisy_or_conflict_adjusted,2,TechNova Smartwatch Air 20,has_noise_cancellation,no,technova smartwatch air 20|has_noise_cancellation|no,2,"[1.0, 0.95]",True,0,0.928125,0.928125,0.88,True,0.75,True,False,"[""product_20"", ""product_20""]","[""unstructured"", ""unstructured""]","[""TechNova Smartwatch Air 20 is manufactured by TechNova. It is a smartwatch device. Weighs approximately 1.2kg. Built with plastic construction. Targeted at the Global market. Fast charging is yes. Noise cancellation: no."", ""TechNova Smartwatch Air 20 is manufactured by TechNova. It is a smartwatch device. Weighs approximately 1.2kg. Built with plastic construction. Targeted at the Global market. Fast charging is yes. Noise cancellation: no.""]",1,209,candidate
DEC023_UNSTRUCTURED_ONLY,train_kb,conservative_noisy_or_conflict_adjusted,2,Zenbyte Tablet Pro 23,manufactured_by,Zenbyte,zenbyte tablet pro 23|manufactured_by|zenbyte,2,"[0.95, 0.92]",True,0,0.910875,0.910875,0.88,True,0.7124999999999999,True,False,"[""product_23"", ""product_23""]","[""unstructured"", ""unstructured""]","[""Zenbyte Tablet Pro 23 is manufactured by Zenbyte. It is a tablet device. Comes with 4GB of RAM. Offers 512GB of internal storage. Weighs approximately 0.42kg. Fast charging is no. Noise cancellation: no."", ""Zenbyte Tablet Pro 23 is manufactured by Zenbyte. It is a tablet device. Comes with 4GB of RAM. Offers 512GB of internal storage. Weighs approximately 0.42kg. Fast charging is no. Noise cancellation: no.""]",1,209,candidate
DEC023_UNSTRUCTURED_ONLY,train_kb,conservative_noisy_or_conflict_adjusted,2,Zenbyte Tablet Pro 23,has_ram_gb,4,zenbyte tablet pro 23|has_ram_gb|4,2,"[0.92, 0.92]",True,0,0.9039,0.9039,0.88,True,0.6900000000000001,True,False,"[""product_23"", ""product_23""]","[""unstructured"", ""unstructured""]","[""Zenbyte Tablet Pro 23 is manufactured by Zenbyte. It is a tablet device. Comes with 4GB of RAM. Offers 512GB of internal storage. Weighs approximately 0.42kg. Fast charging is no. Noise cancellation: no."", ""Zenbyte Tablet Pro 23 is manufactured by Zenbyte. It is a tablet device. Comes with 4GB of RAM. Offers 512GB of internal storage. Weighs approximately 0.42kg. Fast charging is no. Noise cancellation: no.""]",1,209,candidate
DEC023_UNSTRUCTURED_ONLY,train_kb,conservative_noisy_or_conflict_adjusted,2,Zenbyte Tablet Pro 23,has_storage_gb,512,zenbyte tablet pro 23|has_storage_gb|512,2,"[0.94, 0.92]",True,0,0.90855,0.90855,0.88,True,0.705,True,False,"[""product_23"", ""product_23""]","[""unstructured"", ""unstructured""]","[""Zenbyte Tablet Pro 23 is manufactured by Zenbyte. It is a tablet device. Comes with 4GB of RAM. Offers 512GB of internal storage. Weighs approximately 0.42kg. Fast charging is no. Noise cancellation: no."", ""Zenbyte Tablet Pro 23 is manufactured by Zenbyte. It is a tablet device. Comes with 4GB of RAM. Offers 512GB of internal storage. Weighs approximately 0.42kg. Fast charging is no. Noise cancellation: no.""]",1,209,candidate
DEC023_UNSTRUCTURED_ONLY,train_kb,conservative_noisy_or_conflict_adjusted,2,Zenbyte Tablet Pro 23,has_weight_kg,0.42,zenbyte tablet pro 23|has_weight_kg|0.42,2,"[0.9, 0.92]",True,0,0.89925,0.89925,0.88,True,0.675,True,False,"[""product_23"", ""product_23""]","[""unstructured"", ""unstructured""]","[""Zenbyte Tablet Pro 23 is manufactured by Zenbyte. It is a tablet device. Comes with 4GB of RAM. Offers 512GB of internal storage. Weighs approximately 0.42kg. Fast charging is no. Noise cancellation: no."", ""Zenbyte Tablet Pro 23 is manufactured by Zenbyte. It is a tablet device. Comes with 4GB of RAM. Offers 512GB of internal storage. Weighs approximately 0.42kg. Fast charging is no. Noise cancellation: no.""]",1,209,candidate
DEC023_UNSTRUCTURED_ONLY,train_kb,conservative_noisy_or_conflict_adjusted,2,Zenbyte Tablet Pro 23,supports_fast_charging,no,zenbyte tablet pro 23|supports_fast_charging|no,2,"[0.85, 0.92]",True,0,0.887625,0.887625,0.88,True,0.6375,True,False,"[""product_23"", ""product_23""]","[""unstructured"", ""unstructured""]","[""Zenbyte Tablet Pro 23 is manufactured by Zenbyte. It is a tablet device. Comes with 4GB of RAM. Offers 512GB of internal storage. Weighs approximately 0.42kg. Fast charging is no. Noise cancellation: no."", ""Zenbyte Tablet Pro 23 is manufactured by Zenbyte. It is a tablet device. Comes with 4GB of RAM. Offers 512GB of internal storage. Weighs approximately 0.42kg. Fast charging is no. Noise cancellation: no.""]",1,209,candidate
DEC023_UNSTRUCTURED_ONLY,train_kb,conservative_noisy_or_conflict_adjusted,2,Zenbyte Tablet Pro 23,has_noise_cancellation,no,zenbyte tablet pro 23|has_noise_cancellation|no,2,"[0.88, 0.92]",True,0,0.8946000000000001,0.8946000000000001,0.88,True,0.66,True,False,"[""product_23"", ""product_23""]","[""unstructured"", ""unstructured""]","[""Zenbyte Tablet Pro 23 is manufactured by Zenbyte. It is a tablet device. Comes with 4GB of RAM. Offers 512GB of internal storage. Weighs approximately 0.42kg. Fast charging is no. Noise cancellation: no."", ""Zenbyte Tablet Pro 23 is manufactured by Zenbyte. It is a tablet device. Comes with 4GB of RAM. Offers 512GB of internal storage. Weighs approximately 0.42kg. Fast charging is no. Noise cancellation: no.""]",1,209,candidate
DEC023_UNSTRUCTURED_ONLY,train_kb,conservative_noisy_or_conflict_adjusted,2,headphones device,has_price_usd,899,headphones device|has_price_usd|899,1,[0.85],True,0,0.6375,0.6375,0.88,False,0.6375,False,False,"[""product_25""]","[""unstructured""]","[""It is a headphones device. Priced at 899 USD. Offers 128GB of internal storage. Battery lasts up to 20 hours. Weighs approximately 1.2kg. Available in silver. Targeted at the Global market.""]",0,209,candidate
DEC023_UNSTRUCTURED_ONLY,train_kb,conservative_noisy_or_conflict_adjusted,2,headphones device,has_storage_gb,128,headphones device|has_storage_gb|128,1,[0.88],True,0,0.66,0.66,0.88,False,0.66,False,False,"[""product_25""]","[""unstructured""]","[""It is a headphones device. Priced at 899 USD. Offers 128GB of internal storage. Battery lasts up to 20 hours. Weighs approximately 1.2kg. Available in silver. Targeted at the Global market.""]",0,209,candidate
DEC023_UNSTRUCTURED_ONLY,train_kb,conservative_noisy_or_conflict_adjusted,2,headphones device,has_battery_life_hours,20,headphones device|has_battery_life_hours|20,1,[0.92],True,0,0.6900000000000001,0.6900000000000001,0.88,False,0.6900000000000001,False,False,"[""product_25""]","[""unstructured""]","[""It is a headphones device. Priced at 899 USD. Offers 128GB of internal storage. Battery lasts up to 20 hours. Weighs approximately 1.2kg. Available in silver. Targeted at the Global market.""]",0,209,candidate
DEC023_UNSTRUCTURED_ONLY,train_kb,conservative_noisy_or_conflict_adjusted,2,headphones device,has_weight_kg,1.2,headphones device|has_weight_kg|1.2,1,[0.89],True,0,0.6675,0.6675,0.88,False,0.6675,False,False,"[""product_25""]","[""unstructured""]","[""It is a headphones device. Priced at 899 USD. Offers 128GB of internal storage. Battery lasts up to 20 hours. Weighs approximately 1.2kg. Available in silver. Targeted at the Global market.""]",0,209,candidate
DEC023_UNSTRUCTURED_ONLY,train_kb,conservative_noisy_or_conflict_adjusted,2,headphones device,has_color,silver,headphones device|has_color|silver,1,[0.86],False,0,0.645,0.645,0.88,False,0.645,False,False,"[""product_25""]","[""unstructured""]","[""It is a headphones device. Priced at 899 USD. Offers 128GB of internal storage. Battery lasts up to 20 hours. Weighs approximately 1.2kg. Available in silver. Targeted at the Global market.""]",0,209,candidate
DEC023_UNSTRUCTURED_ONLY,train_kb,conservative_noisy_or_conflict_adjusted,2,headphones device,target_market_region,Global,headphones device|target_market_region|global,1,[0.9],True,0,0.675,0.675,0.88,False,0.675,False,False,"[""product_25""]","[""unstructured""]","[""It is a headphones device. Priced at 899 USD. Offers 128GB of internal storage. Battery lasts up to 20 hours. Weighs approximately 1.2kg. Available in silver. Targeted at the Global market.""]",0,209,candidate
DEC023_UNSTRUCTURED_ONLY,train_kb,conservative_noisy_or_conflict_adjusted,2,Zenbyte Headphones Air 27,manufactured_by,Zenbyte,zenbyte headphones air 27|manufactured_by|zenbyte,2,"[0.95, 0.91]",True,0,0.90871875,0.90871875,0.88,True,0.7124999999999999,True,False,"[""product_27"", ""product_27""]","[""unstructured"", ""unstructured""]","[""Zenbyte Headphones Air 27 is manufactured by Zenbyte. Priced at 199 USD. Comes with 32GB of RAM. Available in blue. Built with aluminum construction. Targeted at the Global market. Noise cancellation: yes."", ""Zenbyte Headphones Air 27 is manufactured by Zenbyte. Priced at 199 USD. Comes with 32GB of RAM. Available in blue. Built with aluminum construction. Targeted at the Global market. Noise cancellation: yes.""]",1,209,candidate
DEC023_UNSTRUCTURED_ONLY,train_kb,conservative_noisy_or_conflict_adjusted,2,Zenbyte Headphones Air 27,has_price_usd,199,zenbyte headphones air 27|has_price_usd|199,2,"[0.95, 0.91]",True,0,0.90871875,0.90871875,0.88,True,0.7124999999999999,True,False,"[""product_27"", ""product_27""]","[""unstructured"", ""unstructured""]","[""Zenbyte Headphones Air 27 is manufactured by Zenbyte. Priced at 199 USD. Comes with 32GB of RAM. Available in blue. Built with aluminum construction. Targeted at the Global market. Noise cancellation: yes."", ""Zenbyte Headphones Air 27 is manufactured by Zenbyte. Priced at 199 USD. Comes with 32GB of RAM. Available in blue. Built with aluminum construction. Targeted at the Global market. Noise cancellation: yes.""]",1,209,candidate
DEC023_UNSTRUCTURED_ONLY,train_kb,conservative_noisy_or_conflict_adjusted,2,Zenbyte Headphones Air 27,has_ram_gb,32,zenbyte headphones air 27|has_ram_gb|32,2,"[0.95, 0.91]",True,0,0.90871875,0.90871875,0.88,True,0.7124999999999999,True,False,"[""product_27"", ""product_27""]","[""unstructured"", ""unstructured""]","[""Zenbyte Headphones Air 27 is manufactured by Zenbyte. Priced at 199 USD. Comes with 32GB of RAM. Available in blue. Built with aluminum construction. Targeted at the Global market. Noise cancellation: yes."", ""Zenbyte Headphones Air 27 is manufactured by Zenbyte. Priced at 199 USD. Comes with 32GB of RAM. Available in blue. Built with aluminum construction. Targeted at the Global market. Noise cancellation: yes.""]",1,209,candidate
DEC023_UNSTRUCTURED_ONLY,train_kb,conservative_noisy_or_conflict_adjusted,2,Zenbyte Headphones Air 27,has_color,blue,zenbyte headphones air 27|has_color|blue,2,"[0.95, 0.91]",False,0,0.90871875,0.90871875,0.88,True,0.7124999999999999,True,False,"[""product_27"", ""product_27""]","[""unstructured"", ""unstructured""]","[""Zenbyte Headphones Air 27 is manufactured by Zenbyte. Priced at 199 USD. Comes with 32GB of RAM. Available in blue. Built with aluminum construction. Targeted at the Global market. Noise cancellation: yes."", ""Zenbyte Headphones Air 27 is manufactured by Zenbyte. Priced at 199 USD. Comes with 32GB of RAM. Available in blue. Built with aluminum construction. Targeted at the Global market. Noise cancellation: yes.""]",1,209,candidate
DEC023_UNSTRUCTURED_ONLY,train_kb,conservative_noisy_or_conflict_adjusted,2,Zenbyte Headphones Air 27,made_of_material,aluminum,zenbyte headphones air 27|made_of_material|aluminum,2,"[0.95, 0.91]",True,0,0.90871875,0.90871875,0.88,True,0.7124999999999999,True,False,"[""product_27"", ""product_27""]","[""unstructured"", ""unstructured""]","[""Zenbyte Headphones Air 27 is manufactured by Zenbyte. Priced at 199 USD. Comes with 32GB of RAM. Available in blue. Built with aluminum construction. Targeted at the Global market. Noise cancellation: yes."", ""Zenbyte Headphones Air 27 is manufactured by Zenbyte. Priced at 199 USD. Comes with 32GB of RAM. Available in blue. Built with aluminum construction. Targeted at the Global market. Noise cancellation: yes.""]",1,209,candidate
DEC023_UNSTRUCTURED_ONLY,train_kb,conservative_noisy_or_conflict_adjusted,2,Zenbyte Headphones Air 27,target_market_region,Global,zenbyte headphones air 27|target_market_region|global,2,"[0.95, 0.91]",True,0,0.90871875,0.90871875,0.88,True,0.7124999999999999,True,False,"[""product_27"", ""product_27""]","[""unstructured"", ""unstructured""]","[""Zenbyte Headphones Air 27 is manufactured by Zenbyte. Priced at 199 USD. Comes with 32GB of RAM. Available in blue. Built with aluminum construction. Targeted at the Global market. Noise cancellation: yes."", ""Zenbyte Headphones Air 27 is manufactured by Zenbyte. Priced at 199 USD. Comes with 32GB of RAM. Available in blue. Built with aluminum construction. Targeted at the Global market. Noise cancellation: yes.""]",1,209,candidate
DEC023_UNSTRUCTURED_ONLY,train_kb,conservative_noisy_or_conflict_adjusted,2,Zenbyte Headphones Air 27,supports_fast_charging,no,zenbyte headphones air 27|supports_fast_charging|no,1,[0.8],True,0,0.6000000000000001,0.6000000000000001,0.88,False,0.6000000000000001,False,False,"[""product_27""]","[""unstructured""]","[""Zenbyte Headphones Air 27 is manufactured by Zenbyte. Priced at 199 USD. Comes with 32GB of RAM. Available in blue. Built with aluminum construction. Targeted at the Global market. Noise cancellation: yes.""]",0,209,candidate
DEC023_UNSTRUCTURED_ONLY,train_kb,conservative_noisy_or_conflict_adjusted,2,Zenbyte Headphones Air 27,has_noise_cancellation,yes,zenbyte headphones air 27|has_noise_cancellation|yes,2,"[0.95, 0.91]",True,0,0.90871875,0.90871875,0.88,True,0.7124999999999999,True,False,"[""product_27"", ""product_27""]","[""unstructured"", ""unstructured""]","[""Zenbyte Headphones Air 27 is manufactured by Zenbyte. Priced at 199 USD. Comes with 32GB of RAM. Available in blue. Built with aluminum construction. Targeted at the Global market. Noise cancellation: yes."", ""Zenbyte Headphones Air 27 is manufactured by Zenbyte. Priced at 199 USD. Comes with 32GB of RAM. Available in blue. Built with aluminum construction. Targeted at the Global market. Noise cancellation: yes.""]",1,209,candidate
DEC023_UNSTRUCTURED_ONLY,train_kb,conservative_noisy_or_conflict_adjusted,2,TechNova Tablet Max 28,manufactured_by,TechNova,technova tablet max 28|manufactured_by|technova,1,[0.92],True,0,0.6900000000000001,0.6900000000000001,0.88,False,0.6900000000000001,False,False,"[""product_28""]","[""unstructured""]","[""TechNova Tablet Max 28 is manufactured by TechNova. It is a tablet device. Priced at 199 USD. Comes with 4GB of RAM. Battery lasts up to 12 hours. Weighs approximately 0.23kg. Available in blue.""]",1,209,candidate
DEC023_UNSTRUCTURED_ONLY,train_kb,conservative_noisy_or_conflict_adjusted,2,TechNova Tablet Max 28,has_price_usd,199,technova tablet max 28|has_price_usd|199,1,[0.94],True,0,0.705,0.705,0.88,False,0.705,False,False,"[""product_28""]","[""unstructured""]","[""TechNova Tablet Max 28 is manufactured by TechNova. It is a tablet device. Priced at 199 USD. Comes with 4GB of RAM. Battery lasts up to 12 hours. Weighs approximately 0.23kg. Available in blue.""]",1,209,candidate
DEC023_UNSTRUCTURED_ONLY,train_kb,conservative_noisy_or_conflict_adjusted,2,TechNova Tablet Max 28,has_ram_gb,4,technova tablet max 28|has_ram_gb|4,1,[0.93],True,0,0.6975,0.6975,0.88,False,0.6975,False,False,"[""product_28""]","[""unstructured""]","[""TechNova Tablet Max 28 is manufactured by TechNova. It is a tablet device. Priced at 199 USD. Comes with 4GB of RAM. Battery lasts up to 12 hours. Weighs approximately 0.23kg. Available in blue.""]",1,209,candidate
DEC023_UNSTRUCTURED_ONLY,train_kb,conservative_noisy_or_conflict_adjusted,2,TechNova Tablet Max 28,has_battery_life_hours,12,technova tablet max 28|has_battery_life_hours|12,1,[0.9],True,0,0.675,0.675,0.88,False,0.675,False,False,"[""product_28""]","[""unstructured""]","[""TechNova Tablet Max 28 is manufactured by TechNova. It is a tablet device. Priced at 199 USD. Comes with 4GB of RAM. Battery lasts up to 12 hours. Weighs approximately 0.23kg. Available in blue.""]",1,209,candidate
DEC023_UNSTRUCTURED_ONLY,train_kb,conservative_noisy_or_conflict_adjusted,2,TechNova Tablet Max 28,has_weight_kg,0.23,technova tablet max 28|has_weight_kg|0.23,1,[0.95],True,0,0.7124999999999999,0.7124999999999999,0.88,False,0.7124999999999999,False,False,"[""product_28""]","[""unstructured""]","[""TechNova Tablet Max 28 is manufactured by TechNova. It is a tablet device. Priced at 199 USD. Comes with 4GB of RAM. Battery lasts up to 12 hours. Weighs approximately 0.23kg. Available in blue.""]",1,209,candidate
DEC023_UNSTRUCTURED_ONLY,train_kb,conservative_noisy_or_conflict_adjusted,2,TechNova Tablet Max 28,has_color,blue,technova tablet max 28|has_color|blue,1,[0.88],False,0,0.66,0.66,0.88,False,0.66,False,False,"[""product_28""]","[""unstructured""]","[""TechNova Tablet Max 28 is manufactured by TechNova. It is a tablet device. Priced at 199 USD. Comes with 4GB of RAM. Battery lasts up to 12 hours. Weighs approximately 0.23kg. Available in blue.""]",1,209,candidate
DEC023_UNSTRUCTURED_ONLY,train_kb,conservative_noisy_or_conflict_adjusted,2,smartwatch device,has_price_usd,699,smartwatch device|has_price_usd|699,1,[0.85],True,1,0.6375,0.31875,0.88,False,0.6375,False,False,"[""product_29""]","[""unstructured""]","[""It is a smartwatch device. Priced at 699 USD. The display measures 13.3 inches. Weighs approximately 0.18kg. Built with carbon fiber construction. Fast charging is no. Noise cancellation: no.""]",0,209,candidate
DEC023_UNSTRUCTURED_ONLY,train_kb,conservative_noisy_or_conflict_adjusted,2,smartwatch device,has_screen_size_inch,13.3,smartwatch device|has_screen_size_inch|13.3,1,[0.92],True,0,0.6900000000000001,0.6900000000000001,0.88,False,0.6900000000000001,False,False,"[""product_29""]","[""unstructured""]","[""It is a smartwatch device. Priced at 699 USD. The display measures 13.3 inches. Weighs approximately 0.18kg. Built with carbon fiber construction. Fast charging is no. Noise cancellation: no.""]",0,209,candidate
DEC023_UNSTRUCTURED_ONLY,train_kb,conservative_noisy_or_conflict_adjusted,2,smartwatch device,has_weight_kg,0.18,smartwatch device|has_weight_kg|0.18,1,[0.88],True,0,0.66,0.66,0.88,False,0.66,False,False,"[""product_29""]","[""unstructured""]","[""It is a smartwatch device. Priced at 699 USD. The display measures 13.3 inches. Weighs approximately 0.18kg. Built with carbon fiber construction. Fast charging is no. Noise cancellation: no.""]",0,209,candidate
DEC023_UNSTRUCTURED_ONLY,train_kb,conservative_noisy_or_conflict_adjusted,2,smartwatch device,made_of_material,carbon fiber,smartwatch device|made_of_material|carbon fiber,1,[0.9],True,1,0.675,0.3375,0.88,False,0.675,False,False,"[""product_29""]","[""unstructured""]","[""It is a smartwatch device. Priced at 699 USD. The display measures 13.3 inches. Weighs approximately 0.18kg. Built with carbon fiber construction. Fast charging is no. Noise cancellation: no.""]",0,209,candidate
DEC023_UNSTRUCTURED_ONLY,train_kb,conservative_noisy_or_conflict_adjusted,2,smartwatch device,supports_fast_charging,no,smartwatch device|supports_fast_charging|no,1,[0.85],True,0,0.6375,0.6375,0.88,False,0.6375,False,False,"[""product_29""]","[""unstructured""]","[""It is a smartwatch device. Priced at 699 USD. The display measures 13.3 inches. Weighs approximately 0.18kg. Built with carbon fiber construction. Fast charging is no. Noise cancellation: no.""]",0,209,candidate
DEC023_UNSTRUCTURED_ONLY,train_kb,conservative_noisy_or_conflict_adjusted,2,smartwatch device,has_noise_cancellation,no,smartwatch device|has_noise_cancellation|no,2,"[0.89, 0.85]",True,0,0.87946875,0.87946875,0.88,False,0.6675,False,False,"[""product_29"", ""product_43""]","[""unstructured"", ""unstructured""]","[""It is a smartwatch device. Priced at 699 USD. The display measures 13.3 inches. Weighs approximately 0.18kg. Built with carbon fiber construction. Fast charging is no. Noise cancellation: no."", ""It is a smartwatch device. Priced at 349 USD. Offers 512GB of internal storage. Battery lasts up to 14 hours. Built with plastic construction. Targeted at the Global market. Noise cancellation: no.""]",0,209,candidate
DEC023_UNSTRUCTURED_ONLY,train_kb,conservative_noisy_or_conflict_adjusted,2,NeoTech Headphones Max 30,manufactured_by,NeoTech,neotech headphones max 30|manufactured_by|neotech,2,"[0.95, 0.85]",True,0,0.89578125,0.89578125,0.88,True,0.7124999999999999,True,False,"[""product_30"", ""product_30""]","[""unstructured"", ""unstructured""]","[""NeoTech Headphones Max 30 is manufactured by NeoTech. Priced at 1099 USD. The display measures 13.3 inches. Offers 1024GB of internal storage. Built with aluminum construction. Fast charging is no. Noise cancellation: no."", ""NeoTech Headphones Max 30 is manufactured by NeoTech. Priced at 1099 USD. The display measures 13.3 inches. Offers 1024GB of internal storage. Built with aluminum construction. Fast charging is no. Noise cancellation: no.""]",1,209,candidate
DEC023_UNSTRUCTURED_ONLY,train_kb,conservative_noisy_or_conflict_adjusted,2,NeoTech Headphones Max 30,has_price_usd,1099,neotech headphones max 30|has_price_usd|1099,2,"[0.92, 0.85]",True,0,0.887625,0.887625,0.88,True,0.6900000000000001,True,False,"[""product_30"", ""product_30""]","[""unstructured"", ""unstructured""]","[""NeoTech Headphones Max 30 is manufactured by NeoTech. Priced at 1099 USD. The display measures 13.3 inches. Offers 1024GB of internal storage. Built with aluminum construction. Fast charging is no. Noise cancellation: no."", ""NeoTech Headphones Max 30 is manufactured by NeoTech. Priced at 1099 USD. The display measures 13.3 inches. Offers 1024GB of internal storage. Built with aluminum construction. Fast charging is no. Noise cancellation: no.""]",1,209,candidate
DEC023_UNSTRUCTURED_ONLY,train_kb,conservative_noisy_or_conflict_adjusted,2,NeoTech Headphones Max 30,has_screen_size_inch,13.3,neotech headphones max 30|has_screen_size_inch|13.3,2,"[0.93, 0.85]",True,0,0.89034375,0.89034375,0.88,True,0.6975,True,False,"[""product_30"", ""product_30""]","[""unstructured"", ""unstructured""]","[""NeoTech Headphones Max 30 is manufactured by NeoTech. Priced at 1099 USD. The display measures 13.3 inches. Offers 1024GB of internal storage. Built with aluminum construction. Fast charging is no. Noise cancellation: no."", ""NeoTech Headphones Max 30 is manufactured by NeoTech. Priced at 1099 USD. The display measures 13.3 inches. Offers 1024GB of internal storage. Built with aluminum construction. Fast charging is no. Noise cancellation: no.""]",1,209,candidate
DEC023_UNSTRUCTURED_ONLY,train_kb,conservative_noisy_or_conflict_adjusted,2,NeoTech Headphones Max 30,has_storage_gb,1024,neotech headphones max 30|has_storage_gb|1024,2,"[0.94, 0.85]",True,0,0.8930625,0.8930625,0.88,True,0.705,True,False,"[""product_30"", ""product_30""]","[""unstructured"", ""unstructured""]","[""NeoTech Headphones Max 30 is manufactured by NeoTech. Priced at 1099 USD. The display measures 13.3 inches. Offers 1024GB of internal storage. Built with aluminum construction. Fast charging is no. Noise cancellation: no."", ""NeoTech Headphones Max 30 is manufactured by NeoTech. Priced at 1099 USD. The display measures 13.3 inches. Offers 1024GB of internal storage. Built with aluminum construction. Fast charging is no. Noise cancellation: no.""]",1,209,candidate
DEC023_UNSTRUCTURED_ONLY,train_kb,conservative_noisy_or_conflict_adjusted,2,NeoTech Headphones Max 30,made_of_material,aluminum,neotech headphones max 30|made_of_material|aluminum,2,"[0.9, 0.85]",True,0,0.8821875,0.8821875,0.88,True,0.675,True,False,"[""product_30"", ""product_30""]","[""unstructured"", ""unstructured""]","[""NeoTech Headphones Max 30 is manufactured by NeoTech. Priced at 1099 USD. The display measures 13.3 inches. Offers 1024GB of internal storage. Built with aluminum construction. Fast charging is no. Noise cancellation: no."", ""NeoTech Headphones Max 30 is manufactured by NeoTech. Priced at 1099 USD. The display measures 13.3 inches. Offers 1024GB of internal storage. Built with aluminum construction. Fast charging is no. Noise cancellation: no.""]",1,209,candidate
DEC023_UNSTRUCTURED_ONLY,train_kb,conservative_noisy_or_conflict_adjusted,2,NeoTech Headphones Max 30,supports_fast_charging,no,neotech headphones max 30|supports_fast_charging|no,2,"[0.88, 0.85]",True,0,0.87675,0.87675,0.88,False,0.66,False,False,"[""product_30"", ""product_30""]","[""unstructured"", ""unstructured""]","[""NeoTech Headphones Max 30 is manufactured by NeoTech. Priced at 1099 USD. The display measures 13.3 inches. Offers 1024GB of internal storage. Built with aluminum construction. Fast charging is no. Noise cancellation: no."", ""NeoTech Headphones Max 30 is manufactured by NeoTech. Priced at 1099 USD. The display measures 13.3 inches. Offers 1024GB of internal storage. Built with aluminum construction. Fast charging is no. Noise cancellation: no.""]",1,209,candidate
DEC023_UNSTRUCTURED_ONLY,train_kb,conservative_noisy_or_conflict_adjusted,2,NeoTech Headphones Max 30,has_noise_cancellation,no,neotech headphones max 30|has_noise_cancellation|no,2,"[0.89, 0.85]",True,0,0.87946875,0.87946875,0.88,False,0.6675,False,False,"[""product_30"", ""product_30""]","[""unstructured"", ""unstructured""]","[""NeoTech Headphones Max 30 is manufactured by NeoTech. Priced at 1099 USD. The display measures 13.3 inches. Offers 1024GB of internal storage. Built with aluminum construction. Fast charging is no. Noise cancellation: no."", ""NeoTech Headphones Max 30 is manufactured by NeoTech. Priced at 1099 USD. The display measures 13.3 inches. Offers 1024GB of internal storage. Built with aluminum construction. Fast charging is no. Noise cancellation: no.""]",1,209,candidate
DEC023_UNSTRUCTURED_ONLY,train_kb,conservative_noisy_or_conflict_adjusted,2,TechNova Smartphone Pro 1,has_screen_size_inch,10.9,technova smartphone pro 1|has_screen_size_inch|10.9,1,[0.92],True,3,0.6900000000000001,0.17250000000000001,0.88,False,0.17250000000000001,False,False,"[""product_31""]","[""unstructured""]","[""The display measures 10.9 inches. Offers 128GB of internal storage. Weighs approximately 0.23kg. Built with plastic construction. Targeted at the EU market. Fast charging is no. Noise cancellation: no.""]",0,209,candidate
DEC023_UNSTRUCTURED_ONLY,train_kb,conservative_noisy_or_conflict_adjusted,2,TechNova Smartphone Pro 1,made_of_material,plastic,technova smartphone pro 1|made_of_material|plastic,1,[0.95],True,2,0.7124999999999999,0.23749999999999996,0.88,False,0.23749999999999996,False,False,"[""product_31""]","[""unstructured""]","[""The display measures 10.9 inches. Offers 128GB of internal storage. Weighs approximately 0.23kg. Built with plastic construction. Targeted at the EU market. Fast charging is no. Noise cancellation: no.""]",0,209,candidate
DEC023_UNSTRUCTURED_ONLY,train_kb,conservative_noisy_or_conflict_adjusted,2,TechNova Smartphone Pro 1,target_market_region,EU,technova smartphone pro 1|target_market_region|eu,1,[0.96],True,1,0.72,0.36,0.88,False,0.36,False,False,"[""product_31""]","[""unstructured""]","[""The display measures 10.9 inches. Offers 128GB of internal storage. Weighs approximately 0.23kg. Built with plastic construction. Targeted at the EU market. Fast charging is no. Noise cancellation: no.""]",0,209,candidate
DEC023_UNSTRUCTURED_ONLY,train_kb,conservative_noisy_or_conflict_adjusted,2,TechNova Smartphone Pro 1,supports_fast_charging,no,technova smartphone pro 1|supports_fast_charging|no,1,[0.8],True,1,0.6000000000000001,0.30000000000000004,0.88,False,0.30000000000000004,False,False,"[""product_31""]","[""unstructured""]","[""The display measures 10.9 inches. Offers 128GB of internal storage. Weighs approximately 0.23kg. Built with plastic construction. Targeted at the EU market. Fast charging is no. Noise cancellation: no.""]",0,209,candidate
DEC023_UNSTRUCTURED_ONLY,train_kb,conservative_noisy_or_conflict_adjusted,2,NeoTech Smartphone Lite 32,manufactured_by,NeoTech,neotech smartphone lite 32|manufactured_by|neotech,2,"[0.95, 0.95]",True,0,0.9173437499999999,0.9173437499999999,0.88,True,0.7124999999999999,True,False,"[""product_32"", ""product_32""]","[""unstructured"", ""unstructured""]","[""NeoTech Smartphone Lite 32 is manufactured by NeoTech. Comes with 4GB of RAM. Offers 64GB of internal storage. Battery lasts up to 12 hours. Built with aluminum construction. Targeted at the Global market. Fast charging is yes."", ""NeoTech Smartphone Lite 32 is manufactured by NeoTech. Comes with 4GB of RAM. Offers 64GB of internal storage. Battery lasts up to 12 hours. Built with aluminum construction. Targeted at the Global market. Fast charging is yes.""]",1,209,candidate
DEC023_UNSTRUCTURED_ONLY,train_kb,conservative_noisy_or_conflict_adjusted,2,NeoTech Smartphone Lite 32,has_ram_gb,4,neotech smartphone lite 32|has_ram_gb|4,2,"[0.95, 0.95]",True,0,0.9173437499999999,0.9173437499999999,0.88,True,0.7124999999999999,True,False,"[""product_32"", ""product_32""]","[""unstructured"", ""unstructured""]","[""NeoTech Smartphone Lite 32 is manufactured by NeoTech. Comes with 4GB of RAM. Offers 64GB of internal storage. Battery lasts up to 12 hours. Built with aluminum construction. Targeted at the Global market. Fast charging is yes."", ""NeoTech Smartphone Lite 32 is manufactured by NeoTech. Comes with 4GB of RAM. Offers 64GB of internal storage. Battery lasts up to 12 hours. Built with aluminum construction. Targeted at the Global market. Fast charging is yes.""]",1,209,candidate
DEC023_UNSTRUCTURED_ONLY,train_kb,conservative_noisy_or_conflict_adjusted,2,NeoTech Smartphone Lite 32,has_storage_gb,64,neotech smartphone lite 32|has_storage_gb|64,2,"[0.95, 0.95]",True,0,0.9173437499999999,0.9173437499999999,0.88,True,0.7124999999999999,True,False,"[""product_32"", ""product_32""]","[""unstructured"", ""unstructured""]","[""NeoTech Smartphone Lite 32 is manufactured by NeoTech. Comes with 4GB of RAM. Offers 64GB of internal storage. Battery lasts up to 12 hours. Built with aluminum construction. Targeted at the Global market. Fast charging is yes."", ""NeoTech Smartphone Lite 32 is manufactured by NeoTech. Comes with 4GB of RAM. Offers 64GB of internal storage. Battery lasts up to 12 hours. Built with aluminum construction. Targeted at the Global market. Fast charging is yes.""]",1,209,candidate
DEC023_UNSTRUCTURED_ONLY,train_kb,conservative_noisy_or_conflict_adjusted,2,NeoTech Smartphone Lite 32,has_battery_life_hours,12,neotech smartphone lite 32|has_battery_life_hours|12,2,"[0.95, 0.95]",True,0,0.9173437499999999,0.9173437499999999,0.88,True,0.7124999999999999,True,False,"[""product_32"", ""product_32""]","[""unstructured"", ""unstructured""]","[""NeoTech Smartphone Lite 32 is manufactured by NeoTech. Comes with 4GB of RAM. Offers 64GB of internal storage. Battery lasts up to 12 hours. Built with aluminum construction. Targeted at the Global market. Fast charging is yes."", ""NeoTech Smartphone Lite 32 is manufactured by NeoTech. Comes with 4GB of RAM. Offers 64GB of internal storage. Battery lasts up to 12 hours. Built with aluminum construction. Targeted at the Global market. Fast charging is yes.""]",1,209,candidate
DEC023_UNSTRUCTURED_ONLY,train_kb,conservative_noisy_or_conflict_adjusted,2,NeoTech Smartphone Lite 32,made_of_material,aluminum,neotech smartphone lite 32|made_of_material|aluminum,2,"[0.95, 0.95]",True,0,0.9173437499999999,0.9173437499999999,0.88,True,0.7124999999999999,True,False,"[""product_32"", ""product_32""]","[""unstructured"", ""unstructured""]","[""NeoTech Smartphone Lite 32 is manufactured by NeoTech. Comes with 4GB of RAM. Offers 64GB of internal storage. Battery lasts up to 12 hours. Built with aluminum construction. Targeted at the Global market. Fast charging is yes."", ""NeoTech Smartphone Lite 32 is manufactured by NeoTech. Comes with 4GB of RAM. Offers 64GB of internal storage. Battery lasts up to 12 hours. Built with aluminum construction. Targeted at the Global market. Fast charging is yes.""]",1,209,candidate
DEC023_UNSTRUCTURED_ONLY,train_kb,conservative_noisy_or_conflict_adjusted,2,NeoTech Smartphone Lite 32,target_market_region,Global,neotech smartphone lite 32|target_market_region|global,2,"[0.95, 0.95]",True,0,0.9173437499999999,0.9173437499999999,0.88,True,0.7124999999999999,True,False,"[""product_32"", ""product_32""]","[""unstructured"", ""unstructured""]","[""NeoTech Smartphone Lite 32 is manufactured by NeoTech. Comes with 4GB of RAM. Offers 64GB of internal storage. Battery lasts up to 12 hours. Built with aluminum construction. Targeted at the Global market. Fast charging is yes."", ""NeoTech Smartphone Lite 32 is manufactured by NeoTech. Comes with 4GB of RAM. Offers 64GB of internal storage. Battery lasts up to 12 hours. Built with aluminum construction. Targeted at the Global market. Fast charging is yes.""]",1,209,candidate
DEC023_UNSTRUCTURED_ONLY,train_kb,conservative_noisy_or_conflict_adjusted,2,NeoTech Smartphone Lite 32,supports_fast_charging,yes,neotech smartphone lite 32|supports_fast_charging|yes,2,"[0.95, 0.95]",True,0,0.9173437499999999,0.9173437499999999,0.88,True,0.7124999999999999,True,False,"[""product_32"", ""product_32""]","[""unstructured"", ""unstructured""]","[""NeoTech Smartphone Lite 32 is manufactured by NeoTech. Comes with 4GB of RAM. Offers 64GB of internal storage. Battery lasts up to 12 hours. Built with aluminum construction. Targeted at the Global market. Fast charging is yes."", ""NeoTech Smartphone Lite 32 is manufactured by NeoTech. Comes with 4GB of RAM. Offers 64GB of internal storage. Battery lasts up to 12 hours. Built with aluminum construction. Targeted at the Global market. Fast charging is yes.""]",1,209,candidate
DEC023_UNSTRUCTURED_ONLY,train_kb,conservative_noisy_or_conflict_adjusted,2,TechNova Smartphone Pro 1,has_screen_size_inch,15.6,technova smartphone pro 1|has_screen_size_inch|15.6,1,[0.92],True,3,0.6900000000000001,0.17250000000000001,0.88,False,0.17250000000000001,False,False,"[""product_34""]","[""unstructured""]","[""The display measures 15.6 inches. Comes with 16GB of RAM. Offers 256GB of internal storage. Battery lasts up to 20 hours. Weighs approximately 0.42kg. Fast charging is yes. Noise cancellation: no.""]",0,209,candidate
DEC023_UNSTRUCTURED_ONLY,train_kb,conservative_noisy_or_conflict_adjusted,2,TechNova Smartphone Pro 1,has_ram_gb,16,technova smartphone pro 1|has_ram_gb|16,1,[0.93],True,2,0.6975,0.2325,0.88,False,0.2325,False,False,"[""product_34""]","[""unstructured""]","[""The display measures 15.6 inches. Comes with 16GB of RAM. Offers 256GB of internal storage. Battery lasts up to 20 hours. Weighs approximately 0.42kg. Fast charging is yes. Noise cancellation: no.""]",0,209,candidate
DEC023_UNSTRUCTURED_ONLY,train_kb,conservative_noisy_or_conflict_adjusted,2,TechNova Smartphone Pro 1,has_battery_life_hours,20,technova smartphone pro 1|has_battery_life_hours|20,1,[0.95],True,3,0.7124999999999999,0.17812499999999998,0.88,False,0.17812499999999998,False,False,"[""product_34""]","[""unstructured""]","[""The display measures 15.6 inches. Comes with 16GB of RAM. Offers 256GB of internal storage. Battery lasts up to 20 hours. Weighs approximately 0.42kg. Fast charging is yes. Noise cancellation: no.""]",0,209,candidate
DEC023_UNSTRUCTURED_ONLY,train_kb,conservative_noisy_or_conflict_adjusted,2,Auralex Laptop Plus 36,manufactured_by,Auralex,auralex laptop plus 36|manufactured_by|auralex,2,"[0.95, 0.95]",True,0,0.9173437499999999,0.9173437499999999,0.88,True,0.7124999999999999,True,False,"[""product_36"", ""product_36""]","[""unstructured"", ""unstructured""]","[""Auralex Laptop Plus 36 is manufactured by Auralex. It is a laptop device. The display measures 11.0 inches. Weighs approximately 0.55kg. Available in white. Targeted at the EU market. Noise cancellation: no."", ""Auralex Laptop Plus 36 is manufactured by Auralex. It is a laptop device. The display measures 11.0 inches. Weighs approximately 0.55kg. Available in white. Targeted at the EU market. Noise cancellation: no.""]",1,209,candidate
DEC023_UNSTRUCTURED_ONLY,train_kb,conservative_noisy_or_conflict_adjusted,2,Auralex Laptop Plus 36,has_screen_size_inch,11.0,auralex laptop plus 36|has_screen_size_inch|11.0,2,"[0.95, 0.95]",True,0,0.9173437499999999,0.9173437499999999,0.88,True,0.7124999999999999,True,False,"[""product_36"", ""product_36""]","[""unstructured"", ""unstructured""]","[""Auralex Laptop Plus 36 is manufactured by Auralex. It is a laptop device. The display measures 11.0 inches. Weighs approximately 0.55kg. Available in white. Targeted at the EU market. Noise cancellation: no."", ""Auralex Laptop Plus 36 is manufactured by Auralex. It is a laptop device. The display measures 11.0 inches. Weighs approximately 0.55kg. Available in white. Targeted at the EU market. Noise cancellation: no.""]",1,209,candidate
DEC023_UNSTRUCTURED_ONLY,train_kb,conservative_noisy_or_conflict_adjusted,2,Auralex Laptop Plus 36,has_weight_kg,0.55,auralex laptop plus 36|has_weight_kg|0.55,2,"[0.95, 0.95]",True,0,0.9173437499999999,0.9173437499999999,0.88,True,0.7124999999999999,True,False,"[""product_36"", ""product_36""]","[""unstructured"", ""unstructured""]","[""Auralex Laptop Plus 36 is manufactured by Auralex. It is a laptop device. The display measures 11.0 inches. Weighs approximately 0.55kg. Available in white. Targeted at the EU market. Noise cancellation: no."", ""Auralex Laptop Plus 36 is manufactured by Auralex. It is a laptop device. The display measures 11.0 inches. Weighs approximately 0.55kg. Available in white. Targeted at the EU market. Noise cancellation: no.""]",1,209,candidate
DEC023_UNSTRUCTURED_ONLY,train_kb,conservative_noisy_or_conflict_adjusted,2,Auralex Laptop Plus 36,has_color,white,auralex laptop plus 36|has_color|white,2,"[0.95, 0.95]",False,0,0.9173437499999999,0.9173437499999999,0.88,True,0.7124999999999999,True,False,"[""product_36"", ""product_36""]","[""unstructured"", ""unstructured""]","[""Auralex Laptop Plus 36 is manufactured by Auralex. It is a laptop device. The display measures 11.0 inches. Weighs approximately 0.55kg. Available in white. Targeted at the EU market. Noise cancellation: no."", ""Auralex Laptop Plus 36 is manufactured by Auralex. It is a laptop device. The display measures 11.0 inches. Weighs approximately 0.55kg. Available in white. Targeted at the EU market. Noise cancellation: no.""]",1,209,candidate
DEC023_UNSTRUCTURED_ONLY,train_kb,conservative_noisy_or_conflict_adjusted,2,Auralex Laptop Plus 36,target_market_region,EU,auralex laptop plus 36|target_market_region|eu,1,[0.95],True,1,0.7124999999999999,0.35624999999999996,0.88,False,0.7124999999999999,False,False,"[""product_36""]","[""unstructured""]","[""Auralex Laptop Plus 36 is manufactured by Auralex. It is a laptop device. The display measures 11.0 inches. Weighs approximately 0.55kg. Available in white. Targeted at the EU market. Noise cancellation: no.""]",1,209,candidate
DEC023_UNSTRUCTURED_ONLY,train_kb,conservative_noisy_or_conflict_adjusted,2,Auralex Laptop Plus 36,supports_fast_charging,no,auralex laptop plus 36|supports_fast_charging|no,1,[0.8],True,0,0.6000000000000001,0.6000000000000001,0.88,False,0.6000000000000001,False,False,"[""product_36""]","[""unstructured""]","[""Auralex Laptop Plus 36 is manufactured by Auralex. It is a laptop device. The display measures 11.0 inches. Weighs approximately 0.55kg. Available in white. Targeted at the EU market. Noise cancellation: no.""]",0,209,candidate
DEC023_UNSTRUCTURED_ONLY,train_kb,conservative_noisy_or_conflict_adjusted,2,TechNova Smartphone Lite 37,manufactured_by,TechNova,technova smartphone lite 37|manufactured_by|technova,2,"[0.85, 0.91]",True,0,0.88490625,0.88490625,0.88,True,0.6375,True,False,"[""product_37"", ""product_37""]","[""unstructured"", ""unstructured""]","[""TechNova Smartphone Lite 37 is manufactured by TechNova. Offers 128GB of internal storage. Battery lasts up to 12 hours. Available in blue. Built with carbon fiber construction. Targeted at the Global market. Fast charging is no."", ""TechNova Smartphone Lite 37 is manufactured by TechNova. Offers 128GB of internal storage. Battery lasts up to 12 hours. Available in blue. Built with carbon fiber construction. Targeted at the Global market. Fast charging is no.""]",1,209,candidate
DEC023_UNSTRUCTURED_ONLY,train_kb,conservative_noisy_or_conflict_adjusted,2,TechNova Smartphone Lite 37,has_storage_gb,128,technova smartphone lite 37|has_storage_gb|128,2,"[0.92, 0.91]",True,0,0.901575,0.901575,0.88,True,0.6900000000000001,True,False,"[""product_37"", ""product_37""]","[""unstructured"", ""unstructured""]","[""TechNova Smartphone Lite 37 is manufactured by TechNova. Offers 128GB of internal storage. Battery lasts up to 12 hours. Available in blue. Built with carbon fiber construction. Targeted at the Global market. Fast charging is no."", ""TechNova Smartphone Lite 37 is manufactured by TechNova. Offers 128GB of internal storage. Battery lasts up to 12 hours. Available in blue. Built with carbon fiber construction. Targeted at the Global market. Fast charging is no.""]",1,209,candidate
DEC023_UNSTRUCTURED_ONLY,train_kb,conservative_noisy_or_conflict_adjusted,2,TechNova Smartphone Lite 37,has_battery_life_hours,12,technova smartphone lite 37|has_battery_life_hours|12,2,"[0.88, 0.91]",True,0,0.89205,0.89205,0.88,True,0.66,True,False,"[""product_37"", ""product_37""]","[""unstructured"", ""unstructured""]","[""TechNova Smartphone Lite 37 is manufactured by TechNova. Offers 128GB of internal storage. Battery lasts up to 12 hours. Available in blue. Built with carbon fiber construction. Targeted at the Global market. Fast charging is no."", ""TechNova Smartphone Lite 37 is manufactured by TechNova. Offers 128GB of internal storage. Battery lasts up to 12 hours. Available in blue. Built with carbon fiber construction. Targeted at the Global market. Fast charging is no.""]",1,209,candidate
DEC023_UNSTRUCTURED_ONLY,train_kb,conservative_noisy_or_conflict_adjusted,2,TechNova Smartphone Lite 37,has_color,blue,technova smartphone lite 37|has_color|blue,2,"[0.9, 0.91]",False,0,0.8968125,0.8968125,0.88,True,0.675,True,False,"[""product_37"", ""product_37""]","[""unstructured"", ""unstructured""]","[""TechNova Smartphone Lite 37 is manufactured by TechNova. Offers 128GB of internal storage. Battery lasts up to 12 hours. Available in blue. Built with carbon fiber construction. Targeted at the Global market. Fast charging is no."", ""TechNova Smartphone Lite 37 is manufactured by TechNova. Offers 128GB of internal storage. Battery lasts up to 12 hours. Available in blue. Built with carbon fiber construction. Targeted at the Global market. Fast charging is no.""]",1,209,candidate
DEC023_UNSTRUCTURED_ONLY,train_kb,conservative_noisy_or_conflict_adjusted,2,TechNova Smartphone Lite 37,made_of_material,carbon fiber,technova smartphone lite 37|made_of_material|carbon fiber,2,"[0.86, 0.91]",True,0,0.8872875,0.8872875,0.88,True,0.645,True,False,"[""product_37"", ""product_37""]","[""unstructured"", ""unstructured""]","[""TechNova Smartphone Lite 37 is manufactured by TechNova. Offers 128GB of internal storage. Battery lasts up to 12 hours. Available in blue. Built with carbon fiber construction. Targeted at the Global market. Fast charging is no."", ""TechNova Smartphone Lite 37 is manufactured by TechNova. Offers 128GB of internal storage. Battery lasts up to 12 hours. Available in blue. Built with carbon fiber construction. Targeted at the Global market. Fast charging is no.""]",1,209,candidate
DEC023_UNSTRUCTURED_ONLY,train_kb,conservative_noisy_or_conflict_adjusted,2,TechNova Smartphone Lite 37,target_market_region,Global,technova smartphone lite 37|target_market_region|global,2,"[0.89, 0.91]",True,0,0.89443125,0.89443125,0.88,True,0.6675,True,False,"[""product_37"", ""product_37""]","[""unstructured"", ""unstructured""]","[""TechNova Smartphone Lite 37 is manufactured by TechNova. Offers 128GB of internal storage. Battery lasts up to 12 hours. Available in blue. Built with carbon fiber construction. Targeted at the Global market. Fast charging is no."", ""TechNova Smartphone Lite 37 is manufactured by TechNova. Offers 128GB of internal storage. Battery lasts up to 12 hours. Available in blue. Built with carbon fiber construction. Targeted at the Global market. Fast charging is no.""]",1,209,candidate
DEC023_UNSTRUCTURED_ONLY,train_kb,conservative_noisy_or_conflict_adjusted,2,Auralex Headphones Air 39,manufactured_by,Auralex,auralex headphones air 39|manufactured_by|auralex,1,[0.95],True,0,0.7124999999999999,0.7124999999999999,0.88,False,0.7124999999999999,False,False,"[""product_39""]","[""unstructured""]","[""Auralex Headphones Air 39 is manufactured by Auralex. It is a headphones device. Priced at 349 USD. The display measures 11.0 inches. Comes with 12GB of RAM. Available in silver. Noise cancellation: yes.""]",1,209,candidate
DEC023_UNSTRUCTURED_ONLY,train_kb,conservative_noisy_or_conflict_adjusted,2,Auralex Headphones Air 39,has_price_usd,349,auralex headphones air 39|has_price_usd|349,1,[0.95],True,0,0.7124999999999999,0.7124999999999999,0.88,False,0.7124999999999999,False,False,"[""product_39""]","[""unstructured""]","[""Auralex Headphones Air 39 is manufactured by Auralex. It is a headphones device. Priced at 349 USD. The display measures 11.0 inches. Comes with 12GB of RAM. Available in silver. Noise cancellation: yes.""]",1,209,candidate
DEC023_UNSTRUCTURED_ONLY,train_kb,conservative_noisy_or_conflict_adjusted,2,Auralex Headphones Air 39,has_screen_size_inch,11.0,auralex headphones air 39|has_screen_size_inch|11.0,1,[0.95],True,0,0.7124999999999999,0.7124999999999999,0.88,False,0.7124999999999999,False,False,"[""product_39""]","[""unstructured""]","[""Auralex Headphones Air 39 is manufactured by Auralex. It is a headphones device. Priced at 349 USD. The display measures 11.0 inches. Comes with 12GB of RAM. Available in silver. Noise cancellation: yes.""]",1,209,candidate
DEC023_UNSTRUCTURED_ONLY,train_kb,conservative_noisy_or_conflict_adjusted,2,Auralex Headphones Air 39,has_ram_gb,12,auralex headphones air 39|has_ram_gb|12,1,[0.95],True,0,0.7124999999999999,0.7124999999999999,0.88,False,0.7124999999999999,False,False,"[""product_39""]","[""unstructured""]","[""Auralex Headphones Air 39 is manufactured by Auralex. It is a headphones device. Priced at 349 USD. The display measures 11.0 inches. Comes with 12GB of RAM. Available in silver. Noise cancellation: yes.""]",1,209,candidate
DEC023_UNSTRUCTURED_ONLY,train_kb,conservative_noisy_or_conflict_adjusted,2,Auralex Headphones Air 39,has_color,silver,auralex headphones air 39|has_color|silver,1,[0.95],False,0,0.7124999999999999,0.7124999999999999,0.88,False,0.7124999999999999,False,False,"[""product_39""]","[""unstructured""]","[""Auralex Headphones Air 39 is manufactured by Auralex. It is a headphones device. Priced at 349 USD. The display measures 11.0 inches. Comes with 12GB of RAM. Available in silver. Noise cancellation: yes.""]",1,209,candidate
DEC023_UNSTRUCTURED_ONLY,train_kb,conservative_noisy_or_conflict_adjusted,2,Auralex Headphones Air 39,supports_fast_charging,no,auralex headphones air 39|supports_fast_charging|no,1,[0.8],True,0,0.6000000000000001,0.6000000000000001,0.88,False,0.6000000000000001,False,False,"[""product_39""]","[""unstructured""]","[""Auralex Headphones Air 39 is manufactured by Auralex. It is a headphones device. Priced at 349 USD. The display measures 11.0 inches. Comes with 12GB of RAM. Available in silver. Noise cancellation: yes.""]",0,209,candidate
DEC023_UNSTRUCTURED_ONLY,train_kb,conservative_noisy_or_conflict_adjusted,2,Auralex Headphones Air 39,has_noise_cancellation,yes,auralex headphones air 39|has_noise_cancellation|yes,1,[0.95],True,0,0.7124999999999999,0.7124999999999999,0.88,False,0.7124999999999999,False,False,"[""product_39""]","[""unstructured""]","[""Auralex Headphones Air 39 is manufactured by Auralex. It is a headphones device. Priced at 349 USD. The display measures 11.0 inches. Comes with 12GB of RAM. Available in silver. Noise cancellation: yes.""]",1,209,candidate
DEC023_UNSTRUCTURED_ONLY,train_kb,conservative_noisy_or_conflict_adjusted,2,NeoTech Laptop Lite 40,manufactured_by,NeoTech,neotech laptop lite 40|manufactured_by|neotech,1,[0.95],True,0,0.7124999999999999,0.7124999999999999,0.88,False,0.7124999999999999,False,False,"[""product_40""]","[""unstructured""]","[""NeoTech Laptop Lite 40 is manufactured by NeoTech. It is a laptop device. The display measures 6.1 inches. Comes with 12GB of RAM. Weighs approximately 0.42kg. Targeted at the Global market. Noise cancellation: no.""]",1,209,candidate
DEC023_UNSTRUCTURED_ONLY,train_kb,conservative_noisy_or_conflict_adjusted,2,NeoTech Laptop Lite 40,belongs_to_category,laptop device,neotech laptop lite 40|belongs_to_category|laptop device,1,[0.92],True,0,0.6900000000000001,0.6900000000000001,0.88,False,0.6900000000000001,False,False,"[""product_40""]","[""unstructured""]","[""NeoTech Laptop Lite 40 is manufactured by NeoTech. It is a laptop device. The display measures 6.1 inches. Comes with 12GB of RAM. Weighs approximately 0.42kg. Targeted at the Global market. Noise cancellation: no.""]",0,209,candidate
DEC023_UNSTRUCTURED_ONLY,train_kb,conservative_noisy_or_conflict_adjusted,2,NeoTech Laptop Lite 40,has_screen_size_inch,6.1,neotech laptop lite 40|has_screen_size_inch|6.1,1,[0.9],True,0,0.675,0.675,0.88,False,0.675,False,False,"[""product_40""]","[""unstructured""]","[""NeoTech Laptop Lite 40 is manufactured by NeoTech. It is a laptop device. The display measures 6.1 inches. Comes with 12GB of RAM. Weighs approximately 0.42kg. Targeted at the Global market. Noise cancellation: no.""]",1,209,candidate
DEC023_UNSTRUCTURED_ONLY,train_kb,conservative_noisy_or_conflict_adjusted,2,NeoTech Laptop Lite 40,has_ram_gb,12,neotech laptop lite 40|has_ram_gb|12,1,[0.94],True,0,0.705,0.705,0.88,False,0.705,False,False,"[""product_40""]","[""unstructured""]","[""NeoTech Laptop Lite 40 is manufactured by NeoTech. It is a laptop device. The display measures 6.1 inches. Comes with 12GB of RAM. Weighs approximately 0.42kg. Targeted at the Global market. Noise cancellation: no.""]",1,209,candidate
DEC023_UNSTRUCTURED_ONLY,train_kb,conservative_noisy_or_conflict_adjusted,2,NeoTech Laptop Lite 40,has_weight_kg,0.42,neotech laptop lite 40|has_weight_kg|0.42,1,[0.88],True,0,0.66,0.66,0.88,False,0.66,False,False,"[""product_40""]","[""unstructured""]","[""NeoTech Laptop Lite 40 is manufactured by NeoTech. It is a laptop device. The display measures 6.1 inches. Comes with 12GB of RAM. Weighs approximately 0.42kg. Targeted at the Global market. Noise cancellation: no.""]",1,209,candidate
DEC023_UNSTRUCTURED_ONLY,train_kb,conservative_noisy_or_conflict_adjusted,2,NeoTech Laptop Lite 40,target_market_region,Global,neotech laptop lite 40|target_market_region|global,1,[0.93],True,0,0.6975,0.6975,0.88,False,0.6975,False,False,"[""product_40""]","[""unstructured""]","[""NeoTech Laptop Lite 40 is manufactured by NeoTech. It is a laptop device. The display measures 6.1 inches. Comes with 12GB of RAM. Weighs approximately 0.42kg. Targeted at the Global market. Noise cancellation: no.""]",1,209,candidate
DEC023_UNSTRUCTURED_ONLY,train_kb,conservative_noisy_or_conflict_adjusted,2,NeoTech Laptop Lite 40,has_noise_cancellation,no,neotech laptop lite 40|has_noise_cancellation|no,1,[0.96],True,0,0.72,0.72,0.88,False,0.72,False,False,"[""product_40""]","[""unstructured""]","[""NeoTech Laptop Lite 40 is manufactured by NeoTech. It is a laptop device. The display measures 6.1 inches. Comes with 12GB of RAM. Weighs approximately 0.42kg. Targeted at the Global market. Noise cancellation: no.""]",1,209,candidate
DEC023_UNSTRUCTURED_ONLY,train_kb,conservative_noisy_or_conflict_adjusted,2,Auralex Laptop Air 44,manufactured_by,Auralex,auralex laptop air 44|manufactured_by|auralex,1,[0.92],True,0,0.6900000000000001,0.6900000000000001,0.88,False,0.6900000000000001,False,False,"[""product_44""]","[""unstructured""]","[""Auralex Laptop Air 44 is manufactured by Auralex. It is a laptop device. Priced at 199 USD. The display measures 13.3 inches. Comes with 4GB of RAM. Battery lasts up to 20 hours. Targeted at the EU market.""]",1,209,candidate
DEC023_UNSTRUCTURED_ONLY,train_kb,conservative_noisy_or_conflict_adjusted,2,Auralex Laptop Air 44,belongs_to_category,laptop device,auralex laptop air 44|belongs_to_category|laptop device,1,[0.85],True,0,0.6375,0.6375,0.88,False,0.6375,False,False,"[""product_44""]","[""unstructured""]","[""Auralex Laptop Air 44 is manufactured by Auralex. It is a laptop device. Priced at 199 USD. The display measures 13.3 inches. Comes with 4GB of RAM. Battery lasts up to 20 hours. Targeted at the EU market.""]",0,209,candidate
DEC023_UNSTRUCTURED_ONLY,train_kb,conservative_noisy_or_conflict_adjusted,2,Auralex Laptop Air 44,has_price_usd,199,auralex laptop air 44|has_price_usd|199,1,[0.88],True,0,0.66,0.66,0.88,False,0.66,False,False,"[""product_44""]","[""unstructured""]","[""Auralex Laptop Air 44 is manufactured by Auralex. It is a laptop device. Priced at 199 USD. The display measures 13.3 inches. Comes with 4GB of RAM. Battery lasts up to 20 hours. Targeted at the EU market.""]",1,209,candidate
DEC023_UNSTRUCTURED_ONLY,train_kb,conservative_noisy_or_conflict_adjusted,2,Auralex Laptop Air 44,has_screen_size_inch,13.3,auralex laptop air 44|has_screen_size_inch|13.3,1,[0.9],True,0,0.675,0.675,0.88,False,0.675,False,False,"[""product_44""]","[""unstructured""]","[""Auralex Laptop Air 44 is manufactured by Auralex. It is a laptop device. Priced at 199 USD. The display measures 13.3 inches. Comes with 4GB of RAM. Battery lasts up to 20 hours. Targeted at the EU market.""]",1,209,candidate
DEC023_UNSTRUCTURED_ONLY,train_kb,conservative_noisy_or_conflict_adjusted,2,Auralex Laptop Air 44,has_ram_gb,4,auralex laptop air 44|has_ram_gb|4,1,[0.92],True,0,0.6900000000000001,0.6900000000000001,0.88,False,0.6900000000000001,False,False,"[""product_44""]","[""unstructured""]","[""Auralex Laptop Air 44 is manufactured by Auralex. It is a laptop device. Priced at 199 USD. The display measures 13.3 inches. Comes with 4GB of RAM. Battery lasts up to 20 hours. Targeted at the EU market.""]",1,209,candidate
DEC023_UNSTRUCTURED_ONLY,train_kb,conservative_noisy_or_conflict_adjusted,2,Auralex Laptop Air 44,has_battery_life_hours,20,auralex laptop air 44|has_battery_life_hours|20,1,[0.89],True,0,0.6675,0.6675,0.88,False,0.6675,False,False,"[""product_44""]","[""unstructured""]","[""Auralex Laptop Air 44 is manufactured by Auralex. It is a laptop device. Priced at 199 USD. The display measures 13.3 inches. Comes with 4GB of RAM. Battery lasts up to 20 hours. Targeted at the EU market.""]",1,209,candidate
DEC023_UNSTRUCTURED_ONLY,train_kb,conservative_noisy_or_conflict_adjusted,2,Auralex Laptop Air 44,target_market_region,EU market,auralex laptop air 44|target_market_region|eu market,1,[0.86],True,0,0.645,0.645,0.88,False,0.645,False,False,"[""product_44""]","[""unstructured""]","[""Auralex Laptop Air 44 is manufactured by Auralex. It is a laptop device. Priced at 199 USD. The display measures 13.3 inches. Comes with 4GB of RAM. Battery lasts up to 20 hours. Targeted at the EU market.""]",0,209,candidate
DEC023_UNSTRUCTURED_ONLY,train_kb,conservative_noisy_or_conflict_adjusted,2,NeoTech Smartphone Max 45,manufactured_by,NeoTech,neotech smartphone max 45|manufactured_by|neotech,2,"[0.95, 0.85]",True,0,0.89578125,0.89578125,0.88,True,0.7124999999999999,True,False,"[""product_45"", ""product_45""]","[""unstructured"", ""unstructured""]","[""NeoTech Smartphone Max 45 is manufactured by NeoTech. It is a smartphone device. The display measures 14.0 inches. Offers 512GB of internal storage. Battery lasts up to 8 hours. Weighs approximately 0.18kg. Available in white."", ""NeoTech Smartphone Max 45 is manufactured by NeoTech. It is a smartphone device. The display measures 14.0 inches. Offers 512GB of internal storage. Battery lasts up to 8 hours. Weighs approximately 0.18kg. Available in white.""]",1,209,candidate
DEC023_UNSTRUCTURED_ONLY,train_kb,conservative_noisy_or_conflict_adjusted,2,NeoTech Smartphone Max 45,belongs_to_category,smartphone device,neotech smartphone max 45|belongs_to_category|smartphone device,1,[0.92],True,0,0.6900000000000001,0.6900000000000001,0.88,False,0.6900000000000001,False,False,"[""product_45""]","[""unstructured""]","[""NeoTech Smartphone Max 45 is manufactured by NeoTech. It is a smartphone device. The display measures 14.0 inches. Offers 512GB of internal storage. Battery lasts up to 8 hours. Weighs approximately 0.18kg. Available in white.""]",0,209,candidate
DEC023_UNSTRUCTURED_ONLY,train_kb,conservative_noisy_or_conflict_adjusted,2,NeoTech Smartphone Max 45,has_screen_size_inch,14.0,neotech smartphone max 45|has_screen_size_inch|14.0,2,"[0.9, 0.85]",True,0,0.8821875,0.8821875,0.88,True,0.675,True,False,"[""product_45"", ""product_45""]","[""unstructured"", ""unstructured""]","[""NeoTech Smartphone Max 45 is manufactured by NeoTech. It is a smartphone device. The display measures 14.0 inches. Offers 512GB of internal storage. Battery lasts up to 8 hours. Weighs approximately 0.18kg. Available in white."", ""NeoTech Smartphone Max 45 is manufactured by NeoTech. It is a smartphone device. The display measures 14.0 inches. Offers 512GB of internal storage. Battery lasts up to 8 hours. Weighs approximately 0.18kg. Available in white.""]",1,209,candidate
DEC023_UNSTRUCTURED_ONLY,train_kb,conservative_noisy_or_conflict_adjusted,2,NeoTech Smartphone Max 45,has_storage_gb,512,neotech smartphone max 45|has_storage_gb|512,2,"[0.88, 0.85]",True,0,0.87675,0.87675,0.88,False,0.66,False,False,"[""product_45"", ""product_45""]","[""unstructured"", ""unstructured""]","[""NeoTech Smartphone Max 45 is manufactured by NeoTech. It is a smartphone device. The display measures 14.0 inches. Offers 512GB of internal storage. Battery lasts up to 8 hours. Weighs approximately 0.18kg. Available in white."", ""NeoTech Smartphone Max 45 is manufactured by NeoTech. It is a smartphone device. The display measures 14.0 inches. Offers 512GB of internal storage. Battery lasts up to 8 hours. Weighs approximately 0.18kg. Available in white.""]",1,209,candidate
DEC023_UNSTRUCTURED_ONLY,train_kb,conservative_noisy_or_conflict_adjusted,2,NeoTech Smartphone Max 45,has_battery_life_hours,8,neotech smartphone max 45|has_battery_life_hours|8,2,"[0.85, 0.85]",True,0,0.8685937499999999,0.8685937499999999,0.88,False,0.6375,False,False,"[""product_45"", ""product_45""]","[""unstructured"", ""unstructured""]","[""NeoTech Smartphone Max 45 is manufactured by NeoTech. It is a smartphone device. The display measures 14.0 inches. Offers 512GB of internal storage. Battery lasts up to 8 hours. Weighs approximately 0.18kg. Available in white."", ""NeoTech Smartphone Max 45 is manufactured by NeoTech. It is a smartphone device. The display measures 14.0 inches. Offers 512GB of internal storage. Battery lasts up to 8 hours. Weighs approximately 0.18kg. Available in white.""]",1,209,candidate
DEC023_UNSTRUCTURED_ONLY,train_kb,conservative_noisy_or_conflict_adjusted,2,NeoTech Smartphone Max 45,has_weight_kg,0.18,neotech smartphone max 45|has_weight_kg|0.18,2,"[0.89, 0.85]",True,0,0.87946875,0.87946875,0.88,False,0.6675,False,False,"[""product_45"", ""product_45""]","[""unstructured"", ""unstructured""]","[""NeoTech Smartphone Max 45 is manufactured by NeoTech. It is a smartphone device. The display measures 14.0 inches. Offers 512GB of internal storage. Battery lasts up to 8 hours. Weighs approximately 0.18kg. Available in white."", ""NeoTech Smartphone Max 45 is manufactured by NeoTech. It is a smartphone device. The display measures 14.0 inches. Offers 512GB of internal storage. Battery lasts up to 8 hours. Weighs approximately 0.18kg. Available in white.""]",1,209,candidate
DEC023_UNSTRUCTURED_ONLY,train_kb,conservative_noisy_or_conflict_adjusted,2,NeoTech Smartphone Max 45,has_color,white,neotech smartphone max 45|has_color|white,2,"[0.93, 0.85]",False,0,0.89034375,0.89034375,0.88,True,0.6975,True,False,"[""product_45"", ""product_45""]","[""unstructured"", ""unstructured""]","[""NeoTech Smartphone Max 45 is manufactured by NeoTech. It is a smartphone device. The display measures 14.0 inches. Offers 512GB of internal storage. Battery lasts up to 8 hours. Weighs approximately 0.18kg. Available in white."", ""NeoTech Smartphone Max 45 is manufactured by NeoTech. It is a smartphone device. The display measures 14.0 inches. Offers 512GB of internal storage. Battery lasts up to 8 hours. Weighs approximately 0.18kg. Available in white.""]",1,209,candidate
DEC023_UNSTRUCTURED_ONLY,train_kb,conservative_noisy_or_conflict_adjusted,2,TechNova Smartphone Pro 1,has_screen_size_inch,13.3,technova smartphone pro 1|has_screen_size_inch|13.3,1,[0.91],True,3,0.6825,0.170625,0.88,False,0.170625,False,False,"[""product_47""]","[""unstructured""]","[""The display measures 13.3 inches. Comes with 4GB of RAM. Offers 512GB of internal storage. Battery lasts up to 8 hours. Weighs approximately 1.45kg. Available in blue. Noise cancellation: no.""]",0,209,candidate
DEC023_UNSTRUCTURED_ONLY,train_kb,conservative_noisy_or_conflict_adjusted,2,TechNova Smartphone Pro 1,has_storage_gb,512,technova smartphone pro 1|has_storage_gb|512,2,"[0.91, 0.91]",True,3,0.89919375,0.2247984375,0.88,False,0.170625,False,False,"[""product_47"", ""product_47""]","[""unstructured"", ""unstructured""]","[""The display measures 13.3 inches. Comes with 4GB of RAM. Offers 512GB of internal storage. Battery lasts up to 8 hours. Weighs approximately 1.45kg. Available in blue. Noise cancellation: no."", ""The display measures 13.3 inches. Comes with 4GB of RAM. Offers 512GB of internal storage. Battery lasts up to 8 hours. Weighs approximately 1.45kg. Available in blue. Noise cancellation: no.""]",0,209,candidate
DEC023_UNSTRUCTURED_ONLY,train_kb,conservative_noisy_or_conflict_adjusted,2,TechNova Smartphone Pro 1,has_weight_kg,1.45,technova smartphone pro 1|has_weight_kg|1.45,2,"[0.91, 0.91]",True,3,0.89919375,0.2247984375,0.88,False,0.170625,False,False,"[""product_47"", ""product_47""]","[""unstructured"", ""unstructured""]","[""The display measures 13.3 inches. Comes with 4GB of RAM. Offers 512GB of internal storage. Battery lasts up to 8 hours. Weighs approximately 1.45kg. Available in blue. Noise cancellation: no."", ""The display measures 13.3 inches. Comes with 4GB of RAM. Offers 512GB of internal storage. Battery lasts up to 8 hours. Weighs approximately 1.45kg. Available in blue. Noise cancellation: no.""]",0,209,candidate
DEC023_UNSTRUCTURED_ONLY,train_kb,conservative_noisy_or_conflict_adjusted,2,TechNova Smartphone Pro 1,has_color,blue,technova smartphone pro 1|has_color|blue,2,"[0.91, 0.91]",False,1,0.89919375,0.89919375,0.88,True,0.6825,True,False,"[""product_47"", ""product_47""]","[""unstructured"", ""unstructured""]","[""The display measures 13.3 inches. Comes with 4GB of RAM. Offers 512GB of internal storage. Battery lasts up to 8 hours. Weighs approximately 1.45kg. Available in blue. Noise cancellation: no."", ""The display measures 13.3 inches. Comes with 4GB of RAM. Offers 512GB of internal storage. Battery lasts up to 8 hours. Weighs approximately 1.45kg. Available in blue. Noise cancellation: no.""]",0,209,candidate
DEC023_UNSTRUCTURED_ONLY,train_kb,conservative_noisy_or_conflict_adjusted,2,NeoTech Tablet Pro 48,manufactured_by,NeoTech,neotech tablet pro 48|manufactured_by|neotech,2,"[0.92, 0.85]",True,0,0.887625,0.887625,0.88,True,0.6900000000000001,True,False,"[""product_48"", ""product_48""]","[""unstructured"", ""unstructured""]","[""NeoTech Tablet Pro 48 is manufactured by NeoTech. The display measures 13.3 inches. Comes with 16GB of RAM. Offers 64GB of internal storage. Weighs approximately 0.18kg. Available in black. Built with carbon fiber construction."", ""NeoTech Tablet Pro 48 is manufactured by NeoTech. The display measures 13.3 inches. Comes with 16GB of RAM. Offers 64GB of internal storage. Weighs approximately 0.18kg. Available in black. Built with carbon fiber construction.""]",1,209,candidate
DEC023_UNSTRUCTURED_ONLY,train_kb,conservative_noisy_or_conflict_adjusted,2,NeoTech Tablet Pro 48,has_screen_size_inch,13.3,neotech tablet pro 48|has_screen_size_inch|13.3,2,"[0.93, 0.85]",True,0,0.89034375,0.89034375,0.88,True,0.6975,True,False,"[""product_48"", ""product_48""]","[""unstructured"", ""unstructured""]","[""NeoTech Tablet Pro 48 is manufactured by NeoTech. The display measures 13.3 inches. Comes with 16GB of RAM. Offers 64GB of internal storage. Weighs approximately 0.18kg. Available in black. Built with carbon fiber construction."", ""NeoTech Tablet Pro 48 is manufactured by NeoTech. The display measures 13.3 inches. Comes with 16GB of RAM. Offers 64GB of internal storage. Weighs approximately 0.18kg. Available in black. Built with carbon fiber construction.""]",1,209,candidate
DEC023_UNSTRUCTURED_ONLY,train_kb,conservative_noisy_or_conflict_adjusted,2,NeoTech Tablet Pro 48,has_ram_gb,16,neotech tablet pro 48|has_ram_gb|16,2,"[0.94, 0.85]",True,0,0.8930625,0.8930625,0.88,True,0.705,True,False,"[""product_48"", ""product_48""]","[""unstructured"", ""unstructured""]","[""NeoTech Tablet Pro 48 is manufactured by NeoTech. The display measures 13.3 inches. Comes with 16GB of RAM. Offers 64GB of internal storage. Weighs approximately 0.18kg. Available in black. Built with carbon fiber construction."", ""NeoTech Tablet Pro 48 is manufactured by NeoTech. The display measures 13.3 inches. Comes with 16GB of RAM. Offers 64GB of internal storage. Weighs approximately 0.18kg. Available in black. Built with carbon fiber construction.""]",1,209,candidate
DEC023_UNSTRUCTURED_ONLY,train_kb,conservative_noisy_or_conflict_adjusted,2,NeoTech Tablet Pro 48,has_storage_gb,64,neotech tablet pro 48|has_storage_gb|64,2,"[0.95, 0.85]",True,0,0.89578125,0.89578125,0.88,True,0.7124999999999999,True,False,"[""product_48"", ""product_48""]","[""unstructured"", ""unstructured""]","[""NeoTech Tablet Pro 48 is manufactured by NeoTech. The display measures 13.3 inches. Comes with 16GB of RAM. Offers 64GB of internal storage. Weighs approximately 0.18kg. Available in black. Built with carbon fiber construction."", ""NeoTech Tablet Pro 48 is manufactured by NeoTech. The display measures 13.3 inches. Comes with 16GB of RAM. Offers 64GB of internal storage. Weighs approximately 0.18kg. Available in black. Built with carbon fiber construction.""]",1,209,candidate
DEC023_UNSTRUCTURED_ONLY,train_kb,conservative_noisy_or_conflict_adjusted,2,NeoTech Tablet Pro 48,has_weight_kg,0.18,neotech tablet pro 48|has_weight_kg|0.18,2,"[0.96, 0.85]",True,0,0.8985,0.8985,0.88,True,0.72,True,False,"[""product_48"", ""product_48""]","[""unstructured"", ""unstructured""]","[""NeoTech Tablet Pro 48 is manufactured by NeoTech. The display measures 13.3 inches. Comes with 16GB of RAM. Offers 64GB of internal storage. Weighs approximately 0.18kg. Available in black. Built with carbon fiber construction."", ""NeoTech Tablet Pro 48 is manufactured by NeoTech. The display measures 13.3 inches. Comes with 16GB of RAM. Offers 64GB of internal storage. Weighs approximately 0.18kg. Available in black. Built with carbon fiber construction.""]",1,209,candidate
DEC023_UNSTRUCTURED_ONLY,train_kb,conservative_noisy_or_conflict_adjusted,2,NeoTech Tablet Pro 48,has_color,black,neotech tablet pro 48|has_color|black,2,"[0.9, 0.85]",False,0,0.8821875,0.8821875,0.88,True,0.675,True,False,"[""product_48"", ""product_48""]","[""unstructured"", ""unstructured""]","[""NeoTech Tablet Pro 48 is manufactured by NeoTech. The display measures 13.3 inches. Comes with 16GB of RAM. Offers 64GB of internal storage. Weighs approximately 0.18kg. Available in black. Built with carbon fiber construction."", ""NeoTech Tablet Pro 48 is manufactured by NeoTech. The display measures 13.3 inches. Comes with 16GB of RAM. Offers 64GB of internal storage. Weighs approximately 0.18kg. Available in black. Built with carbon fiber construction.""]",1,209,candidate
DEC023_UNSTRUCTURED_ONLY,train_kb,conservative_noisy_or_conflict_adjusted,2,NeoTech Tablet Pro 48,made_of_material,carbon fiber,neotech tablet pro 48|made_of_material|carbon fiber,2,"[0.91, 0.85]",True,0,0.88490625,0.88490625,0.88,True,0.6825,True,False,"[""product_48"", ""product_48""]","[""unstructured"", ""unstructured""]","[""NeoTech Tablet Pro 48 is manufactured by NeoTech. The display measures 13.3 inches. Comes with 16GB of RAM. Offers 64GB of internal storage. Weighs approximately 0.18kg. Available in black. Built with carbon fiber construction."", ""NeoTech Tablet Pro 48 is manufactured by NeoTech. The display measures 13.3 inches. Comes with 16GB of RAM. Offers 64GB of internal storage. Weighs approximately 0.18kg. Available in black. Built with carbon fiber construction.""]",1,209,candidate
DEC023_UNSTRUCTURED_ONLY,train_kb,conservative_noisy_or_conflict_adjusted,2,voltage smartphone max 22,has_noise_cancellation,no,voltage smartphone max 22|has_noise_cancellation|no,1,[0.91],True,0,0.6825,0.6825,0.88,False,,False,False,"[""product_1""]","[""unstructured""]","[""It is a smartphone device. Offers 1024GB of internal storage. Battery lasts up to 8 hours. Available in silver. Built with plastic construction. Targeted at the APAC market. Noise cancellation: no.""]",0,209,candidate
DEC023_UNSTRUCTURED_ONLY,train_kb,conservative_noisy_or_conflict_adjusted,2,technova smartphone max 41,has_color,blue,technova smartphone max 41|has_color|blue,7,"[0.91, 0.8, 0.8, 0.8, 0.8, 0.8, 0.95]",False,0,0.9990652800000001,0.9990652800000001,0.88,True,,True,False,"[""product_1"", ""product_22"", ""product_25"", ""product_29"", ""product_31"", ""product_34"", ""product_41""]","[""unstructured"", ""unstructured"", ""unstructured"", ""unstructured"", ""unstructured"", ""unstructured"", ""unstructured""]","[""It is a smartphone device. Offers 1024GB of internal storage. Battery lasts up to 8 hours. Available in silver. Built with plastic construction. Targeted at the APAC market. Noise cancellation: no."", ""Comes with 16GB of RAM. Offers 512GB of internal storage. Available in black. Built with carbon fiber construction. Targeted at the EU market. Fast charging is yes. Noise cancellation: no."", ""It is a headphones device. Priced at 899 USD. Offers 128GB of internal storage. Battery lasts up to 20 hours. Weighs approximately 1.2kg. Available in silver. Targeted at the Global market."", ""It is a smartwatch device. Priced at 699 USD. The display measures 13.3 inches. Weighs approximately 0.18kg. Built with carbon fiber construction. Fast charging is no. Noise cancellation: no."", ""The display measures 10.9 inches. Offers 128GB of internal storage. Weighs approximately 0.23kg. Built with plastic construction. Targeted at the EU market. Fast charging is no. Noise cancellation: no."", ""The display measures 15.6 inches. Comes with 16GB of RAM. Offers 256GB of internal storage. Battery lasts up to 20 hours. Weighs approximately 0.42kg. Fast charging is yes. Noise cancellation: no."", ""TechNova Smartphone Max 41 is manufactured by TechNova. The display measures 6.1 inches. Comes with 6GB of RAM. Offers 256GB of internal storage. Available in blue. Targeted at the Global market. Fast charging is no.""]",1,209,candidate
DEC023_UNSTRUCTURED_ONLY,train_kb,conservative_noisy_or_conflict_adjusted,2,pixelware smartphone pro 50,has_ram_gb,6,pixelware smartphone pro 50|has_ram_gb|6,7,"[0.91, 0.8, 0.8, 0.8, 0.8, 0.8, 0.95]",True,0,0.9990652800000001,0.9990652800000001,0.88,True,,True,False,"[""product_1"", ""product_22"", ""product_25"", ""product_29"", ""product_31"", ""product_34"", ""product_50""]","[""unstructured"", ""unstructured"", ""unstructured"", ""unstructured"", ""unstructured"", ""unstructured"", ""unstructured""]","[""It is a smartphone device. Offers 1024GB of internal storage. Battery lasts up to 8 hours. Available in silver. Built with plastic construction. Targeted at the APAC market. Noise cancellation: no."", ""Comes with 16GB of RAM. Offers 512GB of internal storage. Available in black. Built with carbon fiber construction. Targeted at the EU market. Fast charging is yes. Noise cancellation: no."", ""It is a headphones device. Priced at 899 USD. Offers 128GB of internal storage. Battery lasts up to 20 hours. Weighs approximately 1.2kg. Available in silver. Targeted at the Global market."", ""It is a smartwatch device. Priced at 699 USD. The display measures 13.3 inches. Weighs approximately 0.18kg. Built with carbon fiber construction. Fast charging is no. Noise cancellation: no."", ""The display measures 10.9 inches. Offers 128GB of internal storage. Weighs approximately 0.23kg. Built with plastic construction. Targeted at the EU market. Fast charging is no. Noise cancellation: no."", ""The display measures 15.6 inches. Comes with 16GB of RAM. Offers 256GB of internal storage. Battery lasts up to 20 hours. Weighs approximately 0.42kg. Fast charging is yes. Noise cancellation: no."", ""PixelWare Smartphone Pro 50 is manufactured by PixelWare. The display measures 13.3 inches. Comes with 6GB of RAM. Battery lasts up to 24 hours. Available in blue. Built with carbon fiber construction. Noise cancellation: no.""]",1,209,candidate
DEC023_UNSTRUCTURED_ONLY,train_kb,conservative_noisy_or_conflict_adjusted,2,auralex headphones air 31,made_of_material,plastic,auralex headphones air 31|made_of_material|plastic,6,"[0.91, 0.8, 0.8, 0.8, 0.8, 0.8]",True,0,0.9967488,0.9967488,0.88,True,,True,False,"[""product_1"", ""product_22"", ""product_25"", ""product_29"", ""product_31"", ""product_34""]","[""unstructured"", ""unstructured"", ""unstructured"", ""unstructured"", ""unstructured"", ""unstructured""]","[""It is a smartphone device. Offers 1024GB of internal storage. Battery lasts up to 8 hours. Available in silver. Built with plastic construction. Targeted at the APAC market. Noise cancellation: no."", ""Comes with 16GB of RAM. Offers 512GB of internal storage. Available in black. Built with carbon fiber construction. Targeted at the EU market. Fast charging is yes. Noise cancellation: no."", ""It is a headphones device. Priced at 899 USD. Offers 128GB of internal storage. Battery lasts up to 20 hours. Weighs approximately 1.2kg. Available in silver. Targeted at the Global market."", ""It is a smartwatch device. Priced at 699 USD. The display measures 13.3 inches. Weighs approximately 0.18kg. Built with carbon fiber construction. Fast charging is no. Noise cancellation: no."", ""The display measures 10.9 inches. Offers 128GB of internal storage. Weighs approximately 0.23kg. Built with plastic construction. Targeted at the EU market. Fast charging is no. Noise cancellation: no."", ""The display measures 15.6 inches. Comes with 16GB of RAM. Offers 256GB of internal storage. Battery lasts up to 20 hours. Weighs approximately 0.42kg. Fast charging is yes. Noise cancellation: no.""]",1,209,candidate
DEC023_UNSTRUCTURED_ONLY,train_kb,conservative_noisy_or_conflict_adjusted,2,pixelware smartwatch pro 29,has_screen_size_inch,13.3,pixelware smartwatch pro 29|has_screen_size_inch|13.3,6,"[0.91, 0.8, 0.8, 0.8, 0.8, 0.8]",True,0,0.9967488,0.9967488,0.88,True,,True,False,"[""product_1"", ""product_22"", ""product_25"", ""product_29"", ""product_31"", ""product_34""]","[""unstructured"", ""unstructured"", ""unstructured"", ""unstructured"", ""unstructured"", ""unstructured""]","[""It is a smartphone device. Offers 1024GB of internal storage. Battery lasts up to 8 hours. Available in silver. Built with plastic construction. Targeted at the APAC market. Noise cancellation: no."", ""Comes with 16GB of RAM. Offers 512GB of internal storage. Available in black. Built with carbon fiber construction. Targeted at the EU market. Fast charging is yes. Noise cancellation: no."", ""It is a headphones device. Priced at 899 USD. Offers 128GB of internal storage. Battery lasts up to 20 hours. Weighs approximately 1.2kg. Available in silver. Targeted at the Global market."", ""It is a smartwatch device. Priced at 699 USD. The display measures 13.3 inches. Weighs approximately 0.18kg. Built with carbon fiber construction. Fast charging is no. Noise cancellation: no."", ""The display measures 10.9 inches. Offers 128GB of internal storage. Weighs approximately 0.23kg. Built with plastic construction. Targeted at the EU market. Fast charging is no. Noise cancellation: no."", ""The display measures 15.6 inches. Comes with 16GB of RAM. Offers 256GB of internal storage. Battery lasts up to 20 hours. Weighs approximately 0.42kg. Fast charging is yes. Noise cancellation: no.""]",1,209,candidate
DEC023_UNSTRUCTURED_ONLY,train_kb,conservative_noisy_or_conflict_adjusted,2,pixelware smartwatch pro 29,made_of_material,carbon fiber,pixelware smartwatch pro 29|made_of_material|carbon fiber,6,"[0.91, 0.8, 0.8, 0.8, 0.8, 0.8]",True,0,0.9967488,0.9967488,0.88,True,,True,False,"[""product_1"", ""product_22"", ""product_25"", ""product_29"", ""product_31"", ""product_34""]","[""unstructured"", ""unstructured"", ""unstructured"", ""unstructured"", ""unstructured"", ""unstructured""]","[""It is a smartphone device. Offers 1024GB of internal storage. Battery lasts up to 8 hours. Available in silver. Built with plastic construction. Targeted at the APAC market. Noise cancellation: no."", ""Comes with 16GB of RAM. Offers 512GB of internal storage. Available in black. Built with carbon fiber construction. Targeted at the EU market. Fast charging is yes. Noise cancellation: no."", ""It is a headphones device. Priced at 899 USD. Offers 128GB of internal storage. Battery lasts up to 20 hours. Weighs approximately 1.2kg. Available in silver. Targeted at the Global market."", ""It is a smartwatch device. Priced at 699 USD. The display measures 13.3 inches. Weighs approximately 0.18kg. Built with carbon fiber construction. Fast charging is no. Noise cancellation: no."", ""The display measures 10.9 inches. Offers 128GB of internal storage. Weighs approximately 0.23kg. Built with plastic construction. Targeted at the EU market. Fast charging is no. Noise cancellation: no."", ""The display measures 15.6 inches. Comes with 16GB of RAM. Offers 256GB of internal storage. Battery lasts up to 20 hours. Weighs approximately 0.42kg. Fast charging is yes. Noise cancellation: no.""]",1,209,candidate
DEC023_UNSTRUCTURED_ONLY,train_kb,conservative_noisy_or_conflict_adjusted,2,zenbyte headphones air 25,has_price_usd,899,zenbyte headphones air 25|has_price_usd|899,6,"[0.91, 0.8, 0.8, 0.8, 0.8, 0.8]",True,0,0.9967488,0.9967488,0.88,True,,True,False,"[""product_1"", ""product_22"", ""product_25"", ""product_29"", ""product_31"", ""product_34""]","[""unstructured"", ""unstructured"", ""unstructured"", ""unstructured"", ""unstructured"", ""unstructured""]","[""It is a smartphone device. Offers 1024GB of internal storage. Battery lasts up to 8 hours. Available in silver. Built with plastic construction. Targeted at the APAC market. Noise cancellation: no."", ""Comes with 16GB of RAM. Offers 512GB of internal storage. Available in black. Built with carbon fiber construction. Targeted at the EU market. Fast charging is yes. Noise cancellation: no."", ""It is a headphones device. Priced at 899 USD. Offers 128GB of internal storage. Battery lasts up to 20 hours. Weighs approximately 1.2kg. Available in silver. Targeted at the Global market."", ""It is a smartwatch device. Priced at 699 USD. The display measures 13.3 inches. Weighs approximately 0.18kg. Built with carbon fiber construction. Fast charging is no. Noise cancellation: no."", ""The display measures 10.9 inches. Offers 128GB of internal storage. Weighs approximately 0.23kg. Built with plastic construction. Targeted at the EU market. Fast charging is no. Noise cancellation: no."", ""The display measures 15.6 inches. Comes with 16GB of RAM. Offers 256GB of internal storage. Battery lasts up to 20 hours. Weighs approximately 0.42kg. Fast charging is yes. Noise cancellation: no.""]",1,209,candidate
DEC023_UNSTRUCTURED_ONLY,train_kb,conservative_noisy_or_conflict_adjusted,2,auralex headphones air 39,belongs_to_category,headphones,auralex headphones air 39|belongs_to_category|headphones,6,"[0.91, 0.8, 0.8, 0.8, 0.8, 0.8]",True,0,0.9967488,0.9967488,0.88,True,,True,False,"[""product_1"", ""product_22"", ""product_25"", ""product_29"", ""product_31"", ""product_34""]","[""unstructured"", ""unstructured"", ""unstructured"", ""unstructured"", ""unstructured"", ""unstructured""]","[""It is a smartphone device. Offers 1024GB of internal storage. Battery lasts up to 8 hours. Available in silver. Built with plastic construction. Targeted at the APAC market. Noise cancellation: no."", ""Comes with 16GB of RAM. Offers 512GB of internal storage. Available in black. Built with carbon fiber construction. Targeted at the EU market. Fast charging is yes. Noise cancellation: no."", ""It is a headphones device. Priced at 899 USD. Offers 128GB of internal storage. Battery lasts up to 20 hours. Weighs approximately 1.2kg. Available in silver. Targeted at the Global market."", ""It is a smartwatch device. Priced at 699 USD. The display measures 13.3 inches. Weighs approximately 0.18kg. Built with carbon fiber construction. Fast charging is no. Noise cancellation: no."", ""The display measures 10.9 inches. Offers 128GB of internal storage. Weighs approximately 0.23kg. Built with plastic construction. Targeted at the EU market. Fast charging is no. Noise cancellation: no."", ""The display measures 15.6 inches. Comes with 16GB of RAM. Offers 256GB of internal storage. Battery lasts up to 20 hours. Weighs approximately 0.42kg. Fast charging is yes. Noise cancellation: no.""]",1,209,candidate
DEC023_UNSTRUCTURED_ONLY,train_kb,conservative_noisy_or_conflict_adjusted,2,PixelWare Tablet Max 9,manufactured_by,PixelWare,pixelware tablet max 9|manufactured_by|pixelware,1,[0.91],True,0,0.6825,0.6825,0.88,False,,False,False,"[""product_9""]","[""unstructured""]","[""PixelWare Tablet Max 9 is manufactured by PixelWare. It is a tablet device. Priced at 249 USD. Offers 512GB of internal storage. Battery lasts up to 10 hours. Targeted at the EU market. Noise cancellation: no.""]",1,209,candidate
DEC023_UNSTRUCTURED_ONLY,train_kb,conservative_noisy_or_conflict_adjusted,2,PixelWare Tablet Max 9,has_price_usd,249,pixelware tablet max 9|has_price_usd|249,1,[0.91],True,0,0.6825,0.6825,0.88,False,,False,False,"[""product_9""]","[""unstructured""]","[""PixelWare Tablet Max 9 is manufactured by PixelWare. It is a tablet device. Priced at 249 USD. Offers 512GB of internal storage. Battery lasts up to 10 hours. Targeted at the EU market. Noise cancellation: no.""]",1,209,candidate
DEC023_UNSTRUCTURED_ONLY,train_kb,conservative_noisy_or_conflict_adjusted,2,PixelWare Tablet Max 9,has_storage_gb,512,pixelware tablet max 9|has_storage_gb|512,1,[0.91],True,0,0.6825,0.6825,0.88,False,,False,False,"[""product_9""]","[""unstructured""]","[""PixelWare Tablet Max 9 is manufactured by PixelWare. It is a tablet device. Priced at 249 USD. Offers 512GB of internal storage. Battery lasts up to 10 hours. Targeted at the EU market. Noise cancellation: no.""]",1,209,candidate
DEC023_UNSTRUCTURED_ONLY,train_kb,conservative_noisy_or_conflict_adjusted,2,PixelWare Tablet Max 9,has_battery_life_hours,10,pixelware tablet max 9|has_battery_life_hours|10,1,[0.91],True,0,0.6825,0.6825,0.88,False,,False,False,"[""product_9""]","[""unstructured""]","[""PixelWare Tablet Max 9 is manufactured by PixelWare. It is a tablet device. Priced at 249 USD. Offers 512GB of internal storage. Battery lasts up to 10 hours. Targeted at the EU market. Noise cancellation: no.""]",1,209,candidate
DEC023_UNSTRUCTURED_ONLY,train_kb,conservative_noisy_or_conflict_adjusted,2,PixelWare Tablet Max 9,target_market_region,EU,pixelware tablet max 9|target_market_region|eu,1,[0.91],True,0,0.6825,0.6825,0.88,False,,False,False,"[""product_9""]","[""unstructured""]","[""PixelWare Tablet Max 9 is manufactured by PixelWare. It is a tablet device. Priced at 249 USD. Offers 512GB of internal storage. Battery lasts up to 10 hours. Targeted at the EU market. Noise cancellation: no.""]",1,209,candidate
DEC023_UNSTRUCTURED_ONLY,train_kb,conservative_noisy_or_conflict_adjusted,2,PixelWare Tablet Max 9,has_noise_cancellation,no,pixelware tablet max 9|has_noise_cancellation|no,1,[0.91],True,0,0.6825,0.6825,0.88,False,,False,False,"[""product_9""]","[""unstructured""]","[""PixelWare Tablet Max 9 is manufactured by PixelWare. It is a tablet device. Priced at 249 USD. Offers 512GB of internal storage. Battery lasts up to 10 hours. Targeted at the EU market. Noise cancellation: no.""]",1,209,candidate
DEC023_UNSTRUCTURED_ONLY,train_kb,conservative_noisy_or_conflict_adjusted,2,It is a laptop device,belongs_to_category,laptop,it is a laptop device|belongs_to_category|laptop,1,[0.85],True,0,0.6375,0.6375,0.88,False,,False,False,"[""product_11""]","[""unstructured""]","[""It is a laptop device. The display measures 11.0 inches. Comes with 8GB of RAM. Battery lasts up to 14 hours. Available in silver. Built with plastic construction. Fast charging is no.""]",0,209,candidate
DEC023_UNSTRUCTURED_ONLY,train_kb,conservative_noisy_or_conflict_adjusted,2,It is a laptop device,has_screen_size_inch,11.0,it is a laptop device|has_screen_size_inch|11.0,1,[0.85],True,0,0.6375,0.6375,0.88,False,,False,False,"[""product_11""]","[""unstructured""]","[""It is a laptop device. The display measures 11.0 inches. Comes with 8GB of RAM. Battery lasts up to 14 hours. Available in silver. Built with plastic construction. Fast charging is no.""]",0,209,candidate
DEC023_UNSTRUCTURED_ONLY,train_kb,conservative_noisy_or_conflict_adjusted,2,It is a laptop device,has_ram_gb,8,it is a laptop device|has_ram_gb|8,1,[0.85],True,0,0.6375,0.6375,0.88,False,,False,False,"[""product_11""]","[""unstructured""]","[""It is a laptop device. The display measures 11.0 inches. Comes with 8GB of RAM. Battery lasts up to 14 hours. Available in silver. Built with plastic construction. Fast charging is no.""]",0,209,candidate
DEC023_UNSTRUCTURED_ONLY,train_kb,conservative_noisy_or_conflict_adjusted,2,It is a laptop device,has_battery_life_hours,14,it is a laptop device|has_battery_life_hours|14,1,[0.85],True,0,0.6375,0.6375,0.88,False,,False,False,"[""product_11""]","[""unstructured""]","[""It is a laptop device. The display measures 11.0 inches. Comes with 8GB of RAM. Battery lasts up to 14 hours. Available in silver. Built with plastic construction. Fast charging is no.""]",0,209,candidate
DEC023_UNSTRUCTURED_ONLY,train_kb,conservative_noisy_or_conflict_adjusted,2,It is a laptop device,has_color,silver,it is a laptop device|has_color|silver,1,[0.85],False,0,0.6375,0.6375,0.88,False,,False,False,"[""product_11""]","[""unstructured""]","[""It is a laptop device. The display measures 11.0 inches. Comes with 8GB of RAM. Battery lasts up to 14 hours. Available in silver. Built with plastic construction. Fast charging is no.""]",0,209,candidate
DEC023_UNSTRUCTURED_ONLY,train_kb,conservative_noisy_or_conflict_adjusted,2,It is a laptop device,made_of_material,plastic,it is a laptop device|made_of_material|plastic,1,[0.85],True,0,0.6375,0.6375,0.88,False,,False,False,"[""product_11""]","[""unstructured""]","[""It is a laptop device. The display measures 11.0 inches. Comes with 8GB of RAM. Battery lasts up to 14 hours. Available in silver. Built with plastic construction. Fast charging is no.""]",0,209,candidate
DEC023_UNSTRUCTURED_ONLY,train_kb,conservative_noisy_or_conflict_adjusted,2,It is a laptop device,supports_fast_charging,no,it is a laptop device|supports_fast_charging|no,1,[0.85],True,0,0.6375,0.6375,0.88,False,,False,False,"[""product_11""]","[""unstructured""]","[""It is a laptop device. The display measures 11.0 inches. Comes with 8GB of RAM. Battery lasts up to 14 hours. Available in silver. Built with plastic construction. Fast charging is no.""]",0,209,candidate
DEC023_UNSTRUCTURED_ONLY,train_kb,conservative_noisy_or_conflict_adjusted,2,TechNova Smartphone Max 17,manufactured_by,TechNova,technova smartphone max 17|manufactured_by|technova,1,[0.91],True,0,0.6825,0.6825,0.88,False,,False,False,"[""product_17""]","[""unstructured""]","[""TechNova Smartphone Max 17 is manufactured by TechNova. It is a smartphone device. Priced at 299 USD. Offers 64GB of internal storage. Available in green. Targeted at the Global market. Noise cancellation: no.""]",1,209,candidate
DEC023_UNSTRUCTURED_ONLY,train_kb,conservative_noisy_or_conflict_adjusted,2,TechNova Smartphone Max 17,has_price_usd,299,technova smartphone max 17|has_price_usd|299,1,[0.91],True,0,0.6825,0.6825,0.88,False,,False,False,"[""product_17""]","[""unstructured""]","[""TechNova Smartphone Max 17 is manufactured by TechNova. It is a smartphone device. Priced at 299 USD. Offers 64GB of internal storage. Available in green. Targeted at the Global market. Noise cancellation: no.""]",1,209,candidate
DEC023_UNSTRUCTURED_ONLY,train_kb,conservative_noisy_or_conflict_adjusted,2,TechNova Smartphone Max 17,has_storage_gb,64,technova smartphone max 17|has_storage_gb|64,1,[0.91],True,0,0.6825,0.6825,0.88,False,,False,False,"[""product_17""]","[""unstructured""]","[""TechNova Smartphone Max 17 is manufactured by TechNova. It is a smartphone device. Priced at 299 USD. Offers 64GB of internal storage. Available in green. Targeted at the Global market. Noise cancellation: no.""]",1,209,candidate
DEC023_UNSTRUCTURED_ONLY,train_kb,conservative_noisy_or_conflict_adjusted,2,TechNova Smartphone Max 17,has_color,green,technova smartphone max 17|has_color|green,1,[0.91],False,0,0.6825,0.6825,0.88,False,,False,False,"[""product_17""]","[""unstructured""]","[""TechNova Smartphone Max 17 is manufactured by TechNova. It is a smartphone device. Priced at 299 USD. Offers 64GB of internal storage. Available in green. Targeted at the Global market. Noise cancellation: no.""]",1,209,candidate
DEC023_UNSTRUCTURED_ONLY,train_kb,conservative_noisy_or_conflict_adjusted,2,TechNova Smartphone Max 17,target_market_region,Global,technova smartphone max 17|target_market_region|global,1,[0.91],True,0,0.6825,0.6825,0.88,False,,False,False,"[""product_17""]","[""unstructured""]","[""TechNova Smartphone Max 17 is manufactured by TechNova. It is a smartphone device. Priced at 299 USD. Offers 64GB of internal storage. Available in green. Targeted at the Global market. Noise cancellation: no.""]",1,209,candidate
DEC023_UNSTRUCTURED_ONLY,train_kb,conservative_noisy_or_conflict_adjusted,2,TechNova Smartphone Max 17,has_noise_cancellation,no,technova smartphone max 17|has_noise_cancellation|no,1,[0.91],True,0,0.6825,0.6825,0.88,False,,False,False,"[""product_17""]","[""unstructured""]","[""TechNova Smartphone Max 17 is manufactured by TechNova. It is a smartphone device. Priced at 299 USD. Offers 64GB of internal storage. Available in green. Targeted at the Global market. Noise cancellation: no.""]",1,209,candidate
DEC023_UNSTRUCTURED_ONLY,train_kb,conservative_noisy_or_conflict_adjusted,2,voltedge smartphone max 22,has_noise_cancellation,no,voltedge smartphone max 22|has_noise_cancellation|no,5,"[0.8, 0.8, 0.8, 0.8, 0.8]",True,0,0.98976,0.98976,0.88,True,,True,False,"[""product_22"", ""product_25"", ""product_29"", ""product_31"", ""product_34""]","[""unstructured"", ""unstructured"", ""unstructured"", ""unstructured"", ""unstructured""]","[""Comes with 16GB of RAM. Offers 512GB of internal storage. Available in black. Built with carbon fiber construction. Targeted at the EU market. Fast charging is yes. Noise cancellation: no."", ""It is a headphones device. Priced at 899 USD. Offers 128GB of internal storage. Battery lasts up to 20 hours. Weighs approximately 1.2kg. Available in silver. Targeted at the Global market."", ""It is a smartwatch device. Priced at 699 USD. The display measures 13.3 inches. Weighs approximately 0.18kg. Built with carbon fiber construction. Fast charging is no. Noise cancellation: no."", ""The display measures 10.9 inches. Offers 128GB of internal storage. Weighs approximately 0.23kg. Built with plastic construction. Targeted at the EU market. Fast charging is no. Noise cancellation: no."", ""The display measures 15.6 inches. Comes with 16GB of RAM. Offers 256GB of internal storage. Battery lasts up to 20 hours. Weighs approximately 0.42kg. Fast charging is yes. Noise cancellation: no.""]",1,209,candidate
DEC023_UNSTRUCTURED_ONLY,train_kb,conservative_noisy_or_conflict_adjusted,2,Auralex Laptop Plus 36,belongs_to_category,laptop device,auralex laptop plus 36|belongs_to_category|laptop device,1,[0.95],True,0,0.7124999999999999,0.7124999999999999,0.88,False,,False,False,"[""product_36""]","[""unstructured""]","[""Auralex Laptop Plus 36 is manufactured by Auralex. It is a laptop device. The display measures 11.0 inches. Weighs approximately 0.55kg. Available in white. Targeted at the EU market. Noise cancellation: no.""]",0,209,candidate
DEC023_UNSTRUCTURED_ONLY,train_kb,conservative_noisy_or_conflict_adjusted,2,Auralex Laptop Plus 36,target_market_region,EU market,auralex laptop plus 36|target_market_region|eu market,1,[0.95],True,1,0.7124999999999999,0.35624999999999996,0.88,False,,False,False,"[""product_36""]","[""unstructured""]","[""Auralex Laptop Plus 36 is manufactured by Auralex. It is a laptop device. The display measures 11.0 inches. Weighs approximately 0.55kg. Available in white. Targeted at the EU market. Noise cancellation: no.""]",0,209,candidate
DEC023_UNSTRUCTURED_ONLY,train_kb,conservative_noisy_or_conflict_adjusted,2,Auralex Laptop Plus 36,has_noise_cancellation,no,auralex laptop plus 36|has_noise_cancellation|no,1,[0.95],True,0,0.7124999999999999,0.7124999999999999,0.88,False,,False,False,"[""product_36""]","[""unstructured""]","[""Auralex Laptop Plus 36 is manufactured by Auralex. It is a laptop device. The display measures 11.0 inches. Weighs approximately 0.55kg. Available in white. Targeted at the EU market. Noise cancellation: no.""]",1,209,candidate
DEC023_UNSTRUCTURED_ONLY,train_kb,conservative_noisy_or_conflict_adjusted,2,TechNova Smartphone Lite 37,supports_fast_charging,no,technova smartphone lite 37|supports_fast_charging|no,1,[0.91],True,0,0.6825,0.6825,0.88,False,,False,False,"[""product_37""]","[""unstructured""]","[""TechNova Smartphone Lite 37 is manufactured by TechNova. Offers 128GB of internal storage. Battery lasts up to 12 hours. Available in blue. Built with carbon fiber construction. Targeted at the Global market. Fast charging is no.""]",1,209,candidate
DEC023_UNSTRUCTURED_ONLY,train_kb,conservative_noisy_or_conflict_adjusted,2,TechNova Smartphone Max 41,manufactured_by,TechNova,technova smartphone max 41|manufactured_by|technova,1,[0.95],True,0,0.7124999999999999,0.7124999999999999,0.88,False,,False,False,"[""product_41""]","[""unstructured""]","[""TechNova Smartphone Max 41 is manufactured by TechNova. The display measures 6.1 inches. Comes with 6GB of RAM. Offers 256GB of internal storage. Available in blue. Targeted at the Global market. Fast charging is no.""]",1,209,candidate
DEC023_UNSTRUCTURED_ONLY,train_kb,conservative_noisy_or_conflict_adjusted,2,TechNova Smartphone Max 41,has_screen_size_inch,6.1,technova smartphone max 41|has_screen_size_inch|6.1,1,[0.95],True,0,0.7124999999999999,0.7124999999999999,0.88,False,,False,False,"[""product_41""]","[""unstructured""]","[""TechNova Smartphone Max 41 is manufactured by TechNova. The display measures 6.1 inches. Comes with 6GB of RAM. Offers 256GB of internal storage. Available in blue. Targeted at the Global market. Fast charging is no.""]",1,209,candidate
DEC023_UNSTRUCTURED_ONLY,train_kb,conservative_noisy_or_conflict_adjusted,2,TechNova Smartphone Max 41,has_ram_gb,6,technova smartphone max 41|has_ram_gb|6,1,[0.95],True,0,0.7124999999999999,0.7124999999999999,0.88,False,,False,False,"[""product_41""]","[""unstructured""]","[""TechNova Smartphone Max 41 is manufactured by TechNova. The display measures 6.1 inches. Comes with 6GB of RAM. Offers 256GB of internal storage. Available in blue. Targeted at the Global market. Fast charging is no.""]",1,209,candidate
DEC023_UNSTRUCTURED_ONLY,train_kb,conservative_noisy_or_conflict_adjusted,2,TechNova Smartphone Max 41,has_storage_gb,256,technova smartphone max 41|has_storage_gb|256,1,[0.95],True,0,0.7124999999999999,0.7124999999999999,0.88,False,,False,False,"[""product_41""]","[""unstructured""]","[""TechNova Smartphone Max 41 is manufactured by TechNova. The display measures 6.1 inches. Comes with 6GB of RAM. Offers 256GB of internal storage. Available in blue. Targeted at the Global market. Fast charging is no.""]",1,209,candidate
DEC023_UNSTRUCTURED_ONLY,train_kb,conservative_noisy_or_conflict_adjusted,2,TechNova Smartphone Max 41,target_market_region,Global,technova smartphone max 41|target_market_region|global,1,[0.95],True,0,0.7124999999999999,0.7124999999999999,0.88,False,,False,False,"[""product_41""]","[""unstructured""]","[""TechNova Smartphone Max 41 is manufactured by TechNova. The display measures 6.1 inches. Comes with 6GB of RAM. Offers 256GB of internal storage. Available in blue. Targeted at the Global market. Fast charging is no.""]",1,209,candidate
DEC023_UNSTRUCTURED_ONLY,train_kb,conservative_noisy_or_conflict_adjusted,2,TechNova Smartphone Max 41,supports_fast_charging,no,technova smartphone max 41|supports_fast_charging|no,1,[0.95],True,0,0.7124999999999999,0.7124999999999999,0.88,False,,False,False,"[""product_41""]","[""unstructured""]","[""TechNova Smartphone Max 41 is manufactured by TechNova. The display measures 6.1 inches. Comes with 6GB of RAM. Offers 256GB of internal storage. Available in blue. Targeted at the Global market. Fast charging is no.""]",1,209,candidate
DEC023_UNSTRUCTURED_ONLY,train_kb,conservative_noisy_or_conflict_adjusted,2,smartwatch device,has_price_usd,349,smartwatch device|has_price_usd|349,1,[0.85],True,1,0.6375,0.31875,0.88,False,,False,False,"[""product_43""]","[""unstructured""]","[""It is a smartwatch device. Priced at 349 USD. Offers 512GB of internal storage. Battery lasts up to 14 hours. Built with plastic construction. Targeted at the Global market. Noise cancellation: no.""]",0,209,candidate
DEC023_UNSTRUCTURED_ONLY,train_kb,conservative_noisy_or_conflict_adjusted,2,smartwatch device,has_storage_gb,512,smartwatch device|has_storage_gb|512,1,[0.85],True,0,0.6375,0.6375,0.88,False,,False,False,"[""product_43""]","[""unstructured""]","[""It is a smartwatch device. Priced at 349 USD. Offers 512GB of internal storage. Battery lasts up to 14 hours. Built with plastic construction. Targeted at the Global market. Noise cancellation: no.""]",0,209,candidate
DEC023_UNSTRUCTURED_ONLY,train_kb,conservative_noisy_or_conflict_adjusted,2,smartwatch device,has_battery_life_hours,14,smartwatch device|has_battery_life_hours|14,1,[0.85],True,0,0.6375,0.6375,0.88,False,,False,False,"[""product_43""]","[""unstructured""]","[""It is a smartwatch device. Priced at 349 USD. Offers 512GB of internal storage. Battery lasts up to 14 hours. Built with plastic construction. Targeted at the Global market. Noise cancellation: no.""]",0,209,candidate
DEC023_UNSTRUCTURED_ONLY,train_kb,conservative_noisy_or_conflict_adjusted,2,smartwatch device,made_of_material,plastic,smartwatch device|made_of_material|plastic,1,[0.85],True,1,0.6375,0.31875,0.88,False,,False,False,"[""product_43""]","[""unstructured""]","[""It is a smartwatch device. Priced at 349 USD. Offers 512GB of internal storage. Battery lasts up to 14 hours. Built with plastic construction. Targeted at the Global market. Noise cancellation: no.""]",0,209,candidate
DEC023_UNSTRUCTURED_ONLY,train_kb,conservative_noisy_or_conflict_adjusted,2,smartwatch device,target_market_region,Global,smartwatch device|target_market_region|global,1,[0.85],True,0,0.6375,0.6375,0.88,False,,False,False,"[""product_43""]","[""unstructured""]","[""It is a smartwatch device. Priced at 349 USD. Offers 512GB of internal storage. Battery lasts up to 14 hours. Built with plastic construction. Targeted at the Global market. Noise cancellation: no.""]",0,209,candidate
DEC023_UNSTRUCTURED_ONLY,train_kb,conservative_noisy_or_conflict_adjusted,2,NeoTech Smartwatch Pro 49,manufactured_by,NeoTech,neotech smartwatch pro 49|manufactured_by|neotech,1,[0.85],True,0,0.6375,0.6375,0.88,False,,False,False,"[""product_49""]","[""unstructured""]","[""NeoTech Smartwatch Pro 49 is manufactured by NeoTech. Offers 512GB of internal storage. Weighs approximately 1.8kg. Available in blue. Targeted at the EU market. Fast charging is yes. Noise cancellation: no.""]",1,209,candidate
DEC023_UNSTRUCTURED_ONLY,train_kb,conservative_noisy_or_conflict_adjusted,2,NeoTech Smartwatch Pro 49,has_storage_gb,512,neotech smartwatch pro 49|has_storage_gb|512,1,[0.85],True,0,0.6375,0.6375,0.88,False,,False,False,"[""product_49""]","[""unstructured""]","[""NeoTech Smartwatch Pro 49 is manufactured by NeoTech. Offers 512GB of internal storage. Weighs approximately 1.8kg. Available in blue. Targeted at the EU market. Fast charging is yes. Noise cancellation: no.""]",1,209,candidate
DEC023_UNSTRUCTURED_ONLY,train_kb,conservative_noisy_or_conflict_adjusted,2,NeoTech Smartwatch Pro 49,has_weight_kg,1.8,neotech smartwatch pro 49|has_weight_kg|1.8,1,[0.85],True,0,0.6375,0.6375,0.88,False,,False,False,"[""product_49""]","[""unstructured""]","[""NeoTech Smartwatch Pro 49 is manufactured by NeoTech. Offers 512GB of internal storage. Weighs approximately 1.8kg. Available in blue. Targeted at the EU market. Fast charging is yes. Noise cancellation: no.""]",1,209,candidate
DEC023_UNSTRUCTURED_ONLY,train_kb,conservative_noisy_or_conflict_adjusted,2,NeoTech Smartwatch Pro 49,has_color,blue,neotech smartwatch pro 49|has_color|blue,1,[0.85],False,0,0.6375,0.6375,0.88,False,,False,False,"[""product_49""]","[""unstructured""]","[""NeoTech Smartwatch Pro 49 is manufactured by NeoTech. Offers 512GB of internal storage. Weighs approximately 1.8kg. Available in blue. Targeted at the EU market. Fast charging is yes. Noise cancellation: no.""]",1,209,candidate
DEC023_UNSTRUCTURED_ONLY,train_kb,conservative_noisy_or_conflict_adjusted,2,NeoTech Smartwatch Pro 49,target_market_region,EU,neotech smartwatch pro 49|target_market_region|eu,1,[0.85],True,0,0.6375,0.6375,0.88,False,,False,False,"[""product_49""]","[""unstructured""]","[""NeoTech Smartwatch Pro 49 is manufactured by NeoTech. Offers 512GB of internal storage. Weighs approximately 1.8kg. Available in blue. Targeted at the EU market. Fast charging is yes. Noise cancellation: no.""]",1,209,candidate
DEC023_UNSTRUCTURED_ONLY,train_kb,conservative_noisy_or_conflict_adjusted,2,NeoTech Smartwatch Pro 49,supports_fast_charging,yes,neotech smartwatch pro 49|supports_fast_charging|yes,1,[0.85],True,0,0.6375,0.6375,0.88,False,,False,False,"[""product_49""]","[""unstructured""]","[""NeoTech Smartwatch Pro 49 is manufactured by NeoTech. Offers 512GB of internal storage. Weighs approximately 1.8kg. Available in blue. Targeted at the EU market. Fast charging is yes. Noise cancellation: no.""]",1,209,candidate
DEC023_UNSTRUCTURED_ONLY,train_kb,conservative_noisy_or_conflict_adjusted,2,NeoTech Smartwatch Pro 49,has_noise_cancellation,no,neotech smartwatch pro 49|has_noise_cancellation|no,1,[0.85],True,0,0.6375,0.6375,0.88,False,,False,False,"[""product_49""]","[""unstructured""]","[""NeoTech Smartwatch Pro 49 is manufactured by NeoTech. Offers 512GB of internal storage. Weighs approximately 1.8kg. Available in blue. Targeted at the EU market. Fast charging is yes. Noise cancellation: no.""]",1,209,candidate
DEC023_UNSTRUCTURED_ONLY,train_kb,conservative_noisy_or_conflict_adjusted,2,PixelWare Smartphone Pro 50,manufactured_by,PixelWare,pixelware smartphone pro 50|manufactured_by|pixelware,1,[0.95],True,0,0.7124999999999999,0.7124999999999999,0.88,False,,False,False,"[""product_50""]","[""unstructured""]","[""PixelWare Smartphone Pro 50 is manufactured by PixelWare. The display measures 13.3 inches. Comes with 6GB of RAM. Battery lasts up to 24 hours. Available in blue. Built with carbon fiber construction. Noise cancellation: no.""]",1,209,candidate
DEC023_UNSTRUCTURED_ONLY,train_kb,conservative_noisy_or_conflict_adjusted,2,PixelWare Smartphone Pro 50,has_screen_size_inch,13.3,pixelware smartphone pro 50|has_screen_size_inch|13.3,1,[0.95],True,0,0.7124999999999999,0.7124999999999999,0.88,False,,False,False,"[""product_50""]","[""unstructured""]","[""PixelWare Smartphone Pro 50 is manufactured by PixelWare. The display measures 13.3 inches. Comes with 6GB of RAM. Battery lasts up to 24 hours. Available in blue. Built with carbon fiber construction. Noise cancellation: no.""]",1,209,candidate
DEC023_UNSTRUCTURED_ONLY,train_kb,conservative_noisy_or_conflict_adjusted,2,PixelWare Smartphone Pro 50,has_battery_life_hours,24,pixelware smartphone pro 50|has_battery_life_hours|24,1,[0.95],True,0,0.7124999999999999,0.7124999999999999,0.88,False,,False,False,"[""product_50""]","[""unstructured""]","[""PixelWare Smartphone Pro 50 is manufactured by PixelWare. The display measures 13.3 inches. Comes with 6GB of RAM. Battery lasts up to 24 hours. Available in blue. Built with carbon fiber construction. Noise cancellation: no.""]",1,209,candidate
DEC023_UNSTRUCTURED_ONLY,train_kb,conservative_noisy_or_conflict_adjusted,2,PixelWare Smartphone Pro 50,has_color,blue,pixelware smartphone pro 50|has_color|blue,1,[0.95],False,0,0.7124999999999999,0.7124999999999999,0.88,False,,False,False,"[""product_50""]","[""unstructured""]","[""PixelWare Smartphone Pro 50 is manufactured by PixelWare. The display measures 13.3 inches. Comes with 6GB of RAM. Battery lasts up to 24 hours. Available in blue. Built with carbon fiber construction. Noise cancellation: no.""]",1,209,candidate
DEC023_UNSTRUCTURED_ONLY,train_kb,conservative_noisy_or_conflict_adjusted,2,PixelWare Smartphone Pro 50,made_of_material,carbon fiber,pixelware smartphone pro 50|made_of_material|carbon fiber,1,[0.95],True,0,0.7124999999999999,0.7124999999999999,0.88,False,,False,False,"[""product_50""]","[""unstructured""]","[""PixelWare Smartphone Pro 50 is manufactured by PixelWare. The display measures 13.3 inches. Comes with 6GB of RAM. Battery lasts up to 24 hours. Available in blue. Built with carbon fiber construction. Noise cancellation: no.""]",1,209,candidate
DEC023_UNSTRUCTURED_ONLY,train_kb,conservative_noisy_or_conflict_adjusted,2,PixelWare Smartphone Pro 50,has_noise_cancellation,no,pixelware smartphone pro 50|has_noise_cancellation|no,1,[0.95],True,0,0.7124999999999999,0.7124999999999999,0.88,False,,False,False,"[""product_50""]","[""unstructured""]","[""PixelWare Smartphone Pro 50 is manufactured by PixelWare. The display measures 13.3 inches. Comes with 6GB of RAM. Battery lasts up to 24 hours. Available in blue. Built with carbon fiber construction. Noise cancellation: no.""]",1,209,candidate
