experiment_id,run_id,prob_kb_version,iteration,subject,predicate,object,triple_key,observation_count,observation_confidences,functional_predicate,competitor_count,conservative_noisy_or_support,conflict_adjusted_final_confidence,threshold,above_threshold,previous_final_confidence,crossed_threshold_up,crossed_threshold_down,source_ids,source_types,provenance,gold_label,kb_size,status
DEC029_NO_FEEDBACK,train_kb,conservative_noisy_or_conflict_adjusted,4,Zenbyte Laptop Max 1,manufactured_by,Zenbyte,zenbyte laptop max 1|manufactured_by|zenbyte,1,[0.98],True,0,0.735,0.735,0.88,False,0.735,False,False,"[""product_1""]","[""structured""]","[""structured_row:Zenbyte Laptop Max 1""]",0,600,candidate
DEC029_NO_FEEDBACK,train_kb,conservative_noisy_or_conflict_adjusted,4,Zenbyte Laptop Max 1,belongs_to_category,laptop,zenbyte laptop max 1|belongs_to_category|laptop,1,[0.98],True,0,0.735,0.735,0.88,False,0.735,False,False,"[""product_1""]","[""structured""]","[""structured_row:Zenbyte Laptop Max 1""]",0,600,candidate
DEC029_NO_FEEDBACK,train_kb,conservative_noisy_or_conflict_adjusted,4,Zenbyte Laptop Max 1,has_price_usd,1299,zenbyte laptop max 1|has_price_usd|1299,1,[0.98],True,0,0.735,0.735,0.88,False,0.735,False,False,"[""product_1""]","[""structured""]","[""structured_row:Zenbyte Laptop Max 1""]",0,600,candidate
DEC029_NO_FEEDBACK,train_kb,conservative_noisy_or_conflict_adjusted,4,Zenbyte Laptop Max 1,has_screen_size_inch,10.9,zenbyte laptop max 1|has_screen_size_inch|10.9,1,[0.98],True,0,0.735,0.735,0.88,False,0.735,False,False,"[""product_1""]","[""structured""]","[""structured_row:Zenbyte Laptop Max 1""]",0,600,candidate
DEC029_NO_FEEDBACK,train_kb,conservative_noisy_or_conflict_adjusted,4,Zenbyte Laptop Max 1,has_ram_gb,12,zenbyte laptop max 1|has_ram_gb|12,1,[0.98],True,0,0.735,0.735,0.88,False,0.735,False,False,"[""product_1""]","[""structured""]","[""structured_row:Zenbyte Laptop Max 1""]",1,600,candidate
DEC029_NO_FEEDBACK,train_kb,conservative_noisy_or_conflict_adjusted,4,Zenbyte Laptop Max 1,has_storage_gb,1024,zenbyte laptop max 1|has_storage_gb|1024,1,[0.98],True,0,0.735,0.735,0.88,False,0.735,False,False,"[""product_1""]","[""structured""]","[""structured_row:Zenbyte Laptop Max 1""]",1,600,candidate
DEC029_NO_FEEDBACK,train_kb,conservative_noisy_or_conflict_adjusted,4,Zenbyte Laptop Max 1,has_battery_life_hours,14,zenbyte laptop max 1|has_battery_life_hours|14,1,[0.98],True,0,0.735,0.735,0.88,False,0.735,False,False,"[""product_1""]","[""structured""]","[""structured_row:Zenbyte Laptop Max 1""]",1,600,candidate
DEC029_NO_FEEDBACK,train_kb,conservative_noisy_or_conflict_adjusted,4,Zenbyte Laptop Max 1,has_weight_kg,1.45,zenbyte laptop max 1|has_weight_kg|1.45,1,[0.98],True,0,0.735,0.735,0.88,False,0.735,False,False,"[""product_1""]","[""structured""]","[""structured_row:Zenbyte Laptop Max 1""]",0,600,candidate
DEC029_NO_FEEDBACK,train_kb,conservative_noisy_or_conflict_adjusted,4,Zenbyte Laptop Max 1,has_color,green,zenbyte laptop max 1|has_color|green,1,[0.98],False,0,0.735,0.735,0.88,False,0.735,False,False,"[""product_1""]","[""structured""]","[""structured_row:Zenbyte Laptop Max 1""]",0,600,candidate
DEC029_NO_FEEDBACK,train_kb,conservative_noisy_or_conflict_adjusted,4,Zenbyte Laptop Max 1,made_of_material,aluminum,zenbyte laptop max 1|made_of_material|aluminum,1,[0.98],True,0,0.735,0.735,0.88,False,0.735,False,False,"[""product_1""]","[""structured""]","[""structured_row:Zenbyte Laptop Max 1""]",1,600,candidate
DEC029_NO_FEEDBACK,train_kb,conservative_noisy_or_conflict_adjusted,4,Zenbyte Laptop Max 1,target_market_region,US,zenbyte laptop max 1|target_market_region|us,1,[0.98],True,0,0.735,0.735,0.88,False,0.735,False,False,"[""product_1""]","[""structured""]","[""structured_row:Zenbyte Laptop Max 1""]",1,600,candidate
DEC029_NO_FEEDBACK,train_kb,conservative_noisy_or_conflict_adjusted,4,Zenbyte Laptop Max 1,supports_fast_charging,no,zenbyte laptop max 1|supports_fast_charging|no,1,[0.98],True,0,0.735,0.735,0.88,False,0.735,False,False,"[""product_1""]","[""structured""]","[""structured_row:Zenbyte Laptop Max 1""]",1,600,candidate
DEC029_NO_FEEDBACK,train_kb,conservative_noisy_or_conflict_adjusted,4,Zenbyte Laptop Max 1,has_noise_cancellation,no,zenbyte laptop max 1|has_noise_cancellation|no,1,[0.98],True,0,0.735,0.735,0.88,False,0.735,False,False,"[""product_1""]","[""structured""]","[""structured_row:Zenbyte Laptop Max 1""]",1,600,candidate
DEC029_NO_FEEDBACK,train_kb,conservative_noisy_or_conflict_adjusted,4,TechNova Smartphone Pro 1,has_ram_gb,12,technova smartphone pro 1|has_ram_gb|12,12,"[0.91, 0.93, 0.92, 0.91, 0.91, 0.91, 0.91, 0.91, 0.91, 0.91, 0.91, 0.91]",True,3,0.9999990238324444,0.2499997559581111,0.88,False,0.24997598462020418,False,False,"[""product_1"", ""product_12"", ""product_30"", ""product_1"", ""product_12"", ""product_30"", ""product_1"", ""product_30"", ""product_1"", ""product_11"", ""product_12"", ""product_30""]","[""unstructured"", ""unstructured"", ""unstructured"", ""unstructured"", ""unstructured"", ""unstructured"", ""unstructured"", ""unstructured"", ""unstructured"", ""unstructured"", ""unstructured"", ""unstructured""]","[""Comes with 12GB of RAM. Offers 1024GB of internal storage. Battery lasts up to 14 hours. Built with aluminum construction. Targeted at the US market. Fast charging is no. Noise cancellation: no."", ""Priced at 349 USD. The display measures 15.6 inches. Comes with 12GB of RAM. Battery lasts up to 8 hours. Weighs approximately 1.45kg. Available in green. Targeted at the Global market."", ""It is a smartphone device. Priced at 699 USD. Comes with 12GB of RAM. Battery lasts up to 14 hours. Weighs approximately 0.18kg. Targeted at the EU market. Noise cancellation: no."", ""Comes with 12GB of RAM. Offers 1024GB of internal storage. Battery lasts up to 14 hours. Built with aluminum construction. Targeted at the US market. Fast charging is no. Noise cancellation: no."", ""Priced at 349 USD. The display measures 15.6 inches. Comes with 12GB of RAM. Battery lasts up to 8 hours. Weighs approximately 1.45kg. Available in green. Targeted at the Global market."", ""It is a smartphone device. Priced at 699 USD. Comes with 12GB of RAM. Battery lasts up to 14 hours. Weighs approximately 0.18kg. Targeted at the EU market. Noise cancellation: no."", ""Comes with 12GB of RAM. Offers 1024GB of internal storage. Battery lasts up to 14 hours. Built with aluminum construction. Targeted at the US market. Fast charging is no. Noise cancellation: no."", ""It is a smartphone device. Priced at 699 USD. Comes with 12GB of RAM. Battery lasts up to 14 hours. Weighs approximately 0.18kg. Targeted at the EU market. Noise cancellation: no."", ""Comes with 12GB of RAM. Offers 1024GB of internal storage. Battery lasts up to 14 hours. Built with aluminum construction. Targeted at the US market. Fast charging is no. Noise cancellation: no."", ""It is a smartwatch device. Priced at 199 USD. The display measures 15.6 inches. Comes with 12GB of RAM. Offers 512GB of internal storage. Available in white. Noise cancellation: no."", ""Priced at 349 USD. The display measures 15.6 inches. Comes with 12GB of RAM. Battery lasts up to 8 hours. Weighs approximately 1.45kg. Available in green. Targeted at the Global market."", ""It is a smartphone device. Priced at 699 USD. Comes with 12GB of RAM. Battery lasts up to 14 hours. Weighs approximately 0.18kg. Targeted at the EU market. Noise cancellation: no.""]",0,600,candidate
DEC029_NO_FEEDBACK,train_kb,conservative_noisy_or_conflict_adjusted,4,TechNova Smartphone Pro 1,has_storage_gb,1024,technova smartphone pro 1|has_storage_gb|1024,4,"[0.91, 0.91, 0.91, 0.91]",True,2,0.9898380999609375,0.3299460333203125,0.88,False,0.322664671875,False,False,"[""product_1"", ""product_1"", ""product_1"", ""product_1""]","[""unstructured"", ""unstructured"", ""unstructured"", ""unstructured""]","[""Comes with 12GB of RAM. Offers 1024GB of internal storage. Battery lasts up to 14 hours. Built with aluminum construction. Targeted at the US market. Fast charging is no. Noise cancellation: no."", ""Comes with 12GB of RAM. Offers 1024GB of internal storage. Battery lasts up to 14 hours. Built with aluminum construction. Targeted at the US market. Fast charging is no. Noise cancellation: no."", ""Comes with 12GB of RAM. Offers 1024GB of internal storage. Battery lasts up to 14 hours. Built with aluminum construction. Targeted at the US market. Fast charging is no. Noise cancellation: no."", ""Comes with 12GB of RAM. Offers 1024GB of internal storage. Battery lasts up to 14 hours. Built with aluminum construction. Targeted at the US market. Fast charging is no. Noise cancellation: no.""]",0,600,candidate
DEC029_NO_FEEDBACK,train_kb,conservative_noisy_or_conflict_adjusted,4,TechNova Smartphone Pro 1,has_battery_life_hours,14,technova smartphone pro 1|has_battery_life_hours|14,8,"[0.91, 0.93, 0.91, 0.91, 0.91, 0.91, 0.91, 0.91]",True,4,0.9999016144118041,0.19998032288236084,0.88,False,0.19980480260262465,False,False,"[""product_1"", ""product_30"", ""product_1"", ""product_30"", ""product_1"", ""product_30"", ""product_1"", ""product_30""]","[""unstructured"", ""unstructured"", ""unstructured"", ""unstructured"", ""unstructured"", ""unstructured"", ""unstructured"", ""unstructured""]","[""Comes with 12GB of RAM. Offers 1024GB of internal storage. Battery lasts up to 14 hours. Built with aluminum construction. Targeted at the US market. Fast charging is no. Noise cancellation: no."", ""It is a smartphone device. Priced at 699 USD. Comes with 12GB of RAM. Battery lasts up to 14 hours. Weighs approximately 0.18kg. Targeted at the EU market. Noise cancellation: no."", ""Comes with 12GB of RAM. Offers 1024GB of internal storage. Battery lasts up to 14 hours. Built with aluminum construction. Targeted at the US market. Fast charging is no. Noise cancellation: no."", ""It is a smartphone device. Priced at 699 USD. Comes with 12GB of RAM. Battery lasts up to 14 hours. Weighs approximately 0.18kg. Targeted at the EU market. Noise cancellation: no."", ""Comes with 12GB of RAM. Offers 1024GB of internal storage. Battery lasts up to 14 hours. Built with aluminum construction. Targeted at the US market. Fast charging is no. Noise cancellation: no."", ""It is a smartphone device. Priced at 699 USD. Comes with 12GB of RAM. Battery lasts up to 14 hours. Weighs approximately 0.18kg. Targeted at the EU market. Noise cancellation: no."", ""Comes with 12GB of RAM. Offers 1024GB of internal storage. Battery lasts up to 14 hours. Built with aluminum construction. Targeted at the US market. Fast charging is no. Noise cancellation: no."", ""It is a smartphone device. Priced at 699 USD. Comes with 12GB of RAM. Battery lasts up to 14 hours. Weighs approximately 0.18kg. Targeted at the EU market. Noise cancellation: no.""]",0,600,candidate
DEC029_NO_FEEDBACK,train_kb,conservative_noisy_or_conflict_adjusted,4,TechNova Smartphone Pro 1,made_of_material,aluminum,technova smartphone pro 1|made_of_material|aluminum,4,"[0.91, 0.91, 0.91, 0.91]",True,0,0.9898380999609375,0.9898380999609375,0.88,True,0.967994015625,False,False,"[""product_1"", ""product_1"", ""product_1"", ""product_1""]","[""unstructured"", ""unstructured"", ""unstructured"", ""unstructured""]","[""Comes with 12GB of RAM. Offers 1024GB of internal storage. Battery lasts up to 14 hours. Built with aluminum construction. Targeted at the US market. Fast charging is no. Noise cancellation: no."", ""Comes with 12GB of RAM. Offers 1024GB of internal storage. Battery lasts up to 14 hours. Built with aluminum construction. Targeted at the US market. Fast charging is no. Noise cancellation: no."", ""Comes with 12GB of RAM. Offers 1024GB of internal storage. Battery lasts up to 14 hours. Built with aluminum construction. Targeted at the US market. Fast charging is no. Noise cancellation: no."", ""Comes with 12GB of RAM. Offers 1024GB of internal storage. Battery lasts up to 14 hours. Built with aluminum construction. Targeted at the US market. Fast charging is no. Noise cancellation: no.""]",0,600,candidate
DEC029_NO_FEEDBACK,train_kb,conservative_noisy_or_conflict_adjusted,4,TechNova Smartphone Pro 1,target_market_region,US,technova smartphone pro 1|target_market_region|us,5,"[0.91, 0.91, 0.91, 0.91, 0.91]",True,3,0.9967735967375977,0.24919339918439942,0.88,False,0.24199850390625,False,False,"[""product_1"", ""product_1"", ""product_1"", ""product_1"", ""product_16""]","[""unstructured"", ""unstructured"", ""unstructured"", ""unstructured"", ""unstructured""]","[""Comes with 12GB of RAM. Offers 1024GB of internal storage. Battery lasts up to 14 hours. Built with aluminum construction. Targeted at the US market. Fast charging is no. Noise cancellation: no."", ""Comes with 12GB of RAM. Offers 1024GB of internal storage. Battery lasts up to 14 hours. Built with aluminum construction. Targeted at the US market. Fast charging is no. Noise cancellation: no."", ""Comes with 12GB of RAM. Offers 1024GB of internal storage. Battery lasts up to 14 hours. Built with aluminum construction. Targeted at the US market. Fast charging is no. Noise cancellation: no."", ""Comes with 12GB of RAM. Offers 1024GB of internal storage. Battery lasts up to 14 hours. Built with aluminum construction. Targeted at the US market. Fast charging is no. Noise cancellation: no."", ""NeoTech Smartphone Pro 16 is manufactured by NeoTech. It is a smartphone device. Comes with 32GB of RAM. Battery lasts up to 10 hours. Weighs approximately 0.23kg. Targeted at the US market. Fast charging is no.""]",0,600,candidate
DEC029_NO_FEEDBACK,train_kb,conservative_noisy_or_conflict_adjusted,4,TechNova Smartphone Pro 1,supports_fast_charging,no,technova smartphone pro 1|supports_fast_charging|no,7,"[0.91, 0.91, 0.91, 0.91, 0.91, 0.91, 0.91]",True,1,0.9996747583861294,0.4998373791930647,0.88,False,0.49491904998046876,False,False,"[""product_1"", ""product_36"", ""product_1"", ""product_1"", ""product_1"", ""product_16"", ""product_36""]","[""unstructured"", ""unstructured"", ""unstructured"", ""unstructured"", ""unstructured"", ""unstructured"", ""unstructured""]","[""Comes with 12GB of RAM. Offers 1024GB of internal storage. Battery lasts up to 14 hours. Built with aluminum construction. Targeted at the US market. Fast charging is no. Noise cancellation: no."", ""It is a smartwatch device. Comes with 8GB of RAM. Battery lasts up to 18 hours. Weighs approximately 0.18kg. Available in green. Targeted at the APAC market. Fast charging is no."", ""Comes with 12GB of RAM. Offers 1024GB of internal storage. Battery lasts up to 14 hours. Built with aluminum construction. Targeted at the US market. Fast charging is no. Noise cancellation: no."", ""Comes with 12GB of RAM. Offers 1024GB of internal storage. Battery lasts up to 14 hours. Built with aluminum construction. Targeted at the US market. Fast charging is no. Noise cancellation: no."", ""Comes with 12GB of RAM. Offers 1024GB of internal storage. Battery lasts up to 14 hours. Built with aluminum construction. Targeted at the US market. Fast charging is no. Noise cancellation: no."", ""NeoTech Smartphone Pro 16 is manufactured by NeoTech. It is a smartphone device. Comes with 32GB of RAM. Battery lasts up to 10 hours. Weighs approximately 0.23kg. Targeted at the US market. Fast charging is no."", ""It is a smartwatch device. Comes with 8GB of RAM. Battery lasts up to 18 hours. Weighs approximately 0.18kg. Available in green. Targeted at the APAC market. Fast charging is no.""]",0,600,candidate
DEC029_NO_FEEDBACK,train_kb,conservative_noisy_or_conflict_adjusted,4,TechNova Smartphone Pro 1,has_noise_cancellation,no,technova smartphone pro 1|has_noise_cancellation|no,17,"[0.91, 0.88, 0.95, 0.91, 0.91, 0.91, 0.91, 0.91, 0.91, 0.91, 0.91, 0.91, 0.91, 0.91, 0.91, 0.92, 0.91]",True,0,0.9999999967945377,0.9999999967945377,0.88,True,0.9999989824539743,False,False,"[""product_1"", ""product_30"", ""product_31"", ""product_1"", ""product_20"", ""product_30"", ""product_31"", ""product_34"", ""product_1"", ""product_20"", ""product_30"", ""product_31"", ""product_1"", ""product_20"", ""product_30"", ""product_31"", ""product_34""]","[""unstructured"", ""unstructured"", ""unstructured"", ""unstructured"", ""unstructured"", ""unstructured"", ""unstructured"", ""unstructured"", ""unstructured"", ""unstructured"", ""unstructured"", ""unstructured"", ""unstructured"", ""unstructured"", ""unstructured"", ""unstructured"", ""unstructured""]","[""Comes with 12GB of RAM. Offers 1024GB of internal storage. Battery lasts up to 14 hours. Built with aluminum construction. Targeted at the US market. Fast charging is no. Noise cancellation: no."", ""It is a smartphone device. Priced at 699 USD. Comes with 12GB of RAM. Battery lasts up to 14 hours. Weighs approximately 0.18kg. Targeted at the EU market. Noise cancellation: no."", ""Comes with 6GB of RAM. Offers 64GB of internal storage. Battery lasts up to 10 hours. Weighs approximately 0.18kg. Available in blue. Fast charging is yes. Noise cancellation: no."", ""Comes with 12GB of RAM. Offers 1024GB of internal storage. Battery lasts up to 14 hours. Built with aluminum construction. Targeted at the US market. Fast charging is no. Noise cancellation: no."", ""Comes with 32GB of RAM. Offers 256GB of internal storage. Battery lasts up to 12 hours. Available in white. Targeted at the EU market. Fast charging is yes. Noise cancellation: no."", ""It is a smartphone device. Priced at 699 USD. Comes with 12GB of RAM. Battery lasts up to 14 hours. Weighs approximately 0.18kg. Targeted at the EU market. Noise cancellation: no."", ""Comes with 6GB of RAM. Offers 64GB of internal storage. Battery lasts up to 10 hours. Weighs approximately 0.18kg. Available in blue. Fast charging is yes. Noise cancellation: no."", ""Priced at 699 USD. Offers 256GB of internal storage. Weighs approximately 0.18kg. Available in black. Targeted at the APAC market. Fast charging is yes. Noise cancellation: no."", ""Comes with 12GB of RAM. Offers 1024GB of internal storage. Battery lasts up to 14 hours. Built with aluminum construction. Targeted at the US market. Fast charging is no. Noise cancellation: no."", ""Comes with 32GB of RAM. Offers 256GB of internal storage. Battery lasts up to 12 hours. Available in white. Targeted at the EU market. Fast charging is yes. Noise cancellation: no."", ""It is a smartphone device. Priced at 699 USD. Comes with 12GB of RAM. Battery lasts up to 14 hours. Weighs approximately 0.18kg. Targeted at the EU market. Noise cancellation: no."", ""Comes with 6GB of RAM. Offers 64GB of internal storage. Battery lasts up to 10 hours. Weighs approximately 0.18kg. Available in blue. Fast charging is yes. Noise cancellation: no."", ""Comes with 12GB of RAM. Offers 1024GB of internal storage. Battery lasts up to 14 hours. Built with aluminum construction. Targeted at the US market. Fast charging is no. Noise cancellation: no."", ""Comes with 32GB of RAM. Offers 256GB of internal storage. Battery lasts up to 12 hours. Available in white. Targeted at the EU market. Fast charging is yes. Noise cancellation: no."", ""It is a smartphone device. Priced at 699 USD. Comes with 12GB of RAM. Battery lasts up to 14 hours. Weighs approximately 0.18kg. Targeted at the EU market. Noise cancellation: no."", ""Comes with 6GB of RAM. Offers 64GB of internal storage. Battery lasts up to 10 hours. Weighs approximately 0.18kg. Available in blue. Fast charging is yes. Noise cancellation: no."", ""Priced at 699 USD. Offers 256GB of internal storage. Weighs approximately 0.18kg. Available in black. Targeted at the APAC market. Fast charging is yes. Noise cancellation: no.""]",0,600,candidate
DEC029_NO_FEEDBACK,train_kb,conservative_noisy_or_conflict_adjusted,4,Auralex Smartphone Pro 2,manufactured_by,Auralex,auralex smartphone pro 2|manufactured_by|auralex,2,"[0.98, 0.91]",True,0,0.9158625,0.9158625,0.88,True,0.735,True,False,"[""product_2"", ""product_2""]","[""structured"", ""unstructured""]","[""structured_row:Auralex Smartphone Pro 2"", ""Auralex Smartphone Pro 2 is manufactured by Auralex. Priced at 1099 USD. The display measures 14.0 inches. Weighs approximately 0.42kg. Targeted at the APAC market. Fast charging is no. Noise cancellation: no.""]",1,600,candidate
DEC029_NO_FEEDBACK,train_kb,conservative_noisy_or_conflict_adjusted,4,Auralex Smartphone Pro 2,belongs_to_category,smartphone,auralex smartphone pro 2|belongs_to_category|smartphone,1,[0.98],True,0,0.735,0.735,0.88,False,0.735,False,False,"[""product_2""]","[""structured""]","[""structured_row:Auralex Smartphone Pro 2""]",0,600,candidate
DEC029_NO_FEEDBACK,train_kb,conservative_noisy_or_conflict_adjusted,4,Auralex Smartphone Pro 2,has_price_usd,1099,auralex smartphone pro 2|has_price_usd|1099,2,"[0.98, 0.91]",True,0,0.9158625,0.9158625,0.88,True,0.735,True,False,"[""product_2"", ""product_2""]","[""structured"", ""unstructured""]","[""structured_row:Auralex Smartphone Pro 2"", ""Auralex Smartphone Pro 2 is manufactured by Auralex. Priced at 1099 USD. The display measures 14.0 inches. Weighs approximately 0.42kg. Targeted at the APAC market. Fast charging is no. Noise cancellation: no.""]",1,600,candidate
DEC029_NO_FEEDBACK,train_kb,conservative_noisy_or_conflict_adjusted,4,Auralex Smartphone Pro 2,has_screen_size_inch,14.0,auralex smartphone pro 2|has_screen_size_inch|14.0,2,"[0.98, 0.91]",True,0,0.9158625,0.9158625,0.88,True,0.735,True,False,"[""product_2"", ""product_2""]","[""structured"", ""unstructured""]","[""structured_row:Auralex Smartphone Pro 2"", ""Auralex Smartphone Pro 2 is manufactured by Auralex. Priced at 1099 USD. The display measures 14.0 inches. Weighs approximately 0.42kg. Targeted at the APAC market. Fast charging is no. Noise cancellation: no.""]",1,600,candidate
DEC029_NO_FEEDBACK,train_kb,conservative_noisy_or_conflict_adjusted,4,Auralex Smartphone Pro 2,has_ram_gb,6,auralex smartphone pro 2|has_ram_gb|6,1,[0.98],True,0,0.735,0.735,0.88,False,0.735,False,False,"[""product_2""]","[""structured""]","[""structured_row:Auralex Smartphone Pro 2""]",0,600,candidate
DEC029_NO_FEEDBACK,train_kb,conservative_noisy_or_conflict_adjusted,4,Auralex Smartphone Pro 2,has_storage_gb,256,auralex smartphone pro 2|has_storage_gb|256,1,[0.98],True,0,0.735,0.735,0.88,False,0.735,False,False,"[""product_2""]","[""structured""]","[""structured_row:Auralex Smartphone Pro 2""]",0,600,candidate
DEC029_NO_FEEDBACK,train_kb,conservative_noisy_or_conflict_adjusted,4,Auralex Smartphone Pro 2,has_battery_life_hours,18,auralex smartphone pro 2|has_battery_life_hours|18,1,[0.98],True,0,0.735,0.735,0.88,False,0.735,False,False,"[""product_2""]","[""structured""]","[""structured_row:Auralex Smartphone Pro 2""]",0,600,candidate
DEC029_NO_FEEDBACK,train_kb,conservative_noisy_or_conflict_adjusted,4,Auralex Smartphone Pro 2,has_weight_kg,0.42,auralex smartphone pro 2|has_weight_kg|0.42,2,"[0.98, 0.91]",True,0,0.9158625,0.9158625,0.88,True,0.735,True,False,"[""product_2"", ""product_2""]","[""structured"", ""unstructured""]","[""structured_row:Auralex Smartphone Pro 2"", ""Auralex Smartphone Pro 2 is manufactured by Auralex. Priced at 1099 USD. The display measures 14.0 inches. Weighs approximately 0.42kg. Targeted at the APAC market. Fast charging is no. Noise cancellation: no.""]",1,600,candidate
DEC029_NO_FEEDBACK,train_kb,conservative_noisy_or_conflict_adjusted,4,Auralex Smartphone Pro 2,has_color,black,auralex smartphone pro 2|has_color|black,1,[0.98],False,0,0.735,0.735,0.88,False,0.735,False,False,"[""product_2""]","[""structured""]","[""structured_row:Auralex Smartphone Pro 2""]",0,600,candidate
DEC029_NO_FEEDBACK,train_kb,conservative_noisy_or_conflict_adjusted,4,Auralex Smartphone Pro 2,made_of_material,carbon fiber,auralex smartphone pro 2|made_of_material|carbon fiber,1,[0.98],True,0,0.735,0.735,0.88,False,0.735,False,False,"[""product_2""]","[""structured""]","[""structured_row:Auralex Smartphone Pro 2""]",0,600,candidate
DEC029_NO_FEEDBACK,train_kb,conservative_noisy_or_conflict_adjusted,4,Auralex Smartphone Pro 2,target_market_region,APAC,auralex smartphone pro 2|target_market_region|apac,2,"[0.98, 0.91]",True,0,0.9158625,0.9158625,0.88,True,0.735,True,False,"[""product_2"", ""product_2""]","[""structured"", ""unstructured""]","[""structured_row:Auralex Smartphone Pro 2"", ""Auralex Smartphone Pro 2 is manufactured by Auralex. Priced at 1099 USD. The display measures 14.0 inches. Weighs approximately 0.42kg. Targeted at the APAC market. Fast charging is no. Noise cancellation: no.""]",1,600,candidate
DEC029_NO_FEEDBACK,train_kb,conservative_noisy_or_conflict_adjusted,4,Auralex Smartphone Pro 2,supports_fast_charging,no,auralex smartphone pro 2|supports_fast_charging|no,2,"[0.98, 0.91]",True,0,0.9158625,0.9158625,0.88,True,0.735,True,False,"[""product_2"", ""product_2""]","[""structured"", ""unstructured""]","[""structured_row:Auralex Smartphone Pro 2"", ""Auralex Smartphone Pro 2 is manufactured by Auralex. Priced at 1099 USD. The display measures 14.0 inches. Weighs approximately 0.42kg. Targeted at the APAC market. Fast charging is no. Noise cancellation: no.""]",1,600,candidate
DEC029_NO_FEEDBACK,train_kb,conservative_noisy_or_conflict_adjusted,4,Auralex Smartphone Pro 2,has_noise_cancellation,no,auralex smartphone pro 2|has_noise_cancellation|no,2,"[0.98, 0.91]",True,0,0.9158625,0.9158625,0.88,True,0.735,True,False,"[""product_2"", ""product_2""]","[""structured"", ""unstructured""]","[""structured_row:Auralex Smartphone Pro 2"", ""Auralex Smartphone Pro 2 is manufactured by Auralex. Priced at 1099 USD. The display measures 14.0 inches. Weighs approximately 0.42kg. Targeted at the APAC market. Fast charging is no. Noise cancellation: no.""]",1,600,candidate
DEC029_NO_FEEDBACK,train_kb,conservative_noisy_or_conflict_adjusted,4,Zenbyte Tablet Air 8,manufactured_by,Zenbyte,zenbyte tablet air 8|manufactured_by|zenbyte,4,"[0.98, 0.95, 0.85, 0.92]",True,0,0.9914384296875,0.9914384296875,0.88,True,0.97238203125,False,False,"[""product_8"", ""product_8"", ""product_8"", ""product_8""]","[""structured"", ""unstructured"", ""unstructured"", ""unstructured""]","[""structured_row:Zenbyte Tablet Air 8"", ""Zenbyte Tablet Air 8 is manufactured by Zenbyte. Priced at 1299 USD. The display measures 14.0 inches. Comes with 16GB of RAM. Battery lasts up to 14 hours. Targeted at the Global market. Noise cancellation: no."", ""Zenbyte Tablet Air 8 is manufactured by Zenbyte. Priced at 1299 USD. The display measures 14.0 inches. Comes with 16GB of RAM. Battery lasts up to 14 hours. Targeted at the Global market. Noise cancellation: no."", ""Zenbyte Tablet Air 8 is manufactured by Zenbyte. Priced at 1299 USD. The display measures 14.0 inches. Comes with 16GB of RAM. Battery lasts up to 14 hours. Targeted at the Global market. Noise cancellation: no.""]",1,600,candidate
DEC029_NO_FEEDBACK,train_kb,conservative_noisy_or_conflict_adjusted,4,Zenbyte Tablet Air 8,belongs_to_category,tablet,zenbyte tablet air 8|belongs_to_category|tablet,1,[0.98],True,0,0.735,0.735,0.88,False,0.735,False,False,"[""product_8""]","[""structured""]","[""structured_row:Zenbyte Tablet Air 8""]",0,600,candidate
DEC029_NO_FEEDBACK,train_kb,conservative_noisy_or_conflict_adjusted,4,Zenbyte Tablet Air 8,has_price_usd,1299,zenbyte tablet air 8|has_price_usd|1299,4,"[0.98, 0.92, 0.85, 0.92]",True,0,0.99076839375,0.99076839375,0.88,True,0.970220625,False,False,"[""product_8"", ""product_8"", ""product_8"", ""product_8""]","[""structured"", ""unstructured"", ""unstructured"", ""unstructured""]","[""structured_row:Zenbyte Tablet Air 8"", ""Zenbyte Tablet Air 8 is manufactured by Zenbyte. Priced at 1299 USD. The display measures 14.0 inches. Comes with 16GB of RAM. Battery lasts up to 14 hours. Targeted at the Global market. Noise cancellation: no."", ""Zenbyte Tablet Air 8 is manufactured by Zenbyte. Priced at 1299 USD. The display measures 14.0 inches. Comes with 16GB of RAM. Battery lasts up to 14 hours. Targeted at the Global market. Noise cancellation: no."", ""Zenbyte Tablet Air 8 is manufactured by Zenbyte. Priced at 1299 USD. The display measures 14.0 inches. Comes with 16GB of RAM. Battery lasts up to 14 hours. Targeted at the Global market. Noise cancellation: no.""]",1,600,candidate
DEC029_NO_FEEDBACK,train_kb,conservative_noisy_or_conflict_adjusted,4,Zenbyte Tablet Air 8,has_screen_size_inch,14.0,zenbyte tablet air 8|has_screen_size_inch|14.0,4,"[0.98, 0.94, 0.85, 0.92]",True,0,0.991215084375,0.991215084375,0.88,True,0.9716615625,False,False,"[""product_8"", ""product_8"", ""product_8"", ""product_8""]","[""structured"", ""unstructured"", ""unstructured"", ""unstructured""]","[""structured_row:Zenbyte Tablet Air 8"", ""Zenbyte Tablet Air 8 is manufactured by Zenbyte. Priced at 1299 USD. The display measures 14.0 inches. Comes with 16GB of RAM. Battery lasts up to 14 hours. Targeted at the Global market. Noise cancellation: no."", ""Zenbyte Tablet Air 8 is manufactured by Zenbyte. Priced at 1299 USD. The display measures 14.0 inches. Comes with 16GB of RAM. Battery lasts up to 14 hours. Targeted at the Global market. Noise cancellation: no."", ""Zenbyte Tablet Air 8 is manufactured by Zenbyte. Priced at 1299 USD. The display measures 14.0 inches. Comes with 16GB of RAM. Battery lasts up to 14 hours. Targeted at the Global market. Noise cancellation: no.""]",1,600,candidate
DEC029_NO_FEEDBACK,train_kb,conservative_noisy_or_conflict_adjusted,4,Zenbyte Tablet Air 8,has_ram_gb,16,zenbyte tablet air 8|has_ram_gb|16,4,"[0.98, 0.93, 0.85, 0.92]",True,0,0.9909917390625,0.9909917390625,0.88,True,0.97094109375,False,False,"[""product_8"", ""product_8"", ""product_8"", ""product_8""]","[""structured"", ""unstructured"", ""unstructured"", ""unstructured""]","[""structured_row:Zenbyte Tablet Air 8"", ""Zenbyte Tablet Air 8 is manufactured by Zenbyte. Priced at 1299 USD. The display measures 14.0 inches. Comes with 16GB of RAM. Battery lasts up to 14 hours. Targeted at the Global market. Noise cancellation: no."", ""Zenbyte Tablet Air 8 is manufactured by Zenbyte. Priced at 1299 USD. The display measures 14.0 inches. Comes with 16GB of RAM. Battery lasts up to 14 hours. Targeted at the Global market. Noise cancellation: no."", ""Zenbyte Tablet Air 8 is manufactured by Zenbyte. Priced at 1299 USD. The display measures 14.0 inches. Comes with 16GB of RAM. Battery lasts up to 14 hours. Targeted at the Global market. Noise cancellation: no.""]",1,600,candidate
DEC029_NO_FEEDBACK,train_kb,conservative_noisy_or_conflict_adjusted,4,Zenbyte Tablet Air 8,has_storage_gb,256,zenbyte tablet air 8|has_storage_gb|256,1,[0.98],True,0,0.735,0.735,0.88,False,0.735,False,False,"[""product_8""]","[""structured""]","[""structured_row:Zenbyte Tablet Air 8""]",0,600,candidate
DEC029_NO_FEEDBACK,train_kb,conservative_noisy_or_conflict_adjusted,4,Zenbyte Tablet Air 8,has_battery_life_hours,14,zenbyte tablet air 8|has_battery_life_hours|14,4,"[0.98, 0.9, 0.85, 0.92]",True,0,0.990321703125,0.990321703125,0.88,True,0.9687796875,False,False,"[""product_8"", ""product_8"", ""product_8"", ""product_8""]","[""structured"", ""unstructured"", ""unstructured"", ""unstructured""]","[""structured_row:Zenbyte Tablet Air 8"", ""Zenbyte Tablet Air 8 is manufactured by Zenbyte. Priced at 1299 USD. The display measures 14.0 inches. Comes with 16GB of RAM. Battery lasts up to 14 hours. Targeted at the Global market. Noise cancellation: no."", ""Zenbyte Tablet Air 8 is manufactured by Zenbyte. Priced at 1299 USD. The display measures 14.0 inches. Comes with 16GB of RAM. Battery lasts up to 14 hours. Targeted at the Global market. Noise cancellation: no."", ""Zenbyte Tablet Air 8 is manufactured by Zenbyte. Priced at 1299 USD. The display measures 14.0 inches. Comes with 16GB of RAM. Battery lasts up to 14 hours. Targeted at the Global market. Noise cancellation: no.""]",1,600,candidate
DEC029_NO_FEEDBACK,train_kb,conservative_noisy_or_conflict_adjusted,4,Zenbyte Tablet Air 8,has_weight_kg,1.2,zenbyte tablet air 8|has_weight_kg|1.2,1,[0.98],True,0,0.735,0.735,0.88,False,0.735,False,False,"[""product_8""]","[""structured""]","[""structured_row:Zenbyte Tablet Air 8""]",0,600,candidate
DEC029_NO_FEEDBACK,train_kb,conservative_noisy_or_conflict_adjusted,4,Zenbyte Tablet Air 8,has_color,blue,zenbyte tablet air 8|has_color|blue,1,[0.98],False,0,0.735,0.735,0.88,False,0.735,False,False,"[""product_8""]","[""structured""]","[""structured_row:Zenbyte Tablet Air 8""]",0,600,candidate
DEC029_NO_FEEDBACK,train_kb,conservative_noisy_or_conflict_adjusted,4,Zenbyte Tablet Air 8,made_of_material,carbon fiber,zenbyte tablet air 8|made_of_material|carbon fiber,1,[0.98],True,0,0.735,0.735,0.88,False,0.735,False,False,"[""product_8""]","[""structured""]","[""structured_row:Zenbyte Tablet Air 8""]",0,600,candidate
DEC029_NO_FEEDBACK,train_kb,conservative_noisy_or_conflict_adjusted,4,Zenbyte Tablet Air 8,target_market_region,Global,zenbyte tablet air 8|target_market_region|global,4,"[0.98, 0.96, 0.85, 0.92]",True,0,0.991661775,0.991661775,0.88,True,0.9731025,False,False,"[""product_8"", ""product_8"", ""product_8"", ""product_8""]","[""structured"", ""unstructured"", ""unstructured"", ""unstructured""]","[""structured_row:Zenbyte Tablet Air 8"", ""Zenbyte Tablet Air 8 is manufactured by Zenbyte. Priced at 1299 USD. The display measures 14.0 inches. Comes with 16GB of RAM. Battery lasts up to 14 hours. Targeted at the Global market. Noise cancellation: no."", ""Zenbyte Tablet Air 8 is manufactured by Zenbyte. Priced at 1299 USD. The display measures 14.0 inches. Comes with 16GB of RAM. Battery lasts up to 14 hours. Targeted at the Global market. Noise cancellation: no."", ""Zenbyte Tablet Air 8 is manufactured by Zenbyte. Priced at 1299 USD. The display measures 14.0 inches. Comes with 16GB of RAM. Battery lasts up to 14 hours. Targeted at the Global market. Noise cancellation: no.""]",1,600,candidate
DEC029_NO_FEEDBACK,train_kb,conservative_noisy_or_conflict_adjusted,4,Zenbyte Tablet Air 8,supports_fast_charging,yes,zenbyte tablet air 8|supports_fast_charging|yes,1,[0.98],True,0,0.735,0.735,0.88,False,0.735,False,False,"[""product_8""]","[""structured""]","[""structured_row:Zenbyte Tablet Air 8""]",0,600,candidate
DEC029_NO_FEEDBACK,train_kb,conservative_noisy_or_conflict_adjusted,4,Zenbyte Tablet Air 8,has_noise_cancellation,no,zenbyte tablet air 8|has_noise_cancellation|no,4,"[0.98, 0.85, 0.85, 0.92]",True,0,0.9892049765625,0.9892049765625,0.88,True,0.96517734375,False,False,"[""product_8"", ""product_8"", ""product_8"", ""product_8""]","[""structured"", ""unstructured"", ""unstructured"", ""unstructured""]","[""structured_row:Zenbyte Tablet Air 8"", ""Zenbyte Tablet Air 8 is manufactured by Zenbyte. Priced at 1299 USD. The display measures 14.0 inches. Comes with 16GB of RAM. Battery lasts up to 14 hours. Targeted at the Global market. Noise cancellation: no."", ""Zenbyte Tablet Air 8 is manufactured by Zenbyte. Priced at 1299 USD. The display measures 14.0 inches. Comes with 16GB of RAM. Battery lasts up to 14 hours. Targeted at the Global market. Noise cancellation: no."", ""Zenbyte Tablet Air 8 is manufactured by Zenbyte. Priced at 1299 USD. The display measures 14.0 inches. Comes with 16GB of RAM. Battery lasts up to 14 hours. Targeted at the Global market. Noise cancellation: no.""]",1,600,candidate
DEC029_NO_FEEDBACK,train_kb,conservative_noisy_or_conflict_adjusted,4,Zenbyte Tablet Pro 9,manufactured_by,Zenbyte,zenbyte tablet pro 9|manufactured_by|zenbyte,3,"[0.98, 0.9, 0.85]",True,0,0.9687796875,0.9687796875,0.88,True,0.9687796875,False,False,"[""product_9"", ""product_9"", ""product_9""]","[""structured"", ""unstructured"", ""unstructured""]","[""structured_row:Zenbyte Tablet Pro 9"", ""Zenbyte Tablet Pro 9 is manufactured by Zenbyte. Priced at 699 USD. Comes with 4GB of RAM. Offers 256GB of internal storage. Available in blue. Fast charging is no. Noise cancellation: no."", ""Zenbyte Tablet Pro 9 is manufactured by Zenbyte. Priced at 699 USD. Comes with 4GB of RAM. Offers 256GB of internal storage. Available in blue. Fast charging is no. Noise cancellation: no.""]",1,600,candidate
DEC029_NO_FEEDBACK,train_kb,conservative_noisy_or_conflict_adjusted,4,Zenbyte Tablet Pro 9,belongs_to_category,tablet,zenbyte tablet pro 9|belongs_to_category|tablet,1,[0.98],True,0,0.735,0.735,0.88,False,0.735,False,False,"[""product_9""]","[""structured""]","[""structured_row:Zenbyte Tablet Pro 9""]",0,600,candidate
DEC029_NO_FEEDBACK,train_kb,conservative_noisy_or_conflict_adjusted,4,Zenbyte Tablet Pro 9,has_price_usd,699,zenbyte tablet pro 9|has_price_usd|699,3,"[0.98, 0.9, 0.85]",True,0,0.9687796875,0.9687796875,0.88,True,0.9687796875,False,False,"[""product_9"", ""product_9"", ""product_9""]","[""structured"", ""unstructured"", ""unstructured""]","[""structured_row:Zenbyte Tablet Pro 9"", ""Zenbyte Tablet Pro 9 is manufactured by Zenbyte. Priced at 699 USD. Comes with 4GB of RAM. Offers 256GB of internal storage. Available in blue. Fast charging is no. Noise cancellation: no."", ""Zenbyte Tablet Pro 9 is manufactured by Zenbyte. Priced at 699 USD. Comes with 4GB of RAM. Offers 256GB of internal storage. Available in blue. Fast charging is no. Noise cancellation: no.""]",1,600,candidate
DEC029_NO_FEEDBACK,train_kb,conservative_noisy_or_conflict_adjusted,4,Zenbyte Tablet Pro 9,has_screen_size_inch,15.6,zenbyte tablet pro 9|has_screen_size_inch|15.6,1,[0.98],True,0,0.735,0.735,0.88,False,0.735,False,False,"[""product_9""]","[""structured""]","[""structured_row:Zenbyte Tablet Pro 9""]",0,600,candidate
DEC029_NO_FEEDBACK,train_kb,conservative_noisy_or_conflict_adjusted,4,Zenbyte Tablet Pro 9,has_ram_gb,4,zenbyte tablet pro 9|has_ram_gb|4,3,"[0.98, 0.9, 0.85]",True,0,0.9687796875,0.9687796875,0.88,True,0.9687796875,False,False,"[""product_9"", ""product_9"", ""product_9""]","[""structured"", ""unstructured"", ""unstructured""]","[""structured_row:Zenbyte Tablet Pro 9"", ""Zenbyte Tablet Pro 9 is manufactured by Zenbyte. Priced at 699 USD. Comes with 4GB of RAM. Offers 256GB of internal storage. Available in blue. Fast charging is no. Noise cancellation: no."", ""Zenbyte Tablet Pro 9 is manufactured by Zenbyte. Priced at 699 USD. Comes with 4GB of RAM. Offers 256GB of internal storage. Available in blue. Fast charging is no. Noise cancellation: no.""]",1,600,candidate
DEC029_NO_FEEDBACK,train_kb,conservative_noisy_or_conflict_adjusted,4,Zenbyte Tablet Pro 9,has_storage_gb,256,zenbyte tablet pro 9|has_storage_gb|256,3,"[0.98, 0.9, 0.85]",True,0,0.9687796875,0.9687796875,0.88,True,0.9687796875,False,False,"[""product_9"", ""product_9"", ""product_9""]","[""structured"", ""unstructured"", ""unstructured""]","[""structured_row:Zenbyte Tablet Pro 9"", ""Zenbyte Tablet Pro 9 is manufactured by Zenbyte. Priced at 699 USD. Comes with 4GB of RAM. Offers 256GB of internal storage. Available in blue. Fast charging is no. Noise cancellation: no."", ""Zenbyte Tablet Pro 9 is manufactured by Zenbyte. Priced at 699 USD. Comes with 4GB of RAM. Offers 256GB of internal storage. Available in blue. Fast charging is no. Noise cancellation: no.""]",1,600,candidate
DEC029_NO_FEEDBACK,train_kb,conservative_noisy_or_conflict_adjusted,4,Zenbyte Tablet Pro 9,has_battery_life_hours,14,zenbyte tablet pro 9|has_battery_life_hours|14,1,[0.98],True,0,0.735,0.735,0.88,False,0.735,False,False,"[""product_9""]","[""structured""]","[""structured_row:Zenbyte Tablet Pro 9""]",0,600,candidate
DEC029_NO_FEEDBACK,train_kb,conservative_noisy_or_conflict_adjusted,4,Zenbyte Tablet Pro 9,has_weight_kg,0.18,zenbyte tablet pro 9|has_weight_kg|0.18,1,[0.98],True,0,0.735,0.735,0.88,False,0.735,False,False,"[""product_9""]","[""structured""]","[""structured_row:Zenbyte Tablet Pro 9""]",0,600,candidate
DEC029_NO_FEEDBACK,train_kb,conservative_noisy_or_conflict_adjusted,4,Zenbyte Tablet Pro 9,has_color,blue,zenbyte tablet pro 9|has_color|blue,3,"[0.98, 0.9, 0.85]",False,0,0.9687796875,0.9687796875,0.88,True,0.9687796875,False,False,"[""product_9"", ""product_9"", ""product_9""]","[""structured"", ""unstructured"", ""unstructured""]","[""structured_row:Zenbyte Tablet Pro 9"", ""Zenbyte Tablet Pro 9 is manufactured by Zenbyte. Priced at 699 USD. Comes with 4GB of RAM. Offers 256GB of internal storage. Available in blue. Fast charging is no. Noise cancellation: no."", ""Zenbyte Tablet Pro 9 is manufactured by Zenbyte. Priced at 699 USD. Comes with 4GB of RAM. Offers 256GB of internal storage. Available in blue. Fast charging is no. Noise cancellation: no.""]",1,600,candidate
DEC029_NO_FEEDBACK,train_kb,conservative_noisy_or_conflict_adjusted,4,Zenbyte Tablet Pro 9,made_of_material,aluminum,zenbyte tablet pro 9|made_of_material|aluminum,1,[0.98],True,0,0.735,0.735,0.88,False,0.735,False,False,"[""product_9""]","[""structured""]","[""structured_row:Zenbyte Tablet Pro 9""]",0,600,candidate
DEC029_NO_FEEDBACK,train_kb,conservative_noisy_or_conflict_adjusted,4,Zenbyte Tablet Pro 9,target_market_region,APAC,zenbyte tablet pro 9|target_market_region|apac,1,[0.98],True,0,0.735,0.735,0.88,False,0.735,False,False,"[""product_9""]","[""structured""]","[""structured_row:Zenbyte Tablet Pro 9""]",0,600,candidate
DEC029_NO_FEEDBACK,train_kb,conservative_noisy_or_conflict_adjusted,4,Zenbyte Tablet Pro 9,supports_fast_charging,no,zenbyte tablet pro 9|supports_fast_charging|no,3,"[0.98, 0.9, 0.85]",True,0,0.9687796875,0.9687796875,0.88,True,0.9687796875,False,False,"[""product_9"", ""product_9"", ""product_9""]","[""structured"", ""unstructured"", ""unstructured""]","[""structured_row:Zenbyte Tablet Pro 9"", ""Zenbyte Tablet Pro 9 is manufactured by Zenbyte. Priced at 699 USD. Comes with 4GB of RAM. Offers 256GB of internal storage. Available in blue. Fast charging is no. Noise cancellation: no."", ""Zenbyte Tablet Pro 9 is manufactured by Zenbyte. Priced at 699 USD. Comes with 4GB of RAM. Offers 256GB of internal storage. Available in blue. Fast charging is no. Noise cancellation: no.""]",1,600,candidate
DEC029_NO_FEEDBACK,train_kb,conservative_noisy_or_conflict_adjusted,4,Zenbyte Tablet Pro 9,has_noise_cancellation,no,zenbyte tablet pro 9|has_noise_cancellation|no,3,"[0.98, 0.9, 0.85]",True,0,0.9687796875,0.9687796875,0.88,True,0.9687796875,False,False,"[""product_9"", ""product_9"", ""product_9""]","[""structured"", ""unstructured"", ""unstructured""]","[""structured_row:Zenbyte Tablet Pro 9"", ""Zenbyte Tablet Pro 9 is manufactured by Zenbyte. Priced at 699 USD. Comes with 4GB of RAM. Offers 256GB of internal storage. Available in blue. Fast charging is no. Noise cancellation: no."", ""Zenbyte Tablet Pro 9 is manufactured by Zenbyte. Priced at 699 USD. Comes with 4GB of RAM. Offers 256GB of internal storage. Available in blue. Fast charging is no. Noise cancellation: no.""]",1,600,candidate
DEC029_NO_FEEDBACK,train_kb,conservative_noisy_or_conflict_adjusted,4,Zenbyte Smartwatch Air 11,manufactured_by,Zenbyte,zenbyte smartwatch air 11|manufactured_by|zenbyte,1,[0.98],True,0,0.735,0.735,0.88,False,0.735,False,False,"[""product_11""]","[""structured""]","[""structured_row:Zenbyte Smartwatch Air 11""]",0,600,candidate
DEC029_NO_FEEDBACK,train_kb,conservative_noisy_or_conflict_adjusted,4,Zenbyte Smartwatch Air 11,belongs_to_category,smartwatch,zenbyte smartwatch air 11|belongs_to_category|smartwatch,1,[0.98],True,0,0.735,0.735,0.88,False,0.735,False,False,"[""product_11""]","[""structured""]","[""structured_row:Zenbyte Smartwatch Air 11""]",1,600,candidate
DEC029_NO_FEEDBACK,train_kb,conservative_noisy_or_conflict_adjusted,4,Zenbyte Smartwatch Air 11,has_price_usd,199,zenbyte smartwatch air 11|has_price_usd|199,1,[0.98],True,0,0.735,0.735,0.88,False,0.735,False,False,"[""product_11""]","[""structured""]","[""structured_row:Zenbyte Smartwatch Air 11""]",1,600,candidate
DEC029_NO_FEEDBACK,train_kb,conservative_noisy_or_conflict_adjusted,4,Zenbyte Smartwatch Air 11,has_screen_size_inch,15.6,zenbyte smartwatch air 11|has_screen_size_inch|15.6,1,[0.98],True,0,0.735,0.735,0.88,False,0.735,False,False,"[""product_11""]","[""structured""]","[""structured_row:Zenbyte Smartwatch Air 11""]",1,600,candidate
DEC029_NO_FEEDBACK,train_kb,conservative_noisy_or_conflict_adjusted,4,Zenbyte Smartwatch Air 11,has_ram_gb,12,zenbyte smartwatch air 11|has_ram_gb|12,1,[0.98],True,0,0.735,0.735,0.88,False,0.735,False,False,"[""product_11""]","[""structured""]","[""structured_row:Zenbyte Smartwatch Air 11""]",1,600,candidate
DEC029_NO_FEEDBACK,train_kb,conservative_noisy_or_conflict_adjusted,4,Zenbyte Smartwatch Air 11,has_storage_gb,512,zenbyte smartwatch air 11|has_storage_gb|512,1,[0.98],True,0,0.735,0.735,0.88,False,0.735,False,False,"[""product_11""]","[""structured""]","[""structured_row:Zenbyte Smartwatch Air 11""]",1,600,candidate
DEC029_NO_FEEDBACK,train_kb,conservative_noisy_or_conflict_adjusted,4,Zenbyte Smartwatch Air 11,has_battery_life_hours,14,zenbyte smartwatch air 11|has_battery_life_hours|14,1,[0.98],True,0,0.735,0.735,0.88,False,0.735,False,False,"[""product_11""]","[""structured""]","[""structured_row:Zenbyte Smartwatch Air 11""]",0,600,candidate
DEC029_NO_FEEDBACK,train_kb,conservative_noisy_or_conflict_adjusted,4,Zenbyte Smartwatch Air 11,has_weight_kg,0.18,zenbyte smartwatch air 11|has_weight_kg|0.18,1,[0.98],True,0,0.735,0.735,0.88,False,0.735,False,False,"[""product_11""]","[""structured""]","[""structured_row:Zenbyte Smartwatch Air 11""]",0,600,candidate
DEC029_NO_FEEDBACK,train_kb,conservative_noisy_or_conflict_adjusted,4,Zenbyte Smartwatch Air 11,has_color,white,zenbyte smartwatch air 11|has_color|white,1,[0.98],False,0,0.735,0.735,0.88,False,0.735,False,False,"[""product_11""]","[""structured""]","[""structured_row:Zenbyte Smartwatch Air 11""]",1,600,candidate
DEC029_NO_FEEDBACK,train_kb,conservative_noisy_or_conflict_adjusted,4,Zenbyte Smartwatch Air 11,made_of_material,plastic,zenbyte smartwatch air 11|made_of_material|plastic,1,[0.98],True,0,0.735,0.735,0.88,False,0.735,False,False,"[""product_11""]","[""structured""]","[""structured_row:Zenbyte Smartwatch Air 11""]",0,600,candidate
DEC029_NO_FEEDBACK,train_kb,conservative_noisy_or_conflict_adjusted,4,Zenbyte Smartwatch Air 11,target_market_region,US,zenbyte smartwatch air 11|target_market_region|us,1,[0.98],True,0,0.735,0.735,0.88,False,0.735,False,False,"[""product_11""]","[""structured""]","[""structured_row:Zenbyte Smartwatch Air 11""]",0,600,candidate
DEC029_NO_FEEDBACK,train_kb,conservative_noisy_or_conflict_adjusted,4,Zenbyte Smartwatch Air 11,supports_fast_charging,yes,zenbyte smartwatch air 11|supports_fast_charging|yes,1,[0.98],True,0,0.735,0.735,0.88,False,0.735,False,False,"[""product_11""]","[""structured""]","[""structured_row:Zenbyte Smartwatch Air 11""]",0,600,candidate
DEC029_NO_FEEDBACK,train_kb,conservative_noisy_or_conflict_adjusted,4,Zenbyte Smartwatch Air 11,has_noise_cancellation,no,zenbyte smartwatch air 11|has_noise_cancellation|no,1,[0.98],True,0,0.735,0.735,0.88,False,0.735,False,False,"[""product_11""]","[""structured""]","[""structured_row:Zenbyte Smartwatch Air 11""]",1,600,candidate
DEC029_NO_FEEDBACK,train_kb,conservative_noisy_or_conflict_adjusted,4,smartwatch device,has_price_usd,199,smartwatch device|has_price_usd|199,1,[0.85],True,0,0.6375,0.6375,0.88,False,0.6375,False,False,"[""product_11""]","[""unstructured""]","[""It is a smartwatch device. Priced at 199 USD. The display measures 15.6 inches. Comes with 12GB of RAM. Offers 512GB of internal storage. Available in white. Noise cancellation: no.""]",0,600,candidate
DEC029_NO_FEEDBACK,train_kb,conservative_noisy_or_conflict_adjusted,4,smartwatch device,has_screen_size_inch,15.6,smartwatch device|has_screen_size_inch|15.6,1,[0.92],True,0,0.6900000000000001,0.6900000000000001,0.88,False,0.6900000000000001,False,False,"[""product_11""]","[""unstructured""]","[""It is a smartwatch device. Priced at 199 USD. The display measures 15.6 inches. Comes with 12GB of RAM. Offers 512GB of internal storage. Available in white. Noise cancellation: no.""]",0,600,candidate
DEC029_NO_FEEDBACK,train_kb,conservative_noisy_or_conflict_adjusted,4,smartwatch device,has_ram_gb,12,smartwatch device|has_ram_gb|12,1,[0.88],True,0,0.66,0.66,0.88,False,0.66,False,False,"[""product_11""]","[""unstructured""]","[""It is a smartwatch device. Priced at 199 USD. The display measures 15.6 inches. Comes with 12GB of RAM. Offers 512GB of internal storage. Available in white. Noise cancellation: no.""]",0,600,candidate
DEC029_NO_FEEDBACK,train_kb,conservative_noisy_or_conflict_adjusted,4,smartwatch device,has_storage_gb,512,smartwatch device|has_storage_gb|512,1,[0.9],True,0,0.675,0.675,0.88,False,0.675,False,False,"[""product_11""]","[""unstructured""]","[""It is a smartwatch device. Priced at 199 USD. The display measures 15.6 inches. Comes with 12GB of RAM. Offers 512GB of internal storage. Available in white. Noise cancellation: no.""]",0,600,candidate
DEC029_NO_FEEDBACK,train_kb,conservative_noisy_or_conflict_adjusted,4,smartwatch device,has_color,white,smartwatch device|has_color|white,1,[0.86],False,0,0.645,0.645,0.88,False,0.645,False,False,"[""product_11""]","[""unstructured""]","[""It is a smartwatch device. Priced at 199 USD. The display measures 15.6 inches. Comes with 12GB of RAM. Offers 512GB of internal storage. Available in white. Noise cancellation: no.""]",0,600,candidate
DEC029_NO_FEEDBACK,train_kb,conservative_noisy_or_conflict_adjusted,4,Zenbyte Smartphone Lite 12,manufactured_by,Zenbyte,zenbyte smartphone lite 12|manufactured_by|zenbyte,1,[0.98],True,0,0.735,0.735,0.88,False,0.735,False,False,"[""product_12""]","[""structured""]","[""structured_row:Zenbyte Smartphone Lite 12""]",0,600,candidate
DEC029_NO_FEEDBACK,train_kb,conservative_noisy_or_conflict_adjusted,4,Zenbyte Smartphone Lite 12,belongs_to_category,smartphone,zenbyte smartphone lite 12|belongs_to_category|smartphone,1,[0.98],True,0,0.735,0.735,0.88,False,0.735,False,False,"[""product_12""]","[""structured""]","[""structured_row:Zenbyte Smartphone Lite 12""]",0,600,candidate
DEC029_NO_FEEDBACK,train_kb,conservative_noisy_or_conflict_adjusted,4,Zenbyte Smartphone Lite 12,has_price_usd,349,zenbyte smartphone lite 12|has_price_usd|349,1,[0.98],True,0,0.735,0.735,0.88,False,0.735,False,False,"[""product_12""]","[""structured""]","[""structured_row:Zenbyte Smartphone Lite 12""]",1,600,candidate
DEC029_NO_FEEDBACK,train_kb,conservative_noisy_or_conflict_adjusted,4,Zenbyte Smartphone Lite 12,has_screen_size_inch,15.6,zenbyte smartphone lite 12|has_screen_size_inch|15.6,1,[0.98],True,0,0.735,0.735,0.88,False,0.735,False,False,"[""product_12""]","[""structured""]","[""structured_row:Zenbyte Smartphone Lite 12""]",1,600,candidate
DEC029_NO_FEEDBACK,train_kb,conservative_noisy_or_conflict_adjusted,4,Zenbyte Smartphone Lite 12,has_ram_gb,12,zenbyte smartphone lite 12|has_ram_gb|12,1,[0.98],True,0,0.735,0.735,0.88,False,0.735,False,False,"[""product_12""]","[""structured""]","[""structured_row:Zenbyte Smartphone Lite 12""]",1,600,candidate
DEC029_NO_FEEDBACK,train_kb,conservative_noisy_or_conflict_adjusted,4,Zenbyte Smartphone Lite 12,has_storage_gb,128,zenbyte smartphone lite 12|has_storage_gb|128,1,[0.98],True,0,0.735,0.735,0.88,False,0.735,False,False,"[""product_12""]","[""structured""]","[""structured_row:Zenbyte Smartphone Lite 12""]",0,600,candidate
DEC029_NO_FEEDBACK,train_kb,conservative_noisy_or_conflict_adjusted,4,Zenbyte Smartphone Lite 12,has_battery_life_hours,8,zenbyte smartphone lite 12|has_battery_life_hours|8,1,[0.98],True,0,0.735,0.735,0.88,False,0.735,False,False,"[""product_12""]","[""structured""]","[""structured_row:Zenbyte Smartphone Lite 12""]",1,600,candidate
DEC029_NO_FEEDBACK,train_kb,conservative_noisy_or_conflict_adjusted,4,Zenbyte Smartphone Lite 12,has_weight_kg,1.45,zenbyte smartphone lite 12|has_weight_kg|1.45,1,[0.98],True,0,0.735,0.735,0.88,False,0.735,False,False,"[""product_12""]","[""structured""]","[""structured_row:Zenbyte Smartphone Lite 12""]",1,600,candidate
DEC029_NO_FEEDBACK,train_kb,conservative_noisy_or_conflict_adjusted,4,Zenbyte Smartphone Lite 12,has_color,green,zenbyte smartphone lite 12|has_color|green,1,[0.98],False,0,0.735,0.735,0.88,False,0.735,False,False,"[""product_12""]","[""structured""]","[""structured_row:Zenbyte Smartphone Lite 12""]",1,600,candidate
DEC029_NO_FEEDBACK,train_kb,conservative_noisy_or_conflict_adjusted,4,Zenbyte Smartphone Lite 12,made_of_material,aluminum,zenbyte smartphone lite 12|made_of_material|aluminum,1,[0.98],True,0,0.735,0.735,0.88,False,0.735,False,False,"[""product_12""]","[""structured""]","[""structured_row:Zenbyte Smartphone Lite 12""]",0,600,candidate
DEC029_NO_FEEDBACK,train_kb,conservative_noisy_or_conflict_adjusted,4,Zenbyte Smartphone Lite 12,target_market_region,Global,zenbyte smartphone lite 12|target_market_region|global,1,[0.98],True,0,0.735,0.735,0.88,False,0.735,False,False,"[""product_12""]","[""structured""]","[""structured_row:Zenbyte Smartphone Lite 12""]",1,600,candidate
DEC029_NO_FEEDBACK,train_kb,conservative_noisy_or_conflict_adjusted,4,Zenbyte Smartphone Lite 12,supports_fast_charging,yes,zenbyte smartphone lite 12|supports_fast_charging|yes,1,[0.98],True,0,0.735,0.735,0.88,False,0.735,False,False,"[""product_12""]","[""structured""]","[""structured_row:Zenbyte Smartphone Lite 12""]",0,600,candidate
DEC029_NO_FEEDBACK,train_kb,conservative_noisy_or_conflict_adjusted,4,Zenbyte Smartphone Lite 12,has_noise_cancellation,no,zenbyte smartphone lite 12|has_noise_cancellation|no,1,[0.98],True,0,0.735,0.735,0.88,False,0.735,False,False,"[""product_12""]","[""structured""]","[""structured_row:Zenbyte Smartphone Lite 12""]",0,600,candidate
DEC029_NO_FEEDBACK,train_kb,conservative_noisy_or_conflict_adjusted,4,TechNova Smartphone Pro 1,has_price_usd,349,technova smartphone pro 1|has_price_usd|349,2,"[0.95, 0.91]",True,1,0.90871875,0.454359375,0.88,False,0.35624999999999996,False,False,"[""product_12"", ""product_12""]","[""unstructured"", ""unstructured""]","[""Priced at 349 USD. The display measures 15.6 inches. Comes with 12GB of RAM. Battery lasts up to 8 hours. Weighs approximately 1.45kg. Available in green. Targeted at the Global market."", ""Priced at 349 USD. The display measures 15.6 inches. Comes with 12GB of RAM. Battery lasts up to 8 hours. Weighs approximately 1.45kg. Available in green. Targeted at the Global market.""]",0,600,candidate
DEC029_NO_FEEDBACK,train_kb,conservative_noisy_or_conflict_adjusted,4,TechNova Smartphone Pro 1,has_screen_size_inch,15.6,technova smartphone pro 1|has_screen_size_inch|15.6,3,"[0.92, 0.91, 0.91]",True,0,0.9687500625,0.9687500625,0.88,True,0.901575,False,False,"[""product_12"", ""product_12"", ""product_12""]","[""unstructured"", ""unstructured"", ""unstructured""]","[""Priced at 349 USD. The display measures 15.6 inches. Comes with 12GB of RAM. Battery lasts up to 8 hours. Weighs approximately 1.45kg. Available in green. Targeted at the Global market."", ""Priced at 349 USD. The display measures 15.6 inches. Comes with 12GB of RAM. Battery lasts up to 8 hours. Weighs approximately 1.45kg. Available in green. Targeted at the Global market."", ""Priced at 349 USD. The display measures 15.6 inches. Comes with 12GB of RAM. Battery lasts up to 8 hours. Weighs approximately 1.45kg. Available in green. Targeted at the Global market.""]",0,600,candidate
DEC029_NO_FEEDBACK,train_kb,conservative_noisy_or_conflict_adjusted,4,TechNova Smartphone Pro 1,has_battery_life_hours,8,technova smartphone pro 1|has_battery_life_hours|8,4,"[0.94, 0.91, 0.91, 0.91]",True,4,0.990558234609375,0.198111646921875,0.88,False,0.19405243125,False,False,"[""product_12"", ""product_12"", ""product_12"", ""product_12""]","[""unstructured"", ""unstructured"", ""unstructured"", ""unstructured""]","[""Priced at 349 USD. The display measures 15.6 inches. Comes with 12GB of RAM. Battery lasts up to 8 hours. Weighs approximately 1.45kg. Available in green. Targeted at the Global market."", ""Priced at 349 USD. The display measures 15.6 inches. Comes with 12GB of RAM. Battery lasts up to 8 hours. Weighs approximately 1.45kg. Available in green. Targeted at the Global market."", ""Priced at 349 USD. The display measures 15.6 inches. Comes with 12GB of RAM. Battery lasts up to 8 hours. Weighs approximately 1.45kg. Available in green. Targeted at the Global market."", ""Priced at 349 USD. The display measures 15.6 inches. Comes with 12GB of RAM. Battery lasts up to 8 hours. Weighs approximately 1.45kg. Available in green. Targeted at the Global market.""]",0,600,candidate
DEC029_NO_FEEDBACK,train_kb,conservative_noisy_or_conflict_adjusted,4,TechNova Smartphone Pro 1,has_weight_kg,1.45,technova smartphone pro 1|has_weight_kg|1.45,4,"[0.96, 0.91, 0.91, 0.91]",True,2,0.991038324375,0.330346108125,0.88,False,0.485887125,False,False,"[""product_12"", ""product_12"", ""product_12"", ""product_12""]","[""unstructured"", ""unstructured"", ""unstructured"", ""unstructured""]","[""Priced at 349 USD. The display measures 15.6 inches. Comes with 12GB of RAM. Battery lasts up to 8 hours. Weighs approximately 1.45kg. Available in green. Targeted at the Global market."", ""Priced at 349 USD. The display measures 15.6 inches. Comes with 12GB of RAM. Battery lasts up to 8 hours. Weighs approximately 1.45kg. Available in green. Targeted at the Global market."", ""Priced at 349 USD. The display measures 15.6 inches. Comes with 12GB of RAM. Battery lasts up to 8 hours. Weighs approximately 1.45kg. Available in green. Targeted at the Global market."", ""Priced at 349 USD. The display measures 15.6 inches. Comes with 12GB of RAM. Battery lasts up to 8 hours. Weighs approximately 1.45kg. Available in green. Targeted at the Global market.""]",0,600,candidate
DEC029_NO_FEEDBACK,train_kb,conservative_noisy_or_conflict_adjusted,4,TechNova Smartphone Pro 1,has_color,green,technova smartphone pro 1|has_color|green,6,"[0.9, 0.91, 0.91, 0.91, 0.91, 0.91]",False,3,0.9989514189397193,0.9989514189397193,0.88,True,0.989598055078125,False,False,"[""product_12"", ""product_36"", ""product_12"", ""product_12"", ""product_12"", ""product_36""]","[""unstructured"", ""unstructured"", ""unstructured"", ""unstructured"", ""unstructured"", ""unstructured""]","[""Priced at 349 USD. The display measures 15.6 inches. Comes with 12GB of RAM. Battery lasts up to 8 hours. Weighs approximately 1.45kg. Available in green. Targeted at the Global market."", ""It is a smartwatch device. Comes with 8GB of RAM. Battery lasts up to 18 hours. Weighs approximately 0.18kg. Available in green. Targeted at the APAC market. Fast charging is no."", ""Priced at 349 USD. The display measures 15.6 inches. Comes with 12GB of RAM. Battery lasts up to 8 hours. Weighs approximately 1.45kg. Available in green. Targeted at the Global market."", ""Priced at 349 USD. The display measures 15.6 inches. Comes with 12GB of RAM. Battery lasts up to 8 hours. Weighs approximately 1.45kg. Available in green. Targeted at the Global market."", ""Priced at 349 USD. The display measures 15.6 inches. Comes with 12GB of RAM. Battery lasts up to 8 hours. Weighs approximately 1.45kg. Available in green. Targeted at the Global market."", ""It is a smartwatch device. Comes with 8GB of RAM. Battery lasts up to 18 hours. Weighs approximately 0.18kg. Available in green. Targeted at the APAC market. Fast charging is no.""]",0,600,candidate
DEC029_NO_FEEDBACK,train_kb,conservative_noisy_or_conflict_adjusted,4,TechNova Smartphone Pro 1,target_market_region,Global,technova smartphone pro 1|target_market_region|global,4,"[0.89, 0.91, 0.91, 0.91]",True,3,0.9893580101953126,0.24733950254882814,0.88,False,0.24162048046875,False,False,"[""product_12"", ""product_12"", ""product_12"", ""product_12""]","[""unstructured"", ""unstructured"", ""unstructured"", ""unstructured""]","[""Priced at 349 USD. The display measures 15.6 inches. Comes with 12GB of RAM. Battery lasts up to 8 hours. Weighs approximately 1.45kg. Available in green. Targeted at the Global market."", ""Priced at 349 USD. The display measures 15.6 inches. Comes with 12GB of RAM. Battery lasts up to 8 hours. Weighs approximately 1.45kg. Available in green. Targeted at the Global market."", ""Priced at 349 USD. The display measures 15.6 inches. Comes with 12GB of RAM. Battery lasts up to 8 hours. Weighs approximately 1.45kg. Available in green. Targeted at the Global market."", ""Priced at 349 USD. The display measures 15.6 inches. Comes with 12GB of RAM. Battery lasts up to 8 hours. Weighs approximately 1.45kg. Available in green. Targeted at the Global market.""]",0,600,candidate
DEC029_NO_FEEDBACK,train_kb,conservative_noisy_or_conflict_adjusted,4,Auralex Laptop Air 13,manufactured_by,Auralex,auralex laptop air 13|manufactured_by|auralex,4,"[0.98, 0.95, 0.91, 0.91]",True,0,0.992319823828125,0.992319823828125,0.88,True,0.97581046875,False,False,"[""product_13"", ""product_13"", ""product_13"", ""product_13""]","[""structured"", ""unstructured"", ""unstructured"", ""unstructured""]","[""structured_row:Auralex Laptop Air 13"", ""Auralex Laptop Air 13 is manufactured by Auralex. It is a laptop device. Priced at 1099 USD. Comes with 4GB of RAM. Available in silver. Fast charging is no. Noise cancellation: no."", ""Auralex Laptop Air 13 is manufactured by Auralex. It is a laptop device. Priced at 1099 USD. Comes with 4GB of RAM. Available in silver. Fast charging is no. Noise cancellation: no."", ""Auralex Laptop Air 13 is manufactured by Auralex. It is a laptop device. Priced at 1099 USD. Comes with 4GB of RAM. Available in silver. Fast charging is no. Noise cancellation: no.""]",1,600,candidate
DEC029_NO_FEEDBACK,train_kb,conservative_noisy_or_conflict_adjusted,4,Auralex Laptop Air 13,belongs_to_category,laptop,auralex laptop air 13|belongs_to_category|laptop,1,[0.98],True,0,0.735,0.735,0.88,False,0.735,False,False,"[""product_13""]","[""structured""]","[""structured_row:Auralex Laptop Air 13""]",1,600,candidate
DEC029_NO_FEEDBACK,train_kb,conservative_noisy_or_conflict_adjusted,4,Auralex Laptop Air 13,has_price_usd,1099,auralex laptop air 13|has_price_usd|1099,4,"[0.98, 0.95, 0.91, 0.91]",True,0,0.992319823828125,0.992319823828125,0.88,True,0.97581046875,False,False,"[""product_13"", ""product_13"", ""product_13"", ""product_13""]","[""structured"", ""unstructured"", ""unstructured"", ""unstructured""]","[""structured_row:Auralex Laptop Air 13"", ""Auralex Laptop Air 13 is manufactured by Auralex. It is a laptop device. Priced at 1099 USD. Comes with 4GB of RAM. Available in silver. Fast charging is no. Noise cancellation: no."", ""Auralex Laptop Air 13 is manufactured by Auralex. It is a laptop device. Priced at 1099 USD. Comes with 4GB of RAM. Available in silver. Fast charging is no. Noise cancellation: no."", ""Auralex Laptop Air 13 is manufactured by Auralex. It is a laptop device. Priced at 1099 USD. Comes with 4GB of RAM. Available in silver. Fast charging is no. Noise cancellation: no.""]",1,600,candidate
DEC029_NO_FEEDBACK,train_kb,conservative_noisy_or_conflict_adjusted,4,Auralex Laptop Air 13,has_screen_size_inch,13.3,auralex laptop air 13|has_screen_size_inch|13.3,1,[0.98],True,0,0.735,0.735,0.88,False,0.735,False,False,"[""product_13""]","[""structured""]","[""structured_row:Auralex Laptop Air 13""]",0,600,candidate
DEC029_NO_FEEDBACK,train_kb,conservative_noisy_or_conflict_adjusted,4,Auralex Laptop Air 13,has_ram_gb,4,auralex laptop air 13|has_ram_gb|4,4,"[0.98, 0.95, 0.91, 0.91]",True,0,0.992319823828125,0.992319823828125,0.88,True,0.97581046875,False,False,"[""product_13"", ""product_13"", ""product_13"", ""product_13""]","[""structured"", ""unstructured"", ""unstructured"", ""unstructured""]","[""structured_row:Auralex Laptop Air 13"", ""Auralex Laptop Air 13 is manufactured by Auralex. It is a laptop device. Priced at 1099 USD. Comes with 4GB of RAM. Available in silver. Fast charging is no. Noise cancellation: no."", ""Auralex Laptop Air 13 is manufactured by Auralex. It is a laptop device. Priced at 1099 USD. Comes with 4GB of RAM. Available in silver. Fast charging is no. Noise cancellation: no."", ""Auralex Laptop Air 13 is manufactured by Auralex. It is a laptop device. Priced at 1099 USD. Comes with 4GB of RAM. Available in silver. Fast charging is no. Noise cancellation: no.""]",1,600,candidate
DEC029_NO_FEEDBACK,train_kb,conservative_noisy_or_conflict_adjusted,4,Auralex Laptop Air 13,has_storage_gb,64,auralex laptop air 13|has_storage_gb|64,1,[0.98],True,0,0.735,0.735,0.88,False,0.735,False,False,"[""product_13""]","[""structured""]","[""structured_row:Auralex Laptop Air 13""]",0,600,candidate
DEC029_NO_FEEDBACK,train_kb,conservative_noisy_or_conflict_adjusted,4,Auralex Laptop Air 13,has_battery_life_hours,10,auralex laptop air 13|has_battery_life_hours|10,1,[0.98],True,0,0.735,0.735,0.88,False,0.735,False,False,"[""product_13""]","[""structured""]","[""structured_row:Auralex Laptop Air 13""]",0,600,candidate
DEC029_NO_FEEDBACK,train_kb,conservative_noisy_or_conflict_adjusted,4,Auralex Laptop Air 13,has_weight_kg,0.18,auralex laptop air 13|has_weight_kg|0.18,1,[0.98],True,0,0.735,0.735,0.88,False,0.735,False,False,"[""product_13""]","[""structured""]","[""structured_row:Auralex Laptop Air 13""]",0,600,candidate
DEC029_NO_FEEDBACK,train_kb,conservative_noisy_or_conflict_adjusted,4,Auralex Laptop Air 13,has_color,silver,auralex laptop air 13|has_color|silver,4,"[0.98, 0.95, 0.91, 0.91]",False,0,0.992319823828125,0.992319823828125,0.88,True,0.97581046875,False,False,"[""product_13"", ""product_13"", ""product_13"", ""product_13""]","[""structured"", ""unstructured"", ""unstructured"", ""unstructured""]","[""structured_row:Auralex Laptop Air 13"", ""Auralex Laptop Air 13 is manufactured by Auralex. It is a laptop device. Priced at 1099 USD. Comes with 4GB of RAM. Available in silver. Fast charging is no. Noise cancellation: no."", ""Auralex Laptop Air 13 is manufactured by Auralex. It is a laptop device. Priced at 1099 USD. Comes with 4GB of RAM. Available in silver. Fast charging is no. Noise cancellation: no."", ""Auralex Laptop Air 13 is manufactured by Auralex. It is a laptop device. Priced at 1099 USD. Comes with 4GB of RAM. Available in silver. Fast charging is no. Noise cancellation: no.""]",1,600,candidate
DEC029_NO_FEEDBACK,train_kb,conservative_noisy_or_conflict_adjusted,4,Auralex Laptop Air 13,made_of_material,carbon fiber,auralex laptop air 13|made_of_material|carbon fiber,1,[0.98],True,0,0.735,0.735,0.88,False,0.735,False,False,"[""product_13""]","[""structured""]","[""structured_row:Auralex Laptop Air 13""]",0,600,candidate
DEC029_NO_FEEDBACK,train_kb,conservative_noisy_or_conflict_adjusted,4,Auralex Laptop Air 13,target_market_region,EU,auralex laptop air 13|target_market_region|eu,1,[0.98],True,0,0.735,0.735,0.88,False,0.735,False,False,"[""product_13""]","[""structured""]","[""structured_row:Auralex Laptop Air 13""]",0,600,candidate
DEC029_NO_FEEDBACK,train_kb,conservative_noisy_or_conflict_adjusted,4,Auralex Laptop Air 13,supports_fast_charging,no,auralex laptop air 13|supports_fast_charging|no,4,"[0.98, 0.95, 0.91, 0.91]",True,0,0.992319823828125,0.992319823828125,0.88,True,0.97581046875,False,False,"[""product_13"", ""product_13"", ""product_13"", ""product_13""]","[""structured"", ""unstructured"", ""unstructured"", ""unstructured""]","[""structured_row:Auralex Laptop Air 13"", ""Auralex Laptop Air 13 is manufactured by Auralex. It is a laptop device. Priced at 1099 USD. Comes with 4GB of RAM. Available in silver. Fast charging is no. Noise cancellation: no."", ""Auralex Laptop Air 13 is manufactured by Auralex. It is a laptop device. Priced at 1099 USD. Comes with 4GB of RAM. Available in silver. Fast charging is no. Noise cancellation: no."", ""Auralex Laptop Air 13 is manufactured by Auralex. It is a laptop device. Priced at 1099 USD. Comes with 4GB of RAM. Available in silver. Fast charging is no. Noise cancellation: no.""]",1,600,candidate
DEC029_NO_FEEDBACK,train_kb,conservative_noisy_or_conflict_adjusted,4,Auralex Laptop Air 13,has_noise_cancellation,no,auralex laptop air 13|has_noise_cancellation|no,4,"[0.98, 0.95, 0.91, 0.91]",True,0,0.992319823828125,0.992319823828125,0.88,True,0.97581046875,False,False,"[""product_13"", ""product_13"", ""product_13"", ""product_13""]","[""structured"", ""unstructured"", ""unstructured"", ""unstructured""]","[""structured_row:Auralex Laptop Air 13"", ""Auralex Laptop Air 13 is manufactured by Auralex. It is a laptop device. Priced at 1099 USD. Comes with 4GB of RAM. Available in silver. Fast charging is no. Noise cancellation: no."", ""Auralex Laptop Air 13 is manufactured by Auralex. It is a laptop device. Priced at 1099 USD. Comes with 4GB of RAM. Available in silver. Fast charging is no. Noise cancellation: no."", ""Auralex Laptop Air 13 is manufactured by Auralex. It is a laptop device. Priced at 1099 USD. Comes with 4GB of RAM. Available in silver. Fast charging is no. Noise cancellation: no.""]",1,600,candidate
DEC029_NO_FEEDBACK,train_kb,conservative_noisy_or_conflict_adjusted,4,Auralex Laptop Lite 15,manufactured_by,Auralex,auralex laptop lite 15|manufactured_by|auralex,1,[0.98],True,0,0.735,0.735,0.88,False,0.735,False,False,"[""product_15""]","[""structured""]","[""structured_row:Auralex Laptop Lite 15""]",0,600,candidate
DEC029_NO_FEEDBACK,train_kb,conservative_noisy_or_conflict_adjusted,4,Auralex Laptop Lite 15,belongs_to_category,laptop,auralex laptop lite 15|belongs_to_category|laptop,1,[0.98],True,0,0.735,0.735,0.88,False,0.735,False,False,"[""product_15""]","[""structured""]","[""structured_row:Auralex Laptop Lite 15""]",1,600,candidate
DEC029_NO_FEEDBACK,train_kb,conservative_noisy_or_conflict_adjusted,4,Auralex Laptop Lite 15,has_price_usd,199,auralex laptop lite 15|has_price_usd|199,1,[0.98],True,0,0.735,0.735,0.88,False,0.735,False,False,"[""product_15""]","[""structured""]","[""structured_row:Auralex Laptop Lite 15""]",0,600,candidate
DEC029_NO_FEEDBACK,train_kb,conservative_noisy_or_conflict_adjusted,4,Auralex Laptop Lite 15,has_screen_size_inch,14.0,auralex laptop lite 15|has_screen_size_inch|14.0,1,[0.98],True,0,0.735,0.735,0.88,False,0.735,False,False,"[""product_15""]","[""structured""]","[""structured_row:Auralex Laptop Lite 15""]",1,600,candidate
DEC029_NO_FEEDBACK,train_kb,conservative_noisy_or_conflict_adjusted,4,Auralex Laptop Lite 15,has_ram_gb,16,auralex laptop lite 15|has_ram_gb|16,1,[0.98],True,0,0.735,0.735,0.88,False,0.735,False,False,"[""product_15""]","[""structured""]","[""structured_row:Auralex Laptop Lite 15""]",0,600,candidate
DEC029_NO_FEEDBACK,train_kb,conservative_noisy_or_conflict_adjusted,4,Auralex Laptop Lite 15,has_storage_gb,64,auralex laptop lite 15|has_storage_gb|64,1,[0.98],True,0,0.735,0.735,0.88,False,0.735,False,False,"[""product_15""]","[""structured""]","[""structured_row:Auralex Laptop Lite 15""]",1,600,candidate
DEC029_NO_FEEDBACK,train_kb,conservative_noisy_or_conflict_adjusted,4,Auralex Laptop Lite 15,has_battery_life_hours,14,auralex laptop lite 15|has_battery_life_hours|14,1,[0.98],True,0,0.735,0.735,0.88,False,0.735,False,False,"[""product_15""]","[""structured""]","[""structured_row:Auralex Laptop Lite 15""]",1,600,candidate
DEC029_NO_FEEDBACK,train_kb,conservative_noisy_or_conflict_adjusted,4,Auralex Laptop Lite 15,has_weight_kg,1.45,auralex laptop lite 15|has_weight_kg|1.45,1,[0.98],True,0,0.735,0.735,0.88,False,0.735,False,False,"[""product_15""]","[""structured""]","[""structured_row:Auralex Laptop Lite 15""]",1,600,candidate
DEC029_NO_FEEDBACK,train_kb,conservative_noisy_or_conflict_adjusted,4,Auralex Laptop Lite 15,has_color,black,auralex laptop lite 15|has_color|black,1,[0.98],False,0,0.735,0.735,0.88,False,0.735,False,False,"[""product_15""]","[""structured""]","[""structured_row:Auralex Laptop Lite 15""]",0,600,candidate
DEC029_NO_FEEDBACK,train_kb,conservative_noisy_or_conflict_adjusted,4,Auralex Laptop Lite 15,made_of_material,plastic,auralex laptop lite 15|made_of_material|plastic,1,[0.98],True,0,0.735,0.735,0.88,False,0.735,False,False,"[""product_15""]","[""structured""]","[""structured_row:Auralex Laptop Lite 15""]",0,600,candidate
DEC029_NO_FEEDBACK,train_kb,conservative_noisy_or_conflict_adjusted,4,Auralex Laptop Lite 15,target_market_region,Global,auralex laptop lite 15|target_market_region|global,1,[0.98],True,0,0.735,0.735,0.88,False,0.735,False,False,"[""product_15""]","[""structured""]","[""structured_row:Auralex Laptop Lite 15""]",1,600,candidate
DEC029_NO_FEEDBACK,train_kb,conservative_noisy_or_conflict_adjusted,4,Auralex Laptop Lite 15,supports_fast_charging,no,auralex laptop lite 15|supports_fast_charging|no,1,[0.98],True,0,0.735,0.735,0.88,False,0.735,False,False,"[""product_15""]","[""structured""]","[""structured_row:Auralex Laptop Lite 15""]",0,600,candidate
DEC029_NO_FEEDBACK,train_kb,conservative_noisy_or_conflict_adjusted,4,Auralex Laptop Lite 15,has_noise_cancellation,no,auralex laptop lite 15|has_noise_cancellation|no,1,[0.98],True,0,0.735,0.735,0.88,False,0.735,False,False,"[""product_15""]","[""structured""]","[""structured_row:Auralex Laptop Lite 15""]",1,600,candidate
DEC029_NO_FEEDBACK,train_kb,conservative_noisy_or_conflict_adjusted,4,NeoTech Smartphone Pro 16,manufactured_by,NeoTech,neotech smartphone pro 16|manufactured_by|neotech,2,"[0.98, 0.95]",True,0,0.9238124999999999,0.9238124999999999,0.88,True,0.9238124999999999,False,False,"[""product_16"", ""product_16""]","[""structured"", ""unstructured""]","[""structured_row:NeoTech Smartphone Pro 16"", ""NeoTech Smartphone Pro 16 is manufactured by NeoTech. It is a smartphone device. Comes with 32GB of RAM. Battery lasts up to 10 hours. Weighs approximately 0.23kg. Targeted at the US market. Fast charging is no.""]",1,600,candidate
DEC029_NO_FEEDBACK,train_kb,conservative_noisy_or_conflict_adjusted,4,NeoTech Smartphone Pro 16,belongs_to_category,smartphone,neotech smartphone pro 16|belongs_to_category|smartphone,2,"[0.98, 0.95]",True,0,0.9238124999999999,0.9238124999999999,0.88,True,0.9238124999999999,False,False,"[""product_16"", ""product_16""]","[""structured"", ""unstructured""]","[""structured_row:NeoTech Smartphone Pro 16"", ""NeoTech Smartphone Pro 16 is manufactured by NeoTech. It is a smartphone device. Comes with 32GB of RAM. Battery lasts up to 10 hours. Weighs approximately 0.23kg. Targeted at the US market. Fast charging is no.""]",1,600,candidate
DEC029_NO_FEEDBACK,train_kb,conservative_noisy_or_conflict_adjusted,4,NeoTech Smartphone Pro 16,has_price_usd,1099,neotech smartphone pro 16|has_price_usd|1099,1,[0.98],True,0,0.735,0.735,0.88,False,0.735,False,False,"[""product_16""]","[""structured""]","[""structured_row:NeoTech Smartphone Pro 16""]",0,600,candidate
DEC029_NO_FEEDBACK,train_kb,conservative_noisy_or_conflict_adjusted,4,NeoTech Smartphone Pro 16,has_screen_size_inch,11.0,neotech smartphone pro 16|has_screen_size_inch|11.0,1,[0.98],True,0,0.735,0.735,0.88,False,0.735,False,False,"[""product_16""]","[""structured""]","[""structured_row:NeoTech Smartphone Pro 16""]",0,600,candidate
DEC029_NO_FEEDBACK,train_kb,conservative_noisy_or_conflict_adjusted,4,NeoTech Smartphone Pro 16,has_ram_gb,32,neotech smartphone pro 16|has_ram_gb|32,2,"[0.98, 0.95]",True,0,0.9238124999999999,0.9238124999999999,0.88,True,0.9238124999999999,False,False,"[""product_16"", ""product_16""]","[""structured"", ""unstructured""]","[""structured_row:NeoTech Smartphone Pro 16"", ""NeoTech Smartphone Pro 16 is manufactured by NeoTech. It is a smartphone device. Comes with 32GB of RAM. Battery lasts up to 10 hours. Weighs approximately 0.23kg. Targeted at the US market. Fast charging is no.""]",1,600,candidate
DEC029_NO_FEEDBACK,train_kb,conservative_noisy_or_conflict_adjusted,4,NeoTech Smartphone Pro 16,has_storage_gb,1024,neotech smartphone pro 16|has_storage_gb|1024,1,[0.98],True,0,0.735,0.735,0.88,False,0.735,False,False,"[""product_16""]","[""structured""]","[""structured_row:NeoTech Smartphone Pro 16""]",0,600,candidate
DEC029_NO_FEEDBACK,train_kb,conservative_noisy_or_conflict_adjusted,4,NeoTech Smartphone Pro 16,has_battery_life_hours,10,neotech smartphone pro 16|has_battery_life_hours|10,2,"[0.98, 0.95]",True,0,0.9238124999999999,0.9238124999999999,0.88,True,0.9238124999999999,False,False,"[""product_16"", ""product_16""]","[""structured"", ""unstructured""]","[""structured_row:NeoTech Smartphone Pro 16"", ""NeoTech Smartphone Pro 16 is manufactured by NeoTech. It is a smartphone device. Comes with 32GB of RAM. Battery lasts up to 10 hours. Weighs approximately 0.23kg. Targeted at the US market. Fast charging is no.""]",1,600,candidate
DEC029_NO_FEEDBACK,train_kb,conservative_noisy_or_conflict_adjusted,4,NeoTech Smartphone Pro 16,has_weight_kg,0.23,neotech smartphone pro 16|has_weight_kg|0.23,2,"[0.98, 0.95]",True,0,0.9238124999999999,0.9238124999999999,0.88,True,0.9238124999999999,False,False,"[""product_16"", ""product_16""]","[""structured"", ""unstructured""]","[""structured_row:NeoTech Smartphone Pro 16"", ""NeoTech Smartphone Pro 16 is manufactured by NeoTech. It is a smartphone device. Comes with 32GB of RAM. Battery lasts up to 10 hours. Weighs approximately 0.23kg. Targeted at the US market. Fast charging is no.""]",1,600,candidate
DEC029_NO_FEEDBACK,train_kb,conservative_noisy_or_conflict_adjusted,4,NeoTech Smartphone Pro 16,has_color,black,neotech smartphone pro 16|has_color|black,1,[0.98],False,0,0.735,0.735,0.88,False,0.735,False,False,"[""product_16""]","[""structured""]","[""structured_row:NeoTech Smartphone Pro 16""]",0,600,candidate
DEC029_NO_FEEDBACK,train_kb,conservative_noisy_or_conflict_adjusted,4,NeoTech Smartphone Pro 16,made_of_material,carbon fiber,neotech smartphone pro 16|made_of_material|carbon fiber,1,[0.98],True,0,0.735,0.735,0.88,False,0.735,False,False,"[""product_16""]","[""structured""]","[""structured_row:NeoTech Smartphone Pro 16""]",0,600,candidate
DEC029_NO_FEEDBACK,train_kb,conservative_noisy_or_conflict_adjusted,4,NeoTech Smartphone Pro 16,target_market_region,US,neotech smartphone pro 16|target_market_region|us,2,"[0.98, 0.95]",True,0,0.9238124999999999,0.9238124999999999,0.88,True,0.9238124999999999,False,False,"[""product_16"", ""product_16""]","[""structured"", ""unstructured""]","[""structured_row:NeoTech Smartphone Pro 16"", ""NeoTech Smartphone Pro 16 is manufactured by NeoTech. It is a smartphone device. Comes with 32GB of RAM. Battery lasts up to 10 hours. Weighs approximately 0.23kg. Targeted at the US market. Fast charging is no.""]",1,600,candidate
DEC029_NO_FEEDBACK,train_kb,conservative_noisy_or_conflict_adjusted,4,NeoTech Smartphone Pro 16,supports_fast_charging,no,neotech smartphone pro 16|supports_fast_charging|no,2,"[0.98, 0.95]",True,0,0.9238124999999999,0.9238124999999999,0.88,True,0.9238124999999999,False,False,"[""product_16"", ""product_16""]","[""structured"", ""unstructured""]","[""structured_row:NeoTech Smartphone Pro 16"", ""NeoTech Smartphone Pro 16 is manufactured by NeoTech. It is a smartphone device. Comes with 32GB of RAM. Battery lasts up to 10 hours. Weighs approximately 0.23kg. Targeted at the US market. Fast charging is no.""]",1,600,candidate
DEC029_NO_FEEDBACK,train_kb,conservative_noisy_or_conflict_adjusted,4,NeoTech Smartphone Pro 16,has_noise_cancellation,no,neotech smartphone pro 16|has_noise_cancellation|no,1,[0.98],True,0,0.735,0.735,0.88,False,0.735,False,False,"[""product_16""]","[""structured""]","[""structured_row:NeoTech Smartphone Pro 16""]",0,600,candidate
DEC029_NO_FEEDBACK,train_kb,conservative_noisy_or_conflict_adjusted,4,VoltEdge Laptop Max 17,manufactured_by,VoltEdge,voltedge laptop max 17|manufactured_by|voltedge,4,"[0.98, 0.95, 0.9, 0.95]",True,0,0.99288123046875,0.99288123046875,0.88,True,0.9752390625,False,False,"[""product_17"", ""product_17"", ""product_17"", ""product_17""]","[""structured"", ""unstructured"", ""unstructured"", ""unstructured""]","[""structured_row:VoltEdge Laptop Max 17"", ""VoltEdge Laptop Max 17 is manufactured by VoltEdge. It is a laptop device. Priced at 699 USD. The display measures 15.6 inches. Battery lasts up to 14 hours. Built with carbon fiber construction. Noise cancellation: no."", ""VoltEdge Laptop Max 17 is manufactured by VoltEdge. It is a laptop device. Priced at 699 USD. The display measures 15.6 inches. Battery lasts up to 14 hours. Built with carbon fiber construction. Noise cancellation: no."", ""VoltEdge Laptop Max 17 is manufactured by VoltEdge. It is a laptop device. Priced at 699 USD. The display measures 15.6 inches. Battery lasts up to 14 hours. Built with carbon fiber construction. Noise cancellation: no.""]",1,600,candidate
DEC029_NO_FEEDBACK,train_kb,conservative_noisy_or_conflict_adjusted,4,VoltEdge Laptop Max 17,belongs_to_category,laptop,voltedge laptop max 17|belongs_to_category|laptop,1,[0.98],True,1,0.735,0.3675,0.88,False,0.3675,False,False,"[""product_17""]","[""structured""]","[""structured_row:VoltEdge Laptop Max 17""]",1,600,candidate
DEC029_NO_FEEDBACK,train_kb,conservative_noisy_or_conflict_adjusted,4,VoltEdge Laptop Max 17,has_price_usd,699,voltedge laptop max 17|has_price_usd|699,4,"[0.98, 0.93, 0.9, 0.95]",True,0,0.99250981640625,0.99250981640625,0.88,True,0.9739471875,False,False,"[""product_17"", ""product_17"", ""product_17"", ""product_17""]","[""structured"", ""unstructured"", ""unstructured"", ""unstructured""]","[""structured_row:VoltEdge Laptop Max 17"", ""VoltEdge Laptop Max 17 is manufactured by VoltEdge. It is a laptop device. Priced at 699 USD. The display measures 15.6 inches. Battery lasts up to 14 hours. Built with carbon fiber construction. Noise cancellation: no."", ""VoltEdge Laptop Max 17 is manufactured by VoltEdge. It is a laptop device. Priced at 699 USD. The display measures 15.6 inches. Battery lasts up to 14 hours. Built with carbon fiber construction. Noise cancellation: no."", ""VoltEdge Laptop Max 17 is manufactured by VoltEdge. It is a laptop device. Priced at 699 USD. The display measures 15.6 inches. Battery lasts up to 14 hours. Built with carbon fiber construction. Noise cancellation: no.""]",1,600,candidate
DEC029_NO_FEEDBACK,train_kb,conservative_noisy_or_conflict_adjusted,4,VoltEdge Laptop Max 17,has_screen_size_inch,15.6,voltedge laptop max 17|has_screen_size_inch|15.6,4,"[0.98, 0.94, 0.9, 0.95]",True,0,0.9926955234375,0.9926955234375,0.88,True,0.974593125,False,False,"[""product_17"", ""product_17"", ""product_17"", ""product_17""]","[""structured"", ""unstructured"", ""unstructured"", ""unstructured""]","[""structured_row:VoltEdge Laptop Max 17"", ""VoltEdge Laptop Max 17 is manufactured by VoltEdge. It is a laptop device. Priced at 699 USD. The display measures 15.6 inches. Battery lasts up to 14 hours. Built with carbon fiber construction. Noise cancellation: no."", ""VoltEdge Laptop Max 17 is manufactured by VoltEdge. It is a laptop device. Priced at 699 USD. The display measures 15.6 inches. Battery lasts up to 14 hours. Built with carbon fiber construction. Noise cancellation: no."", ""VoltEdge Laptop Max 17 is manufactured by VoltEdge. It is a laptop device. Priced at 699 USD. The display measures 15.6 inches. Battery lasts up to 14 hours. Built with carbon fiber construction. Noise cancellation: no.""]",1,600,candidate
DEC029_NO_FEEDBACK,train_kb,conservative_noisy_or_conflict_adjusted,4,VoltEdge Laptop Max 17,has_ram_gb,8,voltedge laptop max 17|has_ram_gb|8,1,[0.98],True,0,0.735,0.735,0.88,False,0.735,False,False,"[""product_17""]","[""structured""]","[""structured_row:VoltEdge Laptop Max 17""]",0,600,candidate
DEC029_NO_FEEDBACK,train_kb,conservative_noisy_or_conflict_adjusted,4,VoltEdge Laptop Max 17,has_storage_gb,1024,voltedge laptop max 17|has_storage_gb|1024,1,[0.98],True,0,0.735,0.735,0.88,False,0.735,False,False,"[""product_17""]","[""structured""]","[""structured_row:VoltEdge Laptop Max 17""]",0,600,candidate
DEC029_NO_FEEDBACK,train_kb,conservative_noisy_or_conflict_adjusted,4,VoltEdge Laptop Max 17,has_battery_life_hours,14,voltedge laptop max 17|has_battery_life_hours|14,4,"[0.98, 0.9, 0.9, 0.95]",True,0,0.9919526953125,0.9919526953125,0.88,True,0.972009375,False,False,"[""product_17"", ""product_17"", ""product_17"", ""product_17""]","[""structured"", ""unstructured"", ""unstructured"", ""unstructured""]","[""structured_row:VoltEdge Laptop Max 17"", ""VoltEdge Laptop Max 17 is manufactured by VoltEdge. It is a laptop device. Priced at 699 USD. The display measures 15.6 inches. Battery lasts up to 14 hours. Built with carbon fiber construction. Noise cancellation: no."", ""VoltEdge Laptop Max 17 is manufactured by VoltEdge. It is a laptop device. Priced at 699 USD. The display measures 15.6 inches. Battery lasts up to 14 hours. Built with carbon fiber construction. Noise cancellation: no."", ""VoltEdge Laptop Max 17 is manufactured by VoltEdge. It is a laptop device. Priced at 699 USD. The display measures 15.6 inches. Battery lasts up to 14 hours. Built with carbon fiber construction. Noise cancellation: no.""]",1,600,candidate
DEC029_NO_FEEDBACK,train_kb,conservative_noisy_or_conflict_adjusted,4,VoltEdge Laptop Max 17,has_weight_kg,1.45,voltedge laptop max 17|has_weight_kg|1.45,1,[0.98],True,0,0.735,0.735,0.88,False,0.735,False,False,"[""product_17""]","[""structured""]","[""structured_row:VoltEdge Laptop Max 17""]",0,600,candidate
DEC029_NO_FEEDBACK,train_kb,conservative_noisy_or_conflict_adjusted,4,VoltEdge Laptop Max 17,has_color,blue,voltedge laptop max 17|has_color|blue,1,[0.98],False,0,0.735,0.735,0.88,False,0.735,False,False,"[""product_17""]","[""structured""]","[""structured_row:VoltEdge Laptop Max 17""]",0,600,candidate
DEC029_NO_FEEDBACK,train_kb,conservative_noisy_or_conflict_adjusted,4,VoltEdge Laptop Max 17,made_of_material,carbon fiber,voltedge laptop max 17|made_of_material|carbon fiber,4,"[0.98, 0.96, 0.9, 0.95]",True,0,0.9930669375,0.9930669375,0.88,True,0.975885,False,False,"[""product_17"", ""product_17"", ""product_17"", ""product_17""]","[""structured"", ""unstructured"", ""unstructured"", ""unstructured""]","[""structured_row:VoltEdge Laptop Max 17"", ""VoltEdge Laptop Max 17 is manufactured by VoltEdge. It is a laptop device. Priced at 699 USD. The display measures 15.6 inches. Battery lasts up to 14 hours. Built with carbon fiber construction. Noise cancellation: no."", ""VoltEdge Laptop Max 17 is manufactured by VoltEdge. It is a laptop device. Priced at 699 USD. The display measures 15.6 inches. Battery lasts up to 14 hours. Built with carbon fiber construction. Noise cancellation: no."", ""VoltEdge Laptop Max 17 is manufactured by VoltEdge. It is a laptop device. Priced at 699 USD. The display measures 15.6 inches. Battery lasts up to 14 hours. Built with carbon fiber construction. Noise cancellation: no.""]",1,600,candidate
DEC029_NO_FEEDBACK,train_kb,conservative_noisy_or_conflict_adjusted,4,VoltEdge Laptop Max 17,target_market_region,Global,voltedge laptop max 17|target_market_region|global,1,[0.98],True,0,0.735,0.735,0.88,False,0.735,False,False,"[""product_17""]","[""structured""]","[""structured_row:VoltEdge Laptop Max 17""]",0,600,candidate
DEC029_NO_FEEDBACK,train_kb,conservative_noisy_or_conflict_adjusted,4,VoltEdge Laptop Max 17,supports_fast_charging,yes,voltedge laptop max 17|supports_fast_charging|yes,1,[0.98],True,0,0.735,0.735,0.88,False,0.735,False,False,"[""product_17""]","[""structured""]","[""structured_row:VoltEdge Laptop Max 17""]",0,600,candidate
DEC029_NO_FEEDBACK,train_kb,conservative_noisy_or_conflict_adjusted,4,VoltEdge Laptop Max 17,has_noise_cancellation,no,voltedge laptop max 17|has_noise_cancellation|no,4,"[0.98, 0.85, 0.9, 0.95]",True,0,0.99102416015625,0.99102416015625,0.88,True,0.9687796875,False,False,"[""product_17"", ""product_17"", ""product_17"", ""product_17""]","[""structured"", ""unstructured"", ""unstructured"", ""unstructured""]","[""structured_row:VoltEdge Laptop Max 17"", ""VoltEdge Laptop Max 17 is manufactured by VoltEdge. It is a laptop device. Priced at 699 USD. The display measures 15.6 inches. Battery lasts up to 14 hours. Built with carbon fiber construction. Noise cancellation: no."", ""VoltEdge Laptop Max 17 is manufactured by VoltEdge. It is a laptop device. Priced at 699 USD. The display measures 15.6 inches. Battery lasts up to 14 hours. Built with carbon fiber construction. Noise cancellation: no."", ""VoltEdge Laptop Max 17 is manufactured by VoltEdge. It is a laptop device. Priced at 699 USD. The display measures 15.6 inches. Battery lasts up to 14 hours. Built with carbon fiber construction. Noise cancellation: no.""]",1,600,candidate
DEC029_NO_FEEDBACK,train_kb,conservative_noisy_or_conflict_adjusted,4,VoltEdge Laptop Max 17,belongs_to_category,laptop device,voltedge laptop max 17|belongs_to_category|laptop device,2,"[0.92, 0.9]",True,1,0.89925,0.449625,0.88,False,0.449625,False,False,"[""product_17"", ""product_17""]","[""unstructured"", ""unstructured""]","[""VoltEdge Laptop Max 17 is manufactured by VoltEdge. It is a laptop device. Priced at 699 USD. The display measures 15.6 inches. Battery lasts up to 14 hours. Built with carbon fiber construction. Noise cancellation: no."", ""VoltEdge Laptop Max 17 is manufactured by VoltEdge. It is a laptop device. Priced at 699 USD. The display measures 15.6 inches. Battery lasts up to 14 hours. Built with carbon fiber construction. Noise cancellation: no.""]",0,600,candidate
DEC029_NO_FEEDBACK,train_kb,conservative_noisy_or_conflict_adjusted,4,TechNova Headphones Lite 18,manufactured_by,TechNova,technova headphones lite 18|manufactured_by|technova,2,"[0.98, 0.95]",True,0,0.9238124999999999,0.9238124999999999,0.88,True,0.9238124999999999,False,False,"[""product_18"", ""product_18""]","[""structured"", ""unstructured""]","[""structured_row:TechNova Headphones Lite 18"", ""TechNova Headphones Lite 18 is manufactured by TechNova. It is a headphones device. The display measures 6.7 inches. Comes with 12GB of RAM. Targeted at the APAC market. Fast charging is no. Noise cancellation: no.""]",1,600,candidate
DEC029_NO_FEEDBACK,train_kb,conservative_noisy_or_conflict_adjusted,4,TechNova Headphones Lite 18,belongs_to_category,headphones,technova headphones lite 18|belongs_to_category|headphones,1,[0.98],True,1,0.735,0.3675,0.88,False,0.3675,False,False,"[""product_18""]","[""structured""]","[""structured_row:TechNova Headphones Lite 18""]",1,600,candidate
DEC029_NO_FEEDBACK,train_kb,conservative_noisy_or_conflict_adjusted,4,TechNova Headphones Lite 18,has_price_usd,349,technova headphones lite 18|has_price_usd|349,1,[0.98],True,0,0.735,0.735,0.88,False,0.735,False,False,"[""product_18""]","[""structured""]","[""structured_row:TechNova Headphones Lite 18""]",0,600,candidate
DEC029_NO_FEEDBACK,train_kb,conservative_noisy_or_conflict_adjusted,4,TechNova Headphones Lite 18,has_screen_size_inch,6.7,technova headphones lite 18|has_screen_size_inch|6.7,2,"[0.98, 0.93]",True,0,0.9198375,0.9198375,0.88,True,0.9198375,False,False,"[""product_18"", ""product_18""]","[""structured"", ""unstructured""]","[""structured_row:TechNova Headphones Lite 18"", ""TechNova Headphones Lite 18 is manufactured by TechNova. It is a headphones device. The display measures 6.7 inches. Comes with 12GB of RAM. Targeted at the APAC market. Fast charging is no. Noise cancellation: no.""]",1,600,candidate
DEC029_NO_FEEDBACK,train_kb,conservative_noisy_or_conflict_adjusted,4,TechNova Headphones Lite 18,has_ram_gb,12,technova headphones lite 18|has_ram_gb|12,2,"[0.98, 0.94]",True,0,0.921825,0.921825,0.88,True,0.921825,False,False,"[""product_18"", ""product_18""]","[""structured"", ""unstructured""]","[""structured_row:TechNova Headphones Lite 18"", ""TechNova Headphones Lite 18 is manufactured by TechNova. It is a headphones device. The display measures 6.7 inches. Comes with 12GB of RAM. Targeted at the APAC market. Fast charging is no. Noise cancellation: no.""]",1,600,candidate
DEC029_NO_FEEDBACK,train_kb,conservative_noisy_or_conflict_adjusted,4,TechNova Headphones Lite 18,has_storage_gb,64,technova headphones lite 18|has_storage_gb|64,1,[0.98],True,0,0.735,0.735,0.88,False,0.735,False,False,"[""product_18""]","[""structured""]","[""structured_row:TechNova Headphones Lite 18""]",0,600,candidate
DEC029_NO_FEEDBACK,train_kb,conservative_noisy_or_conflict_adjusted,4,TechNova Headphones Lite 18,has_battery_life_hours,14,technova headphones lite 18|has_battery_life_hours|14,1,[0.98],True,0,0.735,0.735,0.88,False,0.735,False,False,"[""product_18""]","[""structured""]","[""structured_row:TechNova Headphones Lite 18""]",0,600,candidate
DEC029_NO_FEEDBACK,train_kb,conservative_noisy_or_conflict_adjusted,4,TechNova Headphones Lite 18,has_weight_kg,1.45,technova headphones lite 18|has_weight_kg|1.45,1,[0.98],True,0,0.735,0.735,0.88,False,0.735,False,False,"[""product_18""]","[""structured""]","[""structured_row:TechNova Headphones Lite 18""]",0,600,candidate
DEC029_NO_FEEDBACK,train_kb,conservative_noisy_or_conflict_adjusted,4,TechNova Headphones Lite 18,has_color,silver,technova headphones lite 18|has_color|silver,1,[0.98],False,0,0.735,0.735,0.88,False,0.735,False,False,"[""product_18""]","[""structured""]","[""structured_row:TechNova Headphones Lite 18""]",0,600,candidate
DEC029_NO_FEEDBACK,train_kb,conservative_noisy_or_conflict_adjusted,4,TechNova Headphones Lite 18,made_of_material,aluminum,technova headphones lite 18|made_of_material|aluminum,1,[0.98],True,0,0.735,0.735,0.88,False,0.735,False,False,"[""product_18""]","[""structured""]","[""structured_row:TechNova Headphones Lite 18""]",0,600,candidate
DEC029_NO_FEEDBACK,train_kb,conservative_noisy_or_conflict_adjusted,4,TechNova Headphones Lite 18,target_market_region,APAC,technova headphones lite 18|target_market_region|apac,1,[0.98],True,1,0.735,0.3675,0.88,False,0.3675,False,False,"[""product_18""]","[""structured""]","[""structured_row:TechNova Headphones Lite 18""]",1,600,candidate
DEC029_NO_FEEDBACK,train_kb,conservative_noisy_or_conflict_adjusted,4,TechNova Headphones Lite 18,supports_fast_charging,no,technova headphones lite 18|supports_fast_charging|no,2,"[0.98, 0.88]",True,0,0.9099,0.9099,0.88,True,0.9099,False,False,"[""product_18"", ""product_18""]","[""structured"", ""unstructured""]","[""structured_row:TechNova Headphones Lite 18"", ""TechNova Headphones Lite 18 is manufactured by TechNova. It is a headphones device. The display measures 6.7 inches. Comes with 12GB of RAM. Targeted at the APAC market. Fast charging is no. Noise cancellation: no.""]",1,600,candidate
DEC029_NO_FEEDBACK,train_kb,conservative_noisy_or_conflict_adjusted,4,TechNova Headphones Lite 18,has_noise_cancellation,no,technova headphones lite 18|has_noise_cancellation|no,2,"[0.98, 0.89]",True,0,0.9118875,0.9118875,0.88,True,0.9118875,False,False,"[""product_18"", ""product_18""]","[""structured"", ""unstructured""]","[""structured_row:TechNova Headphones Lite 18"", ""TechNova Headphones Lite 18 is manufactured by TechNova. It is a headphones device. The display measures 6.7 inches. Comes with 12GB of RAM. Targeted at the APAC market. Fast charging is no. Noise cancellation: no.""]",1,600,candidate
DEC029_NO_FEEDBACK,train_kb,conservative_noisy_or_conflict_adjusted,4,TechNova Headphones Lite 18,belongs_to_category,headphones device,technova headphones lite 18|belongs_to_category|headphones device,1,[0.92],True,1,0.6900000000000001,0.34500000000000003,0.88,False,0.34500000000000003,False,False,"[""product_18""]","[""unstructured""]","[""TechNova Headphones Lite 18 is manufactured by TechNova. It is a headphones device. The display measures 6.7 inches. Comes with 12GB of RAM. Targeted at the APAC market. Fast charging is no. Noise cancellation: no.""]",0,600,candidate
DEC029_NO_FEEDBACK,train_kb,conservative_noisy_or_conflict_adjusted,4,TechNova Headphones Lite 18,target_market_region,APAC market,technova headphones lite 18|target_market_region|apac market,1,[0.9],True,1,0.675,0.3375,0.88,False,0.3375,False,False,"[""product_18""]","[""unstructured""]","[""TechNova Headphones Lite 18 is manufactured by TechNova. It is a headphones device. The display measures 6.7 inches. Comes with 12GB of RAM. Targeted at the APAC market. Fast charging is no. Noise cancellation: no.""]",0,600,candidate
DEC029_NO_FEEDBACK,train_kb,conservative_noisy_or_conflict_adjusted,4,TechNova Headphones Plus 19,manufactured_by,TechNova,technova headphones plus 19|manufactured_by|technova,1,[0.98],True,0,0.735,0.735,0.88,False,0.735,False,False,"[""product_19""]","[""structured""]","[""structured_row:TechNova Headphones Plus 19""]",0,600,candidate
DEC029_NO_FEEDBACK,train_kb,conservative_noisy_or_conflict_adjusted,4,TechNova Headphones Plus 19,belongs_to_category,headphones,technova headphones plus 19|belongs_to_category|headphones,1,[0.98],True,0,0.735,0.735,0.88,False,0.735,False,False,"[""product_19""]","[""structured""]","[""structured_row:TechNova Headphones Plus 19""]",1,600,candidate
DEC029_NO_FEEDBACK,train_kb,conservative_noisy_or_conflict_adjusted,4,TechNova Headphones Plus 19,has_price_usd,1099,technova headphones plus 19|has_price_usd|1099,1,[0.98],True,0,0.735,0.735,0.88,False,0.735,False,False,"[""product_19""]","[""structured""]","[""structured_row:TechNova Headphones Plus 19""]",0,600,candidate
DEC029_NO_FEEDBACK,train_kb,conservative_noisy_or_conflict_adjusted,4,TechNova Headphones Plus 19,has_screen_size_inch,10.9,technova headphones plus 19|has_screen_size_inch|10.9,1,[0.98],True,0,0.735,0.735,0.88,False,0.735,False,False,"[""product_19""]","[""structured""]","[""structured_row:TechNova Headphones Plus 19""]",1,600,candidate
DEC029_NO_FEEDBACK,train_kb,conservative_noisy_or_conflict_adjusted,4,TechNova Headphones Plus 19,has_ram_gb,4,technova headphones plus 19|has_ram_gb|4,1,[0.98],True,0,0.735,0.735,0.88,False,0.735,False,False,"[""product_19""]","[""structured""]","[""structured_row:TechNova Headphones Plus 19""]",1,600,candidate
DEC029_NO_FEEDBACK,train_kb,conservative_noisy_or_conflict_adjusted,4,TechNova Headphones Plus 19,has_storage_gb,512,technova headphones plus 19|has_storage_gb|512,1,[0.98],True,0,0.735,0.735,0.88,False,0.735,False,False,"[""product_19""]","[""structured""]","[""structured_row:TechNova Headphones Plus 19""]",1,600,candidate
DEC029_NO_FEEDBACK,train_kb,conservative_noisy_or_conflict_adjusted,4,TechNova Headphones Plus 19,has_battery_life_hours,10,technova headphones plus 19|has_battery_life_hours|10,1,[0.98],True,0,0.735,0.735,0.88,False,0.735,False,False,"[""product_19""]","[""structured""]","[""structured_row:TechNova Headphones Plus 19""]",1,600,candidate
DEC029_NO_FEEDBACK,train_kb,conservative_noisy_or_conflict_adjusted,4,TechNova Headphones Plus 19,has_weight_kg,1.2,technova headphones plus 19|has_weight_kg|1.2,1,[0.98],True,0,0.735,0.735,0.88,False,0.735,False,False,"[""product_19""]","[""structured""]","[""structured_row:TechNova Headphones Plus 19""]",0,600,candidate
DEC029_NO_FEEDBACK,train_kb,conservative_noisy_or_conflict_adjusted,4,TechNova Headphones Plus 19,has_color,black,technova headphones plus 19|has_color|black,1,[0.98],False,0,0.735,0.735,0.88,False,0.735,False,False,"[""product_19""]","[""structured""]","[""structured_row:TechNova Headphones Plus 19""]",0,600,candidate
DEC029_NO_FEEDBACK,train_kb,conservative_noisy_or_conflict_adjusted,4,TechNova Headphones Plus 19,made_of_material,carbon fiber,technova headphones plus 19|made_of_material|carbon fiber,1,[0.98],True,0,0.735,0.735,0.88,False,0.735,False,False,"[""product_19""]","[""structured""]","[""structured_row:TechNova Headphones Plus 19""]",0,600,candidate
DEC029_NO_FEEDBACK,train_kb,conservative_noisy_or_conflict_adjusted,4,TechNova Headphones Plus 19,target_market_region,EU,technova headphones plus 19|target_market_region|eu,1,[0.98],True,0,0.735,0.735,0.88,False,0.735,False,False,"[""product_19""]","[""structured""]","[""structured_row:TechNova Headphones Plus 19""]",1,600,candidate
DEC029_NO_FEEDBACK,train_kb,conservative_noisy_or_conflict_adjusted,4,TechNova Headphones Plus 19,supports_fast_charging,yes,technova headphones plus 19|supports_fast_charging|yes,1,[0.98],True,0,0.735,0.735,0.88,False,0.735,False,False,"[""product_19""]","[""structured""]","[""structured_row:TechNova Headphones Plus 19""]",0,600,candidate
DEC029_NO_FEEDBACK,train_kb,conservative_noisy_or_conflict_adjusted,4,TechNova Headphones Plus 19,has_noise_cancellation,yes,technova headphones plus 19|has_noise_cancellation|yes,1,[0.98],True,0,0.735,0.735,0.88,False,0.735,False,False,"[""product_19""]","[""structured""]","[""structured_row:TechNova Headphones Plus 19""]",1,600,candidate
DEC029_NO_FEEDBACK,train_kb,conservative_noisy_or_conflict_adjusted,4,headphones device,has_screen_size_inch,10.9,headphones device|has_screen_size_inch|10.9,4,"[0.92, 0.85, 0.92, 0.92]",True,0,0.9892007625,0.9892007625,0.88,True,0.96516375,False,False,"[""product_19"", ""product_19"", ""product_19"", ""product_19""]","[""unstructured"", ""unstructured"", ""unstructured"", ""unstructured""]","[""It is a headphones device. The display measures 10.9 inches. Comes with 4GB of RAM. Offers 512GB of internal storage. Battery lasts up to 10 hours. Targeted at the EU market. Noise cancellation: yes."", ""It is a headphones device. The display measures 10.9 inches. Comes with 4GB of RAM. Offers 512GB of internal storage. Battery lasts up to 10 hours. Targeted at the EU market. Noise cancellation: yes."", ""It is a headphones device. The display measures 10.9 inches. Comes with 4GB of RAM. Offers 512GB of internal storage. Battery lasts up to 10 hours. Targeted at the EU market. Noise cancellation: yes."", ""It is a headphones device. The display measures 10.9 inches. Comes with 4GB of RAM. Offers 512GB of internal storage. Battery lasts up to 10 hours. Targeted at the EU market. Noise cancellation: yes.""]",0,600,candidate
DEC029_NO_FEEDBACK,train_kb,conservative_noisy_or_conflict_adjusted,4,headphones device,has_ram_gb,4,headphones device|has_ram_gb|4,4,"[0.93, 0.85, 0.92, 0.93]",True,0,0.98971698515625,0.98971698515625,0.88,True,0.9660065625,False,False,"[""product_19"", ""product_19"", ""product_19"", ""product_19""]","[""unstructured"", ""unstructured"", ""unstructured"", ""unstructured""]","[""It is a headphones device. The display measures 10.9 inches. Comes with 4GB of RAM. Offers 512GB of internal storage. Battery lasts up to 10 hours. Targeted at the EU market. Noise cancellation: yes."", ""It is a headphones device. The display measures 10.9 inches. Comes with 4GB of RAM. Offers 512GB of internal storage. Battery lasts up to 10 hours. Targeted at the EU market. Noise cancellation: yes."", ""It is a headphones device. The display measures 10.9 inches. Comes with 4GB of RAM. Offers 512GB of internal storage. Battery lasts up to 10 hours. Targeted at the EU market. Noise cancellation: yes."", ""It is a headphones device. The display measures 10.9 inches. Comes with 4GB of RAM. Offers 512GB of internal storage. Battery lasts up to 10 hours. Targeted at the EU market. Noise cancellation: yes.""]",0,600,candidate
DEC029_NO_FEEDBACK,train_kb,conservative_noisy_or_conflict_adjusted,4,headphones device,has_storage_gb,512,headphones device|has_storage_gb|512,4,"[0.94, 0.85, 0.92, 0.94]",True,0,0.990220565625,0.990220565625,0.88,True,0.966849375,False,False,"[""product_19"", ""product_19"", ""product_19"", ""product_19""]","[""unstructured"", ""unstructured"", ""unstructured"", ""unstructured""]","[""It is a headphones device. The display measures 10.9 inches. Comes with 4GB of RAM. Offers 512GB of internal storage. Battery lasts up to 10 hours. Targeted at the EU market. Noise cancellation: yes."", ""It is a headphones device. The display measures 10.9 inches. Comes with 4GB of RAM. Offers 512GB of internal storage. Battery lasts up to 10 hours. Targeted at the EU market. Noise cancellation: yes."", ""It is a headphones device. The display measures 10.9 inches. Comes with 4GB of RAM. Offers 512GB of internal storage. Battery lasts up to 10 hours. Targeted at the EU market. Noise cancellation: yes."", ""It is a headphones device. The display measures 10.9 inches. Comes with 4GB of RAM. Offers 512GB of internal storage. Battery lasts up to 10 hours. Targeted at the EU market. Noise cancellation: yes.""]",0,600,candidate
DEC029_NO_FEEDBACK,train_kb,conservative_noisy_or_conflict_adjusted,4,headphones device,has_battery_life_hours,10,headphones device|has_battery_life_hours|10,4,"[0.95, 0.85, 0.92, 0.95]",True,0,0.99071150390625,0.99071150390625,0.88,True,0.9676921875,False,False,"[""product_19"", ""product_19"", ""product_19"", ""product_19""]","[""unstructured"", ""unstructured"", ""unstructured"", ""unstructured""]","[""It is a headphones device. The display measures 10.9 inches. Comes with 4GB of RAM. Offers 512GB of internal storage. Battery lasts up to 10 hours. Targeted at the EU market. Noise cancellation: yes."", ""It is a headphones device. The display measures 10.9 inches. Comes with 4GB of RAM. Offers 512GB of internal storage. Battery lasts up to 10 hours. Targeted at the EU market. Noise cancellation: yes."", ""It is a headphones device. The display measures 10.9 inches. Comes with 4GB of RAM. Offers 512GB of internal storage. Battery lasts up to 10 hours. Targeted at the EU market. Noise cancellation: yes."", ""It is a headphones device. The display measures 10.9 inches. Comes with 4GB of RAM. Offers 512GB of internal storage. Battery lasts up to 10 hours. Targeted at the EU market. Noise cancellation: yes.""]",0,600,candidate
DEC029_NO_FEEDBACK,train_kb,conservative_noisy_or_conflict_adjusted,4,headphones device,target_market_region,EU,headphones device|target_market_region|eu,4,"[0.96, 0.85, 0.92, 0.96]",True,0,0.9911898,0.9911898,0.88,True,0.968535,False,False,"[""product_19"", ""product_19"", ""product_19"", ""product_19""]","[""unstructured"", ""unstructured"", ""unstructured"", ""unstructured""]","[""It is a headphones device. The display measures 10.9 inches. Comes with 4GB of RAM. Offers 512GB of internal storage. Battery lasts up to 10 hours. Targeted at the EU market. Noise cancellation: yes."", ""It is a headphones device. The display measures 10.9 inches. Comes with 4GB of RAM. Offers 512GB of internal storage. Battery lasts up to 10 hours. Targeted at the EU market. Noise cancellation: yes."", ""It is a headphones device. The display measures 10.9 inches. Comes with 4GB of RAM. Offers 512GB of internal storage. Battery lasts up to 10 hours. Targeted at the EU market. Noise cancellation: yes."", ""It is a headphones device. The display measures 10.9 inches. Comes with 4GB of RAM. Offers 512GB of internal storage. Battery lasts up to 10 hours. Targeted at the EU market. Noise cancellation: yes.""]",0,600,candidate
DEC029_NO_FEEDBACK,train_kb,conservative_noisy_or_conflict_adjusted,4,TechNova Smartphone Pro 20,manufactured_by,TechNova,technova smartphone pro 20|manufactured_by|technova,1,[0.98],True,0,0.735,0.735,0.88,False,0.735,False,False,"[""product_20""]","[""structured""]","[""structured_row:TechNova Smartphone Pro 20""]",0,600,candidate
DEC029_NO_FEEDBACK,train_kb,conservative_noisy_or_conflict_adjusted,4,TechNova Smartphone Pro 20,belongs_to_category,smartphone,technova smartphone pro 20|belongs_to_category|smartphone,1,[0.98],True,0,0.735,0.735,0.88,False,0.735,False,False,"[""product_20""]","[""structured""]","[""structured_row:TechNova Smartphone Pro 20""]",0,600,candidate
DEC029_NO_FEEDBACK,train_kb,conservative_noisy_or_conflict_adjusted,4,TechNova Smartphone Pro 20,has_price_usd,499,technova smartphone pro 20|has_price_usd|499,1,[0.98],True,0,0.735,0.735,0.88,False,0.735,False,False,"[""product_20""]","[""structured""]","[""structured_row:TechNova Smartphone Pro 20""]",0,600,candidate
DEC029_NO_FEEDBACK,train_kb,conservative_noisy_or_conflict_adjusted,4,TechNova Smartphone Pro 20,has_screen_size_inch,10.9,technova smartphone pro 20|has_screen_size_inch|10.9,1,[0.98],True,0,0.735,0.735,0.88,False,0.735,False,False,"[""product_20""]","[""structured""]","[""structured_row:TechNova Smartphone Pro 20""]",0,600,candidate
DEC029_NO_FEEDBACK,train_kb,conservative_noisy_or_conflict_adjusted,4,TechNova Smartphone Pro 20,has_ram_gb,32,technova smartphone pro 20|has_ram_gb|32,1,[0.98],True,0,0.735,0.735,0.88,False,0.735,False,False,"[""product_20""]","[""structured""]","[""structured_row:TechNova Smartphone Pro 20""]",1,600,candidate
DEC029_NO_FEEDBACK,train_kb,conservative_noisy_or_conflict_adjusted,4,TechNova Smartphone Pro 20,has_storage_gb,256,technova smartphone pro 20|has_storage_gb|256,1,[0.98],True,0,0.735,0.735,0.88,False,0.735,False,False,"[""product_20""]","[""structured""]","[""structured_row:TechNova Smartphone Pro 20""]",1,600,candidate
DEC029_NO_FEEDBACK,train_kb,conservative_noisy_or_conflict_adjusted,4,TechNova Smartphone Pro 20,has_battery_life_hours,12,technova smartphone pro 20|has_battery_life_hours|12,1,[0.98],True,0,0.735,0.735,0.88,False,0.735,False,False,"[""product_20""]","[""structured""]","[""structured_row:TechNova Smartphone Pro 20""]",1,600,candidate
DEC029_NO_FEEDBACK,train_kb,conservative_noisy_or_conflict_adjusted,4,TechNova Smartphone Pro 20,has_weight_kg,0.18,technova smartphone pro 20|has_weight_kg|0.18,1,[0.98],True,0,0.735,0.735,0.88,False,0.735,False,False,"[""product_20""]","[""structured""]","[""structured_row:TechNova Smartphone Pro 20""]",0,600,candidate
DEC029_NO_FEEDBACK,train_kb,conservative_noisy_or_conflict_adjusted,4,TechNova Smartphone Pro 20,has_color,white,technova smartphone pro 20|has_color|white,1,[0.98],False,0,0.735,0.735,0.88,False,0.735,False,False,"[""product_20""]","[""structured""]","[""structured_row:TechNova Smartphone Pro 20""]",1,600,candidate
DEC029_NO_FEEDBACK,train_kb,conservative_noisy_or_conflict_adjusted,4,TechNova Smartphone Pro 20,made_of_material,carbon fiber,technova smartphone pro 20|made_of_material|carbon fiber,1,[0.98],True,0,0.735,0.735,0.88,False,0.735,False,False,"[""product_20""]","[""structured""]","[""structured_row:TechNova Smartphone Pro 20""]",0,600,candidate
DEC029_NO_FEEDBACK,train_kb,conservative_noisy_or_conflict_adjusted,4,TechNova Smartphone Pro 20,target_market_region,EU,technova smartphone pro 20|target_market_region|eu,1,[0.98],True,0,0.735,0.735,0.88,False,0.735,False,False,"[""product_20""]","[""structured""]","[""structured_row:TechNova Smartphone Pro 20""]",1,600,candidate
DEC029_NO_FEEDBACK,train_kb,conservative_noisy_or_conflict_adjusted,4,TechNova Smartphone Pro 20,supports_fast_charging,yes,technova smartphone pro 20|supports_fast_charging|yes,1,[0.98],True,0,0.735,0.735,0.88,False,0.735,False,False,"[""product_20""]","[""structured""]","[""structured_row:TechNova Smartphone Pro 20""]",1,600,candidate
DEC029_NO_FEEDBACK,train_kb,conservative_noisy_or_conflict_adjusted,4,TechNova Smartphone Pro 20,has_noise_cancellation,no,technova smartphone pro 20|has_noise_cancellation|no,1,[0.98],True,0,0.735,0.735,0.88,False,0.735,False,False,"[""product_20""]","[""structured""]","[""structured_row:TechNova Smartphone Pro 20""]",1,600,candidate
DEC029_NO_FEEDBACK,train_kb,conservative_noisy_or_conflict_adjusted,4,Auralex Tablet Plus 22,manufactured_by,Auralex,auralex tablet plus 22|manufactured_by|auralex,1,[0.98],True,0,0.735,0.735,0.88,False,0.735,False,False,"[""product_22""]","[""structured""]","[""structured_row:Auralex Tablet Plus 22""]",0,600,candidate
DEC029_NO_FEEDBACK,train_kb,conservative_noisy_or_conflict_adjusted,4,Auralex Tablet Plus 22,belongs_to_category,tablet,auralex tablet plus 22|belongs_to_category|tablet,1,[0.98],True,0,0.735,0.735,0.88,False,0.735,False,False,"[""product_22""]","[""structured""]","[""structured_row:Auralex Tablet Plus 22""]",1,600,candidate
DEC029_NO_FEEDBACK,train_kb,conservative_noisy_or_conflict_adjusted,4,Auralex Tablet Plus 22,has_price_usd,1099,auralex tablet plus 22|has_price_usd|1099,1,[0.98],True,0,0.735,0.735,0.88,False,0.735,False,False,"[""product_22""]","[""structured""]","[""structured_row:Auralex Tablet Plus 22""]",1,600,candidate
DEC029_NO_FEEDBACK,train_kb,conservative_noisy_or_conflict_adjusted,4,Auralex Tablet Plus 22,has_screen_size_inch,15.6,auralex tablet plus 22|has_screen_size_inch|15.6,1,[0.98],True,0,0.735,0.735,0.88,False,0.735,False,False,"[""product_22""]","[""structured""]","[""structured_row:Auralex Tablet Plus 22""]",1,600,candidate
DEC029_NO_FEEDBACK,train_kb,conservative_noisy_or_conflict_adjusted,4,Auralex Tablet Plus 22,has_ram_gb,8,auralex tablet plus 22|has_ram_gb|8,1,[0.98],True,0,0.735,0.735,0.88,False,0.735,False,False,"[""product_22""]","[""structured""]","[""structured_row:Auralex Tablet Plus 22""]",1,600,candidate
DEC029_NO_FEEDBACK,train_kb,conservative_noisy_or_conflict_adjusted,4,Auralex Tablet Plus 22,has_storage_gb,256,auralex tablet plus 22|has_storage_gb|256,1,[0.98],True,0,0.735,0.735,0.88,False,0.735,False,False,"[""product_22""]","[""structured""]","[""structured_row:Auralex Tablet Plus 22""]",1,600,candidate
DEC029_NO_FEEDBACK,train_kb,conservative_noisy_or_conflict_adjusted,4,Auralex Tablet Plus 22,has_battery_life_hours,12,auralex tablet plus 22|has_battery_life_hours|12,1,[0.98],True,0,0.735,0.735,0.88,False,0.735,False,False,"[""product_22""]","[""structured""]","[""structured_row:Auralex Tablet Plus 22""]",1,600,candidate
DEC029_NO_FEEDBACK,train_kb,conservative_noisy_or_conflict_adjusted,4,Auralex Tablet Plus 22,has_weight_kg,0.55,auralex tablet plus 22|has_weight_kg|0.55,1,[0.98],True,0,0.735,0.735,0.88,False,0.735,False,False,"[""product_22""]","[""structured""]","[""structured_row:Auralex Tablet Plus 22""]",1,600,candidate
DEC029_NO_FEEDBACK,train_kb,conservative_noisy_or_conflict_adjusted,4,Auralex Tablet Plus 22,has_color,black,auralex tablet plus 22|has_color|black,1,[0.98],False,0,0.735,0.735,0.88,False,0.735,False,False,"[""product_22""]","[""structured""]","[""structured_row:Auralex Tablet Plus 22""]",0,600,candidate
DEC029_NO_FEEDBACK,train_kb,conservative_noisy_or_conflict_adjusted,4,Auralex Tablet Plus 22,made_of_material,aluminum,auralex tablet plus 22|made_of_material|aluminum,1,[0.98],True,0,0.735,0.735,0.88,False,0.735,False,False,"[""product_22""]","[""structured""]","[""structured_row:Auralex Tablet Plus 22""]",0,600,candidate
DEC029_NO_FEEDBACK,train_kb,conservative_noisy_or_conflict_adjusted,4,Auralex Tablet Plus 22,target_market_region,EU,auralex tablet plus 22|target_market_region|eu,1,[0.98],True,0,0.735,0.735,0.88,False,0.735,False,False,"[""product_22""]","[""structured""]","[""structured_row:Auralex Tablet Plus 22""]",0,600,candidate
DEC029_NO_FEEDBACK,train_kb,conservative_noisy_or_conflict_adjusted,4,Auralex Tablet Plus 22,supports_fast_charging,no,auralex tablet plus 22|supports_fast_charging|no,1,[0.98],True,0,0.735,0.735,0.88,False,0.735,False,False,"[""product_22""]","[""structured""]","[""structured_row:Auralex Tablet Plus 22""]",0,600,candidate
DEC029_NO_FEEDBACK,train_kb,conservative_noisy_or_conflict_adjusted,4,Auralex Tablet Plus 22,has_noise_cancellation,no,auralex tablet plus 22|has_noise_cancellation|no,1,[0.98],True,0,0.735,0.735,0.88,False,0.735,False,False,"[""product_22""]","[""structured""]","[""structured_row:Auralex Tablet Plus 22""]",0,600,candidate
DEC029_NO_FEEDBACK,train_kb,conservative_noisy_or_conflict_adjusted,4,TechNova Tablet,has_price_usd,1099,technova tablet|has_price_usd|1099,1,[0.95],True,0,0.7124999999999999,0.7124999999999999,0.88,False,0.7124999999999999,False,False,"[""product_22""]","[""unstructured""]","[""It is a tablet device. Priced at 1099 USD. The display measures 15.6 inches. Comes with 8GB of RAM. Offers 256GB of internal storage. Battery lasts up to 12 hours. Weighs approximately 0.55kg.""]",0,600,candidate
DEC029_NO_FEEDBACK,train_kb,conservative_noisy_or_conflict_adjusted,4,TechNova Tablet,has_screen_size_inch,15.6,technova tablet|has_screen_size_inch|15.6,1,[0.92],True,0,0.6900000000000001,0.6900000000000001,0.88,False,0.6900000000000001,False,False,"[""product_22""]","[""unstructured""]","[""It is a tablet device. Priced at 1099 USD. The display measures 15.6 inches. Comes with 8GB of RAM. Offers 256GB of internal storage. Battery lasts up to 12 hours. Weighs approximately 0.55kg.""]",0,600,candidate
DEC029_NO_FEEDBACK,train_kb,conservative_noisy_or_conflict_adjusted,4,TechNova Tablet,has_ram_gb,8,technova tablet|has_ram_gb|8,1,[0.91],True,0,0.6825,0.6825,0.88,False,0.6825,False,False,"[""product_22""]","[""unstructured""]","[""It is a tablet device. Priced at 1099 USD. The display measures 15.6 inches. Comes with 8GB of RAM. Offers 256GB of internal storage. Battery lasts up to 12 hours. Weighs approximately 0.55kg.""]",0,600,candidate
DEC029_NO_FEEDBACK,train_kb,conservative_noisy_or_conflict_adjusted,4,TechNova Tablet,has_storage_gb,256,technova tablet|has_storage_gb|256,1,[0.9],True,0,0.675,0.675,0.88,False,0.675,False,False,"[""product_22""]","[""unstructured""]","[""It is a tablet device. Priced at 1099 USD. The display measures 15.6 inches. Comes with 8GB of RAM. Offers 256GB of internal storage. Battery lasts up to 12 hours. Weighs approximately 0.55kg.""]",0,600,candidate
DEC029_NO_FEEDBACK,train_kb,conservative_noisy_or_conflict_adjusted,4,TechNova Tablet,has_battery_life_hours,12,technova tablet|has_battery_life_hours|12,1,[0.89],True,0,0.6675,0.6675,0.88,False,0.6675,False,False,"[""product_22""]","[""unstructured""]","[""It is a tablet device. Priced at 1099 USD. The display measures 15.6 inches. Comes with 8GB of RAM. Offers 256GB of internal storage. Battery lasts up to 12 hours. Weighs approximately 0.55kg.""]",0,600,candidate
DEC029_NO_FEEDBACK,train_kb,conservative_noisy_or_conflict_adjusted,4,TechNova Tablet,has_weight_kg,0.55,technova tablet|has_weight_kg|0.55,1,[0.88],True,0,0.66,0.66,0.88,False,0.66,False,False,"[""product_22""]","[""unstructured""]","[""It is a tablet device. Priced at 1099 USD. The display measures 15.6 inches. Comes with 8GB of RAM. Offers 256GB of internal storage. Battery lasts up to 12 hours. Weighs approximately 0.55kg.""]",0,600,candidate
DEC029_NO_FEEDBACK,train_kb,conservative_noisy_or_conflict_adjusted,4,NeoTech Headphones Lite 23,manufactured_by,NeoTech,neotech headphones lite 23|manufactured_by|neotech,1,[0.98],True,0,0.735,0.735,0.88,False,0.735,False,False,"[""product_23""]","[""structured""]","[""structured_row:NeoTech Headphones Lite 23""]",0,600,candidate
DEC029_NO_FEEDBACK,train_kb,conservative_noisy_or_conflict_adjusted,4,NeoTech Headphones Lite 23,belongs_to_category,headphones,neotech headphones lite 23|belongs_to_category|headphones,1,[0.98],True,0,0.735,0.735,0.88,False,0.735,False,False,"[""product_23""]","[""structured""]","[""structured_row:NeoTech Headphones Lite 23""]",1,600,candidate
DEC029_NO_FEEDBACK,train_kb,conservative_noisy_or_conflict_adjusted,4,NeoTech Headphones Lite 23,has_price_usd,1299,neotech headphones lite 23|has_price_usd|1299,1,[0.98],True,0,0.735,0.735,0.88,False,0.735,False,False,"[""product_23""]","[""structured""]","[""structured_row:NeoTech Headphones Lite 23""]",1,600,candidate
DEC029_NO_FEEDBACK,train_kb,conservative_noisy_or_conflict_adjusted,4,NeoTech Headphones Lite 23,has_screen_size_inch,6.1,neotech headphones lite 23|has_screen_size_inch|6.1,1,[0.98],True,0,0.735,0.735,0.88,False,0.735,False,False,"[""product_23""]","[""structured""]","[""structured_row:NeoTech Headphones Lite 23""]",0,600,candidate
DEC029_NO_FEEDBACK,train_kb,conservative_noisy_or_conflict_adjusted,4,NeoTech Headphones Lite 23,has_ram_gb,16,neotech headphones lite 23|has_ram_gb|16,1,[0.98],True,0,0.735,0.735,0.88,False,0.735,False,False,"[""product_23""]","[""structured""]","[""structured_row:NeoTech Headphones Lite 23""]",1,600,candidate
DEC029_NO_FEEDBACK,train_kb,conservative_noisy_or_conflict_adjusted,4,NeoTech Headphones Lite 23,has_storage_gb,128,neotech headphones lite 23|has_storage_gb|128,1,[0.98],True,0,0.735,0.735,0.88,False,0.735,False,False,"[""product_23""]","[""structured""]","[""structured_row:NeoTech Headphones Lite 23""]",1,600,candidate
DEC029_NO_FEEDBACK,train_kb,conservative_noisy_or_conflict_adjusted,4,NeoTech Headphones Lite 23,has_battery_life_hours,10,neotech headphones lite 23|has_battery_life_hours|10,1,[0.98],True,0,0.735,0.735,0.88,False,0.735,False,False,"[""product_23""]","[""structured""]","[""structured_row:NeoTech Headphones Lite 23""]",1,600,candidate
DEC029_NO_FEEDBACK,train_kb,conservative_noisy_or_conflict_adjusted,4,NeoTech Headphones Lite 23,has_weight_kg,0.18,neotech headphones lite 23|has_weight_kg|0.18,1,[0.98],True,0,0.735,0.735,0.88,False,0.735,False,False,"[""product_23""]","[""structured""]","[""structured_row:NeoTech Headphones Lite 23""]",0,600,candidate
DEC029_NO_FEEDBACK,train_kb,conservative_noisy_or_conflict_adjusted,4,NeoTech Headphones Lite 23,has_color,silver,neotech headphones lite 23|has_color|silver,1,[0.98],False,0,0.735,0.735,0.88,False,0.735,False,False,"[""product_23""]","[""structured""]","[""structured_row:NeoTech Headphones Lite 23""]",1,600,candidate
DEC029_NO_FEEDBACK,train_kb,conservative_noisy_or_conflict_adjusted,4,NeoTech Headphones Lite 23,made_of_material,carbon fiber,neotech headphones lite 23|made_of_material|carbon fiber,1,[0.98],True,0,0.735,0.735,0.88,False,0.735,False,False,"[""product_23""]","[""structured""]","[""structured_row:NeoTech Headphones Lite 23""]",0,600,candidate
DEC029_NO_FEEDBACK,train_kb,conservative_noisy_or_conflict_adjusted,4,NeoTech Headphones Lite 23,target_market_region,US,neotech headphones lite 23|target_market_region|us,1,[0.98],True,0,0.735,0.735,0.88,False,0.735,False,False,"[""product_23""]","[""structured""]","[""structured_row:NeoTech Headphones Lite 23""]",0,600,candidate
DEC029_NO_FEEDBACK,train_kb,conservative_noisy_or_conflict_adjusted,4,NeoTech Headphones Lite 23,supports_fast_charging,yes,neotech headphones lite 23|supports_fast_charging|yes,1,[0.98],True,0,0.735,0.735,0.88,False,0.735,False,False,"[""product_23""]","[""structured""]","[""structured_row:NeoTech Headphones Lite 23""]",1,600,candidate
DEC029_NO_FEEDBACK,train_kb,conservative_noisy_or_conflict_adjusted,4,NeoTech Headphones Lite 23,has_noise_cancellation,no,neotech headphones lite 23|has_noise_cancellation|no,1,[0.98],True,0,0.735,0.735,0.88,False,0.735,False,False,"[""product_23""]","[""structured""]","[""structured_row:NeoTech Headphones Lite 23""]",0,600,candidate
DEC029_NO_FEEDBACK,train_kb,conservative_noisy_or_conflict_adjusted,4,PixelWare Headphones Plus 25,manufactured_by,PixelWare,pixelware headphones plus 25|manufactured_by|pixelware,2,"[0.98, 0.95]",True,0,0.9238124999999999,0.9238124999999999,0.88,True,0.9238124999999999,False,False,"[""product_25"", ""product_25""]","[""structured"", ""unstructured""]","[""structured_row:PixelWare Headphones Plus 25"", ""PixelWare Headphones Plus 25 is manufactured by PixelWare. Priced at 249 USD. Comes with 16GB of RAM. Offers 64GB of internal storage. Weighs approximately 0.42kg. Available in silver. Noise cancellation: no.""]",1,600,candidate
DEC029_NO_FEEDBACK,train_kb,conservative_noisy_or_conflict_adjusted,4,PixelWare Headphones Plus 25,belongs_to_category,headphones,pixelware headphones plus 25|belongs_to_category|headphones,1,[0.98],True,0,0.735,0.735,0.88,False,0.735,False,False,"[""product_25""]","[""structured""]","[""structured_row:PixelWare Headphones Plus 25""]",0,600,candidate
DEC029_NO_FEEDBACK,train_kb,conservative_noisy_or_conflict_adjusted,4,PixelWare Headphones Plus 25,has_price_usd,249,pixelware headphones plus 25|has_price_usd|249,2,"[0.98, 0.92]",True,0,0.91785,0.91785,0.88,True,0.91785,False,False,"[""product_25"", ""product_25""]","[""structured"", ""unstructured""]","[""structured_row:PixelWare Headphones Plus 25"", ""PixelWare Headphones Plus 25 is manufactured by PixelWare. Priced at 249 USD. Comes with 16GB of RAM. Offers 64GB of internal storage. Weighs approximately 0.42kg. Available in silver. Noise cancellation: no.""]",1,600,candidate
DEC029_NO_FEEDBACK,train_kb,conservative_noisy_or_conflict_adjusted,4,PixelWare Headphones Plus 25,has_screen_size_inch,14.0,pixelware headphones plus 25|has_screen_size_inch|14.0,1,[0.98],True,0,0.735,0.735,0.88,False,0.735,False,False,"[""product_25""]","[""structured""]","[""structured_row:PixelWare Headphones Plus 25""]",0,600,candidate
DEC029_NO_FEEDBACK,train_kb,conservative_noisy_or_conflict_adjusted,4,PixelWare Headphones Plus 25,has_ram_gb,16,pixelware headphones plus 25|has_ram_gb|16,2,"[0.98, 0.93]",True,0,0.9198375,0.9198375,0.88,True,0.9198375,False,False,"[""product_25"", ""product_25""]","[""structured"", ""unstructured""]","[""structured_row:PixelWare Headphones Plus 25"", ""PixelWare Headphones Plus 25 is manufactured by PixelWare. Priced at 249 USD. Comes with 16GB of RAM. Offers 64GB of internal storage. Weighs approximately 0.42kg. Available in silver. Noise cancellation: no.""]",1,600,candidate
DEC029_NO_FEEDBACK,train_kb,conservative_noisy_or_conflict_adjusted,4,PixelWare Headphones Plus 25,has_storage_gb,64,pixelware headphones plus 25|has_storage_gb|64,2,"[0.98, 0.94]",True,0,0.921825,0.921825,0.88,True,0.921825,False,False,"[""product_25"", ""product_25""]","[""structured"", ""unstructured""]","[""structured_row:PixelWare Headphones Plus 25"", ""PixelWare Headphones Plus 25 is manufactured by PixelWare. Priced at 249 USD. Comes with 16GB of RAM. Offers 64GB of internal storage. Weighs approximately 0.42kg. Available in silver. Noise cancellation: no.""]",1,600,candidate
DEC029_NO_FEEDBACK,train_kb,conservative_noisy_or_conflict_adjusted,4,PixelWare Headphones Plus 25,has_battery_life_hours,24,pixelware headphones plus 25|has_battery_life_hours|24,1,[0.98],True,0,0.735,0.735,0.88,False,0.735,False,False,"[""product_25""]","[""structured""]","[""structured_row:PixelWare Headphones Plus 25""]",0,600,candidate
DEC029_NO_FEEDBACK,train_kb,conservative_noisy_or_conflict_adjusted,4,PixelWare Headphones Plus 25,has_weight_kg,0.42,pixelware headphones plus 25|has_weight_kg|0.42,2,"[0.98, 0.96]",True,0,0.9258,0.9258,0.88,True,0.9258,False,False,"[""product_25"", ""product_25""]","[""structured"", ""unstructured""]","[""structured_row:PixelWare Headphones Plus 25"", ""PixelWare Headphones Plus 25 is manufactured by PixelWare. Priced at 249 USD. Comes with 16GB of RAM. Offers 64GB of internal storage. Weighs approximately 0.42kg. Available in silver. Noise cancellation: no.""]",1,600,candidate
DEC029_NO_FEEDBACK,train_kb,conservative_noisy_or_conflict_adjusted,4,PixelWare Headphones Plus 25,has_color,silver,pixelware headphones plus 25|has_color|silver,2,"[0.98, 0.9]",False,0,0.913875,0.913875,0.88,True,0.913875,False,False,"[""product_25"", ""product_25""]","[""structured"", ""unstructured""]","[""structured_row:PixelWare Headphones Plus 25"", ""PixelWare Headphones Plus 25 is manufactured by PixelWare. Priced at 249 USD. Comes with 16GB of RAM. Offers 64GB of internal storage. Weighs approximately 0.42kg. Available in silver. Noise cancellation: no.""]",1,600,candidate
DEC029_NO_FEEDBACK,train_kb,conservative_noisy_or_conflict_adjusted,4,PixelWare Headphones Plus 25,made_of_material,plastic,pixelware headphones plus 25|made_of_material|plastic,1,[0.98],True,0,0.735,0.735,0.88,False,0.735,False,False,"[""product_25""]","[""structured""]","[""structured_row:PixelWare Headphones Plus 25""]",0,600,candidate
DEC029_NO_FEEDBACK,train_kb,conservative_noisy_or_conflict_adjusted,4,PixelWare Headphones Plus 25,target_market_region,APAC,pixelware headphones plus 25|target_market_region|apac,1,[0.98],True,0,0.735,0.735,0.88,False,0.735,False,False,"[""product_25""]","[""structured""]","[""structured_row:PixelWare Headphones Plus 25""]",0,600,candidate
DEC029_NO_FEEDBACK,train_kb,conservative_noisy_or_conflict_adjusted,4,PixelWare Headphones Plus 25,supports_fast_charging,yes,pixelware headphones plus 25|supports_fast_charging|yes,1,[0.98],True,0,0.735,0.735,0.88,False,0.735,False,False,"[""product_25""]","[""structured""]","[""structured_row:PixelWare Headphones Plus 25""]",0,600,candidate
DEC029_NO_FEEDBACK,train_kb,conservative_noisy_or_conflict_adjusted,4,PixelWare Headphones Plus 25,has_noise_cancellation,no,pixelware headphones plus 25|has_noise_cancellation|no,2,"[0.98, 0.85]",True,0,0.9039375,0.9039375,0.88,True,0.9039375,False,False,"[""product_25"", ""product_25""]","[""structured"", ""unstructured""]","[""structured_row:PixelWare Headphones Plus 25"", ""PixelWare Headphones Plus 25 is manufactured by PixelWare. Priced at 249 USD. Comes with 16GB of RAM. Offers 64GB of internal storage. Weighs approximately 0.42kg. Available in silver. Noise cancellation: no.""]",1,600,candidate
DEC029_NO_FEEDBACK,train_kb,conservative_noisy_or_conflict_adjusted,4,NeoTech Tablet Air 27,manufactured_by,NeoTech,neotech tablet air 27|manufactured_by|neotech,4,"[0.98, 0.95, 0.91, 0.8]",True,0,0.9903241875,0.9903241875,0.88,True,0.97581046875,False,False,"[""product_27"", ""product_27"", ""product_27"", ""product_27""]","[""structured"", ""unstructured"", ""unstructured"", ""unstructured""]","[""structured_row:NeoTech Tablet Air 27"", ""NeoTech Tablet Air 27 is manufactured by NeoTech. Priced at 899 USD. The display measures 6.7 inches. Offers 1024GB of internal storage. Weighs approximately 1.45kg. Built with aluminum construction. Noise cancellation: no."", ""NeoTech Tablet Air 27 is manufactured by NeoTech. Priced at 899 USD. The display measures 6.7 inches. Offers 1024GB of internal storage. Weighs approximately 1.45kg. Built with aluminum construction. Noise cancellation: no."", ""NeoTech Tablet Air 27 is manufactured by NeoTech. Priced at 899 USD. The display measures 6.7 inches. Offers 1024GB of internal storage. Weighs approximately 1.45kg. Built with aluminum construction. Noise cancellation: no.""]",1,600,candidate
DEC029_NO_FEEDBACK,train_kb,conservative_noisy_or_conflict_adjusted,4,NeoTech Tablet Air 27,belongs_to_category,tablet,neotech tablet air 27|belongs_to_category|tablet,1,[0.98],True,0,0.735,0.735,0.88,False,0.735,False,False,"[""product_27""]","[""structured""]","[""structured_row:NeoTech Tablet Air 27""]",0,600,candidate
DEC029_NO_FEEDBACK,train_kb,conservative_noisy_or_conflict_adjusted,4,NeoTech Tablet Air 27,has_price_usd,899,neotech tablet air 27|has_price_usd|899,4,"[0.98, 0.95, 0.91, 0.8]",True,0,0.9903241875,0.9903241875,0.88,True,0.97581046875,False,False,"[""product_27"", ""product_27"", ""product_27"", ""product_27""]","[""structured"", ""unstructured"", ""unstructured"", ""unstructured""]","[""structured_row:NeoTech Tablet Air 27"", ""NeoTech Tablet Air 27 is manufactured by NeoTech. Priced at 899 USD. The display measures 6.7 inches. Offers 1024GB of internal storage. Weighs approximately 1.45kg. Built with aluminum construction. Noise cancellation: no."", ""NeoTech Tablet Air 27 is manufactured by NeoTech. Priced at 899 USD. The display measures 6.7 inches. Offers 1024GB of internal storage. Weighs approximately 1.45kg. Built with aluminum construction. Noise cancellation: no."", ""NeoTech Tablet Air 27 is manufactured by NeoTech. Priced at 899 USD. The display measures 6.7 inches. Offers 1024GB of internal storage. Weighs approximately 1.45kg. Built with aluminum construction. Noise cancellation: no.""]",1,600,candidate
DEC029_NO_FEEDBACK,train_kb,conservative_noisy_or_conflict_adjusted,4,NeoTech Tablet Air 27,has_screen_size_inch,6.7,neotech tablet air 27|has_screen_size_inch|6.7,4,"[0.98, 0.95, 0.91, 0.8]",True,0,0.9903241875,0.9903241875,0.88,True,0.97581046875,False,False,"[""product_27"", ""product_27"", ""product_27"", ""product_27""]","[""structured"", ""unstructured"", ""unstructured"", ""unstructured""]","[""structured_row:NeoTech Tablet Air 27"", ""NeoTech Tablet Air 27 is manufactured by NeoTech. Priced at 899 USD. The display measures 6.7 inches. Offers 1024GB of internal storage. Weighs approximately 1.45kg. Built with aluminum construction. Noise cancellation: no."", ""NeoTech Tablet Air 27 is manufactured by NeoTech. Priced at 899 USD. The display measures 6.7 inches. Offers 1024GB of internal storage. Weighs approximately 1.45kg. Built with aluminum construction. Noise cancellation: no."", ""NeoTech Tablet Air 27 is manufactured by NeoTech. Priced at 899 USD. The display measures 6.7 inches. Offers 1024GB of internal storage. Weighs approximately 1.45kg. Built with aluminum construction. Noise cancellation: no.""]",1,600,candidate
DEC029_NO_FEEDBACK,train_kb,conservative_noisy_or_conflict_adjusted,4,NeoTech Tablet Air 27,has_ram_gb,4,neotech tablet air 27|has_ram_gb|4,1,[0.98],True,0,0.735,0.735,0.88,False,0.735,False,False,"[""product_27""]","[""structured""]","[""structured_row:NeoTech Tablet Air 27""]",0,600,candidate
DEC029_NO_FEEDBACK,train_kb,conservative_noisy_or_conflict_adjusted,4,NeoTech Tablet Air 27,has_storage_gb,1024,neotech tablet air 27|has_storage_gb|1024,5,"[0.98, 0.95, 0.91, 0.91, 0.8]",True,0,0.99692792953125,0.99692792953125,0.88,True,0.992319823828125,False,False,"[""product_27"", ""product_27"", ""product_27"", ""product_45"", ""product_27""]","[""structured"", ""unstructured"", ""unstructured"", ""unstructured"", ""unstructured""]","[""structured_row:NeoTech Tablet Air 27"", ""NeoTech Tablet Air 27 is manufactured by NeoTech. Priced at 899 USD. The display measures 6.7 inches. Offers 1024GB of internal storage. Weighs approximately 1.45kg. Built with aluminum construction. Noise cancellation: no."", ""NeoTech Tablet Air 27 is manufactured by NeoTech. Priced at 899 USD. The display measures 6.7 inches. Offers 1024GB of internal storage. Weighs approximately 1.45kg. Built with aluminum construction. Noise cancellation: no."", ""It is a tablet device. Offers 1024GB of internal storage. Battery lasts up to 18 hours. Weighs approximately 0.23kg. Available in blue. Targeted at the Global market. Fast charging is no."", ""NeoTech Tablet Air 27 is manufactured by NeoTech. Priced at 899 USD. The display measures 6.7 inches. Offers 1024GB of internal storage. Weighs approximately 1.45kg. Built with aluminum construction. Noise cancellation: no.""]",1,600,candidate
DEC029_NO_FEEDBACK,train_kb,conservative_noisy_or_conflict_adjusted,4,NeoTech Tablet Air 27,has_battery_life_hours,14,neotech tablet air 27|has_battery_life_hours|14,1,[0.98],True,1,0.735,0.3675,0.88,False,0.3675,False,False,"[""product_27""]","[""structured""]","[""structured_row:NeoTech Tablet Air 27""]",0,600,candidate
DEC029_NO_FEEDBACK,train_kb,conservative_noisy_or_conflict_adjusted,4,NeoTech Tablet Air 27,has_weight_kg,1.45,neotech tablet air 27|has_weight_kg|1.45,4,"[0.98, 0.95, 0.91, 0.8]",True,1,0.9903241875,0.49516209375,0.88,False,0.487905234375,False,False,"[""product_27"", ""product_27"", ""product_27"", ""product_27""]","[""structured"", ""unstructured"", ""unstructured"", ""unstructured""]","[""structured_row:NeoTech Tablet Air 27"", ""NeoTech Tablet Air 27 is manufactured by NeoTech. Priced at 899 USD. The display measures 6.7 inches. Offers 1024GB of internal storage. Weighs approximately 1.45kg. Built with aluminum construction. Noise cancellation: no."", ""NeoTech Tablet Air 27 is manufactured by NeoTech. Priced at 899 USD. The display measures 6.7 inches. Offers 1024GB of internal storage. Weighs approximately 1.45kg. Built with aluminum construction. Noise cancellation: no."", ""NeoTech Tablet Air 27 is manufactured by NeoTech. Priced at 899 USD. The display measures 6.7 inches. Offers 1024GB of internal storage. Weighs approximately 1.45kg. Built with aluminum construction. Noise cancellation: no.""]",1,600,candidate
DEC029_NO_FEEDBACK,train_kb,conservative_noisy_or_conflict_adjusted,4,NeoTech Tablet Air 27,has_color,black,neotech tablet air 27|has_color|black,1,[0.98],False,1,0.735,0.735,0.88,False,0.735,False,False,"[""product_27""]","[""structured""]","[""structured_row:NeoTech Tablet Air 27""]",0,600,candidate
DEC029_NO_FEEDBACK,train_kb,conservative_noisy_or_conflict_adjusted,4,NeoTech Tablet Air 27,made_of_material,aluminum,neotech tablet air 27|made_of_material|aluminum,4,"[0.98, 0.95, 0.91, 0.8]",True,0,0.9903241875,0.9903241875,0.88,True,0.97581046875,False,False,"[""product_27"", ""product_27"", ""product_27"", ""product_27""]","[""structured"", ""unstructured"", ""unstructured"", ""unstructured""]","[""structured_row:NeoTech Tablet Air 27"", ""NeoTech Tablet Air 27 is manufactured by NeoTech. Priced at 899 USD. The display measures 6.7 inches. Offers 1024GB of internal storage. Weighs approximately 1.45kg. Built with aluminum construction. Noise cancellation: no."", ""NeoTech Tablet Air 27 is manufactured by NeoTech. Priced at 899 USD. The display measures 6.7 inches. Offers 1024GB of internal storage. Weighs approximately 1.45kg. Built with aluminum construction. Noise cancellation: no."", ""NeoTech Tablet Air 27 is manufactured by NeoTech. Priced at 899 USD. The display measures 6.7 inches. Offers 1024GB of internal storage. Weighs approximately 1.45kg. Built with aluminum construction. Noise cancellation: no.""]",1,600,candidate
DEC029_NO_FEEDBACK,train_kb,conservative_noisy_or_conflict_adjusted,4,NeoTech Tablet Air 27,target_market_region,US,neotech tablet air 27|target_market_region|us,1,[0.98],True,1,0.735,0.3675,0.88,False,0.3675,False,False,"[""product_27""]","[""structured""]","[""structured_row:NeoTech Tablet Air 27""]",0,600,candidate
DEC029_NO_FEEDBACK,train_kb,conservative_noisy_or_conflict_adjusted,4,NeoTech Tablet Air 27,supports_fast_charging,yes,neotech tablet air 27|supports_fast_charging|yes,1,[0.98],True,1,0.735,0.3675,0.88,False,0.3675,False,False,"[""product_27""]","[""structured""]","[""structured_row:NeoTech Tablet Air 27""]",0,600,candidate
DEC029_NO_FEEDBACK,train_kb,conservative_noisy_or_conflict_adjusted,4,NeoTech Tablet Air 27,has_noise_cancellation,no,neotech tablet air 27|has_noise_cancellation|no,4,"[0.98, 0.95, 0.91, 0.8]",True,0,0.9903241875,0.9903241875,0.88,True,0.97581046875,False,False,"[""product_27"", ""product_27"", ""product_27"", ""product_27""]","[""structured"", ""unstructured"", ""unstructured"", ""unstructured""]","[""structured_row:NeoTech Tablet Air 27"", ""NeoTech Tablet Air 27 is manufactured by NeoTech. Priced at 899 USD. The display measures 6.7 inches. Offers 1024GB of internal storage. Weighs approximately 1.45kg. Built with aluminum construction. Noise cancellation: no."", ""NeoTech Tablet Air 27 is manufactured by NeoTech. Priced at 899 USD. The display measures 6.7 inches. Offers 1024GB of internal storage. Weighs approximately 1.45kg. Built with aluminum construction. Noise cancellation: no."", ""NeoTech Tablet Air 27 is manufactured by NeoTech. Priced at 899 USD. The display measures 6.7 inches. Offers 1024GB of internal storage. Weighs approximately 1.45kg. Built with aluminum construction. Noise cancellation: no.""]",1,600,candidate
DEC029_NO_FEEDBACK,train_kb,conservative_noisy_or_conflict_adjusted,4,Zenbyte Smartphone Plus 28,manufactured_by,Zenbyte,zenbyte smartphone plus 28|manufactured_by|zenbyte,3,"[0.98, 0.95, 0.92]",True,0,0.976381875,0.976381875,0.88,True,0.9238124999999999,False,False,"[""product_28"", ""product_28"", ""product_28""]","[""structured"", ""unstructured"", ""unstructured""]","[""structured_row:Zenbyte Smartphone Plus 28"", ""Zenbyte Smartphone Plus 28 is manufactured by Zenbyte. It is a smartphone device. Priced at 199 USD. Battery lasts up to 10 hours. Weighs approximately 0.23kg. Built with plastic construction. Fast charging is no."", ""Zenbyte Smartphone Plus 28 is manufactured by Zenbyte. It is a smartphone device. Priced at 199 USD. Battery lasts up to 10 hours. Weighs approximately 0.23kg. Built with plastic construction. Fast charging is no.""]",1,600,candidate
DEC029_NO_FEEDBACK,train_kb,conservative_noisy_or_conflict_adjusted,4,Zenbyte Smartphone Plus 28,belongs_to_category,smartphone,zenbyte smartphone plus 28|belongs_to_category|smartphone,1,[0.98],True,0,0.735,0.735,0.88,False,0.735,False,False,"[""product_28""]","[""structured""]","[""structured_row:Zenbyte Smartphone Plus 28""]",1,600,candidate
DEC029_NO_FEEDBACK,train_kb,conservative_noisy_or_conflict_adjusted,4,Zenbyte Smartphone Plus 28,has_price_usd,199,zenbyte smartphone plus 28|has_price_usd|199,2,"[0.98, 0.93]",True,0,0.9198375,0.9198375,0.88,True,0.735,True,False,"[""product_28"", ""product_28""]","[""structured"", ""unstructured""]","[""structured_row:Zenbyte Smartphone Plus 28"", ""Zenbyte Smartphone Plus 28 is manufactured by Zenbyte. It is a smartphone device. Priced at 199 USD. Battery lasts up to 10 hours. Weighs approximately 0.23kg. Built with plastic construction. Fast charging is no.""]",1,600,candidate
DEC029_NO_FEEDBACK,train_kb,conservative_noisy_or_conflict_adjusted,4,Zenbyte Smartphone Plus 28,has_screen_size_inch,6.7,zenbyte smartphone plus 28|has_screen_size_inch|6.7,1,[0.98],True,0,0.735,0.735,0.88,False,0.735,False,False,"[""product_28""]","[""structured""]","[""structured_row:Zenbyte Smartphone Plus 28""]",0,600,candidate
DEC029_NO_FEEDBACK,train_kb,conservative_noisy_or_conflict_adjusted,4,Zenbyte Smartphone Plus 28,has_ram_gb,16,zenbyte smartphone plus 28|has_ram_gb|16,1,[0.98],True,0,0.735,0.735,0.88,False,0.735,False,False,"[""product_28""]","[""structured""]","[""structured_row:Zenbyte Smartphone Plus 28""]",0,600,candidate
DEC029_NO_FEEDBACK,train_kb,conservative_noisy_or_conflict_adjusted,4,Zenbyte Smartphone Plus 28,has_storage_gb,1024,zenbyte smartphone plus 28|has_storage_gb|1024,1,[0.98],True,0,0.735,0.735,0.88,False,0.735,False,False,"[""product_28""]","[""structured""]","[""structured_row:Zenbyte Smartphone Plus 28""]",0,600,candidate
DEC029_NO_FEEDBACK,train_kb,conservative_noisy_or_conflict_adjusted,4,Zenbyte Smartphone Plus 28,has_battery_life_hours,10,zenbyte smartphone plus 28|has_battery_life_hours|10,2,"[0.98, 0.94]",True,0,0.921825,0.921825,0.88,True,0.735,True,False,"[""product_28"", ""product_28""]","[""structured"", ""unstructured""]","[""structured_row:Zenbyte Smartphone Plus 28"", ""Zenbyte Smartphone Plus 28 is manufactured by Zenbyte. It is a smartphone device. Priced at 199 USD. Battery lasts up to 10 hours. Weighs approximately 0.23kg. Built with plastic construction. Fast charging is no.""]",1,600,candidate
DEC029_NO_FEEDBACK,train_kb,conservative_noisy_or_conflict_adjusted,4,Zenbyte Smartphone Plus 28,has_weight_kg,0.23,zenbyte smartphone plus 28|has_weight_kg|0.23,2,"[0.98, 0.95]",True,0,0.9238124999999999,0.9238124999999999,0.88,True,0.735,True,False,"[""product_28"", ""product_28""]","[""structured"", ""unstructured""]","[""structured_row:Zenbyte Smartphone Plus 28"", ""Zenbyte Smartphone Plus 28 is manufactured by Zenbyte. It is a smartphone device. Priced at 199 USD. Battery lasts up to 10 hours. Weighs approximately 0.23kg. Built with plastic construction. Fast charging is no.""]",1,600,candidate
DEC029_NO_FEEDBACK,train_kb,conservative_noisy_or_conflict_adjusted,4,Zenbyte Smartphone Plus 28,has_color,blue,zenbyte smartphone plus 28|has_color|blue,1,[0.98],False,0,0.735,0.735,0.88,False,0.735,False,False,"[""product_28""]","[""structured""]","[""structured_row:Zenbyte Smartphone Plus 28""]",0,600,candidate
DEC029_NO_FEEDBACK,train_kb,conservative_noisy_or_conflict_adjusted,4,Zenbyte Smartphone Plus 28,made_of_material,plastic,zenbyte smartphone plus 28|made_of_material|plastic,2,"[0.98, 0.96]",True,0,0.9258,0.9258,0.88,True,0.735,True,False,"[""product_28"", ""product_28""]","[""structured"", ""unstructured""]","[""structured_row:Zenbyte Smartphone Plus 28"", ""Zenbyte Smartphone Plus 28 is manufactured by Zenbyte. It is a smartphone device. Priced at 199 USD. Battery lasts up to 10 hours. Weighs approximately 0.23kg. Built with plastic construction. Fast charging is no.""]",1,600,candidate
DEC029_NO_FEEDBACK,train_kb,conservative_noisy_or_conflict_adjusted,4,Zenbyte Smartphone Plus 28,target_market_region,Global,zenbyte smartphone plus 28|target_market_region|global,1,[0.98],True,0,0.735,0.735,0.88,False,0.735,False,False,"[""product_28""]","[""structured""]","[""structured_row:Zenbyte Smartphone Plus 28""]",0,600,candidate
DEC029_NO_FEEDBACK,train_kb,conservative_noisy_or_conflict_adjusted,4,Zenbyte Smartphone Plus 28,supports_fast_charging,no,zenbyte smartphone plus 28|supports_fast_charging|no,1,[0.98],True,0,0.735,0.735,0.88,False,0.735,False,False,"[""product_28""]","[""structured""]","[""structured_row:Zenbyte Smartphone Plus 28""]",1,600,candidate
DEC029_NO_FEEDBACK,train_kb,conservative_noisy_or_conflict_adjusted,4,Zenbyte Smartphone Plus 28,has_noise_cancellation,no,zenbyte smartphone plus 28|has_noise_cancellation|no,1,[0.98],True,0,0.735,0.735,0.88,False,0.735,False,False,"[""product_28""]","[""structured""]","[""structured_row:Zenbyte Smartphone Plus 28""]",0,600,candidate
DEC029_NO_FEEDBACK,train_kb,conservative_noisy_or_conflict_adjusted,4,PixelWare Smartwatch Max 29,manufactured_by,PixelWare,pixelware smartwatch max 29|manufactured_by|pixelware,2,"[0.98, 0.95]",True,0,0.9238124999999999,0.9238124999999999,0.88,True,0.9238124999999999,False,False,"[""product_29"", ""product_29""]","[""structured"", ""unstructured""]","[""structured_row:PixelWare Smartwatch Max 29"", ""PixelWare Smartwatch Max 29 is manufactured by PixelWare. It is a smartwatch device. Priced at 499 USD. Battery lasts up to 12 hours. Targeted at the Global market. Fast charging is yes. Noise cancellation: no.""]",1,600,candidate
DEC029_NO_FEEDBACK,train_kb,conservative_noisy_or_conflict_adjusted,4,PixelWare Smartwatch Max 29,belongs_to_category,smartwatch,pixelware smartwatch max 29|belongs_to_category|smartwatch,1,[0.98],True,0,0.735,0.735,0.88,False,0.735,False,False,"[""product_29""]","[""structured""]","[""structured_row:PixelWare Smartwatch Max 29""]",1,600,candidate
DEC029_NO_FEEDBACK,train_kb,conservative_noisy_or_conflict_adjusted,4,PixelWare Smartwatch Max 29,has_price_usd,499,pixelware smartwatch max 29|has_price_usd|499,2,"[0.98, 0.92]",True,0,0.91785,0.91785,0.88,True,0.91785,False,False,"[""product_29"", ""product_29""]","[""structured"", ""unstructured""]","[""structured_row:PixelWare Smartwatch Max 29"", ""PixelWare Smartwatch Max 29 is manufactured by PixelWare. It is a smartwatch device. Priced at 499 USD. Battery lasts up to 12 hours. Targeted at the Global market. Fast charging is yes. Noise cancellation: no.""]",1,600,candidate
DEC029_NO_FEEDBACK,train_kb,conservative_noisy_or_conflict_adjusted,4,PixelWare Smartwatch Max 29,has_screen_size_inch,10.9,pixelware smartwatch max 29|has_screen_size_inch|10.9,1,[0.98],True,0,0.735,0.735,0.88,False,0.735,False,False,"[""product_29""]","[""structured""]","[""structured_row:PixelWare Smartwatch Max 29""]",0,600,candidate
DEC029_NO_FEEDBACK,train_kb,conservative_noisy_or_conflict_adjusted,4,PixelWare Smartwatch Max 29,has_ram_gb,4,pixelware smartwatch max 29|has_ram_gb|4,1,[0.98],True,0,0.735,0.735,0.88,False,0.735,False,False,"[""product_29""]","[""structured""]","[""structured_row:PixelWare Smartwatch Max 29""]",0,600,candidate
DEC029_NO_FEEDBACK,train_kb,conservative_noisy_or_conflict_adjusted,4,PixelWare Smartwatch Max 29,has_storage_gb,1024,pixelware smartwatch max 29|has_storage_gb|1024,1,[0.98],True,0,0.735,0.735,0.88,False,0.735,False,False,"[""product_29""]","[""structured""]","[""structured_row:PixelWare Smartwatch Max 29""]",0,600,candidate
DEC029_NO_FEEDBACK,train_kb,conservative_noisy_or_conflict_adjusted,4,PixelWare Smartwatch Max 29,has_battery_life_hours,12,pixelware smartwatch max 29|has_battery_life_hours|12,2,"[0.98, 0.9]",True,0,0.913875,0.913875,0.88,True,0.913875,False,False,"[""product_29"", ""product_29""]","[""structured"", ""unstructured""]","[""structured_row:PixelWare Smartwatch Max 29"", ""PixelWare Smartwatch Max 29 is manufactured by PixelWare. It is a smartwatch device. Priced at 499 USD. Battery lasts up to 12 hours. Targeted at the Global market. Fast charging is yes. Noise cancellation: no.""]",1,600,candidate
DEC029_NO_FEEDBACK,train_kb,conservative_noisy_or_conflict_adjusted,4,PixelWare Smartwatch Max 29,has_weight_kg,1.2,pixelware smartwatch max 29|has_weight_kg|1.2,1,[0.98],True,0,0.735,0.735,0.88,False,0.735,False,False,"[""product_29""]","[""structured""]","[""structured_row:PixelWare Smartwatch Max 29""]",0,600,candidate
DEC029_NO_FEEDBACK,train_kb,conservative_noisy_or_conflict_adjusted,4,PixelWare Smartwatch Max 29,has_color,silver,pixelware smartwatch max 29|has_color|silver,1,[0.98],False,0,0.735,0.735,0.88,False,0.735,False,False,"[""product_29""]","[""structured""]","[""structured_row:PixelWare Smartwatch Max 29""]",0,600,candidate
DEC029_NO_FEEDBACK,train_kb,conservative_noisy_or_conflict_adjusted,4,PixelWare Smartwatch Max 29,made_of_material,plastic,pixelware smartwatch max 29|made_of_material|plastic,1,[0.98],True,0,0.735,0.735,0.88,False,0.735,False,False,"[""product_29""]","[""structured""]","[""structured_row:PixelWare Smartwatch Max 29""]",0,600,candidate
DEC029_NO_FEEDBACK,train_kb,conservative_noisy_or_conflict_adjusted,4,PixelWare Smartwatch Max 29,target_market_region,Global,pixelware smartwatch max 29|target_market_region|global,2,"[0.98, 0.88]",True,0,0.9099,0.9099,0.88,True,0.9099,False,False,"[""product_29"", ""product_29""]","[""structured"", ""unstructured""]","[""structured_row:PixelWare Smartwatch Max 29"", ""PixelWare Smartwatch Max 29 is manufactured by PixelWare. It is a smartwatch device. Priced at 499 USD. Battery lasts up to 12 hours. Targeted at the Global market. Fast charging is yes. Noise cancellation: no.""]",1,600,candidate
DEC029_NO_FEEDBACK,train_kb,conservative_noisy_or_conflict_adjusted,4,PixelWare Smartwatch Max 29,supports_fast_charging,yes,pixelware smartwatch max 29|supports_fast_charging|yes,2,"[0.98, 0.85]",True,0,0.9039375,0.9039375,0.88,True,0.9039375,False,False,"[""product_29"", ""product_29""]","[""structured"", ""unstructured""]","[""structured_row:PixelWare Smartwatch Max 29"", ""PixelWare Smartwatch Max 29 is manufactured by PixelWare. It is a smartwatch device. Priced at 499 USD. Battery lasts up to 12 hours. Targeted at the Global market. Fast charging is yes. Noise cancellation: no.""]",1,600,candidate
DEC029_NO_FEEDBACK,train_kb,conservative_noisy_or_conflict_adjusted,4,PixelWare Smartwatch Max 29,has_noise_cancellation,no,pixelware smartwatch max 29|has_noise_cancellation|no,2,"[0.98, 0.83]",True,0,0.8999625,0.8999625,0.88,True,0.8999625,False,False,"[""product_29"", ""product_29""]","[""structured"", ""unstructured""]","[""structured_row:PixelWare Smartwatch Max 29"", ""PixelWare Smartwatch Max 29 is manufactured by PixelWare. It is a smartwatch device. Priced at 499 USD. Battery lasts up to 12 hours. Targeted at the Global market. Fast charging is yes. Noise cancellation: no.""]",1,600,candidate
DEC029_NO_FEEDBACK,train_kb,conservative_noisy_or_conflict_adjusted,4,Auralex Smartphone Lite 30,manufactured_by,Auralex,auralex smartphone lite 30|manufactured_by|auralex,1,[0.98],True,0,0.735,0.735,0.88,False,0.735,False,False,"[""product_30""]","[""structured""]","[""structured_row:Auralex Smartphone Lite 30""]",0,600,candidate
DEC029_NO_FEEDBACK,train_kb,conservative_noisy_or_conflict_adjusted,4,Auralex Smartphone Lite 30,belongs_to_category,smartphone,auralex smartphone lite 30|belongs_to_category|smartphone,1,[0.98],True,0,0.735,0.735,0.88,False,0.735,False,False,"[""product_30""]","[""structured""]","[""structured_row:Auralex Smartphone Lite 30""]",1,600,candidate
DEC029_NO_FEEDBACK,train_kb,conservative_noisy_or_conflict_adjusted,4,Auralex Smartphone Lite 30,has_price_usd,699,auralex smartphone lite 30|has_price_usd|699,1,[0.98],True,0,0.735,0.735,0.88,False,0.735,False,False,"[""product_30""]","[""structured""]","[""structured_row:Auralex Smartphone Lite 30""]",1,600,candidate
DEC029_NO_FEEDBACK,train_kb,conservative_noisy_or_conflict_adjusted,4,Auralex Smartphone Lite 30,has_screen_size_inch,6.1,auralex smartphone lite 30|has_screen_size_inch|6.1,1,[0.98],True,0,0.735,0.735,0.88,False,0.735,False,False,"[""product_30""]","[""structured""]","[""structured_row:Auralex Smartphone Lite 30""]",0,600,candidate
DEC029_NO_FEEDBACK,train_kb,conservative_noisy_or_conflict_adjusted,4,Auralex Smartphone Lite 30,has_ram_gb,12,auralex smartphone lite 30|has_ram_gb|12,1,[0.98],True,0,0.735,0.735,0.88,False,0.735,False,False,"[""product_30""]","[""structured""]","[""structured_row:Auralex Smartphone Lite 30""]",1,600,candidate
DEC029_NO_FEEDBACK,train_kb,conservative_noisy_or_conflict_adjusted,4,Auralex Smartphone Lite 30,has_storage_gb,256,auralex smartphone lite 30|has_storage_gb|256,1,[0.98],True,0,0.735,0.735,0.88,False,0.735,False,False,"[""product_30""]","[""structured""]","[""structured_row:Auralex Smartphone Lite 30""]",0,600,candidate
DEC029_NO_FEEDBACK,train_kb,conservative_noisy_or_conflict_adjusted,4,Auralex Smartphone Lite 30,has_battery_life_hours,14,auralex smartphone lite 30|has_battery_life_hours|14,1,[0.98],True,0,0.735,0.735,0.88,False,0.735,False,False,"[""product_30""]","[""structured""]","[""structured_row:Auralex Smartphone Lite 30""]",1,600,candidate
DEC029_NO_FEEDBACK,train_kb,conservative_noisy_or_conflict_adjusted,4,Auralex Smartphone Lite 30,has_weight_kg,0.18,auralex smartphone lite 30|has_weight_kg|0.18,1,[0.98],True,0,0.735,0.735,0.88,False,0.735,False,False,"[""product_30""]","[""structured""]","[""structured_row:Auralex Smartphone Lite 30""]",1,600,candidate
DEC029_NO_FEEDBACK,train_kb,conservative_noisy_or_conflict_adjusted,4,Auralex Smartphone Lite 30,has_color,green,auralex smartphone lite 30|has_color|green,1,[0.98],False,0,0.735,0.735,0.88,False,0.735,False,False,"[""product_30""]","[""structured""]","[""structured_row:Auralex Smartphone Lite 30""]",0,600,candidate
DEC029_NO_FEEDBACK,train_kb,conservative_noisy_or_conflict_adjusted,4,Auralex Smartphone Lite 30,made_of_material,carbon fiber,auralex smartphone lite 30|made_of_material|carbon fiber,1,[0.98],True,0,0.735,0.735,0.88,False,0.735,False,False,"[""product_30""]","[""structured""]","[""structured_row:Auralex Smartphone Lite 30""]",0,600,candidate
DEC029_NO_FEEDBACK,train_kb,conservative_noisy_or_conflict_adjusted,4,Auralex Smartphone Lite 30,target_market_region,EU,auralex smartphone lite 30|target_market_region|eu,1,[0.98],True,0,0.735,0.735,0.88,False,0.735,False,False,"[""product_30""]","[""structured""]","[""structured_row:Auralex Smartphone Lite 30""]",1,600,candidate
DEC029_NO_FEEDBACK,train_kb,conservative_noisy_or_conflict_adjusted,4,Auralex Smartphone Lite 30,supports_fast_charging,yes,auralex smartphone lite 30|supports_fast_charging|yes,1,[0.98],True,0,0.735,0.735,0.88,False,0.735,False,False,"[""product_30""]","[""structured""]","[""structured_row:Auralex Smartphone Lite 30""]",0,600,candidate
DEC029_NO_FEEDBACK,train_kb,conservative_noisy_or_conflict_adjusted,4,Auralex Smartphone Lite 30,has_noise_cancellation,no,auralex smartphone lite 30|has_noise_cancellation|no,1,[0.98],True,0,0.735,0.735,0.88,False,0.735,False,False,"[""product_30""]","[""structured""]","[""structured_row:Auralex Smartphone Lite 30""]",1,600,candidate
DEC029_NO_FEEDBACK,train_kb,conservative_noisy_or_conflict_adjusted,4,TechNova Smartphone Pro 1,has_price_usd,699,technova smartphone pro 1|has_price_usd|699,6,"[0.95, 0.91, 0.91, 0.91, 0.91, 0.91]",True,1,0.9990724090620593,0.49953620453102965,0.88,False,0.49539913974609373,False,False,"[""product_30"", ""product_30"", ""product_34"", ""product_30"", ""product_30"", ""product_34""]","[""unstructured"", ""unstructured"", ""unstructured"", ""unstructured"", ""unstructured"", ""unstructured""]","[""It is a smartphone device. Priced at 699 USD. Comes with 12GB of RAM. Battery lasts up to 14 hours. Weighs approximately 0.18kg. Targeted at the EU market. Noise cancellation: no."", ""It is a smartphone device. Priced at 699 USD. Comes with 12GB of RAM. Battery lasts up to 14 hours. Weighs approximately 0.18kg. Targeted at the EU market. Noise cancellation: no."", ""Priced at 699 USD. Offers 256GB of internal storage. Weighs approximately 0.18kg. Available in black. Targeted at the APAC market. Fast charging is yes. Noise cancellation: no."", ""It is a smartphone device. Priced at 699 USD. Comes with 12GB of RAM. Battery lasts up to 14 hours. Weighs approximately 0.18kg. Targeted at the EU market. Noise cancellation: no."", ""It is a smartphone device. Priced at 699 USD. Comes with 12GB of RAM. Battery lasts up to 14 hours. Weighs approximately 0.18kg. Targeted at the EU market. Noise cancellation: no."", ""Priced at 699 USD. Offers 256GB of internal storage. Weighs approximately 0.18kg. Available in black. Targeted at the APAC market. Fast charging is yes. Noise cancellation: no.""]",0,600,candidate
DEC029_NO_FEEDBACK,train_kb,conservative_noisy_or_conflict_adjusted,4,TechNova Smartphone Pro 1,has_weight_kg,0.18,technova smartphone pro 1|has_weight_kg|0.18,12,"[0.94, 0.95, 0.91, 0.91, 0.91, 0.91, 0.91, 0.91, 0.91, 0.92, 0.91, 0.91]",True,2,0.9999991379843998,0.3333330459947999,0.88,False,0.4999565597568876,False,False,"[""product_30"", ""product_31"", ""product_36"", ""product_30"", ""product_31"", ""product_34"", ""product_30"", ""product_31"", ""product_30"", ""product_31"", ""product_34"", ""product_36""]","[""unstructured"", ""unstructured"", ""unstructured"", ""unstructured"", ""unstructured"", ""unstructured"", ""unstructured"", ""unstructured"", ""unstructured"", ""unstructured"", ""unstructured"", ""unstructured""]","[""It is a smartphone device. Priced at 699 USD. Comes with 12GB of RAM. Battery lasts up to 14 hours. Weighs approximately 0.18kg. Targeted at the EU market. Noise cancellation: no."", ""Comes with 6GB of RAM. Offers 64GB of internal storage. Battery lasts up to 10 hours. Weighs approximately 0.18kg. Available in blue. Fast charging is yes. Noise cancellation: no."", ""It is a smartwatch device. Comes with 8GB of RAM. Battery lasts up to 18 hours. Weighs approximately 0.18kg. Available in green. Targeted at the APAC market. Fast charging is no."", ""It is a smartphone device. Priced at 699 USD. Comes with 12GB of RAM. Battery lasts up to 14 hours. Weighs approximately 0.18kg. Targeted at the EU market. Noise cancellation: no."", ""Comes with 6GB of RAM. Offers 64GB of internal storage. Battery lasts up to 10 hours. Weighs approximately 0.18kg. Available in blue. Fast charging is yes. Noise cancellation: no."", ""Priced at 699 USD. Offers 256GB of internal storage. Weighs approximately 0.18kg. Available in black. Targeted at the APAC market. Fast charging is yes. Noise cancellation: no."", ""It is a smartphone device. Priced at 699 USD. Comes with 12GB of RAM. Battery lasts up to 14 hours. Weighs approximately 0.18kg. Targeted at the EU market. Noise cancellation: no."", ""Comes with 6GB of RAM. Offers 64GB of internal storage. Battery lasts up to 10 hours. Weighs approximately 0.18kg. Available in blue. Fast charging is yes. Noise cancellation: no."", ""It is a smartphone device. Priced at 699 USD. Comes with 12GB of RAM. Battery lasts up to 14 hours. Weighs approximately 0.18kg. Targeted at the EU market. Noise cancellation: no."", ""Comes with 6GB of RAM. Offers 64GB of internal storage. Battery lasts up to 10 hours. Weighs approximately 0.18kg. Available in blue. Fast charging is yes. Noise cancellation: no."", ""Priced at 699 USD. Offers 256GB of internal storage. Weighs approximately 0.18kg. Available in black. Targeted at the APAC market. Fast charging is yes. Noise cancellation: no."", ""It is a smartwatch device. Comes with 8GB of RAM. Battery lasts up to 18 hours. Weighs approximately 0.18kg. Available in green. Targeted at the APAC market. Fast charging is no.""]",0,600,candidate
DEC029_NO_FEEDBACK,train_kb,conservative_noisy_or_conflict_adjusted,4,TechNova Smartphone Pro 1,target_market_region,EU,technova smartphone pro 1|target_market_region|eu,7,"[0.9, 0.91, 0.91, 0.91, 0.91, 0.91, 0.91]",True,3,0.9996670755133609,0.24991676887834022,0.88,False,0.24917434562182617,False,False,"[""product_30"", ""product_20"", ""product_30"", ""product_20"", ""product_30"", ""product_20"", ""product_30""]","[""unstructured"", ""unstructured"", ""unstructured"", ""unstructured"", ""unstructured"", ""unstructured"", ""unstructured""]","[""It is a smartphone device. Priced at 699 USD. Comes with 12GB of RAM. Battery lasts up to 14 hours. Weighs approximately 0.18kg. Targeted at the EU market. Noise cancellation: no."", ""Comes with 32GB of RAM. Offers 256GB of internal storage. Battery lasts up to 12 hours. Available in white. Targeted at the EU market. Fast charging is yes. Noise cancellation: no."", ""It is a smartphone device. Priced at 699 USD. Comes with 12GB of RAM. Battery lasts up to 14 hours. Weighs approximately 0.18kg. Targeted at the EU market. Noise cancellation: no."", ""Comes with 32GB of RAM. Offers 256GB of internal storage. Battery lasts up to 12 hours. Available in white. Targeted at the EU market. Fast charging is yes. Noise cancellation: no."", ""It is a smartphone device. Priced at 699 USD. Comes with 12GB of RAM. Battery lasts up to 14 hours. Weighs approximately 0.18kg. Targeted at the EU market. Noise cancellation: no."", ""Comes with 32GB of RAM. Offers 256GB of internal storage. Battery lasts up to 12 hours. Available in white. Targeted at the EU market. Fast charging is yes. Noise cancellation: no."", ""It is a smartphone device. Priced at 699 USD. Comes with 12GB of RAM. Battery lasts up to 14 hours. Weighs approximately 0.18kg. Targeted at the EU market. Noise cancellation: no.""]",0,600,candidate
DEC029_NO_FEEDBACK,train_kb,conservative_noisy_or_conflict_adjusted,4,TechNova Smartphone Plus 31,manufactured_by,TechNova,technova smartphone plus 31|manufactured_by|technova,1,[0.98],True,0,0.735,0.735,0.88,False,0.735,False,False,"[""product_31""]","[""structured""]","[""structured_row:TechNova Smartphone Plus 31""]",0,600,candidate
DEC029_NO_FEEDBACK,train_kb,conservative_noisy_or_conflict_adjusted,4,TechNova Smartphone Plus 31,belongs_to_category,smartphone,technova smartphone plus 31|belongs_to_category|smartphone,1,[0.98],True,0,0.735,0.735,0.88,False,0.735,False,False,"[""product_31""]","[""structured""]","[""structured_row:TechNova Smartphone Plus 31""]",0,600,candidate
DEC029_NO_FEEDBACK,train_kb,conservative_noisy_or_conflict_adjusted,4,TechNova Smartphone Plus 31,has_price_usd,349,technova smartphone plus 31|has_price_usd|349,1,[0.98],True,0,0.735,0.735,0.88,False,0.735,False,False,"[""product_31""]","[""structured""]","[""structured_row:TechNova Smartphone Plus 31""]",0,600,candidate
DEC029_NO_FEEDBACK,train_kb,conservative_noisy_or_conflict_adjusted,4,TechNova Smartphone Plus 31,has_screen_size_inch,15.6,technova smartphone plus 31|has_screen_size_inch|15.6,1,[0.98],True,0,0.735,0.735,0.88,False,0.735,False,False,"[""product_31""]","[""structured""]","[""structured_row:TechNova Smartphone Plus 31""]",0,600,candidate
DEC029_NO_FEEDBACK,train_kb,conservative_noisy_or_conflict_adjusted,4,TechNova Smartphone Plus 31,has_ram_gb,6,technova smartphone plus 31|has_ram_gb|6,1,[0.98],True,0,0.735,0.735,0.88,False,0.735,False,False,"[""product_31""]","[""structured""]","[""structured_row:TechNova Smartphone Plus 31""]",1,600,candidate
DEC029_NO_FEEDBACK,train_kb,conservative_noisy_or_conflict_adjusted,4,TechNova Smartphone Plus 31,has_storage_gb,64,technova smartphone plus 31|has_storage_gb|64,1,[0.98],True,0,0.735,0.735,0.88,False,0.735,False,False,"[""product_31""]","[""structured""]","[""structured_row:TechNova Smartphone Plus 31""]",1,600,candidate
DEC029_NO_FEEDBACK,train_kb,conservative_noisy_or_conflict_adjusted,4,TechNova Smartphone Plus 31,has_battery_life_hours,10,technova smartphone plus 31|has_battery_life_hours|10,1,[0.98],True,0,0.735,0.735,0.88,False,0.735,False,False,"[""product_31""]","[""structured""]","[""structured_row:TechNova Smartphone Plus 31""]",1,600,candidate
DEC029_NO_FEEDBACK,train_kb,conservative_noisy_or_conflict_adjusted,4,TechNova Smartphone Plus 31,has_weight_kg,0.18,technova smartphone plus 31|has_weight_kg|0.18,1,[0.98],True,0,0.735,0.735,0.88,False,0.735,False,False,"[""product_31""]","[""structured""]","[""structured_row:TechNova Smartphone Plus 31""]",1,600,candidate
DEC029_NO_FEEDBACK,train_kb,conservative_noisy_or_conflict_adjusted,4,TechNova Smartphone Plus 31,has_color,blue,technova smartphone plus 31|has_color|blue,1,[0.98],False,0,0.735,0.735,0.88,False,0.735,False,False,"[""product_31""]","[""structured""]","[""structured_row:TechNova Smartphone Plus 31""]",1,600,candidate
DEC029_NO_FEEDBACK,train_kb,conservative_noisy_or_conflict_adjusted,4,TechNova Smartphone Plus 31,made_of_material,aluminum,technova smartphone plus 31|made_of_material|aluminum,1,[0.98],True,0,0.735,0.735,0.88,False,0.735,False,False,"[""product_31""]","[""structured""]","[""structured_row:TechNova Smartphone Plus 31""]",0,600,candidate
DEC029_NO_FEEDBACK,train_kb,conservative_noisy_or_conflict_adjusted,4,TechNova Smartphone Plus 31,target_market_region,Global,technova smartphone plus 31|target_market_region|global,1,[0.98],True,0,0.735,0.735,0.88,False,0.735,False,False,"[""product_31""]","[""structured""]","[""structured_row:TechNova Smartphone Plus 31""]",0,600,candidate
DEC029_NO_FEEDBACK,train_kb,conservative_noisy_or_conflict_adjusted,4,TechNova Smartphone Plus 31,supports_fast_charging,yes,technova smartphone plus 31|supports_fast_charging|yes,1,[0.98],True,0,0.735,0.735,0.88,False,0.735,False,False,"[""product_31""]","[""structured""]","[""structured_row:TechNova Smartphone Plus 31""]",1,600,candidate
DEC029_NO_FEEDBACK,train_kb,conservative_noisy_or_conflict_adjusted,4,TechNova Smartphone Plus 31,has_noise_cancellation,no,technova smartphone plus 31|has_noise_cancellation|no,1,[0.98],True,0,0.735,0.735,0.88,False,0.735,False,False,"[""product_31""]","[""structured""]","[""structured_row:TechNova Smartphone Plus 31""]",1,600,candidate
DEC029_NO_FEEDBACK,train_kb,conservative_noisy_or_conflict_adjusted,4,TechNova Smartphone Pro 1,has_ram_gb,6,technova smartphone pro 1|has_ram_gb|6,4,"[0.95, 0.91, 0.91, 0.92]",True,3,0.99101564296875,0.2477539107421875,0.88,False,0.24275455078125,False,False,"[""product_31"", ""product_31"", ""product_31"", ""product_31""]","[""unstructured"", ""unstructured"", ""unstructured"", ""unstructured""]","[""Comes with 6GB of RAM. Offers 64GB of internal storage. Battery lasts up to 10 hours. Weighs approximately 0.18kg. Available in blue. Fast charging is yes. Noise cancellation: no."", ""Comes with 6GB of RAM. Offers 64GB of internal storage. Battery lasts up to 10 hours. Weighs approximately 0.18kg. Available in blue. Fast charging is yes. Noise cancellation: no."", ""Comes with 6GB of RAM. Offers 64GB of internal storage. Battery lasts up to 10 hours. Weighs approximately 0.18kg. Available in blue. Fast charging is yes. Noise cancellation: no."", ""Comes with 6GB of RAM. Offers 64GB of internal storage. Battery lasts up to 10 hours. Weighs approximately 0.18kg. Available in blue. Fast charging is yes. Noise cancellation: no.""]",0,600,candidate
DEC029_NO_FEEDBACK,train_kb,conservative_noisy_or_conflict_adjusted,4,TechNova Smartphone Pro 1,has_storage_gb,64,technova smartphone pro 1|has_storage_gb|64,4,"[0.95, 0.91, 0.91, 0.92]",True,2,0.99101564296875,0.33033854765625,0.88,False,0.323672734375,False,False,"[""product_31"", ""product_31"", ""product_31"", ""product_31""]","[""unstructured"", ""unstructured"", ""unstructured"", ""unstructured""]","[""Comes with 6GB of RAM. Offers 64GB of internal storage. Battery lasts up to 10 hours. Weighs approximately 0.18kg. Available in blue. Fast charging is yes. Noise cancellation: no."", ""Comes with 6GB of RAM. Offers 64GB of internal storage. Battery lasts up to 10 hours. Weighs approximately 0.18kg. Available in blue. Fast charging is yes. Noise cancellation: no."", ""Comes with 6GB of RAM. Offers 64GB of internal storage. Battery lasts up to 10 hours. Weighs approximately 0.18kg. Available in blue. Fast charging is yes. Noise cancellation: no."", ""Comes with 6GB of RAM. Offers 64GB of internal storage. Battery lasts up to 10 hours. Weighs approximately 0.18kg. Available in blue. Fast charging is yes. Noise cancellation: no.""]",0,600,candidate
DEC029_NO_FEEDBACK,train_kb,conservative_noisy_or_conflict_adjusted,4,TechNova Smartphone Pro 1,has_battery_life_hours,10,technova smartphone pro 1|has_battery_life_hours|10,5,"[0.95, 0.91, 0.91, 0.91, 0.92]",True,4,0.9971474666425781,0.19942949332851562,0.88,False,0.194203640625,False,False,"[""product_31"", ""product_31"", ""product_31"", ""product_16"", ""product_31""]","[""unstructured"", ""unstructured"", ""unstructured"", ""unstructured"", ""unstructured""]","[""Comes with 6GB of RAM. Offers 64GB of internal storage. Battery lasts up to 10 hours. Weighs approximately 0.18kg. Available in blue. Fast charging is yes. Noise cancellation: no."", ""Comes with 6GB of RAM. Offers 64GB of internal storage. Battery lasts up to 10 hours. Weighs approximately 0.18kg. Available in blue. Fast charging is yes. Noise cancellation: no."", ""Comes with 6GB of RAM. Offers 64GB of internal storage. Battery lasts up to 10 hours. Weighs approximately 0.18kg. Available in blue. Fast charging is yes. Noise cancellation: no."", ""NeoTech Smartphone Pro 16 is manufactured by NeoTech. It is a smartphone device. Comes with 32GB of RAM. Battery lasts up to 10 hours. Weighs approximately 0.23kg. Targeted at the US market. Fast charging is no."", ""Comes with 6GB of RAM. Offers 64GB of internal storage. Battery lasts up to 10 hours. Weighs approximately 0.18kg. Available in blue. Fast charging is yes. Noise cancellation: no.""]",0,600,candidate
DEC029_NO_FEEDBACK,train_kb,conservative_noisy_or_conflict_adjusted,4,TechNova Smartphone Pro 1,has_color,blue,technova smartphone pro 1|has_color|blue,3,"[0.95, 0.91, 0.91]",False,3,0.971018203125,0.971018203125,0.88,True,0.971018203125,False,False,"[""product_31"", ""product_31"", ""product_31""]","[""unstructured"", ""unstructured"", ""unstructured""]","[""Comes with 6GB of RAM. Offers 64GB of internal storage. Battery lasts up to 10 hours. Weighs approximately 0.18kg. Available in blue. Fast charging is yes. Noise cancellation: no."", ""Comes with 6GB of RAM. Offers 64GB of internal storage. Battery lasts up to 10 hours. Weighs approximately 0.18kg. Available in blue. Fast charging is yes. Noise cancellation: no."", ""Comes with 6GB of RAM. Offers 64GB of internal storage. Battery lasts up to 10 hours. Weighs approximately 0.18kg. Available in blue. Fast charging is yes. Noise cancellation: no.""]",0,600,candidate
DEC029_NO_FEEDBACK,train_kb,conservative_noisy_or_conflict_adjusted,4,TechNova Smartphone Pro 1,supports_fast_charging,yes,technova smartphone pro 1|supports_fast_charging|yes,9,"[0.95, 0.91, 0.91, 0.91, 0.91, 0.91, 0.91, 0.92, 0.91]",True,1,0.9999710128411637,0.49998550642058187,0.88,False,0.49953620453102965,False,False,"[""product_31"", ""product_20"", ""product_31"", ""product_34"", ""product_20"", ""product_31"", ""product_20"", ""product_31"", ""product_34""]","[""unstructured"", ""unstructured"", ""unstructured"", ""unstructured"", ""unstructured"", ""unstructured"", ""unstructured"", ""unstructured"", ""unstructured""]","[""Comes with 6GB of RAM. Offers 64GB of internal storage. Battery lasts up to 10 hours. Weighs approximately 0.18kg. Available in blue. Fast charging is yes. Noise cancellation: no."", ""Comes with 32GB of RAM. Offers 256GB of internal storage. Battery lasts up to 12 hours. Available in white. Targeted at the EU market. Fast charging is yes. Noise cancellation: no."", ""Comes with 6GB of RAM. Offers 64GB of internal storage. Battery lasts up to 10 hours. Weighs approximately 0.18kg. Available in blue. Fast charging is yes. Noise cancellation: no."", ""Priced at 699 USD. Offers 256GB of internal storage. Weighs approximately 0.18kg. Available in black. Targeted at the APAC market. Fast charging is yes. Noise cancellation: no."", ""Comes with 32GB of RAM. Offers 256GB of internal storage. Battery lasts up to 12 hours. Available in white. Targeted at the EU market. Fast charging is yes. Noise cancellation: no."", ""Comes with 6GB of RAM. Offers 64GB of internal storage. Battery lasts up to 10 hours. Weighs approximately 0.18kg. Available in blue. Fast charging is yes. Noise cancellation: no."", ""Comes with 32GB of RAM. Offers 256GB of internal storage. Battery lasts up to 12 hours. Available in white. Targeted at the EU market. Fast charging is yes. Noise cancellation: no."", ""Comes with 6GB of RAM. Offers 64GB of internal storage. Battery lasts up to 10 hours. Weighs approximately 0.18kg. Available in blue. Fast charging is yes. Noise cancellation: no."", ""Priced at 699 USD. Offers 256GB of internal storage. Weighs approximately 0.18kg. Available in black. Targeted at the APAC market. Fast charging is yes. Noise cancellation: no.""]",0,600,candidate
DEC029_NO_FEEDBACK,train_kb,conservative_noisy_or_conflict_adjusted,4,VoltEdge Laptop Max 32,manufactured_by,VoltEdge,voltedge laptop max 32|manufactured_by|voltedge,4,"[0.98, 0.95, 0.91, 0.91]",True,0,0.992319823828125,0.992319823828125,0.88,True,0.992319823828125,False,False,"[""product_32"", ""product_32"", ""product_32"", ""product_32""]","[""structured"", ""unstructured"", ""unstructured"", ""unstructured""]","[""structured_row:VoltEdge Laptop Max 32"", ""VoltEdge Laptop Max 32 is manufactured by VoltEdge. It is a laptop device. Comes with 16GB of RAM. Battery lasts up to 14 hours. Weighs approximately 1.8kg. Targeted at the Global market. Noise cancellation: no."", ""VoltEdge Laptop Max 32 is manufactured by VoltEdge. It is a laptop device. Comes with 16GB of RAM. Battery lasts up to 14 hours. Weighs approximately 1.8kg. Targeted at the Global market. Noise cancellation: no."", ""VoltEdge Laptop Max 32 is manufactured by VoltEdge. It is a laptop device. Comes with 16GB of RAM. Battery lasts up to 14 hours. Weighs approximately 1.8kg. Targeted at the Global market. Noise cancellation: no.""]",1,600,candidate
DEC029_NO_FEEDBACK,train_kb,conservative_noisy_or_conflict_adjusted,4,VoltEdge Laptop Max 32,belongs_to_category,laptop,voltedge laptop max 32|belongs_to_category|laptop,1,[0.98],True,1,0.735,0.3675,0.88,False,0.3675,False,False,"[""product_32""]","[""structured""]","[""structured_row:VoltEdge Laptop Max 32""]",1,600,candidate
DEC029_NO_FEEDBACK,train_kb,conservative_noisy_or_conflict_adjusted,4,VoltEdge Laptop Max 32,has_price_usd,249,voltedge laptop max 32|has_price_usd|249,1,[0.98],True,0,0.735,0.735,0.88,False,0.735,False,False,"[""product_32""]","[""structured""]","[""structured_row:VoltEdge Laptop Max 32""]",0,600,candidate
DEC029_NO_FEEDBACK,train_kb,conservative_noisy_or_conflict_adjusted,4,VoltEdge Laptop Max 32,has_screen_size_inch,10.9,voltedge laptop max 32|has_screen_size_inch|10.9,1,[0.98],True,0,0.735,0.735,0.88,False,0.735,False,False,"[""product_32""]","[""structured""]","[""structured_row:VoltEdge Laptop Max 32""]",0,600,candidate
DEC029_NO_FEEDBACK,train_kb,conservative_noisy_or_conflict_adjusted,4,VoltEdge Laptop Max 32,has_ram_gb,16,voltedge laptop max 32|has_ram_gb|16,4,"[0.98, 0.92, 0.91, 0.91]",True,0,0.9917187665625,0.9917187665625,0.88,True,0.9917187665625,False,False,"[""product_32"", ""product_32"", ""product_32"", ""product_32""]","[""structured"", ""unstructured"", ""unstructured"", ""unstructured""]","[""structured_row:VoltEdge Laptop Max 32"", ""VoltEdge Laptop Max 32 is manufactured by VoltEdge. It is a laptop device. Comes with 16GB of RAM. Battery lasts up to 14 hours. Weighs approximately 1.8kg. Targeted at the Global market. Noise cancellation: no."", ""VoltEdge Laptop Max 32 is manufactured by VoltEdge. It is a laptop device. Comes with 16GB of RAM. Battery lasts up to 14 hours. Weighs approximately 1.8kg. Targeted at the Global market. Noise cancellation: no."", ""VoltEdge Laptop Max 32 is manufactured by VoltEdge. It is a laptop device. Comes with 16GB of RAM. Battery lasts up to 14 hours. Weighs approximately 1.8kg. Targeted at the Global market. Noise cancellation: no.""]",1,600,candidate
DEC029_NO_FEEDBACK,train_kb,conservative_noisy_or_conflict_adjusted,4,VoltEdge Laptop Max 32,has_storage_gb,256,voltedge laptop max 32|has_storage_gb|256,1,[0.98],True,0,0.735,0.735,0.88,False,0.735,False,False,"[""product_32""]","[""structured""]","[""structured_row:VoltEdge Laptop Max 32""]",0,600,candidate
DEC029_NO_FEEDBACK,train_kb,conservative_noisy_or_conflict_adjusted,4,VoltEdge Laptop Max 32,has_battery_life_hours,14,voltedge laptop max 32|has_battery_life_hours|14,4,"[0.98, 0.93, 0.91, 0.91]",True,0,0.991919118984375,0.991919118984375,0.88,True,0.991919118984375,False,False,"[""product_32"", ""product_32"", ""product_32"", ""product_32""]","[""structured"", ""unstructured"", ""unstructured"", ""unstructured""]","[""structured_row:VoltEdge Laptop Max 32"", ""VoltEdge Laptop Max 32 is manufactured by VoltEdge. It is a laptop device. Comes with 16GB of RAM. Battery lasts up to 14 hours. Weighs approximately 1.8kg. Targeted at the Global market. Noise cancellation: no."", ""VoltEdge Laptop Max 32 is manufactured by VoltEdge. It is a laptop device. Comes with 16GB of RAM. Battery lasts up to 14 hours. Weighs approximately 1.8kg. Targeted at the Global market. Noise cancellation: no."", ""VoltEdge Laptop Max 32 is manufactured by VoltEdge. It is a laptop device. Comes with 16GB of RAM. Battery lasts up to 14 hours. Weighs approximately 1.8kg. Targeted at the Global market. Noise cancellation: no.""]",1,600,candidate
DEC029_NO_FEEDBACK,train_kb,conservative_noisy_or_conflict_adjusted,4,VoltEdge Laptop Max 32,has_weight_kg,1.8,voltedge laptop max 32|has_weight_kg|1.8,4,"[0.98, 0.94, 0.91, 0.91]",True,0,0.99211947140625,0.99211947140625,0.88,True,0.99211947140625,False,False,"[""product_32"", ""product_32"", ""product_32"", ""product_32""]","[""structured"", ""unstructured"", ""unstructured"", ""unstructured""]","[""structured_row:VoltEdge Laptop Max 32"", ""VoltEdge Laptop Max 32 is manufactured by VoltEdge. It is a laptop device. Comes with 16GB of RAM. Battery lasts up to 14 hours. Weighs approximately 1.8kg. Targeted at the Global market. Noise cancellation: no."", ""VoltEdge Laptop Max 32 is manufactured by VoltEdge. It is a laptop device. Comes with 16GB of RAM. Battery lasts up to 14 hours. Weighs approximately 1.8kg. Targeted at the Global market. Noise cancellation: no."", ""VoltEdge Laptop Max 32 is manufactured by VoltEdge. It is a laptop device. Comes with 16GB of RAM. Battery lasts up to 14 hours. Weighs approximately 1.8kg. Targeted at the Global market. Noise cancellation: no.""]",1,600,candidate
DEC029_NO_FEEDBACK,train_kb,conservative_noisy_or_conflict_adjusted,4,VoltEdge Laptop Max 32,has_color,white,voltedge laptop max 32|has_color|white,1,[0.98],False,0,0.735,0.735,0.88,False,0.735,False,False,"[""product_32""]","[""structured""]","[""structured_row:VoltEdge Laptop Max 32""]",0,600,candidate
DEC029_NO_FEEDBACK,train_kb,conservative_noisy_or_conflict_adjusted,4,VoltEdge Laptop Max 32,made_of_material,plastic,voltedge laptop max 32|made_of_material|plastic,1,[0.98],True,0,0.735,0.735,0.88,False,0.735,False,False,"[""product_32""]","[""structured""]","[""structured_row:VoltEdge Laptop Max 32""]",0,600,candidate
DEC029_NO_FEEDBACK,train_kb,conservative_noisy_or_conflict_adjusted,4,VoltEdge Laptop Max 32,target_market_region,Global,voltedge laptop max 32|target_market_region|global,4,"[0.98, 0.9, 0.91, 0.91]",True,0,0.99131806171875,0.99131806171875,0.88,True,0.99131806171875,False,False,"[""product_32"", ""product_32"", ""product_32"", ""product_32""]","[""structured"", ""unstructured"", ""unstructured"", ""unstructured""]","[""structured_row:VoltEdge Laptop Max 32"", ""VoltEdge Laptop Max 32 is manufactured by VoltEdge. It is a laptop device. Comes with 16GB of RAM. Battery lasts up to 14 hours. Weighs approximately 1.8kg. Targeted at the Global market. Noise cancellation: no."", ""VoltEdge Laptop Max 32 is manufactured by VoltEdge. It is a laptop device. Comes with 16GB of RAM. Battery lasts up to 14 hours. Weighs approximately 1.8kg. Targeted at the Global market. Noise cancellation: no."", ""VoltEdge Laptop Max 32 is manufactured by VoltEdge. It is a laptop device. Comes with 16GB of RAM. Battery lasts up to 14 hours. Weighs approximately 1.8kg. Targeted at the Global market. Noise cancellation: no.""]",1,600,candidate
DEC029_NO_FEEDBACK,train_kb,conservative_noisy_or_conflict_adjusted,4,VoltEdge Laptop Max 32,supports_fast_charging,no,voltedge laptop max 32|supports_fast_charging|no,1,[0.98],True,0,0.735,0.735,0.88,False,0.735,False,False,"[""product_32""]","[""structured""]","[""structured_row:VoltEdge Laptop Max 32""]",0,600,candidate
DEC029_NO_FEEDBACK,train_kb,conservative_noisy_or_conflict_adjusted,4,VoltEdge Laptop Max 32,has_noise_cancellation,no,voltedge laptop max 32|has_noise_cancellation|no,4,"[0.98, 0.88, 0.91, 0.91]",True,0,0.990917356875,0.990917356875,0.88,True,0.990917356875,False,False,"[""product_32"", ""product_32"", ""product_32"", ""product_32""]","[""structured"", ""unstructured"", ""unstructured"", ""unstructured""]","[""structured_row:VoltEdge Laptop Max 32"", ""VoltEdge Laptop Max 32 is manufactured by VoltEdge. It is a laptop device. Comes with 16GB of RAM. Battery lasts up to 14 hours. Weighs approximately 1.8kg. Targeted at the Global market. Noise cancellation: no."", ""VoltEdge Laptop Max 32 is manufactured by VoltEdge. It is a laptop device. Comes with 16GB of RAM. Battery lasts up to 14 hours. Weighs approximately 1.8kg. Targeted at the Global market. Noise cancellation: no."", ""VoltEdge Laptop Max 32 is manufactured by VoltEdge. It is a laptop device. Comes with 16GB of RAM. Battery lasts up to 14 hours. Weighs approximately 1.8kg. Targeted at the Global market. Noise cancellation: no.""]",1,600,candidate
DEC029_NO_FEEDBACK,train_kb,conservative_noisy_or_conflict_adjusted,4,PixelWare Smartwatch Air 34,manufactured_by,PixelWare,pixelware smartwatch air 34|manufactured_by|pixelware,1,[0.98],True,0,0.735,0.735,0.88,False,0.735,False,False,"[""product_34""]","[""structured""]","[""structured_row:PixelWare Smartwatch Air 34""]",0,600,candidate
DEC029_NO_FEEDBACK,train_kb,conservative_noisy_or_conflict_adjusted,4,PixelWare Smartwatch Air 34,belongs_to_category,smartwatch,pixelware smartwatch air 34|belongs_to_category|smartwatch,1,[0.98],True,0,0.735,0.735,0.88,False,0.735,False,False,"[""product_34""]","[""structured""]","[""structured_row:PixelWare Smartwatch Air 34""]",0,600,candidate
DEC029_NO_FEEDBACK,train_kb,conservative_noisy_or_conflict_adjusted,4,PixelWare Smartwatch Air 34,has_price_usd,699,pixelware smartwatch air 34|has_price_usd|699,1,[0.98],True,0,0.735,0.735,0.88,False,0.735,False,False,"[""product_34""]","[""structured""]","[""structured_row:PixelWare Smartwatch Air 34""]",1,600,candidate
DEC029_NO_FEEDBACK,train_kb,conservative_noisy_or_conflict_adjusted,4,PixelWare Smartwatch Air 34,has_screen_size_inch,6.1,pixelware smartwatch air 34|has_screen_size_inch|6.1,1,[0.98],True,0,0.735,0.735,0.88,False,0.735,False,False,"[""product_34""]","[""structured""]","[""structured_row:PixelWare Smartwatch Air 34""]",0,600,candidate
DEC029_NO_FEEDBACK,train_kb,conservative_noisy_or_conflict_adjusted,4,PixelWare Smartwatch Air 34,has_ram_gb,8,pixelware smartwatch air 34|has_ram_gb|8,1,[0.98],True,0,0.735,0.735,0.88,False,0.735,False,False,"[""product_34""]","[""structured""]","[""structured_row:PixelWare Smartwatch Air 34""]",0,600,candidate
DEC029_NO_FEEDBACK,train_kb,conservative_noisy_or_conflict_adjusted,4,PixelWare Smartwatch Air 34,has_storage_gb,256,pixelware smartwatch air 34|has_storage_gb|256,1,[0.98],True,0,0.735,0.735,0.88,False,0.735,False,False,"[""product_34""]","[""structured""]","[""structured_row:PixelWare Smartwatch Air 34""]",1,600,candidate
DEC029_NO_FEEDBACK,train_kb,conservative_noisy_or_conflict_adjusted,4,PixelWare Smartwatch Air 34,has_battery_life_hours,14,pixelware smartwatch air 34|has_battery_life_hours|14,1,[0.98],True,0,0.735,0.735,0.88,False,0.735,False,False,"[""product_34""]","[""structured""]","[""structured_row:PixelWare Smartwatch Air 34""]",0,600,candidate
DEC029_NO_FEEDBACK,train_kb,conservative_noisy_or_conflict_adjusted,4,PixelWare Smartwatch Air 34,has_weight_kg,0.18,pixelware smartwatch air 34|has_weight_kg|0.18,1,[0.98],True,0,0.735,0.735,0.88,False,0.735,False,False,"[""product_34""]","[""structured""]","[""structured_row:PixelWare Smartwatch Air 34""]",1,600,candidate
DEC029_NO_FEEDBACK,train_kb,conservative_noisy_or_conflict_adjusted,4,PixelWare Smartwatch Air 34,has_color,black,pixelware smartwatch air 34|has_color|black,1,[0.98],False,0,0.735,0.735,0.88,False,0.735,False,False,"[""product_34""]","[""structured""]","[""structured_row:PixelWare Smartwatch Air 34""]",1,600,candidate
DEC029_NO_FEEDBACK,train_kb,conservative_noisy_or_conflict_adjusted,4,PixelWare Smartwatch Air 34,made_of_material,plastic,pixelware smartwatch air 34|made_of_material|plastic,1,[0.98],True,0,0.735,0.735,0.88,False,0.735,False,False,"[""product_34""]","[""structured""]","[""structured_row:PixelWare Smartwatch Air 34""]",0,600,candidate
DEC029_NO_FEEDBACK,train_kb,conservative_noisy_or_conflict_adjusted,4,PixelWare Smartwatch Air 34,target_market_region,APAC,pixelware smartwatch air 34|target_market_region|apac,1,[0.98],True,0,0.735,0.735,0.88,False,0.735,False,False,"[""product_34""]","[""structured""]","[""structured_row:PixelWare Smartwatch Air 34""]",1,600,candidate
DEC029_NO_FEEDBACK,train_kb,conservative_noisy_or_conflict_adjusted,4,PixelWare Smartwatch Air 34,supports_fast_charging,yes,pixelware smartwatch air 34|supports_fast_charging|yes,1,[0.98],True,0,0.735,0.735,0.88,False,0.735,False,False,"[""product_34""]","[""structured""]","[""structured_row:PixelWare Smartwatch Air 34""]",1,600,candidate
DEC029_NO_FEEDBACK,train_kb,conservative_noisy_or_conflict_adjusted,4,PixelWare Smartwatch Air 34,has_noise_cancellation,no,pixelware smartwatch air 34|has_noise_cancellation|no,1,[0.98],True,0,0.735,0.735,0.88,False,0.735,False,False,"[""product_34""]","[""structured""]","[""structured_row:PixelWare Smartwatch Air 34""]",1,600,candidate
DEC029_NO_FEEDBACK,train_kb,conservative_noisy_or_conflict_adjusted,4,NeoTech Smartwatch Air 36,manufactured_by,NeoTech,neotech smartwatch air 36|manufactured_by|neotech,1,[0.98],True,0,0.735,0.735,0.88,False,0.735,False,False,"[""product_36""]","[""structured""]","[""structured_row:NeoTech Smartwatch Air 36""]",0,600,candidate
DEC029_NO_FEEDBACK,train_kb,conservative_noisy_or_conflict_adjusted,4,NeoTech Smartwatch Air 36,belongs_to_category,smartwatch,neotech smartwatch air 36|belongs_to_category|smartwatch,1,[0.98],True,0,0.735,0.735,0.88,False,0.735,False,False,"[""product_36""]","[""structured""]","[""structured_row:NeoTech Smartwatch Air 36""]",1,600,candidate
DEC029_NO_FEEDBACK,train_kb,conservative_noisy_or_conflict_adjusted,4,NeoTech Smartwatch Air 36,has_price_usd,199,neotech smartwatch air 36|has_price_usd|199,1,[0.98],True,0,0.735,0.735,0.88,False,0.735,False,False,"[""product_36""]","[""structured""]","[""structured_row:NeoTech Smartwatch Air 36""]",0,600,candidate
DEC029_NO_FEEDBACK,train_kb,conservative_noisy_or_conflict_adjusted,4,NeoTech Smartwatch Air 36,has_screen_size_inch,6.7,neotech smartwatch air 36|has_screen_size_inch|6.7,1,[0.98],True,0,0.735,0.735,0.88,False,0.735,False,False,"[""product_36""]","[""structured""]","[""structured_row:NeoTech Smartwatch Air 36""]",0,600,candidate
DEC029_NO_FEEDBACK,train_kb,conservative_noisy_or_conflict_adjusted,4,NeoTech Smartwatch Air 36,has_ram_gb,8,neotech smartwatch air 36|has_ram_gb|8,1,[0.98],True,0,0.735,0.735,0.88,False,0.735,False,False,"[""product_36""]","[""structured""]","[""structured_row:NeoTech Smartwatch Air 36""]",1,600,candidate
DEC029_NO_FEEDBACK,train_kb,conservative_noisy_or_conflict_adjusted,4,NeoTech Smartwatch Air 36,has_storage_gb,512,neotech smartwatch air 36|has_storage_gb|512,1,[0.98],True,0,0.735,0.735,0.88,False,0.735,False,False,"[""product_36""]","[""structured""]","[""structured_row:NeoTech Smartwatch Air 36""]",0,600,candidate
DEC029_NO_FEEDBACK,train_kb,conservative_noisy_or_conflict_adjusted,4,NeoTech Smartwatch Air 36,has_battery_life_hours,18,neotech smartwatch air 36|has_battery_life_hours|18,1,[0.98],True,0,0.735,0.735,0.88,False,0.735,False,False,"[""product_36""]","[""structured""]","[""structured_row:NeoTech Smartwatch Air 36""]",1,600,candidate
DEC029_NO_FEEDBACK,train_kb,conservative_noisy_or_conflict_adjusted,4,NeoTech Smartwatch Air 36,has_weight_kg,0.18,neotech smartwatch air 36|has_weight_kg|0.18,1,[0.98],True,0,0.735,0.735,0.88,False,0.735,False,False,"[""product_36""]","[""structured""]","[""structured_row:NeoTech Smartwatch Air 36""]",1,600,candidate
DEC029_NO_FEEDBACK,train_kb,conservative_noisy_or_conflict_adjusted,4,NeoTech Smartwatch Air 36,has_color,green,neotech smartwatch air 36|has_color|green,1,[0.98],False,0,0.735,0.735,0.88,False,0.735,False,False,"[""product_36""]","[""structured""]","[""structured_row:NeoTech Smartwatch Air 36""]",1,600,candidate
DEC029_NO_FEEDBACK,train_kb,conservative_noisy_or_conflict_adjusted,4,NeoTech Smartwatch Air 36,made_of_material,carbon fiber,neotech smartwatch air 36|made_of_material|carbon fiber,1,[0.98],True,0,0.735,0.735,0.88,False,0.735,False,False,"[""product_36""]","[""structured""]","[""structured_row:NeoTech Smartwatch Air 36""]",0,600,candidate
DEC029_NO_FEEDBACK,train_kb,conservative_noisy_or_conflict_adjusted,4,NeoTech Smartwatch Air 36,target_market_region,APAC,neotech smartwatch air 36|target_market_region|apac,1,[0.98],True,0,0.735,0.735,0.88,False,0.735,False,False,"[""product_36""]","[""structured""]","[""structured_row:NeoTech Smartwatch Air 36""]",1,600,candidate
DEC029_NO_FEEDBACK,train_kb,conservative_noisy_or_conflict_adjusted,4,NeoTech Smartwatch Air 36,supports_fast_charging,no,neotech smartwatch air 36|supports_fast_charging|no,1,[0.98],True,0,0.735,0.735,0.88,False,0.735,False,False,"[""product_36""]","[""structured""]","[""structured_row:NeoTech Smartwatch Air 36""]",1,600,candidate
DEC029_NO_FEEDBACK,train_kb,conservative_noisy_or_conflict_adjusted,4,NeoTech Smartwatch Air 36,has_noise_cancellation,no,neotech smartwatch air 36|has_noise_cancellation|no,1,[0.98],True,0,0.735,0.735,0.88,False,0.735,False,False,"[""product_36""]","[""structured""]","[""structured_row:NeoTech Smartwatch Air 36""]",0,600,candidate
DEC029_NO_FEEDBACK,train_kb,conservative_noisy_or_conflict_adjusted,4,TechNova Smartphone Pro 1,has_ram_gb,8,technova smartphone pro 1|has_ram_gb|8,5,"[0.91, 0.91, 0.91, 0.91, 0.91]",True,3,0.9967735967375977,0.24919339918439942,0.88,False,0.24199850390625,False,False,"[""product_36"", ""product_11"", ""product_12"", ""product_16"", ""product_36""]","[""unstructured"", ""unstructured"", ""unstructured"", ""unstructured"", ""unstructured""]","[""It is a smartwatch device. Comes with 8GB of RAM. Battery lasts up to 18 hours. Weighs approximately 0.18kg. Available in green. Targeted at the APAC market. Fast charging is no."", ""It is a smartwatch device. Priced at 199 USD. The display measures 15.6 inches. Comes with 12GB of RAM. Offers 512GB of internal storage. Available in white. Noise cancellation: no."", ""Priced at 349 USD. The display measures 15.6 inches. Comes with 12GB of RAM. Battery lasts up to 8 hours. Weighs approximately 1.45kg. Available in green. Targeted at the Global market."", ""NeoTech Smartphone Pro 16 is manufactured by NeoTech. It is a smartphone device. Comes with 32GB of RAM. Battery lasts up to 10 hours. Weighs approximately 0.23kg. Targeted at the US market. Fast charging is no."", ""It is a smartwatch device. Comes with 8GB of RAM. Battery lasts up to 18 hours. Weighs approximately 0.18kg. Available in green. Targeted at the APAC market. Fast charging is no.""]",0,600,candidate
DEC029_NO_FEEDBACK,train_kb,conservative_noisy_or_conflict_adjusted,4,TechNova Smartphone Pro 1,has_battery_life_hours,18,technova smartphone pro 1|has_battery_life_hours|18,2,"[0.91, 0.91]",True,4,0.89919375,0.17983875,0.88,False,0.1365,False,False,"[""product_36"", ""product_36""]","[""unstructured"", ""unstructured""]","[""It is a smartwatch device. Comes with 8GB of RAM. Battery lasts up to 18 hours. Weighs approximately 0.18kg. Available in green. Targeted at the APAC market. Fast charging is no."", ""It is a smartwatch device. Comes with 8GB of RAM. Battery lasts up to 18 hours. Weighs approximately 0.18kg. Available in green. Targeted at the APAC market. Fast charging is no.""]",0,600,candidate
DEC029_NO_FEEDBACK,train_kb,conservative_noisy_or_conflict_adjusted,4,TechNova Smartphone Pro 1,target_market_region,APAC,technova smartphone pro 1|target_market_region|apac,4,"[0.91, 0.91, 0.91, 0.91]",True,3,0.9898380999609375,0.24745952499023438,0.88,False,0.2247984375,False,False,"[""product_36"", ""product_34"", ""product_34"", ""product_36""]","[""unstructured"", ""unstructured"", ""unstructured"", ""unstructured""]","[""It is a smartwatch device. Comes with 8GB of RAM. Battery lasts up to 18 hours. Weighs approximately 0.18kg. Available in green. Targeted at the APAC market. Fast charging is no."", ""Priced at 699 USD. Offers 256GB of internal storage. Weighs approximately 0.18kg. Available in black. Targeted at the APAC market. Fast charging is yes. Noise cancellation: no."", ""Priced at 699 USD. Offers 256GB of internal storage. Weighs approximately 0.18kg. Available in black. Targeted at the APAC market. Fast charging is yes. Noise cancellation: no."", ""It is a smartwatch device. Comes with 8GB of RAM. Battery lasts up to 18 hours. Weighs approximately 0.18kg. Available in green. Targeted at the APAC market. Fast charging is no.""]",0,600,candidate
DEC029_NO_FEEDBACK,train_kb,conservative_noisy_or_conflict_adjusted,4,Auralex Smartphone Air 37,manufactured_by,Auralex,auralex smartphone air 37|manufactured_by|auralex,2,"[0.98, 0.95]",True,0,0.9238124999999999,0.9238124999999999,0.88,True,0.735,True,False,"[""product_37"", ""product_37""]","[""structured"", ""unstructured""]","[""structured_row:Auralex Smartphone Air 37"", ""Auralex Smartphone Air 37 is manufactured by Auralex. It is a smartphone device. The display measures 6.7 inches. Offers 512GB of internal storage. Weighs approximately 1.45kg. Available in white. Noise cancellation: no.""]",1,600,candidate
DEC029_NO_FEEDBACK,train_kb,conservative_noisy_or_conflict_adjusted,4,Auralex Smartphone Air 37,belongs_to_category,smartphone,auralex smartphone air 37|belongs_to_category|smartphone,2,"[0.98, 0.95]",True,0,0.9238124999999999,0.9238124999999999,0.88,True,0.735,True,False,"[""product_37"", ""product_37""]","[""structured"", ""unstructured""]","[""structured_row:Auralex Smartphone Air 37"", ""Auralex Smartphone Air 37 is manufactured by Auralex. It is a smartphone device. The display measures 6.7 inches. Offers 512GB of internal storage. Weighs approximately 1.45kg. Available in white. Noise cancellation: no.""]",1,600,candidate
DEC029_NO_FEEDBACK,train_kb,conservative_noisy_or_conflict_adjusted,4,Auralex Smartphone Air 37,has_price_usd,349,auralex smartphone air 37|has_price_usd|349,1,[0.98],True,0,0.735,0.735,0.88,False,0.735,False,False,"[""product_37""]","[""structured""]","[""structured_row:Auralex Smartphone Air 37""]",0,600,candidate
DEC029_NO_FEEDBACK,train_kb,conservative_noisy_or_conflict_adjusted,4,Auralex Smartphone Air 37,has_screen_size_inch,6.7,auralex smartphone air 37|has_screen_size_inch|6.7,2,"[0.98, 0.95]",True,0,0.9238124999999999,0.9238124999999999,0.88,True,0.735,True,False,"[""product_37"", ""product_37""]","[""structured"", ""unstructured""]","[""structured_row:Auralex Smartphone Air 37"", ""Auralex Smartphone Air 37 is manufactured by Auralex. It is a smartphone device. The display measures 6.7 inches. Offers 512GB of internal storage. Weighs approximately 1.45kg. Available in white. Noise cancellation: no.""]",1,600,candidate
DEC029_NO_FEEDBACK,train_kb,conservative_noisy_or_conflict_adjusted,4,Auralex Smartphone Air 37,has_ram_gb,4,auralex smartphone air 37|has_ram_gb|4,1,[0.98],True,0,0.735,0.735,0.88,False,0.735,False,False,"[""product_37""]","[""structured""]","[""structured_row:Auralex Smartphone Air 37""]",0,600,candidate
DEC029_NO_FEEDBACK,train_kb,conservative_noisy_or_conflict_adjusted,4,Auralex Smartphone Air 37,has_storage_gb,512,auralex smartphone air 37|has_storage_gb|512,2,"[0.98, 0.95]",True,0,0.9238124999999999,0.9238124999999999,0.88,True,0.735,True,False,"[""product_37"", ""product_37""]","[""structured"", ""unstructured""]","[""structured_row:Auralex Smartphone Air 37"", ""Auralex Smartphone Air 37 is manufactured by Auralex. It is a smartphone device. The display measures 6.7 inches. Offers 512GB of internal storage. Weighs approximately 1.45kg. Available in white. Noise cancellation: no.""]",1,600,candidate
DEC029_NO_FEEDBACK,train_kb,conservative_noisy_or_conflict_adjusted,4,Auralex Smartphone Air 37,has_battery_life_hours,18,auralex smartphone air 37|has_battery_life_hours|18,1,[0.98],True,0,0.735,0.735,0.88,False,0.735,False,False,"[""product_37""]","[""structured""]","[""structured_row:Auralex Smartphone Air 37""]",0,600,candidate
DEC029_NO_FEEDBACK,train_kb,conservative_noisy_or_conflict_adjusted,4,Auralex Smartphone Air 37,has_weight_kg,1.45,auralex smartphone air 37|has_weight_kg|1.45,2,"[0.98, 0.95]",True,0,0.9238124999999999,0.9238124999999999,0.88,True,0.735,True,False,"[""product_37"", ""product_37""]","[""structured"", ""unstructured""]","[""structured_row:Auralex Smartphone Air 37"", ""Auralex Smartphone Air 37 is manufactured by Auralex. It is a smartphone device. The display measures 6.7 inches. Offers 512GB of internal storage. Weighs approximately 1.45kg. Available in white. Noise cancellation: no.""]",1,600,candidate
DEC029_NO_FEEDBACK,train_kb,conservative_noisy_or_conflict_adjusted,4,Auralex Smartphone Air 37,has_color,white,auralex smartphone air 37|has_color|white,2,"[0.98, 0.95]",False,0,0.9238124999999999,0.9238124999999999,0.88,True,0.735,True,False,"[""product_37"", ""product_37""]","[""structured"", ""unstructured""]","[""structured_row:Auralex Smartphone Air 37"", ""Auralex Smartphone Air 37 is manufactured by Auralex. It is a smartphone device. The display measures 6.7 inches. Offers 512GB of internal storage. Weighs approximately 1.45kg. Available in white. Noise cancellation: no.""]",1,600,candidate
DEC029_NO_FEEDBACK,train_kb,conservative_noisy_or_conflict_adjusted,4,Auralex Smartphone Air 37,made_of_material,carbon fiber,auralex smartphone air 37|made_of_material|carbon fiber,1,[0.98],True,0,0.735,0.735,0.88,False,0.735,False,False,"[""product_37""]","[""structured""]","[""structured_row:Auralex Smartphone Air 37""]",0,600,candidate
DEC029_NO_FEEDBACK,train_kb,conservative_noisy_or_conflict_adjusted,4,Auralex Smartphone Air 37,target_market_region,Global,auralex smartphone air 37|target_market_region|global,1,[0.98],True,0,0.735,0.735,0.88,False,0.735,False,False,"[""product_37""]","[""structured""]","[""structured_row:Auralex Smartphone Air 37""]",0,600,candidate
DEC029_NO_FEEDBACK,train_kb,conservative_noisy_or_conflict_adjusted,4,Auralex Smartphone Air 37,supports_fast_charging,no,auralex smartphone air 37|supports_fast_charging|no,1,[0.98],True,0,0.735,0.735,0.88,False,0.735,False,False,"[""product_37""]","[""structured""]","[""structured_row:Auralex Smartphone Air 37""]",0,600,candidate
DEC029_NO_FEEDBACK,train_kb,conservative_noisy_or_conflict_adjusted,4,Auralex Smartphone Air 37,has_noise_cancellation,no,auralex smartphone air 37|has_noise_cancellation|no,2,"[0.98, 0.95]",True,0,0.9238124999999999,0.9238124999999999,0.88,True,0.735,True,False,"[""product_37"", ""product_37""]","[""structured"", ""unstructured""]","[""structured_row:Auralex Smartphone Air 37"", ""Auralex Smartphone Air 37 is manufactured by Auralex. It is a smartphone device. The display measures 6.7 inches. Offers 512GB of internal storage. Weighs approximately 1.45kg. Available in white. Noise cancellation: no.""]",1,600,candidate
DEC029_NO_FEEDBACK,train_kb,conservative_noisy_or_conflict_adjusted,4,Zenbyte Smartwatch Air 39,manufactured_by,Zenbyte,zenbyte smartwatch air 39|manufactured_by|zenbyte,3,"[0.98, 0.95, 0.92]",True,0,0.976381875,0.976381875,0.88,True,0.976381875,False,False,"[""product_39"", ""product_39"", ""product_39""]","[""structured"", ""unstructured"", ""unstructured""]","[""structured_row:Zenbyte Smartwatch Air 39"", ""Zenbyte Smartwatch Air 39 is manufactured by Zenbyte. It is a smartwatch device. Comes with 16GB of RAM. Available in white. Built with aluminum construction. Targeted at the US market. Noise cancellation: no."", ""Zenbyte Smartwatch Air 39 is manufactured by Zenbyte. It is a smartwatch device. Comes with 16GB of RAM. Available in white. Built with aluminum construction. Targeted at the US market. Noise cancellation: no.""]",1,600,candidate
DEC029_NO_FEEDBACK,train_kb,conservative_noisy_or_conflict_adjusted,4,Zenbyte Smartwatch Air 39,belongs_to_category,smartwatch,zenbyte smartwatch air 39|belongs_to_category|smartwatch,1,[0.98],True,1,0.735,0.3675,0.88,False,0.3675,False,False,"[""product_39""]","[""structured""]","[""structured_row:Zenbyte Smartwatch Air 39""]",1,600,candidate
DEC029_NO_FEEDBACK,train_kb,conservative_noisy_or_conflict_adjusted,4,Zenbyte Smartwatch Air 39,has_price_usd,249,zenbyte smartwatch air 39|has_price_usd|249,1,[0.98],True,0,0.735,0.735,0.88,False,0.735,False,False,"[""product_39""]","[""structured""]","[""structured_row:Zenbyte Smartwatch Air 39""]",0,600,candidate
DEC029_NO_FEEDBACK,train_kb,conservative_noisy_or_conflict_adjusted,4,Zenbyte Smartwatch Air 39,has_screen_size_inch,14.0,zenbyte smartwatch air 39|has_screen_size_inch|14.0,1,[0.98],True,0,0.735,0.735,0.88,False,0.735,False,False,"[""product_39""]","[""structured""]","[""structured_row:Zenbyte Smartwatch Air 39""]",0,600,candidate
DEC029_NO_FEEDBACK,train_kb,conservative_noisy_or_conflict_adjusted,4,Zenbyte Smartwatch Air 39,has_ram_gb,16,zenbyte smartwatch air 39|has_ram_gb|16,2,"[0.98, 0.93]",True,1,0.9198375,0.45991875,0.88,False,0.45991875,False,False,"[""product_39"", ""product_39""]","[""structured"", ""unstructured""]","[""structured_row:Zenbyte Smartwatch Air 39"", ""Zenbyte Smartwatch Air 39 is manufactured by Zenbyte. It is a smartwatch device. Comes with 16GB of RAM. Available in white. Built with aluminum construction. Targeted at the US market. Noise cancellation: no.""]",1,600,candidate
DEC029_NO_FEEDBACK,train_kb,conservative_noisy_or_conflict_adjusted,4,Zenbyte Smartwatch Air 39,has_storage_gb,256,zenbyte smartwatch air 39|has_storage_gb|256,1,[0.98],True,0,0.735,0.735,0.88,False,0.735,False,False,"[""product_39""]","[""structured""]","[""structured_row:Zenbyte Smartwatch Air 39""]",0,600,candidate
DEC029_NO_FEEDBACK,train_kb,conservative_noisy_or_conflict_adjusted,4,Zenbyte Smartwatch Air 39,has_battery_life_hours,20,zenbyte smartwatch air 39|has_battery_life_hours|20,1,[0.98],True,0,0.735,0.735,0.88,False,0.735,False,False,"[""product_39""]","[""structured""]","[""structured_row:Zenbyte Smartwatch Air 39""]",0,600,candidate
DEC029_NO_FEEDBACK,train_kb,conservative_noisy_or_conflict_adjusted,4,Zenbyte Smartwatch Air 39,has_weight_kg,0.55,zenbyte smartwatch air 39|has_weight_kg|0.55,1,[0.98],True,0,0.735,0.735,0.88,False,0.735,False,False,"[""product_39""]","[""structured""]","[""structured_row:Zenbyte Smartwatch Air 39""]",0,600,candidate
DEC029_NO_FEEDBACK,train_kb,conservative_noisy_or_conflict_adjusted,4,Zenbyte Smartwatch Air 39,has_color,white,zenbyte smartwatch air 39|has_color|white,3,"[0.98, 0.94, 0.94]",False,0,0.976938375,0.976938375,0.88,True,0.976938375,False,False,"[""product_39"", ""product_39"", ""product_39""]","[""structured"", ""unstructured"", ""unstructured""]","[""structured_row:Zenbyte Smartwatch Air 39"", ""Zenbyte Smartwatch Air 39 is manufactured by Zenbyte. It is a smartwatch device. Comes with 16GB of RAM. Available in white. Built with aluminum construction. Targeted at the US market. Noise cancellation: no."", ""Zenbyte Smartwatch Air 39 is manufactured by Zenbyte. It is a smartwatch device. Comes with 16GB of RAM. Available in white. Built with aluminum construction. Targeted at the US market. Noise cancellation: no.""]",1,600,candidate
DEC029_NO_FEEDBACK,train_kb,conservative_noisy_or_conflict_adjusted,4,Zenbyte Smartwatch Air 39,made_of_material,aluminum,zenbyte smartwatch air 39|made_of_material|aluminum,2,"[0.98, 0.95]",True,1,0.9238124999999999,0.46190624999999996,0.88,False,0.46190624999999996,False,False,"[""product_39"", ""product_39""]","[""structured"", ""unstructured""]","[""structured_row:Zenbyte Smartwatch Air 39"", ""Zenbyte Smartwatch Air 39 is manufactured by Zenbyte. It is a smartwatch device. Comes with 16GB of RAM. Available in white. Built with aluminum construction. Targeted at the US market. Noise cancellation: no.""]",1,600,candidate
DEC029_NO_FEEDBACK,train_kb,conservative_noisy_or_conflict_adjusted,4,Zenbyte Smartwatch Air 39,target_market_region,US,zenbyte smartwatch air 39|target_market_region|us,1,[0.98],True,1,0.735,0.3675,0.88,False,0.3675,False,False,"[""product_39""]","[""structured""]","[""structured_row:Zenbyte Smartwatch Air 39""]",1,600,candidate
DEC029_NO_FEEDBACK,train_kb,conservative_noisy_or_conflict_adjusted,4,Zenbyte Smartwatch Air 39,supports_fast_charging,no,zenbyte smartwatch air 39|supports_fast_charging|no,2,"[0.98, 0.85]",True,0,0.9039375,0.9039375,0.88,True,0.9039375,False,False,"[""product_39"", ""product_39""]","[""structured"", ""unstructured""]","[""structured_row:Zenbyte Smartwatch Air 39"", ""Zenbyte Smartwatch Air 39 is manufactured by Zenbyte. It is a smartwatch device. Comes with 16GB of RAM. Available in white. Built with aluminum construction. Targeted at the US market. Noise cancellation: no.""]",0,600,candidate
DEC029_NO_FEEDBACK,train_kb,conservative_noisy_or_conflict_adjusted,4,Zenbyte Smartwatch Air 39,has_noise_cancellation,no,zenbyte smartwatch air 39|has_noise_cancellation|no,2,"[0.98, 0.88]",True,0,0.9099,0.9099,0.88,True,0.9099,False,False,"[""product_39"", ""product_39""]","[""structured"", ""unstructured""]","[""structured_row:Zenbyte Smartwatch Air 39"", ""Zenbyte Smartwatch Air 39 is manufactured by Zenbyte. It is a smartwatch device. Comes with 16GB of RAM. Available in white. Built with aluminum construction. Targeted at the US market. Noise cancellation: no.""]",1,600,candidate
DEC029_NO_FEEDBACK,train_kb,conservative_noisy_or_conflict_adjusted,4,Zenbyte Smartwatch Air 39,belongs_to_category,smartwatch device,zenbyte smartwatch air 39|belongs_to_category|smartwatch device,2,"[0.92, 0.91]",True,1,0.901575,0.4507875,0.88,False,0.4507875,False,False,"[""product_39"", ""product_39""]","[""unstructured"", ""unstructured""]","[""Zenbyte Smartwatch Air 39 is manufactured by Zenbyte. It is a smartwatch device. Comes with 16GB of RAM. Available in white. Built with aluminum construction. Targeted at the US market. Noise cancellation: no."", ""Zenbyte Smartwatch Air 39 is manufactured by Zenbyte. It is a smartwatch device. Comes with 16GB of RAM. Available in white. Built with aluminum construction. Targeted at the US market. Noise cancellation: no.""]",0,600,candidate
DEC029_NO_FEEDBACK,train_kb,conservative_noisy_or_conflict_adjusted,4,Zenbyte Smartwatch Air 39,has_ram_gb,16GB,zenbyte smartwatch air 39|has_ram_gb|16gb,1,[0.93],True,1,0.6975,0.34875,0.88,False,0.34875,False,False,"[""product_39""]","[""unstructured""]","[""Zenbyte Smartwatch Air 39 is manufactured by Zenbyte. It is a smartwatch device. Comes with 16GB of RAM. Available in white. Built with aluminum construction. Targeted at the US market. Noise cancellation: no.""]",0,600,candidate
DEC029_NO_FEEDBACK,train_kb,conservative_noisy_or_conflict_adjusted,4,Zenbyte Smartwatch Air 39,made_of_material,aluminum construction,zenbyte smartwatch air 39|made_of_material|aluminum construction,1,[0.9],True,1,0.675,0.3375,0.88,False,0.3375,False,False,"[""product_39""]","[""unstructured""]","[""Zenbyte Smartwatch Air 39 is manufactured by Zenbyte. It is a smartwatch device. Comes with 16GB of RAM. Available in white. Built with aluminum construction. Targeted at the US market. Noise cancellation: no.""]",0,600,candidate
DEC029_NO_FEEDBACK,train_kb,conservative_noisy_or_conflict_adjusted,4,Zenbyte Smartwatch Air 39,target_market_region,US market,zenbyte smartwatch air 39|target_market_region|us market,2,"[0.96, 0.96]",True,1,0.9216,0.4608,0.88,False,0.4608,False,False,"[""product_39"", ""product_39""]","[""unstructured"", ""unstructured""]","[""Zenbyte Smartwatch Air 39 is manufactured by Zenbyte. It is a smartwatch device. Comes with 16GB of RAM. Available in white. Built with aluminum construction. Targeted at the US market. Noise cancellation: no."", ""Zenbyte Smartwatch Air 39 is manufactured by Zenbyte. It is a smartwatch device. Comes with 16GB of RAM. Available in white. Built with aluminum construction. Targeted at the US market. Noise cancellation: no.""]",0,600,candidate
DEC029_NO_FEEDBACK,train_kb,conservative_noisy_or_conflict_adjusted,4,VoltEdge Tablet Pro 40,manufactured_by,VoltEdge,voltedge tablet pro 40|manufactured_by|voltedge,2,"[0.98, 0.95]",True,0,0.9238124999999999,0.9238124999999999,0.88,True,0.9238124999999999,False,False,"[""product_40"", ""product_40""]","[""structured"", ""unstructured""]","[""structured_row:VoltEdge Tablet Pro 40"", ""VoltEdge Tablet Pro 40 is manufactured by VoltEdge. Priced at 1299 USD. The display measures 6.1 inches. Offers 1024GB of internal storage. Battery lasts up to 18 hours. Available in green. Noise cancellation: no.""]",1,600,candidate
DEC029_NO_FEEDBACK,train_kb,conservative_noisy_or_conflict_adjusted,4,VoltEdge Tablet Pro 40,belongs_to_category,tablet,voltedge tablet pro 40|belongs_to_category|tablet,1,[0.98],True,0,0.735,0.735,0.88,False,0.735,False,False,"[""product_40""]","[""structured""]","[""structured_row:VoltEdge Tablet Pro 40""]",0,600,candidate
DEC029_NO_FEEDBACK,train_kb,conservative_noisy_or_conflict_adjusted,4,VoltEdge Tablet Pro 40,has_price_usd,1299,voltedge tablet pro 40|has_price_usd|1299,2,"[0.98, 0.92]",True,0,0.91785,0.91785,0.88,True,0.91785,False,False,"[""product_40"", ""product_40""]","[""structured"", ""unstructured""]","[""structured_row:VoltEdge Tablet Pro 40"", ""VoltEdge Tablet Pro 40 is manufactured by VoltEdge. Priced at 1299 USD. The display measures 6.1 inches. Offers 1024GB of internal storage. Battery lasts up to 18 hours. Available in green. Noise cancellation: no.""]",1,600,candidate
DEC029_NO_FEEDBACK,train_kb,conservative_noisy_or_conflict_adjusted,4,VoltEdge Tablet Pro 40,has_screen_size_inch,6.1,voltedge tablet pro 40|has_screen_size_inch|6.1,2,"[0.98, 0.93]",True,0,0.9198375,0.9198375,0.88,True,0.9198375,False,False,"[""product_40"", ""product_40""]","[""structured"", ""unstructured""]","[""structured_row:VoltEdge Tablet Pro 40"", ""VoltEdge Tablet Pro 40 is manufactured by VoltEdge. Priced at 1299 USD. The display measures 6.1 inches. Offers 1024GB of internal storage. Battery lasts up to 18 hours. Available in green. Noise cancellation: no.""]",1,600,candidate
DEC029_NO_FEEDBACK,train_kb,conservative_noisy_or_conflict_adjusted,4,VoltEdge Tablet Pro 40,has_ram_gb,16,voltedge tablet pro 40|has_ram_gb|16,1,[0.98],True,0,0.735,0.735,0.88,False,0.735,False,False,"[""product_40""]","[""structured""]","[""structured_row:VoltEdge Tablet Pro 40""]",0,600,candidate
DEC029_NO_FEEDBACK,train_kb,conservative_noisy_or_conflict_adjusted,4,VoltEdge Tablet Pro 40,has_storage_gb,1024,voltedge tablet pro 40|has_storage_gb|1024,2,"[0.98, 0.94]",True,0,0.921825,0.921825,0.88,True,0.921825,False,False,"[""product_40"", ""product_40""]","[""structured"", ""unstructured""]","[""structured_row:VoltEdge Tablet Pro 40"", ""VoltEdge Tablet Pro 40 is manufactured by VoltEdge. Priced at 1299 USD. The display measures 6.1 inches. Offers 1024GB of internal storage. Battery lasts up to 18 hours. Available in green. Noise cancellation: no.""]",1,600,candidate
DEC029_NO_FEEDBACK,train_kb,conservative_noisy_or_conflict_adjusted,4,VoltEdge Tablet Pro 40,has_battery_life_hours,18,voltedge tablet pro 40|has_battery_life_hours|18,2,"[0.98, 0.9]",True,0,0.913875,0.913875,0.88,True,0.913875,False,False,"[""product_40"", ""product_40""]","[""structured"", ""unstructured""]","[""structured_row:VoltEdge Tablet Pro 40"", ""VoltEdge Tablet Pro 40 is manufactured by VoltEdge. Priced at 1299 USD. The display measures 6.1 inches. Offers 1024GB of internal storage. Battery lasts up to 18 hours. Available in green. Noise cancellation: no.""]",1,600,candidate
DEC029_NO_FEEDBACK,train_kb,conservative_noisy_or_conflict_adjusted,4,VoltEdge Tablet Pro 40,has_weight_kg,1.45,voltedge tablet pro 40|has_weight_kg|1.45,1,[0.98],True,0,0.735,0.735,0.88,False,0.735,False,False,"[""product_40""]","[""structured""]","[""structured_row:VoltEdge Tablet Pro 40""]",0,600,candidate
DEC029_NO_FEEDBACK,train_kb,conservative_noisy_or_conflict_adjusted,4,VoltEdge Tablet Pro 40,has_color,green,voltedge tablet pro 40|has_color|green,2,"[0.98, 0.89]",False,0,0.9118875,0.9118875,0.88,True,0.9118875,False,False,"[""product_40"", ""product_40""]","[""structured"", ""unstructured""]","[""structured_row:VoltEdge Tablet Pro 40"", ""VoltEdge Tablet Pro 40 is manufactured by VoltEdge. Priced at 1299 USD. The display measures 6.1 inches. Offers 1024GB of internal storage. Battery lasts up to 18 hours. Available in green. Noise cancellation: no.""]",1,600,candidate
DEC029_NO_FEEDBACK,train_kb,conservative_noisy_or_conflict_adjusted,4,VoltEdge Tablet Pro 40,made_of_material,carbon fiber,voltedge tablet pro 40|made_of_material|carbon fiber,1,[0.98],True,0,0.735,0.735,0.88,False,0.735,False,False,"[""product_40""]","[""structured""]","[""structured_row:VoltEdge Tablet Pro 40""]",0,600,candidate
DEC029_NO_FEEDBACK,train_kb,conservative_noisy_or_conflict_adjusted,4,VoltEdge Tablet Pro 40,target_market_region,APAC,voltedge tablet pro 40|target_market_region|apac,1,[0.98],True,0,0.735,0.735,0.88,False,0.735,False,False,"[""product_40""]","[""structured""]","[""structured_row:VoltEdge Tablet Pro 40""]",0,600,candidate
DEC029_NO_FEEDBACK,train_kb,conservative_noisy_or_conflict_adjusted,4,VoltEdge Tablet Pro 40,supports_fast_charging,yes,voltedge tablet pro 40|supports_fast_charging|yes,1,[0.98],True,0,0.735,0.735,0.88,False,0.735,False,False,"[""product_40""]","[""structured""]","[""structured_row:VoltEdge Tablet Pro 40""]",0,600,candidate
DEC029_NO_FEEDBACK,train_kb,conservative_noisy_or_conflict_adjusted,4,VoltEdge Tablet Pro 40,has_noise_cancellation,no,voltedge tablet pro 40|has_noise_cancellation|no,1,[0.98],True,0,0.735,0.735,0.88,False,0.735,False,False,"[""product_40""]","[""structured""]","[""structured_row:VoltEdge Tablet Pro 40""]",1,600,candidate
DEC029_NO_FEEDBACK,train_kb,conservative_noisy_or_conflict_adjusted,4,NeoTech Tablet Plus 41,manufactured_by,NeoTech,neotech tablet plus 41|manufactured_by|neotech,1,[0.98],True,0,0.735,0.735,0.88,False,0.735,False,False,"[""product_41""]","[""structured""]","[""structured_row:NeoTech Tablet Plus 41""]",0,600,candidate
DEC029_NO_FEEDBACK,train_kb,conservative_noisy_or_conflict_adjusted,4,NeoTech Tablet Plus 41,belongs_to_category,tablet,neotech tablet plus 41|belongs_to_category|tablet,1,[0.98],True,0,0.735,0.735,0.88,False,0.735,False,False,"[""product_41""]","[""structured""]","[""structured_row:NeoTech Tablet Plus 41""]",1,600,candidate
DEC029_NO_FEEDBACK,train_kb,conservative_noisy_or_conflict_adjusted,4,NeoTech Tablet Plus 41,has_price_usd,349,neotech tablet plus 41|has_price_usd|349,1,[0.98],True,0,0.735,0.735,0.88,False,0.735,False,False,"[""product_41""]","[""structured""]","[""structured_row:NeoTech Tablet Plus 41""]",1,600,candidate
DEC029_NO_FEEDBACK,train_kb,conservative_noisy_or_conflict_adjusted,4,NeoTech Tablet Plus 41,has_screen_size_inch,10.9,neotech tablet plus 41|has_screen_size_inch|10.9,1,[0.98],True,0,0.735,0.735,0.88,False,0.735,False,False,"[""product_41""]","[""structured""]","[""structured_row:NeoTech Tablet Plus 41""]",0,600,candidate
DEC029_NO_FEEDBACK,train_kb,conservative_noisy_or_conflict_adjusted,4,NeoTech Tablet Plus 41,has_ram_gb,16,neotech tablet plus 41|has_ram_gb|16,1,[0.98],True,0,0.735,0.735,0.88,False,0.735,False,False,"[""product_41""]","[""structured""]","[""structured_row:NeoTech Tablet Plus 41""]",1,600,candidate
DEC029_NO_FEEDBACK,train_kb,conservative_noisy_or_conflict_adjusted,4,NeoTech Tablet Plus 41,has_storage_gb,1024,neotech tablet plus 41|has_storage_gb|1024,1,[0.98],True,0,0.735,0.735,0.88,False,0.735,False,False,"[""product_41""]","[""structured""]","[""structured_row:NeoTech Tablet Plus 41""]",0,600,candidate
DEC029_NO_FEEDBACK,train_kb,conservative_noisy_or_conflict_adjusted,4,NeoTech Tablet Plus 41,has_battery_life_hours,20,neotech tablet plus 41|has_battery_life_hours|20,1,[0.98],True,0,0.735,0.735,0.88,False,0.735,False,False,"[""product_41""]","[""structured""]","[""structured_row:NeoTech Tablet Plus 41""]",1,600,candidate
DEC029_NO_FEEDBACK,train_kb,conservative_noisy_or_conflict_adjusted,4,NeoTech Tablet Plus 41,has_weight_kg,1.8,neotech tablet plus 41|has_weight_kg|1.8,1,[0.98],True,0,0.735,0.735,0.88,False,0.735,False,False,"[""product_41""]","[""structured""]","[""structured_row:NeoTech Tablet Plus 41""]",0,600,candidate
DEC029_NO_FEEDBACK,train_kb,conservative_noisy_or_conflict_adjusted,4,NeoTech Tablet Plus 41,has_color,white,neotech tablet plus 41|has_color|white,1,[0.98],False,0,0.735,0.735,0.88,False,0.735,False,False,"[""product_41""]","[""structured""]","[""structured_row:NeoTech Tablet Plus 41""]",0,600,candidate
DEC029_NO_FEEDBACK,train_kb,conservative_noisy_or_conflict_adjusted,4,NeoTech Tablet Plus 41,made_of_material,carbon fiber,neotech tablet plus 41|made_of_material|carbon fiber,1,[0.98],True,0,0.735,0.735,0.88,False,0.735,False,False,"[""product_41""]","[""structured""]","[""structured_row:NeoTech Tablet Plus 41""]",1,600,candidate
DEC029_NO_FEEDBACK,train_kb,conservative_noisy_or_conflict_adjusted,4,NeoTech Tablet Plus 41,target_market_region,APAC,neotech tablet plus 41|target_market_region|apac,1,[0.98],True,0,0.735,0.735,0.88,False,0.735,False,False,"[""product_41""]","[""structured""]","[""structured_row:NeoTech Tablet Plus 41""]",1,600,candidate
DEC029_NO_FEEDBACK,train_kb,conservative_noisy_or_conflict_adjusted,4,NeoTech Tablet Plus 41,supports_fast_charging,yes,neotech tablet plus 41|supports_fast_charging|yes,1,[0.98],True,0,0.735,0.735,0.88,False,0.735,False,False,"[""product_41""]","[""structured""]","[""structured_row:NeoTech Tablet Plus 41""]",1,600,candidate
DEC029_NO_FEEDBACK,train_kb,conservative_noisy_or_conflict_adjusted,4,NeoTech Tablet Plus 41,has_noise_cancellation,no,neotech tablet plus 41|has_noise_cancellation|no,1,[0.98],True,0,0.735,0.735,0.88,False,0.735,False,False,"[""product_41""]","[""structured""]","[""structured_row:NeoTech Tablet Plus 41""]",0,600,candidate
DEC029_NO_FEEDBACK,train_kb,conservative_noisy_or_conflict_adjusted,4,tablet device,has_price_usd,349,tablet device|has_price_usd|349,1,[0.85],True,0,0.6375,0.6375,0.88,False,0.6375,False,False,"[""product_41""]","[""unstructured""]","[""It is a tablet device. Priced at 349 USD. Comes with 16GB of RAM. Battery lasts up to 20 hours. Built with carbon fiber construction. Targeted at the APAC market. Fast charging is yes.""]",0,600,candidate
DEC029_NO_FEEDBACK,train_kb,conservative_noisy_or_conflict_adjusted,4,tablet device,has_ram_gb,16,tablet device|has_ram_gb|16,1,[0.88],True,0,0.66,0.66,0.88,False,0.66,False,False,"[""product_41""]","[""unstructured""]","[""It is a tablet device. Priced at 349 USD. Comes with 16GB of RAM. Battery lasts up to 20 hours. Built with carbon fiber construction. Targeted at the APAC market. Fast charging is yes.""]",0,600,candidate
DEC029_NO_FEEDBACK,train_kb,conservative_noisy_or_conflict_adjusted,4,tablet device,has_battery_life_hours,20,tablet device|has_battery_life_hours|20,1,[0.92],True,1,0.6900000000000001,0.34500000000000003,0.88,False,0.34500000000000003,False,False,"[""product_41""]","[""unstructured""]","[""It is a tablet device. Priced at 349 USD. Comes with 16GB of RAM. Battery lasts up to 20 hours. Built with carbon fiber construction. Targeted at the APAC market. Fast charging is yes.""]",0,600,candidate
DEC029_NO_FEEDBACK,train_kb,conservative_noisy_or_conflict_adjusted,4,tablet device,made_of_material,carbon fiber,tablet device|made_of_material|carbon fiber,1,[0.9],True,0,0.675,0.675,0.88,False,0.675,False,False,"[""product_41""]","[""unstructured""]","[""It is a tablet device. Priced at 349 USD. Comes with 16GB of RAM. Battery lasts up to 20 hours. Built with carbon fiber construction. Targeted at the APAC market. Fast charging is yes.""]",0,600,candidate
DEC029_NO_FEEDBACK,train_kb,conservative_noisy_or_conflict_adjusted,4,tablet device,target_market_region,APAC,tablet device|target_market_region|apac,1,[0.94],True,1,0.705,0.3525,0.88,False,0.3525,False,False,"[""product_41""]","[""unstructured""]","[""It is a tablet device. Priced at 349 USD. Comes with 16GB of RAM. Battery lasts up to 20 hours. Built with carbon fiber construction. Targeted at the APAC market. Fast charging is yes.""]",0,600,candidate
DEC029_NO_FEEDBACK,train_kb,conservative_noisy_or_conflict_adjusted,4,tablet device,supports_fast_charging,yes,tablet device|supports_fast_charging|yes,1,[0.89],True,1,0.6675,0.33375,0.88,False,0.33375,False,False,"[""product_41""]","[""unstructured""]","[""It is a tablet device. Priced at 349 USD. Comes with 16GB of RAM. Battery lasts up to 20 hours. Built with carbon fiber construction. Targeted at the APAC market. Fast charging is yes.""]",0,600,candidate
DEC029_NO_FEEDBACK,train_kb,conservative_noisy_or_conflict_adjusted,4,NeoTech Tablet Air 43,manufactured_by,NeoTech,neotech tablet air 43|manufactured_by|neotech,4,"[0.98, 0.85, 0.91, 0.91]",True,0,0.990316299609375,0.990316299609375,0.88,True,0.990316299609375,False,False,"[""product_43"", ""product_43"", ""product_43"", ""product_43""]","[""structured"", ""unstructured"", ""unstructured"", ""unstructured""]","[""structured_row:NeoTech Tablet Air 43"", ""NeoTech Tablet Air 43 is manufactured by NeoTech. The display measures 15.6 inches. Comes with 4GB of RAM. Weighs approximately 0.55kg. Built with aluminum construction. Targeted at the EU market. Fast charging is yes."", ""NeoTech Tablet Air 43 is manufactured by NeoTech. The display measures 15.6 inches. Comes with 4GB of RAM. Weighs approximately 0.55kg. Built with aluminum construction. Targeted at the EU market. Fast charging is yes."", ""NeoTech Tablet Air 43 is manufactured by NeoTech. The display measures 15.6 inches. Comes with 4GB of RAM. Weighs approximately 0.55kg. Built with aluminum construction. Targeted at the EU market. Fast charging is yes.""]",1,600,candidate
DEC029_NO_FEEDBACK,train_kb,conservative_noisy_or_conflict_adjusted,4,NeoTech Tablet Air 43,belongs_to_category,tablet,neotech tablet air 43|belongs_to_category|tablet,1,[0.98],True,0,0.735,0.735,0.88,False,0.735,False,False,"[""product_43""]","[""structured""]","[""structured_row:NeoTech Tablet Air 43""]",0,600,candidate
DEC029_NO_FEEDBACK,train_kb,conservative_noisy_or_conflict_adjusted,4,NeoTech Tablet Air 43,has_price_usd,699,neotech tablet air 43|has_price_usd|699,1,[0.98],True,0,0.735,0.735,0.88,False,0.735,False,False,"[""product_43""]","[""structured""]","[""structured_row:NeoTech Tablet Air 43""]",0,600,candidate
DEC029_NO_FEEDBACK,train_kb,conservative_noisy_or_conflict_adjusted,4,NeoTech Tablet Air 43,has_screen_size_inch,15.6,neotech tablet air 43|has_screen_size_inch|15.6,4,"[0.98, 0.92, 0.91, 0.91]",True,0,0.9917187665625,0.9917187665625,0.88,True,0.9917187665625,False,False,"[""product_43"", ""product_43"", ""product_43"", ""product_43""]","[""structured"", ""unstructured"", ""unstructured"", ""unstructured""]","[""structured_row:NeoTech Tablet Air 43"", ""NeoTech Tablet Air 43 is manufactured by NeoTech. The display measures 15.6 inches. Comes with 4GB of RAM. Weighs approximately 0.55kg. Built with aluminum construction. Targeted at the EU market. Fast charging is yes."", ""NeoTech Tablet Air 43 is manufactured by NeoTech. The display measures 15.6 inches. Comes with 4GB of RAM. Weighs approximately 0.55kg. Built with aluminum construction. Targeted at the EU market. Fast charging is yes."", ""NeoTech Tablet Air 43 is manufactured by NeoTech. The display measures 15.6 inches. Comes with 4GB of RAM. Weighs approximately 0.55kg. Built with aluminum construction. Targeted at the EU market. Fast charging is yes.""]",1,600,candidate
DEC029_NO_FEEDBACK,train_kb,conservative_noisy_or_conflict_adjusted,4,NeoTech Tablet Air 43,has_ram_gb,4,neotech tablet air 43|has_ram_gb|4,4,"[0.98, 0.88, 0.91, 0.91]",True,0,0.990917356875,0.990917356875,0.88,True,0.990917356875,False,False,"[""product_43"", ""product_43"", ""product_43"", ""product_43""]","[""structured"", ""unstructured"", ""unstructured"", ""unstructured""]","[""structured_row:NeoTech Tablet Air 43"", ""NeoTech Tablet Air 43 is manufactured by NeoTech. The display measures 15.6 inches. Comes with 4GB of RAM. Weighs approximately 0.55kg. Built with aluminum construction. Targeted at the EU market. Fast charging is yes."", ""NeoTech Tablet Air 43 is manufactured by NeoTech. The display measures 15.6 inches. Comes with 4GB of RAM. Weighs approximately 0.55kg. Built with aluminum construction. Targeted at the EU market. Fast charging is yes."", ""NeoTech Tablet Air 43 is manufactured by NeoTech. The display measures 15.6 inches. Comes with 4GB of RAM. Weighs approximately 0.55kg. Built with aluminum construction. Targeted at the EU market. Fast charging is yes.""]",1,600,candidate
DEC029_NO_FEEDBACK,train_kb,conservative_noisy_or_conflict_adjusted,4,NeoTech Tablet Air 43,has_storage_gb,64,neotech tablet air 43|has_storage_gb|64,1,[0.98],True,0,0.735,0.735,0.88,False,0.735,False,False,"[""product_43""]","[""structured""]","[""structured_row:NeoTech Tablet Air 43""]",0,600,candidate
DEC029_NO_FEEDBACK,train_kb,conservative_noisy_or_conflict_adjusted,4,NeoTech Tablet Air 43,has_battery_life_hours,20,neotech tablet air 43|has_battery_life_hours|20,1,[0.98],True,0,0.735,0.735,0.88,False,0.735,False,False,"[""product_43""]","[""structured""]","[""structured_row:NeoTech Tablet Air 43""]",0,600,candidate
DEC029_NO_FEEDBACK,train_kb,conservative_noisy_or_conflict_adjusted,4,NeoTech Tablet Air 43,has_weight_kg,0.55,neotech tablet air 43|has_weight_kg|0.55,4,"[0.98, 0.9, 0.91, 0.91]",True,0,0.99131806171875,0.99131806171875,0.88,True,0.99131806171875,False,False,"[""product_43"", ""product_43"", ""product_43"", ""product_43""]","[""structured"", ""unstructured"", ""unstructured"", ""unstructured""]","[""structured_row:NeoTech Tablet Air 43"", ""NeoTech Tablet Air 43 is manufactured by NeoTech. The display measures 15.6 inches. Comes with 4GB of RAM. Weighs approximately 0.55kg. Built with aluminum construction. Targeted at the EU market. Fast charging is yes."", ""NeoTech Tablet Air 43 is manufactured by NeoTech. The display measures 15.6 inches. Comes with 4GB of RAM. Weighs approximately 0.55kg. Built with aluminum construction. Targeted at the EU market. Fast charging is yes."", ""NeoTech Tablet Air 43 is manufactured by NeoTech. The display measures 15.6 inches. Comes with 4GB of RAM. Weighs approximately 0.55kg. Built with aluminum construction. Targeted at the EU market. Fast charging is yes.""]",1,600,candidate
DEC029_NO_FEEDBACK,train_kb,conservative_noisy_or_conflict_adjusted,4,NeoTech Tablet Air 43,has_color,blue,neotech tablet air 43|has_color|blue,1,[0.98],False,0,0.735,0.735,0.88,False,0.735,False,False,"[""product_43""]","[""structured""]","[""structured_row:NeoTech Tablet Air 43""]",0,600,candidate
DEC029_NO_FEEDBACK,train_kb,conservative_noisy_or_conflict_adjusted,4,NeoTech Tablet Air 43,made_of_material,aluminum,neotech tablet air 43|made_of_material|aluminum,4,"[0.98, 0.85, 0.91, 0.91]",True,0,0.990316299609375,0.990316299609375,0.88,True,0.990316299609375,False,False,"[""product_43"", ""product_43"", ""product_43"", ""product_43""]","[""structured"", ""unstructured"", ""unstructured"", ""unstructured""]","[""structured_row:NeoTech Tablet Air 43"", ""NeoTech Tablet Air 43 is manufactured by NeoTech. The display measures 15.6 inches. Comes with 4GB of RAM. Weighs approximately 0.55kg. Built with aluminum construction. Targeted at the EU market. Fast charging is yes."", ""NeoTech Tablet Air 43 is manufactured by NeoTech. The display measures 15.6 inches. Comes with 4GB of RAM. Weighs approximately 0.55kg. Built with aluminum construction. Targeted at the EU market. Fast charging is yes."", ""NeoTech Tablet Air 43 is manufactured by NeoTech. The display measures 15.6 inches. Comes with 4GB of RAM. Weighs approximately 0.55kg. Built with aluminum construction. Targeted at the EU market. Fast charging is yes.""]",1,600,candidate
DEC029_NO_FEEDBACK,train_kb,conservative_noisy_or_conflict_adjusted,4,NeoTech Tablet Air 43,target_market_region,EU,neotech tablet air 43|target_market_region|eu,4,"[0.98, 0.92, 0.91, 0.91]",True,0,0.9917187665625,0.9917187665625,0.88,True,0.9917187665625,False,False,"[""product_43"", ""product_43"", ""product_43"", ""product_43""]","[""structured"", ""unstructured"", ""unstructured"", ""unstructured""]","[""structured_row:NeoTech Tablet Air 43"", ""NeoTech Tablet Air 43 is manufactured by NeoTech. The display measures 15.6 inches. Comes with 4GB of RAM. Weighs approximately 0.55kg. Built with aluminum construction. Targeted at the EU market. Fast charging is yes."", ""NeoTech Tablet Air 43 is manufactured by NeoTech. The display measures 15.6 inches. Comes with 4GB of RAM. Weighs approximately 0.55kg. Built with aluminum construction. Targeted at the EU market. Fast charging is yes."", ""NeoTech Tablet Air 43 is manufactured by NeoTech. The display measures 15.6 inches. Comes with 4GB of RAM. Weighs approximately 0.55kg. Built with aluminum construction. Targeted at the EU market. Fast charging is yes.""]",1,600,candidate
DEC029_NO_FEEDBACK,train_kb,conservative_noisy_or_conflict_adjusted,4,NeoTech Tablet Air 43,supports_fast_charging,yes,neotech tablet air 43|supports_fast_charging|yes,4,"[0.98, 0.95, 0.91, 0.91]",True,0,0.992319823828125,0.992319823828125,0.88,True,0.992319823828125,False,False,"[""product_43"", ""product_43"", ""product_43"", ""product_43""]","[""structured"", ""unstructured"", ""unstructured"", ""unstructured""]","[""structured_row:NeoTech Tablet Air 43"", ""NeoTech Tablet Air 43 is manufactured by NeoTech. The display measures 15.6 inches. Comes with 4GB of RAM. Weighs approximately 0.55kg. Built with aluminum construction. Targeted at the EU market. Fast charging is yes."", ""NeoTech Tablet Air 43 is manufactured by NeoTech. The display measures 15.6 inches. Comes with 4GB of RAM. Weighs approximately 0.55kg. Built with aluminum construction. Targeted at the EU market. Fast charging is yes."", ""NeoTech Tablet Air 43 is manufactured by NeoTech. The display measures 15.6 inches. Comes with 4GB of RAM. Weighs approximately 0.55kg. Built with aluminum construction. Targeted at the EU market. Fast charging is yes.""]",1,600,candidate
DEC029_NO_FEEDBACK,train_kb,conservative_noisy_or_conflict_adjusted,4,NeoTech Tablet Air 43,has_noise_cancellation,no,neotech tablet air 43|has_noise_cancellation|no,1,[0.98],True,0,0.735,0.735,0.88,False,0.735,False,False,"[""product_43""]","[""structured""]","[""structured_row:NeoTech Tablet Air 43""]",0,600,candidate
DEC029_NO_FEEDBACK,train_kb,conservative_noisy_or_conflict_adjusted,4,Auralex Laptop Max 44,manufactured_by,Auralex,auralex laptop max 44|manufactured_by|auralex,2,"[0.98, 0.95]",True,0,0.9238124999999999,0.9238124999999999,0.88,True,0.735,True,False,"[""product_44"", ""product_44""]","[""structured"", ""unstructured""]","[""structured_row:Auralex Laptop Max 44"", ""Auralex Laptop Max 44 is manufactured by Auralex. It is a laptop device. Comes with 4GB of RAM. Offers 512GB of internal storage. Battery lasts up to 20 hours. Weighs approximately 0.18kg. Fast charging is yes.""]",1,600,candidate
DEC029_NO_FEEDBACK,train_kb,conservative_noisy_or_conflict_adjusted,4,Auralex Laptop Max 44,belongs_to_category,laptop,auralex laptop max 44|belongs_to_category|laptop,1,[0.98],True,0,0.735,0.735,0.88,False,0.735,False,False,"[""product_44""]","[""structured""]","[""structured_row:Auralex Laptop Max 44""]",1,600,candidate
DEC029_NO_FEEDBACK,train_kb,conservative_noisy_or_conflict_adjusted,4,Auralex Laptop Max 44,has_price_usd,349,auralex laptop max 44|has_price_usd|349,1,[0.98],True,0,0.735,0.735,0.88,False,0.735,False,False,"[""product_44""]","[""structured""]","[""structured_row:Auralex Laptop Max 44""]",0,600,candidate
DEC029_NO_FEEDBACK,train_kb,conservative_noisy_or_conflict_adjusted,4,Auralex Laptop Max 44,has_screen_size_inch,6.7,auralex laptop max 44|has_screen_size_inch|6.7,1,[0.98],True,0,0.735,0.735,0.88,False,0.735,False,False,"[""product_44""]","[""structured""]","[""structured_row:Auralex Laptop Max 44""]",0,600,candidate
DEC029_NO_FEEDBACK,train_kb,conservative_noisy_or_conflict_adjusted,4,Auralex Laptop Max 44,has_ram_gb,4,auralex laptop max 44|has_ram_gb|4,2,"[0.98, 0.95]",True,0,0.9238124999999999,0.9238124999999999,0.88,True,0.735,True,False,"[""product_44"", ""product_44""]","[""structured"", ""unstructured""]","[""structured_row:Auralex Laptop Max 44"", ""Auralex Laptop Max 44 is manufactured by Auralex. It is a laptop device. Comes with 4GB of RAM. Offers 512GB of internal storage. Battery lasts up to 20 hours. Weighs approximately 0.18kg. Fast charging is yes.""]",1,600,candidate
DEC029_NO_FEEDBACK,train_kb,conservative_noisy_or_conflict_adjusted,4,Auralex Laptop Max 44,has_storage_gb,512,auralex laptop max 44|has_storage_gb|512,2,"[0.98, 0.95]",True,0,0.9238124999999999,0.9238124999999999,0.88,True,0.735,True,False,"[""product_44"", ""product_44""]","[""structured"", ""unstructured""]","[""structured_row:Auralex Laptop Max 44"", ""Auralex Laptop Max 44 is manufactured by Auralex. It is a laptop device. Comes with 4GB of RAM. Offers 512GB of internal storage. Battery lasts up to 20 hours. Weighs approximately 0.18kg. Fast charging is yes.""]",1,600,candidate
DEC029_NO_FEEDBACK,train_kb,conservative_noisy_or_conflict_adjusted,4,Auralex Laptop Max 44,has_battery_life_hours,20,auralex laptop max 44|has_battery_life_hours|20,2,"[0.98, 0.95]",True,0,0.9238124999999999,0.9238124999999999,0.88,True,0.735,True,False,"[""product_44"", ""product_44""]","[""structured"", ""unstructured""]","[""structured_row:Auralex Laptop Max 44"", ""Auralex Laptop Max 44 is manufactured by Auralex. It is a laptop device. Comes with 4GB of RAM. Offers 512GB of internal storage. Battery lasts up to 20 hours. Weighs approximately 0.18kg. Fast charging is yes.""]",1,600,candidate
DEC029_NO_FEEDBACK,train_kb,conservative_noisy_or_conflict_adjusted,4,Auralex Laptop Max 44,has_weight_kg,0.18,auralex laptop max 44|has_weight_kg|0.18,2,"[0.98, 0.95]",True,0,0.9238124999999999,0.9238124999999999,0.88,True,0.735,True,False,"[""product_44"", ""product_44""]","[""structured"", ""unstructured""]","[""structured_row:Auralex Laptop Max 44"", ""Auralex Laptop Max 44 is manufactured by Auralex. It is a laptop device. Comes with 4GB of RAM. Offers 512GB of internal storage. Battery lasts up to 20 hours. Weighs approximately 0.18kg. Fast charging is yes.""]",1,600,candidate
DEC029_NO_FEEDBACK,train_kb,conservative_noisy_or_conflict_adjusted,4,Auralex Laptop Max 44,has_color,silver,auralex laptop max 44|has_color|silver,1,[0.98],False,0,0.735,0.735,0.88,False,0.735,False,False,"[""product_44""]","[""structured""]","[""structured_row:Auralex Laptop Max 44""]",0,600,candidate
DEC029_NO_FEEDBACK,train_kb,conservative_noisy_or_conflict_adjusted,4,Auralex Laptop Max 44,made_of_material,plastic,auralex laptop max 44|made_of_material|plastic,1,[0.98],True,0,0.735,0.735,0.88,False,0.735,False,False,"[""product_44""]","[""structured""]","[""structured_row:Auralex Laptop Max 44""]",0,600,candidate
DEC029_NO_FEEDBACK,train_kb,conservative_noisy_or_conflict_adjusted,4,Auralex Laptop Max 44,target_market_region,APAC,auralex laptop max 44|target_market_region|apac,1,[0.98],True,0,0.735,0.735,0.88,False,0.735,False,False,"[""product_44""]","[""structured""]","[""structured_row:Auralex Laptop Max 44""]",0,600,candidate
DEC029_NO_FEEDBACK,train_kb,conservative_noisy_or_conflict_adjusted,4,Auralex Laptop Max 44,supports_fast_charging,yes,auralex laptop max 44|supports_fast_charging|yes,2,"[0.98, 0.95]",True,0,0.9238124999999999,0.9238124999999999,0.88,True,0.735,True,False,"[""product_44"", ""product_44""]","[""structured"", ""unstructured""]","[""structured_row:Auralex Laptop Max 44"", ""Auralex Laptop Max 44 is manufactured by Auralex. It is a laptop device. Comes with 4GB of RAM. Offers 512GB of internal storage. Battery lasts up to 20 hours. Weighs approximately 0.18kg. Fast charging is yes.""]",1,600,candidate
DEC029_NO_FEEDBACK,train_kb,conservative_noisy_or_conflict_adjusted,4,Auralex Laptop Max 44,has_noise_cancellation,no,auralex laptop max 44|has_noise_cancellation|no,1,[0.98],True,0,0.735,0.735,0.88,False,0.735,False,False,"[""product_44""]","[""structured""]","[""structured_row:Auralex Laptop Max 44""]",0,600,candidate
DEC029_NO_FEEDBACK,train_kb,conservative_noisy_or_conflict_adjusted,4,TechNova Tablet Plus 45,manufactured_by,TechNova,technova tablet plus 45|manufactured_by|technova,1,[0.98],True,0,0.735,0.735,0.88,False,0.735,False,False,"[""product_45""]","[""structured""]","[""structured_row:TechNova Tablet Plus 45""]",0,600,candidate
DEC029_NO_FEEDBACK,train_kb,conservative_noisy_or_conflict_adjusted,4,TechNova Tablet Plus 45,belongs_to_category,tablet,technova tablet plus 45|belongs_to_category|tablet,1,[0.98],True,0,0.735,0.735,0.88,False,0.735,False,False,"[""product_45""]","[""structured""]","[""structured_row:TechNova Tablet Plus 45""]",1,600,candidate
DEC029_NO_FEEDBACK,train_kb,conservative_noisy_or_conflict_adjusted,4,TechNova Tablet Plus 45,has_price_usd,499,technova tablet plus 45|has_price_usd|499,1,[0.98],True,0,0.735,0.735,0.88,False,0.735,False,False,"[""product_45""]","[""structured""]","[""structured_row:TechNova Tablet Plus 45""]",0,600,candidate
DEC029_NO_FEEDBACK,train_kb,conservative_noisy_or_conflict_adjusted,4,TechNova Tablet Plus 45,has_screen_size_inch,14.0,technova tablet plus 45|has_screen_size_inch|14.0,1,[0.98],True,0,0.735,0.735,0.88,False,0.735,False,False,"[""product_45""]","[""structured""]","[""structured_row:TechNova Tablet Plus 45""]",0,600,candidate
DEC029_NO_FEEDBACK,train_kb,conservative_noisy_or_conflict_adjusted,4,TechNova Tablet Plus 45,has_ram_gb,32,technova tablet plus 45|has_ram_gb|32,1,[0.98],True,0,0.735,0.735,0.88,False,0.735,False,False,"[""product_45""]","[""structured""]","[""structured_row:TechNova Tablet Plus 45""]",0,600,candidate
DEC029_NO_FEEDBACK,train_kb,conservative_noisy_or_conflict_adjusted,4,TechNova Tablet Plus 45,has_storage_gb,1024,technova tablet plus 45|has_storage_gb|1024,1,[0.98],True,0,0.735,0.735,0.88,False,0.735,False,False,"[""product_45""]","[""structured""]","[""structured_row:TechNova Tablet Plus 45""]",1,600,candidate
DEC029_NO_FEEDBACK,train_kb,conservative_noisy_or_conflict_adjusted,4,TechNova Tablet Plus 45,has_battery_life_hours,18,technova tablet plus 45|has_battery_life_hours|18,1,[0.98],True,0,0.735,0.735,0.88,False,0.735,False,False,"[""product_45""]","[""structured""]","[""structured_row:TechNova Tablet Plus 45""]",1,600,candidate
DEC029_NO_FEEDBACK,train_kb,conservative_noisy_or_conflict_adjusted,4,TechNova Tablet Plus 45,has_weight_kg,0.23,technova tablet plus 45|has_weight_kg|0.23,1,[0.98],True,0,0.735,0.735,0.88,False,0.735,False,False,"[""product_45""]","[""structured""]","[""structured_row:TechNova Tablet Plus 45""]",1,600,candidate
DEC029_NO_FEEDBACK,train_kb,conservative_noisy_or_conflict_adjusted,4,TechNova Tablet Plus 45,has_color,blue,technova tablet plus 45|has_color|blue,1,[0.98],False,0,0.735,0.735,0.88,False,0.735,False,False,"[""product_45""]","[""structured""]","[""structured_row:TechNova Tablet Plus 45""]",1,600,candidate
DEC029_NO_FEEDBACK,train_kb,conservative_noisy_or_conflict_adjusted,4,TechNova Tablet Plus 45,made_of_material,plastic,technova tablet plus 45|made_of_material|plastic,1,[0.98],True,0,0.735,0.735,0.88,False,0.735,False,False,"[""product_45""]","[""structured""]","[""structured_row:TechNova Tablet Plus 45""]",0,600,candidate
DEC029_NO_FEEDBACK,train_kb,conservative_noisy_or_conflict_adjusted,4,TechNova Tablet Plus 45,target_market_region,Global,technova tablet plus 45|target_market_region|global,1,[0.98],True,0,0.735,0.735,0.88,False,0.735,False,False,"[""product_45""]","[""structured""]","[""structured_row:TechNova Tablet Plus 45""]",1,600,candidate
DEC029_NO_FEEDBACK,train_kb,conservative_noisy_or_conflict_adjusted,4,TechNova Tablet Plus 45,supports_fast_charging,no,technova tablet plus 45|supports_fast_charging|no,1,[0.98],True,0,0.735,0.735,0.88,False,0.735,False,False,"[""product_45""]","[""structured""]","[""structured_row:TechNova Tablet Plus 45""]",1,600,candidate
DEC029_NO_FEEDBACK,train_kb,conservative_noisy_or_conflict_adjusted,4,TechNova Tablet Plus 45,has_noise_cancellation,no,technova tablet plus 45|has_noise_cancellation|no,1,[0.98],True,0,0.735,0.735,0.88,False,0.735,False,False,"[""product_45""]","[""structured""]","[""structured_row:TechNova Tablet Plus 45""]",0,600,candidate
DEC029_NO_FEEDBACK,train_kb,conservative_noisy_or_conflict_adjusted,4,tablet device,has_storage_gb,1024,tablet device|has_storage_gb|1024,1,[0.85],True,0,0.6375,0.6375,0.88,False,0.6375,False,False,"[""product_45""]","[""unstructured""]","[""It is a tablet device. Offers 1024GB of internal storage. Battery lasts up to 18 hours. Weighs approximately 0.23kg. Available in blue. Targeted at the Global market. Fast charging is no.""]",0,600,candidate
DEC029_NO_FEEDBACK,train_kb,conservative_noisy_or_conflict_adjusted,4,tablet device,has_battery_life_hours,18,tablet device|has_battery_life_hours|18,1,[0.88],True,1,0.66,0.33,0.88,False,0.33,False,False,"[""product_45""]","[""unstructured""]","[""It is a tablet device. Offers 1024GB of internal storage. Battery lasts up to 18 hours. Weighs approximately 0.23kg. Available in blue. Targeted at the Global market. Fast charging is no.""]",0,600,candidate
DEC029_NO_FEEDBACK,train_kb,conservative_noisy_or_conflict_adjusted,4,tablet device,has_weight_kg,0.23,tablet device|has_weight_kg|0.23,1,[0.9],True,0,0.675,0.675,0.88,False,0.675,False,False,"[""product_45""]","[""unstructured""]","[""It is a tablet device. Offers 1024GB of internal storage. Battery lasts up to 18 hours. Weighs approximately 0.23kg. Available in blue. Targeted at the Global market. Fast charging is no.""]",0,600,candidate
DEC029_NO_FEEDBACK,train_kb,conservative_noisy_or_conflict_adjusted,4,tablet device,has_color,blue,tablet device|has_color|blue,1,[0.92],False,0,0.6900000000000001,0.6900000000000001,0.88,False,0.6900000000000001,False,False,"[""product_45""]","[""unstructured""]","[""It is a tablet device. Offers 1024GB of internal storage. Battery lasts up to 18 hours. Weighs approximately 0.23kg. Available in blue. Targeted at the Global market. Fast charging is no.""]",0,600,candidate
DEC029_NO_FEEDBACK,train_kb,conservative_noisy_or_conflict_adjusted,4,tablet device,target_market_region,Global,tablet device|target_market_region|global,1,[0.95],True,1,0.7124999999999999,0.35624999999999996,0.88,False,0.35624999999999996,False,False,"[""product_45""]","[""unstructured""]","[""It is a tablet device. Offers 1024GB of internal storage. Battery lasts up to 18 hours. Weighs approximately 0.23kg. Available in blue. Targeted at the Global market. Fast charging is no.""]",0,600,candidate
DEC029_NO_FEEDBACK,train_kb,conservative_noisy_or_conflict_adjusted,4,tablet device,supports_fast_charging,no,tablet device|supports_fast_charging|no,1,[0.8],True,1,0.6000000000000001,0.30000000000000004,0.88,False,0.30000000000000004,False,False,"[""product_45""]","[""unstructured""]","[""It is a tablet device. Offers 1024GB of internal storage. Battery lasts up to 18 hours. Weighs approximately 0.23kg. Available in blue. Targeted at the Global market. Fast charging is no.""]",0,600,candidate
DEC029_NO_FEEDBACK,train_kb,conservative_noisy_or_conflict_adjusted,4,Zenbyte Smartphone Max 47,manufactured_by,Zenbyte,zenbyte smartphone max 47|manufactured_by|zenbyte,5,"[0.98, 0.95, 0.91, 0.95, 0.95]",True,0,0.9980005840576172,0.9980005840576172,0.88,True,0.993045509765625,False,False,"[""product_47"", ""product_47"", ""product_47"", ""product_47"", ""product_47""]","[""structured"", ""unstructured"", ""unstructured"", ""unstructured"", ""unstructured""]","[""structured_row:Zenbyte Smartphone Max 47"", ""Zenbyte Smartphone Max 47 is manufactured by Zenbyte. The display measures 6.1 inches. Comes with 32GB of RAM. Offers 256GB of internal storage. Weighs approximately 0.55kg. Available in blue. Fast charging is no."", ""Zenbyte Smartphone Max 47 is manufactured by Zenbyte. The display measures 6.1 inches. Comes with 32GB of RAM. Offers 256GB of internal storage. Weighs approximately 0.55kg. Available in blue. Fast charging is no."", ""Zenbyte Smartphone Max 47 is manufactured by Zenbyte. The display measures 6.1 inches. Comes with 32GB of RAM. Offers 256GB of internal storage. Weighs approximately 0.55kg. Available in blue. Fast charging is no."", ""Zenbyte Smartphone Max 47 is manufactured by Zenbyte. The display measures 6.1 inches. Comes with 32GB of RAM. Offers 256GB of internal storage. Weighs approximately 0.55kg. Available in blue. Fast charging is no.""]",1,600,candidate
DEC029_NO_FEEDBACK,train_kb,conservative_noisy_or_conflict_adjusted,4,Zenbyte Smartphone Max 47,belongs_to_category,smartphone,zenbyte smartphone max 47|belongs_to_category|smartphone,1,[0.98],True,0,0.735,0.735,0.88,False,0.735,False,False,"[""product_47""]","[""structured""]","[""structured_row:Zenbyte Smartphone Max 47""]",0,600,candidate
DEC029_NO_FEEDBACK,train_kb,conservative_noisy_or_conflict_adjusted,4,Zenbyte Smartphone Max 47,has_price_usd,899,zenbyte smartphone max 47|has_price_usd|899,1,[0.98],True,0,0.735,0.735,0.88,False,0.735,False,False,"[""product_47""]","[""structured""]","[""structured_row:Zenbyte Smartphone Max 47""]",0,600,candidate
DEC029_NO_FEEDBACK,train_kb,conservative_noisy_or_conflict_adjusted,4,Zenbyte Smartphone Max 47,has_screen_size_inch,6.1,zenbyte smartphone max 47|has_screen_size_inch|6.1,5,"[0.98, 0.92, 0.91, 0.95, 0.95]",True,0,0.9978441080273438,0.9978441080273438,0.88,True,0.9925012453125,False,False,"[""product_47"", ""product_47"", ""product_47"", ""product_47"", ""product_47""]","[""structured"", ""unstructured"", ""unstructured"", ""unstructured"", ""unstructured""]","[""structured_row:Zenbyte Smartphone Max 47"", ""Zenbyte Smartphone Max 47 is manufactured by Zenbyte. The display measures 6.1 inches. Comes with 32GB of RAM. Offers 256GB of internal storage. Weighs approximately 0.55kg. Available in blue. Fast charging is no."", ""Zenbyte Smartphone Max 47 is manufactured by Zenbyte. The display measures 6.1 inches. Comes with 32GB of RAM. Offers 256GB of internal storage. Weighs approximately 0.55kg. Available in blue. Fast charging is no."", ""Zenbyte Smartphone Max 47 is manufactured by Zenbyte. The display measures 6.1 inches. Comes with 32GB of RAM. Offers 256GB of internal storage. Weighs approximately 0.55kg. Available in blue. Fast charging is no."", ""Zenbyte Smartphone Max 47 is manufactured by Zenbyte. The display measures 6.1 inches. Comes with 32GB of RAM. Offers 256GB of internal storage. Weighs approximately 0.55kg. Available in blue. Fast charging is no.""]",1,600,candidate
DEC029_NO_FEEDBACK,train_kb,conservative_noisy_or_conflict_adjusted,4,Zenbyte Smartphone Max 47,has_ram_gb,32,zenbyte smartphone max 47|has_ram_gb|32,5,"[0.98, 0.9, 0.91, 0.95, 0.95]",True,0,0.9977397906738281,0.9977397906738281,0.88,True,0.99213840234375,False,False,"[""product_47"", ""product_47"", ""product_47"", ""product_47"", ""product_47""]","[""structured"", ""unstructured"", ""unstructured"", ""unstructured"", ""unstructured""]","[""structured_row:Zenbyte Smartphone Max 47"", ""Zenbyte Smartphone Max 47 is manufactured by Zenbyte. The display measures 6.1 inches. Comes with 32GB of RAM. Offers 256GB of internal storage. Weighs approximately 0.55kg. Available in blue. Fast charging is no."", ""Zenbyte Smartphone Max 47 is manufactured by Zenbyte. The display measures 6.1 inches. Comes with 32GB of RAM. Offers 256GB of internal storage. Weighs approximately 0.55kg. Available in blue. Fast charging is no."", ""Zenbyte Smartphone Max 47 is manufactured by Zenbyte. The display measures 6.1 inches. Comes with 32GB of RAM. Offers 256GB of internal storage. Weighs approximately 0.55kg. Available in blue. Fast charging is no."", ""Zenbyte Smartphone Max 47 is manufactured by Zenbyte. The display measures 6.1 inches. Comes with 32GB of RAM. Offers 256GB of internal storage. Weighs approximately 0.55kg. Available in blue. Fast charging is no.""]",1,600,candidate
DEC029_NO_FEEDBACK,train_kb,conservative_noisy_or_conflict_adjusted,4,Zenbyte Smartphone Max 47,has_storage_gb,256,zenbyte smartphone max 47|has_storage_gb|256,5,"[0.98, 0.91, 0.91, 0.95, 0.95]",True,0,0.9977919493505859,0.9977919493505859,0.88,True,0.992319823828125,False,False,"[""product_47"", ""product_47"", ""product_47"", ""product_47"", ""product_47""]","[""structured"", ""unstructured"", ""unstructured"", ""unstructured"", ""unstructured""]","[""structured_row:Zenbyte Smartphone Max 47"", ""Zenbyte Smartphone Max 47 is manufactured by Zenbyte. The display measures 6.1 inches. Comes with 32GB of RAM. Offers 256GB of internal storage. Weighs approximately 0.55kg. Available in blue. Fast charging is no."", ""Zenbyte Smartphone Max 47 is manufactured by Zenbyte. The display measures 6.1 inches. Comes with 32GB of RAM. Offers 256GB of internal storage. Weighs approximately 0.55kg. Available in blue. Fast charging is no."", ""Zenbyte Smartphone Max 47 is manufactured by Zenbyte. The display measures 6.1 inches. Comes with 32GB of RAM. Offers 256GB of internal storage. Weighs approximately 0.55kg. Available in blue. Fast charging is no."", ""Zenbyte Smartphone Max 47 is manufactured by Zenbyte. The display measures 6.1 inches. Comes with 32GB of RAM. Offers 256GB of internal storage. Weighs approximately 0.55kg. Available in blue. Fast charging is no.""]",1,600,candidate
DEC029_NO_FEEDBACK,train_kb,conservative_noisy_or_conflict_adjusted,4,Zenbyte Smartphone Max 47,has_battery_life_hours,20,zenbyte smartphone max 47|has_battery_life_hours|20,1,[0.98],True,0,0.735,0.735,0.88,False,0.735,False,False,"[""product_47""]","[""structured""]","[""structured_row:Zenbyte Smartphone Max 47""]",0,600,candidate
DEC029_NO_FEEDBACK,train_kb,conservative_noisy_or_conflict_adjusted,4,Zenbyte Smartphone Max 47,has_weight_kg,0.55,zenbyte smartphone max 47|has_weight_kg|0.55,5,"[0.98, 0.94, 0.91, 0.95, 0.95]",True,0,0.9979484253808594,0.9979484253808594,0.88,True,0.99286408828125,False,False,"[""product_47"", ""product_47"", ""product_47"", ""product_47"", ""product_47""]","[""structured"", ""unstructured"", ""unstructured"", ""unstructured"", ""unstructured""]","[""structured_row:Zenbyte Smartphone Max 47"", ""Zenbyte Smartphone Max 47 is manufactured by Zenbyte. The display measures 6.1 inches. Comes with 32GB of RAM. Offers 256GB of internal storage. Weighs approximately 0.55kg. Available in blue. Fast charging is no."", ""Zenbyte Smartphone Max 47 is manufactured by Zenbyte. The display measures 6.1 inches. Comes with 32GB of RAM. Offers 256GB of internal storage. Weighs approximately 0.55kg. Available in blue. Fast charging is no."", ""Zenbyte Smartphone Max 47 is manufactured by Zenbyte. The display measures 6.1 inches. Comes with 32GB of RAM. Offers 256GB of internal storage. Weighs approximately 0.55kg. Available in blue. Fast charging is no."", ""Zenbyte Smartphone Max 47 is manufactured by Zenbyte. The display measures 6.1 inches. Comes with 32GB of RAM. Offers 256GB of internal storage. Weighs approximately 0.55kg. Available in blue. Fast charging is no.""]",1,600,candidate
DEC029_NO_FEEDBACK,train_kb,conservative_noisy_or_conflict_adjusted,4,Zenbyte Smartphone Max 47,has_color,blue,zenbyte smartphone max 47|has_color|blue,5,"[0.98, 0.93, 0.91, 0.95, 0.95]",False,0,0.9978962667041016,0.9978962667041016,0.88,True,0.992682666796875,False,False,"[""product_47"", ""product_47"", ""product_47"", ""product_47"", ""product_47""]","[""structured"", ""unstructured"", ""unstructured"", ""unstructured"", ""unstructured""]","[""structured_row:Zenbyte Smartphone Max 47"", ""Zenbyte Smartphone Max 47 is manufactured by Zenbyte. The display measures 6.1 inches. Comes with 32GB of RAM. Offers 256GB of internal storage. Weighs approximately 0.55kg. Available in blue. Fast charging is no."", ""Zenbyte Smartphone Max 47 is manufactured by Zenbyte. The display measures 6.1 inches. Comes with 32GB of RAM. Offers 256GB of internal storage. Weighs approximately 0.55kg. Available in blue. Fast charging is no."", ""Zenbyte Smartphone Max 47 is manufactured by Zenbyte. The display measures 6.1 inches. Comes with 32GB of RAM. Offers 256GB of internal storage. Weighs approximately 0.55kg. Available in blue. Fast charging is no."", ""Zenbyte Smartphone Max 47 is manufactured by Zenbyte. The display measures 6.1 inches. Comes with 32GB of RAM. Offers 256GB of internal storage. Weighs approximately 0.55kg. Available in blue. Fast charging is no.""]",1,600,candidate
DEC029_NO_FEEDBACK,train_kb,conservative_noisy_or_conflict_adjusted,4,Zenbyte Smartphone Max 47,made_of_material,carbon fiber,zenbyte smartphone max 47|made_of_material|carbon fiber,1,[0.98],True,0,0.735,0.735,0.88,False,0.735,False,False,"[""product_47""]","[""structured""]","[""structured_row:Zenbyte Smartphone Max 47""]",0,600,candidate
DEC029_NO_FEEDBACK,train_kb,conservative_noisy_or_conflict_adjusted,4,Zenbyte Smartphone Max 47,target_market_region,APAC,zenbyte smartphone max 47|target_market_region|apac,1,[0.98],True,0,0.735,0.735,0.88,False,0.735,False,False,"[""product_47""]","[""structured""]","[""structured_row:Zenbyte Smartphone Max 47""]",0,600,candidate
DEC029_NO_FEEDBACK,train_kb,conservative_noisy_or_conflict_adjusted,4,Zenbyte Smartphone Max 47,supports_fast_charging,no,zenbyte smartphone max 47|supports_fast_charging|no,5,"[0.98, 0.96, 0.91, 0.95, 0.95]",True,0,0.998052742734375,0.998052742734375,0.88,True,0.99322693125,False,False,"[""product_47"", ""product_47"", ""product_47"", ""product_47"", ""product_47""]","[""structured"", ""unstructured"", ""unstructured"", ""unstructured"", ""unstructured""]","[""structured_row:Zenbyte Smartphone Max 47"", ""Zenbyte Smartphone Max 47 is manufactured by Zenbyte. The display measures 6.1 inches. Comes with 32GB of RAM. Offers 256GB of internal storage. Weighs approximately 0.55kg. Available in blue. Fast charging is no."", ""Zenbyte Smartphone Max 47 is manufactured by Zenbyte. The display measures 6.1 inches. Comes with 32GB of RAM. Offers 256GB of internal storage. Weighs approximately 0.55kg. Available in blue. Fast charging is no."", ""Zenbyte Smartphone Max 47 is manufactured by Zenbyte. The display measures 6.1 inches. Comes with 32GB of RAM. Offers 256GB of internal storage. Weighs approximately 0.55kg. Available in blue. Fast charging is no."", ""Zenbyte Smartphone Max 47 is manufactured by Zenbyte. The display measures 6.1 inches. Comes with 32GB of RAM. Offers 256GB of internal storage. Weighs approximately 0.55kg. Available in blue. Fast charging is no.""]",1,600,candidate
DEC029_NO_FEEDBACK,train_kb,conservative_noisy_or_conflict_adjusted,4,Zenbyte Smartphone Max 47,has_noise_cancellation,no,zenbyte smartphone max 47|has_noise_cancellation|no,1,[0.98],True,0,0.735,0.735,0.88,False,0.735,False,False,"[""product_47""]","[""structured""]","[""structured_row:Zenbyte Smartphone Max 47""]",0,600,candidate
DEC029_NO_FEEDBACK,train_kb,conservative_noisy_or_conflict_adjusted,4,Auralex Headphones Max 48,manufactured_by,Auralex,auralex headphones max 48|manufactured_by|auralex,2,"[0.98, 0.91]",True,0,0.9158625,0.9158625,0.88,True,0.9158625,False,False,"[""product_48"", ""product_48""]","[""structured"", ""unstructured""]","[""structured_row:Auralex Headphones Max 48"", ""Auralex Headphones Max 48 is manufactured by Auralex. Priced at 1099 USD. The display measures 11.0 inches. Offers 1024GB of internal storage. Weighs approximately 1.8kg. Available in silver. Fast charging is yes.""]",1,600,candidate
DEC029_NO_FEEDBACK,train_kb,conservative_noisy_or_conflict_adjusted,4,Auralex Headphones Max 48,belongs_to_category,headphones,auralex headphones max 48|belongs_to_category|headphones,1,[0.98],True,0,0.735,0.735,0.88,False,0.735,False,False,"[""product_48""]","[""structured""]","[""structured_row:Auralex Headphones Max 48""]",0,600,candidate
DEC029_NO_FEEDBACK,train_kb,conservative_noisy_or_conflict_adjusted,4,Auralex Headphones Max 48,has_price_usd,1099,auralex headphones max 48|has_price_usd|1099,2,"[0.98, 0.91]",True,0,0.9158625,0.9158625,0.88,True,0.9158625,False,False,"[""product_48"", ""product_48""]","[""structured"", ""unstructured""]","[""structured_row:Auralex Headphones Max 48"", ""Auralex Headphones Max 48 is manufactured by Auralex. Priced at 1099 USD. The display measures 11.0 inches. Offers 1024GB of internal storage. Weighs approximately 1.8kg. Available in silver. Fast charging is yes.""]",1,600,candidate
DEC029_NO_FEEDBACK,train_kb,conservative_noisy_or_conflict_adjusted,4,Auralex Headphones Max 48,has_screen_size_inch,11.0,auralex headphones max 48|has_screen_size_inch|11.0,2,"[0.98, 0.91]",True,0,0.9158625,0.9158625,0.88,True,0.9158625,False,False,"[""product_48"", ""product_48""]","[""structured"", ""unstructured""]","[""structured_row:Auralex Headphones Max 48"", ""Auralex Headphones Max 48 is manufactured by Auralex. Priced at 1099 USD. The display measures 11.0 inches. Offers 1024GB of internal storage. Weighs approximately 1.8kg. Available in silver. Fast charging is yes.""]",1,600,candidate
DEC029_NO_FEEDBACK,train_kb,conservative_noisy_or_conflict_adjusted,4,Auralex Headphones Max 48,has_ram_gb,16,auralex headphones max 48|has_ram_gb|16,1,[0.98],True,0,0.735,0.735,0.88,False,0.735,False,False,"[""product_48""]","[""structured""]","[""structured_row:Auralex Headphones Max 48""]",0,600,candidate
DEC029_NO_FEEDBACK,train_kb,conservative_noisy_or_conflict_adjusted,4,Auralex Headphones Max 48,has_storage_gb,1024,auralex headphones max 48|has_storage_gb|1024,2,"[0.98, 0.91]",True,0,0.9158625,0.9158625,0.88,True,0.9158625,False,False,"[""product_48"", ""product_48""]","[""structured"", ""unstructured""]","[""structured_row:Auralex Headphones Max 48"", ""Auralex Headphones Max 48 is manufactured by Auralex. Priced at 1099 USD. The display measures 11.0 inches. Offers 1024GB of internal storage. Weighs approximately 1.8kg. Available in silver. Fast charging is yes.""]",1,600,candidate
DEC029_NO_FEEDBACK,train_kb,conservative_noisy_or_conflict_adjusted,4,Auralex Headphones Max 48,has_battery_life_hours,14,auralex headphones max 48|has_battery_life_hours|14,1,[0.98],True,0,0.735,0.735,0.88,False,0.735,False,False,"[""product_48""]","[""structured""]","[""structured_row:Auralex Headphones Max 48""]",0,600,candidate
DEC029_NO_FEEDBACK,train_kb,conservative_noisy_or_conflict_adjusted,4,Auralex Headphones Max 48,has_weight_kg,1.8,auralex headphones max 48|has_weight_kg|1.8,2,"[0.98, 0.91]",True,0,0.9158625,0.9158625,0.88,True,0.9158625,False,False,"[""product_48"", ""product_48""]","[""structured"", ""unstructured""]","[""structured_row:Auralex Headphones Max 48"", ""Auralex Headphones Max 48 is manufactured by Auralex. Priced at 1099 USD. The display measures 11.0 inches. Offers 1024GB of internal storage. Weighs approximately 1.8kg. Available in silver. Fast charging is yes.""]",1,600,candidate
DEC029_NO_FEEDBACK,train_kb,conservative_noisy_or_conflict_adjusted,4,Auralex Headphones Max 48,has_color,silver,auralex headphones max 48|has_color|silver,2,"[0.98, 0.91]",False,0,0.9158625,0.9158625,0.88,True,0.9158625,False,False,"[""product_48"", ""product_48""]","[""structured"", ""unstructured""]","[""structured_row:Auralex Headphones Max 48"", ""Auralex Headphones Max 48 is manufactured by Auralex. Priced at 1099 USD. The display measures 11.0 inches. Offers 1024GB of internal storage. Weighs approximately 1.8kg. Available in silver. Fast charging is yes.""]",1,600,candidate
DEC029_NO_FEEDBACK,train_kb,conservative_noisy_or_conflict_adjusted,4,Auralex Headphones Max 48,made_of_material,aluminum,auralex headphones max 48|made_of_material|aluminum,1,[0.98],True,0,0.735,0.735,0.88,False,0.735,False,False,"[""product_48""]","[""structured""]","[""structured_row:Auralex Headphones Max 48""]",0,600,candidate
DEC029_NO_FEEDBACK,train_kb,conservative_noisy_or_conflict_adjusted,4,Auralex Headphones Max 48,target_market_region,US,auralex headphones max 48|target_market_region|us,1,[0.98],True,0,0.735,0.735,0.88,False,0.735,False,False,"[""product_48""]","[""structured""]","[""structured_row:Auralex Headphones Max 48""]",0,600,candidate
DEC029_NO_FEEDBACK,train_kb,conservative_noisy_or_conflict_adjusted,4,Auralex Headphones Max 48,supports_fast_charging,yes,auralex headphones max 48|supports_fast_charging|yes,2,"[0.98, 0.91]",True,0,0.9158625,0.9158625,0.88,True,0.9158625,False,False,"[""product_48"", ""product_48""]","[""structured"", ""unstructured""]","[""structured_row:Auralex Headphones Max 48"", ""Auralex Headphones Max 48 is manufactured by Auralex. Priced at 1099 USD. The display measures 11.0 inches. Offers 1024GB of internal storage. Weighs approximately 1.8kg. Available in silver. Fast charging is yes.""]",1,600,candidate
DEC029_NO_FEEDBACK,train_kb,conservative_noisy_or_conflict_adjusted,4,Auralex Headphones Max 48,has_noise_cancellation,yes,auralex headphones max 48|has_noise_cancellation|yes,1,[0.98],True,0,0.735,0.735,0.88,False,0.735,False,False,"[""product_48""]","[""structured""]","[""structured_row:Auralex Headphones Max 48""]",0,600,candidate
DEC029_NO_FEEDBACK,train_kb,conservative_noisy_or_conflict_adjusted,4,Auralex Headphones Lite 49,manufactured_by,Auralex,auralex headphones lite 49|manufactured_by|auralex,3,"[0.98, 0.95, 0.91]",True,0,0.97581046875,0.97581046875,0.88,True,0.97581046875,False,False,"[""product_49"", ""product_49"", ""product_49""]","[""structured"", ""unstructured"", ""unstructured""]","[""structured_row:Auralex Headphones Lite 49"", ""Auralex Headphones Lite 49 is manufactured by Auralex. It is a headphones device. Priced at 499 USD. Comes with 32GB of RAM. Weighs approximately 0.18kg. Built with aluminum construction. Targeted at the Global market."", ""Auralex Headphones Lite 49 is manufactured by Auralex. It is a headphones device. Priced at 499 USD. Comes with 32GB of RAM. Weighs approximately 0.18kg. Built with aluminum construction. Targeted at the Global market.""]",1,600,candidate
DEC029_NO_FEEDBACK,train_kb,conservative_noisy_or_conflict_adjusted,4,Auralex Headphones Lite 49,belongs_to_category,headphones,auralex headphones lite 49|belongs_to_category|headphones,1,[0.98],True,0,0.735,0.735,0.88,False,0.735,False,False,"[""product_49""]","[""structured""]","[""structured_row:Auralex Headphones Lite 49""]",1,600,candidate
DEC029_NO_FEEDBACK,train_kb,conservative_noisy_or_conflict_adjusted,4,Auralex Headphones Lite 49,has_price_usd,499,auralex headphones lite 49|has_price_usd|499,3,"[0.98, 0.92, 0.91]",True,0,0.973917375,0.973917375,0.88,True,0.973917375,False,False,"[""product_49"", ""product_49"", ""product_49""]","[""structured"", ""unstructured"", ""unstructured""]","[""structured_row:Auralex Headphones Lite 49"", ""Auralex Headphones Lite 49 is manufactured by Auralex. It is a headphones device. Priced at 499 USD. Comes with 32GB of RAM. Weighs approximately 0.18kg. Built with aluminum construction. Targeted at the Global market."", ""Auralex Headphones Lite 49 is manufactured by Auralex. It is a headphones device. Priced at 499 USD. Comes with 32GB of RAM. Weighs approximately 0.18kg. Built with aluminum construction. Targeted at the Global market.""]",1,600,candidate
DEC029_NO_FEEDBACK,train_kb,conservative_noisy_or_conflict_adjusted,4,Auralex Headphones Lite 49,has_screen_size_inch,6.1,auralex headphones lite 49|has_screen_size_inch|6.1,1,[0.98],True,0,0.735,0.735,0.88,False,0.735,False,False,"[""product_49""]","[""structured""]","[""structured_row:Auralex Headphones Lite 49""]",0,600,candidate
DEC029_NO_FEEDBACK,train_kb,conservative_noisy_or_conflict_adjusted,4,Auralex Headphones Lite 49,has_ram_gb,32,auralex headphones lite 49|has_ram_gb|32,3,"[0.98, 0.93, 0.91]",True,0,0.97454840625,0.97454840625,0.88,True,0.97454840625,False,False,"[""product_49"", ""product_49"", ""product_49""]","[""structured"", ""unstructured"", ""unstructured""]","[""structured_row:Auralex Headphones Lite 49"", ""Auralex Headphones Lite 49 is manufactured by Auralex. It is a headphones device. Priced at 499 USD. Comes with 32GB of RAM. Weighs approximately 0.18kg. Built with aluminum construction. Targeted at the Global market."", ""Auralex Headphones Lite 49 is manufactured by Auralex. It is a headphones device. Priced at 499 USD. Comes with 32GB of RAM. Weighs approximately 0.18kg. Built with aluminum construction. Targeted at the Global market.""]",1,600,candidate
DEC029_NO_FEEDBACK,train_kb,conservative_noisy_or_conflict_adjusted,4,Auralex Headphones Lite 49,has_storage_gb,512,auralex headphones lite 49|has_storage_gb|512,1,[0.98],True,0,0.735,0.735,0.88,False,0.735,False,False,"[""product_49""]","[""structured""]","[""structured_row:Auralex Headphones Lite 49""]",0,600,candidate
DEC029_NO_FEEDBACK,train_kb,conservative_noisy_or_conflict_adjusted,4,Auralex Headphones Lite 49,has_battery_life_hours,12,auralex headphones lite 49|has_battery_life_hours|12,1,[0.98],True,0,0.735,0.735,0.88,False,0.735,False,False,"[""product_49""]","[""structured""]","[""structured_row:Auralex Headphones Lite 49""]",0,600,candidate
DEC029_NO_FEEDBACK,train_kb,conservative_noisy_or_conflict_adjusted,4,Auralex Headphones Lite 49,has_weight_kg,0.18,auralex headphones lite 49|has_weight_kg|0.18,3,"[0.98, 0.94, 0.91]",True,0,0.9751794375,0.9751794375,0.88,True,0.9751794375,False,False,"[""product_49"", ""product_49"", ""product_49""]","[""structured"", ""unstructured"", ""unstructured""]","[""structured_row:Auralex Headphones Lite 49"", ""Auralex Headphones Lite 49 is manufactured by Auralex. It is a headphones device. Priced at 499 USD. Comes with 32GB of RAM. Weighs approximately 0.18kg. Built with aluminum construction. Targeted at the Global market."", ""Auralex Headphones Lite 49 is manufactured by Auralex. It is a headphones device. Priced at 499 USD. Comes with 32GB of RAM. Weighs approximately 0.18kg. Built with aluminum construction. Targeted at the Global market.""]",1,600,candidate
DEC029_NO_FEEDBACK,train_kb,conservative_noisy_or_conflict_adjusted,4,Auralex Headphones Lite 49,has_color,white,auralex headphones lite 49|has_color|white,1,[0.98],False,0,0.735,0.735,0.88,False,0.735,False,False,"[""product_49""]","[""structured""]","[""structured_row:Auralex Headphones Lite 49""]",0,600,candidate
DEC029_NO_FEEDBACK,train_kb,conservative_noisy_or_conflict_adjusted,4,Auralex Headphones Lite 49,made_of_material,aluminum,auralex headphones lite 49|made_of_material|aluminum,3,"[0.98, 0.96, 0.91]",True,0,0.9764415,0.9764415,0.88,True,0.9764415,False,False,"[""product_49"", ""product_49"", ""product_49""]","[""structured"", ""unstructured"", ""unstructured""]","[""structured_row:Auralex Headphones Lite 49"", ""Auralex Headphones Lite 49 is manufactured by Auralex. It is a headphones device. Priced at 499 USD. Comes with 32GB of RAM. Weighs approximately 0.18kg. Built with aluminum construction. Targeted at the Global market."", ""Auralex Headphones Lite 49 is manufactured by Auralex. It is a headphones device. Priced at 499 USD. Comes with 32GB of RAM. Weighs approximately 0.18kg. Built with aluminum construction. Targeted at the Global market.""]",1,600,candidate
DEC029_NO_FEEDBACK,train_kb,conservative_noisy_or_conflict_adjusted,4,Auralex Headphones Lite 49,target_market_region,Global,auralex headphones lite 49|target_market_region|global,3,"[0.98, 0.9, 0.91]",True,0,0.9726553125,0.9726553125,0.88,True,0.9726553125,False,False,"[""product_49"", ""product_49"", ""product_49""]","[""structured"", ""unstructured"", ""unstructured""]","[""structured_row:Auralex Headphones Lite 49"", ""Auralex Headphones Lite 49 is manufactured by Auralex. It is a headphones device. Priced at 499 USD. Comes with 32GB of RAM. Weighs approximately 0.18kg. Built with aluminum construction. Targeted at the Global market."", ""Auralex Headphones Lite 49 is manufactured by Auralex. It is a headphones device. Priced at 499 USD. Comes with 32GB of RAM. Weighs approximately 0.18kg. Built with aluminum construction. Targeted at the Global market.""]",1,600,candidate
DEC029_NO_FEEDBACK,train_kb,conservative_noisy_or_conflict_adjusted,4,Auralex Headphones Lite 49,supports_fast_charging,yes,auralex headphones lite 49|supports_fast_charging|yes,1,[0.98],True,0,0.735,0.735,0.88,False,0.735,False,False,"[""product_49""]","[""structured""]","[""structured_row:Auralex Headphones Lite 49""]",0,600,candidate
DEC029_NO_FEEDBACK,train_kb,conservative_noisy_or_conflict_adjusted,4,Auralex Headphones Lite 49,has_noise_cancellation,yes,auralex headphones lite 49|has_noise_cancellation|yes,1,[0.98],True,0,0.735,0.735,0.88,False,0.735,False,False,"[""product_49""]","[""structured""]","[""structured_row:Auralex Headphones Lite 49""]",0,600,candidate
DEC029_NO_FEEDBACK,train_kb,conservative_noisy_or_conflict_adjusted,4,Auralex Tablet Plus 50,manufactured_by,Auralex,auralex tablet plus 50|manufactured_by|auralex,2,"[0.98, 0.92]",True,0,0.91785,0.91785,0.88,True,0.91785,False,False,"[""product_50"", ""product_50""]","[""structured"", ""unstructured""]","[""structured_row:Auralex Tablet Plus 50"", ""Auralex Tablet Plus 50 is manufactured by Auralex. The display measures 11.0 inches. Comes with 12GB of RAM. Offers 1024GB of internal storage. Battery lasts up to 14 hours. Built with aluminum construction. Targeted at the APAC market.""]",1,600,candidate
DEC029_NO_FEEDBACK,train_kb,conservative_noisy_or_conflict_adjusted,4,Auralex Tablet Plus 50,belongs_to_category,tablet,auralex tablet plus 50|belongs_to_category|tablet,1,[0.98],True,0,0.735,0.735,0.88,False,0.735,False,False,"[""product_50""]","[""structured""]","[""structured_row:Auralex Tablet Plus 50""]",0,600,candidate
DEC029_NO_FEEDBACK,train_kb,conservative_noisy_or_conflict_adjusted,4,Auralex Tablet Plus 50,has_price_usd,299,auralex tablet plus 50|has_price_usd|299,1,[0.98],True,0,0.735,0.735,0.88,False,0.735,False,False,"[""product_50""]","[""structured""]","[""structured_row:Auralex Tablet Plus 50""]",0,600,candidate
DEC029_NO_FEEDBACK,train_kb,conservative_noisy_or_conflict_adjusted,4,Auralex Tablet Plus 50,has_screen_size_inch,11.0,auralex tablet plus 50|has_screen_size_inch|11.0,2,"[0.98, 0.85]",True,0,0.9039375,0.9039375,0.88,True,0.9039375,False,False,"[""product_50"", ""product_50""]","[""structured"", ""unstructured""]","[""structured_row:Auralex Tablet Plus 50"", ""Auralex Tablet Plus 50 is manufactured by Auralex. The display measures 11.0 inches. Comes with 12GB of RAM. Offers 1024GB of internal storage. Battery lasts up to 14 hours. Built with aluminum construction. Targeted at the APAC market.""]",1,600,candidate
DEC029_NO_FEEDBACK,train_kb,conservative_noisy_or_conflict_adjusted,4,Auralex Tablet Plus 50,has_ram_gb,12,auralex tablet plus 50|has_ram_gb|12,2,"[0.98, 0.88]",True,0,0.9099,0.9099,0.88,True,0.9099,False,False,"[""product_50"", ""product_50""]","[""structured"", ""unstructured""]","[""structured_row:Auralex Tablet Plus 50"", ""Auralex Tablet Plus 50 is manufactured by Auralex. The display measures 11.0 inches. Comes with 12GB of RAM. Offers 1024GB of internal storage. Battery lasts up to 14 hours. Built with aluminum construction. Targeted at the APAC market.""]",1,600,candidate
DEC029_NO_FEEDBACK,train_kb,conservative_noisy_or_conflict_adjusted,4,Auralex Tablet Plus 50,has_storage_gb,1024,auralex tablet plus 50|has_storage_gb|1024,2,"[0.98, 0.89]",True,0,0.9118875,0.9118875,0.88,True,0.9118875,False,False,"[""product_50"", ""product_50""]","[""structured"", ""unstructured""]","[""structured_row:Auralex Tablet Plus 50"", ""Auralex Tablet Plus 50 is manufactured by Auralex. The display measures 11.0 inches. Comes with 12GB of RAM. Offers 1024GB of internal storage. Battery lasts up to 14 hours. Built with aluminum construction. Targeted at the APAC market.""]",1,600,candidate
DEC029_NO_FEEDBACK,train_kb,conservative_noisy_or_conflict_adjusted,4,Auralex Tablet Plus 50,has_battery_life_hours,14,auralex tablet plus 50|has_battery_life_hours|14,2,"[0.98, 0.9]",True,0,0.913875,0.913875,0.88,True,0.913875,False,False,"[""product_50"", ""product_50""]","[""structured"", ""unstructured""]","[""structured_row:Auralex Tablet Plus 50"", ""Auralex Tablet Plus 50 is manufactured by Auralex. The display measures 11.0 inches. Comes with 12GB of RAM. Offers 1024GB of internal storage. Battery lasts up to 14 hours. Built with aluminum construction. Targeted at the APAC market.""]",1,600,candidate
DEC029_NO_FEEDBACK,train_kb,conservative_noisy_or_conflict_adjusted,4,Auralex Tablet Plus 50,has_weight_kg,0.18,auralex tablet plus 50|has_weight_kg|0.18,1,[0.98],True,0,0.735,0.735,0.88,False,0.735,False,False,"[""product_50""]","[""structured""]","[""structured_row:Auralex Tablet Plus 50""]",0,600,candidate
DEC029_NO_FEEDBACK,train_kb,conservative_noisy_or_conflict_adjusted,4,Auralex Tablet Plus 50,has_color,white,auralex tablet plus 50|has_color|white,1,[0.98],False,0,0.735,0.735,0.88,False,0.735,False,False,"[""product_50""]","[""structured""]","[""structured_row:Auralex Tablet Plus 50""]",0,600,candidate
DEC029_NO_FEEDBACK,train_kb,conservative_noisy_or_conflict_adjusted,4,Auralex Tablet Plus 50,made_of_material,aluminum,auralex tablet plus 50|made_of_material|aluminum,2,"[0.98, 0.94]",True,0,0.921825,0.921825,0.88,True,0.921825,False,False,"[""product_50"", ""product_50""]","[""structured"", ""unstructured""]","[""structured_row:Auralex Tablet Plus 50"", ""Auralex Tablet Plus 50 is manufactured by Auralex. The display measures 11.0 inches. Comes with 12GB of RAM. Offers 1024GB of internal storage. Battery lasts up to 14 hours. Built with aluminum construction. Targeted at the APAC market.""]",1,600,candidate
DEC029_NO_FEEDBACK,train_kb,conservative_noisy_or_conflict_adjusted,4,Auralex Tablet Plus 50,target_market_region,APAC,auralex tablet plus 50|target_market_region|apac,2,"[0.98, 0.95]",True,0,0.9238124999999999,0.9238124999999999,0.88,True,0.9238124999999999,False,False,"[""product_50"", ""product_50""]","[""structured"", ""unstructured""]","[""structured_row:Auralex Tablet Plus 50"", ""Auralex Tablet Plus 50 is manufactured by Auralex. The display measures 11.0 inches. Comes with 12GB of RAM. Offers 1024GB of internal storage. Battery lasts up to 14 hours. Built with aluminum construction. Targeted at the APAC market.""]",1,600,candidate
DEC029_NO_FEEDBACK,train_kb,conservative_noisy_or_conflict_adjusted,4,Auralex Tablet Plus 50,supports_fast_charging,yes,auralex tablet plus 50|supports_fast_charging|yes,1,[0.98],True,0,0.735,0.735,0.88,False,0.735,False,False,"[""product_50""]","[""structured""]","[""structured_row:Auralex Tablet Plus 50""]",0,600,candidate
DEC029_NO_FEEDBACK,train_kb,conservative_noisy_or_conflict_adjusted,4,Auralex Tablet Plus 50,has_noise_cancellation,no,auralex tablet plus 50|has_noise_cancellation|no,1,[0.98],True,0,0.735,0.735,0.88,False,0.735,False,False,"[""product_50""]","[""structured""]","[""structured_row:Auralex Tablet Plus 50""]",0,600,candidate
DEC029_NO_FEEDBACK,train_kb,conservative_noisy_or_conflict_adjusted,4,headphones device,has_noise_cancellation,yes,headphones device|has_noise_cancellation|yes,3,"[0.85, 0.92, 0.96]",True,0,0.968535,0.968535,0.88,True,0.887625,False,False,"[""product_19"", ""product_19"", ""product_19""]","[""unstructured"", ""unstructured"", ""unstructured""]","[""It is a headphones device. The display measures 10.9 inches. Comes with 4GB of RAM. Offers 512GB of internal storage. Battery lasts up to 10 hours. Targeted at the EU market. Noise cancellation: yes."", ""It is a headphones device. The display measures 10.9 inches. Comes with 4GB of RAM. Offers 512GB of internal storage. Battery lasts up to 10 hours. Targeted at the EU market. Noise cancellation: yes."", ""It is a headphones device. The display measures 10.9 inches. Comes with 4GB of RAM. Offers 512GB of internal storage. Battery lasts up to 10 hours. Targeted at the EU market. Noise cancellation: yes.""]",0,600,candidate
DEC029_NO_FEEDBACK,train_kb,conservative_noisy_or_conflict_adjusted,4,TechNova Smartphone Pro 1,has_ram_gb,32,technova smartphone pro 1|has_ram_gb|32,3,"[0.91, 0.91, 0.91]",True,3,0.967994015625,0.24199850390625,0.88,False,0.2247984375,False,False,"[""product_20"", ""product_20"", ""product_20""]","[""unstructured"", ""unstructured"", ""unstructured""]","[""Comes with 32GB of RAM. Offers 256GB of internal storage. Battery lasts up to 12 hours. Available in white. Targeted at the EU market. Fast charging is yes. Noise cancellation: no."", ""Comes with 32GB of RAM. Offers 256GB of internal storage. Battery lasts up to 12 hours. Available in white. Targeted at the EU market. Fast charging is yes. Noise cancellation: no."", ""Comes with 32GB of RAM. Offers 256GB of internal storage. Battery lasts up to 12 hours. Available in white. Targeted at the EU market. Fast charging is yes. Noise cancellation: no.""]",0,600,candidate
DEC029_NO_FEEDBACK,train_kb,conservative_noisy_or_conflict_adjusted,4,TechNova Smartphone Pro 1,has_storage_gb,256,technova smartphone pro 1|has_storage_gb|256,5,"[0.91, 0.91, 0.91, 0.91, 0.91]",True,2,0.9967735967375977,0.33225786557919923,0.88,False,0.322664671875,False,False,"[""product_20"", ""product_34"", ""product_20"", ""product_20"", ""product_34""]","[""unstructured"", ""unstructured"", ""unstructured"", ""unstructured"", ""unstructured""]","[""Comes with 32GB of RAM. Offers 256GB of internal storage. Battery lasts up to 12 hours. Available in white. Targeted at the EU market. Fast charging is yes. Noise cancellation: no."", ""Priced at 699 USD. Offers 256GB of internal storage. Weighs approximately 0.18kg. Available in black. Targeted at the APAC market. Fast charging is yes. Noise cancellation: no."", ""Comes with 32GB of RAM. Offers 256GB of internal storage. Battery lasts up to 12 hours. Available in white. Targeted at the EU market. Fast charging is yes. Noise cancellation: no."", ""Comes with 32GB of RAM. Offers 256GB of internal storage. Battery lasts up to 12 hours. Available in white. Targeted at the EU market. Fast charging is yes. Noise cancellation: no."", ""Priced at 699 USD. Offers 256GB of internal storage. Weighs approximately 0.18kg. Available in black. Targeted at the APAC market. Fast charging is yes. Noise cancellation: no.""]",0,600,candidate
DEC029_NO_FEEDBACK,train_kb,conservative_noisy_or_conflict_adjusted,4,TechNova Smartphone Pro 1,has_battery_life_hours,12,technova smartphone pro 1|has_battery_life_hours|12,3,"[0.91, 0.91, 0.91]",True,4,0.967994015625,0.193598803125,0.88,False,0.17983875,False,False,"[""product_20"", ""product_20"", ""product_20""]","[""unstructured"", ""unstructured"", ""unstructured""]","[""Comes with 32GB of RAM. Offers 256GB of internal storage. Battery lasts up to 12 hours. Available in white. Targeted at the EU market. Fast charging is yes. Noise cancellation: no."", ""Comes with 32GB of RAM. Offers 256GB of internal storage. Battery lasts up to 12 hours. Available in white. Targeted at the EU market. Fast charging is yes. Noise cancellation: no."", ""Comes with 32GB of RAM. Offers 256GB of internal storage. Battery lasts up to 12 hours. Available in white. Targeted at the EU market. Fast charging is yes. Noise cancellation: no.""]",0,600,candidate
DEC029_NO_FEEDBACK,train_kb,conservative_noisy_or_conflict_adjusted,4,TechNova Smartphone Pro 1,has_color,white,technova smartphone pro 1|has_color|white,3,"[0.91, 0.91, 0.91]",False,3,0.967994015625,0.967994015625,0.88,True,0.89919375,False,False,"[""product_20"", ""product_20"", ""product_20""]","[""unstructured"", ""unstructured"", ""unstructured""]","[""Comes with 32GB of RAM. Offers 256GB of internal storage. Battery lasts up to 12 hours. Available in white. Targeted at the EU market. Fast charging is yes. Noise cancellation: no."", ""Comes with 32GB of RAM. Offers 256GB of internal storage. Battery lasts up to 12 hours. Available in white. Targeted at the EU market. Fast charging is yes. Noise cancellation: no."", ""Comes with 32GB of RAM. Offers 256GB of internal storage. Battery lasts up to 12 hours. Available in white. Targeted at the EU market. Fast charging is yes. Noise cancellation: no.""]",0,600,candidate
DEC029_NO_FEEDBACK,train_kb,conservative_noisy_or_conflict_adjusted,4,It is a tablet device.,belongs_to_category,tablet,it is a tablet device.|belongs_to_category|tablet,3,"[0.8, 0.8, 0.8]",True,0,0.936,0.936,0.88,True,0.8400000000000001,True,False,"[""product_22"", ""product_22"", ""product_41""]","[""unstructured"", ""unstructured"", ""unstructured""]","[""It is a tablet device. Priced at 1099 USD. The display measures 15.6 inches. Comes with 8GB of RAM. Offers 256GB of internal storage. Battery lasts up to 12 hours. Weighs approximately 0.55kg."", ""It is a tablet device. Priced at 1099 USD. The display measures 15.6 inches. Comes with 8GB of RAM. Offers 256GB of internal storage. Battery lasts up to 12 hours. Weighs approximately 0.55kg."", ""It is a tablet device. Priced at 349 USD. Comes with 16GB of RAM. Battery lasts up to 20 hours. Built with carbon fiber construction. Targeted at the APAC market. Fast charging is yes.""]",0,600,candidate
DEC029_NO_FEEDBACK,train_kb,conservative_noisy_or_conflict_adjusted,4,Priced at 1099 USD.,has_price_usd,1099,priced at 1099 usd.|has_price_usd|1099,1,[0.8],True,0,0.6000000000000001,0.6000000000000001,0.88,False,0.6000000000000001,False,False,"[""product_22""]","[""unstructured""]","[""It is a tablet device. Priced at 1099 USD. The display measures 15.6 inches. Comes with 8GB of RAM. Offers 256GB of internal storage. Battery lasts up to 12 hours. Weighs approximately 0.55kg.""]",0,600,candidate
DEC029_NO_FEEDBACK,train_kb,conservative_noisy_or_conflict_adjusted,4,The display measures 15.6 inches.,has_screen_size_inch,15.6,the display measures 15.6 inches.|has_screen_size_inch|15.6,2,"[0.8, 0.8]",True,0,0.8400000000000001,0.8400000000000001,0.88,False,0.8400000000000001,False,False,"[""product_22"", ""product_22""]","[""unstructured"", ""unstructured""]","[""It is a tablet device. Priced at 1099 USD. The display measures 15.6 inches. Comes with 8GB of RAM. Offers 256GB of internal storage. Battery lasts up to 12 hours. Weighs approximately 0.55kg."", ""It is a tablet device. Priced at 1099 USD. The display measures 15.6 inches. Comes with 8GB of RAM. Offers 256GB of internal storage. Battery lasts up to 12 hours. Weighs approximately 0.55kg.""]",0,600,candidate
DEC029_NO_FEEDBACK,train_kb,conservative_noisy_or_conflict_adjusted,4,Comes with 8GB of RAM.,has_ram_gb,8,comes with 8gb of ram.|has_ram_gb|8,2,"[0.8, 0.8]",True,0,0.8400000000000001,0.8400000000000001,0.88,False,0.8400000000000001,False,False,"[""product_22"", ""product_22""]","[""unstructured"", ""unstructured""]","[""It is a tablet device. Priced at 1099 USD. The display measures 15.6 inches. Comes with 8GB of RAM. Offers 256GB of internal storage. Battery lasts up to 12 hours. Weighs approximately 0.55kg."", ""It is a tablet device. Priced at 1099 USD. The display measures 15.6 inches. Comes with 8GB of RAM. Offers 256GB of internal storage. Battery lasts up to 12 hours. Weighs approximately 0.55kg.""]",0,600,candidate
DEC029_NO_FEEDBACK,train_kb,conservative_noisy_or_conflict_adjusted,4,Battery lasts up to 12 hours.,has_battery_life_hours,12,battery lasts up to 12 hours.|has_battery_life_hours|12,2,"[0.8, 0.8]",True,0,0.8400000000000001,0.8400000000000001,0.88,False,0.8400000000000001,False,False,"[""product_22"", ""product_22""]","[""unstructured"", ""unstructured""]","[""It is a tablet device. Priced at 1099 USD. The display measures 15.6 inches. Comes with 8GB of RAM. Offers 256GB of internal storage. Battery lasts up to 12 hours. Weighs approximately 0.55kg."", ""It is a tablet device. Priced at 1099 USD. The display measures 15.6 inches. Comes with 8GB of RAM. Offers 256GB of internal storage. Battery lasts up to 12 hours. Weighs approximately 0.55kg.""]",0,600,candidate
DEC029_NO_FEEDBACK,train_kb,conservative_noisy_or_conflict_adjusted,4,Weighs approximately 0.55kg.,has_weight_kg,0.55,weighs approximately 0.55kg.|has_weight_kg|0.55,2,"[0.8, 0.8]",True,0,0.8400000000000001,0.8400000000000001,0.88,False,0.8400000000000001,False,False,"[""product_22"", ""product_22""]","[""unstructured"", ""unstructured""]","[""It is a tablet device. Priced at 1099 USD. The display measures 15.6 inches. Comes with 8GB of RAM. Offers 256GB of internal storage. Battery lasts up to 12 hours. Weighs approximately 0.55kg."", ""It is a tablet device. Priced at 1099 USD. The display measures 15.6 inches. Comes with 8GB of RAM. Offers 256GB of internal storage. Battery lasts up to 12 hours. Weighs approximately 0.55kg.""]",0,600,candidate
DEC029_NO_FEEDBACK,train_kb,conservative_noisy_or_conflict_adjusted,4,It is a headphones device.,belongs_to_category,headphones,it is a headphones device.|belongs_to_category|headphones,2,"[0.8, 0.85]",True,0,0.855,0.855,0.88,False,0.6000000000000001,False,False,"[""product_23"", ""product_23""]","[""unstructured"", ""unstructured""]","[""It is a headphones device. Priced at 1299 USD. Comes with 16GB of RAM. Offers 128GB of internal storage. Battery lasts up to 10 hours. Available in silver. Fast charging is yes."", ""It is a headphones device. Priced at 1299 USD. Comes with 16GB of RAM. Offers 128GB of internal storage. Battery lasts up to 10 hours. Available in silver. Fast charging is yes.""]",0,600,candidate
DEC029_NO_FEEDBACK,train_kb,conservative_noisy_or_conflict_adjusted,4,Priced at 1299 USD.,has_price_usd,1299,priced at 1299 usd.|has_price_usd|1299,1,[0.8],True,0,0.6000000000000001,0.6000000000000001,0.88,False,0.6000000000000001,False,False,"[""product_23""]","[""unstructured""]","[""It is a headphones device. Priced at 1299 USD. Comes with 16GB of RAM. Offers 128GB of internal storage. Battery lasts up to 10 hours. Available in silver. Fast charging is yes.""]",0,600,candidate
DEC029_NO_FEEDBACK,train_kb,conservative_noisy_or_conflict_adjusted,4,Comes with 16GB of RAM.,has_ram_gb,16,comes with 16gb of ram.|has_ram_gb|16,1,[0.8],True,0,0.6000000000000001,0.6000000000000001,0.88,False,0.6000000000000001,False,False,"[""product_23""]","[""unstructured""]","[""It is a headphones device. Priced at 1299 USD. Comes with 16GB of RAM. Offers 128GB of internal storage. Battery lasts up to 10 hours. Available in silver. Fast charging is yes.""]",0,600,candidate
DEC029_NO_FEEDBACK,train_kb,conservative_noisy_or_conflict_adjusted,4,Offers 128GB of internal storage.,has_storage_gb,128,offers 128gb of internal storage.|has_storage_gb|128,1,[0.8],True,0,0.6000000000000001,0.6000000000000001,0.88,False,0.6000000000000001,False,False,"[""product_23""]","[""unstructured""]","[""It is a headphones device. Priced at 1299 USD. Comes with 16GB of RAM. Offers 128GB of internal storage. Battery lasts up to 10 hours. Available in silver. Fast charging is yes.""]",0,600,candidate
DEC029_NO_FEEDBACK,train_kb,conservative_noisy_or_conflict_adjusted,4,Battery lasts up to 10 hours.,has_battery_life_hours,10,battery lasts up to 10 hours.|has_battery_life_hours|10,1,[0.8],True,0,0.6000000000000001,0.6000000000000001,0.88,False,0.6000000000000001,False,False,"[""product_23""]","[""unstructured""]","[""It is a headphones device. Priced at 1299 USD. Comes with 16GB of RAM. Offers 128GB of internal storage. Battery lasts up to 10 hours. Available in silver. Fast charging is yes.""]",0,600,candidate
DEC029_NO_FEEDBACK,train_kb,conservative_noisy_or_conflict_adjusted,4,Available in silver.,has_color,silver,available in silver.|has_color|silver,1,[0.8],False,0,0.6000000000000001,0.6000000000000001,0.88,False,0.6000000000000001,False,False,"[""product_23""]","[""unstructured""]","[""It is a headphones device. Priced at 1299 USD. Comes with 16GB of RAM. Offers 128GB of internal storage. Battery lasts up to 10 hours. Available in silver. Fast charging is yes.""]",0,600,candidate
DEC029_NO_FEEDBACK,train_kb,conservative_noisy_or_conflict_adjusted,4,Fast charging is yes.,supports_fast_charging,yes,fast charging is yes.|supports_fast_charging|yes,1,[0.8],True,0,0.6000000000000001,0.6000000000000001,0.88,False,0.6000000000000001,False,False,"[""product_23""]","[""unstructured""]","[""It is a headphones device. Priced at 1299 USD. Comes with 16GB of RAM. Offers 128GB of internal storage. Battery lasts up to 10 hours. Available in silver. Fast charging is yes.""]",0,600,candidate
DEC029_NO_FEEDBACK,train_kb,conservative_noisy_or_conflict_adjusted,4,VoltEdge Laptop Max 32,belongs_to_category,laptop device,voltedge laptop max 32|belongs_to_category|laptop device,1,[0.91],True,1,0.6825,0.34125,0.88,False,0.34125,False,False,"[""product_32""]","[""unstructured""]","[""VoltEdge Laptop Max 32 is manufactured by VoltEdge. It is a laptop device. Comes with 16GB of RAM. Battery lasts up to 14 hours. Weighs approximately 1.8kg. Targeted at the Global market. Noise cancellation: no.""]",0,600,candidate
DEC029_NO_FEEDBACK,train_kb,conservative_noisy_or_conflict_adjusted,4,TechNova Smartphone Pro 1,has_color,black,technova smartphone pro 1|has_color|black,2,"[0.91, 0.91]",False,3,0.89919375,0.89919375,0.88,True,0.6825,True,False,"[""product_34"", ""product_34""]","[""unstructured"", ""unstructured""]","[""Priced at 699 USD. Offers 256GB of internal storage. Weighs approximately 0.18kg. Available in black. Targeted at the APAC market. Fast charging is yes. Noise cancellation: no."", ""Priced at 699 USD. Offers 256GB of internal storage. Weighs approximately 0.18kg. Available in black. Targeted at the APAC market. Fast charging is yes. Noise cancellation: no.""]",0,600,candidate
DEC029_NO_FEEDBACK,train_kb,conservative_noisy_or_conflict_adjusted,4,It is a smartwatch device,belongs_to_category,smartwatch,it is a smartwatch device|belongs_to_category|smartwatch,1,[0.85],True,0,0.6375,0.6375,0.88,False,0.6375,False,False,"[""product_36""]","[""unstructured""]","[""It is a smartwatch device. Comes with 8GB of RAM. Battery lasts up to 18 hours. Weighs approximately 0.18kg. Available in green. Targeted at the APAC market. Fast charging is no.""]",0,600,candidate
DEC029_NO_FEEDBACK,train_kb,conservative_noisy_or_conflict_adjusted,4,It is a smartwatch device,has_ram_gb,8,it is a smartwatch device|has_ram_gb|8,1,[0.91],True,0,0.6825,0.6825,0.88,False,0.6825,False,False,"[""product_36""]","[""unstructured""]","[""It is a smartwatch device. Comes with 8GB of RAM. Battery lasts up to 18 hours. Weighs approximately 0.18kg. Available in green. Targeted at the APAC market. Fast charging is no.""]",0,600,candidate
DEC029_NO_FEEDBACK,train_kb,conservative_noisy_or_conflict_adjusted,4,It is a smartwatch device,has_battery_life_hours,18,it is a smartwatch device|has_battery_life_hours|18,1,[0.91],True,0,0.6825,0.6825,0.88,False,0.6825,False,False,"[""product_36""]","[""unstructured""]","[""It is a smartwatch device. Comes with 8GB of RAM. Battery lasts up to 18 hours. Weighs approximately 0.18kg. Available in green. Targeted at the APAC market. Fast charging is no.""]",0,600,candidate
DEC029_NO_FEEDBACK,train_kb,conservative_noisy_or_conflict_adjusted,4,It is a smartwatch device,has_weight_kg,0.18,it is a smartwatch device|has_weight_kg|0.18,1,[0.91],True,0,0.6825,0.6825,0.88,False,0.6825,False,False,"[""product_36""]","[""unstructured""]","[""It is a smartwatch device. Comes with 8GB of RAM. Battery lasts up to 18 hours. Weighs approximately 0.18kg. Available in green. Targeted at the APAC market. Fast charging is no.""]",0,600,candidate
DEC029_NO_FEEDBACK,train_kb,conservative_noisy_or_conflict_adjusted,4,It is a smartwatch device,has_color,green,it is a smartwatch device|has_color|green,1,[0.91],False,0,0.6825,0.6825,0.88,False,0.6825,False,False,"[""product_36""]","[""unstructured""]","[""It is a smartwatch device. Comes with 8GB of RAM. Battery lasts up to 18 hours. Weighs approximately 0.18kg. Available in green. Targeted at the APAC market. Fast charging is no.""]",0,600,candidate
DEC029_NO_FEEDBACK,train_kb,conservative_noisy_or_conflict_adjusted,4,It is a smartwatch device,target_market_region,APAC,it is a smartwatch device|target_market_region|apac,1,[0.91],True,0,0.6825,0.6825,0.88,False,0.6825,False,False,"[""product_36""]","[""unstructured""]","[""It is a smartwatch device. Comes with 8GB of RAM. Battery lasts up to 18 hours. Weighs approximately 0.18kg. Available in green. Targeted at the APAC market. Fast charging is no.""]",0,600,candidate
DEC029_NO_FEEDBACK,train_kb,conservative_noisy_or_conflict_adjusted,4,It is a smartwatch device,supports_fast_charging,no,it is a smartwatch device|supports_fast_charging|no,1,[0.91],True,0,0.6825,0.6825,0.88,False,0.6825,False,False,"[""product_36""]","[""unstructured""]","[""It is a smartwatch device. Comes with 8GB of RAM. Battery lasts up to 18 hours. Weighs approximately 0.18kg. Available in green. Targeted at the APAC market. Fast charging is no.""]",0,600,candidate
DEC029_NO_FEEDBACK,train_kb,conservative_noisy_or_conflict_adjusted,4,It is a tablet device,has_noise_cancellation,no,it is a tablet device|has_noise_cancellation|no,1,[0.91],True,0,0.6825,0.6825,0.88,False,0.6825,False,False,"[""product_41""]","[""unstructured""]","[""It is a tablet device. Priced at 349 USD. Comes with 16GB of RAM. Battery lasts up to 20 hours. Built with carbon fiber construction. Targeted at the APAC market. Fast charging is yes.""]",0,600,candidate
DEC029_NO_FEEDBACK,train_kb,conservative_noisy_or_conflict_adjusted,4,It is a tablet device,has_battery_life_hours,20,it is a tablet device|has_battery_life_hours|20,1,[0.91],True,2,0.6825,0.2275,0.88,False,0.6825,False,False,"[""product_41""]","[""unstructured""]","[""It is a tablet device. Priced at 349 USD. Comes with 16GB of RAM. Battery lasts up to 20 hours. Built with carbon fiber construction. Targeted at the APAC market. Fast charging is yes.""]",0,600,candidate
DEC029_NO_FEEDBACK,train_kb,conservative_noisy_or_conflict_adjusted,4,It is a tablet device,has_ram_gb,16,it is a tablet device|has_ram_gb|16,1,[0.91],True,1,0.6825,0.34125,0.88,False,0.6825,False,False,"[""product_41""]","[""unstructured""]","[""It is a tablet device. Priced at 349 USD. Comes with 16GB of RAM. Battery lasts up to 20 hours. Built with carbon fiber construction. Targeted at the APAC market. Fast charging is yes.""]",0,600,candidate
DEC029_NO_FEEDBACK,train_kb,conservative_noisy_or_conflict_adjusted,4,It is a tablet device,has_price_usd,349,it is a tablet device|has_price_usd|349,1,[0.91],True,1,0.6825,0.34125,0.88,False,0.6825,False,False,"[""product_41""]","[""unstructured""]","[""It is a tablet device. Priced at 349 USD. Comes with 16GB of RAM. Battery lasts up to 20 hours. Built with carbon fiber construction. Targeted at the APAC market. Fast charging is yes.""]",0,600,candidate
DEC029_NO_FEEDBACK,train_kb,conservative_noisy_or_conflict_adjusted,4,It is a tablet device,supports_fast_charging,yes,it is a tablet device|supports_fast_charging|yes,1,[0.91],True,1,0.6825,0.34125,0.88,False,0.6825,False,False,"[""product_41""]","[""unstructured""]","[""It is a tablet device. Priced at 349 USD. Comes with 16GB of RAM. Battery lasts up to 20 hours. Built with carbon fiber construction. Targeted at the APAC market. Fast charging is yes.""]",0,600,candidate
DEC029_NO_FEEDBACK,train_kb,conservative_noisy_or_conflict_adjusted,4,It is a tablet device,target_market_region,APAC,it is a tablet device|target_market_region|apac,1,[0.91],True,1,0.6825,0.34125,0.88,False,0.6825,False,False,"[""product_41""]","[""unstructured""]","[""It is a tablet device. Priced at 349 USD. Comes with 16GB of RAM. Battery lasts up to 20 hours. Built with carbon fiber construction. Targeted at the APAC market. Fast charging is yes.""]",0,600,candidate
DEC029_NO_FEEDBACK,train_kb,conservative_noisy_or_conflict_adjusted,4,It is a laptop device,belongs_to_category,laptop,it is a laptop device|belongs_to_category|laptop,1,[0.95],True,0,0.7124999999999999,0.7124999999999999,0.88,False,0.7124999999999999,False,False,"[""product_15""]","[""unstructured""]","[""It is a laptop device. The display measures 14.0 inches. Offers 64GB of internal storage. Battery lasts up to 14 hours. Weighs approximately 1.45kg. Targeted at the Global market. Noise cancellation: no.""]",0,600,candidate
DEC029_NO_FEEDBACK,train_kb,conservative_noisy_or_conflict_adjusted,4,It is a laptop device,has_screen_size_inch,14.0,it is a laptop device|has_screen_size_inch|14.0,1,[0.95],True,0,0.7124999999999999,0.7124999999999999,0.88,False,0.7124999999999999,False,False,"[""product_15""]","[""unstructured""]","[""It is a laptop device. The display measures 14.0 inches. Offers 64GB of internal storage. Battery lasts up to 14 hours. Weighs approximately 1.45kg. Targeted at the Global market. Noise cancellation: no.""]",0,600,candidate
DEC029_NO_FEEDBACK,train_kb,conservative_noisy_or_conflict_adjusted,4,It is a laptop device,has_storage_gb,64,it is a laptop device|has_storage_gb|64,1,[0.95],True,0,0.7124999999999999,0.7124999999999999,0.88,False,0.7124999999999999,False,False,"[""product_15""]","[""unstructured""]","[""It is a laptop device. The display measures 14.0 inches. Offers 64GB of internal storage. Battery lasts up to 14 hours. Weighs approximately 1.45kg. Targeted at the Global market. Noise cancellation: no.""]",0,600,candidate
DEC029_NO_FEEDBACK,train_kb,conservative_noisy_or_conflict_adjusted,4,It is a laptop device,has_battery_life_hours,14,it is a laptop device|has_battery_life_hours|14,1,[0.95],True,0,0.7124999999999999,0.7124999999999999,0.88,False,0.7124999999999999,False,False,"[""product_15""]","[""unstructured""]","[""It is a laptop device. The display measures 14.0 inches. Offers 64GB of internal storage. Battery lasts up to 14 hours. Weighs approximately 1.45kg. Targeted at the Global market. Noise cancellation: no.""]",0,600,candidate
DEC029_NO_FEEDBACK,train_kb,conservative_noisy_or_conflict_adjusted,4,It is a laptop device,has_weight_kg,1.45,it is a laptop device|has_weight_kg|1.45,1,[0.95],True,0,0.7124999999999999,0.7124999999999999,0.88,False,0.7124999999999999,False,False,"[""product_15""]","[""unstructured""]","[""It is a laptop device. The display measures 14.0 inches. Offers 64GB of internal storage. Battery lasts up to 14 hours. Weighs approximately 1.45kg. Targeted at the Global market. Noise cancellation: no.""]",0,600,candidate
DEC029_NO_FEEDBACK,train_kb,conservative_noisy_or_conflict_adjusted,4,It is a laptop device,target_market_region,Global,it is a laptop device|target_market_region|global,1,[0.95],True,0,0.7124999999999999,0.7124999999999999,0.88,False,0.7124999999999999,False,False,"[""product_15""]","[""unstructured""]","[""It is a laptop device. The display measures 14.0 inches. Offers 64GB of internal storage. Battery lasts up to 14 hours. Weighs approximately 1.45kg. Targeted at the Global market. Noise cancellation: no.""]",0,600,candidate
DEC029_NO_FEEDBACK,train_kb,conservative_noisy_or_conflict_adjusted,4,It is a laptop device,has_noise_cancellation,no,it is a laptop device|has_noise_cancellation|no,1,[0.95],True,0,0.7124999999999999,0.7124999999999999,0.88,False,0.7124999999999999,False,False,"[""product_15""]","[""unstructured""]","[""It is a laptop device. The display measures 14.0 inches. Offers 64GB of internal storage. Battery lasts up to 14 hours. Weighs approximately 1.45kg. Targeted at the Global market. Noise cancellation: no.""]",0,600,candidate
DEC029_NO_FEEDBACK,train_kb,conservative_noisy_or_conflict_adjusted,4,It is a tablet device.,has_price_usd,1099,it is a tablet device.|has_price_usd|1099,1,[0.8],True,1,0.6000000000000001,0.30000000000000004,0.88,False,0.6000000000000001,False,False,"[""product_22""]","[""unstructured""]","[""It is a tablet device. Priced at 1099 USD. The display measures 15.6 inches. Comes with 8GB of RAM. Offers 256GB of internal storage. Battery lasts up to 12 hours. Weighs approximately 0.55kg.""]",0,600,candidate
DEC029_NO_FEEDBACK,train_kb,conservative_noisy_or_conflict_adjusted,4,Offers 256GB of internal storage.,has_storage_gb,256,offers 256gb of internal storage.|has_storage_gb|256,1,[0.8],True,0,0.6000000000000001,0.6000000000000001,0.88,False,0.6000000000000001,False,False,"[""product_22""]","[""unstructured""]","[""It is a tablet device. Priced at 1099 USD. The display measures 15.6 inches. Comes with 8GB of RAM. Offers 256GB of internal storage. Battery lasts up to 12 hours. Weighs approximately 0.55kg.""]",0,600,candidate
DEC029_NO_FEEDBACK,train_kb,conservative_noisy_or_conflict_adjusted,4,It is a headphones device,has_noise_cancellation,no,it is a headphones device|has_noise_cancellation|no,1,[0.85],True,0,0.6375,0.6375,0.88,False,0.6375,False,False,"[""product_23""]","[""unstructured""]","[""It is a headphones device. Priced at 1299 USD. Comes with 16GB of RAM. Offers 128GB of internal storage. Battery lasts up to 10 hours. Available in silver. Fast charging is yes.""]",0,600,candidate
DEC029_NO_FEEDBACK,train_kb,conservative_noisy_or_conflict_adjusted,4,It is a headphones device,has_price_usd,1299,it is a headphones device|has_price_usd|1299,1,[0.85],True,0,0.6375,0.6375,0.88,False,0.6375,False,False,"[""product_23""]","[""unstructured""]","[""It is a headphones device. Priced at 1299 USD. Comes with 16GB of RAM. Offers 128GB of internal storage. Battery lasts up to 10 hours. Available in silver. Fast charging is yes.""]",0,600,candidate
DEC029_NO_FEEDBACK,train_kb,conservative_noisy_or_conflict_adjusted,4,It is a headphones device,has_ram_gb,16,it is a headphones device|has_ram_gb|16,1,[0.85],True,0,0.6375,0.6375,0.88,False,0.6375,False,False,"[""product_23""]","[""unstructured""]","[""It is a headphones device. Priced at 1299 USD. Comes with 16GB of RAM. Offers 128GB of internal storage. Battery lasts up to 10 hours. Available in silver. Fast charging is yes.""]",0,600,candidate
DEC029_NO_FEEDBACK,train_kb,conservative_noisy_or_conflict_adjusted,4,It is a headphones device,has_storage_gb,128,it is a headphones device|has_storage_gb|128,1,[0.85],True,0,0.6375,0.6375,0.88,False,0.6375,False,False,"[""product_23""]","[""unstructured""]","[""It is a headphones device. Priced at 1299 USD. Comes with 16GB of RAM. Offers 128GB of internal storage. Battery lasts up to 10 hours. Available in silver. Fast charging is yes.""]",0,600,candidate
DEC029_NO_FEEDBACK,train_kb,conservative_noisy_or_conflict_adjusted,4,It is a headphones device,has_battery_life_hours,10,it is a headphones device|has_battery_life_hours|10,1,[0.85],True,0,0.6375,0.6375,0.88,False,0.6375,False,False,"[""product_23""]","[""unstructured""]","[""It is a headphones device. Priced at 1299 USD. Comes with 16GB of RAM. Offers 128GB of internal storage. Battery lasts up to 10 hours. Available in silver. Fast charging is yes.""]",0,600,candidate
DEC029_NO_FEEDBACK,train_kb,conservative_noisy_or_conflict_adjusted,4,It is a headphones device,has_color,silver,it is a headphones device|has_color|silver,1,[0.85],False,0,0.6375,0.6375,0.88,False,0.6375,False,False,"[""product_23""]","[""unstructured""]","[""It is a headphones device. Priced at 1299 USD. Comes with 16GB of RAM. Offers 128GB of internal storage. Battery lasts up to 10 hours. Available in silver. Fast charging is yes.""]",0,600,candidate
DEC029_NO_FEEDBACK,train_kb,conservative_noisy_or_conflict_adjusted,4,It is a headphones device,supports_fast_charging,yes,it is a headphones device|supports_fast_charging|yes,1,[0.85],True,0,0.6375,0.6375,0.88,False,0.6375,False,False,"[""product_23""]","[""unstructured""]","[""It is a headphones device. Priced at 1299 USD. Comes with 16GB of RAM. Offers 128GB of internal storage. Battery lasts up to 10 hours. Available in silver. Fast charging is yes.""]",0,600,candidate
DEC029_NO_FEEDBACK,train_kb,conservative_noisy_or_conflict_adjusted,4,NeoTech Tablet Air 27,has_battery_life_hours,18,neotech tablet air 27|has_battery_life_hours|18,1,[0.91],True,1,0.6825,0.34125,0.88,False,0.34125,False,False,"[""product_45""]","[""unstructured""]","[""It is a tablet device. Offers 1024GB of internal storage. Battery lasts up to 18 hours. Weighs approximately 0.23kg. Available in blue. Targeted at the Global market. Fast charging is no.""]",0,600,candidate
DEC029_NO_FEEDBACK,train_kb,conservative_noisy_or_conflict_adjusted,4,NeoTech Tablet Air 27,has_weight_kg,0.23,neotech tablet air 27|has_weight_kg|0.23,1,[0.91],True,1,0.6825,0.34125,0.88,False,0.34125,False,False,"[""product_45""]","[""unstructured""]","[""It is a tablet device. Offers 1024GB of internal storage. Battery lasts up to 18 hours. Weighs approximately 0.23kg. Available in blue. Targeted at the Global market. Fast charging is no.""]",0,600,candidate
DEC029_NO_FEEDBACK,train_kb,conservative_noisy_or_conflict_adjusted,4,NeoTech Tablet Air 27,has_color,blue,neotech tablet air 27|has_color|blue,1,[0.91],False,1,0.6825,0.6825,0.88,False,0.6825,False,False,"[""product_45""]","[""unstructured""]","[""It is a tablet device. Offers 1024GB of internal storage. Battery lasts up to 18 hours. Weighs approximately 0.23kg. Available in blue. Targeted at the Global market. Fast charging is no.""]",0,600,candidate
DEC029_NO_FEEDBACK,train_kb,conservative_noisy_or_conflict_adjusted,4,NeoTech Tablet Air 27,target_market_region,Global,neotech tablet air 27|target_market_region|global,1,[0.91],True,1,0.6825,0.34125,0.88,False,0.34125,False,False,"[""product_45""]","[""unstructured""]","[""It is a tablet device. Offers 1024GB of internal storage. Battery lasts up to 18 hours. Weighs approximately 0.23kg. Available in blue. Targeted at the Global market. Fast charging is no.""]",0,600,candidate
DEC029_NO_FEEDBACK,train_kb,conservative_noisy_or_conflict_adjusted,4,NeoTech Tablet Air 27,supports_fast_charging,no,neotech tablet air 27|supports_fast_charging|no,1,[0.91],True,1,0.6825,0.34125,0.88,False,0.34125,False,False,"[""product_45""]","[""unstructured""]","[""It is a tablet device. Offers 1024GB of internal storage. Battery lasts up to 18 hours. Weighs approximately 0.23kg. Available in blue. Targeted at the Global market. Fast charging is no.""]",0,600,candidate
DEC029_NO_FEEDBACK,train_kb,conservative_noisy_or_conflict_adjusted,4,It,belongs_to_category,laptop device,it|belongs_to_category|laptop device,1,[0.85],True,0,0.6375,0.6375,0.88,False,,False,False,"[""product_15""]","[""unstructured""]","[""It is a laptop device. The display measures 14.0 inches. Offers 64GB of internal storage. Battery lasts up to 14 hours. Weighs approximately 1.45kg. Targeted at the Global market. Noise cancellation: no.""]",0,600,candidate
DEC029_NO_FEEDBACK,train_kb,conservative_noisy_or_conflict_adjusted,4,It,has_screen_size_inch,14.0,it|has_screen_size_inch|14.0,1,[0.85],True,0,0.6375,0.6375,0.88,False,,False,False,"[""product_15""]","[""unstructured""]","[""It is a laptop device. The display measures 14.0 inches. Offers 64GB of internal storage. Battery lasts up to 14 hours. Weighs approximately 1.45kg. Targeted at the Global market. Noise cancellation: no.""]",0,600,candidate
DEC029_NO_FEEDBACK,train_kb,conservative_noisy_or_conflict_adjusted,4,It,has_storage_gb,64,it|has_storage_gb|64,1,[0.85],True,0,0.6375,0.6375,0.88,False,,False,False,"[""product_15""]","[""unstructured""]","[""It is a laptop device. The display measures 14.0 inches. Offers 64GB of internal storage. Battery lasts up to 14 hours. Weighs approximately 1.45kg. Targeted at the Global market. Noise cancellation: no.""]",0,600,candidate
DEC029_NO_FEEDBACK,train_kb,conservative_noisy_or_conflict_adjusted,4,It,has_battery_life_hours,14,it|has_battery_life_hours|14,1,[0.85],True,0,0.6375,0.6375,0.88,False,,False,False,"[""product_15""]","[""unstructured""]","[""It is a laptop device. The display measures 14.0 inches. Offers 64GB of internal storage. Battery lasts up to 14 hours. Weighs approximately 1.45kg. Targeted at the Global market. Noise cancellation: no.""]",0,600,candidate
DEC029_NO_FEEDBACK,train_kb,conservative_noisy_or_conflict_adjusted,4,It,has_weight_kg,1.45,it|has_weight_kg|1.45,1,[0.85],True,0,0.6375,0.6375,0.88,False,,False,False,"[""product_15""]","[""unstructured""]","[""It is a laptop device. The display measures 14.0 inches. Offers 64GB of internal storage. Battery lasts up to 14 hours. Weighs approximately 1.45kg. Targeted at the Global market. Noise cancellation: no.""]",0,600,candidate
DEC029_NO_FEEDBACK,train_kb,conservative_noisy_or_conflict_adjusted,4,It,target_market_region,Global,it|target_market_region|global,1,[0.85],True,0,0.6375,0.6375,0.88,False,,False,False,"[""product_15""]","[""unstructured""]","[""It is a laptop device. The display measures 14.0 inches. Offers 64GB of internal storage. Battery lasts up to 14 hours. Weighs approximately 1.45kg. Targeted at the Global market. Noise cancellation: no.""]",0,600,candidate
DEC029_NO_FEEDBACK,train_kb,conservative_noisy_or_conflict_adjusted,4,It,has_noise_cancellation,no,it|has_noise_cancellation|no,1,[0.85],True,0,0.6375,0.6375,0.88,False,,False,False,"[""product_15""]","[""unstructured""]","[""It is a laptop device. The display measures 14.0 inches. Offers 64GB of internal storage. Battery lasts up to 14 hours. Weighs approximately 1.45kg. Targeted at the Global market. Noise cancellation: no.""]",0,600,candidate
DEC029_NO_FEEDBACK,train_kb,conservative_noisy_or_conflict_adjusted,4,TechNova Smartphone Pro 1,has_weight_kg,0.23,technova smartphone pro 1|has_weight_kg|0.23,1,[0.91],True,2,0.6825,0.2275,0.88,False,,False,False,"[""product_16""]","[""unstructured""]","[""NeoTech Smartphone Pro 16 is manufactured by NeoTech. It is a smartphone device. Comes with 32GB of RAM. Battery lasts up to 10 hours. Weighs approximately 0.23kg. Targeted at the US market. Fast charging is no.""]",0,600,candidate
DEC029_NO_FEEDBACK,train_kb,conservative_noisy_or_conflict_adjusted,4,It is a tablet device,belongs_to_category,tablet,it is a tablet device|belongs_to_category|tablet,2,"[0.85, 0.85]",True,0,0.8685937499999999,0.8685937499999999,0.88,False,,False,False,"[""product_22"", ""product_45""]","[""unstructured"", ""unstructured""]","[""It is a tablet device. Priced at 1099 USD. The display measures 15.6 inches. Comes with 8GB of RAM. Offers 256GB of internal storage. Battery lasts up to 12 hours. Weighs approximately 0.55kg."", ""It is a tablet device. Offers 1024GB of internal storage. Battery lasts up to 18 hours. Weighs approximately 0.23kg. Available in blue. Targeted at the Global market. Fast charging is no.""]",0,600,candidate
DEC029_NO_FEEDBACK,train_kb,conservative_noisy_or_conflict_adjusted,4,It is a tablet device,has_price_usd,1099,it is a tablet device|has_price_usd|1099,1,[0.85],True,1,0.6375,0.31875,0.88,False,,False,False,"[""product_22""]","[""unstructured""]","[""It is a tablet device. Priced at 1099 USD. The display measures 15.6 inches. Comes with 8GB of RAM. Offers 256GB of internal storage. Battery lasts up to 12 hours. Weighs approximately 0.55kg.""]",0,600,candidate
DEC029_NO_FEEDBACK,train_kb,conservative_noisy_or_conflict_adjusted,4,It is a tablet device,has_screen_size_inch,15.6,it is a tablet device|has_screen_size_inch|15.6,1,[0.85],True,0,0.6375,0.6375,0.88,False,,False,False,"[""product_22""]","[""unstructured""]","[""It is a tablet device. Priced at 1099 USD. The display measures 15.6 inches. Comes with 8GB of RAM. Offers 256GB of internal storage. Battery lasts up to 12 hours. Weighs approximately 0.55kg.""]",0,600,candidate
DEC029_NO_FEEDBACK,train_kb,conservative_noisy_or_conflict_adjusted,4,It is a tablet device,has_ram_gb,8,it is a tablet device|has_ram_gb|8,1,[0.85],True,1,0.6375,0.31875,0.88,False,,False,False,"[""product_22""]","[""unstructured""]","[""It is a tablet device. Priced at 1099 USD. The display measures 15.6 inches. Comes with 8GB of RAM. Offers 256GB of internal storage. Battery lasts up to 12 hours. Weighs approximately 0.55kg.""]",0,600,candidate
DEC029_NO_FEEDBACK,train_kb,conservative_noisy_or_conflict_adjusted,4,It is a tablet device,has_storage_gb,256,it is a tablet device|has_storage_gb|256,1,[0.85],True,1,0.6375,0.31875,0.88,False,,False,False,"[""product_22""]","[""unstructured""]","[""It is a tablet device. Priced at 1099 USD. The display measures 15.6 inches. Comes with 8GB of RAM. Offers 256GB of internal storage. Battery lasts up to 12 hours. Weighs approximately 0.55kg.""]",0,600,candidate
DEC029_NO_FEEDBACK,train_kb,conservative_noisy_or_conflict_adjusted,4,It is a tablet device,has_battery_life_hours,12,it is a tablet device|has_battery_life_hours|12,1,[0.85],True,2,0.6375,0.2125,0.88,False,,False,False,"[""product_22""]","[""unstructured""]","[""It is a tablet device. Priced at 1099 USD. The display measures 15.6 inches. Comes with 8GB of RAM. Offers 256GB of internal storage. Battery lasts up to 12 hours. Weighs approximately 0.55kg.""]",0,600,candidate
DEC029_NO_FEEDBACK,train_kb,conservative_noisy_or_conflict_adjusted,4,It is a tablet device,has_weight_kg,0.55,it is a tablet device|has_weight_kg|0.55,1,[0.85],True,1,0.6375,0.31875,0.88,False,,False,False,"[""product_22""]","[""unstructured""]","[""It is a tablet device. Priced at 1099 USD. The display measures 15.6 inches. Comes with 8GB of RAM. Offers 256GB of internal storage. Battery lasts up to 12 hours. Weighs approximately 0.55kg.""]",0,600,candidate
DEC029_NO_FEEDBACK,train_kb,conservative_noisy_or_conflict_adjusted,4,It is a headphones device.,has_price_usd,1299,it is a headphones device.|has_price_usd|1299,1,[0.85],True,0,0.6375,0.6375,0.88,False,,False,False,"[""product_23""]","[""unstructured""]","[""It is a headphones device. Priced at 1299 USD. Comes with 16GB of RAM. Offers 128GB of internal storage. Battery lasts up to 10 hours. Available in silver. Fast charging is yes.""]",0,600,candidate
DEC029_NO_FEEDBACK,train_kb,conservative_noisy_or_conflict_adjusted,4,It is a headphones device.,has_ram_gb,16,it is a headphones device.|has_ram_gb|16,1,[0.85],True,0,0.6375,0.6375,0.88,False,,False,False,"[""product_23""]","[""unstructured""]","[""It is a headphones device. Priced at 1299 USD. Comes with 16GB of RAM. Offers 128GB of internal storage. Battery lasts up to 10 hours. Available in silver. Fast charging is yes.""]",0,600,candidate
DEC029_NO_FEEDBACK,train_kb,conservative_noisy_or_conflict_adjusted,4,It is a headphones device.,has_storage_gb,128,it is a headphones device.|has_storage_gb|128,1,[0.85],True,0,0.6375,0.6375,0.88,False,,False,False,"[""product_23""]","[""unstructured""]","[""It is a headphones device. Priced at 1299 USD. Comes with 16GB of RAM. Offers 128GB of internal storage. Battery lasts up to 10 hours. Available in silver. Fast charging is yes.""]",0,600,candidate
DEC029_NO_FEEDBACK,train_kb,conservative_noisy_or_conflict_adjusted,4,It is a headphones device.,has_battery_life_hours,10,it is a headphones device.|has_battery_life_hours|10,1,[0.85],True,0,0.6375,0.6375,0.88,False,,False,False,"[""product_23""]","[""unstructured""]","[""It is a headphones device. Priced at 1299 USD. Comes with 16GB of RAM. Offers 128GB of internal storage. Battery lasts up to 10 hours. Available in silver. Fast charging is yes.""]",0,600,candidate
DEC029_NO_FEEDBACK,train_kb,conservative_noisy_or_conflict_adjusted,4,It is a headphones device.,has_color,silver,it is a headphones device.|has_color|silver,1,[0.85],False,0,0.6375,0.6375,0.88,False,,False,False,"[""product_23""]","[""unstructured""]","[""It is a headphones device. Priced at 1299 USD. Comes with 16GB of RAM. Offers 128GB of internal storage. Battery lasts up to 10 hours. Available in silver. Fast charging is yes.""]",0,600,candidate
DEC029_NO_FEEDBACK,train_kb,conservative_noisy_or_conflict_adjusted,4,It is a headphones device.,supports_fast_charging,yes,it is a headphones device.|supports_fast_charging|yes,1,[0.85],True,0,0.6375,0.6375,0.88,False,,False,False,"[""product_23""]","[""unstructured""]","[""It is a headphones device. Priced at 1299 USD. Comes with 16GB of RAM. Offers 128GB of internal storage. Battery lasts up to 10 hours. Available in silver. Fast charging is yes.""]",0,600,candidate
DEC029_NO_FEEDBACK,train_kb,conservative_noisy_or_conflict_adjusted,4,It is a tablet device.,has_price_usd,349,it is a tablet device.|has_price_usd|349,1,[0.8],True,1,0.6000000000000001,0.30000000000000004,0.88,False,,False,False,"[""product_41""]","[""unstructured""]","[""It is a tablet device. Priced at 349 USD. Comes with 16GB of RAM. Battery lasts up to 20 hours. Built with carbon fiber construction. Targeted at the APAC market. Fast charging is yes.""]",0,600,candidate
DEC029_NO_FEEDBACK,train_kb,conservative_noisy_or_conflict_adjusted,4,It is a tablet device.,has_ram_gb,16,it is a tablet device.|has_ram_gb|16,1,[0.8],True,0,0.6000000000000001,0.6000000000000001,0.88,False,,False,False,"[""product_41""]","[""unstructured""]","[""It is a tablet device. Priced at 349 USD. Comes with 16GB of RAM. Battery lasts up to 20 hours. Built with carbon fiber construction. Targeted at the APAC market. Fast charging is yes.""]",0,600,candidate
DEC029_NO_FEEDBACK,train_kb,conservative_noisy_or_conflict_adjusted,4,It is a tablet device.,has_battery_life_hours,20,it is a tablet device.|has_battery_life_hours|20,1,[0.8],True,0,0.6000000000000001,0.6000000000000001,0.88,False,,False,False,"[""product_41""]","[""unstructured""]","[""It is a tablet device. Priced at 349 USD. Comes with 16GB of RAM. Battery lasts up to 20 hours. Built with carbon fiber construction. Targeted at the APAC market. Fast charging is yes.""]",0,600,candidate
DEC029_NO_FEEDBACK,train_kb,conservative_noisy_or_conflict_adjusted,4,It is a tablet device.,made_of_material,carbon fiber,it is a tablet device.|made_of_material|carbon fiber,1,[0.8],True,0,0.6000000000000001,0.6000000000000001,0.88,False,,False,False,"[""product_41""]","[""unstructured""]","[""It is a tablet device. Priced at 349 USD. Comes with 16GB of RAM. Battery lasts up to 20 hours. Built with carbon fiber construction. Targeted at the APAC market. Fast charging is yes.""]",0,600,candidate
DEC029_NO_FEEDBACK,train_kb,conservative_noisy_or_conflict_adjusted,4,It is a tablet device.,target_market_region,APAC,it is a tablet device.|target_market_region|apac,1,[0.8],True,0,0.6000000000000001,0.6000000000000001,0.88,False,,False,False,"[""product_41""]","[""unstructured""]","[""It is a tablet device. Priced at 349 USD. Comes with 16GB of RAM. Battery lasts up to 20 hours. Built with carbon fiber construction. Targeted at the APAC market. Fast charging is yes.""]",0,600,candidate
DEC029_NO_FEEDBACK,train_kb,conservative_noisy_or_conflict_adjusted,4,It is a tablet device.,supports_fast_charging,yes,it is a tablet device.|supports_fast_charging|yes,1,[0.8],True,0,0.6000000000000001,0.6000000000000001,0.88,False,,False,False,"[""product_41""]","[""unstructured""]","[""It is a tablet device. Priced at 349 USD. Comes with 16GB of RAM. Battery lasts up to 20 hours. Built with carbon fiber construction. Targeted at the APAC market. Fast charging is yes.""]",0,600,candidate
DEC029_NO_FEEDBACK,train_kb,conservative_noisy_or_conflict_adjusted,4,It is a tablet device,has_storage_gb,1024,it is a tablet device|has_storage_gb|1024,1,[0.85],True,1,0.6375,0.31875,0.88,False,,False,False,"[""product_45""]","[""unstructured""]","[""It is a tablet device. Offers 1024GB of internal storage. Battery lasts up to 18 hours. Weighs approximately 0.23kg. Available in blue. Targeted at the Global market. Fast charging is no.""]",0,600,candidate
DEC029_NO_FEEDBACK,train_kb,conservative_noisy_or_conflict_adjusted,4,It is a tablet device,has_battery_life_hours,18,it is a tablet device|has_battery_life_hours|18,1,[0.85],True,2,0.6375,0.2125,0.88,False,,False,False,"[""product_45""]","[""unstructured""]","[""It is a tablet device. Offers 1024GB of internal storage. Battery lasts up to 18 hours. Weighs approximately 0.23kg. Available in blue. Targeted at the Global market. Fast charging is no.""]",0,600,candidate
DEC029_NO_FEEDBACK,train_kb,conservative_noisy_or_conflict_adjusted,4,It is a tablet device,has_weight_kg,0.23,it is a tablet device|has_weight_kg|0.23,1,[0.85],True,1,0.6375,0.31875,0.88,False,,False,False,"[""product_45""]","[""unstructured""]","[""It is a tablet device. Offers 1024GB of internal storage. Battery lasts up to 18 hours. Weighs approximately 0.23kg. Available in blue. Targeted at the Global market. Fast charging is no.""]",0,600,candidate
DEC029_NO_FEEDBACK,train_kb,conservative_noisy_or_conflict_adjusted,4,It is a tablet device,target_market_region,Global,it is a tablet device|target_market_region|global,1,[0.85],True,1,0.6375,0.31875,0.88,False,,False,False,"[""product_45""]","[""unstructured""]","[""It is a tablet device. Offers 1024GB of internal storage. Battery lasts up to 18 hours. Weighs approximately 0.23kg. Available in blue. Targeted at the Global market. Fast charging is no.""]",0,600,candidate
DEC029_NO_FEEDBACK,train_kb,conservative_noisy_or_conflict_adjusted,4,It is a tablet device,supports_fast_charging,no,it is a tablet device|supports_fast_charging|no,1,[0.85],True,1,0.6375,0.31875,0.88,False,,False,False,"[""product_45""]","[""unstructured""]","[""It is a tablet device. Offers 1024GB of internal storage. Battery lasts up to 18 hours. Weighs approximately 0.23kg. Available in blue. Targeted at the Global market. Fast charging is no.""]",0,600,candidate
