triple_key,subject,predicate,object,split,functional_predicate,competitor_count,gold_label,R1_max_merge,R2_published,R3_source_count,R4_evidence_share,R5_combined,R6_evidence_share_unsquared,R1_max_merge_admitted_at_test_tau,R2_published_admitted_at_test_tau,R3_source_count_admitted_at_test_tau,R4_evidence_share_admitted_at_test_tau,R5_combined_admitted_at_test_tau,R6_evidence_share_unsquared_admitted_at_test_tau
auralex smartphone max 1|manufactured_by|auralex,Auralex Smartphone Max 1,manufactured_by,Auralex,test,True,0,1,0.98,0.99801890405625,0.9258,0.99801890405625,0.9258,1.0,True,True,True,True,True,True
auralex smartphone max 1|belongs_to_category|smartphone,Auralex Smartphone Max 1,belongs_to_category,smartphone,test,True,1,1,0.98,0.3675,0.3675,0.32915962162409174,0.3771204188481675,0.4478362198967235,True,False,False,False,False,False
auralex smartphone max 1|has_price_usd|249,Auralex Smartphone Max 1,has_price_usd,249,test,True,0,0,0.98,0.735,0.735,0.735,0.735,1.0,True,True,True,True,True,True
auralex smartphone max 1|has_screen_size_inch|14.0,Auralex Smartphone Max 1,has_screen_size_inch,14.0,test,True,0,1,0.98,0.997499328328125,0.921825,0.997499328328125,0.921825,1.0,True,True,True,True,True,True
auralex smartphone max 1|has_ram_gb|32,Auralex Smartphone Max 1,has_ram_gb,32,test,True,0,1,0.98,0.997730159559375,0.921825,0.997730159559375,0.921825,1.0,True,True,True,True,True,True
auralex smartphone max 1|has_storage_gb|1024,Auralex Smartphone Max 1,has_storage_gb,1024,test,True,0,0,0.98,0.735,0.735,0.735,0.735,1.0,True,True,True,True,True,True
auralex smartphone max 1|has_battery_life_hours|8,Auralex Smartphone Max 1,has_battery_life_hours,8,test,True,0,0,0.98,0.735,0.735,0.735,0.735,1.0,True,True,True,True,True,True
auralex smartphone max 1|has_weight_kg|1.2,Auralex Smartphone Max 1,has_weight_kg,1.2,test,True,0,0,0.98,0.735,0.735,0.735,0.735,1.0,True,True,True,True,True,True
auralex smartphone max 1|has_color|blue,Auralex Smartphone Max 1,has_color,blue,test,False,0,0,0.98,0.735,0.735,0.735,0.735,0.735,True,True,True,True,True,True
auralex smartphone max 1|made_of_material|aluminum,Auralex Smartphone Max 1,made_of_material,aluminum,test,True,0,1,0.98,0.9974343202775392,0.9198375,0.9974343202775392,0.9198375,1.0,True,True,True,True,True,True
auralex smartphone max 1|target_market_region|us,Auralex Smartphone Max 1,target_market_region,US,test,True,0,0,0.98,0.735,0.735,0.735,0.735,1.0,True,True,True,True,True,True
auralex smartphone max 1|supports_fast_charging|no,Auralex Smartphone Max 1,supports_fast_charging,no,test,True,0,1,0.98,0.9970450647070312,0.9158625,0.9970450647070312,0.9158625,1.0,True,True,True,True,True,True
auralex smartphone max 1|has_noise_cancellation|no,Auralex Smartphone Max 1,has_noise_cancellation,no,test,True,0,1,0.98,0.9970450647070312,0.9158625,0.9970450647070312,0.9158625,1.0,True,True,True,True,True,True
auralex smartphone max 1|belongs_to_category|smartphone device,Auralex Smartphone Max 1,belongs_to_category,smartphone device,test,True,1,0,0.93,0.4531125,0.34875,0.5003846216240917,0.3396204188481675,0.5521637801032765,False,False,False,False,False,False
technova laptop air 2|manufactured_by|technova,TechNova Laptop Air 2,manufactured_by,TechNova,test,True,0,0,0.98,0.735,0.735,0.735,0.735,1.0,True,True,True,True,True,True
technova laptop air 2|belongs_to_category|laptop,TechNova Laptop Air 2,belongs_to_category,laptop,test,True,0,1,0.98,0.735,0.735,0.735,0.735,1.0,True,True,True,True,True,True
technova laptop air 2|has_price_usd|499,TechNova Laptop Air 2,has_price_usd,499,test,True,0,1,0.98,0.735,0.735,0.735,0.735,1.0,True,True,True,True,True,True
technova laptop air 2|has_screen_size_inch|15.6,TechNova Laptop Air 2,has_screen_size_inch,15.6,test,True,0,1,0.98,0.735,0.735,0.735,0.735,1.0,True,True,True,True,True,True
technova laptop air 2|has_ram_gb|4,TechNova Laptop Air 2,has_ram_gb,4,test,True,0,1,0.98,0.735,0.735,0.735,0.735,1.0,True,True,True,True,True,True
technova laptop air 2|has_storage_gb|128,TechNova Laptop Air 2,has_storage_gb,128,test,True,0,1,0.98,0.735,0.735,0.735,0.735,1.0,True,True,True,True,True,True
technova laptop air 2|has_battery_life_hours|20,TechNova Laptop Air 2,has_battery_life_hours,20,test,True,0,0,0.98,0.735,0.735,0.735,0.735,1.0,True,True,True,True,True,True
technova laptop air 2|has_weight_kg|0.55,TechNova Laptop Air 2,has_weight_kg,0.55,test,True,0,0,0.98,0.735,0.735,0.735,0.735,1.0,True,True,True,True,True,True
technova laptop air 2|has_color|green,TechNova Laptop Air 2,has_color,green,test,False,0,1,0.98,0.735,0.735,0.735,0.735,0.735,True,True,True,True,True,True
technova laptop air 2|made_of_material|plastic,TechNova Laptop Air 2,made_of_material,plastic,test,True,0,0,0.98,0.735,0.735,0.735,0.735,1.0,True,True,True,True,True,True
technova laptop air 2|target_market_region|us,TechNova Laptop Air 2,target_market_region,US,test,True,0,1,0.98,0.735,0.735,0.735,0.735,1.0,True,True,True,True,True,True
technova laptop air 2|supports_fast_charging|no,TechNova Laptop Air 2,supports_fast_charging,no,test,True,0,0,0.98,0.735,0.735,0.735,0.735,1.0,True,True,True,True,True,True
technova laptop air 2|has_noise_cancellation|no,TechNova Laptop Air 2,has_noise_cancellation,no,test,True,0,0,0.98,0.735,0.735,0.735,0.735,1.0,True,True,True,True,True,True
it|belongs_to_category|laptop device,It,belongs_to_category,laptop device,val,True,3,0,0.92,0.22365,0.22365000000000002,0.2769619186046512,0.2769619186046512,0.309593023255814,False,False,False,False,False,False
it|has_price_usd|499,It,has_price_usd,499,val,True,2,0,0.94,0.235,0.235,0.2333450704225352,0.2333450704225352,0.33098591549295775,False,False,False,False,False,False
it|has_screen_size_inch|15.6,It,has_screen_size_inch,15.6,val,True,3,0,0.93,0.174375,0.174375,0.17968836565096954,0.17968836565096954,0.25761772853185594,False,False,False,False,False,False
it|has_ram_gb|4,It,has_ram_gb,4,val,True,3,0,0.92,0.1725,0.17250000000000001,0.17297002724795643,0.17297002724795643,0.2506811989100818,False,False,False,False,False,False
it|has_storage_gb|128,It,has_storage_gb,128,val,True,3,0,0.92,0.241818421875,0.241818421875,0.30578025765503536,0.30578025765503536,0.31612589239902733,False,False,False,False,False,False
it|has_color|green,It,has_color,green,val,False,2,0,0.9,0.675,0.675,0.675,0.675,0.675,False,False,False,False,False,True
it|target_market_region|us,It,target_market_region,US,val,True,1,0,0.94,0.45316875,0.45316875,0.4580392906804115,0.4580392906804115,0.5053738708598193,False,False,False,False,False,False
auralex headphones air 8|manufactured_by|auralex,Auralex Headphones Air 8,manufactured_by,Auralex,val,True,0,0,0.98,0.735,0.735,0.735,0.735,1.0,True,True,True,True,True,True
auralex headphones air 8|belongs_to_category|headphones,Auralex Headphones Air 8,belongs_to_category,headphones,val,True,0,0,0.98,0.735,0.735,0.735,0.735,1.0,True,True,True,True,True,True
auralex headphones air 8|has_price_usd|199,Auralex Headphones Air 8,has_price_usd,199,val,True,0,1,0.98,0.735,0.735,0.735,0.735,1.0,True,True,True,True,True,True
auralex headphones air 8|has_screen_size_inch|14.0,Auralex Headphones Air 8,has_screen_size_inch,14.0,val,True,0,1,0.98,0.735,0.735,0.735,0.735,1.0,True,True,True,True,True,True
auralex headphones air 8|has_ram_gb|32,Auralex Headphones Air 8,has_ram_gb,32,val,True,0,1,0.98,0.735,0.735,0.735,0.735,1.0,True,True,True,True,True,True
auralex headphones air 8|has_storage_gb|256,Auralex Headphones Air 8,has_storage_gb,256,val,True,0,0,0.98,0.735,0.735,0.735,0.735,1.0,True,True,True,True,True,True
auralex headphones air 8|has_battery_life_hours|18,Auralex Headphones Air 8,has_battery_life_hours,18,val,True,0,0,0.98,0.735,0.735,0.735,0.735,1.0,True,True,True,True,True,True
auralex headphones air 8|has_weight_kg|1.8,Auralex Headphones Air 8,has_weight_kg,1.8,val,True,0,1,0.98,0.735,0.735,0.735,0.735,1.0,True,True,True,True,True,True
auralex headphones air 8|has_color|blue,Auralex Headphones Air 8,has_color,blue,val,False,0,1,0.98,0.735,0.735,0.735,0.735,0.735,True,True,True,True,True,True
auralex headphones air 8|made_of_material|plastic,Auralex Headphones Air 8,made_of_material,plastic,val,True,0,0,0.98,0.735,0.735,0.735,0.735,1.0,True,True,True,True,True,True
auralex headphones air 8|target_market_region|us,Auralex Headphones Air 8,target_market_region,US,val,True,0,1,0.98,0.735,0.735,0.735,0.735,1.0,True,True,True,True,True,True
auralex headphones air 8|supports_fast_charging|yes,Auralex Headphones Air 8,supports_fast_charging,yes,val,True,0,0,0.98,0.735,0.735,0.735,0.735,1.0,True,True,True,True,True,True
auralex headphones air 8|has_noise_cancellation|yes,Auralex Headphones Air 8,has_noise_cancellation,yes,val,True,0,1,0.98,0.735,0.735,0.735,0.735,1.0,True,True,True,True,True,True
product|has_price_usd|199,product,has_price_usd,199,val,True,1,0,0.94,0.45538125,0.3525,0.4347111864046942,0.3063623230280266,0.4773046610995668,False,False,False,False,False,False
product|has_screen_size_inch|14.0,product,has_screen_size_inch,14.0,val,True,3,0,0.95,0.2282578125,0.17812499999999998,0.2376964533486287,0.1790674603174603,0.26033769747599406,False,False,False,False,False,False
product|has_ram_gb|32,product,has_ram_gb,32,val,True,2,0,0.96,0.3051,0.24,0.2998448880827415,0.2425263157894737,0.32759192404975584,False,False,False,False,False,False
product|has_weight_kg|1.8,product,has_weight_kg,1.8,val,True,1,0,0.92,0.4840059375,0.4507875,0.4847190177772987,0.5107126466707507,0.5007366441422,False,False,False,False,False,False
product|has_color|blue,product,has_color,blue,val,False,0,0,0.93,0.9991160312844308,0.972319359375,0.9991160312844308,0.972319359375,0.9991160312844308,False,True,True,True,True,True
product|target_market_region|us,product,target_market_region,US,val,True,1,0,0.94,0.4987656836320313,0.48683746875,0.5065987825070057,0.5647566796508684,0.507852483773476,False,False,False,False,False,False
product|supports_fast_charging|yes,product,supports_fast_charging,yes,val,True,1,0,0.94,0.4498499999999999,0.44984999999999997,0.4268944804938499,0.44997659811759305,0.47448536233616756,False,False,False,False,False,False
zenbyte laptop air 9|manufactured_by|zenbyte,Zenbyte Laptop Air 9,manufactured_by,Zenbyte,val,True,0,0,0.98,0.735,0.735,0.735,0.735,1.0,True,True,True,True,True,True
zenbyte laptop air 9|belongs_to_category|laptop,Zenbyte Laptop Air 9,belongs_to_category,laptop,val,True,0,1,0.98,0.735,0.735,0.735,0.735,1.0,True,True,True,True,True,True
zenbyte laptop air 9|has_price_usd|199,Zenbyte Laptop Air 9,has_price_usd,199,val,True,0,1,0.98,0.735,0.735,0.735,0.735,1.0,True,True,True,True,True,True
zenbyte laptop air 9|has_screen_size_inch|6.1,Zenbyte Laptop Air 9,has_screen_size_inch,6.1,val,True,0,0,0.98,0.735,0.735,0.735,0.735,1.0,True,True,True,True,True,True
zenbyte laptop air 9|has_ram_gb|8,Zenbyte Laptop Air 9,has_ram_gb,8,val,True,0,0,0.98,0.735,0.735,0.735,0.735,1.0,True,True,True,True,True,True
zenbyte laptop air 9|has_storage_gb|256,Zenbyte Laptop Air 9,has_storage_gb,256,val,True,0,0,0.98,0.735,0.735,0.735,0.735,1.0,True,True,True,True,True,True
zenbyte laptop air 9|has_battery_life_hours|10,Zenbyte Laptop Air 9,has_battery_life_hours,10,val,True,0,0,0.98,0.735,0.735,0.735,0.735,1.0,True,True,True,True,True,True
zenbyte laptop air 9|has_weight_kg|0.18,Zenbyte Laptop Air 9,has_weight_kg,0.18,val,True,0,1,0.98,0.735,0.735,0.735,0.735,1.0,True,True,True,True,True,True
zenbyte laptop air 9|has_color|green,Zenbyte Laptop Air 9,has_color,green,val,False,0,1,0.98,0.735,0.735,0.735,0.735,0.735,True,True,True,True,True,True
zenbyte laptop air 9|made_of_material|aluminum,Zenbyte Laptop Air 9,made_of_material,aluminum,val,True,0,1,0.98,0.735,0.735,0.735,0.735,1.0,True,True,True,True,True,True
zenbyte laptop air 9|target_market_region|apac,Zenbyte Laptop Air 9,target_market_region,APAC,val,True,0,1,0.98,0.735,0.735,0.735,0.735,1.0,True,True,True,True,True,True
zenbyte laptop air 9|supports_fast_charging|yes,Zenbyte Laptop Air 9,supports_fast_charging,yes,val,True,0,1,0.98,0.735,0.735,0.735,0.735,1.0,True,True,True,True,True,True
zenbyte laptop air 9|has_noise_cancellation|no,Zenbyte Laptop Air 9,has_noise_cancellation,no,val,True,0,0,0.98,0.735,0.735,0.735,0.735,1.0,True,True,True,True,True,True
laptop device|has_price_usd|199,laptop device,has_price_usd,199,test,True,2,0,0.94,0.3332015211994844,0.3021125,0.3407834730734021,0.3592853915514442,0.3409182845730752,False,False,False,False,False,False
laptop device|has_weight_kg|0.18,laptop device,has_weight_kg,0.18,test,True,1,0,0.92,0.494687510625,0.34500000000000003,0.5023631116833196,0.3468852459016394,0.5077580299618056,False,False,False,False,False,False
laptop device|has_color|green,laptop device,has_color,green,test,False,0,0,0.96,0.9996584306077736,0.9153,0.9996584306077736,0.9153,0.9996584306077736,False,True,True,True,True,True
laptop device|made_of_material|aluminum,laptop device,made_of_material,aluminum,test,True,2,0,0.93,0.330256731875,0.2325,0.3359592800511114,0.23249999999999998,0.3390890052351451,False,False,False,False,False,False
laptop device|target_market_region|apac,laptop device,target_market_region,APAC,test,True,1,0,0.93,0.49516179609375,0.34875,0.502128203805406,0.3506351351351351,0.507034476171842,False,False,False,False,False,False
laptop device|supports_fast_charging|yes,laptop device,supports_fast_charging,yes,test,True,1,0,0.95,0.495507821484375,0.35624999999999996,0.5033699042899444,0.36391129032258057,0.5079333589346958,False,False,False,False,False,False
pixelware laptop plus 11|manufactured_by|pixelware,PixelWare Laptop Plus 11,manufactured_by,PixelWare,test,True,0,1,0.98,0.9978266959125,0.9258,0.9978266959125,0.9258,1.0,True,True,True,True,True,True
pixelware laptop plus 11|belongs_to_category|laptop,PixelWare Laptop Plus 11,belongs_to_category,laptop,test,True,1,1,0.98,0.3675,0.3675,0.3133706825825155,0.37515624999999997,0.4263546701802932,True,False,False,False,False,False
pixelware laptop plus 11|has_price_usd|1299,PixelWare Laptop Plus 11,has_price_usd,1299,test,True,0,1,0.98,0.9977535787066406,0.9238124999999999,0.9977535787066406,0.9238124999999999,1.0,True,True,True,True,True,True
pixelware laptop plus 11|has_screen_size_inch|6.7,PixelWare Laptop Plus 11,has_screen_size_inch,6.7,test,True,0,1,0.98,0.9971255606308592,0.9198375,0.9971255606308592,0.9198375,1.0,True,True,True,True,True,True
pixelware laptop plus 11|has_ram_gb|16,PixelWare Laptop Plus 11,has_ram_gb,16,test,True,0,0,0.98,0.735,0.735,0.735,0.735,1.0,True,True,True,True,True,True
pixelware laptop plus 11|has_storage_gb|128,PixelWare Laptop Plus 11,has_storage_gb,128,test,True,0,1,0.98,0.9975583993125,0.921825,0.9975583993125,0.921825,1.0,True,True,True,True,True,True
pixelware laptop plus 11|has_battery_life_hours|8,PixelWare Laptop Plus 11,has_battery_life_hours,8,test,True,0,0,0.98,0.735,0.735,0.735,0.735,1.0,True,True,True,True,True,True
pixelware laptop plus 11|has_weight_kg|0.18,PixelWare Laptop Plus 11,has_weight_kg,0.18,test,True,0,0,0.98,0.735,0.735,0.735,0.735,1.0,True,True,True,True,True,True
pixelware laptop plus 11|has_color|black,PixelWare Laptop Plus 11,has_color,black,test,False,0,0,0.98,0.735,0.735,0.735,0.735,0.735,True,True,True,True,True,True
pixelware laptop plus 11|made_of_material|plastic,PixelWare Laptop Plus 11,made_of_material,plastic,test,True,0,0,0.98,0.735,0.735,0.735,0.735,1.0,True,True,True,True,True,True
pixelware laptop plus 11|target_market_region|eu,PixelWare Laptop Plus 11,target_market_region,EU,test,True,0,0,0.98,0.735,0.735,0.735,0.735,1.0,True,True,True,True,True,True
pixelware laptop plus 11|supports_fast_charging|yes,PixelWare Laptop Plus 11,supports_fast_charging,yes,test,True,0,1,0.98,0.997114866328125,0.91785,0.997114866328125,0.91785,1.0,True,True,True,True,True,True
pixelware laptop plus 11|has_noise_cancellation|no,PixelWare Laptop Plus 11,has_noise_cancellation,no,test,True,0,1,0.98,0.9967723014492188,0.9158625,0.9967723014492188,0.9158625,1.0,True,True,True,True,True,True
pixelware laptop plus 11|belongs_to_category|laptop device,PixelWare Laptop Plus 11,belongs_to_category,laptop device,test,True,1,0,0.94,0.494458425,0.3525,0.5672875325825155,0.34515625,0.5736453298197068,False,False,False,False,False,False
pixelware tablet max 12|manufactured_by|pixelware,PixelWare Tablet Max 12,manufactured_by,PixelWare,val,True,0,1,0.98,0.9978173605007812,0.9238124999999999,0.9978173605007812,0.9238124999999999,1.0,True,True,True,True,True,True
pixelware tablet max 12|belongs_to_category|tablet,PixelWare Tablet Max 12,belongs_to_category,tablet,val,True,1,1,0.98,0.3675,0.3675,0.31838012013843764,0.37910526315789467,0.4331702314808676,True,False,False,False,False,False
pixelware tablet max 12|has_price_usd|1099,PixelWare Tablet Max 12,has_price_usd,1099,val,True,0,0,0.98,0.735,0.735,0.735,0.735,1.0,True,True,True,True,True,True
pixelware tablet max 12|has_screen_size_inch|15.6,PixelWare Tablet Max 12,has_screen_size_inch,15.6,val,True,0,0,0.98,0.735,0.735,0.735,0.735,1.0,True,True,True,True,True,True
pixelware tablet max 12|has_ram_gb|12,PixelWare Tablet Max 12,has_ram_gb,12,val,True,0,0,0.98,0.735,0.735,0.735,0.735,1.0,True,True,True,True,True,True
pixelware tablet max 12|has_storage_gb|128,PixelWare Tablet Max 12,has_storage_gb,128,val,True,0,1,0.98,0.9976161401003906,0.921825,0.9976161401003906,0.921825,1.0,True,True,True,True,True,True
pixelware tablet max 12|has_battery_life_hours|8,PixelWare Tablet Max 12,has_battery_life_hours,8,val,True,0,1,0.98,0.99683565984375,0.913875,0.99683565984375,0.913875,1.0,True,True,True,True,True,True
pixelware tablet max 12|has_weight_kg|0.18,PixelWare Tablet Max 12,has_weight_kg,0.18,val,True,0,1,0.98,0.9968467868003906,0.9158625,0.9968467868003906,0.9158625,1.0,True,True,True,True,True,True
pixelware tablet max 12|has_color|green,PixelWare Tablet Max 12,has_color,green,val,False,0,1,0.98,0.996873822825,0.9198375,0.996873822825,0.9198375,0.996873822825,True,True,True,True,True,True
pixelware tablet max 12|made_of_material|aluminum,PixelWare Tablet Max 12,made_of_material,aluminum,val,True,0,0,0.98,0.735,0.735,0.735,0.735,1.0,True,True,True,True,True,True
pixelware tablet max 12|target_market_region|global,PixelWare Tablet Max 12,target_market_region,Global,val,True,0,0,0.98,0.735,0.735,0.735,0.735,1.0,True,True,True,True,True,True
pixelware tablet max 12|supports_fast_charging|no,PixelWare Tablet Max 12,supports_fast_charging,no,val,True,0,1,0.98,0.9969151263046876,0.91785,0.9969151263046876,0.91785,1.0,True,True,True,True,True,True
pixelware tablet max 12|has_noise_cancellation|no,PixelWare Tablet Max 12,has_noise_cancellation,no,val,True,0,0,0.98,0.735,0.735,0.735,0.735,1.0,True,True,True,True,True,True
pixelware tablet max 12|belongs_to_category|tablet device,PixelWare Tablet Max 12,belongs_to_category,tablet device,val,True,1,0,0.92,0.48089625,0.34500000000000003,0.5451726201384377,0.3341052631578948,0.5668297685191325,False,False,False,False,False,False
technova tablet max 13|manufactured_by|technova,TechNova Tablet Max 13,manufactured_by,TechNova,test,True,0,1,0.98,0.9979216287009376,0.921825,0.9979216287009376,0.921825,1.0,True,True,True,True,True,True
technova tablet max 13|belongs_to_category|tablet,TechNova Tablet Max 13,belongs_to_category,tablet,test,True,1,1,0.98,0.45594375,0.45594375,0.45736378395520083,0.5166802977258429,0.501557246870037,True,False,False,False,False,False
technova tablet max 13|has_price_usd|349,TechNova Tablet Max 13,has_price_usd,349,test,True,0,0,0.98,0.735,0.735,0.735,0.735,1.0,True,True,True,True,True,True
technova tablet max 13|has_screen_size_inch|13.3,TechNova Tablet Max 13,has_screen_size_inch,13.3,test,True,0,1,0.98,0.9976132767960938,0.9198375,0.9976132767960938,0.9198375,1.0,True,True,True,True,True,True
technova tablet max 13|has_ram_gb|12,TechNova Tablet Max 13,has_ram_gb,12,test,True,0,0,0.98,0.735,0.735,0.735,0.735,1.0,True,True,True,True,True,True
technova tablet max 13|has_storage_gb|128,TechNova Tablet Max 13,has_storage_gb,128,test,True,0,0,0.98,0.735,0.735,0.735,0.735,1.0,True,True,True,True,True,True
technova tablet max 13|has_battery_life_hours|14,TechNova Tablet Max 13,has_battery_life_hours,14,test,True,0,0,0.98,0.735,0.735,0.735,0.735,1.0,True,True,True,True,True,True
technova tablet max 13|has_weight_kg|0.23,TechNova Tablet Max 13,has_weight_kg,0.23,test,True,0,1,0.98,0.9973085991328124,0.91785,0.9973085991328124,0.91785,1.0,True,True,True,True,True,True
technova tablet max 13|has_color|blue,TechNova Tablet Max 13,has_color,blue,test,False,0,1,0.98,0.9972434845957032,0.9158625,0.9972434845957032,0.9158625,0.9972434845957032,True,True,True,True,True,True
technova tablet max 13|made_of_material|aluminum,TechNova Tablet Max 13,made_of_material,aluminum,test,True,0,0,0.98,0.735,0.735,0.735,0.735,1.0,True,True,True,True,True,True
technova tablet max 13|target_market_region|us,TechNova Tablet Max 13,target_market_region,US,test,True,0,1,0.98,0.997432817634375,0.91785,0.997432817634375,0.91785,1.0,True,True,True,True,True,True
technova tablet max 13|supports_fast_charging|no,TechNova Tablet Max 13,supports_fast_charging,no,test,True,0,0,0.98,0.735,0.735,0.735,0.735,1.0,True,True,True,True,True,True
technova tablet max 13|has_noise_cancellation|no,TechNova Tablet Max 13,has_noise_cancellation,no,test,True,0,1,0.98,0.997296166575,0.9238124999999999,0.997296166575,0.9238124999999999,1.0,True,True,True,True,True,True
technova tablet max 13|belongs_to_category|tablet device,TechNova Tablet Max 13,belongs_to_category,tablet device,test,True,1,0,0.93,0.4531125,0.34875,0.45170128395520076,0.30229279772584294,0.4984427531299631,False,False,False,False,False,False
technova smartwatch lite 15|manufactured_by|technova,TechNova Smartwatch Lite 15,manufactured_by,TechNova,val,True,0,1,0.98,0.99797715542625,0.9258,0.99797715542625,0.9258,1.0,True,True,True,True,True,True
technova smartwatch lite 15|belongs_to_category|smartwatch,TechNova Smartwatch Lite 15,belongs_to_category,smartwatch,val,True,0,0,0.98,0.735,0.735,0.735,0.735,1.0,True,True,True,True,True,True
technova smartwatch lite 15|has_price_usd|349,TechNova Smartwatch Lite 15,has_price_usd,349,val,True,0,1,0.98,0.9977005136367189,0.9238124999999999,0.9977005136367189,0.9238124999999999,1.0,True,True,True,True,True,True
technova smartwatch lite 15|has_screen_size_inch|6.1,TechNova Smartwatch Lite 15,has_screen_size_inch,6.1,val,True,0,0,0.98,0.735,0.735,0.735,0.735,1.0,True,True,True,True,True,True
technova smartwatch lite 15|has_ram_gb|16,TechNova Smartwatch Lite 15,has_ram_gb,16,val,True,0,0,0.98,0.735,0.735,0.735,0.735,1.0,True,True,True,True,True,True
technova smartwatch lite 15|has_storage_gb|1024,TechNova Smartwatch Lite 15,has_storage_gb,1024,val,True,0,0,0.98,0.735,0.735,0.735,0.735,1.0,True,True,True,True,True,True
technova smartwatch lite 15|has_battery_life_hours|8,TechNova Smartwatch Lite 15,has_battery_life_hours,8,val,True,0,0,0.98,0.735,0.735,0.735,0.735,1.0,True,True,True,True,True,True
technova smartwatch lite 15|has_weight_kg|1.45,TechNova Smartwatch Lite 15,has_weight_kg,1.45,val,True,0,1,0.98,0.996848546296875,0.91785,0.996848546296875,0.91785,1.0,True,True,True,True,True,True
technova smartwatch lite 15|has_color|white,TechNova Smartwatch Lite 15,has_color,white,val,False,0,1,0.98,0.99698484855,0.91785,0.99698484855,0.91785,0.99698484855,True,True,True,True,True,True
technova smartwatch lite 15|made_of_material|aluminum,TechNova Smartwatch Lite 15,made_of_material,aluminum,val,True,0,1,0.98,0.9973146063515624,0.9198375,0.9973146063515624,0.9198375,1.0,True,True,True,True,True,True
technova smartwatch lite 15|target_market_region|us,TechNova Smartwatch Lite 15,target_market_region,US,val,True,0,0,0.98,0.735,0.735,0.735,0.735,1.0,True,True,True,True,True,True
technova smartwatch lite 15|supports_fast_charging|no,TechNova Smartwatch Lite 15,supports_fast_charging,no,val,True,0,1,0.98,0.99738936541875,0.921825,0.99738936541875,0.921825,1.0,True,True,True,True,True,True
technova smartwatch lite 15|has_noise_cancellation|no,TechNova Smartwatch Lite 15,has_noise_cancellation,no,val,True,0,1,0.98,0.9976936264275,0.921825,0.9976936264275,0.921825,1.0,True,True,True,True,True,True
auralex smartwatch max 16|manufactured_by|auralex,Auralex Smartwatch Max 16,manufactured_by,Auralex,val,True,0,0,0.98,0.735,0.735,0.735,0.735,1.0,True,True,True,True,True,True
auralex smartwatch max 16|belongs_to_category|smartwatch,Auralex Smartwatch Max 16,belongs_to_category,smartwatch,val,True,0,1,0.98,0.735,0.735,0.735,0.735,1.0,True,True,True,True,True,True
auralex smartwatch max 16|has_price_usd|899,Auralex Smartwatch Max 16,has_price_usd,899,val,True,0,1,0.98,0.735,0.735,0.735,0.735,1.0,True,True,True,True,True,True
auralex smartwatch max 16|has_screen_size_inch|6.1,Auralex Smartwatch Max 16,has_screen_size_inch,6.1,val,True,0,0,0.98,0.735,0.735,0.735,0.735,1.0,True,True,True,True,True,True
auralex smartwatch max 16|has_ram_gb|16,Auralex Smartwatch Max 16,has_ram_gb,16,val,True,0,0,0.98,0.735,0.735,0.735,0.735,1.0,True,True,True,True,True,True
auralex smartwatch max 16|has_storage_gb|128,Auralex Smartwatch Max 16,has_storage_gb,128,val,True,0,1,0.98,0.735,0.735,0.735,0.735,1.0,True,True,True,True,True,True
auralex smartwatch max 16|has_battery_life_hours|18,Auralex Smartwatch Max 16,has_battery_life_hours,18,val,True,0,1,0.98,0.735,0.735,0.735,0.735,1.0,True,True,True,True,True,True
auralex smartwatch max 16|has_weight_kg|1.2,Auralex Smartwatch Max 16,has_weight_kg,1.2,val,True,0,0,0.98,0.735,0.735,0.735,0.735,1.0,True,True,True,True,True,True
auralex smartwatch max 16|has_color|silver,Auralex Smartwatch Max 16,has_color,silver,val,False,0,1,0.98,0.735,0.735,0.735,0.735,0.735,True,True,True,True,True,True
auralex smartwatch max 16|made_of_material|aluminum,Auralex Smartwatch Max 16,made_of_material,aluminum,val,True,0,1,0.98,0.735,0.735,0.735,0.735,1.0,True,True,True,True,True,True
auralex smartwatch max 16|target_market_region|eu,Auralex Smartwatch Max 16,target_market_region,EU,val,True,0,0,0.98,0.735,0.735,0.735,0.735,1.0,True,True,True,True,True,True
auralex smartwatch max 16|supports_fast_charging|yes,Auralex Smartwatch Max 16,supports_fast_charging,yes,val,True,0,0,0.98,0.735,0.735,0.735,0.735,1.0,True,True,True,True,True,True
auralex smartwatch max 16|has_noise_cancellation|no,Auralex Smartwatch Max 16,has_noise_cancellation,no,val,True,0,1,0.98,0.735,0.735,0.735,0.735,1.0,True,True,True,True,True,True
smartwatch device|has_price_usd|899,smartwatch device,has_price_usd,899,test,True,0,0,0.92,0.989626005,0.6900000000000001,0.989626005,0.6900000000000001,1.0,False,True,False,True,False,True
smartwatch device|has_storage_gb|128,smartwatch device,has_storage_gb,128,test,True,0,0,0.95,0.999999149289192,0.97434421875,0.999999149289192,0.97434421875,1.0,False,True,True,True,True,True
smartwatch device|has_battery_life_hours|18,smartwatch device,has_battery_life_hours,18,test,True,1,0,0.92,0.49492188515625,0.34500000000000003,0.4950331686884301,0.34313513513513516,0.5001124253498559,False,False,False,False,False,False
smartwatch device|has_color|silver,smartwatch device,has_color,silver,test,False,1,0,0.92,0.99008368125,0.6900000000000001,0.99008368125,0.6900000000000001,0.99008368125,False,True,False,True,False,True
smartwatch device|made_of_material|aluminum,smartwatch device,made_of_material,aluminum,test,True,1,0,0.92,0.4999422215647758,0.4507875,0.5029071264913902,0.513130679181857,0.5029652475813451,False,False,False,False,False,False
smartwatch device|has_noise_cancellation|no,smartwatch device,has_noise_cancellation,no,test,True,0,0,0.95,0.99144010078125,0.7124999999999999,0.99144010078125,0.7125,1.0,False,True,False,True,False,True
technova laptop air 17|manufactured_by|technova,TechNova Laptop Air 17,manufactured_by,TechNova,test,True,0,1,0.98,0.997995655678711,0.9238124999999999,0.997995655678711,0.9238124999999999,1.0,True,True,True,True,True,True
technova laptop air 17|belongs_to_category|laptop,TechNova Laptop Air 17,belongs_to_category,laptop,test,True,1,1,0.98,0.486650625,0.458925,0.5072160248606055,0.5288938836048592,0.5211295319518037,True,False,False,False,False,False
technova laptop air 17|has_price_usd|299,TechNova Laptop Air 17,has_price_usd,299,test,True,0,0,0.98,0.735,0.735,0.735,0.735,1.0,True,True,True,True,True,True
technova laptop air 17|has_screen_size_inch|14.0,TechNova Laptop Air 17,has_screen_size_inch,14.0,test,True,0,0,0.98,0.735,0.735,0.735,0.735,1.0,True,True,True,True,True,True
technova laptop air 17|has_ram_gb|32,TechNova Laptop Air 17,has_ram_gb,32,test,True,0,1,0.98,0.997944632671875,0.9238124999999999,0.997944632671875,0.9238124999999999,1.0,True,True,True,True,True,True
technova laptop air 17|has_storage_gb|256,TechNova Laptop Air 17,has_storage_gb,256,test,True,0,0,0.98,0.735,0.735,0.735,0.735,1.0,True,True,True,True,True,True
technova laptop air 17|has_battery_life_hours|14,TechNova Laptop Air 17,has_battery_life_hours,14,test,True,0,0,0.98,0.735,0.735,0.735,0.735,1.0,True,True,True,True,True,True
technova laptop air 17|has_weight_kg|0.42,TechNova Laptop Air 17,has_weight_kg,0.42,test,True,0,1,0.98,0.99698484855,0.91785,0.99698484855,0.91785,1.0,True,True,True,True,True,True
technova laptop air 17|has_color|blue,TechNova Laptop Air 17,has_color,blue,test,False,0,1,0.98,0.9976132767960938,0.9198375,0.9976132767960938,0.9198375,0.9976132767960938,True,True,True,True,True,True
technova laptop air 17|made_of_material|aluminum,TechNova Laptop Air 17,made_of_material,aluminum,test,True,0,1,0.98,0.9973795755527344,0.9198375,0.9973795755527344,0.9198375,1.0,True,True,True,True,True,True
technova laptop air 17|target_market_region|apac,TechNova Laptop Air 17,target_market_region,APAC,test,True,0,1,0.98,0.99789101439375,0.921825,0.99789101439375,0.921825,1.0,True,True,True,True,True,True
technova laptop air 17|supports_fast_charging|yes,TechNova Laptop Air 17,supports_fast_charging,yes,test,True,0,0,0.98,0.735,0.735,0.735,0.735,1.0,True,True,True,True,True,True
technova laptop air 17|has_noise_cancellation|no,TechNova Laptop Air 17,has_noise_cancellation,no,test,True,0,0,0.98,0.735,0.735,0.735,0.735,1.0,True,True,True,True,True,True
technova laptop air 17|belongs_to_category|laptop device,TechNova Laptop Air 17,belongs_to_category,laptop device,test,True,1,0,0.9,0.4471875,0.3375,0.42828977486060554,0.2860438836048592,0.4788704680481962,False,False,False,False,False,False
zenbyte laptop pro 18|manufactured_by|zenbyte,Zenbyte Laptop Pro 18,manufactured_by,Zenbyte,test,True,0,1,0.98,0.9978923775703123,0.9238124999999999,0.9978923775703123,0.9238124999999999,1.0,True,True,True,True,True,True
zenbyte laptop pro 18|belongs_to_category|laptop,Zenbyte Laptop Pro 18,belongs_to_category,laptop,test,True,0,0,0.98,0.735,0.735,0.735,0.735,1.0,True,True,True,True,True,True
zenbyte laptop pro 18|has_price_usd|349,Zenbyte Laptop Pro 18,has_price_usd,349,test,True,0,0,0.98,0.735,0.735,0.735,0.735,1.0,True,True,True,True,True,True
zenbyte laptop pro 18|has_screen_size_inch|10.9,Zenbyte Laptop Pro 18,has_screen_size_inch,10.9,test,True,0,0,0.98,0.735,0.735,0.735,0.735,1.0,True,True,True,True,True,True
zenbyte laptop pro 18|has_ram_gb|8,Zenbyte Laptop Pro 18,has_ram_gb,8,test,True,0,1,0.98,0.997432817634375,0.91785,0.997432817634375,0.91785,1.0,True,True,True,True,True,True
zenbyte laptop pro 18|has_storage_gb|128,Zenbyte Laptop Pro 18,has_storage_gb,128,test,True,0,1,0.98,0.9974949268851564,0.9198375,0.9974949268851564,0.9198375,1.0,True,True,True,True,True,True
zenbyte laptop pro 18|has_battery_life_hours|14,Zenbyte Laptop Pro 18,has_battery_life_hours,14,test,True,0,0,0.98,0.735,0.735,0.735,0.735,1.0,True,True,True,True,True,True
zenbyte laptop pro 18|has_weight_kg|1.8,Zenbyte Laptop Pro 18,has_weight_kg,1.8,test,True,0,0,0.98,0.735,0.735,0.735,0.735,1.0,True,True,True,True,True,True
zenbyte laptop pro 18|has_color|blue,Zenbyte Laptop Pro 18,has_color,blue,test,False,0,1,0.98,0.997049788125,0.91785,0.997049788125,0.91785,0.997049788125,True,True,True,True,True,True
zenbyte laptop pro 18|made_of_material|aluminum,Zenbyte Laptop Pro 18,made_of_material,aluminum,test,True,0,1,0.98,0.997245022734375,0.91785,0.997245022734375,0.91785,1.0,True,True,True,True,True,True
zenbyte laptop pro 18|target_market_region|apac,Zenbyte Laptop Pro 18,target_market_region,APAC,test,True,0,1,0.98,0.9971814463359376,0.91785,0.9971814463359376,0.91785,1.0,True,True,True,True,True,True
zenbyte laptop pro 18|supports_fast_charging|no,Zenbyte Laptop Pro 18,supports_fast_charging,no,test,True,0,1,0.98,0.99698484855,0.91785,0.99698484855,0.91785,1.0,True,True,True,True,True,True
zenbyte laptop pro 18|has_noise_cancellation|no,Zenbyte Laptop Pro 18,has_noise_cancellation,no,test,True,0,0,0.98,0.735,0.735,0.735,0.735,1.0,True,True,True,True,True,True
pixelware smartphone plus 19|manufactured_by|pixelware,PixelWare Smartphone Plus 19,manufactured_by,PixelWare,val,True,0,0,0.98,0.735,0.735,0.735,0.735,1.0,True,True,True,True,True,True
pixelware smartphone plus 19|belongs_to_category|smartphone,PixelWare Smartphone Plus 19,belongs_to_category,smartphone,val,True,0,0,0.98,0.735,0.735,0.735,0.735,1.0,True,True,True,True,True,True
pixelware smartphone plus 19|has_price_usd|299,PixelWare Smartphone Plus 19,has_price_usd,299,val,True,0,1,0.98,0.735,0.735,0.735,0.735,1.0,True,True,True,True,True,True
pixelware smartphone plus 19|has_screen_size_inch|10.9,PixelWare Smartphone Plus 19,has_screen_size_inch,10.9,val,True,0,1,0.98,0.735,0.735,0.735,0.735,1.0,True,True,True,True,True,True
pixelware smartphone plus 19|has_ram_gb|8,PixelWare Smartphone Plus 19,has_ram_gb,8,val,True,0,1,0.98,0.735,0.735,0.735,0.735,1.0,True,True,True,True,True,True
pixelware smartphone plus 19|has_storage_gb|1024,PixelWare Smartphone Plus 19,has_storage_gb,1024,val,True,0,0,0.98,0.735,0.735,0.735,0.735,1.0,True,True,True,True,True,True
pixelware smartphone plus 19|has_battery_life_hours|10,PixelWare Smartphone Plus 19,has_battery_life_hours,10,val,True,0,0,0.98,0.735,0.735,0.735,0.735,1.0,True,True,True,True,True,True
pixelware smartphone plus 19|has_weight_kg|1.45,PixelWare Smartphone Plus 19,has_weight_kg,1.45,val,True,0,1,0.98,0.735,0.735,0.735,0.735,1.0,True,True,True,True,True,True
pixelware smartphone plus 19|has_color|blue,PixelWare Smartphone Plus 19,has_color,blue,val,False,0,1,0.98,0.735,0.735,0.735,0.735,0.735,True,True,True,True,True,True
pixelware smartphone plus 19|made_of_material|aluminum,PixelWare Smartphone Plus 19,made_of_material,aluminum,val,True,0,0,0.98,0.735,0.735,0.735,0.735,1.0,True,True,True,True,True,True
pixelware smartphone plus 19|target_market_region|eu,PixelWare Smartphone Plus 19,target_market_region,EU,val,True,0,1,0.98,0.735,0.735,0.735,0.735,1.0,True,True,True,True,True,True
pixelware smartphone plus 19|supports_fast_charging|no,PixelWare Smartphone Plus 19,supports_fast_charging,no,val,True,0,1,0.98,0.735,0.735,0.735,0.735,1.0,True,True,True,True,True,True
pixelware smartphone plus 19|has_noise_cancellation|no,PixelWare Smartphone Plus 19,has_noise_cancellation,no,val,True,0,0,0.98,0.735,0.735,0.735,0.735,1.0,True,True,True,True,True,True
product|has_price_usd|299,Product,has_price_usd,299,val,True,1,0,0.95,0.4986870571289062,0.45867187499999995,0.5213228006625066,0.5187060730280265,0.5226953389004332,False,False,False,False,False,False
product|has_screen_size_inch|10.9,Product,has_screen_size_inch,10.9,val,True,3,0,0.94,0.2432555625,0.17625,0.2699584711415168,0.1753174603174603,0.2774432662166942,False,False,False,False,False,False
product|has_ram_gb|8,Product,has_ram_gb,8,val,True,2,0,0.95,0.324129140625,0.23749999999999996,0.3384140530808805,0.2375,0.34802388993096567,False,False,False,False,False,False
product|has_weight_kg|1.45,Product,has_weight_kg,1.45,val,True,1,0,0.92,0.482581875,0.34500000000000003,0.4818708927772987,0.2991376466707507,0.4992633558578,False,False,False,False,False,False
product|target_market_region|eu,Product,target_market_region,EU,val,True,1,0,0.94,0.48334171875,0.3525,0.4757508527429431,0.2960817421508683,0.49214751622652386,False,False,False,False,False,False
product|supports_fast_charging|no,Product,supports_fast_charging,no,val,True,1,0,0.91,0.4982298264990234,0.449596875,0.5236541334918968,0.4494703481175931,0.5255146376638324,False,False,False,False,False,False
auralex smartphone pro 20|manufactured_by|auralex,Auralex Smartphone Pro 20,manufactured_by,Auralex,val,True,0,1,0.98,0.99784012246875,0.9238124999999999,0.99784012246875,0.9238124999999999,1.0,True,True,True,True,True,True
auralex smartphone pro 20|belongs_to_category|smartphone,Auralex Smartphone Pro 20,belongs_to_category,smartphone,val,True,1,1,0.98,0.48817603125,0.4609125,0.577262336478902,0.5321568303508525,0.5912440385497747,True,False,False,False,False,True
auralex smartphone pro 20|has_price_usd|699,Auralex Smartphone Pro 20,has_price_usd,699,val,True,0,0,0.98,0.735,0.735,0.735,0.735,1.0,True,True,True,True,True,True
auralex smartphone pro 20|has_screen_size_inch|15.6,Auralex Smartphone Pro 20,has_screen_size_inch,15.6,val,True,0,0,0.98,0.735,0.735,0.735,0.735,1.0,True,True,True,True,True,True
auralex smartphone pro 20|has_ram_gb|6,Auralex Smartphone Pro 20,has_ram_gb,6,val,True,0,0,0.98,0.735,0.735,0.735,0.735,1.0,True,True,True,True,True,True
auralex smartphone pro 20|has_storage_gb|256,Auralex Smartphone Pro 20,has_storage_gb,256,val,True,0,0,0.98,0.735,0.735,0.735,0.735,1.0,True,True,True,True,True,True
auralex smartphone pro 20|has_battery_life_hours|10,Auralex Smartphone Pro 20,has_battery_life_hours,10,val,True,0,1,0.98,0.9969768738925782,0.9158625,0.9969768738925782,0.9158625,1.0,True,True,True,True,True,True
auralex smartphone pro 20|has_weight_kg|1.45,Auralex Smartphone Pro 20,has_weight_kg,1.45,val,True,0,0,0.98,0.735,0.735,0.735,0.735,1.0,True,True,True,True,True,True
auralex smartphone pro 20|has_color|white,Auralex Smartphone Pro 20,has_color,white,val,False,0,1,0.98,0.9971783700585938,0.9158625,0.9971783700585938,0.9158625,0.9971783700585938,True,True,True,True,True,True
auralex smartphone pro 20|made_of_material|plastic,Auralex Smartphone Pro 20,made_of_material,plastic,val,True,0,1,0.98,0.99737217553125,0.91785,0.99737217553125,0.91785,1.0,True,True,True,True,True,True
auralex smartphone pro 20|target_market_region|eu,Auralex Smartphone Pro 20,target_market_region,EU,val,True,0,0,0.98,0.735,0.735,0.735,0.735,1.0,True,True,True,True,True,True
auralex smartphone pro 20|supports_fast_charging|no,Auralex Smartphone Pro 20,supports_fast_charging,no,val,True,0,1,0.98,0.99719066510625,0.9198375,0.99719066510625,0.9198375,1.0,True,True,True,True,True,True
auralex smartphone pro 20|has_noise_cancellation|no,Auralex Smartphone Pro 20,has_noise_cancellation,no,val,True,0,1,0.98,0.9971286944835938,0.9198375,0.9971286944835938,0.9198375,1.0,True,True,True,True,True,True
voltedge smartwatch max 22|manufactured_by|voltedge,VoltEdge Smartwatch Max 22,manufactured_by,VoltEdge,test,True,0,0,0.98,0.735,0.735,0.735,0.735,1.0,True,True,True,True,True,True
voltedge smartwatch max 22|belongs_to_category|smartwatch,VoltEdge Smartwatch Max 22,belongs_to_category,smartwatch,test,True,0,0,0.98,0.735,0.735,0.735,0.735,1.0,True,True,True,True,True,True
voltedge smartwatch max 22|has_price_usd|299,VoltEdge Smartwatch Max 22,has_price_usd,299,test,True,0,1,0.98,0.735,0.735,0.735,0.735,1.0,True,True,True,True,True,True
voltedge smartwatch max 22|has_screen_size_inch|15.6,VoltEdge Smartwatch Max 22,has_screen_size_inch,15.6,test,True,0,1,0.98,0.735,0.735,0.735,0.735,1.0,True,True,True,True,True,True
voltedge smartwatch max 22|has_ram_gb|6,VoltEdge Smartwatch Max 22,has_ram_gb,6,test,True,0,1,0.98,0.735,0.735,0.735,0.735,1.0,True,True,True,True,True,True
voltedge smartwatch max 22|has_storage_gb|512,VoltEdge Smartwatch Max 22,has_storage_gb,512,test,True,0,0,0.98,0.735,0.735,0.735,0.735,1.0,True,True,True,True,True,True
voltedge smartwatch max 22|has_battery_life_hours|8,VoltEdge Smartwatch Max 22,has_battery_life_hours,8,test,True,0,1,0.98,0.735,0.735,0.735,0.735,1.0,True,True,True,True,True,True
voltedge smartwatch max 22|has_weight_kg|0.23,VoltEdge Smartwatch Max 22,has_weight_kg,0.23,test,True,0,0,0.98,0.735,0.735,0.735,0.735,1.0,True,True,True,True,True,True
voltedge smartwatch max 22|has_color|green,VoltEdge Smartwatch Max 22,has_color,green,test,False,0,0,0.98,0.735,0.735,0.735,0.735,0.735,True,True,True,True,True,True
voltedge smartwatch max 22|made_of_material|carbon fiber,VoltEdge Smartwatch Max 22,made_of_material,carbon fiber,test,True,0,0,0.98,0.735,0.735,0.735,0.735,1.0,True,True,True,True,True,True
voltedge smartwatch max 22|target_market_region|us,VoltEdge Smartwatch Max 22,target_market_region,US,test,True,0,1,0.98,0.735,0.735,0.735,0.735,1.0,True,True,True,True,True,True
voltedge smartwatch max 22|supports_fast_charging|no,VoltEdge Smartwatch Max 22,supports_fast_charging,no,test,True,0,1,0.98,0.735,0.735,0.735,0.735,1.0,True,True,True,True,True,True
voltedge smartwatch max 22|has_noise_cancellation|no,VoltEdge Smartwatch Max 22,has_noise_cancellation,no,test,True,0,1,0.98,0.735,0.735,0.735,0.735,1.0,True,True,True,True,True,True
product|has_screen_size_inch|15.6,Product,has_screen_size_inch,15.6,val,True,3,0,0.94,0.2271375,0.17625,0.23536890271416283,0.1753174603174603,0.25905993364609853,False,False,False,False,False,False
product|has_ram_gb|6,Product,has_ram_gb,6,val,True,2,0,0.94,0.3021125,0.235,0.2940015521962478,0.2325263157894737,0.32438418601927843,False,False,False,False,False,False
product|has_battery_life_hours|8,Product,has_battery_life_hours,8,val,True,1,0,0.93,0.45084375,0.34875,0.508408393422441,0.34875,0.5638410130144214,False,False,False,False,False,False
product|has_noise_cancellation|no,Product,has_noise_cancellation,no,val,True,1,0,0.91,0.44840625,0.34125,0.5044636231330119,0.33754076086956525,0.5625073503469363,False,False,False,False,False,False
voltedge smartphone max 23|manufactured_by|voltedge,VoltEdge Smartphone Max 23,manufactured_by,VoltEdge,val,True,0,0,0.98,0.735,0.735,0.735,0.735,1.0,True,True,True,True,True,True
voltedge smartphone max 23|belongs_to_category|smartphone,VoltEdge Smartphone Max 23,belongs_to_category,smartphone,val,True,0,1,0.98,0.735,0.735,0.735,0.735,1.0,True,True,True,True,True,True
voltedge smartphone max 23|has_price_usd|1099,VoltEdge Smartphone Max 23,has_price_usd,1099,val,True,0,0,0.98,0.735,0.735,0.735,0.735,1.0,True,True,True,True,True,True
voltedge smartphone max 23|has_screen_size_inch|10.9,VoltEdge Smartphone Max 23,has_screen_size_inch,10.9,val,True,0,0,0.98,0.735,0.735,0.735,0.735,1.0,True,True,True,True,True,True
voltedge smartphone max 23|has_ram_gb|8,VoltEdge Smartphone Max 23,has_ram_gb,8,val,True,0,1,0.98,0.735,0.735,0.735,0.735,1.0,True,True,True,True,True,True
voltedge smartphone max 23|has_storage_gb|128,VoltEdge Smartphone Max 23,has_storage_gb,128,val,True,0,1,0.98,0.735,0.735,0.735,0.735,1.0,True,True,True,True,True,True
voltedge smartphone max 23|has_battery_life_hours|10,VoltEdge Smartphone Max 23,has_battery_life_hours,10,val,True,0,1,0.98,0.735,0.735,0.735,0.735,1.0,True,True,True,True,True,True
voltedge smartphone max 23|has_weight_kg|0.18,VoltEdge Smartphone Max 23,has_weight_kg,0.18,val,True,0,1,0.98,0.735,0.735,0.735,0.735,1.0,True,True,True,True,True,True
voltedge smartphone max 23|has_color|black,VoltEdge Smartphone Max 23,has_color,black,val,False,0,0,0.98,0.735,0.735,0.735,0.735,0.735,True,True,True,True,True,True
voltedge smartphone max 23|made_of_material|plastic,VoltEdge Smartphone Max 23,made_of_material,plastic,val,True,0,0,0.98,0.735,0.735,0.735,0.735,1.0,True,True,True,True,True,True
voltedge smartphone max 23|target_market_region|us,VoltEdge Smartphone Max 23,target_market_region,US,val,True,0,1,0.98,0.735,0.735,0.735,0.735,1.0,True,True,True,True,True,True
voltedge smartphone max 23|supports_fast_charging|yes,VoltEdge Smartphone Max 23,supports_fast_charging,yes,val,True,0,1,0.98,0.735,0.735,0.735,0.735,1.0,True,True,True,True,True,True
voltedge smartphone max 23|has_noise_cancellation|no,VoltEdge Smartphone Max 23,has_noise_cancellation,no,val,True,0,0,0.98,0.735,0.735,0.735,0.735,1.0,True,True,True,True,True,True
it|has_ram_gb|8,It,has_ram_gb,8,val,True,3,0,0.89,0.166875,0.166875,0.1618732970027248,0.1618732970027248,0.24250681198910082,False,False,False,False,False,False
it|has_battery_life_hours|10,It,has_battery_life_hours,10,val,True,2,0,0.9,0.225,0.225,0.20268579531236972,0.20268579531236972,0.30027525231462177,False,False,False,False,False,False
it|has_weight_kg|0.18,It,has_weight_kg,0.18,val,True,1,0,0.93,0.4531125,0.45311250000000003,0.4612627606470365,0.46126276064703653,0.5089936391591895,False,False,False,False,False,False
it|supports_fast_charging|yes,It,supports_fast_charging,yes,val,True,1,0,0.96,0.48726,0.48726,0.48927784135453306,0.48927784135453306,0.5020706002488744,False,False,False,False,False,False
pixelware smartwatch pro 25|manufactured_by|pixelware,PixelWare Smartwatch Pro 25,manufactured_by,PixelWare,test,True,0,0,0.98,0.735,0.735,0.735,0.735,1.0,True,True,True,True,True,True
pixelware smartwatch pro 25|belongs_to_category|smartwatch,PixelWare Smartwatch Pro 25,belongs_to_category,smartwatch,test,True,0,1,0.98,0.735,0.735,0.735,0.735,1.0,True,True,True,True,True,True
pixelware smartwatch pro 25|has_price_usd|1299,PixelWare Smartwatch Pro 25,has_price_usd,1299,test,True,0,0,0.98,0.735,0.735,0.735,0.735,1.0,True,True,True,True,True,True
pixelware smartwatch pro 25|has_screen_size_inch|15.6,PixelWare Smartwatch Pro 25,has_screen_size_inch,15.6,test,True,0,0,0.98,0.735,0.735,0.735,0.735,1.0,True,True,True,True,True,True
pixelware smartwatch pro 25|has_ram_gb|16,PixelWare Smartwatch Pro 25,has_ram_gb,16,test,True,0,1,0.98,0.735,0.735,0.735,0.735,1.0,True,True,True,True,True,True
pixelware smartwatch pro 25|has_storage_gb|128,PixelWare Smartwatch Pro 25,has_storage_gb,128,test,True,0,1,0.98,0.735,0.735,0.735,0.735,1.0,True,True,True,True,True,True
pixelware smartwatch pro 25|has_battery_life_hours|12,PixelWare Smartwatch Pro 25,has_battery_life_hours,12,test,True,0,0,0.98,0.735,0.735,0.735,0.735,1.0,True,True,True,True,True,True
pixelware smartwatch pro 25|has_weight_kg|0.55,PixelWare Smartwatch Pro 25,has_weight_kg,0.55,test,True,0,1,0.98,0.735,0.735,0.735,0.735,1.0,True,True,True,True,True,True
pixelware smartwatch pro 25|has_color|blue,PixelWare Smartwatch Pro 25,has_color,blue,test,False,0,0,0.98,0.735,0.735,0.735,0.735,0.735,True,True,True,True,True,True
pixelware smartwatch pro 25|made_of_material|aluminum,PixelWare Smartwatch Pro 25,made_of_material,aluminum,test,True,0,1,0.98,0.735,0.735,0.735,0.735,1.0,True,True,True,True,True,True
pixelware smartwatch pro 25|target_market_region|global,PixelWare Smartwatch Pro 25,target_market_region,Global,test,True,0,1,0.98,0.735,0.735,0.735,0.735,1.0,True,True,True,True,True,True
pixelware smartwatch pro 25|supports_fast_charging|yes,PixelWare Smartwatch Pro 25,supports_fast_charging,yes,test,True,0,1,0.98,0.735,0.735,0.735,0.735,1.0,True,True,True,True,True,True
pixelware smartwatch pro 25|has_noise_cancellation|no,PixelWare Smartwatch Pro 25,has_noise_cancellation,no,test,True,0,0,0.98,0.735,0.735,0.735,0.735,1.0,True,True,True,True,True,True
smartwatch device|has_ram_gb|16,smartwatch device,has_ram_gb,16,test,True,0,0,0.93,0.98971698515625,0.6975,0.98971698515625,0.6975,1.0,False,True,False,True,False,True
smartwatch device|has_weight_kg|0.55,smartwatch device,has_weight_kg,0.55,test,True,0,0,0.91,0.987632333203125,0.6825,0.987632333203125,0.6825,1.0,False,True,False,True,False,True
smartwatch device|target_market_region|global,smartwatch device,target_market_region,Global,test,True,0,0,0.94,0.9999108408613032,0.90855,0.9999108408613032,0.90855,1.0,False,True,True,True,True,True
smartwatch device|supports_fast_charging|yes,smartwatch device,supports_fast_charging,yes,test,True,1,0,0.92,0.49492188515625,0.34500000000000003,0.4952242435888708,0.34313513513513516,0.5003054607622831,False,False,False,False,False,False
zenbyte smartwatch air 27|manufactured_by|zenbyte,Zenbyte Smartwatch Air 27,manufactured_by,Zenbyte,test,True,0,0,0.98,0.735,0.735,0.735,0.735,1.0,True,True,True,True,True,True
zenbyte smartwatch air 27|belongs_to_category|smartwatch,Zenbyte Smartwatch Air 27,belongs_to_category,smartwatch,test,True,0,1,0.98,0.735,0.735,0.735,0.735,1.0,True,True,True,True,True,True
zenbyte smartwatch air 27|has_price_usd|349,Zenbyte Smartwatch Air 27,has_price_usd,349,test,True,0,0,0.98,0.735,0.735,0.735,0.735,1.0,True,True,True,True,True,True
zenbyte smartwatch air 27|has_screen_size_inch|13.3,Zenbyte Smartwatch Air 27,has_screen_size_inch,13.3,test,True,0,0,0.98,0.735,0.735,0.735,0.735,1.0,True,True,True,True,True,True
zenbyte smartwatch air 27|has_ram_gb|12,Zenbyte Smartwatch Air 27,has_ram_gb,12,test,True,0,0,0.98,0.735,0.735,0.735,0.735,1.0,True,True,True,True,True,True
zenbyte smartwatch air 27|has_storage_gb|128,Zenbyte Smartwatch Air 27,has_storage_gb,128,test,True,0,1,0.98,0.735,0.735,0.735,0.735,1.0,True,True,True,True,True,True
zenbyte smartwatch air 27|has_battery_life_hours|20,Zenbyte Smartwatch Air 27,has_battery_life_hours,20,test,True,0,1,0.98,0.735,0.735,0.735,0.735,1.0,True,True,True,True,True,True
zenbyte smartwatch air 27|has_weight_kg|0.18,Zenbyte Smartwatch Air 27,has_weight_kg,0.18,test,True,0,0,0.98,0.735,0.735,0.735,0.735,1.0,True,True,True,True,True,True
zenbyte smartwatch air 27|has_color|blue,Zenbyte Smartwatch Air 27,has_color,blue,test,False,0,1,0.98,0.735,0.735,0.735,0.735,0.735,True,True,True,True,True,True
zenbyte smartwatch air 27|made_of_material|plastic,Zenbyte Smartwatch Air 27,made_of_material,plastic,test,True,0,1,0.98,0.735,0.735,0.735,0.735,1.0,True,True,True,True,True,True
zenbyte smartwatch air 27|target_market_region|global,Zenbyte Smartwatch Air 27,target_market_region,Global,test,True,0,1,0.98,0.735,0.735,0.735,0.735,1.0,True,True,True,True,True,True
zenbyte smartwatch air 27|supports_fast_charging|no,Zenbyte Smartwatch Air 27,supports_fast_charging,no,test,True,0,1,0.98,0.735,0.735,0.735,0.735,1.0,True,True,True,True,True,True
zenbyte smartwatch air 27|has_noise_cancellation|no,Zenbyte Smartwatch Air 27,has_noise_cancellation,no,test,True,0,0,0.98,0.735,0.735,0.735,0.735,1.0,True,True,True,True,True,True
smartwatch device|has_battery_life_hours|20,smartwatch device,has_battery_life_hours,20,test,True,1,0,0.93,0.494699368125,0.34875,0.49458813462593004,0.3506351351351351,0.49988757465014405,False,False,False,False,False,False
smartwatch device|has_color|blue,smartwatch device,has_color,blue,test,False,1,0,0.92,0.988939490625,0.6900000000000001,0.988939490625,0.6900000000000001,0.988939490625,False,True,False,True,False,True
smartwatch device|made_of_material|plastic,smartwatch device,made_of_material,plastic,test,True,1,0,0.91,0.49404737109375,0.34125,0.49111742554933874,0.29405567918185693,0.4970347524186549,False,False,False,False,False,False
smartwatch device|supports_fast_charging|no,smartwatch device,supports_fast_charging,no,test,True,1,0,0.93,0.4943175375,0.34875,0.49401554827637084,0.3506351351351351,0.499694539237717,False,False,False,False,False,False
technova laptop max 28|manufactured_by|technova,TechNova Laptop Max 28,manufactured_by,TechNova,val,True,0,0,0.98,0.735,0.735,0.735,0.735,1.0,True,True,True,True,True,True
technova laptop max 28|belongs_to_category|laptop,TechNova Laptop Max 28,belongs_to_category,laptop,val,True,0,0,0.98,0.735,0.735,0.735,0.735,1.0,True,True,True,True,True,True
technova laptop max 28|has_price_usd|199,TechNova Laptop Max 28,has_price_usd,199,val,True,0,0,0.98,0.735,0.735,0.735,0.735,1.0,True,True,True,True,True,True
technova laptop max 28|has_screen_size_inch|6.1,TechNova Laptop Max 28,has_screen_size_inch,6.1,val,True,0,1,0.98,0.735,0.735,0.735,0.735,1.0,True,True,True,True,True,True
technova laptop max 28|has_ram_gb|6,TechNova Laptop Max 28,has_ram_gb,6,val,True,0,0,0.98,0.735,0.735,0.735,0.735,1.0,True,True,True,True,True,True
technova laptop max 28|has_storage_gb|512,TechNova Laptop Max 28,has_storage_gb,512,val,True,0,0,0.98,0.735,0.735,0.735,0.735,1.0,True,True,True,True,True,True
technova laptop max 28|has_battery_life_hours|18,TechNova Laptop Max 28,has_battery_life_hours,18,val,True,0,1,0.98,0.735,0.735,0.735,0.735,1.0,True,True,True,True,True,True
technova laptop max 28|has_weight_kg|1.8,TechNova Laptop Max 28,has_weight_kg,1.8,val,True,0,1,0.98,0.735,0.735,0.735,0.735,1.0,True,True,True,True,True,True
technova laptop max 28|has_color|blue,TechNova Laptop Max 28,has_color,blue,val,False,0,1,0.98,0.735,0.735,0.735,0.735,0.735,True,True,True,True,True,True
technova laptop max 28|made_of_material|aluminum,TechNova Laptop Max 28,made_of_material,aluminum,val,True,0,1,0.98,0.735,0.735,0.735,0.735,1.0,True,True,True,True,True,True
technova laptop max 28|target_market_region|us,TechNova Laptop Max 28,target_market_region,US,val,True,0,1,0.98,0.735,0.735,0.735,0.735,1.0,True,True,True,True,True,True
technova laptop max 28|supports_fast_charging|yes,TechNova Laptop Max 28,supports_fast_charging,yes,val,True,0,1,0.98,0.735,0.735,0.735,0.735,1.0,True,True,True,True,True,True
technova laptop max 28|has_noise_cancellation|no,TechNova Laptop Max 28,has_noise_cancellation,no,val,True,0,0,0.98,0.735,0.735,0.735,0.735,1.0,True,True,True,True,True,True
the display|has_screen_size_inch|6.1,The display,has_screen_size_inch,6.1,val,True,0,0,0.94,0.705,0.705,0.705,0.705,1.0,False,False,False,False,False,True
battery|has_battery_life_hours|18,Battery,has_battery_life_hours,18,test,True,0,0,0.9,0.675,0.675,0.675,0.675,1.0,False,False,False,False,False,True
weighs|has_weight_kg|1.8,Weighs,has_weight_kg,1.8,test,True,0,0,0.92,0.6900000000000001,0.6900000000000001,0.6900000000000001,0.6900000000000001,1.0,False,False,False,False,False,True
available|has_color|blue,Available,has_color,blue,test,False,0,0,0.93,0.6975,0.6975,0.6975,0.6975,0.6975,False,False,False,False,False,True
built|made_of_material|aluminum,Built,made_of_material,aluminum,test,True,0,0,0.91,0.6825,0.6825,0.6825,0.6825,1.0,False,False,False,False,False,True
targeted|target_market_region|us,Targeted,target_market_region,US,val,True,0,0,0.89,0.6675,0.6675,0.6675,0.6675,1.0,False,False,False,False,False,True
fast charging|supports_fast_charging|yes,Fast charging,supports_fast_charging,yes,test,True,0,0,0.92,0.6900000000000001,0.6900000000000001,0.6900000000000001,0.6900000000000001,1.0,False,False,False,False,False,True
pixelware tablet pro 29|manufactured_by|pixelware,PixelWare Tablet Pro 29,manufactured_by,PixelWare,val,True,0,0,0.98,0.735,0.735,0.735,0.735,1.0,True,True,True,True,True,True
pixelware tablet pro 29|belongs_to_category|tablet,PixelWare Tablet Pro 29,belongs_to_category,tablet,val,True,0,1,0.98,0.735,0.735,0.735,0.735,1.0,True,True,True,True,True,True
pixelware tablet pro 29|has_price_usd|899,PixelWare Tablet Pro 29,has_price_usd,899,val,True,0,1,0.98,0.735,0.735,0.735,0.735,1.0,True,True,True,True,True,True
pixelware tablet pro 29|has_screen_size_inch|6.7,PixelWare Tablet Pro 29,has_screen_size_inch,6.7,val,True,0,0,0.98,0.735,0.735,0.735,0.735,1.0,True,True,True,True,True,True
pixelware tablet pro 29|has_ram_gb|6,PixelWare Tablet Pro 29,has_ram_gb,6,val,True,0,0,0.98,0.735,0.735,0.735,0.735,1.0,True,True,True,True,True,True
pixelware tablet pro 29|has_storage_gb|1024,PixelWare Tablet Pro 29,has_storage_gb,1024,val,True,0,1,0.98,0.735,0.735,0.735,0.735,1.0,True,True,True,True,True,True
pixelware tablet pro 29|has_battery_life_hours|14,PixelWare Tablet Pro 29,has_battery_life_hours,14,val,True,0,1,0.98,0.735,0.735,0.735,0.735,1.0,True,True,True,True,True,True
pixelware tablet pro 29|has_weight_kg|0.18,PixelWare Tablet Pro 29,has_weight_kg,0.18,val,True,0,1,0.98,0.735,0.735,0.735,0.735,1.0,True,True,True,True,True,True
pixelware tablet pro 29|has_color|silver,PixelWare Tablet Pro 29,has_color,silver,val,False,0,1,0.98,0.735,0.735,0.735,0.735,0.735,True,True,True,True,True,True
pixelware tablet pro 29|made_of_material|carbon fiber,PixelWare Tablet Pro 29,made_of_material,carbon fiber,val,True,0,0,0.98,0.735,0.735,0.735,0.735,1.0,True,True,True,True,True,True
pixelware tablet pro 29|target_market_region|eu,PixelWare Tablet Pro 29,target_market_region,EU,val,True,0,0,0.98,0.735,0.735,0.735,0.735,1.0,True,True,True,True,True,True
pixelware tablet pro 29|supports_fast_charging|yes,PixelWare Tablet Pro 29,supports_fast_charging,yes,val,True,0,1,0.98,0.735,0.735,0.735,0.735,1.0,True,True,True,True,True,True
pixelware tablet pro 29|has_noise_cancellation|no,PixelWare Tablet Pro 29,has_noise_cancellation,no,val,True,0,0,0.98,0.735,0.735,0.735,0.735,1.0,True,True,True,True,True,True
it|belongs_to_category|tablet device,It,belongs_to_category,tablet device,val,True,3,0,0.96,0.18,0.18,0.17940199335548174,0.17940199335548174,0.24916943521594687,False,False,False,False,False,False
it|has_price_usd|899,It,has_price_usd,899,val,True,2,0,0.96,0.24,0.24,0.24338028169014084,0.24338028169014084,0.3380281690140845,False,False,False,False,False,False
it|has_storage_gb|1024,It,has_storage_gb,1024,val,True,3,0,0.96,0.18,0.18,0.16942429504437,0.16942429504437,0.23531152089495835,False,False,False,False,False,False
it|has_battery_life_hours|14,It,has_battery_life_hours,14,val,True,2,0,0.95,0.2993125,0.2993125,0.35868068124947866,0.35868068124947866,0.3994494953707565,False,False,False,False,False,False
it|has_color|silver,It,has_color,silver,val,False,2,0,0.96,0.72,0.72,0.72,0.72,0.72,False,False,False,False,False,True
zenbyte tablet max 30|manufactured_by|zenbyte,Zenbyte Tablet Max 30,manufactured_by,Zenbyte,val,True,0,1,0.98,0.9976061373234376,0.9238124999999999,0.9976061373234376,0.9238124999999999,1.0,True,True,True,True,True,True
zenbyte tablet max 30|belongs_to_category|tablet,Zenbyte Tablet Max 30,belongs_to_category,tablet,val,True,0,0,0.98,0.735,0.735,0.735,0.735,1.0,True,True,True,True,True,True
zenbyte tablet max 30|has_price_usd|1099,Zenbyte Tablet Max 30,has_price_usd,1099,val,True,0,0,0.98,0.735,0.735,0.735,0.735,1.0,True,True,True,True,True,True
zenbyte tablet max 30|has_screen_size_inch|11.0,Zenbyte Tablet Max 30,has_screen_size_inch,11.0,val,True,0,1,0.98,0.997434250125,0.91785,0.997434250125,0.91785,1.0,True,True,True,True,True,True
zenbyte tablet max 30|has_ram_gb|8,Zenbyte Tablet Max 30,has_ram_gb,8,val,True,0,1,0.98,0.9976161401003906,0.921825,0.9976161401003906,0.921825,1.0,True,True,True,True,True,True
zenbyte tablet max 30|has_storage_gb|128,Zenbyte Tablet Max 30,has_storage_gb,128,val,True,0,0,0.98,0.735,0.735,0.735,0.735,1.0,True,True,True,True,True,True
zenbyte tablet max 30|has_battery_life_hours|24,Zenbyte Tablet Max 30,has_battery_life_hours,24,val,True,0,0,0.98,0.735,0.735,0.735,0.735,1.0,True,True,True,True,True,True
zenbyte tablet max 30|has_weight_kg|1.45,Zenbyte Tablet Max 30,has_weight_kg,1.45,val,True,0,1,0.98,0.9966215315625,0.913875,0.9966215315625,0.913875,1.0,True,True,True,True,True,True
zenbyte tablet max 30|has_color|green,Zenbyte Tablet Max 30,has_color,green,val,False,0,1,0.98,0.997379724242578,0.921825,0.997379724242578,0.921825,0.997379724242578,True,True,True,True,True,True
zenbyte tablet max 30|made_of_material|plastic,Zenbyte Tablet Max 30,made_of_material,plastic,val,True,0,0,0.98,0.735,0.735,0.735,0.735,1.0,True,True,True,True,True,True
zenbyte tablet max 30|target_market_region|global,Zenbyte Tablet Max 30,target_market_region,Global,val,True,0,1,0.98,0.997554101840625,0.9198375,0.997554101840625,0.9198375,1.0,True,True,True,True,True,True
zenbyte tablet max 30|supports_fast_charging|no,Zenbyte Tablet Max 30,supports_fast_charging,no,val,True,0,0,0.98,0.735,0.735,0.735,0.735,1.0,True,True,True,True,True,True
zenbyte tablet max 30|has_noise_cancellation|no,Zenbyte Tablet Max 30,has_noise_cancellation,no,val,True,0,1,0.98,0.9969271407421876,0.91785,0.9969271407421876,0.91785,1.0,True,True,True,True,True,True
pixelware headphones plus 31|manufactured_by|pixelware,PixelWare Headphones Plus 31,manufactured_by,PixelWare,test,True,0,0,0.98,0.735,0.735,0.735,0.735,1.0,True,True,True,True,True,True
pixelware headphones plus 31|belongs_to_category|headphones,PixelWare Headphones Plus 31,belongs_to_category,headphones,test,True,0,1,0.98,0.735,0.735,0.735,0.735,1.0,True,True,True,True,True,True
pixelware headphones plus 31|has_price_usd|249,PixelWare Headphones Plus 31,has_price_usd,249,test,True,0,0,0.98,0.735,0.735,0.735,0.735,1.0,True,True,True,True,True,True
pixelware headphones plus 31|has_screen_size_inch|6.7,PixelWare Headphones Plus 31,has_screen_size_inch,6.7,test,True,0,1,0.98,0.735,0.735,0.735,0.735,1.0,True,True,True,True,True,True
pixelware headphones plus 31|has_ram_gb|6,PixelWare Headphones Plus 31,has_ram_gb,6,test,True,0,0,0.98,0.735,0.735,0.735,0.735,1.0,True,True,True,True,True,True
pixelware headphones plus 31|has_storage_gb|128,PixelWare Headphones Plus 31,has_storage_gb,128,test,True,0,1,0.98,0.735,0.735,0.735,0.735,1.0,True,True,True,True,True,True
pixelware headphones plus 31|has_battery_life_hours|14,PixelWare Headphones Plus 31,has_battery_life_hours,14,test,True,0,1,0.98,0.735,0.735,0.735,0.735,1.0,True,True,True,True,True,True
pixelware headphones plus 31|has_weight_kg|1.45,PixelWare Headphones Plus 31,has_weight_kg,1.45,test,True,0,1,0.98,0.735,0.735,0.735,0.735,1.0,True,True,True,True,True,True
pixelware headphones plus 31|has_color|blue,PixelWare Headphones Plus 31,has_color,blue,test,False,0,1,0.98,0.735,0.735,0.735,0.735,0.735,True,True,True,True,True,True
pixelware headphones plus 31|made_of_material|plastic,PixelWare Headphones Plus 31,made_of_material,plastic,test,True,0,0,0.98,0.735,0.735,0.735,0.735,1.0,True,True,True,True,True,True
pixelware headphones plus 31|target_market_region|apac,PixelWare Headphones Plus 31,target_market_region,APAC,test,True,0,0,0.98,0.735,0.735,0.735,0.735,1.0,True,True,True,True,True,True
pixelware headphones plus 31|supports_fast_charging|yes,PixelWare Headphones Plus 31,supports_fast_charging,yes,test,True,0,1,0.98,0.735,0.735,0.735,0.735,1.0,True,True,True,True,True,True
pixelware headphones plus 31|has_noise_cancellation|yes,PixelWare Headphones Plus 31,has_noise_cancellation,yes,test,True,0,0,0.98,0.735,0.735,0.735,0.735,1.0,True,True,True,True,True,True
it|belongs_to_category|headphones,It,belongs_to_category,headphones,val,True,3,0,0.85,0.159375,0.159375,0.14064446636212624,0.14064446636212624,0.22061877076411962,False,False,False,False,False,False
it|has_screen_size_inch|6.7,It,has_screen_size_inch,6.7,val,True,3,0,0.84,0.1575,0.1575,0.14659279778393353,0.14659279778393353,0.23268698060941828,False,False,False,False,False,False
it|has_weight_kg|1.45,It,has_weight_kg,1.45,val,True,1,0,0.88,0.4371,0.4371,0.4292377606470365,0.42923776064703645,0.4910063608408105,False,False,False,False,False,False
it|has_color|blue,It,has_color,blue,val,False,2,0,0.88,0.66,0.66,0.66,0.66,0.66,False,False,False,False,False,True
pixelware smartphone plus 32|manufactured_by|pixelware,PixelWare Smartphone Plus 32,manufactured_by,PixelWare,test,True,0,0,0.98,0.735,0.735,0.735,0.735,1.0,True,True,True,True,True,True
pixelware smartphone plus 32|belongs_to_category|smartphone,PixelWare Smartphone Plus 32,belongs_to_category,smartphone,test,True,0,1,0.98,0.735,0.735,0.735,0.735,1.0,True,True,True,True,True,True
pixelware smartphone plus 32|has_price_usd|899,PixelWare Smartphone Plus 32,has_price_usd,899,test,True,0,0,0.98,0.735,0.735,0.735,0.735,1.0,True,True,True,True,True,True
pixelware smartphone plus 32|has_screen_size_inch|11.0,PixelWare Smartphone Plus 32,has_screen_size_inch,11.0,test,True,0,1,0.98,0.735,0.735,0.735,0.735,1.0,True,True,True,True,True,True
pixelware smartphone plus 32|has_ram_gb|4,PixelWare Smartphone Plus 32,has_ram_gb,4,test,True,0,0,0.98,0.735,0.735,0.735,0.735,1.0,True,True,True,True,True,True
pixelware smartphone plus 32|has_storage_gb|256,PixelWare Smartphone Plus 32,has_storage_gb,256,test,True,0,0,0.98,0.735,0.735,0.735,0.735,1.0,True,True,True,True,True,True
pixelware smartphone plus 32|has_battery_life_hours|12,PixelWare Smartphone Plus 32,has_battery_life_hours,12,test,True,0,1,0.98,0.735,0.735,0.735,0.735,1.0,True,True,True,True,True,True
pixelware smartphone plus 32|has_weight_kg|1.8,PixelWare Smartphone Plus 32,has_weight_kg,1.8,test,True,0,1,0.98,0.735,0.735,0.735,0.735,1.0,True,True,True,True,True,True
pixelware smartphone plus 32|has_color|white,PixelWare Smartphone Plus 32,has_color,white,test,False,0,1,0.98,0.735,0.735,0.735,0.735,0.735,True,True,True,True,True,True
pixelware smartphone plus 32|made_of_material|plastic,PixelWare Smartphone Plus 32,made_of_material,plastic,test,True,0,1,0.98,0.735,0.735,0.735,0.735,1.0,True,True,True,True,True,True
pixelware smartphone plus 32|target_market_region|eu,PixelWare Smartphone Plus 32,target_market_region,EU,test,True,0,0,0.98,0.735,0.735,0.735,0.735,1.0,True,True,True,True,True,True
pixelware smartphone plus 32|supports_fast_charging|no,PixelWare Smartphone Plus 32,supports_fast_charging,no,test,True,0,1,0.98,0.735,0.735,0.735,0.735,1.0,True,True,True,True,True,True
pixelware smartphone plus 32|has_noise_cancellation|no,PixelWare Smartphone Plus 32,has_noise_cancellation,no,test,True,0,0,0.98,0.735,0.735,0.735,0.735,1.0,True,True,True,True,True,True
smartphone device|has_screen_size_inch|11.0,smartphone device,has_screen_size_inch,11.0,val,True,0,0,0.94,0.991434564375,0.705,0.991434564375,0.705,1.0,False,True,False,True,False,True
smartphone device|has_battery_life_hours|12,smartphone device,has_battery_life_hours,12,val,True,1,0,0.93,0.495050145234375,0.34875,0.5018527392440152,0.3544672131147541,0.5068706110634706,False,False,False,False,False,False
smartphone device|has_weight_kg|1.8,smartphone device,has_weight_kg,1.8,val,True,1,0,0.92,0.494313803203125,0.34500000000000003,0.5001063284853039,0.3468852459016394,0.5058591579323131,False,False,False,False,False,False
smartphone device|has_color|white,smartphone device,has_color,white,val,False,0,0,0.9,0.988843359375,0.675,0.988843359375,0.675,0.988843359375,False,True,False,True,False,True
smartphone device|made_of_material|plastic,smartphone device,made_of_material,plastic,val,True,0,0,0.93,0.9903181897265624,0.6975,0.9903181897265624,0.6975,1.0,False,True,False,True,False,True
smartphone device|supports_fast_charging|no,smartphone device,supports_fast_charging,no,val,True,1,0,0.92,0.49390788,0.34500000000000003,0.4981569057852178,0.34129032258064523,0.5043014355077892,False,False,False,False,False,False
pixelware tablet lite 34|manufactured_by|pixelware,PixelWare Tablet Lite 34,manufactured_by,PixelWare,val,True,0,1,0.98,0.99822282096,0.9258,0.99822282096,0.9258,1.0,True,True,True,True,True,True
pixelware tablet lite 34|belongs_to_category|tablet,PixelWare Tablet Lite 34,belongs_to_category,tablet,val,True,1,1,0.98,0.4569375,0.4569375,0.4566096104561763,0.5135147279225272,0.49964120963608405,True,False,False,False,False,False
pixelware tablet lite 34|has_price_usd|349,PixelWare Tablet Lite 34,has_price_usd,349,val,True,0,0,0.98,0.735,0.735,0.735,0.735,1.0,True,True,True,True,True,True
pixelware tablet lite 34|has_screen_size_inch|11.0,PixelWare Tablet Lite 34,has_screen_size_inch,11.0,val,True,0,0,0.98,0.735,0.735,0.735,0.735,1.0,True,True,True,True,True,True
pixelware tablet lite 34|has_ram_gb|8,PixelWare Tablet Lite 34,has_ram_gb,8,val,True,0,1,0.98,0.9976724517515624,0.921825,0.9976724517515624,0.921825,1.0,True,True,True,True,True,True
pixelware tablet lite 34|has_storage_gb|256,PixelWare Tablet Lite 34,has_storage_gb,256,val,True,0,1,0.98,0.997554101840625,0.9198375,0.997554101840625,0.9198375,1.0,True,True,True,True,True,True
pixelware tablet lite 34|has_battery_life_hours|24,PixelWare Tablet Lite 34,has_battery_life_hours,24,val,True,0,1,0.98,0.9969054614648436,0.913875,0.9969054614648436,0.913875,1.0,True,True,True,True,True,True
pixelware tablet lite 34|has_weight_kg|0.55,PixelWare Tablet Lite 34,has_weight_kg,0.55,val,True,0,1,0.98,0.996769225171875,0.9158625,0.996769225171875,0.9158625,1.0,True,True,True,True,True,True
pixelware tablet lite 34|has_color|black,PixelWare Tablet Lite 34,has_color,black,val,False,0,0,0.98,0.735,0.735,0.735,0.735,0.735,True,True,True,True,True,True
pixelware tablet lite 34|made_of_material|plastic,PixelWare Tablet Lite 34,made_of_material,plastic,val,True,0,0,0.98,0.735,0.735,0.735,0.735,1.0,True,True,True,True,True,True
pixelware tablet lite 34|target_market_region|global,PixelWare Tablet Lite 34,target_market_region,Global,val,True,0,0,0.98,0.735,0.735,0.735,0.735,1.0,True,True,True,True,True,True
pixelware tablet lite 34|supports_fast_charging|no,PixelWare Tablet Lite 34,supports_fast_charging,no,val,True,0,0,0.98,0.735,0.735,0.735,0.735,1.0,True,True,True,True,True,True
pixelware tablet lite 34|has_noise_cancellation|no,PixelWare Tablet Lite 34,has_noise_cancellation,no,val,True,0,1,0.98,0.997074926025,0.921825,0.997074926025,0.921825,1.0,True,True,True,True,True,True
pixelware tablet lite 34|belongs_to_category|tablet device,PixelWare Tablet Lite 34,belongs_to_category,tablet device,val,True,1,0,0.95,0.4575937499999999,0.35624999999999996,0.45792211045617637,0.3121397279225271,0.500358790363916,False,False,False,False,False,False
neotech headphones max 36|manufactured_by|neotech,NeoTech Headphones Max 36,manufactured_by,NeoTech,val,True,0,0,0.98,0.735,0.735,0.735,0.735,1.0,True,True,True,True,True,True
neotech headphones max 36|belongs_to_category|headphones,NeoTech Headphones Max 36,belongs_to_category,headphones,val,True,0,1,0.98,0.735,0.735,0.735,0.735,1.0,True,True,True,True,True,True
neotech headphones max 36|has_price_usd|499,NeoTech Headphones Max 36,has_price_usd,499,val,True,0,0,0.98,0.735,0.735,0.735,0.735,1.0,True,True,True,True,True,True
neotech headphones max 36|has_screen_size_inch|6.1,NeoTech Headphones Max 36,has_screen_size_inch,6.1,val,True,0,1,0.98,0.735,0.735,0.735,0.735,1.0,True,True,True,True,True,True
neotech headphones max 36|has_ram_gb|16,NeoTech Headphones Max 36,has_ram_gb,16,val,True,0,0,0.98,0.735,0.735,0.735,0.735,1.0,True,True,True,True,True,True
neotech headphones max 36|has_storage_gb|64,NeoTech Headphones Max 36,has_storage_gb,64,val,True,0,1,0.98,0.735,0.735,0.735,0.735,1.0,True,True,True,True,True,True
neotech headphones max 36|has_battery_life_hours|12,NeoTech Headphones Max 36,has_battery_life_hours,12,val,True,0,0,0.98,0.735,0.735,0.735,0.735,1.0,True,True,True,True,True,True
neotech headphones max 36|has_weight_kg|1.2,NeoTech Headphones Max 36,has_weight_kg,1.2,val,True,0,0,0.98,0.735,0.735,0.735,0.735,1.0,True,True,True,True,True,True
neotech headphones max 36|has_color|silver,NeoTech Headphones Max 36,has_color,silver,val,False,0,0,0.98,0.735,0.735,0.735,0.735,0.735,True,True,True,True,True,True
neotech headphones max 36|made_of_material|carbon fiber,NeoTech Headphones Max 36,made_of_material,carbon fiber,val,True,0,1,0.98,0.735,0.735,0.735,0.735,1.0,True,True,True,True,True,True
neotech headphones max 36|target_market_region|eu,NeoTech Headphones Max 36,target_market_region,EU,val,True,0,1,0.98,0.735,0.735,0.735,0.735,1.0,True,True,True,True,True,True
neotech headphones max 36|supports_fast_charging|no,NeoTech Headphones Max 36,supports_fast_charging,no,val,True,0,1,0.98,0.735,0.735,0.735,0.735,1.0,True,True,True,True,True,True
neotech headphones max 36|has_noise_cancellation|no,NeoTech Headphones Max 36,has_noise_cancellation,no,val,True,0,1,0.98,0.735,0.735,0.735,0.735,1.0,True,True,True,True,True,True
it|has_storage_gb|64,It,has_storage_gb,64,val,True,3,0,0.91,0.170625,0.170625,0.1522355237914961,0.1522355237914961,0.2230557125150126,False,False,False,False,False,False
it|has_screen_size_inch|6.1,It,has_screen_size_inch,6.1,val,True,3,0,0.92,0.1725,0.17250000000000001,0.17584487534626042,0.17584487534626042,0.2548476454293629,False,False,False,False,False,False
it|made_of_material|carbon fiber,It,made_of_material,carbon fiber,val,True,1,0,0.93,0.34875,0.34875,0.3544672131147541,0.3544672131147541,0.5081967213114754,False,False,False,False,False,False
it|target_market_region|eu,It,target_market_region,EU,val,True,1,0,0.9,0.44353125,0.44353125,0.4387642906804115,0.4387642906804115,0.4946261291401806,False,False,False,False,False,False
it|supports_fast_charging|no,It,supports_fast_charging,no,val,True,1,0,0.91,0.4832409609375,0.4832409609375,0.48123976322953305,0.48123976322953305,0.49792939975112566,False,False,False,False,False,False
it|has_noise_cancellation|no,It,has_noise_cancellation,no,val,True,0,0,0.91,0.89443125,0.89443125,0.89443125,0.89443125,1.0,False,True,True,True,True,True
technova headphones lite 37|manufactured_by|technova,TechNova Headphones Lite 37,manufactured_by,TechNova,val,True,0,0,0.98,0.735,0.735,0.735,0.735,1.0,True,True,True,True,True,True
technova headphones lite 37|belongs_to_category|headphones,TechNova Headphones Lite 37,belongs_to_category,headphones,val,True,0,1,0.98,0.735,0.735,0.735,0.735,1.0,True,True,True,True,True,True
technova headphones lite 37|has_price_usd|1299,TechNova Headphones Lite 37,has_price_usd,1299,val,True,0,0,0.98,0.735,0.735,0.735,0.735,1.0,True,True,True,True,True,True
technova headphones lite 37|has_screen_size_inch|11.0,TechNova Headphones Lite 37,has_screen_size_inch,11.0,val,True,0,0,0.98,0.735,0.735,0.735,0.735,1.0,True,True,True,True,True,True
technova headphones lite 37|has_ram_gb|32,TechNova Headphones Lite 37,has_ram_gb,32,val,True,0,0,0.98,0.735,0.735,0.735,0.735,1.0,True,True,True,True,True,True
technova headphones lite 37|has_storage_gb|256,TechNova Headphones Lite 37,has_storage_gb,256,val,True,0,1,0.98,0.735,0.735,0.735,0.735,1.0,True,True,True,True,True,True
technova headphones lite 37|has_battery_life_hours|8,TechNova Headphones Lite 37,has_battery_life_hours,8,val,True,0,1,0.98,0.735,0.735,0.735,0.735,1.0,True,True,True,True,True,True
technova headphones lite 37|has_weight_kg|1.2,TechNova Headphones Lite 37,has_weight_kg,1.2,val,True,0,1,0.98,0.735,0.735,0.735,0.735,1.0,True,True,True,True,True,True
technova headphones lite 37|has_color|green,TechNova Headphones Lite 37,has_color,green,val,False,0,1,0.98,0.735,0.735,0.735,0.735,0.735,True,True,True,True,True,True
technova headphones lite 37|made_of_material|aluminum,TechNova Headphones Lite 37,made_of_material,aluminum,val,True,0,0,0.98,0.735,0.735,0.735,0.735,1.0,True,True,True,True,True,True
technova headphones lite 37|target_market_region|eu,TechNova Headphones Lite 37,target_market_region,EU,val,True,0,0,0.98,0.735,0.735,0.735,0.735,1.0,True,True,True,True,True,True
technova headphones lite 37|supports_fast_charging|no,TechNova Headphones Lite 37,supports_fast_charging,no,val,True,0,1,0.98,0.735,0.735,0.735,0.735,1.0,True,True,True,True,True,True
technova headphones lite 37|has_noise_cancellation|yes,TechNova Headphones Lite 37,has_noise_cancellation,yes,val,True,0,1,0.98,0.735,0.735,0.735,0.735,1.0,True,True,True,True,True,True
headphones device|has_storage_gb|256,headphones device,has_storage_gb,256,test,True,3,0,0.92,0.24695986875,0.17250000000000001,0.2585046731371129,0.17584487534626042,0.26168692351266165,False,False,False,False,False,False
headphones device|has_battery_life_hours|8,headphones device,has_battery_life_hours,8,test,True,2,0,0.91,0.329187560546875,0.2275,0.3461190903806617,0.23174440298507465,0.3504780980642753,False,False,False,False,False,False
headphones device|has_weight_kg|1.2,headphones device,has_weight_kg,1.2,test,True,1,0,0.9,0.49258959375,0.3375,0.49008872506900875,0.2910702521411032,0.4974615088171549,False,False,False,False,False,False
headphones device|has_color|green,headphones device,has_color,green,test,False,1,0,0.93,0.989153058984375,0.6975,0.989153058984375,0.6975,0.989153058984375,False,True,False,True,False,True
headphones device|supports_fast_charging|no,headphones device,supports_fast_charging,no,test,True,1,0,0.95,0.4999362283546445,0.4844821875,0.5001871242766452,0.5023342759975111,0.5002509279261742,False,False,False,False,False,False
headphones device|has_noise_cancellation|yes,headphones device,has_noise_cancellation,yes,test,True,1,0,0.96,0.49564698,0.36,0.5260388599915398,0.3756521739130435,0.5306587967019791,False,False,False,False,False,False
zenbyte tablet lite 39|manufactured_by|zenbyte,Zenbyte Tablet Lite 39,manufactured_by,Zenbyte,val,True,0,1,0.98,0.997951146703125,0.9258,0.997951146703125,0.9258,1.0,True,True,True,True,True,True
zenbyte tablet lite 39|belongs_to_category|tablet,Zenbyte Tablet Lite 39,belongs_to_category,tablet,val,True,0,0,0.98,0.735,0.735,0.735,0.735,1.0,True,True,True,True,True,True
zenbyte tablet lite 39|has_price_usd|199,Zenbyte Tablet Lite 39,has_price_usd,199,val,True,0,0,0.98,0.735,0.735,0.735,0.735,1.0,True,True,True,True,True,True
zenbyte tablet lite 39|has_screen_size_inch|11.0,Zenbyte Tablet Lite 39,has_screen_size_inch,11.0,val,True,0,0,0.98,0.735,0.735,0.735,0.735,1.0,True,True,True,True,True,True
zenbyte tablet lite 39|has_ram_gb|8,Zenbyte Tablet Lite 39,has_ram_gb,8,val,True,0,1,0.98,0.997320620278125,0.921825,0.997320620278125,0.921825,1.0,True,True,True,True,True,True
zenbyte tablet lite 39|has_storage_gb|128,Zenbyte Tablet Lite 39,has_storage_gb,128,val,True,0,1,0.98,0.9974388282070312,0.921825,0.9974388282070312,0.921825,1.0,True,True,True,True,True,True
zenbyte tablet lite 39|has_battery_life_hours|14,Zenbyte Tablet Lite 39,has_battery_life_hours,14,val,True,0,0,0.98,0.735,0.735,0.735,0.735,1.0,True,True,True,True,True,True
zenbyte tablet lite 39|has_weight_kg|0.23,Zenbyte Tablet Lite 39,has_weight_kg,0.23,val,True,0,0,0.98,0.735,0.735,0.735,0.735,1.0,True,True,True,True,True,True
zenbyte tablet lite 39|has_color|green,Zenbyte Tablet Lite 39,has_color,green,val,False,0,1,0.98,0.99691963171875,0.91785,0.99691963171875,0.91785,0.99691963171875,True,True,True,True,True,True
zenbyte tablet lite 39|made_of_material|carbon fiber,Zenbyte Tablet Lite 39,made_of_material,carbon fiber,val,True,0,1,0.98,0.9970532302576172,0.9198375,0.9970532302576172,0.9198375,1.0,True,True,True,True,True,True
zenbyte tablet lite 39|target_market_region|global,Zenbyte Tablet Lite 39,target_market_region,Global,val,True,0,0,0.98,0.735,0.735,0.735,0.735,1.0,True,True,True,True,True,True
zenbyte tablet lite 39|supports_fast_charging|no,Zenbyte Tablet Lite 39,supports_fast_charging,no,val,True,0,1,0.98,0.99623170828125,0.913875,0.99623170828125,0.913875,1.0,True,True,True,True,True,True
zenbyte tablet lite 39|has_noise_cancellation|no,Zenbyte Tablet Lite 39,has_noise_cancellation,no,val,True,0,1,0.98,0.99623170828125,0.913875,0.99623170828125,0.913875,1.0,True,True,True,True,True,True
auralex laptop air 40|manufactured_by|auralex,Auralex Laptop Air 40,manufactured_by,Auralex,test,True,0,1,0.98,0.997947359025,0.9258,0.997947359025,0.9258,1.0,True,True,True,True,True,True
auralex laptop air 40|belongs_to_category|laptop,Auralex Laptop Air 40,belongs_to_category,laptop,test,True,1,1,0.98,0.4872965625,0.4609125,0.5680495572262254,0.5247626823676532,0.5828581616828309,True,False,False,False,False,False
auralex laptop air 40|has_price_usd|1299,Auralex Laptop Air 40,has_price_usd,1299,test,True,0,0,0.98,0.735,0.735,0.735,0.735,1.0,True,True,True,True,True,True
auralex laptop air 40|has_screen_size_inch|15.6,Auralex Laptop Air 40,has_screen_size_inch,15.6,test,True,0,1,0.98,0.99749632471875,0.9198375,0.99749632471875,0.9198375,1.0,True,True,True,True,True,True
auralex laptop air 40|has_ram_gb|6,Auralex Laptop Air 40,has_ram_gb,6,test,True,0,1,0.98,0.99737217553125,0.91785,0.99737217553125,0.91785,1.0,True,True,True,True,True,True
auralex laptop air 40|has_storage_gb|512,Auralex Laptop Air 40,has_storage_gb,512,test,True,0,1,0.98,0.997434250125,0.91785,0.997434250125,0.91785,1.0,True,True,True,True,True,True
auralex laptop air 40|has_battery_life_hours|20,Auralex Laptop Air 40,has_battery_life_hours,20,test,True,0,1,0.98,0.99697841203125,0.9158625,0.99697841203125,0.9158625,1.0,True,True,True,True,True,True
auralex laptop air 40|has_weight_kg|1.45,Auralex Laptop Air 40,has_weight_kg,1.45,test,True,0,1,0.98,0.9967660069125,0.9158625,0.9967660069125,0.9158625,1.0,True,True,True,True,True,True
auralex laptop air 40|has_color|silver,Auralex Laptop Air 40,has_color,silver,test,False,0,0,0.98,0.735,0.735,0.735,0.735,0.735,True,True,True,True,True,True
auralex laptop air 40|made_of_material|carbon fiber,Auralex Laptop Air 40,made_of_material,carbon fiber,test,True,0,0,0.98,0.735,0.735,0.735,0.735,1.0,True,True,True,True,True,True
auralex laptop air 40|target_market_region|global,Auralex Laptop Air 40,target_market_region,Global,test,True,0,0,0.98,0.735,0.735,0.735,0.735,1.0,True,True,True,True,True,True
auralex laptop air 40|supports_fast_charging|no,Auralex Laptop Air 40,supports_fast_charging,no,test,True,0,0,0.98,0.735,0.735,0.735,0.735,1.0,True,True,True,True,True,True
auralex laptop air 40|has_noise_cancellation|no,Auralex Laptop Air 40,has_noise_cancellation,no,test,True,0,0,0.98,0.735,0.735,0.735,0.735,1.0,True,True,True,True,True,True
auralex laptop air 40|belongs_to_category|laptop device,Auralex Laptop Air 40,belongs_to_category,laptop device,test,True,1,0,0.93,0.34875,0.34875,0.29095643222622547,0.3004376823676532,0.4171418383171691,False,False,False,False,False,False
neotech laptop plus 41|manufactured_by|neotech,NeoTech Laptop Plus 41,manufactured_by,NeoTech,test,True,0,0,0.98,0.735,0.735,0.735,0.735,1.0,True,True,True,True,True,True
neotech laptop plus 41|belongs_to_category|laptop,NeoTech Laptop Plus 41,belongs_to_category,laptop,test,True,0,1,0.98,0.735,0.735,0.735,0.735,1.0,True,True,True,True,True,True
neotech laptop plus 41|has_price_usd|1299,NeoTech Laptop Plus 41,has_price_usd,1299,test,True,0,1,0.98,0.735,0.735,0.735,0.735,1.0,True,True,True,True,True,True
neotech laptop plus 41|has_screen_size_inch|10.9,NeoTech Laptop Plus 41,has_screen_size_inch,10.9,test,True,0,1,0.98,0.735,0.735,0.735,0.735,1.0,True,True,True,True,True,True
neotech laptop plus 41|has_ram_gb|12,NeoTech Laptop Plus 41,has_ram_gb,12,test,True,0,1,0.98,0.735,0.735,0.735,0.735,1.0,True,True,True,True,True,True
neotech laptop plus 41|has_storage_gb|1024,NeoTech Laptop Plus 41,has_storage_gb,1024,test,True,0,0,0.98,0.735,0.735,0.735,0.735,1.0,True,True,True,True,True,True
neotech laptop plus 41|has_battery_life_hours|12,NeoTech Laptop Plus 41,has_battery_life_hours,12,test,True,0,0,0.98,0.735,0.735,0.735,0.735,1.0,True,True,True,True,True,True
neotech laptop plus 41|has_weight_kg|0.42,NeoTech Laptop Plus 41,has_weight_kg,0.42,test,True,0,0,0.98,0.735,0.735,0.735,0.735,1.0,True,True,True,True,True,True
neotech laptop plus 41|has_color|green,NeoTech Laptop Plus 41,has_color,green,test,False,0,0,0.98,0.735,0.735,0.735,0.735,0.735,True,True,True,True,True,True
neotech laptop plus 41|made_of_material|plastic,NeoTech Laptop Plus 41,made_of_material,plastic,test,True,0,1,0.98,0.735,0.735,0.735,0.735,1.0,True,True,True,True,True,True
neotech laptop plus 41|target_market_region|global,NeoTech Laptop Plus 41,target_market_region,Global,test,True,0,0,0.98,0.735,0.735,0.735,0.735,1.0,True,True,True,True,True,True
neotech laptop plus 41|supports_fast_charging|no,NeoTech Laptop Plus 41,supports_fast_charging,no,test,True,0,1,0.98,0.735,0.735,0.735,0.735,1.0,True,True,True,True,True,True
neotech laptop plus 41|has_noise_cancellation|no,NeoTech Laptop Plus 41,has_noise_cancellation,no,test,True,0,1,0.98,0.735,0.735,0.735,0.735,1.0,True,True,True,True,True,True
it|has_price_usd|1299,it,has_price_usd,1299,val,True,2,0,0.94,0.235,0.235,0.2333450704225352,0.2333450704225352,0.33098591549295775,False,False,False,False,False,False
it|has_screen_size_inch|10.9,it,has_screen_size_inch,10.9,val,True,3,0,0.92,0.1725,0.17250000000000001,0.17584487534626042,0.17584487534626042,0.2548476454293629,False,False,False,False,False,False
it|has_ram_gb|12,it,has_ram_gb,12,val,True,3,0,0.93,0.174375,0.174375,0.1767506811989101,0.1767506811989101,0.25340599455040874,False,False,False,False,False,False
it|made_of_material|plastic,it,made_of_material,plastic,val,True,1,0,0.9,0.3375,0.3375,0.33196721311475413,0.33196721311475413,0.4918032786885246,False,False,False,False,False,False
technova smartphone pro 43|manufactured_by|technova,TechNova Smartphone Pro 43,manufactured_by,TechNova,val,True,0,1,0.98,0.99787684908375,0.9258,0.99787684908375,0.9258,1.0,True,True,True,True,True,True
technova smartphone pro 43|belongs_to_category|smartphone,TechNova Smartphone Pro 43,belongs_to_category,smartphone,val,True,1,1,0.98,0.4569375,0.4569375,0.46359562343880106,0.520718581949965,0.5072855953372191,True,False,False,False,False,False
technova smartphone pro 43|has_price_usd|199,TechNova Smartphone Pro 43,has_price_usd,199,val,True,1,0,0.98,0.3675,0.3675,0.38111111111111107,0.38111111111111107,0.5185185185185185,True,False,False,False,False,False
technova smartphone pro 43|has_screen_size_inch|13.3,TechNova Smartphone Pro 43,has_screen_size_inch,13.3,val,True,1,1,0.98,0.498628663921875,0.4609125,0.5894312394002269,0.527204461169792,0.5910523020920623,True,False,False,False,False,True
technova smartphone pro 43|has_ram_gb|8,TechNova Smartphone Pro 43,has_ram_gb,8,val,True,0,1,0.98,0.9992422153827598,0.97454840625,0.9992422153827598,0.97454840625,1.0,True,True,True,True,True,True
technova smartphone pro 43|has_storage_gb|128,TechNova Smartphone Pro 43,has_storage_gb,128,val,True,0,0,0.98,0.735,0.735,0.735,0.735,1.0,True,True,True,True,True,True
technova smartphone pro 43|has_battery_life_hours|20,TechNova Smartphone Pro 43,has_battery_life_hours,20,val,True,0,0,0.98,0.735,0.735,0.735,0.735,1.0,True,True,True,True,True,True
technova smartphone pro 43|has_weight_kg|1.8,TechNova Smartphone Pro 43,has_weight_kg,1.8,val,True,1,1,0.98,0.4981622486015625,0.4569375,0.5939376257502531,0.525634499645976,0.5961286984486989,True,False,False,False,False,True
technova smartphone pro 43|has_color|green,TechNova Smartphone Pro 43,has_color,green,val,False,1,1,0.98,0.99699399800625,0.91785,0.99699399800625,0.91785,0.99699399800625,True,True,True,True,True,True
technova smartphone pro 43|made_of_material|aluminum,TechNova Smartphone Pro 43,made_of_material,aluminum,val,True,0,1,0.98,0.996935943628125,0.91785,0.996935943628125,0.91785,1.0,True,True,True,True,True,True
technova smartphone pro 43|target_market_region|apac,TechNova Smartphone Pro 43,target_market_region,APAC,val,True,1,0,0.98,0.3675,0.3675,0.37910526315789467,0.37910526315789467,0.5157894736842105,True,False,False,False,False,False
technova smartphone pro 43|supports_fast_charging|no,TechNova Smartphone Pro 43,supports_fast_charging,no,val,True,0,0,0.98,0.91785,0.91785,0.91785,0.91785,1.0,True,True,True,True,True,True
technova smartphone pro 43|has_noise_cancellation|no,TechNova Smartphone Pro 43,has_noise_cancellation,no,val,True,0,0,0.98,0.735,0.735,0.735,0.735,1.0,True,True,True,True,True,True
technova smartphone pro 43|belongs_to_category|smartphone device,TechNova Smartphone Pro 43,belongs_to_category,smartphone device,val,True,1,0,0.92,0.4438125,0.34500000000000003,0.437345623438801,0.29684358194996496,0.49271440466278105,False,False,False,False,False,False
pixelware headphones pro 44|manufactured_by|pixelware,PixelWare Headphones Pro 44,manufactured_by,PixelWare,test,True,0,0,0.98,0.735,0.735,0.735,0.735,1.0,True,True,True,True,True,True
pixelware headphones pro 44|belongs_to_category|headphones,PixelWare Headphones Pro 44,belongs_to_category,headphones,test,True,0,1,0.98,0.735,0.735,0.735,0.735,1.0,True,True,True,True,True,True
pixelware headphones pro 44|has_price_usd|249,PixelWare Headphones Pro 44,has_price_usd,249,test,True,0,1,0.98,0.735,0.735,0.735,0.735,1.0,True,True,True,True,True,True
pixelware headphones pro 44|has_screen_size_inch|11.0,PixelWare Headphones Pro 44,has_screen_size_inch,11.0,test,True,0,1,0.98,0.735,0.735,0.735,0.735,1.0,True,True,True,True,True,True
pixelware headphones pro 44|has_ram_gb|12,PixelWare Headphones Pro 44,has_ram_gb,12,test,True,0,1,0.98,0.735,0.735,0.735,0.735,1.0,True,True,True,True,True,True
pixelware headphones pro 44|has_storage_gb|64,PixelWare Headphones Pro 44,has_storage_gb,64,test,True,0,0,0.98,0.735,0.735,0.735,0.735,1.0,True,True,True,True,True,True
pixelware headphones pro 44|has_battery_life_hours|18,PixelWare Headphones Pro 44,has_battery_life_hours,18,test,True,0,0,0.98,0.735,0.735,0.735,0.735,1.0,True,True,True,True,True,True
pixelware headphones pro 44|has_weight_kg|1.45,PixelWare Headphones Pro 44,has_weight_kg,1.45,test,True,0,0,0.98,0.735,0.735,0.735,0.735,1.0,True,True,True,True,True,True
pixelware headphones pro 44|has_color|black,PixelWare Headphones Pro 44,has_color,black,test,False,0,0,0.98,0.735,0.735,0.735,0.735,0.735,True,True,True,True,True,True
pixelware headphones pro 44|made_of_material|plastic,PixelWare Headphones Pro 44,made_of_material,plastic,test,True,0,1,0.98,0.735,0.735,0.735,0.735,1.0,True,True,True,True,True,True
pixelware headphones pro 44|target_market_region|global,PixelWare Headphones Pro 44,target_market_region,Global,test,True,0,1,0.98,0.735,0.735,0.735,0.735,1.0,True,True,True,True,True,True
pixelware headphones pro 44|supports_fast_charging|yes,PixelWare Headphones Pro 44,supports_fast_charging,yes,test,True,0,1,0.98,0.735,0.735,0.735,0.735,1.0,True,True,True,True,True,True
pixelware headphones pro 44|has_noise_cancellation|yes,PixelWare Headphones Pro 44,has_noise_cancellation,yes,test,True,0,0,0.98,0.735,0.735,0.735,0.735,1.0,True,True,True,True,True,True
headphones device|has_price_usd|249,headphones device,has_price_usd,249,test,True,0,0,0.96,0.991466475,0.72,0.991466475,0.72,1.0,False,True,False,True,False,True
headphones device|has_screen_size_inch|11.0,headphones device,has_screen_size_inch,11.0,test,True,2,0,0.94,0.330122270625,0.235,0.3820759349946207,0.24820224719101122,0.38579234523343936,False,False,False,False,False,False
headphones device|has_ram_gb|12,headphones device,has_ram_gb,12,test,True,1,0,0.94,0.4957172821875,0.3525,0.5015743776479127,0.3506349206349206,0.5059076974627216,False,False,False,False,False,False
headphones device|made_of_material|plastic,headphones device,made_of_material,plastic,test,True,1,0,0.95,0.49474998046875,0.35624999999999996,0.5001444673695438,0.3581349206349206,0.5054517302817099,False,False,False,False,False,False
headphones device|target_market_region|global,headphones device,target_market_region,Global,test,True,1,0,0.96,0.495846703125,0.36,0.494049257169525,0.3192204223482006,0.4981874983294768,False,False,False,False,False,False
headphones device|supports_fast_charging|yes,headphones device,supports_fast_charging,yes,test,True,1,0,0.95,0.499434688211499,0.45004687499999996,0.49918404399035426,0.43346365099751105,0.4997490720738258,False,False,False,False,False,False
zenbyte tablet plus 45|manufactured_by|zenbyte,Zenbyte Tablet Plus 45,manufactured_by,Zenbyte,test,True,0,1,0.98,0.998047942921875,0.9258,0.998047942921875,0.9258,1.0,True,True,True,True,True,True
zenbyte tablet plus 45|belongs_to_category|tablet,Zenbyte Tablet Plus 45,belongs_to_category,tablet,test,True,1,1,0.98,0.458925,0.458925,0.4467180940809889,0.5239597117268402,0.48670054375005595,True,False,False,False,False,False
zenbyte tablet plus 45|has_price_usd|899,Zenbyte Tablet Plus 45,has_price_usd,899,test,True,0,0,0.98,0.735,0.735,0.735,0.735,1.0,True,True,True,True,True,True
zenbyte tablet plus 45|has_screen_size_inch|11.0,Zenbyte Tablet Plus 45,has_screen_size_inch,11.0,test,True,0,1,0.98,0.997617470296875,0.921825,0.997617470296875,0.921825,1.0,True,True,True,True,True,True
zenbyte tablet plus 45|has_ram_gb|12,Zenbyte Tablet Plus 45,has_ram_gb,12,test,True,0,1,0.98,0.9977343480292968,0.9238124999999999,0.9977343480292968,0.9238124999999999,1.0,True,True,True,True,True,True
zenbyte tablet plus 45|has_storage_gb|256,Zenbyte Tablet Plus 45,has_storage_gb,256,test,True,0,1,0.98,0.9977343480292968,0.9238124999999999,0.9977343480292968,0.9238124999999999,1.0,True,True,True,True,True,True
zenbyte tablet plus 45|has_battery_life_hours|24,Zenbyte Tablet Plus 45,has_battery_life_hours,24,test,True,0,0,0.98,0.735,0.735,0.735,0.735,1.0,True,True,True,True,True,True
zenbyte tablet plus 45|has_weight_kg|1.2,Zenbyte Tablet Plus 45,has_weight_kg,1.2,test,True,0,0,0.98,0.735,0.735,0.735,0.735,1.0,True,True,True,True,True,True
zenbyte tablet plus 45|has_color|green,Zenbyte Tablet Plus 45,has_color,green,test,False,0,0,0.98,0.735,0.735,0.735,0.735,0.735,True,True,True,True,True,True
zenbyte tablet plus 45|made_of_material|carbon fiber,Zenbyte Tablet Plus 45,made_of_material,carbon fiber,test,True,0,1,0.98,0.997245022734375,0.91785,0.997245022734375,0.91785,1.0,True,True,True,True,True,True
zenbyte tablet plus 45|target_market_region|us,Zenbyte Tablet Plus 45,target_market_region,US,test,True,0,0,0.98,0.735,0.735,0.735,0.735,1.0,True,True,True,True,True,True
zenbyte tablet plus 45|supports_fast_charging|no,Zenbyte Tablet Plus 45,supports_fast_charging,no,test,True,0,1,0.98,0.997245022734375,0.91785,0.997245022734375,0.91785,1.0,True,True,True,True,True,True
zenbyte tablet plus 45|has_noise_cancellation|no,Zenbyte Tablet Plus 45,has_noise_cancellation,no,test,True,0,0,0.98,0.735,0.735,0.735,0.735,1.0,True,True,True,True,True,True
zenbyte tablet plus 45|belongs_to_category|tablet device,Zenbyte Tablet Plus 45,belongs_to_category,tablet device,test,True,1,0,0.92,0.4840059375,0.34500000000000003,0.4968799690809888,0.29610971172684025,0.513299456249944,False,False,False,False,False,False
neotech laptop air 47|manufactured_by|neotech,NeoTech Laptop Air 47,manufactured_by,NeoTech,val,True,0,1,0.98,0.9981460017,0.9258,0.9981460017,0.9258,1.0,True,True,True,True,True,True
neotech laptop air 47|belongs_to_category|laptop,NeoTech Laptop Air 47,belongs_to_category,laptop,val,True,1,1,0.98,0.48761953125,0.46190624999999996,0.5763354235385996,0.5337896314647589,0.5909683540168896,True,False,False,False,False,True
neotech laptop air 47|has_price_usd|249,NeoTech Laptop Air 47,has_price_usd,249,val,True,0,1,0.98,0.9974400468861327,0.9198375,0.9974400468861327,0.9198375,1.0,True,True,True,True,True,True
neotech laptop air 47|has_screen_size_inch|13.3,NeoTech Laptop Air 47,has_screen_size_inch,13.3,val,True,0,0,0.98,0.735,0.735,0.735,0.735,1.0,True,True,True,True,True,True
neotech laptop air 47|has_ram_gb|6,NeoTech Laptop Air 47,has_ram_gb,6,val,True,0,1,0.98,0.997730159559375,0.921825,0.997730159559375,0.921825,1.0,True,True,True,True,True,True
neotech laptop air 47|has_storage_gb|128,NeoTech Laptop Air 47,has_storage_gb,128,val,True,0,0,0.98,0.735,0.735,0.735,0.735,1.0,True,True,True,True,True,True
neotech laptop air 47|has_battery_life_hours|12,NeoTech Laptop Air 47,has_battery_life_hours,12,val,True,0,0,0.98,0.735,0.735,0.735,0.735,1.0,True,True,True,True,True,True
neotech laptop air 47|has_weight_kg|1.8,NeoTech Laptop Air 47,has_weight_kg,1.8,val,True,0,1,0.98,0.9969070359375,0.913875,0.9969070359375,0.913875,1.0,True,True,True,True,True,True
neotech laptop air 47|has_color|green,NeoTech Laptop Air 47,has_color,green,val,False,0,0,0.98,0.735,0.735,0.735,0.735,0.735,True,True,True,True,True,True
neotech laptop air 47|made_of_material|carbon fiber,NeoTech Laptop Air 47,made_of_material,carbon fiber,val,True,0,1,0.98,0.9972566212875,0.91785,0.9972566212875,0.91785,1.0,True,True,True,True,True,True
neotech laptop air 47|target_market_region|us,NeoTech Laptop Air 47,target_market_region,US,val,True,0,0,0.98,0.735,0.735,0.735,0.735,1.0,True,True,True,True,True,True
neotech laptop air 47|supports_fast_charging|yes,NeoTech Laptop Air 47,supports_fast_charging,yes,val,True,0,1,0.98,0.997791949350586,0.9238124999999999,0.997791949350586,0.9238124999999999,1.0,True,True,True,True,True,True
neotech laptop air 47|has_noise_cancellation|no,NeoTech Laptop Air 47,has_noise_cancellation,no,val,True,0,0,0.98,0.735,0.735,0.735,0.735,1.0,True,True,True,True,True,True
technova tablet lite 48|manufactured_by|technova,TechNova Tablet Lite 48,manufactured_by,TechNova,test,True,0,1,0.98,0.997785210328125,0.9238124999999999,0.997785210328125,0.9238124999999999,1.0,True,True,True,True,True,True
technova tablet lite 48|belongs_to_category|tablet,TechNova Tablet Lite 48,belongs_to_category,tablet,test,True,0,0,0.98,0.735,0.735,0.735,0.735,1.0,True,True,True,True,True,True
technova tablet lite 48|has_price_usd|1299,TechNova Tablet Lite 48,has_price_usd,1299,test,True,0,0,0.98,0.735,0.735,0.735,0.735,1.0,True,True,True,True,True,True
technova tablet lite 48|has_screen_size_inch|13.3,TechNova Tablet Lite 48,has_screen_size_inch,13.3,test,True,0,0,0.98,0.735,0.735,0.735,0.735,1.0,True,True,True,True,True,True
technova tablet lite 48|has_ram_gb|12,TechNova Tablet Lite 48,has_ram_gb,12,test,True,0,1,0.98,0.9976752440648438,0.921825,0.9976752440648438,0.921825,1.0,True,True,True,True,True,True
technova tablet lite 48|has_storage_gb|512,TechNova Tablet Lite 48,has_storage_gb,512,test,True,0,1,0.98,0.9976218667089845,0.9238124999999999,0.9976218667089845,0.9238124999999999,1.0,True,True,True,True,True,True
technova tablet lite 48|has_battery_life_hours|8,TechNova Tablet Lite 48,has_battery_life_hours,8,test,True,0,1,0.98,0.996854553515625,0.91785,0.996854553515625,0.91785,1.0,True,True,True,True,True,True
technova tablet lite 48|has_weight_kg|1.2,TechNova Tablet Lite 48,has_weight_kg,1.2,test,True,0,1,0.98,0.9965677290058592,0.9158625,0.9965677290058592,0.9158625,1.0,True,True,True,True,True,True
technova tablet lite 48|has_color|blue,TechNova Tablet Lite 48,has_color,blue,test,False,0,0,0.98,0.735,0.735,0.735,0.735,0.735,True,True,True,True,True,True
technova tablet lite 48|made_of_material|carbon fiber,TechNova Tablet Lite 48,made_of_material,carbon fiber,test,True,0,1,0.98,0.9971178699375,0.91785,0.9971178699375,0.91785,1.0,True,True,True,True,True,True
technova tablet lite 48|target_market_region|global,TechNova Tablet Lite 48,target_market_region,Global,test,True,0,0,0.98,0.735,0.735,0.735,0.735,1.0,True,True,True,True,True,True
technova tablet lite 48|supports_fast_charging|yes,TechNova Tablet Lite 48,supports_fast_charging,yes,test,True,0,1,0.98,0.99719066510625,0.9198375,0.99719066510625,0.9198375,1.0,True,True,True,True,True,True
technova tablet lite 48|has_noise_cancellation|no,TechNova Tablet Lite 48,has_noise_cancellation,no,test,True,0,0,0.98,0.735,0.735,0.735,0.735,1.0,True,True,True,True,True,True
technova laptop lite 49|manufactured_by|technova,TechNova Laptop Lite 49,manufactured_by,TechNova,test,True,0,0,0.98,0.735,0.735,0.735,0.735,1.0,True,True,True,True,True,True
technova laptop lite 49|belongs_to_category|laptop,TechNova Laptop Lite 49,belongs_to_category,laptop,test,True,0,1,0.98,0.735,0.735,0.735,0.735,1.0,True,True,True,True,True,True
technova laptop lite 49|has_price_usd|199,TechNova Laptop Lite 49,has_price_usd,199,test,True,0,1,0.98,0.735,0.735,0.735,0.735,1.0,True,True,True,True,True,True
technova laptop lite 49|has_screen_size_inch|15.6,TechNova Laptop Lite 49,has_screen_size_inch,15.6,test,True,0,1,0.98,0.735,0.735,0.735,0.735,1.0,True,True,True,True,True,True
technova laptop lite 49|has_ram_gb|6,TechNova Laptop Lite 49,has_ram_gb,6,test,True,0,1,0.98,0.735,0.735,0.735,0.735,1.0,True,True,True,True,True,True
technova laptop lite 49|has_storage_gb|512,TechNova Laptop Lite 49,has_storage_gb,512,test,True,0,0,0.98,0.735,0.735,0.735,0.735,1.0,True,True,True,True,True,True
technova laptop lite 49|has_battery_life_hours|18,TechNova Laptop Lite 49,has_battery_life_hours,18,test,True,0,1,0.98,0.735,0.735,0.735,0.735,1.0,True,True,True,True,True,True
technova laptop lite 49|has_weight_kg|1.45,TechNova Laptop Lite 49,has_weight_kg,1.45,test,True,0,1,0.98,0.735,0.735,0.735,0.735,1.0,True,True,True,True,True,True
technova laptop lite 49|has_color|green,TechNova Laptop Lite 49,has_color,green,test,False,0,0,0.98,0.735,0.735,0.735,0.735,0.735,True,True,True,True,True,True
technova laptop lite 49|made_of_material|carbon fiber,TechNova Laptop Lite 49,made_of_material,carbon fiber,test,True,0,1,0.98,0.735,0.735,0.735,0.735,1.0,True,True,True,True,True,True
technova laptop lite 49|target_market_region|eu,TechNova Laptop Lite 49,target_market_region,EU,test,True,0,0,0.98,0.735,0.735,0.735,0.735,1.0,True,True,True,True,True,True
technova laptop lite 49|supports_fast_charging|no,TechNova Laptop Lite 49,supports_fast_charging,no,test,True,0,0,0.98,0.735,0.735,0.735,0.735,1.0,True,True,True,True,True,True
technova laptop lite 49|has_noise_cancellation|no,TechNova Laptop Lite 49,has_noise_cancellation,no,test,True,0,0,0.98,0.735,0.735,0.735,0.735,1.0,True,True,True,True,True,True
laptop|has_price_usd|199,laptop,has_price_usd,199,test,True,0,0,0.96,0.72,0.72,0.72,0.72,1.0,False,False,False,False,False,True
laptop|has_screen_size_inch|15.6,laptop,has_screen_size_inch,15.6,test,True,0,0,0.95,0.7124999999999999,0.7124999999999999,0.7125,0.7125,1.0,False,False,False,False,False,True
laptop|has_ram_gb|6,laptop,has_ram_gb,6,test,True,0,0,0.95,0.7124999999999999,0.7124999999999999,0.7125,0.7125,1.0,False,False,False,False,False,True
laptop|has_battery_life_hours|18,laptop,has_battery_life_hours,18,test,True,0,0,0.93,0.6975,0.6975,0.6975,0.6975,1.0,False,False,False,False,False,True
laptop|has_weight_kg|1.45,laptop,has_weight_kg,1.45,test,True,0,0,0.9,0.675,0.675,0.675,0.675,1.0,False,False,False,False,False,True
laptop|made_of_material|carbon fiber,laptop,made_of_material,carbon fiber,test,True,0,0,0.92,0.6900000000000001,0.6900000000000001,0.6900000000000001,0.6900000000000001,1.0,False,False,False,False,False,True
voltedge headphones max 50|manufactured_by|voltedge,VoltEdge Headphones Max 50,manufactured_by,VoltEdge,test,True,0,0,0.98,0.735,0.735,0.735,0.735,1.0,True,True,True,True,True,True
voltedge headphones max 50|belongs_to_category|headphones,VoltEdge Headphones Max 50,belongs_to_category,headphones,test,True,0,1,0.98,0.735,0.735,0.735,0.735,1.0,True,True,True,True,True,True
voltedge headphones max 50|has_price_usd|699,VoltEdge Headphones Max 50,has_price_usd,699,test,True,0,0,0.98,0.735,0.735,0.735,0.735,1.0,True,True,True,True,True,True
voltedge headphones max 50|has_screen_size_inch|11.0,VoltEdge Headphones Max 50,has_screen_size_inch,11.0,test,True,0,0,0.98,0.735,0.735,0.735,0.735,1.0,True,True,True,True,True,True
voltedge headphones max 50|has_ram_gb|32,VoltEdge Headphones Max 50,has_ram_gb,32,test,True,0,1,0.98,0.735,0.735,0.735,0.735,1.0,True,True,True,True,True,True
voltedge headphones max 50|has_storage_gb|512,VoltEdge Headphones Max 50,has_storage_gb,512,test,True,0,1,0.98,0.735,0.735,0.735,0.735,1.0,True,True,True,True,True,True
voltedge headphones max 50|has_battery_life_hours|12,VoltEdge Headphones Max 50,has_battery_life_hours,12,test,True,0,1,0.98,0.735,0.735,0.735,0.735,1.0,True,True,True,True,True,True
voltedge headphones max 50|has_weight_kg|1.45,VoltEdge Headphones Max 50,has_weight_kg,1.45,test,True,0,1,0.98,0.735,0.735,0.735,0.735,1.0,True,True,True,True,True,True
voltedge headphones max 50|has_color|blue,VoltEdge Headphones Max 50,has_color,blue,test,False,0,0,0.98,0.735,0.735,0.735,0.735,0.735,True,True,True,True,True,True
voltedge headphones max 50|made_of_material|plastic,VoltEdge Headphones Max 50,made_of_material,plastic,test,True,0,0,0.98,0.735,0.735,0.735,0.735,1.0,True,True,True,True,True,True
voltedge headphones max 50|target_market_region|eu,VoltEdge Headphones Max 50,target_market_region,EU,test,True,0,1,0.98,0.735,0.735,0.735,0.735,1.0,True,True,True,True,True,True
voltedge headphones max 50|supports_fast_charging|no,VoltEdge Headphones Max 50,supports_fast_charging,no,test,True,0,1,0.98,0.735,0.735,0.735,0.735,1.0,True,True,True,True,True,True
voltedge headphones max 50|has_noise_cancellation|yes,VoltEdge Headphones Max 50,has_noise_cancellation,yes,test,True,0,0,0.98,0.735,0.735,0.735,0.735,1.0,True,True,True,True,True,True
it|belongs_to_category|headphones device,It,belongs_to_category,headphones device,val,True,3,0,0.85,0.159375,0.159375,0.14064446636212624,0.14064446636212624,0.22061877076411962,False,False,False,False,False,False
it|has_ram_gb|32,It,has_ram_gb,32,val,True,3,0,0.93,0.174375,0.174375,0.1767506811989101,0.1767506811989101,0.25340599455040874,False,False,False,False,False,False
it|has_storage_gb|512,It,has_storage_gb,512,val,True,3,0,0.92,0.1725,0.17250000000000001,0.15559974319179123,0.15559974319179123,0.22550687419100177,False,False,False,False,False,False
it|has_battery_life_hours|12,It,has_battery_life_hours,12,val,True,2,0,0.9,0.225,0.225,0.20268579531236972,0.20268579531236972,0.30027525231462177,False,False,False,False,False,False
laptop device|has_price_usd|499,laptop device,has_price_usd,499,test,True,2,0,0.92,0.32172125,0.23,0.3177050137827306,0.20823697288786105,0.3291721366273138,False,False,False,False,False,False
laptop device|has_screen_size_inch|15.6,laptop device,has_screen_size_inch,15.6,test,True,1,0,0.94,0.4994925780133388,0.454275,0.5085352276199886,0.5188165692467238,0.5090518358076667,False,False,False,False,False,False
laptop device|has_ram_gb|4,laptop device,has_ram_gb,4,test,True,2,0,0.94,0.32321975,0.235,0.3244502081058068,0.23924187725631765,0.33460229261547997,False,False,False,False,False,False
laptop device|has_storage_gb|128,laptop device,has_storage_gb,128,test,True,0,0,0.95,0.9698915625,0.7124999999999999,0.9698915625,0.7125,1.0,False,True,False,True,False,True
laptop device|target_market_region|us,laptop device,target_market_region,US,test,True,1,0,0.92,0.48142228125,0.34500000000000003,0.474649174117906,0.34313513513513516,0.4929655238281579,False,False,False,False,False,False
product|has_noise_cancellation|yes,product,has_noise_cancellation,yes,val,True,1,0,0.93,0.34875,0.34875,0.3051511231330119,0.35254076086956526,0.4374926496530636,False,False,False,False,False,False
technova smartphone pro 43|has_price_usd|299,TechNova Smartphone Pro 43,has_price_usd,299,val,True,1,0,0.91,0.34125,0.34125,0.3286111111111111,0.3286111111111111,0.4814814814814815,False,False,False,False,False,False
technova smartphone pro 43|has_screen_size_inch|10.9,TechNova Smartphone Pro 43,has_screen_size_inch,10.9,val,True,1,0,0.92,0.345,0.34500000000000003,0.282173911556477,0.295379461169792,0.40894769790793767,False,False,False,False,False,False
technova smartphone pro 43|has_weight_kg|1.45,TechNova Smartphone Pro 43,has_weight_kg,1.45,val,True,1,0,0.9,0.3375,0.3375,0.27261312854712827,0.28675949964597597,0.4038713015513011,False,False,False,False,False,False
technova smartphone pro 43|has_color|blue,TechNova Smartphone Pro 43,has_color,blue,val,False,1,0,0.92,0.6900000000000001,0.6900000000000001,0.6900000000000001,0.6900000000000001,0.6900000000000001,False,False,False,False,False,True
technova smartphone pro 43|target_market_region|eu,TechNova Smartphone Pro 43,target_market_region,EU,val,True,1,0,0.92,0.345,0.34500000000000003,0.3341052631578948,0.3341052631578948,0.4842105263157895,False,False,False,False,False,False
auralex smartphone pro 20|belongs_to_category|smartphone device,Auralex Smartphone Pro 20,belongs_to_category,smartphone device,val,True,1,0,0.9,0.3375,0.3375,0.2759102739789021,0.2853318303508525,0.4087559614502253,False,False,False,False,False,False
device|has_price_usd|299,device,has_price_usd,299,val,True,1,0,0.91,0.34125,0.34125,0.29191342357586014,0.3321256684491979,0.4277119759353262,False,False,False,False,False,False
device|has_screen_size_inch|15.6,device,has_screen_size_inch,15.6,val,True,2,0,0.91,0.2275,0.2275,0.2063200730836309,0.2266697080291971,0.3023004733826094,False,False,False,False,False,False
device|has_ram_gb|6,device,has_ram_gb,6,val,True,1,0,0.91,0.34125,0.34125,0.29155028752493833,0.3339112903225806,0.42717990846144815,False,False,False,False,False,False
device|has_battery_life_hours|8,device,has_battery_life_hours,8,val,True,1,0,0.91,0.34125,0.34125,0.34504166666666664,0.34504166666666664,0.5055555555555555,False,False,False,False,False,False
device|target_market_region|us,device,target_market_region,US,val,True,0,0,0.94,0.989666099296875,0.96745228125,0.989666099296875,0.96745228125,1.0,False,True,True,True,True,True
device|supports_fast_charging|no,device,supports_fast_charging,no,val,True,1,0,0.91,0.34125,0.34125,0.29679585205008124,0.29679585205008124,0.4348657172894963,False,False,False,False,False,False
device|has_noise_cancellation|no,device,has_noise_cancellation,no,val,True,1,0,0.91,0.34125,0.34125,0.3431353591160221,0.3431353591160221,0.5027624309392266,False,False,False,False,False,False
smartphone device|has_ram_gb|8,smartphone device,has_ram_gb,8,val,True,0,0,0.91,0.9664640625,0.6825,0.9664640625,0.6825,1.0,False,True,False,True,False,True
smartphone device|has_storage_gb|128,smartphone device,has_storage_gb,128,val,True,0,0,0.92,0.968011875,0.6900000000000001,0.968011875,0.6900000000000001,1.0,False,True,False,True,False,True
smartphone device|has_battery_life_hours|10,smartphone device,has_battery_life_hours,10,val,True,1,0,0.9,0.481629375,0.3375,0.47501119877526515,0.33196721311475413,0.4931293889365294,False,False,False,False,False,False
smartphone device|has_weight_kg|0.18,smartphone device,has_weight_kg,0.18,val,True,1,0,0.91,0.4828629375,0.34125,0.47720459707905377,0.3393852459016393,0.49414084206768694,False,False,False,False,False,False
smartphone device|target_market_region|us,smartphone device,target_market_region,US,val,True,0,0,0.93,0.969506109375,0.6975,0.969506109375,0.6975,1.0,False,True,False,True,False,True
smartphone device|supports_fast_charging|yes,smartphone device,supports_fast_charging,yes,val,True,1,0,0.94,0.4854823125,0.3525,0.4813057707852178,0.35629032258064514,0.4956985644922108,False,False,False,False,False,False
device|has_screen_size_inch|6.1,device,has_screen_size_inch,6.1,val,True,2,0,0.88,0.22,0.22,0.19294078564903247,0.21197080291970807,0.2923345237106552,False,False,False,False,False,False
device|has_battery_life_hours|18,device,has_battery_life_hours,18,val,True,1,0,0.89,0.33375,0.33375,0.3300416666666666,0.3300416666666666,0.4944444444444444,False,False,False,False,False,False
device|has_weight_kg|1.8,device,has_weight_kg,1.8,val,True,0,0,0.93,0.96657375,0.89715,0.96657375,0.89715,1.0,False,True,True,True,True,True
device|has_color|blue,device,has_color,blue,val,False,0,0,0.93,0.9660065625,0.89034375,0.9660065625,0.89034375,0.9660065625,False,True,True,True,True,True
device|made_of_material|aluminum,device,made_of_material,aluminum,val,True,0,0,0.86,0.645,0.645,0.645,0.645,1.0,False,False,False,False,False,True
device|supports_fast_charging|yes,device,supports_fast_charging,yes,val,True,1,0,0.89,0.443475,0.443475,0.5012458520500812,0.5012458520500812,0.5651342827105037,False,False,False,False,False,False
tablet device|has_price_usd|899,tablet device,has_price_usd,899,test,True,0,0,0.95,0.9676921875,0.7124999999999999,0.9676921875,0.7125,1.0,False,True,False,True,False,True
tablet device|has_storage_gb|1024,tablet device,has_storage_gb,1024,test,True,0,0,0.96,0.973155,0.72,0.973155,0.72,1.0,False,True,False,True,False,True
tablet device|has_battery_life_hours|14,tablet device,has_battery_life_hours,14,test,True,0,0,0.94,0.9667498125,0.705,0.9667498125,0.705,1.0,False,True,False,True,False,True
tablet device|has_weight_kg|0.18,tablet device,has_weight_kg,0.18,test,True,0,0,0.92,0.9627225,0.6900000000000001,0.9627225,0.6900000000000001,1.0,False,True,False,True,False,True
tablet device|has_color|silver,tablet device,has_color,silver,test,False,0,0,0.93,0.9681165,0.6975,0.9681165,0.6975,0.9681165,False,True,False,True,False,True
tablet device|supports_fast_charging|yes,tablet device,supports_fast_charging,yes,test,True,0,0,0.93,0.966624796875,0.6975,0.966624796875,0.6975,1.0,False,True,False,True,False,True
headphones device|has_screen_size_inch|6.7,headphones device,has_screen_size_inch,6.7,test,True,2,0,0.82,0.205,0.205,0.14733562153568466,0.188876404494382,0.23957011631818645,False,False,False,False,False,False
headphones device|has_storage_gb|128,headphones device,has_storage_gb,128,test,True,3,0,0.83,0.213665625,0.15562499999999999,0.19350177011592634,0.1431232686980609,0.22640723106012764,False,False,False,False,False,False
headphones device|has_battery_life_hours|14,headphones device,has_battery_life_hours,14,test,True,2,0,0.85,0.2886249999999999,0.2125,0.2660765583439718,0.2021921641791045,0.30729211300011183,False,False,False,False,False,False
headphones device|has_weight_kg|1.45,headphones device,has_weight_kg,1.45,test,True,1,0,0.93,0.4976168544257812,0.445171875,0.5001432464205711,0.5064140021411032,0.5025384911828451,False,False,False,False,False,False
headphones device|has_color|blue,headphones device,has_color,blue,test,False,1,0,0.88,0.87165,0.66,0.87165,0.66,0.87165,False,True,False,True,False,True
headphones device|has_screen_size_inch|6.1,headphones device,has_screen_size_inch,6.1,test,True,2,0,0.91,0.320577109375,0.2275,0.3603006574174357,0.23261235955056178,0.3746375384483743,False,False,False,False,False,False
headphones device|has_storage_gb|64,headphones device,has_storage_gb,64,test,True,3,0,0.92,0.2410584375,0.17250000000000001,0.24629766897781652,0.17584487534626042,0.2554335698971505,False,False,False,False,False,False
headphones device|made_of_material|carbon fiber,headphones device,made_of_material,carbon fiber,test,True,1,0,0.94,0.484077375,0.3525,0.4787992564320437,0.3506349206349206,0.4945482697182901,False,False,False,False,False,False
headphones device|target_market_region|eu,headphones device,target_market_region,EU,test,True,1,0,0.93,0.4994546739422168,0.451978125,0.5012651988039587,0.5031766723482006,0.5018125016705233,False,False,False,False,False,False
headphones device|has_noise_cancellation|no,headphones device,has_noise_cancellation,no,test,True,1,0,0.88,0.438375,0.33,0.4114948999915398,0.3156521739130435,0.46934120329802087,False,False,False,False,False,False
laptop device|has_price_usd|1299,laptop device,has_price_usd,1299,test,True,2,0,0.92,0.322442,0.23,0.3191301132219125,0.20823697288786105,0.3299095787996109,False,False,False,False,False,False
laptop device|has_screen_size_inch|10.9,laptop device,has_screen_size_inch,10.9,test,True,1,0,0.91,0.4817288671875,0.34125,0.47300780596831105,0.29276656924672384,0.49094816419233334,False,False,False,False,False,False
laptop device|has_ram_gb|12,laptop device,has_ram_gb,12,test,True,2,0,0.92,0.321663125,0.23,0.32133263158203346,0.22916967509025274,0.33299084933658823,False,False,False,False,False,False
laptop device|made_of_material|plastic,laptop device,made_of_material,plastic,test,True,2,0,0.93,0.321247828125,0.2325,0.31788035140023335,0.23249999999999998,0.3298391704369164,False,False,False,False,False,False
laptop device|supports_fast_charging|no,laptop device,supports_fast_charging,no,test,True,1,0,0.91,0.48002925,0.34125,0.4724127613211945,0.3339112903225806,0.4920666410653043,False,False,False,False,False,False
laptop device|has_noise_cancellation|no,laptop device,has_noise_cancellation,no,test,True,0,0,0.91,0.9609395625,0.6825,0.9609395625,0.6825,1.0,False,True,False,True,False,True
laptop device|has_ram_gb|6,laptop device,has_ram_gb,6,test,True,2,0,0.91,0.3210989999999999,0.2275,0.32020652913699854,0.2242148014440433,0.33240685804793174,False,False,False,False,False,False
laptop device|has_battery_life_hours|18,laptop device,has_battery_life_hours,18,test,True,0,0,0.91,0.96414234375,0.6825,0.96414234375,0.6825,1.0,False,True,False,True,False,True
laptop device|has_weight_kg|1.45,laptop device,has_weight_kg,1.45,test,True,1,0,0.91,0.479570859375,0.34125,0.4721298091833196,0.3393852459016393,0.49224197003819425,False,False,False,False,False,False
laptop device|made_of_material|carbon fiber,laptop device,made_of_material,carbon fiber,test,True,2,0,0.93,0.322448375,0.2325,0.3202607152884876,0.23249999999999998,0.33107182432793836,False,False,False,False,False,False
headphones device|has_ram_gb|32,headphones device,has_ram_gb,32,test,True,1,0,0.95,0.4841398828125,0.35624999999999996,0.4784195788979126,0.3581349206349206,0.4940923025372785,False,False,False,False,False,False
headphones device|has_storage_gb|512,headphones device,has_storage_gb,512,test,True,3,0,0.94,0.2420386875,0.17625,0.2483048517977366,0.18357340720221604,0.25647227553006025,False,False,False,False,False,False
headphones device|has_battery_life_hours|12,headphones device,has_battery_life_hours,12,test,True,2,0,0.92,0.3214403125,0.23,0.33001935090681733,0.23686567164179112,0.34222978893561284,False,False,False,False,False,False
device|has_price_usd|199,device,has_price_usd,199,val,True,1,0,0.96,0.4566,0.36,0.5226134235758602,0.36962566844919786,0.5722880240646738,False,False,False,False,False,False
device|has_screen_size_inch|14.0,device,has_screen_size_inch,14.0,val,True,2,0,0.95,0.3050624999999999,0.23749999999999996,0.3709849835977078,0.24703467153284672,0.4053650029067353,False,False,False,False,False,False
device|has_ram_gb|32,device,has_ram_gb,32,val,True,1,0,0.95,0.4575937499999999,0.35624999999999996,0.5242377875249384,0.36391129032258057,0.5728200915385517,False,False,False,False,False,False
unknown_product|has_price_usd|299,unknown_product,has_price_usd,299,val,True,0,0,0.96,0.72,0.72,0.72,0.72,1.0,False,False,False,False,False,True
unknown_product|has_screen_size_inch|15.6,unknown_product,has_screen_size_inch,15.6,val,True,0,0,0.95,0.7124999999999999,0.7124999999999999,0.7125,0.7125,1.0,False,False,False,False,False,True
unknown_product|has_ram_gb|6,unknown_product,has_ram_gb,6,val,True,0,0,0.96,0.72,0.72,0.72,0.72,1.0,False,False,False,False,False,True
unknown_product|has_battery_life_hours|8,unknown_product,has_battery_life_hours,8,val,True,0,0,0.94,0.705,0.705,0.705,0.705,1.0,False,False,False,False,False,True
unknown_product|target_market_region|us,unknown_product,target_market_region,US,val,True,0,0,0.93,0.6975,0.6975,0.6975,0.6975,1.0,False,False,False,False,False,True
unknown_product|supports_fast_charging|no,unknown_product,supports_fast_charging,no,val,True,0,0,0.91,0.6825,0.6825,0.6825,0.6825,1.0,False,False,False,False,False,True
unknown_product|has_noise_cancellation|no,unknown_product,has_noise_cancellation,no,val,True,0,0,0.9,0.675,0.675,0.675,0.675,1.0,False,False,False,False,False,True
unknown device|has_screen_size_inch|6.1,unknown device,has_screen_size_inch,6.1,val,True,0,0,0.95,0.7124999999999999,0.7124999999999999,0.7125,0.7125,1.0,False,False,False,False,False,True
unknown device|has_battery_life_hours|18,unknown device,has_battery_life_hours,18,val,True,0,0,0.94,0.705,0.705,0.705,0.705,1.0,False,False,False,False,False,True
unknown device|has_weight_kg|1.8,unknown device,has_weight_kg,1.8,val,True,0,0,0.92,0.6900000000000001,0.6900000000000001,0.6900000000000001,0.6900000000000001,1.0,False,False,False,False,False,True
unknown device|has_color|blue,unknown device,has_color,blue,val,False,0,0,0.93,0.6975,0.6975,0.6975,0.6975,0.6975,False,False,False,False,False,True
unknown device|made_of_material|aluminum,unknown device,made_of_material,aluminum,val,True,0,0,0.94,0.705,0.705,0.705,0.705,1.0,False,False,False,False,False,True
unknown device|target_market_region|us,unknown device,target_market_region,US,val,True,0,0,0.93,0.6975,0.6975,0.6975,0.6975,1.0,False,False,False,False,False,True
unknown device|supports_fast_charging|yes,unknown device,supports_fast_charging,yes,val,True,0,0,0.95,0.7124999999999999,0.7124999999999999,0.7125,0.7125,1.0,False,False,False,False,False,True
device|has_noise_cancellation|yes,device,has_noise_cancellation,yes,val,True,1,0,0.9,0.3375,0.3375,0.33563535911602216,0.33563535911602216,0.49723756906077354,False,False,False,False,False,False
product|has_screen_size_inch|6.1,product,has_screen_size_inch,6.1,val,True,3,0,0.95,0.1781249999999999,0.17812499999999998,0.14475086064611437,0.1790674603174603,0.20315910266121315,False,False,False,False,False,False
product|has_battery_life_hours|18,product,has_battery_life_hours,18,val,True,1,0,0.93,0.34875,0.34875,0.30422089342244113,0.34875,0.43615898698557864,False,False,False,False,False,False
product|made_of_material|aluminum,product,made_of_material,aluminum,val,True,0,0,0.94,0.705,0.705,0.705,0.705,1.0,False,False,False,False,False,True
neotech laptop air 47|belongs_to_category|laptop device,NeoTech Laptop Air 47,belongs_to_category,laptop device,val,True,1,0,0.9,0.3375,0.3375,0.2760963610385995,0.28497713146475906,0.4090316459831104,False,False,False,False,False,False
