experiment_id,run_id,prob_kb_version,subject,predicate,object,triple_key,observation_confidence,source_id,source_type,provenance,extractor_version,iteration
DEC029_NO_FEEDBACK,train_kb,conservative_noisy_or_conflict_adjusted,Auralex Laptop Lite 1,manufactured_by,Auralex,auralex laptop lite 1|manufactured_by|auralex,0.98,product_1,structured,structured_row:Auralex Laptop Lite 1,structured,1
DEC029_NO_FEEDBACK,train_kb,conservative_noisy_or_conflict_adjusted,Auralex Laptop Lite 1,belongs_to_category,laptop,auralex laptop lite 1|belongs_to_category|laptop,0.98,product_1,structured,structured_row:Auralex Laptop Lite 1,structured,1
DEC029_NO_FEEDBACK,train_kb,conservative_noisy_or_conflict_adjusted,Auralex Laptop Lite 1,has_price_usd,199,auralex laptop lite 1|has_price_usd|199,0.98,product_1,structured,structured_row:Auralex Laptop Lite 1,structured,1
DEC029_NO_FEEDBACK,train_kb,conservative_noisy_or_conflict_adjusted,Auralex Laptop Lite 1,has_screen_size_inch,14.0,auralex laptop lite 1|has_screen_size_inch|14.0,0.98,product_1,structured,structured_row:Auralex Laptop Lite 1,structured,1
DEC029_NO_FEEDBACK,train_kb,conservative_noisy_or_conflict_adjusted,Auralex Laptop Lite 1,has_ram_gb,16,auralex laptop lite 1|has_ram_gb|16,0.98,product_1,structured,structured_row:Auralex Laptop Lite 1,structured,1
DEC029_NO_FEEDBACK,train_kb,conservative_noisy_or_conflict_adjusted,Auralex Laptop Lite 1,has_storage_gb,64,auralex laptop lite 1|has_storage_gb|64,0.98,product_1,structured,structured_row:Auralex Laptop Lite 1,structured,1
DEC029_NO_FEEDBACK,train_kb,conservative_noisy_or_conflict_adjusted,Auralex Laptop Lite 1,has_battery_life_hours,24,auralex laptop lite 1|has_battery_life_hours|24,0.98,product_1,structured,structured_row:Auralex Laptop Lite 1,structured,1
DEC029_NO_FEEDBACK,train_kb,conservative_noisy_or_conflict_adjusted,Auralex Laptop Lite 1,has_weight_kg,0.55,auralex laptop lite 1|has_weight_kg|0.55,0.98,product_1,structured,structured_row:Auralex Laptop Lite 1,structured,1
DEC029_NO_FEEDBACK,train_kb,conservative_noisy_or_conflict_adjusted,Auralex Laptop Lite 1,has_color,white,auralex laptop lite 1|has_color|white,0.98,product_1,structured,structured_row:Auralex Laptop Lite 1,structured,1
DEC029_NO_FEEDBACK,train_kb,conservative_noisy_or_conflict_adjusted,Auralex Laptop Lite 1,made_of_material,aluminum,auralex laptop lite 1|made_of_material|aluminum,0.98,product_1,structured,structured_row:Auralex Laptop Lite 1,structured,1
DEC029_NO_FEEDBACK,train_kb,conservative_noisy_or_conflict_adjusted,Auralex Laptop Lite 1,target_market_region,US,auralex laptop lite 1|target_market_region|us,0.98,product_1,structured,structured_row:Auralex Laptop Lite 1,structured,1
DEC029_NO_FEEDBACK,train_kb,conservative_noisy_or_conflict_adjusted,Auralex Laptop Lite 1,supports_fast_charging,no,auralex laptop lite 1|supports_fast_charging|no,0.98,product_1,structured,structured_row:Auralex Laptop Lite 1,structured,1
DEC029_NO_FEEDBACK,train_kb,conservative_noisy_or_conflict_adjusted,Auralex Laptop Lite 1,has_noise_cancellation,no,auralex laptop lite 1|has_noise_cancellation|no,0.98,product_1,structured,structured_row:Auralex Laptop Lite 1,structured,1
DEC029_NO_FEEDBACK,train_kb,conservative_noisy_or_conflict_adjusted,TechNova Smartphone Pro 1,has_price_usd,199,technova smartphone pro 1|has_price_usd|199,0.92,product_1,unstructured,Priced at 199 USD. Comes with 16GB of RAM. Offers 64GB of internal storage. Weighs approximately 0.55kg. Available in white. Built with aluminum construction. Targeted at the US market.,unstructured,1
DEC029_NO_FEEDBACK,train_kb,conservative_noisy_or_conflict_adjusted,TechNova Smartphone Pro 1,has_ram_gb,16,technova smartphone pro 1|has_ram_gb|16,0.93,product_1,unstructured,Priced at 199 USD. Comes with 16GB of RAM. Offers 64GB of internal storage. Weighs approximately 0.55kg. Available in white. Built with aluminum construction. Targeted at the US market.,unstructured,1
DEC029_NO_FEEDBACK,train_kb,conservative_noisy_or_conflict_adjusted,TechNova Smartphone Pro 1,has_storage_gb,64,technova smartphone pro 1|has_storage_gb|64,0.94,product_1,unstructured,Priced at 199 USD. Comes with 16GB of RAM. Offers 64GB of internal storage. Weighs approximately 0.55kg. Available in white. Built with aluminum construction. Targeted at the US market.,unstructured,1
DEC029_NO_FEEDBACK,train_kb,conservative_noisy_or_conflict_adjusted,TechNova Smartphone Pro 1,has_weight_kg,0.55,technova smartphone pro 1|has_weight_kg|0.55,0.95,product_1,unstructured,Priced at 199 USD. Comes with 16GB of RAM. Offers 64GB of internal storage. Weighs approximately 0.55kg. Available in white. Built with aluminum construction. Targeted at the US market.,unstructured,1
DEC029_NO_FEEDBACK,train_kb,conservative_noisy_or_conflict_adjusted,TechNova Smartphone Pro 1,has_color,white,technova smartphone pro 1|has_color|white,0.96,product_1,unstructured,Priced at 199 USD. Comes with 16GB of RAM. Offers 64GB of internal storage. Weighs approximately 0.55kg. Available in white. Built with aluminum construction. Targeted at the US market.,unstructured,1
DEC029_NO_FEEDBACK,train_kb,conservative_noisy_or_conflict_adjusted,TechNova Smartphone Pro 1,made_of_material,aluminum,technova smartphone pro 1|made_of_material|aluminum,0.92,product_1,unstructured,Priced at 199 USD. Comes with 16GB of RAM. Offers 64GB of internal storage. Weighs approximately 0.55kg. Available in white. Built with aluminum construction. Targeted at the US market.,unstructured,1
DEC029_NO_FEEDBACK,train_kb,conservative_noisy_or_conflict_adjusted,TechNova Smartphone Pro 1,target_market_region,US,technova smartphone pro 1|target_market_region|us,0.9,product_1,unstructured,Priced at 199 USD. Comes with 16GB of RAM. Offers 64GB of internal storage. Weighs approximately 0.55kg. Available in white. Built with aluminum construction. Targeted at the US market.,unstructured,1
DEC029_NO_FEEDBACK,train_kb,conservative_noisy_or_conflict_adjusted,Auralex Smartphone Lite 2,manufactured_by,Auralex,auralex smartphone lite 2|manufactured_by|auralex,0.98,product_2,structured,structured_row:Auralex Smartphone Lite 2,structured,1
DEC029_NO_FEEDBACK,train_kb,conservative_noisy_or_conflict_adjusted,Auralex Smartphone Lite 2,belongs_to_category,smartphone,auralex smartphone lite 2|belongs_to_category|smartphone,0.98,product_2,structured,structured_row:Auralex Smartphone Lite 2,structured,1
DEC029_NO_FEEDBACK,train_kb,conservative_noisy_or_conflict_adjusted,Auralex Smartphone Lite 2,has_price_usd,499,auralex smartphone lite 2|has_price_usd|499,0.98,product_2,structured,structured_row:Auralex Smartphone Lite 2,structured,1
DEC029_NO_FEEDBACK,train_kb,conservative_noisy_or_conflict_adjusted,Auralex Smartphone Lite 2,has_screen_size_inch,6.1,auralex smartphone lite 2|has_screen_size_inch|6.1,0.98,product_2,structured,structured_row:Auralex Smartphone Lite 2,structured,1
DEC029_NO_FEEDBACK,train_kb,conservative_noisy_or_conflict_adjusted,Auralex Smartphone Lite 2,has_ram_gb,4,auralex smartphone lite 2|has_ram_gb|4,0.98,product_2,structured,structured_row:Auralex Smartphone Lite 2,structured,1
DEC029_NO_FEEDBACK,train_kb,conservative_noisy_or_conflict_adjusted,Auralex Smartphone Lite 2,has_storage_gb,128,auralex smartphone lite 2|has_storage_gb|128,0.98,product_2,structured,structured_row:Auralex Smartphone Lite 2,structured,1
DEC029_NO_FEEDBACK,train_kb,conservative_noisy_or_conflict_adjusted,Auralex Smartphone Lite 2,has_battery_life_hours,20,auralex smartphone lite 2|has_battery_life_hours|20,0.98,product_2,structured,structured_row:Auralex Smartphone Lite 2,structured,1
DEC029_NO_FEEDBACK,train_kb,conservative_noisy_or_conflict_adjusted,Auralex Smartphone Lite 2,has_weight_kg,0.18,auralex smartphone lite 2|has_weight_kg|0.18,0.98,product_2,structured,structured_row:Auralex Smartphone Lite 2,structured,1
DEC029_NO_FEEDBACK,train_kb,conservative_noisy_or_conflict_adjusted,Auralex Smartphone Lite 2,has_color,blue,auralex smartphone lite 2|has_color|blue,0.98,product_2,structured,structured_row:Auralex Smartphone Lite 2,structured,1
DEC029_NO_FEEDBACK,train_kb,conservative_noisy_or_conflict_adjusted,Auralex Smartphone Lite 2,made_of_material,carbon fiber,auralex smartphone lite 2|made_of_material|carbon fiber,0.98,product_2,structured,structured_row:Auralex Smartphone Lite 2,structured,1
DEC029_NO_FEEDBACK,train_kb,conservative_noisy_or_conflict_adjusted,Auralex Smartphone Lite 2,target_market_region,EU,auralex smartphone lite 2|target_market_region|eu,0.98,product_2,structured,structured_row:Auralex Smartphone Lite 2,structured,1
DEC029_NO_FEEDBACK,train_kb,conservative_noisy_or_conflict_adjusted,Auralex Smartphone Lite 2,supports_fast_charging,yes,auralex smartphone lite 2|supports_fast_charging|yes,0.98,product_2,structured,structured_row:Auralex Smartphone Lite 2,structured,1
DEC029_NO_FEEDBACK,train_kb,conservative_noisy_or_conflict_adjusted,Auralex Smartphone Lite 2,has_noise_cancellation,no,auralex smartphone lite 2|has_noise_cancellation|no,0.98,product_2,structured,structured_row:Auralex Smartphone Lite 2,structured,1
DEC029_NO_FEEDBACK,train_kb,conservative_noisy_or_conflict_adjusted,It is a smartphone device,belongs_to_category,smartphone,it is a smartphone device|belongs_to_category|smartphone,0.95,product_2,unstructured,It is a smartphone device. Comes with 4GB of RAM. Offers 128GB of internal storage. Built with carbon fiber construction. Targeted at the EU market. Fast charging is yes. Noise cancellation: no.,unstructured,1
DEC029_NO_FEEDBACK,train_kb,conservative_noisy_or_conflict_adjusted,It is a smartphone device,has_ram_gb,4,it is a smartphone device|has_ram_gb|4,0.92,product_2,unstructured,It is a smartphone device. Comes with 4GB of RAM. Offers 128GB of internal storage. Built with carbon fiber construction. Targeted at the EU market. Fast charging is yes. Noise cancellation: no.,unstructured,1
DEC029_NO_FEEDBACK,train_kb,conservative_noisy_or_conflict_adjusted,It is a smartphone device,has_storage_gb,128,it is a smartphone device|has_storage_gb|128,0.9,product_2,unstructured,It is a smartphone device. Comes with 4GB of RAM. Offers 128GB of internal storage. Built with carbon fiber construction. Targeted at the EU market. Fast charging is yes. Noise cancellation: no.,unstructured,1
DEC029_NO_FEEDBACK,train_kb,conservative_noisy_or_conflict_adjusted,It is a smartphone device,made_of_material,carbon fiber,it is a smartphone device|made_of_material|carbon fiber,0.94,product_2,unstructured,It is a smartphone device. Comes with 4GB of RAM. Offers 128GB of internal storage. Built with carbon fiber construction. Targeted at the EU market. Fast charging is yes. Noise cancellation: no.,unstructured,1
DEC029_NO_FEEDBACK,train_kb,conservative_noisy_or_conflict_adjusted,It is a smartphone device,target_market_region,EU,it is a smartphone device|target_market_region|eu,0.93,product_2,unstructured,It is a smartphone device. Comes with 4GB of RAM. Offers 128GB of internal storage. Built with carbon fiber construction. Targeted at the EU market. Fast charging is yes. Noise cancellation: no.,unstructured,1
DEC029_NO_FEEDBACK,train_kb,conservative_noisy_or_conflict_adjusted,It is a smartphone device,supports_fast_charging,yes,it is a smartphone device|supports_fast_charging|yes,0.91,product_2,unstructured,It is a smartphone device. Comes with 4GB of RAM. Offers 128GB of internal storage. Built with carbon fiber construction. Targeted at the EU market. Fast charging is yes. Noise cancellation: no.,unstructured,1
DEC029_NO_FEEDBACK,train_kb,conservative_noisy_or_conflict_adjusted,It is a smartphone device,has_noise_cancellation,no,it is a smartphone device|has_noise_cancellation|no,0.88,product_2,unstructured,It is a smartphone device. Comes with 4GB of RAM. Offers 128GB of internal storage. Built with carbon fiber construction. Targeted at the EU market. Fast charging is yes. Noise cancellation: no.,unstructured,1
DEC029_NO_FEEDBACK,train_kb,conservative_noisy_or_conflict_adjusted,TechNova Smartphone Pro 8,manufactured_by,TechNova,technova smartphone pro 8|manufactured_by|technova,0.98,product_8,structured,structured_row:TechNova Smartphone Pro 8,structured,1
DEC029_NO_FEEDBACK,train_kb,conservative_noisy_or_conflict_adjusted,TechNova Smartphone Pro 8,belongs_to_category,smartphone,technova smartphone pro 8|belongs_to_category|smartphone,0.98,product_8,structured,structured_row:TechNova Smartphone Pro 8,structured,1
DEC029_NO_FEEDBACK,train_kb,conservative_noisy_or_conflict_adjusted,TechNova Smartphone Pro 8,has_price_usd,349,technova smartphone pro 8|has_price_usd|349,0.98,product_8,structured,structured_row:TechNova Smartphone Pro 8,structured,1
DEC029_NO_FEEDBACK,train_kb,conservative_noisy_or_conflict_adjusted,TechNova Smartphone Pro 8,has_screen_size_inch,6.1,technova smartphone pro 8|has_screen_size_inch|6.1,0.98,product_8,structured,structured_row:TechNova Smartphone Pro 8,structured,1
DEC029_NO_FEEDBACK,train_kb,conservative_noisy_or_conflict_adjusted,TechNova Smartphone Pro 8,has_ram_gb,4,technova smartphone pro 8|has_ram_gb|4,0.98,product_8,structured,structured_row:TechNova Smartphone Pro 8,structured,1
DEC029_NO_FEEDBACK,train_kb,conservative_noisy_or_conflict_adjusted,TechNova Smartphone Pro 8,has_storage_gb,256,technova smartphone pro 8|has_storage_gb|256,0.98,product_8,structured,structured_row:TechNova Smartphone Pro 8,structured,1
DEC029_NO_FEEDBACK,train_kb,conservative_noisy_or_conflict_adjusted,TechNova Smartphone Pro 8,has_battery_life_hours,10,technova smartphone pro 8|has_battery_life_hours|10,0.98,product_8,structured,structured_row:TechNova Smartphone Pro 8,structured,1
DEC029_NO_FEEDBACK,train_kb,conservative_noisy_or_conflict_adjusted,TechNova Smartphone Pro 8,has_weight_kg,0.42,technova smartphone pro 8|has_weight_kg|0.42,0.98,product_8,structured,structured_row:TechNova Smartphone Pro 8,structured,1
DEC029_NO_FEEDBACK,train_kb,conservative_noisy_or_conflict_adjusted,TechNova Smartphone Pro 8,has_color,green,technova smartphone pro 8|has_color|green,0.98,product_8,structured,structured_row:TechNova Smartphone Pro 8,structured,1
DEC029_NO_FEEDBACK,train_kb,conservative_noisy_or_conflict_adjusted,TechNova Smartphone Pro 8,made_of_material,carbon fiber,technova smartphone pro 8|made_of_material|carbon fiber,0.98,product_8,structured,structured_row:TechNova Smartphone Pro 8,structured,1
DEC029_NO_FEEDBACK,train_kb,conservative_noisy_or_conflict_adjusted,TechNova Smartphone Pro 8,target_market_region,US,technova smartphone pro 8|target_market_region|us,0.98,product_8,structured,structured_row:TechNova Smartphone Pro 8,structured,1
DEC029_NO_FEEDBACK,train_kb,conservative_noisy_or_conflict_adjusted,TechNova Smartphone Pro 8,supports_fast_charging,yes,technova smartphone pro 8|supports_fast_charging|yes,0.98,product_8,structured,structured_row:TechNova Smartphone Pro 8,structured,1
DEC029_NO_FEEDBACK,train_kb,conservative_noisy_or_conflict_adjusted,TechNova Smartphone Pro 8,has_noise_cancellation,no,technova smartphone pro 8|has_noise_cancellation|no,0.98,product_8,structured,structured_row:TechNova Smartphone Pro 8,structured,1
DEC029_NO_FEEDBACK,train_kb,conservative_noisy_or_conflict_adjusted,TechNova Smartphone Pro 8,manufactured_by,TechNova,technova smartphone pro 8|manufactured_by|technova,0.95,product_8,unstructured,TechNova Smartphone Pro 8 is manufactured by TechNova. It is a smartphone device. Priced at 349 USD. The display measures 6.1 inches. Comes with 4GB of RAM. Targeted at the US market. Fast charging is yes.,unstructured,1
DEC029_NO_FEEDBACK,train_kb,conservative_noisy_or_conflict_adjusted,TechNova Smartphone Pro 8,belongs_to_category,smartphone device,technova smartphone pro 8|belongs_to_category|smartphone device,0.92,product_8,unstructured,TechNova Smartphone Pro 8 is manufactured by TechNova. It is a smartphone device. Priced at 349 USD. The display measures 6.1 inches. Comes with 4GB of RAM. Targeted at the US market. Fast charging is yes.,unstructured,1
DEC029_NO_FEEDBACK,train_kb,conservative_noisy_or_conflict_adjusted,TechNova Smartphone Pro 8,has_price_usd,349,technova smartphone pro 8|has_price_usd|349,0.93,product_8,unstructured,TechNova Smartphone Pro 8 is manufactured by TechNova. It is a smartphone device. Priced at 349 USD. The display measures 6.1 inches. Comes with 4GB of RAM. Targeted at the US market. Fast charging is yes.,unstructured,1
DEC029_NO_FEEDBACK,train_kb,conservative_noisy_or_conflict_adjusted,TechNova Smartphone Pro 8,has_screen_size_inch,6.1,technova smartphone pro 8|has_screen_size_inch|6.1,0.94,product_8,unstructured,TechNova Smartphone Pro 8 is manufactured by TechNova. It is a smartphone device. Priced at 349 USD. The display measures 6.1 inches. Comes with 4GB of RAM. Targeted at the US market. Fast charging is yes.,unstructured,1
DEC029_NO_FEEDBACK,train_kb,conservative_noisy_or_conflict_adjusted,TechNova Smartphone Pro 8,has_ram_gb,4,technova smartphone pro 8|has_ram_gb|4,0.91,product_8,unstructured,TechNova Smartphone Pro 8 is manufactured by TechNova. It is a smartphone device. Priced at 349 USD. The display measures 6.1 inches. Comes with 4GB of RAM. Targeted at the US market. Fast charging is yes.,unstructured,1
DEC029_NO_FEEDBACK,train_kb,conservative_noisy_or_conflict_adjusted,TechNova Smartphone Pro 8,target_market_region,US market,technova smartphone pro 8|target_market_region|us market,0.9,product_8,unstructured,TechNova Smartphone Pro 8 is manufactured by TechNova. It is a smartphone device. Priced at 349 USD. The display measures 6.1 inches. Comes with 4GB of RAM. Targeted at the US market. Fast charging is yes.,unstructured,1
DEC029_NO_FEEDBACK,train_kb,conservative_noisy_or_conflict_adjusted,TechNova Smartphone Pro 8,supports_fast_charging,yes,technova smartphone pro 8|supports_fast_charging|yes,0.88,product_8,unstructured,TechNova Smartphone Pro 8 is manufactured by TechNova. It is a smartphone device. Priced at 349 USD. The display measures 6.1 inches. Comes with 4GB of RAM. Targeted at the US market. Fast charging is yes.,unstructured,1
DEC029_NO_FEEDBACK,train_kb,conservative_noisy_or_conflict_adjusted,PixelWare Laptop Plus 9,manufactured_by,PixelWare,pixelware laptop plus 9|manufactured_by|pixelware,0.98,product_9,structured,structured_row:PixelWare Laptop Plus 9,structured,1
DEC029_NO_FEEDBACK,train_kb,conservative_noisy_or_conflict_adjusted,PixelWare Laptop Plus 9,belongs_to_category,laptop,pixelware laptop plus 9|belongs_to_category|laptop,0.98,product_9,structured,structured_row:PixelWare Laptop Plus 9,structured,1
DEC029_NO_FEEDBACK,train_kb,conservative_noisy_or_conflict_adjusted,PixelWare Laptop Plus 9,has_price_usd,299,pixelware laptop plus 9|has_price_usd|299,0.98,product_9,structured,structured_row:PixelWare Laptop Plus 9,structured,1
DEC029_NO_FEEDBACK,train_kb,conservative_noisy_or_conflict_adjusted,PixelWare Laptop Plus 9,has_screen_size_inch,10.9,pixelware laptop plus 9|has_screen_size_inch|10.9,0.98,product_9,structured,structured_row:PixelWare Laptop Plus 9,structured,1
DEC029_NO_FEEDBACK,train_kb,conservative_noisy_or_conflict_adjusted,PixelWare Laptop Plus 9,has_ram_gb,32,pixelware laptop plus 9|has_ram_gb|32,0.98,product_9,structured,structured_row:PixelWare Laptop Plus 9,structured,1
DEC029_NO_FEEDBACK,train_kb,conservative_noisy_or_conflict_adjusted,PixelWare Laptop Plus 9,has_storage_gb,512,pixelware laptop plus 9|has_storage_gb|512,0.98,product_9,structured,structured_row:PixelWare Laptop Plus 9,structured,1
DEC029_NO_FEEDBACK,train_kb,conservative_noisy_or_conflict_adjusted,PixelWare Laptop Plus 9,has_battery_life_hours,20,pixelware laptop plus 9|has_battery_life_hours|20,0.98,product_9,structured,structured_row:PixelWare Laptop Plus 9,structured,1
DEC029_NO_FEEDBACK,train_kb,conservative_noisy_or_conflict_adjusted,PixelWare Laptop Plus 9,has_weight_kg,0.18,pixelware laptop plus 9|has_weight_kg|0.18,0.98,product_9,structured,structured_row:PixelWare Laptop Plus 9,structured,1
DEC029_NO_FEEDBACK,train_kb,conservative_noisy_or_conflict_adjusted,PixelWare Laptop Plus 9,has_color,white,pixelware laptop plus 9|has_color|white,0.98,product_9,structured,structured_row:PixelWare Laptop Plus 9,structured,1
DEC029_NO_FEEDBACK,train_kb,conservative_noisy_or_conflict_adjusted,PixelWare Laptop Plus 9,made_of_material,carbon fiber,pixelware laptop plus 9|made_of_material|carbon fiber,0.98,product_9,structured,structured_row:PixelWare Laptop Plus 9,structured,1
DEC029_NO_FEEDBACK,train_kb,conservative_noisy_or_conflict_adjusted,PixelWare Laptop Plus 9,target_market_region,EU,pixelware laptop plus 9|target_market_region|eu,0.98,product_9,structured,structured_row:PixelWare Laptop Plus 9,structured,1
DEC029_NO_FEEDBACK,train_kb,conservative_noisy_or_conflict_adjusted,PixelWare Laptop Plus 9,supports_fast_charging,no,pixelware laptop plus 9|supports_fast_charging|no,0.98,product_9,structured,structured_row:PixelWare Laptop Plus 9,structured,1
DEC029_NO_FEEDBACK,train_kb,conservative_noisy_or_conflict_adjusted,PixelWare Laptop Plus 9,has_noise_cancellation,no,pixelware laptop plus 9|has_noise_cancellation|no,0.98,product_9,structured,structured_row:PixelWare Laptop Plus 9,structured,1
DEC029_NO_FEEDBACK,train_kb,conservative_noisy_or_conflict_adjusted,PixelWare Laptop Plus 9,manufactured_by,PixelWare,pixelware laptop plus 9|manufactured_by|pixelware,0.95,product_9,unstructured,PixelWare Laptop Plus 9 is manufactured by PixelWare. It is a laptop device. Priced at 299 USD. The display measures 10.9 inches. Battery lasts up to 20 hours. Weighs approximately 0.18kg. Targeted at the EU market.,unstructured,1
DEC029_NO_FEEDBACK,train_kb,conservative_noisy_or_conflict_adjusted,PixelWare Laptop Plus 9,belongs_to_category,laptop device,pixelware laptop plus 9|belongs_to_category|laptop device,0.92,product_9,unstructured,PixelWare Laptop Plus 9 is manufactured by PixelWare. It is a laptop device. Priced at 299 USD. The display measures 10.9 inches. Battery lasts up to 20 hours. Weighs approximately 0.18kg. Targeted at the EU market.,unstructured,1
DEC029_NO_FEEDBACK,train_kb,conservative_noisy_or_conflict_adjusted,PixelWare Laptop Plus 9,has_price_usd,299,pixelware laptop plus 9|has_price_usd|299,0.93,product_9,unstructured,PixelWare Laptop Plus 9 is manufactured by PixelWare. It is a laptop device. Priced at 299 USD. The display measures 10.9 inches. Battery lasts up to 20 hours. Weighs approximately 0.18kg. Targeted at the EU market.,unstructured,1
DEC029_NO_FEEDBACK,train_kb,conservative_noisy_or_conflict_adjusted,PixelWare Laptop Plus 9,has_screen_size_inch,10.9,pixelware laptop plus 9|has_screen_size_inch|10.9,0.94,product_9,unstructured,PixelWare Laptop Plus 9 is manufactured by PixelWare. It is a laptop device. Priced at 299 USD. The display measures 10.9 inches. Battery lasts up to 20 hours. Weighs approximately 0.18kg. Targeted at the EU market.,unstructured,1
DEC029_NO_FEEDBACK,train_kb,conservative_noisy_or_conflict_adjusted,PixelWare Laptop Plus 9,has_battery_life_hours,20,pixelware laptop plus 9|has_battery_life_hours|20,0.9,product_9,unstructured,PixelWare Laptop Plus 9 is manufactured by PixelWare. It is a laptop device. Priced at 299 USD. The display measures 10.9 inches. Battery lasts up to 20 hours. Weighs approximately 0.18kg. Targeted at the EU market.,unstructured,1
DEC029_NO_FEEDBACK,train_kb,conservative_noisy_or_conflict_adjusted,PixelWare Laptop Plus 9,has_weight_kg,0.18,pixelware laptop plus 9|has_weight_kg|0.18,0.91,product_9,unstructured,PixelWare Laptop Plus 9 is manufactured by PixelWare. It is a laptop device. Priced at 299 USD. The display measures 10.9 inches. Battery lasts up to 20 hours. Weighs approximately 0.18kg. Targeted at the EU market.,unstructured,1
DEC029_NO_FEEDBACK,train_kb,conservative_noisy_or_conflict_adjusted,PixelWare Laptop Plus 9,target_market_region,EU market,pixelware laptop plus 9|target_market_region|eu market,0.96,product_9,unstructured,PixelWare Laptop Plus 9 is manufactured by PixelWare. It is a laptop device. Priced at 299 USD. The display measures 10.9 inches. Battery lasts up to 20 hours. Weighs approximately 0.18kg. Targeted at the EU market.,unstructured,1
DEC029_NO_FEEDBACK,train_kb,conservative_noisy_or_conflict_adjusted,Zenbyte Headphones Air 11,manufactured_by,Zenbyte,zenbyte headphones air 11|manufactured_by|zenbyte,0.98,product_11,structured,structured_row:Zenbyte Headphones Air 11,structured,1
DEC029_NO_FEEDBACK,train_kb,conservative_noisy_or_conflict_adjusted,Zenbyte Headphones Air 11,belongs_to_category,headphones,zenbyte headphones air 11|belongs_to_category|headphones,0.98,product_11,structured,structured_row:Zenbyte Headphones Air 11,structured,1
DEC029_NO_FEEDBACK,train_kb,conservative_noisy_or_conflict_adjusted,Zenbyte Headphones Air 11,has_price_usd,299,zenbyte headphones air 11|has_price_usd|299,0.98,product_11,structured,structured_row:Zenbyte Headphones Air 11,structured,1
DEC029_NO_FEEDBACK,train_kb,conservative_noisy_or_conflict_adjusted,Zenbyte Headphones Air 11,has_screen_size_inch,11.0,zenbyte headphones air 11|has_screen_size_inch|11.0,0.98,product_11,structured,structured_row:Zenbyte Headphones Air 11,structured,1
DEC029_NO_FEEDBACK,train_kb,conservative_noisy_or_conflict_adjusted,Zenbyte Headphones Air 11,has_ram_gb,16,zenbyte headphones air 11|has_ram_gb|16,0.98,product_11,structured,structured_row:Zenbyte Headphones Air 11,structured,1
DEC029_NO_FEEDBACK,train_kb,conservative_noisy_or_conflict_adjusted,Zenbyte Headphones Air 11,has_storage_gb,64,zenbyte headphones air 11|has_storage_gb|64,0.98,product_11,structured,structured_row:Zenbyte Headphones Air 11,structured,1
DEC029_NO_FEEDBACK,train_kb,conservative_noisy_or_conflict_adjusted,Zenbyte Headphones Air 11,has_battery_life_hours,18,zenbyte headphones air 11|has_battery_life_hours|18,0.98,product_11,structured,structured_row:Zenbyte Headphones Air 11,structured,1
DEC029_NO_FEEDBACK,train_kb,conservative_noisy_or_conflict_adjusted,Zenbyte Headphones Air 11,has_weight_kg,0.55,zenbyte headphones air 11|has_weight_kg|0.55,0.98,product_11,structured,structured_row:Zenbyte Headphones Air 11,structured,1
DEC029_NO_FEEDBACK,train_kb,conservative_noisy_or_conflict_adjusted,Zenbyte Headphones Air 11,has_color,black,zenbyte headphones air 11|has_color|black,0.98,product_11,structured,structured_row:Zenbyte Headphones Air 11,structured,1
DEC029_NO_FEEDBACK,train_kb,conservative_noisy_or_conflict_adjusted,Zenbyte Headphones Air 11,made_of_material,carbon fiber,zenbyte headphones air 11|made_of_material|carbon fiber,0.98,product_11,structured,structured_row:Zenbyte Headphones Air 11,structured,1
DEC029_NO_FEEDBACK,train_kb,conservative_noisy_or_conflict_adjusted,Zenbyte Headphones Air 11,target_market_region,US,zenbyte headphones air 11|target_market_region|us,0.98,product_11,structured,structured_row:Zenbyte Headphones Air 11,structured,1
DEC029_NO_FEEDBACK,train_kb,conservative_noisy_or_conflict_adjusted,Zenbyte Headphones Air 11,supports_fast_charging,yes,zenbyte headphones air 11|supports_fast_charging|yes,0.98,product_11,structured,structured_row:Zenbyte Headphones Air 11,structured,1
DEC029_NO_FEEDBACK,train_kb,conservative_noisy_or_conflict_adjusted,Zenbyte Headphones Air 11,has_noise_cancellation,no,zenbyte headphones air 11|has_noise_cancellation|no,0.98,product_11,structured,structured_row:Zenbyte Headphones Air 11,structured,1
DEC029_NO_FEEDBACK,train_kb,conservative_noisy_or_conflict_adjusted,Zenbyte Headphones Air 11,manufactured_by,Zenbyte,zenbyte headphones air 11|manufactured_by|zenbyte,0.95,product_11,unstructured,Zenbyte Headphones Air 11 is manufactured by Zenbyte. Priced at 299 USD. Comes with 16GB of RAM. Weighs approximately 0.55kg. Built with carbon fiber construction. Targeted at the US market. Noise cancellation: no.,unstructured,1
DEC029_NO_FEEDBACK,train_kb,conservative_noisy_or_conflict_adjusted,Zenbyte Headphones Air 11,has_price_usd,299,zenbyte headphones air 11|has_price_usd|299,0.92,product_11,unstructured,Zenbyte Headphones Air 11 is manufactured by Zenbyte. Priced at 299 USD. Comes with 16GB of RAM. Weighs approximately 0.55kg. Built with carbon fiber construction. Targeted at the US market. Noise cancellation: no.,unstructured,1
DEC029_NO_FEEDBACK,train_kb,conservative_noisy_or_conflict_adjusted,Zenbyte Headphones Air 11,has_ram_gb,16,zenbyte headphones air 11|has_ram_gb|16,0.93,product_11,unstructured,Zenbyte Headphones Air 11 is manufactured by Zenbyte. Priced at 299 USD. Comes with 16GB of RAM. Weighs approximately 0.55kg. Built with carbon fiber construction. Targeted at the US market. Noise cancellation: no.,unstructured,1
DEC029_NO_FEEDBACK,train_kb,conservative_noisy_or_conflict_adjusted,Zenbyte Headphones Air 11,has_weight_kg,0.55,zenbyte headphones air 11|has_weight_kg|0.55,0.94,product_11,unstructured,Zenbyte Headphones Air 11 is manufactured by Zenbyte. Priced at 299 USD. Comes with 16GB of RAM. Weighs approximately 0.55kg. Built with carbon fiber construction. Targeted at the US market. Noise cancellation: no.,unstructured,1
DEC029_NO_FEEDBACK,train_kb,conservative_noisy_or_conflict_adjusted,Zenbyte Headphones Air 11,made_of_material,carbon fiber,zenbyte headphones air 11|made_of_material|carbon fiber,0.9,product_11,unstructured,Zenbyte Headphones Air 11 is manufactured by Zenbyte. Priced at 299 USD. Comes with 16GB of RAM. Weighs approximately 0.55kg. Built with carbon fiber construction. Targeted at the US market. Noise cancellation: no.,unstructured,1
DEC029_NO_FEEDBACK,train_kb,conservative_noisy_or_conflict_adjusted,Zenbyte Headphones Air 11,target_market_region,US,zenbyte headphones air 11|target_market_region|us,0.96,product_11,unstructured,Zenbyte Headphones Air 11 is manufactured by Zenbyte. Priced at 299 USD. Comes with 16GB of RAM. Weighs approximately 0.55kg. Built with carbon fiber construction. Targeted at the US market. Noise cancellation: no.,unstructured,1
DEC029_NO_FEEDBACK,train_kb,conservative_noisy_or_conflict_adjusted,Zenbyte Headphones Air 11,supports_fast_charging,no,zenbyte headphones air 11|supports_fast_charging|no,0.85,product_11,unstructured,Zenbyte Headphones Air 11 is manufactured by Zenbyte. Priced at 299 USD. Comes with 16GB of RAM. Weighs approximately 0.55kg. Built with carbon fiber construction. Targeted at the US market. Noise cancellation: no.,unstructured,1
DEC029_NO_FEEDBACK,train_kb,conservative_noisy_or_conflict_adjusted,Zenbyte Headphones Air 11,has_noise_cancellation,no,zenbyte headphones air 11|has_noise_cancellation|no,0.88,product_11,unstructured,Zenbyte Headphones Air 11 is manufactured by Zenbyte. Priced at 299 USD. Comes with 16GB of RAM. Weighs approximately 0.55kg. Built with carbon fiber construction. Targeted at the US market. Noise cancellation: no.,unstructured,1
DEC029_NO_FEEDBACK,train_kb,conservative_noisy_or_conflict_adjusted,TechNova Tablet Plus 12,manufactured_by,TechNova,technova tablet plus 12|manufactured_by|technova,0.98,product_12,structured,structured_row:TechNova Tablet Plus 12,structured,1
DEC029_NO_FEEDBACK,train_kb,conservative_noisy_or_conflict_adjusted,TechNova Tablet Plus 12,belongs_to_category,tablet,technova tablet plus 12|belongs_to_category|tablet,0.98,product_12,structured,structured_row:TechNova Tablet Plus 12,structured,1
DEC029_NO_FEEDBACK,train_kb,conservative_noisy_or_conflict_adjusted,TechNova Tablet Plus 12,has_price_usd,499,technova tablet plus 12|has_price_usd|499,0.98,product_12,structured,structured_row:TechNova Tablet Plus 12,structured,1
DEC029_NO_FEEDBACK,train_kb,conservative_noisy_or_conflict_adjusted,TechNova Tablet Plus 12,has_screen_size_inch,11.0,technova tablet plus 12|has_screen_size_inch|11.0,0.98,product_12,structured,structured_row:TechNova Tablet Plus 12,structured,1
DEC029_NO_FEEDBACK,train_kb,conservative_noisy_or_conflict_adjusted,TechNova Tablet Plus 12,has_ram_gb,4,technova tablet plus 12|has_ram_gb|4,0.98,product_12,structured,structured_row:TechNova Tablet Plus 12,structured,1
DEC029_NO_FEEDBACK,train_kb,conservative_noisy_or_conflict_adjusted,TechNova Tablet Plus 12,has_storage_gb,256,technova tablet plus 12|has_storage_gb|256,0.98,product_12,structured,structured_row:TechNova Tablet Plus 12,structured,1
DEC029_NO_FEEDBACK,train_kb,conservative_noisy_or_conflict_adjusted,TechNova Tablet Plus 12,has_battery_life_hours,24,technova tablet plus 12|has_battery_life_hours|24,0.98,product_12,structured,structured_row:TechNova Tablet Plus 12,structured,1
DEC029_NO_FEEDBACK,train_kb,conservative_noisy_or_conflict_adjusted,TechNova Tablet Plus 12,has_weight_kg,0.18,technova tablet plus 12|has_weight_kg|0.18,0.98,product_12,structured,structured_row:TechNova Tablet Plus 12,structured,1
DEC029_NO_FEEDBACK,train_kb,conservative_noisy_or_conflict_adjusted,TechNova Tablet Plus 12,has_color,blue,technova tablet plus 12|has_color|blue,0.98,product_12,structured,structured_row:TechNova Tablet Plus 12,structured,1
DEC029_NO_FEEDBACK,train_kb,conservative_noisy_or_conflict_adjusted,TechNova Tablet Plus 12,made_of_material,aluminum,technova tablet plus 12|made_of_material|aluminum,0.98,product_12,structured,structured_row:TechNova Tablet Plus 12,structured,1
DEC029_NO_FEEDBACK,train_kb,conservative_noisy_or_conflict_adjusted,TechNova Tablet Plus 12,target_market_region,EU,technova tablet plus 12|target_market_region|eu,0.98,product_12,structured,structured_row:TechNova Tablet Plus 12,structured,1
DEC029_NO_FEEDBACK,train_kb,conservative_noisy_or_conflict_adjusted,TechNova Tablet Plus 12,supports_fast_charging,yes,technova tablet plus 12|supports_fast_charging|yes,0.98,product_12,structured,structured_row:TechNova Tablet Plus 12,structured,1
DEC029_NO_FEEDBACK,train_kb,conservative_noisy_or_conflict_adjusted,TechNova Tablet Plus 12,has_noise_cancellation,no,technova tablet plus 12|has_noise_cancellation|no,0.98,product_12,structured,structured_row:TechNova Tablet Plus 12,structured,1
DEC029_NO_FEEDBACK,train_kb,conservative_noisy_or_conflict_adjusted,TechNova Smartphone Pro 1,has_screen_size_inch,11.0,technova smartphone pro 1|has_screen_size_inch|11.0,0.85,product_12,unstructured,The display measures 11.0 inches. Offers 256GB of internal storage. Battery lasts up to 24 hours. Available in blue. Targeted at the EU market. Fast charging is yes. Noise cancellation: no.,unstructured,1
DEC029_NO_FEEDBACK,train_kb,conservative_noisy_or_conflict_adjusted,TechNova Smartphone Pro 1,has_storage_gb,256,technova smartphone pro 1|has_storage_gb|256,0.92,product_12,unstructured,The display measures 11.0 inches. Offers 256GB of internal storage. Battery lasts up to 24 hours. Available in blue. Targeted at the EU market. Fast charging is yes. Noise cancellation: no.,unstructured,1
DEC029_NO_FEEDBACK,train_kb,conservative_noisy_or_conflict_adjusted,TechNova Smartphone Pro 1,has_battery_life_hours,24,technova smartphone pro 1|has_battery_life_hours|24,0.88,product_12,unstructured,The display measures 11.0 inches. Offers 256GB of internal storage. Battery lasts up to 24 hours. Available in blue. Targeted at the EU market. Fast charging is yes. Noise cancellation: no.,unstructured,1
DEC029_NO_FEEDBACK,train_kb,conservative_noisy_or_conflict_adjusted,TechNova Smartphone Pro 1,has_color,blue,technova smartphone pro 1|has_color|blue,0.9,product_12,unstructured,The display measures 11.0 inches. Offers 256GB of internal storage. Battery lasts up to 24 hours. Available in blue. Targeted at the EU market. Fast charging is yes. Noise cancellation: no.,unstructured,1
DEC029_NO_FEEDBACK,train_kb,conservative_noisy_or_conflict_adjusted,TechNova Smartphone Pro 1,target_market_region,EU,technova smartphone pro 1|target_market_region|eu,0.86,product_12,unstructured,The display measures 11.0 inches. Offers 256GB of internal storage. Battery lasts up to 24 hours. Available in blue. Targeted at the EU market. Fast charging is yes. Noise cancellation: no.,unstructured,1
DEC029_NO_FEEDBACK,train_kb,conservative_noisy_or_conflict_adjusted,TechNova Smartphone Pro 1,supports_fast_charging,yes,technova smartphone pro 1|supports_fast_charging|yes,0.89,product_12,unstructured,The display measures 11.0 inches. Offers 256GB of internal storage. Battery lasts up to 24 hours. Available in blue. Targeted at the EU market. Fast charging is yes. Noise cancellation: no.,unstructured,1
DEC029_NO_FEEDBACK,train_kb,conservative_noisy_or_conflict_adjusted,TechNova Smartphone Pro 1,has_noise_cancellation,no,technova smartphone pro 1|has_noise_cancellation|no,0.94,product_12,unstructured,The display measures 11.0 inches. Offers 256GB of internal storage. Battery lasts up to 24 hours. Available in blue. Targeted at the EU market. Fast charging is yes. Noise cancellation: no.,unstructured,1
DEC029_NO_FEEDBACK,train_kb,conservative_noisy_or_conflict_adjusted,PixelWare Smartwatch Max 13,manufactured_by,PixelWare,pixelware smartwatch max 13|manufactured_by|pixelware,0.98,product_13,structured,structured_row:PixelWare Smartwatch Max 13,structured,1
DEC029_NO_FEEDBACK,train_kb,conservative_noisy_or_conflict_adjusted,PixelWare Smartwatch Max 13,belongs_to_category,smartwatch,pixelware smartwatch max 13|belongs_to_category|smartwatch,0.98,product_13,structured,structured_row:PixelWare Smartwatch Max 13,structured,1
DEC029_NO_FEEDBACK,train_kb,conservative_noisy_or_conflict_adjusted,PixelWare Smartwatch Max 13,has_price_usd,349,pixelware smartwatch max 13|has_price_usd|349,0.98,product_13,structured,structured_row:PixelWare Smartwatch Max 13,structured,1
DEC029_NO_FEEDBACK,train_kb,conservative_noisy_or_conflict_adjusted,PixelWare Smartwatch Max 13,has_screen_size_inch,14.0,pixelware smartwatch max 13|has_screen_size_inch|14.0,0.98,product_13,structured,structured_row:PixelWare Smartwatch Max 13,structured,1
DEC029_NO_FEEDBACK,train_kb,conservative_noisy_or_conflict_adjusted,PixelWare Smartwatch Max 13,has_ram_gb,4,pixelware smartwatch max 13|has_ram_gb|4,0.98,product_13,structured,structured_row:PixelWare Smartwatch Max 13,structured,1
DEC029_NO_FEEDBACK,train_kb,conservative_noisy_or_conflict_adjusted,PixelWare Smartwatch Max 13,has_storage_gb,512,pixelware smartwatch max 13|has_storage_gb|512,0.98,product_13,structured,structured_row:PixelWare Smartwatch Max 13,structured,1
DEC029_NO_FEEDBACK,train_kb,conservative_noisy_or_conflict_adjusted,PixelWare Smartwatch Max 13,has_battery_life_hours,18,pixelware smartwatch max 13|has_battery_life_hours|18,0.98,product_13,structured,structured_row:PixelWare Smartwatch Max 13,structured,1
DEC029_NO_FEEDBACK,train_kb,conservative_noisy_or_conflict_adjusted,PixelWare Smartwatch Max 13,has_weight_kg,0.55,pixelware smartwatch max 13|has_weight_kg|0.55,0.98,product_13,structured,structured_row:PixelWare Smartwatch Max 13,structured,1
DEC029_NO_FEEDBACK,train_kb,conservative_noisy_or_conflict_adjusted,PixelWare Smartwatch Max 13,has_color,white,pixelware smartwatch max 13|has_color|white,0.98,product_13,structured,structured_row:PixelWare Smartwatch Max 13,structured,1
DEC029_NO_FEEDBACK,train_kb,conservative_noisy_or_conflict_adjusted,PixelWare Smartwatch Max 13,made_of_material,aluminum,pixelware smartwatch max 13|made_of_material|aluminum,0.98,product_13,structured,structured_row:PixelWare Smartwatch Max 13,structured,1
DEC029_NO_FEEDBACK,train_kb,conservative_noisy_or_conflict_adjusted,PixelWare Smartwatch Max 13,target_market_region,APAC,pixelware smartwatch max 13|target_market_region|apac,0.98,product_13,structured,structured_row:PixelWare Smartwatch Max 13,structured,1
DEC029_NO_FEEDBACK,train_kb,conservative_noisy_or_conflict_adjusted,PixelWare Smartwatch Max 13,supports_fast_charging,yes,pixelware smartwatch max 13|supports_fast_charging|yes,0.98,product_13,structured,structured_row:PixelWare Smartwatch Max 13,structured,1
DEC029_NO_FEEDBACK,train_kb,conservative_noisy_or_conflict_adjusted,PixelWare Smartwatch Max 13,has_noise_cancellation,no,pixelware smartwatch max 13|has_noise_cancellation|no,0.98,product_13,structured,structured_row:PixelWare Smartwatch Max 13,structured,1
DEC029_NO_FEEDBACK,train_kb,conservative_noisy_or_conflict_adjusted,Auralex Smartphone Max 15,manufactured_by,Auralex,auralex smartphone max 15|manufactured_by|auralex,0.98,product_15,structured,structured_row:Auralex Smartphone Max 15,structured,1
DEC029_NO_FEEDBACK,train_kb,conservative_noisy_or_conflict_adjusted,Auralex Smartphone Max 15,belongs_to_category,smartphone,auralex smartphone max 15|belongs_to_category|smartphone,0.98,product_15,structured,structured_row:Auralex Smartphone Max 15,structured,1
DEC029_NO_FEEDBACK,train_kb,conservative_noisy_or_conflict_adjusted,Auralex Smartphone Max 15,has_price_usd,1299,auralex smartphone max 15|has_price_usd|1299,0.98,product_15,structured,structured_row:Auralex Smartphone Max 15,structured,1
DEC029_NO_FEEDBACK,train_kb,conservative_noisy_or_conflict_adjusted,Auralex Smartphone Max 15,has_screen_size_inch,14.0,auralex smartphone max 15|has_screen_size_inch|14.0,0.98,product_15,structured,structured_row:Auralex Smartphone Max 15,structured,1
DEC029_NO_FEEDBACK,train_kb,conservative_noisy_or_conflict_adjusted,Auralex Smartphone Max 15,has_ram_gb,16,auralex smartphone max 15|has_ram_gb|16,0.98,product_15,structured,structured_row:Auralex Smartphone Max 15,structured,1
DEC029_NO_FEEDBACK,train_kb,conservative_noisy_or_conflict_adjusted,Auralex Smartphone Max 15,has_storage_gb,64,auralex smartphone max 15|has_storage_gb|64,0.98,product_15,structured,structured_row:Auralex Smartphone Max 15,structured,1
DEC029_NO_FEEDBACK,train_kb,conservative_noisy_or_conflict_adjusted,Auralex Smartphone Max 15,has_battery_life_hours,10,auralex smartphone max 15|has_battery_life_hours|10,0.98,product_15,structured,structured_row:Auralex Smartphone Max 15,structured,1
DEC029_NO_FEEDBACK,train_kb,conservative_noisy_or_conflict_adjusted,Auralex Smartphone Max 15,has_weight_kg,0.55,auralex smartphone max 15|has_weight_kg|0.55,0.98,product_15,structured,structured_row:Auralex Smartphone Max 15,structured,1
DEC029_NO_FEEDBACK,train_kb,conservative_noisy_or_conflict_adjusted,Auralex Smartphone Max 15,has_color,black,auralex smartphone max 15|has_color|black,0.98,product_15,structured,structured_row:Auralex Smartphone Max 15,structured,1
DEC029_NO_FEEDBACK,train_kb,conservative_noisy_or_conflict_adjusted,Auralex Smartphone Max 15,made_of_material,aluminum,auralex smartphone max 15|made_of_material|aluminum,0.98,product_15,structured,structured_row:Auralex Smartphone Max 15,structured,1
DEC029_NO_FEEDBACK,train_kb,conservative_noisy_or_conflict_adjusted,Auralex Smartphone Max 15,target_market_region,US,auralex smartphone max 15|target_market_region|us,0.98,product_15,structured,structured_row:Auralex Smartphone Max 15,structured,1
DEC029_NO_FEEDBACK,train_kb,conservative_noisy_or_conflict_adjusted,Auralex Smartphone Max 15,supports_fast_charging,no,auralex smartphone max 15|supports_fast_charging|no,0.98,product_15,structured,structured_row:Auralex Smartphone Max 15,structured,1
DEC029_NO_FEEDBACK,train_kb,conservative_noisy_or_conflict_adjusted,Auralex Smartphone Max 15,has_noise_cancellation,no,auralex smartphone max 15|has_noise_cancellation|no,0.98,product_15,structured,structured_row:Auralex Smartphone Max 15,structured,1
DEC029_NO_FEEDBACK,train_kb,conservative_noisy_or_conflict_adjusted,Auralex Smartphone Max 15,manufactured_by,Auralex,auralex smartphone max 15|manufactured_by|auralex,0.95,product_15,unstructured,Auralex Smartphone Max 15 is manufactured by Auralex. Priced at 1299 USD. Battery lasts up to 10 hours. Available in black. Built with aluminum construction. Targeted at the US market. Fast charging is no.,unstructured,1
DEC029_NO_FEEDBACK,train_kb,conservative_noisy_or_conflict_adjusted,Auralex Smartphone Max 15,has_price_usd,1299,auralex smartphone max 15|has_price_usd|1299,0.92,product_15,unstructured,Auralex Smartphone Max 15 is manufactured by Auralex. Priced at 1299 USD. Battery lasts up to 10 hours. Available in black. Built with aluminum construction. Targeted at the US market. Fast charging is no.,unstructured,1
DEC029_NO_FEEDBACK,train_kb,conservative_noisy_or_conflict_adjusted,Auralex Smartphone Max 15,has_battery_life_hours,10,auralex smartphone max 15|has_battery_life_hours|10,0.9,product_15,unstructured,Auralex Smartphone Max 15 is manufactured by Auralex. Priced at 1299 USD. Battery lasts up to 10 hours. Available in black. Built with aluminum construction. Targeted at the US market. Fast charging is no.,unstructured,1
DEC029_NO_FEEDBACK,train_kb,conservative_noisy_or_conflict_adjusted,Auralex Smartphone Max 15,has_color,black,auralex smartphone max 15|has_color|black,0.88,product_15,unstructured,Auralex Smartphone Max 15 is manufactured by Auralex. Priced at 1299 USD. Battery lasts up to 10 hours. Available in black. Built with aluminum construction. Targeted at the US market. Fast charging is no.,unstructured,1
DEC029_NO_FEEDBACK,train_kb,conservative_noisy_or_conflict_adjusted,Auralex Smartphone Max 15,made_of_material,aluminum,auralex smartphone max 15|made_of_material|aluminum,0.85,product_15,unstructured,Auralex Smartphone Max 15 is manufactured by Auralex. Priced at 1299 USD. Battery lasts up to 10 hours. Available in black. Built with aluminum construction. Targeted at the US market. Fast charging is no.,unstructured,1
DEC029_NO_FEEDBACK,train_kb,conservative_noisy_or_conflict_adjusted,Auralex Smartphone Max 15,target_market_region,US,auralex smartphone max 15|target_market_region|us,0.86,product_15,unstructured,Auralex Smartphone Max 15 is manufactured by Auralex. Priced at 1299 USD. Battery lasts up to 10 hours. Available in black. Built with aluminum construction. Targeted at the US market. Fast charging is no.,unstructured,1
DEC029_NO_FEEDBACK,train_kb,conservative_noisy_or_conflict_adjusted,Auralex Smartphone Max 15,supports_fast_charging,no,auralex smartphone max 15|supports_fast_charging|no,0.84,product_15,unstructured,Auralex Smartphone Max 15 is manufactured by Auralex. Priced at 1299 USD. Battery lasts up to 10 hours. Available in black. Built with aluminum construction. Targeted at the US market. Fast charging is no.,unstructured,1
DEC029_NO_FEEDBACK,train_kb,conservative_noisy_or_conflict_adjusted,NeoTech Laptop Air 16,manufactured_by,NeoTech,neotech laptop air 16|manufactured_by|neotech,0.98,product_16,structured,structured_row:NeoTech Laptop Air 16,structured,1
DEC029_NO_FEEDBACK,train_kb,conservative_noisy_or_conflict_adjusted,NeoTech Laptop Air 16,belongs_to_category,laptop,neotech laptop air 16|belongs_to_category|laptop,0.98,product_16,structured,structured_row:NeoTech Laptop Air 16,structured,1
DEC029_NO_FEEDBACK,train_kb,conservative_noisy_or_conflict_adjusted,NeoTech Laptop Air 16,has_price_usd,1099,neotech laptop air 16|has_price_usd|1099,0.98,product_16,structured,structured_row:NeoTech Laptop Air 16,structured,1
DEC029_NO_FEEDBACK,train_kb,conservative_noisy_or_conflict_adjusted,NeoTech Laptop Air 16,has_screen_size_inch,6.1,neotech laptop air 16|has_screen_size_inch|6.1,0.98,product_16,structured,structured_row:NeoTech Laptop Air 16,structured,1
DEC029_NO_FEEDBACK,train_kb,conservative_noisy_or_conflict_adjusted,NeoTech Laptop Air 16,has_ram_gb,12,neotech laptop air 16|has_ram_gb|12,0.98,product_16,structured,structured_row:NeoTech Laptop Air 16,structured,1
DEC029_NO_FEEDBACK,train_kb,conservative_noisy_or_conflict_adjusted,NeoTech Laptop Air 16,has_storage_gb,1024,neotech laptop air 16|has_storage_gb|1024,0.98,product_16,structured,structured_row:NeoTech Laptop Air 16,structured,1
DEC029_NO_FEEDBACK,train_kb,conservative_noisy_or_conflict_adjusted,NeoTech Laptop Air 16,has_battery_life_hours,12,neotech laptop air 16|has_battery_life_hours|12,0.98,product_16,structured,structured_row:NeoTech Laptop Air 16,structured,1
DEC029_NO_FEEDBACK,train_kb,conservative_noisy_or_conflict_adjusted,NeoTech Laptop Air 16,has_weight_kg,0.23,neotech laptop air 16|has_weight_kg|0.23,0.98,product_16,structured,structured_row:NeoTech Laptop Air 16,structured,1
DEC029_NO_FEEDBACK,train_kb,conservative_noisy_or_conflict_adjusted,NeoTech Laptop Air 16,has_color,silver,neotech laptop air 16|has_color|silver,0.98,product_16,structured,structured_row:NeoTech Laptop Air 16,structured,1
DEC029_NO_FEEDBACK,train_kb,conservative_noisy_or_conflict_adjusted,NeoTech Laptop Air 16,made_of_material,carbon fiber,neotech laptop air 16|made_of_material|carbon fiber,0.98,product_16,structured,structured_row:NeoTech Laptop Air 16,structured,1
DEC029_NO_FEEDBACK,train_kb,conservative_noisy_or_conflict_adjusted,NeoTech Laptop Air 16,target_market_region,Global,neotech laptop air 16|target_market_region|global,0.98,product_16,structured,structured_row:NeoTech Laptop Air 16,structured,1
DEC029_NO_FEEDBACK,train_kb,conservative_noisy_or_conflict_adjusted,NeoTech Laptop Air 16,supports_fast_charging,yes,neotech laptop air 16|supports_fast_charging|yes,0.98,product_16,structured,structured_row:NeoTech Laptop Air 16,structured,1
DEC029_NO_FEEDBACK,train_kb,conservative_noisy_or_conflict_adjusted,NeoTech Laptop Air 16,has_noise_cancellation,no,neotech laptop air 16|has_noise_cancellation|no,0.98,product_16,structured,structured_row:NeoTech Laptop Air 16,structured,1
DEC029_NO_FEEDBACK,train_kb,conservative_noisy_or_conflict_adjusted,NeoTech Laptop Air 16,manufactured_by,NeoTech,neotech laptop air 16|manufactured_by|neotech,0.95,product_16,unstructured,NeoTech Laptop Air 16 is manufactured by NeoTech. It is a laptop device. Comes with 12GB of RAM. Battery lasts up to 12 hours. Weighs approximately 0.23kg. Targeted at the Global market. Noise cancellation: no.,unstructured,1
DEC029_NO_FEEDBACK,train_kb,conservative_noisy_or_conflict_adjusted,NeoTech Laptop Air 16,has_ram_gb,12,neotech laptop air 16|has_ram_gb|12,0.92,product_16,unstructured,NeoTech Laptop Air 16 is manufactured by NeoTech. It is a laptop device. Comes with 12GB of RAM. Battery lasts up to 12 hours. Weighs approximately 0.23kg. Targeted at the Global market. Noise cancellation: no.,unstructured,1
DEC029_NO_FEEDBACK,train_kb,conservative_noisy_or_conflict_adjusted,NeoTech Laptop Air 16,has_battery_life_hours,12,neotech laptop air 16|has_battery_life_hours|12,0.93,product_16,unstructured,NeoTech Laptop Air 16 is manufactured by NeoTech. It is a laptop device. Comes with 12GB of RAM. Battery lasts up to 12 hours. Weighs approximately 0.23kg. Targeted at the Global market. Noise cancellation: no.,unstructured,1
DEC029_NO_FEEDBACK,train_kb,conservative_noisy_or_conflict_adjusted,NeoTech Laptop Air 16,has_weight_kg,0.23,neotech laptop air 16|has_weight_kg|0.23,0.94,product_16,unstructured,NeoTech Laptop Air 16 is manufactured by NeoTech. It is a laptop device. Comes with 12GB of RAM. Battery lasts up to 12 hours. Weighs approximately 0.23kg. Targeted at the Global market. Noise cancellation: no.,unstructured,1
DEC029_NO_FEEDBACK,train_kb,conservative_noisy_or_conflict_adjusted,NeoTech Laptop Air 16,target_market_region,Global,neotech laptop air 16|target_market_region|global,0.9,product_16,unstructured,NeoTech Laptop Air 16 is manufactured by NeoTech. It is a laptop device. Comes with 12GB of RAM. Battery lasts up to 12 hours. Weighs approximately 0.23kg. Targeted at the Global market. Noise cancellation: no.,unstructured,1
DEC029_NO_FEEDBACK,train_kb,conservative_noisy_or_conflict_adjusted,NeoTech Laptop Air 16,supports_fast_charging,no,neotech laptop air 16|supports_fast_charging|no,0.85,product_16,unstructured,NeoTech Laptop Air 16 is manufactured by NeoTech. It is a laptop device. Comes with 12GB of RAM. Battery lasts up to 12 hours. Weighs approximately 0.23kg. Targeted at the Global market. Noise cancellation: no.,unstructured,1
DEC029_NO_FEEDBACK,train_kb,conservative_noisy_or_conflict_adjusted,NeoTech Laptop Air 16,has_noise_cancellation,no,neotech laptop air 16|has_noise_cancellation|no,0.86,product_16,unstructured,NeoTech Laptop Air 16 is manufactured by NeoTech. It is a laptop device. Comes with 12GB of RAM. Battery lasts up to 12 hours. Weighs approximately 0.23kg. Targeted at the Global market. Noise cancellation: no.,unstructured,1
DEC029_NO_FEEDBACK,train_kb,conservative_noisy_or_conflict_adjusted,TechNova Smartwatch Air 17,manufactured_by,TechNova,technova smartwatch air 17|manufactured_by|technova,0.98,product_17,structured,structured_row:TechNova Smartwatch Air 17,structured,1
DEC029_NO_FEEDBACK,train_kb,conservative_noisy_or_conflict_adjusted,TechNova Smartwatch Air 17,belongs_to_category,smartwatch,technova smartwatch air 17|belongs_to_category|smartwatch,0.98,product_17,structured,structured_row:TechNova Smartwatch Air 17,structured,1
DEC029_NO_FEEDBACK,train_kb,conservative_noisy_or_conflict_adjusted,TechNova Smartwatch Air 17,has_price_usd,199,technova smartwatch air 17|has_price_usd|199,0.98,product_17,structured,structured_row:TechNova Smartwatch Air 17,structured,1
DEC029_NO_FEEDBACK,train_kb,conservative_noisy_or_conflict_adjusted,TechNova Smartwatch Air 17,has_screen_size_inch,6.1,technova smartwatch air 17|has_screen_size_inch|6.1,0.98,product_17,structured,structured_row:TechNova Smartwatch Air 17,structured,1
DEC029_NO_FEEDBACK,train_kb,conservative_noisy_or_conflict_adjusted,TechNova Smartwatch Air 17,has_ram_gb,6,technova smartwatch air 17|has_ram_gb|6,0.98,product_17,structured,structured_row:TechNova Smartwatch Air 17,structured,1
DEC029_NO_FEEDBACK,train_kb,conservative_noisy_or_conflict_adjusted,TechNova Smartwatch Air 17,has_storage_gb,1024,technova smartwatch air 17|has_storage_gb|1024,0.98,product_17,structured,structured_row:TechNova Smartwatch Air 17,structured,1
DEC029_NO_FEEDBACK,train_kb,conservative_noisy_or_conflict_adjusted,TechNova Smartwatch Air 17,has_battery_life_hours,12,technova smartwatch air 17|has_battery_life_hours|12,0.98,product_17,structured,structured_row:TechNova Smartwatch Air 17,structured,1
DEC029_NO_FEEDBACK,train_kb,conservative_noisy_or_conflict_adjusted,TechNova Smartwatch Air 17,has_weight_kg,1.8,technova smartwatch air 17|has_weight_kg|1.8,0.98,product_17,structured,structured_row:TechNova Smartwatch Air 17,structured,1
DEC029_NO_FEEDBACK,train_kb,conservative_noisy_or_conflict_adjusted,TechNova Smartwatch Air 17,has_color,green,technova smartwatch air 17|has_color|green,0.98,product_17,structured,structured_row:TechNova Smartwatch Air 17,structured,1
DEC029_NO_FEEDBACK,train_kb,conservative_noisy_or_conflict_adjusted,TechNova Smartwatch Air 17,made_of_material,plastic,technova smartwatch air 17|made_of_material|plastic,0.98,product_17,structured,structured_row:TechNova Smartwatch Air 17,structured,1
DEC029_NO_FEEDBACK,train_kb,conservative_noisy_or_conflict_adjusted,TechNova Smartwatch Air 17,target_market_region,APAC,technova smartwatch air 17|target_market_region|apac,0.98,product_17,structured,structured_row:TechNova Smartwatch Air 17,structured,1
DEC029_NO_FEEDBACK,train_kb,conservative_noisy_or_conflict_adjusted,TechNova Smartwatch Air 17,supports_fast_charging,yes,technova smartwatch air 17|supports_fast_charging|yes,0.98,product_17,structured,structured_row:TechNova Smartwatch Air 17,structured,1
DEC029_NO_FEEDBACK,train_kb,conservative_noisy_or_conflict_adjusted,TechNova Smartwatch Air 17,has_noise_cancellation,no,technova smartwatch air 17|has_noise_cancellation|no,0.98,product_17,structured,structured_row:TechNova Smartwatch Air 17,structured,1
DEC029_NO_FEEDBACK,train_kb,conservative_noisy_or_conflict_adjusted,PixelWare Headphones Air 18,manufactured_by,PixelWare,pixelware headphones air 18|manufactured_by|pixelware,0.98,product_18,structured,structured_row:PixelWare Headphones Air 18,structured,1
DEC029_NO_FEEDBACK,train_kb,conservative_noisy_or_conflict_adjusted,PixelWare Headphones Air 18,belongs_to_category,headphones,pixelware headphones air 18|belongs_to_category|headphones,0.98,product_18,structured,structured_row:PixelWare Headphones Air 18,structured,1
DEC029_NO_FEEDBACK,train_kb,conservative_noisy_or_conflict_adjusted,PixelWare Headphones Air 18,has_price_usd,499,pixelware headphones air 18|has_price_usd|499,0.98,product_18,structured,structured_row:PixelWare Headphones Air 18,structured,1
DEC029_NO_FEEDBACK,train_kb,conservative_noisy_or_conflict_adjusted,PixelWare Headphones Air 18,has_screen_size_inch,6.7,pixelware headphones air 18|has_screen_size_inch|6.7,0.98,product_18,structured,structured_row:PixelWare Headphones Air 18,structured,1
DEC029_NO_FEEDBACK,train_kb,conservative_noisy_or_conflict_adjusted,PixelWare Headphones Air 18,has_ram_gb,12,pixelware headphones air 18|has_ram_gb|12,0.98,product_18,structured,structured_row:PixelWare Headphones Air 18,structured,1
DEC029_NO_FEEDBACK,train_kb,conservative_noisy_or_conflict_adjusted,PixelWare Headphones Air 18,has_storage_gb,1024,pixelware headphones air 18|has_storage_gb|1024,0.98,product_18,structured,structured_row:PixelWare Headphones Air 18,structured,1
DEC029_NO_FEEDBACK,train_kb,conservative_noisy_or_conflict_adjusted,PixelWare Headphones Air 18,has_battery_life_hours,14,pixelware headphones air 18|has_battery_life_hours|14,0.98,product_18,structured,structured_row:PixelWare Headphones Air 18,structured,1
DEC029_NO_FEEDBACK,train_kb,conservative_noisy_or_conflict_adjusted,PixelWare Headphones Air 18,has_weight_kg,1.2,pixelware headphones air 18|has_weight_kg|1.2,0.98,product_18,structured,structured_row:PixelWare Headphones Air 18,structured,1
DEC029_NO_FEEDBACK,train_kb,conservative_noisy_or_conflict_adjusted,PixelWare Headphones Air 18,has_color,green,pixelware headphones air 18|has_color|green,0.98,product_18,structured,structured_row:PixelWare Headphones Air 18,structured,1
DEC029_NO_FEEDBACK,train_kb,conservative_noisy_or_conflict_adjusted,PixelWare Headphones Air 18,made_of_material,plastic,pixelware headphones air 18|made_of_material|plastic,0.98,product_18,structured,structured_row:PixelWare Headphones Air 18,structured,1
DEC029_NO_FEEDBACK,train_kb,conservative_noisy_or_conflict_adjusted,PixelWare Headphones Air 18,target_market_region,US,pixelware headphones air 18|target_market_region|us,0.98,product_18,structured,structured_row:PixelWare Headphones Air 18,structured,1
DEC029_NO_FEEDBACK,train_kb,conservative_noisy_or_conflict_adjusted,PixelWare Headphones Air 18,supports_fast_charging,yes,pixelware headphones air 18|supports_fast_charging|yes,0.98,product_18,structured,structured_row:PixelWare Headphones Air 18,structured,1
DEC029_NO_FEEDBACK,train_kb,conservative_noisy_or_conflict_adjusted,PixelWare Headphones Air 18,has_noise_cancellation,yes,pixelware headphones air 18|has_noise_cancellation|yes,0.98,product_18,structured,structured_row:PixelWare Headphones Air 18,structured,1
DEC029_NO_FEEDBACK,train_kb,conservative_noisy_or_conflict_adjusted,PixelWare Headphones Air 18,manufactured_by,PixelWare,pixelware headphones air 18|manufactured_by|pixelware,0.85,product_18,unstructured,PixelWare Headphones Air 18 is manufactured by PixelWare. It is a headphones device. Priced at 499 USD. Comes with 12GB of RAM. Offers 1024GB of internal storage. Available in green. Targeted at the US market.,unstructured,1
DEC029_NO_FEEDBACK,train_kb,conservative_noisy_or_conflict_adjusted,PixelWare Headphones Air 18,has_price_usd,499,pixelware headphones air 18|has_price_usd|499,0.92,product_18,unstructured,PixelWare Headphones Air 18 is manufactured by PixelWare. It is a headphones device. Priced at 499 USD. Comes with 12GB of RAM. Offers 1024GB of internal storage. Available in green. Targeted at the US market.,unstructured,1
DEC029_NO_FEEDBACK,train_kb,conservative_noisy_or_conflict_adjusted,PixelWare Headphones Air 18,has_ram_gb,12,pixelware headphones air 18|has_ram_gb|12,0.88,product_18,unstructured,PixelWare Headphones Air 18 is manufactured by PixelWare. It is a headphones device. Priced at 499 USD. Comes with 12GB of RAM. Offers 1024GB of internal storage. Available in green. Targeted at the US market.,unstructured,1
DEC029_NO_FEEDBACK,train_kb,conservative_noisy_or_conflict_adjusted,PixelWare Headphones Air 18,has_storage_gb,1024,pixelware headphones air 18|has_storage_gb|1024,0.9,product_18,unstructured,PixelWare Headphones Air 18 is manufactured by PixelWare. It is a headphones device. Priced at 499 USD. Comes with 12GB of RAM. Offers 1024GB of internal storage. Available in green. Targeted at the US market.,unstructured,1
DEC029_NO_FEEDBACK,train_kb,conservative_noisy_or_conflict_adjusted,PixelWare Headphones Air 18,has_color,green,pixelware headphones air 18|has_color|green,0.86,product_18,unstructured,PixelWare Headphones Air 18 is manufactured by PixelWare. It is a headphones device. Priced at 499 USD. Comes with 12GB of RAM. Offers 1024GB of internal storage. Available in green. Targeted at the US market.,unstructured,1
DEC029_NO_FEEDBACK,train_kb,conservative_noisy_or_conflict_adjusted,PixelWare Headphones Air 18,target_market_region,US,pixelware headphones air 18|target_market_region|us,0.89,product_18,unstructured,PixelWare Headphones Air 18 is manufactured by PixelWare. It is a headphones device. Priced at 499 USD. Comes with 12GB of RAM. Offers 1024GB of internal storage. Available in green. Targeted at the US market.,unstructured,1
DEC029_NO_FEEDBACK,train_kb,conservative_noisy_or_conflict_adjusted,Zenbyte Laptop Pro 19,manufactured_by,Zenbyte,zenbyte laptop pro 19|manufactured_by|zenbyte,0.98,product_19,structured,structured_row:Zenbyte Laptop Pro 19,structured,1
DEC029_NO_FEEDBACK,train_kb,conservative_noisy_or_conflict_adjusted,Zenbyte Laptop Pro 19,belongs_to_category,laptop,zenbyte laptop pro 19|belongs_to_category|laptop,0.98,product_19,structured,structured_row:Zenbyte Laptop Pro 19,structured,1
DEC029_NO_FEEDBACK,train_kb,conservative_noisy_or_conflict_adjusted,Zenbyte Laptop Pro 19,has_price_usd,1099,zenbyte laptop pro 19|has_price_usd|1099,0.98,product_19,structured,structured_row:Zenbyte Laptop Pro 19,structured,1
DEC029_NO_FEEDBACK,train_kb,conservative_noisy_or_conflict_adjusted,Zenbyte Laptop Pro 19,has_screen_size_inch,13.3,zenbyte laptop pro 19|has_screen_size_inch|13.3,0.98,product_19,structured,structured_row:Zenbyte Laptop Pro 19,structured,1
DEC029_NO_FEEDBACK,train_kb,conservative_noisy_or_conflict_adjusted,Zenbyte Laptop Pro 19,has_ram_gb,32,zenbyte laptop pro 19|has_ram_gb|32,0.98,product_19,structured,structured_row:Zenbyte Laptop Pro 19,structured,1
DEC029_NO_FEEDBACK,train_kb,conservative_noisy_or_conflict_adjusted,Zenbyte Laptop Pro 19,has_storage_gb,1024,zenbyte laptop pro 19|has_storage_gb|1024,0.98,product_19,structured,structured_row:Zenbyte Laptop Pro 19,structured,1
DEC029_NO_FEEDBACK,train_kb,conservative_noisy_or_conflict_adjusted,Zenbyte Laptop Pro 19,has_battery_life_hours,10,zenbyte laptop pro 19|has_battery_life_hours|10,0.98,product_19,structured,structured_row:Zenbyte Laptop Pro 19,structured,1
DEC029_NO_FEEDBACK,train_kb,conservative_noisy_or_conflict_adjusted,Zenbyte Laptop Pro 19,has_weight_kg,0.42,zenbyte laptop pro 19|has_weight_kg|0.42,0.98,product_19,structured,structured_row:Zenbyte Laptop Pro 19,structured,1
DEC029_NO_FEEDBACK,train_kb,conservative_noisy_or_conflict_adjusted,Zenbyte Laptop Pro 19,has_color,black,zenbyte laptop pro 19|has_color|black,0.98,product_19,structured,structured_row:Zenbyte Laptop Pro 19,structured,1
DEC029_NO_FEEDBACK,train_kb,conservative_noisy_or_conflict_adjusted,Zenbyte Laptop Pro 19,made_of_material,plastic,zenbyte laptop pro 19|made_of_material|plastic,0.98,product_19,structured,structured_row:Zenbyte Laptop Pro 19,structured,1
DEC029_NO_FEEDBACK,train_kb,conservative_noisy_or_conflict_adjusted,Zenbyte Laptop Pro 19,target_market_region,US,zenbyte laptop pro 19|target_market_region|us,0.98,product_19,structured,structured_row:Zenbyte Laptop Pro 19,structured,1
DEC029_NO_FEEDBACK,train_kb,conservative_noisy_or_conflict_adjusted,Zenbyte Laptop Pro 19,supports_fast_charging,no,zenbyte laptop pro 19|supports_fast_charging|no,0.98,product_19,structured,structured_row:Zenbyte Laptop Pro 19,structured,1
DEC029_NO_FEEDBACK,train_kb,conservative_noisy_or_conflict_adjusted,Zenbyte Laptop Pro 19,has_noise_cancellation,no,zenbyte laptop pro 19|has_noise_cancellation|no,0.98,product_19,structured,structured_row:Zenbyte Laptop Pro 19,structured,1
DEC029_NO_FEEDBACK,train_kb,conservative_noisy_or_conflict_adjusted,Zenbyte Laptop Pro 19,manufactured_by,Zenbyte,zenbyte laptop pro 19|manufactured_by|zenbyte,0.85,product_19,unstructured,Zenbyte Laptop Pro 19 is manufactured by Zenbyte. It is a laptop device. The display measures 13.3 inches. Comes with 32GB of RAM. Available in black. Fast charging is no. Noise cancellation: no.,unstructured,1
DEC029_NO_FEEDBACK,train_kb,conservative_noisy_or_conflict_adjusted,Zenbyte Laptop Pro 19,belongs_to_category,laptop device,zenbyte laptop pro 19|belongs_to_category|laptop device,0.92,product_19,unstructured,Zenbyte Laptop Pro 19 is manufactured by Zenbyte. It is a laptop device. The display measures 13.3 inches. Comes with 32GB of RAM. Available in black. Fast charging is no. Noise cancellation: no.,unstructured,1
DEC029_NO_FEEDBACK,train_kb,conservative_noisy_or_conflict_adjusted,Zenbyte Laptop Pro 19,has_screen_size_inch,13.3,zenbyte laptop pro 19|has_screen_size_inch|13.3,0.88,product_19,unstructured,Zenbyte Laptop Pro 19 is manufactured by Zenbyte. It is a laptop device. The display measures 13.3 inches. Comes with 32GB of RAM. Available in black. Fast charging is no. Noise cancellation: no.,unstructured,1
DEC029_NO_FEEDBACK,train_kb,conservative_noisy_or_conflict_adjusted,Zenbyte Laptop Pro 19,has_ram_gb,32,zenbyte laptop pro 19|has_ram_gb|32,0.9,product_19,unstructured,Zenbyte Laptop Pro 19 is manufactured by Zenbyte. It is a laptop device. The display measures 13.3 inches. Comes with 32GB of RAM. Available in black. Fast charging is no. Noise cancellation: no.,unstructured,1
DEC029_NO_FEEDBACK,train_kb,conservative_noisy_or_conflict_adjusted,Zenbyte Laptop Pro 19,has_color,black,zenbyte laptop pro 19|has_color|black,0.86,product_19,unstructured,Zenbyte Laptop Pro 19 is manufactured by Zenbyte. It is a laptop device. The display measures 13.3 inches. Comes with 32GB of RAM. Available in black. Fast charging is no. Noise cancellation: no.,unstructured,1
DEC029_NO_FEEDBACK,train_kb,conservative_noisy_or_conflict_adjusted,Zenbyte Laptop Pro 19,supports_fast_charging,no,zenbyte laptop pro 19|supports_fast_charging|no,0.89,product_19,unstructured,Zenbyte Laptop Pro 19 is manufactured by Zenbyte. It is a laptop device. The display measures 13.3 inches. Comes with 32GB of RAM. Available in black. Fast charging is no. Noise cancellation: no.,unstructured,1
DEC029_NO_FEEDBACK,train_kb,conservative_noisy_or_conflict_adjusted,Zenbyte Laptop Pro 19,has_noise_cancellation,no,zenbyte laptop pro 19|has_noise_cancellation|no,0.85,product_19,unstructured,Zenbyte Laptop Pro 19 is manufactured by Zenbyte. It is a laptop device. The display measures 13.3 inches. Comes with 32GB of RAM. Available in black. Fast charging is no. Noise cancellation: no.,unstructured,1
DEC029_NO_FEEDBACK,train_kb,conservative_noisy_or_conflict_adjusted,VoltEdge Headphones Plus 20,manufactured_by,VoltEdge,voltedge headphones plus 20|manufactured_by|voltedge,0.98,product_20,structured,structured_row:VoltEdge Headphones Plus 20,structured,1
DEC029_NO_FEEDBACK,train_kb,conservative_noisy_or_conflict_adjusted,VoltEdge Headphones Plus 20,belongs_to_category,headphones,voltedge headphones plus 20|belongs_to_category|headphones,0.98,product_20,structured,structured_row:VoltEdge Headphones Plus 20,structured,1
DEC029_NO_FEEDBACK,train_kb,conservative_noisy_or_conflict_adjusted,VoltEdge Headphones Plus 20,has_price_usd,1299,voltedge headphones plus 20|has_price_usd|1299,0.98,product_20,structured,structured_row:VoltEdge Headphones Plus 20,structured,1
DEC029_NO_FEEDBACK,train_kb,conservative_noisy_or_conflict_adjusted,VoltEdge Headphones Plus 20,has_screen_size_inch,11.0,voltedge headphones plus 20|has_screen_size_inch|11.0,0.98,product_20,structured,structured_row:VoltEdge Headphones Plus 20,structured,1
DEC029_NO_FEEDBACK,train_kb,conservative_noisy_or_conflict_adjusted,VoltEdge Headphones Plus 20,has_ram_gb,16,voltedge headphones plus 20|has_ram_gb|16,0.98,product_20,structured,structured_row:VoltEdge Headphones Plus 20,structured,1
DEC029_NO_FEEDBACK,train_kb,conservative_noisy_or_conflict_adjusted,VoltEdge Headphones Plus 20,has_storage_gb,512,voltedge headphones plus 20|has_storage_gb|512,0.98,product_20,structured,structured_row:VoltEdge Headphones Plus 20,structured,1
DEC029_NO_FEEDBACK,train_kb,conservative_noisy_or_conflict_adjusted,VoltEdge Headphones Plus 20,has_battery_life_hours,10,voltedge headphones plus 20|has_battery_life_hours|10,0.98,product_20,structured,structured_row:VoltEdge Headphones Plus 20,structured,1
DEC029_NO_FEEDBACK,train_kb,conservative_noisy_or_conflict_adjusted,VoltEdge Headphones Plus 20,has_weight_kg,1.8,voltedge headphones plus 20|has_weight_kg|1.8,0.98,product_20,structured,structured_row:VoltEdge Headphones Plus 20,structured,1
DEC029_NO_FEEDBACK,train_kb,conservative_noisy_or_conflict_adjusted,VoltEdge Headphones Plus 20,has_color,white,voltedge headphones plus 20|has_color|white,0.98,product_20,structured,structured_row:VoltEdge Headphones Plus 20,structured,1
DEC029_NO_FEEDBACK,train_kb,conservative_noisy_or_conflict_adjusted,VoltEdge Headphones Plus 20,made_of_material,plastic,voltedge headphones plus 20|made_of_material|plastic,0.98,product_20,structured,structured_row:VoltEdge Headphones Plus 20,structured,1
DEC029_NO_FEEDBACK,train_kb,conservative_noisy_or_conflict_adjusted,VoltEdge Headphones Plus 20,target_market_region,EU,voltedge headphones plus 20|target_market_region|eu,0.98,product_20,structured,structured_row:VoltEdge Headphones Plus 20,structured,1
DEC029_NO_FEEDBACK,train_kb,conservative_noisy_or_conflict_adjusted,VoltEdge Headphones Plus 20,supports_fast_charging,no,voltedge headphones plus 20|supports_fast_charging|no,0.98,product_20,structured,structured_row:VoltEdge Headphones Plus 20,structured,1
DEC029_NO_FEEDBACK,train_kb,conservative_noisy_or_conflict_adjusted,VoltEdge Headphones Plus 20,has_noise_cancellation,no,voltedge headphones plus 20|has_noise_cancellation|no,0.98,product_20,structured,structured_row:VoltEdge Headphones Plus 20,structured,1
DEC029_NO_FEEDBACK,train_kb,conservative_noisy_or_conflict_adjusted,headphones device,has_price_usd,1299,headphones device|has_price_usd|1299,0.92,product_20,unstructured,It is a headphones device. Priced at 1299 USD. Offers 512GB of internal storage. Available in white. Built with plastic construction. Targeted at the EU market. Fast charging is no.,unstructured,1
DEC029_NO_FEEDBACK,train_kb,conservative_noisy_or_conflict_adjusted,headphones device,has_storage_gb,512,headphones device|has_storage_gb|512,0.85,product_20,unstructured,It is a headphones device. Priced at 1299 USD. Offers 512GB of internal storage. Available in white. Built with plastic construction. Targeted at the EU market. Fast charging is no.,unstructured,1
DEC029_NO_FEEDBACK,train_kb,conservative_noisy_or_conflict_adjusted,headphones device,has_color,white,headphones device|has_color|white,0.88,product_20,unstructured,It is a headphones device. Priced at 1299 USD. Offers 512GB of internal storage. Available in white. Built with plastic construction. Targeted at the EU market. Fast charging is no.,unstructured,1
DEC029_NO_FEEDBACK,train_kb,conservative_noisy_or_conflict_adjusted,headphones device,target_market_region,EU,headphones device|target_market_region|eu,0.9,product_20,unstructured,It is a headphones device. Priced at 1299 USD. Offers 512GB of internal storage. Available in white. Built with plastic construction. Targeted at the EU market. Fast charging is no.,unstructured,1
DEC029_NO_FEEDBACK,train_kb,conservative_noisy_or_conflict_adjusted,Auralex Tablet Lite 22,manufactured_by,Auralex,auralex tablet lite 22|manufactured_by|auralex,0.98,product_22,structured,structured_row:Auralex Tablet Lite 22,structured,1
DEC029_NO_FEEDBACK,train_kb,conservative_noisy_or_conflict_adjusted,Auralex Tablet Lite 22,belongs_to_category,tablet,auralex tablet lite 22|belongs_to_category|tablet,0.98,product_22,structured,structured_row:Auralex Tablet Lite 22,structured,1
DEC029_NO_FEEDBACK,train_kb,conservative_noisy_or_conflict_adjusted,Auralex Tablet Lite 22,has_price_usd,199,auralex tablet lite 22|has_price_usd|199,0.98,product_22,structured,structured_row:Auralex Tablet Lite 22,structured,1
DEC029_NO_FEEDBACK,train_kb,conservative_noisy_or_conflict_adjusted,Auralex Tablet Lite 22,has_screen_size_inch,6.7,auralex tablet lite 22|has_screen_size_inch|6.7,0.98,product_22,structured,structured_row:Auralex Tablet Lite 22,structured,1
DEC029_NO_FEEDBACK,train_kb,conservative_noisy_or_conflict_adjusted,Auralex Tablet Lite 22,has_ram_gb,16,auralex tablet lite 22|has_ram_gb|16,0.98,product_22,structured,structured_row:Auralex Tablet Lite 22,structured,1
DEC029_NO_FEEDBACK,train_kb,conservative_noisy_or_conflict_adjusted,Auralex Tablet Lite 22,has_storage_gb,64,auralex tablet lite 22|has_storage_gb|64,0.98,product_22,structured,structured_row:Auralex Tablet Lite 22,structured,1
DEC029_NO_FEEDBACK,train_kb,conservative_noisy_or_conflict_adjusted,Auralex Tablet Lite 22,has_battery_life_hours,18,auralex tablet lite 22|has_battery_life_hours|18,0.98,product_22,structured,structured_row:Auralex Tablet Lite 22,structured,1
DEC029_NO_FEEDBACK,train_kb,conservative_noisy_or_conflict_adjusted,Auralex Tablet Lite 22,has_weight_kg,1.8,auralex tablet lite 22|has_weight_kg|1.8,0.98,product_22,structured,structured_row:Auralex Tablet Lite 22,structured,1
DEC029_NO_FEEDBACK,train_kb,conservative_noisy_or_conflict_adjusted,Auralex Tablet Lite 22,has_color,silver,auralex tablet lite 22|has_color|silver,0.98,product_22,structured,structured_row:Auralex Tablet Lite 22,structured,1
DEC029_NO_FEEDBACK,train_kb,conservative_noisy_or_conflict_adjusted,Auralex Tablet Lite 22,made_of_material,plastic,auralex tablet lite 22|made_of_material|plastic,0.98,product_22,structured,structured_row:Auralex Tablet Lite 22,structured,1
DEC029_NO_FEEDBACK,train_kb,conservative_noisy_or_conflict_adjusted,Auralex Tablet Lite 22,target_market_region,Global,auralex tablet lite 22|target_market_region|global,0.98,product_22,structured,structured_row:Auralex Tablet Lite 22,structured,1
DEC029_NO_FEEDBACK,train_kb,conservative_noisy_or_conflict_adjusted,Auralex Tablet Lite 22,supports_fast_charging,yes,auralex tablet lite 22|supports_fast_charging|yes,0.98,product_22,structured,structured_row:Auralex Tablet Lite 22,structured,1
DEC029_NO_FEEDBACK,train_kb,conservative_noisy_or_conflict_adjusted,Auralex Tablet Lite 22,has_noise_cancellation,no,auralex tablet lite 22|has_noise_cancellation|no,0.98,product_22,structured,structured_row:Auralex Tablet Lite 22,structured,1
DEC029_NO_FEEDBACK,train_kb,conservative_noisy_or_conflict_adjusted,tablet device,has_price_usd,199,tablet device|has_price_usd|199,0.91,product_22,unstructured,It is a tablet device. Priced at 199 USD. The display measures 6.7 inches. Battery lasts up to 18 hours. Targeted at the Global market. Fast charging is yes. Noise cancellation: no.,unstructured,1
DEC029_NO_FEEDBACK,train_kb,conservative_noisy_or_conflict_adjusted,tablet device,has_screen_size_inch,6.7,tablet device|has_screen_size_inch|6.7,0.91,product_22,unstructured,It is a tablet device. Priced at 199 USD. The display measures 6.7 inches. Battery lasts up to 18 hours. Targeted at the Global market. Fast charging is yes. Noise cancellation: no.,unstructured,1
DEC029_NO_FEEDBACK,train_kb,conservative_noisy_or_conflict_adjusted,tablet device,has_battery_life_hours,18,tablet device|has_battery_life_hours|18,0.91,product_22,unstructured,It is a tablet device. Priced at 199 USD. The display measures 6.7 inches. Battery lasts up to 18 hours. Targeted at the Global market. Fast charging is yes. Noise cancellation: no.,unstructured,1
DEC029_NO_FEEDBACK,train_kb,conservative_noisy_or_conflict_adjusted,tablet device,target_market_region,Global,tablet device|target_market_region|global,0.91,product_22,unstructured,It is a tablet device. Priced at 199 USD. The display measures 6.7 inches. Battery lasts up to 18 hours. Targeted at the Global market. Fast charging is yes. Noise cancellation: no.,unstructured,1
DEC029_NO_FEEDBACK,train_kb,conservative_noisy_or_conflict_adjusted,tablet device,supports_fast_charging,yes,tablet device|supports_fast_charging|yes,0.91,product_22,unstructured,It is a tablet device. Priced at 199 USD. The display measures 6.7 inches. Battery lasts up to 18 hours. Targeted at the Global market. Fast charging is yes. Noise cancellation: no.,unstructured,1
DEC029_NO_FEEDBACK,train_kb,conservative_noisy_or_conflict_adjusted,tablet device,has_noise_cancellation,no,tablet device|has_noise_cancellation|no,0.91,product_22,unstructured,It is a tablet device. Priced at 199 USD. The display measures 6.7 inches. Battery lasts up to 18 hours. Targeted at the Global market. Fast charging is yes. Noise cancellation: no.,unstructured,1
DEC029_NO_FEEDBACK,train_kb,conservative_noisy_or_conflict_adjusted,Zenbyte Headphones Pro 23,manufactured_by,Zenbyte,zenbyte headphones pro 23|manufactured_by|zenbyte,0.98,product_23,structured,structured_row:Zenbyte Headphones Pro 23,structured,1
DEC029_NO_FEEDBACK,train_kb,conservative_noisy_or_conflict_adjusted,Zenbyte Headphones Pro 23,belongs_to_category,headphones,zenbyte headphones pro 23|belongs_to_category|headphones,0.98,product_23,structured,structured_row:Zenbyte Headphones Pro 23,structured,1
DEC029_NO_FEEDBACK,train_kb,conservative_noisy_or_conflict_adjusted,Zenbyte Headphones Pro 23,has_price_usd,499,zenbyte headphones pro 23|has_price_usd|499,0.98,product_23,structured,structured_row:Zenbyte Headphones Pro 23,structured,1
DEC029_NO_FEEDBACK,train_kb,conservative_noisy_or_conflict_adjusted,Zenbyte Headphones Pro 23,has_screen_size_inch,6.7,zenbyte headphones pro 23|has_screen_size_inch|6.7,0.98,product_23,structured,structured_row:Zenbyte Headphones Pro 23,structured,1
DEC029_NO_FEEDBACK,train_kb,conservative_noisy_or_conflict_adjusted,Zenbyte Headphones Pro 23,has_ram_gb,6,zenbyte headphones pro 23|has_ram_gb|6,0.98,product_23,structured,structured_row:Zenbyte Headphones Pro 23,structured,1
DEC029_NO_FEEDBACK,train_kb,conservative_noisy_or_conflict_adjusted,Zenbyte Headphones Pro 23,has_storage_gb,1024,zenbyte headphones pro 23|has_storage_gb|1024,0.98,product_23,structured,structured_row:Zenbyte Headphones Pro 23,structured,1
DEC029_NO_FEEDBACK,train_kb,conservative_noisy_or_conflict_adjusted,Zenbyte Headphones Pro 23,has_battery_life_hours,8,zenbyte headphones pro 23|has_battery_life_hours|8,0.98,product_23,structured,structured_row:Zenbyte Headphones Pro 23,structured,1
DEC029_NO_FEEDBACK,train_kb,conservative_noisy_or_conflict_adjusted,Zenbyte Headphones Pro 23,has_weight_kg,1.2,zenbyte headphones pro 23|has_weight_kg|1.2,0.98,product_23,structured,structured_row:Zenbyte Headphones Pro 23,structured,1
DEC029_NO_FEEDBACK,train_kb,conservative_noisy_or_conflict_adjusted,Zenbyte Headphones Pro 23,has_color,green,zenbyte headphones pro 23|has_color|green,0.98,product_23,structured,structured_row:Zenbyte Headphones Pro 23,structured,1
DEC029_NO_FEEDBACK,train_kb,conservative_noisy_or_conflict_adjusted,Zenbyte Headphones Pro 23,made_of_material,aluminum,zenbyte headphones pro 23|made_of_material|aluminum,0.98,product_23,structured,structured_row:Zenbyte Headphones Pro 23,structured,1
DEC029_NO_FEEDBACK,train_kb,conservative_noisy_or_conflict_adjusted,Zenbyte Headphones Pro 23,target_market_region,APAC,zenbyte headphones pro 23|target_market_region|apac,0.98,product_23,structured,structured_row:Zenbyte Headphones Pro 23,structured,1
DEC029_NO_FEEDBACK,train_kb,conservative_noisy_or_conflict_adjusted,Zenbyte Headphones Pro 23,supports_fast_charging,yes,zenbyte headphones pro 23|supports_fast_charging|yes,0.98,product_23,structured,structured_row:Zenbyte Headphones Pro 23,structured,1
DEC029_NO_FEEDBACK,train_kb,conservative_noisy_or_conflict_adjusted,Zenbyte Headphones Pro 23,has_noise_cancellation,no,zenbyte headphones pro 23|has_noise_cancellation|no,0.98,product_23,structured,structured_row:Zenbyte Headphones Pro 23,structured,1
DEC029_NO_FEEDBACK,train_kb,conservative_noisy_or_conflict_adjusted,headphones device,has_screen_size_inch,6.7,headphones device|has_screen_size_inch|6.7,0.85,product_23,unstructured,It is a headphones device. The display measures 6.7 inches. Comes with 6GB of RAM. Weighs approximately 1.2kg. Available in green. Targeted at the APAC market. Fast charging is yes.,unstructured,1
DEC029_NO_FEEDBACK,train_kb,conservative_noisy_or_conflict_adjusted,headphones device,has_ram_gb,6,headphones device|has_ram_gb|6,0.92,product_23,unstructured,It is a headphones device. The display measures 6.7 inches. Comes with 6GB of RAM. Weighs approximately 1.2kg. Available in green. Targeted at the APAC market. Fast charging is yes.,unstructured,1
DEC029_NO_FEEDBACK,train_kb,conservative_noisy_or_conflict_adjusted,headphones device,has_weight_kg,1.2,headphones device|has_weight_kg|1.2,0.88,product_23,unstructured,It is a headphones device. The display measures 6.7 inches. Comes with 6GB of RAM. Weighs approximately 1.2kg. Available in green. Targeted at the APAC market. Fast charging is yes.,unstructured,1
DEC029_NO_FEEDBACK,train_kb,conservative_noisy_or_conflict_adjusted,headphones device,has_color,green,headphones device|has_color|green,0.9,product_23,unstructured,It is a headphones device. The display measures 6.7 inches. Comes with 6GB of RAM. Weighs approximately 1.2kg. Available in green. Targeted at the APAC market. Fast charging is yes.,unstructured,1
DEC029_NO_FEEDBACK,train_kb,conservative_noisy_or_conflict_adjusted,headphones device,target_market_region,APAC,headphones device|target_market_region|apac,0.86,product_23,unstructured,It is a headphones device. The display measures 6.7 inches. Comes with 6GB of RAM. Weighs approximately 1.2kg. Available in green. Targeted at the APAC market. Fast charging is yes.,unstructured,1
DEC029_NO_FEEDBACK,train_kb,conservative_noisy_or_conflict_adjusted,headphones device,supports_fast_charging,yes,headphones device|supports_fast_charging|yes,0.89,product_23,unstructured,It is a headphones device. The display measures 6.7 inches. Comes with 6GB of RAM. Weighs approximately 1.2kg. Available in green. Targeted at the APAC market. Fast charging is yes.,unstructured,1
DEC029_NO_FEEDBACK,train_kb,conservative_noisy_or_conflict_adjusted,VoltEdge Tablet Air 25,manufactured_by,VoltEdge,voltedge tablet air 25|manufactured_by|voltedge,0.98,product_25,structured,structured_row:VoltEdge Tablet Air 25,structured,1
DEC029_NO_FEEDBACK,train_kb,conservative_noisy_or_conflict_adjusted,VoltEdge Tablet Air 25,belongs_to_category,tablet,voltedge tablet air 25|belongs_to_category|tablet,0.98,product_25,structured,structured_row:VoltEdge Tablet Air 25,structured,1
DEC029_NO_FEEDBACK,train_kb,conservative_noisy_or_conflict_adjusted,VoltEdge Tablet Air 25,has_price_usd,699,voltedge tablet air 25|has_price_usd|699,0.98,product_25,structured,structured_row:VoltEdge Tablet Air 25,structured,1
DEC029_NO_FEEDBACK,train_kb,conservative_noisy_or_conflict_adjusted,VoltEdge Tablet Air 25,has_screen_size_inch,6.7,voltedge tablet air 25|has_screen_size_inch|6.7,0.98,product_25,structured,structured_row:VoltEdge Tablet Air 25,structured,1
DEC029_NO_FEEDBACK,train_kb,conservative_noisy_or_conflict_adjusted,VoltEdge Tablet Air 25,has_ram_gb,12,voltedge tablet air 25|has_ram_gb|12,0.98,product_25,structured,structured_row:VoltEdge Tablet Air 25,structured,1
DEC029_NO_FEEDBACK,train_kb,conservative_noisy_or_conflict_adjusted,VoltEdge Tablet Air 25,has_storage_gb,512,voltedge tablet air 25|has_storage_gb|512,0.98,product_25,structured,structured_row:VoltEdge Tablet Air 25,structured,1
DEC029_NO_FEEDBACK,train_kb,conservative_noisy_or_conflict_adjusted,VoltEdge Tablet Air 25,has_battery_life_hours,20,voltedge tablet air 25|has_battery_life_hours|20,0.98,product_25,structured,structured_row:VoltEdge Tablet Air 25,structured,1
DEC029_NO_FEEDBACK,train_kb,conservative_noisy_or_conflict_adjusted,VoltEdge Tablet Air 25,has_weight_kg,0.23,voltedge tablet air 25|has_weight_kg|0.23,0.98,product_25,structured,structured_row:VoltEdge Tablet Air 25,structured,1
DEC029_NO_FEEDBACK,train_kb,conservative_noisy_or_conflict_adjusted,VoltEdge Tablet Air 25,has_color,white,voltedge tablet air 25|has_color|white,0.98,product_25,structured,structured_row:VoltEdge Tablet Air 25,structured,1
DEC029_NO_FEEDBACK,train_kb,conservative_noisy_or_conflict_adjusted,VoltEdge Tablet Air 25,made_of_material,carbon fiber,voltedge tablet air 25|made_of_material|carbon fiber,0.98,product_25,structured,structured_row:VoltEdge Tablet Air 25,structured,1
DEC029_NO_FEEDBACK,train_kb,conservative_noisy_or_conflict_adjusted,VoltEdge Tablet Air 25,target_market_region,Global,voltedge tablet air 25|target_market_region|global,0.98,product_25,structured,structured_row:VoltEdge Tablet Air 25,structured,1
DEC029_NO_FEEDBACK,train_kb,conservative_noisy_or_conflict_adjusted,VoltEdge Tablet Air 25,supports_fast_charging,yes,voltedge tablet air 25|supports_fast_charging|yes,0.98,product_25,structured,structured_row:VoltEdge Tablet Air 25,structured,1
DEC029_NO_FEEDBACK,train_kb,conservative_noisy_or_conflict_adjusted,VoltEdge Tablet Air 25,has_noise_cancellation,no,voltedge tablet air 25|has_noise_cancellation|no,0.98,product_25,structured,structured_row:VoltEdge Tablet Air 25,structured,1
DEC029_NO_FEEDBACK,train_kb,conservative_noisy_or_conflict_adjusted,TechNova Tablet 1,has_price_usd,699,technova tablet 1|has_price_usd|699,0.92,product_25,unstructured,It is a tablet device. Priced at 699 USD. Offers 512GB of internal storage. Battery lasts up to 20 hours. Built with carbon fiber construction. Targeted at the Global market. Noise cancellation: no.,unstructured,1
DEC029_NO_FEEDBACK,train_kb,conservative_noisy_or_conflict_adjusted,TechNova Tablet 1,has_storage_gb,512,technova tablet 1|has_storage_gb|512,0.93,product_25,unstructured,It is a tablet device. Priced at 699 USD. Offers 512GB of internal storage. Battery lasts up to 20 hours. Built with carbon fiber construction. Targeted at the Global market. Noise cancellation: no.,unstructured,1
DEC029_NO_FEEDBACK,train_kb,conservative_noisy_or_conflict_adjusted,TechNova Tablet 1,has_battery_life_hours,20,technova tablet 1|has_battery_life_hours|20,0.94,product_25,unstructured,It is a tablet device. Priced at 699 USD. Offers 512GB of internal storage. Battery lasts up to 20 hours. Built with carbon fiber construction. Targeted at the Global market. Noise cancellation: no.,unstructured,1
DEC029_NO_FEEDBACK,train_kb,conservative_noisy_or_conflict_adjusted,TechNova Tablet 1,made_of_material,carbon fiber,technova tablet 1|made_of_material|carbon fiber,0.95,product_25,unstructured,It is a tablet device. Priced at 699 USD. Offers 512GB of internal storage. Battery lasts up to 20 hours. Built with carbon fiber construction. Targeted at the Global market. Noise cancellation: no.,unstructured,1
DEC029_NO_FEEDBACK,train_kb,conservative_noisy_or_conflict_adjusted,TechNova Tablet 1,target_market_region,Global,technova tablet 1|target_market_region|global,0.96,product_25,unstructured,It is a tablet device. Priced at 699 USD. Offers 512GB of internal storage. Battery lasts up to 20 hours. Built with carbon fiber construction. Targeted at the Global market. Noise cancellation: no.,unstructured,1
DEC029_NO_FEEDBACK,train_kb,conservative_noisy_or_conflict_adjusted,TechNova Smartphone Air 27,manufactured_by,TechNova,technova smartphone air 27|manufactured_by|technova,0.98,product_27,structured,structured_row:TechNova Smartphone Air 27,structured,1
DEC029_NO_FEEDBACK,train_kb,conservative_noisy_or_conflict_adjusted,TechNova Smartphone Air 27,belongs_to_category,smartphone,technova smartphone air 27|belongs_to_category|smartphone,0.98,product_27,structured,structured_row:TechNova Smartphone Air 27,structured,1
DEC029_NO_FEEDBACK,train_kb,conservative_noisy_or_conflict_adjusted,TechNova Smartphone Air 27,has_price_usd,899,technova smartphone air 27|has_price_usd|899,0.98,product_27,structured,structured_row:TechNova Smartphone Air 27,structured,1
DEC029_NO_FEEDBACK,train_kb,conservative_noisy_or_conflict_adjusted,TechNova Smartphone Air 27,has_screen_size_inch,11.0,technova smartphone air 27|has_screen_size_inch|11.0,0.98,product_27,structured,structured_row:TechNova Smartphone Air 27,structured,1
DEC029_NO_FEEDBACK,train_kb,conservative_noisy_or_conflict_adjusted,TechNova Smartphone Air 27,has_ram_gb,16,technova smartphone air 27|has_ram_gb|16,0.98,product_27,structured,structured_row:TechNova Smartphone Air 27,structured,1
DEC029_NO_FEEDBACK,train_kb,conservative_noisy_or_conflict_adjusted,TechNova Smartphone Air 27,has_storage_gb,512,technova smartphone air 27|has_storage_gb|512,0.98,product_27,structured,structured_row:TechNova Smartphone Air 27,structured,1
DEC029_NO_FEEDBACK,train_kb,conservative_noisy_or_conflict_adjusted,TechNova Smartphone Air 27,has_battery_life_hours,24,technova smartphone air 27|has_battery_life_hours|24,0.98,product_27,structured,structured_row:TechNova Smartphone Air 27,structured,1
DEC029_NO_FEEDBACK,train_kb,conservative_noisy_or_conflict_adjusted,TechNova Smartphone Air 27,has_weight_kg,1.45,technova smartphone air 27|has_weight_kg|1.45,0.98,product_27,structured,structured_row:TechNova Smartphone Air 27,structured,1
DEC029_NO_FEEDBACK,train_kb,conservative_noisy_or_conflict_adjusted,TechNova Smartphone Air 27,has_color,white,technova smartphone air 27|has_color|white,0.98,product_27,structured,structured_row:TechNova Smartphone Air 27,structured,1
DEC029_NO_FEEDBACK,train_kb,conservative_noisy_or_conflict_adjusted,TechNova Smartphone Air 27,made_of_material,plastic,technova smartphone air 27|made_of_material|plastic,0.98,product_27,structured,structured_row:TechNova Smartphone Air 27,structured,1
DEC029_NO_FEEDBACK,train_kb,conservative_noisy_or_conflict_adjusted,TechNova Smartphone Air 27,target_market_region,APAC,technova smartphone air 27|target_market_region|apac,0.98,product_27,structured,structured_row:TechNova Smartphone Air 27,structured,1
DEC029_NO_FEEDBACK,train_kb,conservative_noisy_or_conflict_adjusted,TechNova Smartphone Air 27,supports_fast_charging,yes,technova smartphone air 27|supports_fast_charging|yes,0.98,product_27,structured,structured_row:TechNova Smartphone Air 27,structured,1
DEC029_NO_FEEDBACK,train_kb,conservative_noisy_or_conflict_adjusted,TechNova Smartphone Air 27,has_noise_cancellation,no,technova smartphone air 27|has_noise_cancellation|no,0.98,product_27,structured,structured_row:TechNova Smartphone Air 27,structured,1
DEC029_NO_FEEDBACK,train_kb,conservative_noisy_or_conflict_adjusted,TechNova Smartphone Pro 1,has_price_usd,899,technova smartphone pro 1|has_price_usd|899,0.92,product_27,unstructured,Priced at 899 USD. Comes with 16GB of RAM. Offers 512GB of internal storage. Battery lasts up to 24 hours. Weighs approximately 1.45kg. Built with plastic construction. Targeted at the APAC market.,unstructured,1
DEC029_NO_FEEDBACK,train_kb,conservative_noisy_or_conflict_adjusted,TechNova Smartphone Pro 1,has_ram_gb,16,technova smartphone pro 1|has_ram_gb|16,0.93,product_27,unstructured,Priced at 899 USD. Comes with 16GB of RAM. Offers 512GB of internal storage. Battery lasts up to 24 hours. Weighs approximately 1.45kg. Built with plastic construction. Targeted at the APAC market.,unstructured,1
DEC029_NO_FEEDBACK,train_kb,conservative_noisy_or_conflict_adjusted,TechNova Smartphone Pro 1,has_storage_gb,512,technova smartphone pro 1|has_storage_gb|512,0.94,product_27,unstructured,Priced at 899 USD. Comes with 16GB of RAM. Offers 512GB of internal storage. Battery lasts up to 24 hours. Weighs approximately 1.45kg. Built with plastic construction. Targeted at the APAC market.,unstructured,1
DEC029_NO_FEEDBACK,train_kb,conservative_noisy_or_conflict_adjusted,TechNova Smartphone Pro 1,has_battery_life_hours,24,technova smartphone pro 1|has_battery_life_hours|24,0.95,product_27,unstructured,Priced at 899 USD. Comes with 16GB of RAM. Offers 512GB of internal storage. Battery lasts up to 24 hours. Weighs approximately 1.45kg. Built with plastic construction. Targeted at the APAC market.,unstructured,1
DEC029_NO_FEEDBACK,train_kb,conservative_noisy_or_conflict_adjusted,TechNova Smartphone Pro 1,has_weight_kg,1.45,technova smartphone pro 1|has_weight_kg|1.45,0.96,product_27,unstructured,Priced at 899 USD. Comes with 16GB of RAM. Offers 512GB of internal storage. Battery lasts up to 24 hours. Weighs approximately 1.45kg. Built with plastic construction. Targeted at the APAC market.,unstructured,1
DEC029_NO_FEEDBACK,train_kb,conservative_noisy_or_conflict_adjusted,TechNova Smartphone Pro 1,made_of_material,plastic,technova smartphone pro 1|made_of_material|plastic,0.9,product_27,unstructured,Priced at 899 USD. Comes with 16GB of RAM. Offers 512GB of internal storage. Battery lasts up to 24 hours. Weighs approximately 1.45kg. Built with plastic construction. Targeted at the APAC market.,unstructured,1
DEC029_NO_FEEDBACK,train_kb,conservative_noisy_or_conflict_adjusted,TechNova Smartphone Pro 1,target_market_region,APAC,technova smartphone pro 1|target_market_region|apac,0.91,product_27,unstructured,Priced at 899 USD. Comes with 16GB of RAM. Offers 512GB of internal storage. Battery lasts up to 24 hours. Weighs approximately 1.45kg. Built with plastic construction. Targeted at the APAC market.,unstructured,1
DEC029_NO_FEEDBACK,train_kb,conservative_noisy_or_conflict_adjusted,PixelWare Smartwatch Max 28,manufactured_by,PixelWare,pixelware smartwatch max 28|manufactured_by|pixelware,0.98,product_28,structured,structured_row:PixelWare Smartwatch Max 28,structured,1
DEC029_NO_FEEDBACK,train_kb,conservative_noisy_or_conflict_adjusted,PixelWare Smartwatch Max 28,belongs_to_category,smartwatch,pixelware smartwatch max 28|belongs_to_category|smartwatch,0.98,product_28,structured,structured_row:PixelWare Smartwatch Max 28,structured,1
DEC029_NO_FEEDBACK,train_kb,conservative_noisy_or_conflict_adjusted,PixelWare Smartwatch Max 28,has_price_usd,249,pixelware smartwatch max 28|has_price_usd|249,0.98,product_28,structured,structured_row:PixelWare Smartwatch Max 28,structured,1
DEC029_NO_FEEDBACK,train_kb,conservative_noisy_or_conflict_adjusted,PixelWare Smartwatch Max 28,has_screen_size_inch,15.6,pixelware smartwatch max 28|has_screen_size_inch|15.6,0.98,product_28,structured,structured_row:PixelWare Smartwatch Max 28,structured,1
DEC029_NO_FEEDBACK,train_kb,conservative_noisy_or_conflict_adjusted,PixelWare Smartwatch Max 28,has_ram_gb,12,pixelware smartwatch max 28|has_ram_gb|12,0.98,product_28,structured,structured_row:PixelWare Smartwatch Max 28,structured,1
DEC029_NO_FEEDBACK,train_kb,conservative_noisy_or_conflict_adjusted,PixelWare Smartwatch Max 28,has_storage_gb,512,pixelware smartwatch max 28|has_storage_gb|512,0.98,product_28,structured,structured_row:PixelWare Smartwatch Max 28,structured,1
DEC029_NO_FEEDBACK,train_kb,conservative_noisy_or_conflict_adjusted,PixelWare Smartwatch Max 28,has_battery_life_hours,20,pixelware smartwatch max 28|has_battery_life_hours|20,0.98,product_28,structured,structured_row:PixelWare Smartwatch Max 28,structured,1
DEC029_NO_FEEDBACK,train_kb,conservative_noisy_or_conflict_adjusted,PixelWare Smartwatch Max 28,has_weight_kg,0.23,pixelware smartwatch max 28|has_weight_kg|0.23,0.98,product_28,structured,structured_row:PixelWare Smartwatch Max 28,structured,1
DEC029_NO_FEEDBACK,train_kb,conservative_noisy_or_conflict_adjusted,PixelWare Smartwatch Max 28,has_color,white,pixelware smartwatch max 28|has_color|white,0.98,product_28,structured,structured_row:PixelWare Smartwatch Max 28,structured,1
DEC029_NO_FEEDBACK,train_kb,conservative_noisy_or_conflict_adjusted,PixelWare Smartwatch Max 28,made_of_material,aluminum,pixelware smartwatch max 28|made_of_material|aluminum,0.98,product_28,structured,structured_row:PixelWare Smartwatch Max 28,structured,1
DEC029_NO_FEEDBACK,train_kb,conservative_noisy_or_conflict_adjusted,PixelWare Smartwatch Max 28,target_market_region,US,pixelware smartwatch max 28|target_market_region|us,0.98,product_28,structured,structured_row:PixelWare Smartwatch Max 28,structured,1
DEC029_NO_FEEDBACK,train_kb,conservative_noisy_or_conflict_adjusted,PixelWare Smartwatch Max 28,supports_fast_charging,yes,pixelware smartwatch max 28|supports_fast_charging|yes,0.98,product_28,structured,structured_row:PixelWare Smartwatch Max 28,structured,1
DEC029_NO_FEEDBACK,train_kb,conservative_noisy_or_conflict_adjusted,PixelWare Smartwatch Max 28,has_noise_cancellation,no,pixelware smartwatch max 28|has_noise_cancellation|no,0.98,product_28,structured,structured_row:PixelWare Smartwatch Max 28,structured,1
DEC029_NO_FEEDBACK,train_kb,conservative_noisy_or_conflict_adjusted,PixelWare Smartwatch Max 28,manufactured_by,PixelWare,pixelware smartwatch max 28|manufactured_by|pixelware,0.85,product_28,unstructured,PixelWare Smartwatch Max 28 is manufactured by PixelWare. It is a smartwatch device. The display measures 15.6 inches. Comes with 12GB of RAM. Weighs approximately 0.23kg. Built with aluminum construction. Fast charging is yes.,unstructured,1
DEC029_NO_FEEDBACK,train_kb,conservative_noisy_or_conflict_adjusted,PixelWare Smartwatch Max 28,belongs_to_category,smartwatch device,pixelware smartwatch max 28|belongs_to_category|smartwatch device,0.85,product_28,unstructured,PixelWare Smartwatch Max 28 is manufactured by PixelWare. It is a smartwatch device. The display measures 15.6 inches. Comes with 12GB of RAM. Weighs approximately 0.23kg. Built with aluminum construction. Fast charging is yes.,unstructured,1
DEC029_NO_FEEDBACK,train_kb,conservative_noisy_or_conflict_adjusted,PixelWare Smartwatch Max 28,has_screen_size_inch,15.6,pixelware smartwatch max 28|has_screen_size_inch|15.6,0.85,product_28,unstructured,PixelWare Smartwatch Max 28 is manufactured by PixelWare. It is a smartwatch device. The display measures 15.6 inches. Comes with 12GB of RAM. Weighs approximately 0.23kg. Built with aluminum construction. Fast charging is yes.,unstructured,1
DEC029_NO_FEEDBACK,train_kb,conservative_noisy_or_conflict_adjusted,PixelWare Smartwatch Max 28,has_ram_gb,12,pixelware smartwatch max 28|has_ram_gb|12,0.85,product_28,unstructured,PixelWare Smartwatch Max 28 is manufactured by PixelWare. It is a smartwatch device. The display measures 15.6 inches. Comes with 12GB of RAM. Weighs approximately 0.23kg. Built with aluminum construction. Fast charging is yes.,unstructured,1
DEC029_NO_FEEDBACK,train_kb,conservative_noisy_or_conflict_adjusted,PixelWare Smartwatch Max 28,has_weight_kg,0.23,pixelware smartwatch max 28|has_weight_kg|0.23,0.85,product_28,unstructured,PixelWare Smartwatch Max 28 is manufactured by PixelWare. It is a smartwatch device. The display measures 15.6 inches. Comes with 12GB of RAM. Weighs approximately 0.23kg. Built with aluminum construction. Fast charging is yes.,unstructured,1
DEC029_NO_FEEDBACK,train_kb,conservative_noisy_or_conflict_adjusted,PixelWare Smartwatch Max 28,made_of_material,aluminum,pixelware smartwatch max 28|made_of_material|aluminum,0.85,product_28,unstructured,PixelWare Smartwatch Max 28 is manufactured by PixelWare. It is a smartwatch device. The display measures 15.6 inches. Comes with 12GB of RAM. Weighs approximately 0.23kg. Built with aluminum construction. Fast charging is yes.,unstructured,1
DEC029_NO_FEEDBACK,train_kb,conservative_noisy_or_conflict_adjusted,PixelWare Smartwatch Max 28,supports_fast_charging,yes,pixelware smartwatch max 28|supports_fast_charging|yes,0.85,product_28,unstructured,PixelWare Smartwatch Max 28 is manufactured by PixelWare. It is a smartwatch device. The display measures 15.6 inches. Comes with 12GB of RAM. Weighs approximately 0.23kg. Built with aluminum construction. Fast charging is yes.,unstructured,1
DEC029_NO_FEEDBACK,train_kb,conservative_noisy_or_conflict_adjusted,VoltEdge Tablet Lite 29,manufactured_by,VoltEdge,voltedge tablet lite 29|manufactured_by|voltedge,0.98,product_29,structured,structured_row:VoltEdge Tablet Lite 29,structured,1
DEC029_NO_FEEDBACK,train_kb,conservative_noisy_or_conflict_adjusted,VoltEdge Tablet Lite 29,belongs_to_category,tablet,voltedge tablet lite 29|belongs_to_category|tablet,0.98,product_29,structured,structured_row:VoltEdge Tablet Lite 29,structured,1
DEC029_NO_FEEDBACK,train_kb,conservative_noisy_or_conflict_adjusted,VoltEdge Tablet Lite 29,has_price_usd,1299,voltedge tablet lite 29|has_price_usd|1299,0.98,product_29,structured,structured_row:VoltEdge Tablet Lite 29,structured,1
DEC029_NO_FEEDBACK,train_kb,conservative_noisy_or_conflict_adjusted,VoltEdge Tablet Lite 29,has_screen_size_inch,15.6,voltedge tablet lite 29|has_screen_size_inch|15.6,0.98,product_29,structured,structured_row:VoltEdge Tablet Lite 29,structured,1
DEC029_NO_FEEDBACK,train_kb,conservative_noisy_or_conflict_adjusted,VoltEdge Tablet Lite 29,has_ram_gb,4,voltedge tablet lite 29|has_ram_gb|4,0.98,product_29,structured,structured_row:VoltEdge Tablet Lite 29,structured,1
DEC029_NO_FEEDBACK,train_kb,conservative_noisy_or_conflict_adjusted,VoltEdge Tablet Lite 29,has_storage_gb,128,voltedge tablet lite 29|has_storage_gb|128,0.98,product_29,structured,structured_row:VoltEdge Tablet Lite 29,structured,1
DEC029_NO_FEEDBACK,train_kb,conservative_noisy_or_conflict_adjusted,VoltEdge Tablet Lite 29,has_battery_life_hours,12,voltedge tablet lite 29|has_battery_life_hours|12,0.98,product_29,structured,structured_row:VoltEdge Tablet Lite 29,structured,1
DEC029_NO_FEEDBACK,train_kb,conservative_noisy_or_conflict_adjusted,VoltEdge Tablet Lite 29,has_weight_kg,1.2,voltedge tablet lite 29|has_weight_kg|1.2,0.98,product_29,structured,structured_row:VoltEdge Tablet Lite 29,structured,1
DEC029_NO_FEEDBACK,train_kb,conservative_noisy_or_conflict_adjusted,VoltEdge Tablet Lite 29,has_color,blue,voltedge tablet lite 29|has_color|blue,0.98,product_29,structured,structured_row:VoltEdge Tablet Lite 29,structured,1
DEC029_NO_FEEDBACK,train_kb,conservative_noisy_or_conflict_adjusted,VoltEdge Tablet Lite 29,made_of_material,carbon fiber,voltedge tablet lite 29|made_of_material|carbon fiber,0.98,product_29,structured,structured_row:VoltEdge Tablet Lite 29,structured,1
DEC029_NO_FEEDBACK,train_kb,conservative_noisy_or_conflict_adjusted,VoltEdge Tablet Lite 29,target_market_region,APAC,voltedge tablet lite 29|target_market_region|apac,0.98,product_29,structured,structured_row:VoltEdge Tablet Lite 29,structured,1
DEC029_NO_FEEDBACK,train_kb,conservative_noisy_or_conflict_adjusted,VoltEdge Tablet Lite 29,supports_fast_charging,no,voltedge tablet lite 29|supports_fast_charging|no,0.98,product_29,structured,structured_row:VoltEdge Tablet Lite 29,structured,1
DEC029_NO_FEEDBACK,train_kb,conservative_noisy_or_conflict_adjusted,VoltEdge Tablet Lite 29,has_noise_cancellation,no,voltedge tablet lite 29|has_noise_cancellation|no,0.98,product_29,structured,structured_row:VoltEdge Tablet Lite 29,structured,1
DEC029_NO_FEEDBACK,train_kb,conservative_noisy_or_conflict_adjusted,VoltEdge Tablet Lite 29,manufactured_by,VoltEdge,voltedge tablet lite 29|manufactured_by|voltedge,0.85,product_29,unstructured,VoltEdge Tablet Lite 29 is manufactured by VoltEdge. Priced at 1299 USD. The display measures 15.6 inches. Comes with 4GB of RAM. Battery lasts up to 12 hours. Available in blue. Targeted at the APAC market.,unstructured,1
DEC029_NO_FEEDBACK,train_kb,conservative_noisy_or_conflict_adjusted,VoltEdge Tablet Lite 29,has_price_usd,1299,voltedge tablet lite 29|has_price_usd|1299,0.88,product_29,unstructured,VoltEdge Tablet Lite 29 is manufactured by VoltEdge. Priced at 1299 USD. The display measures 15.6 inches. Comes with 4GB of RAM. Battery lasts up to 12 hours. Available in blue. Targeted at the APAC market.,unstructured,1
DEC029_NO_FEEDBACK,train_kb,conservative_noisy_or_conflict_adjusted,VoltEdge Tablet Lite 29,has_screen_size_inch,15.6,voltedge tablet lite 29|has_screen_size_inch|15.6,0.92,product_29,unstructured,VoltEdge Tablet Lite 29 is manufactured by VoltEdge. Priced at 1299 USD. The display measures 15.6 inches. Comes with 4GB of RAM. Battery lasts up to 12 hours. Available in blue. Targeted at the APAC market.,unstructured,1
DEC029_NO_FEEDBACK,train_kb,conservative_noisy_or_conflict_adjusted,VoltEdge Tablet Lite 29,has_ram_gb,4,voltedge tablet lite 29|has_ram_gb|4,0.89,product_29,unstructured,VoltEdge Tablet Lite 29 is manufactured by VoltEdge. Priced at 1299 USD. The display measures 15.6 inches. Comes with 4GB of RAM. Battery lasts up to 12 hours. Available in blue. Targeted at the APAC market.,unstructured,1
DEC029_NO_FEEDBACK,train_kb,conservative_noisy_or_conflict_adjusted,VoltEdge Tablet Lite 29,has_battery_life_hours,12,voltedge tablet lite 29|has_battery_life_hours|12,0.9,product_29,unstructured,VoltEdge Tablet Lite 29 is manufactured by VoltEdge. Priced at 1299 USD. The display measures 15.6 inches. Comes with 4GB of RAM. Battery lasts up to 12 hours. Available in blue. Targeted at the APAC market.,unstructured,1
DEC029_NO_FEEDBACK,train_kb,conservative_noisy_or_conflict_adjusted,VoltEdge Tablet Lite 29,has_color,blue,voltedge tablet lite 29|has_color|blue,0.91,product_29,unstructured,VoltEdge Tablet Lite 29 is manufactured by VoltEdge. Priced at 1299 USD. The display measures 15.6 inches. Comes with 4GB of RAM. Battery lasts up to 12 hours. Available in blue. Targeted at the APAC market.,unstructured,1
DEC029_NO_FEEDBACK,train_kb,conservative_noisy_or_conflict_adjusted,VoltEdge Tablet Lite 29,target_market_region,APAC,voltedge tablet lite 29|target_market_region|apac,0.94,product_29,unstructured,VoltEdge Tablet Lite 29 is manufactured by VoltEdge. Priced at 1299 USD. The display measures 15.6 inches. Comes with 4GB of RAM. Battery lasts up to 12 hours. Available in blue. Targeted at the APAC market.,unstructured,1
DEC029_NO_FEEDBACK,train_kb,conservative_noisy_or_conflict_adjusted,NeoTech Smartphone Max 30,manufactured_by,NeoTech,neotech smartphone max 30|manufactured_by|neotech,0.98,product_30,structured,structured_row:NeoTech Smartphone Max 30,structured,1
DEC029_NO_FEEDBACK,train_kb,conservative_noisy_or_conflict_adjusted,NeoTech Smartphone Max 30,belongs_to_category,smartphone,neotech smartphone max 30|belongs_to_category|smartphone,0.98,product_30,structured,structured_row:NeoTech Smartphone Max 30,structured,1
DEC029_NO_FEEDBACK,train_kb,conservative_noisy_or_conflict_adjusted,NeoTech Smartphone Max 30,has_price_usd,1099,neotech smartphone max 30|has_price_usd|1099,0.98,product_30,structured,structured_row:NeoTech Smartphone Max 30,structured,1
DEC029_NO_FEEDBACK,train_kb,conservative_noisy_or_conflict_adjusted,NeoTech Smartphone Max 30,has_screen_size_inch,10.9,neotech smartphone max 30|has_screen_size_inch|10.9,0.98,product_30,structured,structured_row:NeoTech Smartphone Max 30,structured,1
DEC029_NO_FEEDBACK,train_kb,conservative_noisy_or_conflict_adjusted,NeoTech Smartphone Max 30,has_ram_gb,16,neotech smartphone max 30|has_ram_gb|16,0.98,product_30,structured,structured_row:NeoTech Smartphone Max 30,structured,1
DEC029_NO_FEEDBACK,train_kb,conservative_noisy_or_conflict_adjusted,NeoTech Smartphone Max 30,has_storage_gb,1024,neotech smartphone max 30|has_storage_gb|1024,0.98,product_30,structured,structured_row:NeoTech Smartphone Max 30,structured,1
DEC029_NO_FEEDBACK,train_kb,conservative_noisy_or_conflict_adjusted,NeoTech Smartphone Max 30,has_battery_life_hours,12,neotech smartphone max 30|has_battery_life_hours|12,0.98,product_30,structured,structured_row:NeoTech Smartphone Max 30,structured,1
DEC029_NO_FEEDBACK,train_kb,conservative_noisy_or_conflict_adjusted,NeoTech Smartphone Max 30,has_weight_kg,1.45,neotech smartphone max 30|has_weight_kg|1.45,0.98,product_30,structured,structured_row:NeoTech Smartphone Max 30,structured,1
DEC029_NO_FEEDBACK,train_kb,conservative_noisy_or_conflict_adjusted,NeoTech Smartphone Max 30,has_color,green,neotech smartphone max 30|has_color|green,0.98,product_30,structured,structured_row:NeoTech Smartphone Max 30,structured,1
DEC029_NO_FEEDBACK,train_kb,conservative_noisy_or_conflict_adjusted,NeoTech Smartphone Max 30,made_of_material,carbon fiber,neotech smartphone max 30|made_of_material|carbon fiber,0.98,product_30,structured,structured_row:NeoTech Smartphone Max 30,structured,1
DEC029_NO_FEEDBACK,train_kb,conservative_noisy_or_conflict_adjusted,NeoTech Smartphone Max 30,target_market_region,APAC,neotech smartphone max 30|target_market_region|apac,0.98,product_30,structured,structured_row:NeoTech Smartphone Max 30,structured,1
DEC029_NO_FEEDBACK,train_kb,conservative_noisy_or_conflict_adjusted,NeoTech Smartphone Max 30,supports_fast_charging,yes,neotech smartphone max 30|supports_fast_charging|yes,0.98,product_30,structured,structured_row:NeoTech Smartphone Max 30,structured,1
DEC029_NO_FEEDBACK,train_kb,conservative_noisy_or_conflict_adjusted,NeoTech Smartphone Max 30,has_noise_cancellation,no,neotech smartphone max 30|has_noise_cancellation|no,0.98,product_30,structured,structured_row:NeoTech Smartphone Max 30,structured,1
DEC029_NO_FEEDBACK,train_kb,conservative_noisy_or_conflict_adjusted,VoltEdge Headphones Lite 31,manufactured_by,VoltEdge,voltedge headphones lite 31|manufactured_by|voltedge,0.98,product_31,structured,structured_row:VoltEdge Headphones Lite 31,structured,1
DEC029_NO_FEEDBACK,train_kb,conservative_noisy_or_conflict_adjusted,VoltEdge Headphones Lite 31,belongs_to_category,headphones,voltedge headphones lite 31|belongs_to_category|headphones,0.98,product_31,structured,structured_row:VoltEdge Headphones Lite 31,structured,1
DEC029_NO_FEEDBACK,train_kb,conservative_noisy_or_conflict_adjusted,VoltEdge Headphones Lite 31,has_price_usd,199,voltedge headphones lite 31|has_price_usd|199,0.98,product_31,structured,structured_row:VoltEdge Headphones Lite 31,structured,1
DEC029_NO_FEEDBACK,train_kb,conservative_noisy_or_conflict_adjusted,VoltEdge Headphones Lite 31,has_screen_size_inch,15.6,voltedge headphones lite 31|has_screen_size_inch|15.6,0.98,product_31,structured,structured_row:VoltEdge Headphones Lite 31,structured,1
DEC029_NO_FEEDBACK,train_kb,conservative_noisy_or_conflict_adjusted,VoltEdge Headphones Lite 31,has_ram_gb,16,voltedge headphones lite 31|has_ram_gb|16,0.98,product_31,structured,structured_row:VoltEdge Headphones Lite 31,structured,1
DEC029_NO_FEEDBACK,train_kb,conservative_noisy_or_conflict_adjusted,VoltEdge Headphones Lite 31,has_storage_gb,256,voltedge headphones lite 31|has_storage_gb|256,0.98,product_31,structured,structured_row:VoltEdge Headphones Lite 31,structured,1
DEC029_NO_FEEDBACK,train_kb,conservative_noisy_or_conflict_adjusted,VoltEdge Headphones Lite 31,has_battery_life_hours,12,voltedge headphones lite 31|has_battery_life_hours|12,0.98,product_31,structured,structured_row:VoltEdge Headphones Lite 31,structured,1
DEC029_NO_FEEDBACK,train_kb,conservative_noisy_or_conflict_adjusted,VoltEdge Headphones Lite 31,has_weight_kg,1.45,voltedge headphones lite 31|has_weight_kg|1.45,0.98,product_31,structured,structured_row:VoltEdge Headphones Lite 31,structured,1
DEC029_NO_FEEDBACK,train_kb,conservative_noisy_or_conflict_adjusted,VoltEdge Headphones Lite 31,has_color,white,voltedge headphones lite 31|has_color|white,0.98,product_31,structured,structured_row:VoltEdge Headphones Lite 31,structured,1
DEC029_NO_FEEDBACK,train_kb,conservative_noisy_or_conflict_adjusted,VoltEdge Headphones Lite 31,made_of_material,aluminum,voltedge headphones lite 31|made_of_material|aluminum,0.98,product_31,structured,structured_row:VoltEdge Headphones Lite 31,structured,1
DEC029_NO_FEEDBACK,train_kb,conservative_noisy_or_conflict_adjusted,VoltEdge Headphones Lite 31,target_market_region,US,voltedge headphones lite 31|target_market_region|us,0.98,product_31,structured,structured_row:VoltEdge Headphones Lite 31,structured,1
DEC029_NO_FEEDBACK,train_kb,conservative_noisy_or_conflict_adjusted,VoltEdge Headphones Lite 31,supports_fast_charging,no,voltedge headphones lite 31|supports_fast_charging|no,0.98,product_31,structured,structured_row:VoltEdge Headphones Lite 31,structured,1
DEC029_NO_FEEDBACK,train_kb,conservative_noisy_or_conflict_adjusted,VoltEdge Headphones Lite 31,has_noise_cancellation,yes,voltedge headphones lite 31|has_noise_cancellation|yes,0.98,product_31,structured,structured_row:VoltEdge Headphones Lite 31,structured,1
DEC029_NO_FEEDBACK,train_kb,conservative_noisy_or_conflict_adjusted,VoltEdge Headphones Lite 31,manufactured_by,VoltEdge,voltedge headphones lite 31|manufactured_by|voltedge,0.92,product_31,unstructured,VoltEdge Headphones Lite 31 is manufactured by VoltEdge. It is a headphones device. Priced at 199 USD. The display measures 15.6 inches. Comes with 16GB of RAM. Battery lasts up to 12 hours. Available in white.,unstructured,1
DEC029_NO_FEEDBACK,train_kb,conservative_noisy_or_conflict_adjusted,VoltEdge Headphones Lite 31,has_price_usd,199,voltedge headphones lite 31|has_price_usd|199,0.93,product_31,unstructured,VoltEdge Headphones Lite 31 is manufactured by VoltEdge. It is a headphones device. Priced at 199 USD. The display measures 15.6 inches. Comes with 16GB of RAM. Battery lasts up to 12 hours. Available in white.,unstructured,1
DEC029_NO_FEEDBACK,train_kb,conservative_noisy_or_conflict_adjusted,VoltEdge Headphones Lite 31,has_screen_size_inch,15.6,voltedge headphones lite 31|has_screen_size_inch|15.6,0.94,product_31,unstructured,VoltEdge Headphones Lite 31 is manufactured by VoltEdge. It is a headphones device. Priced at 199 USD. The display measures 15.6 inches. Comes with 16GB of RAM. Battery lasts up to 12 hours. Available in white.,unstructured,1
DEC029_NO_FEEDBACK,train_kb,conservative_noisy_or_conflict_adjusted,VoltEdge Headphones Lite 31,has_ram_gb,16,voltedge headphones lite 31|has_ram_gb|16,0.95,product_31,unstructured,VoltEdge Headphones Lite 31 is manufactured by VoltEdge. It is a headphones device. Priced at 199 USD. The display measures 15.6 inches. Comes with 16GB of RAM. Battery lasts up to 12 hours. Available in white.,unstructured,1
DEC029_NO_FEEDBACK,train_kb,conservative_noisy_or_conflict_adjusted,VoltEdge Headphones Lite 31,has_battery_life_hours,12,voltedge headphones lite 31|has_battery_life_hours|12,0.96,product_31,unstructured,VoltEdge Headphones Lite 31 is manufactured by VoltEdge. It is a headphones device. Priced at 199 USD. The display measures 15.6 inches. Comes with 16GB of RAM. Battery lasts up to 12 hours. Available in white.,unstructured,1
DEC029_NO_FEEDBACK,train_kb,conservative_noisy_or_conflict_adjusted,VoltEdge Headphones Lite 31,has_color,white,voltedge headphones lite 31|has_color|white,0.92,product_31,unstructured,VoltEdge Headphones Lite 31 is manufactured by VoltEdge. It is a headphones device. Priced at 199 USD. The display measures 15.6 inches. Comes with 16GB of RAM. Battery lasts up to 12 hours. Available in white.,unstructured,1
DEC029_NO_FEEDBACK,train_kb,conservative_noisy_or_conflict_adjusted,TechNova Smartwatch Max 32,manufactured_by,TechNova,technova smartwatch max 32|manufactured_by|technova,0.98,product_32,structured,structured_row:TechNova Smartwatch Max 32,structured,1
DEC029_NO_FEEDBACK,train_kb,conservative_noisy_or_conflict_adjusted,TechNova Smartwatch Max 32,belongs_to_category,smartwatch,technova smartwatch max 32|belongs_to_category|smartwatch,0.98,product_32,structured,structured_row:TechNova Smartwatch Max 32,structured,1
DEC029_NO_FEEDBACK,train_kb,conservative_noisy_or_conflict_adjusted,TechNova Smartwatch Max 32,has_price_usd,699,technova smartwatch max 32|has_price_usd|699,0.98,product_32,structured,structured_row:TechNova Smartwatch Max 32,structured,1
DEC029_NO_FEEDBACK,train_kb,conservative_noisy_or_conflict_adjusted,TechNova Smartwatch Max 32,has_screen_size_inch,10.9,technova smartwatch max 32|has_screen_size_inch|10.9,0.98,product_32,structured,structured_row:TechNova Smartwatch Max 32,structured,1
DEC029_NO_FEEDBACK,train_kb,conservative_noisy_or_conflict_adjusted,TechNova Smartwatch Max 32,has_ram_gb,32,technova smartwatch max 32|has_ram_gb|32,0.98,product_32,structured,structured_row:TechNova Smartwatch Max 32,structured,1
DEC029_NO_FEEDBACK,train_kb,conservative_noisy_or_conflict_adjusted,TechNova Smartwatch Max 32,has_storage_gb,512,technova smartwatch max 32|has_storage_gb|512,0.98,product_32,structured,structured_row:TechNova Smartwatch Max 32,structured,1
DEC029_NO_FEEDBACK,train_kb,conservative_noisy_or_conflict_adjusted,TechNova Smartwatch Max 32,has_battery_life_hours,18,technova smartwatch max 32|has_battery_life_hours|18,0.98,product_32,structured,structured_row:TechNova Smartwatch Max 32,structured,1
DEC029_NO_FEEDBACK,train_kb,conservative_noisy_or_conflict_adjusted,TechNova Smartwatch Max 32,has_weight_kg,1.2,technova smartwatch max 32|has_weight_kg|1.2,0.98,product_32,structured,structured_row:TechNova Smartwatch Max 32,structured,1
DEC029_NO_FEEDBACK,train_kb,conservative_noisy_or_conflict_adjusted,TechNova Smartwatch Max 32,has_color,green,technova smartwatch max 32|has_color|green,0.98,product_32,structured,structured_row:TechNova Smartwatch Max 32,structured,1
DEC029_NO_FEEDBACK,train_kb,conservative_noisy_or_conflict_adjusted,TechNova Smartwatch Max 32,made_of_material,plastic,technova smartwatch max 32|made_of_material|plastic,0.98,product_32,structured,structured_row:TechNova Smartwatch Max 32,structured,1
DEC029_NO_FEEDBACK,train_kb,conservative_noisy_or_conflict_adjusted,TechNova Smartwatch Max 32,target_market_region,Global,technova smartwatch max 32|target_market_region|global,0.98,product_32,structured,structured_row:TechNova Smartwatch Max 32,structured,1
DEC029_NO_FEEDBACK,train_kb,conservative_noisy_or_conflict_adjusted,TechNova Smartwatch Max 32,supports_fast_charging,no,technova smartwatch max 32|supports_fast_charging|no,0.98,product_32,structured,structured_row:TechNova Smartwatch Max 32,structured,1
DEC029_NO_FEEDBACK,train_kb,conservative_noisy_or_conflict_adjusted,TechNova Smartwatch Max 32,has_noise_cancellation,no,technova smartwatch max 32|has_noise_cancellation|no,0.98,product_32,structured,structured_row:TechNova Smartwatch Max 32,structured,1
DEC029_NO_FEEDBACK,train_kb,conservative_noisy_or_conflict_adjusted,TechNova Smartwatch Max 32,manufactured_by,TechNova,technova smartwatch max 32|manufactured_by|technova,0.92,product_32,unstructured,TechNova Smartwatch Max 32 is manufactured by TechNova. Offers 512GB of internal storage. Weighs approximately 1.2kg. Available in green. Targeted at the Global market. Fast charging is no. Noise cancellation: no.,unstructured,1
DEC029_NO_FEEDBACK,train_kb,conservative_noisy_or_conflict_adjusted,TechNova Smartwatch Max 32,has_storage_gb,512,technova smartwatch max 32|has_storage_gb|512,0.93,product_32,unstructured,TechNova Smartwatch Max 32 is manufactured by TechNova. Offers 512GB of internal storage. Weighs approximately 1.2kg. Available in green. Targeted at the Global market. Fast charging is no. Noise cancellation: no.,unstructured,1
DEC029_NO_FEEDBACK,train_kb,conservative_noisy_or_conflict_adjusted,TechNova Smartwatch Max 32,has_weight_kg,1.2,technova smartwatch max 32|has_weight_kg|1.2,0.94,product_32,unstructured,TechNova Smartwatch Max 32 is manufactured by TechNova. Offers 512GB of internal storage. Weighs approximately 1.2kg. Available in green. Targeted at the Global market. Fast charging is no. Noise cancellation: no.,unstructured,1
DEC029_NO_FEEDBACK,train_kb,conservative_noisy_or_conflict_adjusted,TechNova Smartwatch Max 32,has_color,green,technova smartwatch max 32|has_color|green,0.95,product_32,unstructured,TechNova Smartwatch Max 32 is manufactured by TechNova. Offers 512GB of internal storage. Weighs approximately 1.2kg. Available in green. Targeted at the Global market. Fast charging is no. Noise cancellation: no.,unstructured,1
DEC029_NO_FEEDBACK,train_kb,conservative_noisy_or_conflict_adjusted,TechNova Smartwatch Max 32,target_market_region,Global,technova smartwatch max 32|target_market_region|global,0.96,product_32,unstructured,TechNova Smartwatch Max 32 is manufactured by TechNova. Offers 512GB of internal storage. Weighs approximately 1.2kg. Available in green. Targeted at the Global market. Fast charging is no. Noise cancellation: no.,unstructured,1
DEC029_NO_FEEDBACK,train_kb,conservative_noisy_or_conflict_adjusted,TechNova Smartwatch Max 32,supports_fast_charging,no,technova smartwatch max 32|supports_fast_charging|no,0.9,product_32,unstructured,TechNova Smartwatch Max 32 is manufactured by TechNova. Offers 512GB of internal storage. Weighs approximately 1.2kg. Available in green. Targeted at the Global market. Fast charging is no. Noise cancellation: no.,unstructured,1
DEC029_NO_FEEDBACK,train_kb,conservative_noisy_or_conflict_adjusted,TechNova Smartwatch Max 32,has_noise_cancellation,no,technova smartwatch max 32|has_noise_cancellation|no,0.91,product_32,unstructured,TechNova Smartwatch Max 32 is manufactured by TechNova. Offers 512GB of internal storage. Weighs approximately 1.2kg. Available in green. Targeted at the Global market. Fast charging is no. Noise cancellation: no.,unstructured,1
DEC029_NO_FEEDBACK,train_kb,conservative_noisy_or_conflict_adjusted,VoltEdge Smartwatch Lite 34,manufactured_by,VoltEdge,voltedge smartwatch lite 34|manufactured_by|voltedge,0.98,product_34,structured,structured_row:VoltEdge Smartwatch Lite 34,structured,1
DEC029_NO_FEEDBACK,train_kb,conservative_noisy_or_conflict_adjusted,VoltEdge Smartwatch Lite 34,belongs_to_category,smartwatch,voltedge smartwatch lite 34|belongs_to_category|smartwatch,0.98,product_34,structured,structured_row:VoltEdge Smartwatch Lite 34,structured,1
DEC029_NO_FEEDBACK,train_kb,conservative_noisy_or_conflict_adjusted,VoltEdge Smartwatch Lite 34,has_price_usd,249,voltedge smartwatch lite 34|has_price_usd|249,0.98,product_34,structured,structured_row:VoltEdge Smartwatch Lite 34,structured,1
DEC029_NO_FEEDBACK,train_kb,conservative_noisy_or_conflict_adjusted,VoltEdge Smartwatch Lite 34,has_screen_size_inch,14.0,voltedge smartwatch lite 34|has_screen_size_inch|14.0,0.98,product_34,structured,structured_row:VoltEdge Smartwatch Lite 34,structured,1
DEC029_NO_FEEDBACK,train_kb,conservative_noisy_or_conflict_adjusted,VoltEdge Smartwatch Lite 34,has_ram_gb,32,voltedge smartwatch lite 34|has_ram_gb|32,0.98,product_34,structured,structured_row:VoltEdge Smartwatch Lite 34,structured,1
DEC029_NO_FEEDBACK,train_kb,conservative_noisy_or_conflict_adjusted,VoltEdge Smartwatch Lite 34,has_storage_gb,128,voltedge smartwatch lite 34|has_storage_gb|128,0.98,product_34,structured,structured_row:VoltEdge Smartwatch Lite 34,structured,1
DEC029_NO_FEEDBACK,train_kb,conservative_noisy_or_conflict_adjusted,VoltEdge Smartwatch Lite 34,has_battery_life_hours,20,voltedge smartwatch lite 34|has_battery_life_hours|20,0.98,product_34,structured,structured_row:VoltEdge Smartwatch Lite 34,structured,1
DEC029_NO_FEEDBACK,train_kb,conservative_noisy_or_conflict_adjusted,VoltEdge Smartwatch Lite 34,has_weight_kg,1.8,voltedge smartwatch lite 34|has_weight_kg|1.8,0.98,product_34,structured,structured_row:VoltEdge Smartwatch Lite 34,structured,1
DEC029_NO_FEEDBACK,train_kb,conservative_noisy_or_conflict_adjusted,VoltEdge Smartwatch Lite 34,has_color,green,voltedge smartwatch lite 34|has_color|green,0.98,product_34,structured,structured_row:VoltEdge Smartwatch Lite 34,structured,1
DEC029_NO_FEEDBACK,train_kb,conservative_noisy_or_conflict_adjusted,VoltEdge Smartwatch Lite 34,made_of_material,aluminum,voltedge smartwatch lite 34|made_of_material|aluminum,0.98,product_34,structured,structured_row:VoltEdge Smartwatch Lite 34,structured,1
DEC029_NO_FEEDBACK,train_kb,conservative_noisy_or_conflict_adjusted,VoltEdge Smartwatch Lite 34,target_market_region,EU,voltedge smartwatch lite 34|target_market_region|eu,0.98,product_34,structured,structured_row:VoltEdge Smartwatch Lite 34,structured,1
DEC029_NO_FEEDBACK,train_kb,conservative_noisy_or_conflict_adjusted,VoltEdge Smartwatch Lite 34,supports_fast_charging,no,voltedge smartwatch lite 34|supports_fast_charging|no,0.98,product_34,structured,structured_row:VoltEdge Smartwatch Lite 34,structured,1
DEC029_NO_FEEDBACK,train_kb,conservative_noisy_or_conflict_adjusted,VoltEdge Smartwatch Lite 34,has_noise_cancellation,no,voltedge smartwatch lite 34|has_noise_cancellation|no,0.98,product_34,structured,structured_row:VoltEdge Smartwatch Lite 34,structured,1
DEC029_NO_FEEDBACK,train_kb,conservative_noisy_or_conflict_adjusted,VoltEdge Smartwatch Lite 34,manufactured_by,VoltEdge,voltedge smartwatch lite 34|manufactured_by|voltedge,0.92,product_34,unstructured,VoltEdge Smartwatch Lite 34 is manufactured by VoltEdge. Priced at 249 USD. Comes with 32GB of RAM. Battery lasts up to 20 hours. Weighs approximately 1.8kg. Fast charging is no. Noise cancellation: no.,unstructured,1
DEC029_NO_FEEDBACK,train_kb,conservative_noisy_or_conflict_adjusted,VoltEdge Smartwatch Lite 34,has_price_usd,249,voltedge smartwatch lite 34|has_price_usd|249,0.91,product_34,unstructured,VoltEdge Smartwatch Lite 34 is manufactured by VoltEdge. Priced at 249 USD. Comes with 32GB of RAM. Battery lasts up to 20 hours. Weighs approximately 1.8kg. Fast charging is no. Noise cancellation: no.,unstructured,1
DEC029_NO_FEEDBACK,train_kb,conservative_noisy_or_conflict_adjusted,VoltEdge Smartwatch Lite 34,has_ram_gb,32,voltedge smartwatch lite 34|has_ram_gb|32,0.93,product_34,unstructured,VoltEdge Smartwatch Lite 34 is manufactured by VoltEdge. Priced at 249 USD. Comes with 32GB of RAM. Battery lasts up to 20 hours. Weighs approximately 1.8kg. Fast charging is no. Noise cancellation: no.,unstructured,1
DEC029_NO_FEEDBACK,train_kb,conservative_noisy_or_conflict_adjusted,VoltEdge Smartwatch Lite 34,has_battery_life_hours,20,voltedge smartwatch lite 34|has_battery_life_hours|20,0.94,product_34,unstructured,VoltEdge Smartwatch Lite 34 is manufactured by VoltEdge. Priced at 249 USD. Comes with 32GB of RAM. Battery lasts up to 20 hours. Weighs approximately 1.8kg. Fast charging is no. Noise cancellation: no.,unstructured,1
DEC029_NO_FEEDBACK,train_kb,conservative_noisy_or_conflict_adjusted,VoltEdge Smartwatch Lite 34,has_weight_kg,1.8,voltedge smartwatch lite 34|has_weight_kg|1.8,0.95,product_34,unstructured,VoltEdge Smartwatch Lite 34 is manufactured by VoltEdge. Priced at 249 USD. Comes with 32GB of RAM. Battery lasts up to 20 hours. Weighs approximately 1.8kg. Fast charging is no. Noise cancellation: no.,unstructured,1
DEC029_NO_FEEDBACK,train_kb,conservative_noisy_or_conflict_adjusted,VoltEdge Smartwatch Lite 34,supports_fast_charging,no,voltedge smartwatch lite 34|supports_fast_charging|no,0.9,product_34,unstructured,VoltEdge Smartwatch Lite 34 is manufactured by VoltEdge. Priced at 249 USD. Comes with 32GB of RAM. Battery lasts up to 20 hours. Weighs approximately 1.8kg. Fast charging is no. Noise cancellation: no.,unstructured,1
DEC029_NO_FEEDBACK,train_kb,conservative_noisy_or_conflict_adjusted,VoltEdge Smartwatch Lite 34,has_noise_cancellation,no,voltedge smartwatch lite 34|has_noise_cancellation|no,0.91,product_34,unstructured,VoltEdge Smartwatch Lite 34 is manufactured by VoltEdge. Priced at 249 USD. Comes with 32GB of RAM. Battery lasts up to 20 hours. Weighs approximately 1.8kg. Fast charging is no. Noise cancellation: no.,unstructured,1
DEC029_NO_FEEDBACK,train_kb,conservative_noisy_or_conflict_adjusted,Auralex Headphones Lite 36,manufactured_by,Auralex,auralex headphones lite 36|manufactured_by|auralex,0.98,product_36,structured,structured_row:Auralex Headphones Lite 36,structured,1
DEC029_NO_FEEDBACK,train_kb,conservative_noisy_or_conflict_adjusted,Auralex Headphones Lite 36,belongs_to_category,headphones,auralex headphones lite 36|belongs_to_category|headphones,0.98,product_36,structured,structured_row:Auralex Headphones Lite 36,structured,1
DEC029_NO_FEEDBACK,train_kb,conservative_noisy_or_conflict_adjusted,Auralex Headphones Lite 36,has_price_usd,349,auralex headphones lite 36|has_price_usd|349,0.98,product_36,structured,structured_row:Auralex Headphones Lite 36,structured,1
DEC029_NO_FEEDBACK,train_kb,conservative_noisy_or_conflict_adjusted,Auralex Headphones Lite 36,has_screen_size_inch,6.1,auralex headphones lite 36|has_screen_size_inch|6.1,0.98,product_36,structured,structured_row:Auralex Headphones Lite 36,structured,1
DEC029_NO_FEEDBACK,train_kb,conservative_noisy_or_conflict_adjusted,Auralex Headphones Lite 36,has_ram_gb,16,auralex headphones lite 36|has_ram_gb|16,0.98,product_36,structured,structured_row:Auralex Headphones Lite 36,structured,1
DEC029_NO_FEEDBACK,train_kb,conservative_noisy_or_conflict_adjusted,Auralex Headphones Lite 36,has_storage_gb,128,auralex headphones lite 36|has_storage_gb|128,0.98,product_36,structured,structured_row:Auralex Headphones Lite 36,structured,1
DEC029_NO_FEEDBACK,train_kb,conservative_noisy_or_conflict_adjusted,Auralex Headphones Lite 36,has_battery_life_hours,10,auralex headphones lite 36|has_battery_life_hours|10,0.98,product_36,structured,structured_row:Auralex Headphones Lite 36,structured,1
DEC029_NO_FEEDBACK,train_kb,conservative_noisy_or_conflict_adjusted,Auralex Headphones Lite 36,has_weight_kg,1.45,auralex headphones lite 36|has_weight_kg|1.45,0.98,product_36,structured,structured_row:Auralex Headphones Lite 36,structured,1
DEC029_NO_FEEDBACK,train_kb,conservative_noisy_or_conflict_adjusted,Auralex Headphones Lite 36,has_color,black,auralex headphones lite 36|has_color|black,0.98,product_36,structured,structured_row:Auralex Headphones Lite 36,structured,1
DEC029_NO_FEEDBACK,train_kb,conservative_noisy_or_conflict_adjusted,Auralex Headphones Lite 36,made_of_material,plastic,auralex headphones lite 36|made_of_material|plastic,0.98,product_36,structured,structured_row:Auralex Headphones Lite 36,structured,1
DEC029_NO_FEEDBACK,train_kb,conservative_noisy_or_conflict_adjusted,Auralex Headphones Lite 36,target_market_region,US,auralex headphones lite 36|target_market_region|us,0.98,product_36,structured,structured_row:Auralex Headphones Lite 36,structured,1
DEC029_NO_FEEDBACK,train_kb,conservative_noisy_or_conflict_adjusted,Auralex Headphones Lite 36,supports_fast_charging,yes,auralex headphones lite 36|supports_fast_charging|yes,0.98,product_36,structured,structured_row:Auralex Headphones Lite 36,structured,1
DEC029_NO_FEEDBACK,train_kb,conservative_noisy_or_conflict_adjusted,Auralex Headphones Lite 36,has_noise_cancellation,no,auralex headphones lite 36|has_noise_cancellation|no,0.98,product_36,structured,structured_row:Auralex Headphones Lite 36,structured,1
DEC029_NO_FEEDBACK,train_kb,conservative_noisy_or_conflict_adjusted,Auralex Headphones Lite 36,manufactured_by,Auralex,auralex headphones lite 36|manufactured_by|auralex,0.95,product_36,unstructured,Auralex Headphones Lite 36 is manufactured by Auralex. Priced at 349 USD. Comes with 16GB of RAM. Offers 128GB of internal storage. Built with plastic construction. Targeted at the US market. Fast charging is yes.,unstructured,1
DEC029_NO_FEEDBACK,train_kb,conservative_noisy_or_conflict_adjusted,Auralex Headphones Lite 36,has_price_usd,349,auralex headphones lite 36|has_price_usd|349,0.92,product_36,unstructured,Auralex Headphones Lite 36 is manufactured by Auralex. Priced at 349 USD. Comes with 16GB of RAM. Offers 128GB of internal storage. Built with plastic construction. Targeted at the US market. Fast charging is yes.,unstructured,1
DEC029_NO_FEEDBACK,train_kb,conservative_noisy_or_conflict_adjusted,Auralex Headphones Lite 36,has_ram_gb,16,auralex headphones lite 36|has_ram_gb|16,0.93,product_36,unstructured,Auralex Headphones Lite 36 is manufactured by Auralex. Priced at 349 USD. Comes with 16GB of RAM. Offers 128GB of internal storage. Built with plastic construction. Targeted at the US market. Fast charging is yes.,unstructured,1
DEC029_NO_FEEDBACK,train_kb,conservative_noisy_or_conflict_adjusted,Auralex Headphones Lite 36,has_storage_gb,128,auralex headphones lite 36|has_storage_gb|128,0.94,product_36,unstructured,Auralex Headphones Lite 36 is manufactured by Auralex. Priced at 349 USD. Comes with 16GB of RAM. Offers 128GB of internal storage. Built with plastic construction. Targeted at the US market. Fast charging is yes.,unstructured,1
DEC029_NO_FEEDBACK,train_kb,conservative_noisy_or_conflict_adjusted,Auralex Headphones Lite 36,made_of_material,plastic,auralex headphones lite 36|made_of_material|plastic,0.9,product_36,unstructured,Auralex Headphones Lite 36 is manufactured by Auralex. Priced at 349 USD. Comes with 16GB of RAM. Offers 128GB of internal storage. Built with plastic construction. Targeted at the US market. Fast charging is yes.,unstructured,1
DEC029_NO_FEEDBACK,train_kb,conservative_noisy_or_conflict_adjusted,Auralex Headphones Lite 36,target_market_region,US,auralex headphones lite 36|target_market_region|us,0.96,product_36,unstructured,Auralex Headphones Lite 36 is manufactured by Auralex. Priced at 349 USD. Comes with 16GB of RAM. Offers 128GB of internal storage. Built with plastic construction. Targeted at the US market. Fast charging is yes.,unstructured,1
DEC029_NO_FEEDBACK,train_kb,conservative_noisy_or_conflict_adjusted,Auralex Headphones Lite 36,supports_fast_charging,yes,auralex headphones lite 36|supports_fast_charging|yes,0.85,product_36,unstructured,Auralex Headphones Lite 36 is manufactured by Auralex. Priced at 349 USD. Comes with 16GB of RAM. Offers 128GB of internal storage. Built with plastic construction. Targeted at the US market. Fast charging is yes.,unstructured,1
DEC029_NO_FEEDBACK,train_kb,conservative_noisy_or_conflict_adjusted,NeoTech Smartwatch Lite 37,manufactured_by,NeoTech,neotech smartwatch lite 37|manufactured_by|neotech,0.98,product_37,structured,structured_row:NeoTech Smartwatch Lite 37,structured,1
DEC029_NO_FEEDBACK,train_kb,conservative_noisy_or_conflict_adjusted,NeoTech Smartwatch Lite 37,belongs_to_category,smartwatch,neotech smartwatch lite 37|belongs_to_category|smartwatch,0.98,product_37,structured,structured_row:NeoTech Smartwatch Lite 37,structured,1
DEC029_NO_FEEDBACK,train_kb,conservative_noisy_or_conflict_adjusted,NeoTech Smartwatch Lite 37,has_price_usd,1299,neotech smartwatch lite 37|has_price_usd|1299,0.98,product_37,structured,structured_row:NeoTech Smartwatch Lite 37,structured,1
DEC029_NO_FEEDBACK,train_kb,conservative_noisy_or_conflict_adjusted,NeoTech Smartwatch Lite 37,has_screen_size_inch,14.0,neotech smartwatch lite 37|has_screen_size_inch|14.0,0.98,product_37,structured,structured_row:NeoTech Smartwatch Lite 37,structured,1
DEC029_NO_FEEDBACK,train_kb,conservative_noisy_or_conflict_adjusted,NeoTech Smartwatch Lite 37,has_ram_gb,6,neotech smartwatch lite 37|has_ram_gb|6,0.98,product_37,structured,structured_row:NeoTech Smartwatch Lite 37,structured,1
DEC029_NO_FEEDBACK,train_kb,conservative_noisy_or_conflict_adjusted,NeoTech Smartwatch Lite 37,has_storage_gb,512,neotech smartwatch lite 37|has_storage_gb|512,0.98,product_37,structured,structured_row:NeoTech Smartwatch Lite 37,structured,1
DEC029_NO_FEEDBACK,train_kb,conservative_noisy_or_conflict_adjusted,NeoTech Smartwatch Lite 37,has_battery_life_hours,18,neotech smartwatch lite 37|has_battery_life_hours|18,0.98,product_37,structured,structured_row:NeoTech Smartwatch Lite 37,structured,1
DEC029_NO_FEEDBACK,train_kb,conservative_noisy_or_conflict_adjusted,NeoTech Smartwatch Lite 37,has_weight_kg,1.2,neotech smartwatch lite 37|has_weight_kg|1.2,0.98,product_37,structured,structured_row:NeoTech Smartwatch Lite 37,structured,1
DEC029_NO_FEEDBACK,train_kb,conservative_noisy_or_conflict_adjusted,NeoTech Smartwatch Lite 37,has_color,green,neotech smartwatch lite 37|has_color|green,0.98,product_37,structured,structured_row:NeoTech Smartwatch Lite 37,structured,1
DEC029_NO_FEEDBACK,train_kb,conservative_noisy_or_conflict_adjusted,NeoTech Smartwatch Lite 37,made_of_material,plastic,neotech smartwatch lite 37|made_of_material|plastic,0.98,product_37,structured,structured_row:NeoTech Smartwatch Lite 37,structured,1
DEC029_NO_FEEDBACK,train_kb,conservative_noisy_or_conflict_adjusted,NeoTech Smartwatch Lite 37,target_market_region,APAC,neotech smartwatch lite 37|target_market_region|apac,0.98,product_37,structured,structured_row:NeoTech Smartwatch Lite 37,structured,1
DEC029_NO_FEEDBACK,train_kb,conservative_noisy_or_conflict_adjusted,NeoTech Smartwatch Lite 37,supports_fast_charging,no,neotech smartwatch lite 37|supports_fast_charging|no,0.98,product_37,structured,structured_row:NeoTech Smartwatch Lite 37,structured,1
DEC029_NO_FEEDBACK,train_kb,conservative_noisy_or_conflict_adjusted,NeoTech Smartwatch Lite 37,has_noise_cancellation,no,neotech smartwatch lite 37|has_noise_cancellation|no,0.98,product_37,structured,structured_row:NeoTech Smartwatch Lite 37,structured,1
DEC029_NO_FEEDBACK,train_kb,conservative_noisy_or_conflict_adjusted,PixelWare Smartwatch Lite 39,manufactured_by,PixelWare,pixelware smartwatch lite 39|manufactured_by|pixelware,0.98,product_39,structured,structured_row:PixelWare Smartwatch Lite 39,structured,1
DEC029_NO_FEEDBACK,train_kb,conservative_noisy_or_conflict_adjusted,PixelWare Smartwatch Lite 39,belongs_to_category,smartwatch,pixelware smartwatch lite 39|belongs_to_category|smartwatch,0.98,product_39,structured,structured_row:PixelWare Smartwatch Lite 39,structured,1
DEC029_NO_FEEDBACK,train_kb,conservative_noisy_or_conflict_adjusted,PixelWare Smartwatch Lite 39,has_price_usd,699,pixelware smartwatch lite 39|has_price_usd|699,0.98,product_39,structured,structured_row:PixelWare Smartwatch Lite 39,structured,1
DEC029_NO_FEEDBACK,train_kb,conservative_noisy_or_conflict_adjusted,PixelWare Smartwatch Lite 39,has_screen_size_inch,13.3,pixelware smartwatch lite 39|has_screen_size_inch|13.3,0.98,product_39,structured,structured_row:PixelWare Smartwatch Lite 39,structured,1
DEC029_NO_FEEDBACK,train_kb,conservative_noisy_or_conflict_adjusted,PixelWare Smartwatch Lite 39,has_ram_gb,6,pixelware smartwatch lite 39|has_ram_gb|6,0.98,product_39,structured,structured_row:PixelWare Smartwatch Lite 39,structured,1
DEC029_NO_FEEDBACK,train_kb,conservative_noisy_or_conflict_adjusted,PixelWare Smartwatch Lite 39,has_storage_gb,256,pixelware smartwatch lite 39|has_storage_gb|256,0.98,product_39,structured,structured_row:PixelWare Smartwatch Lite 39,structured,1
DEC029_NO_FEEDBACK,train_kb,conservative_noisy_or_conflict_adjusted,PixelWare Smartwatch Lite 39,has_battery_life_hours,8,pixelware smartwatch lite 39|has_battery_life_hours|8,0.98,product_39,structured,structured_row:PixelWare Smartwatch Lite 39,structured,1
DEC029_NO_FEEDBACK,train_kb,conservative_noisy_or_conflict_adjusted,PixelWare Smartwatch Lite 39,has_weight_kg,0.55,pixelware smartwatch lite 39|has_weight_kg|0.55,0.98,product_39,structured,structured_row:PixelWare Smartwatch Lite 39,structured,1
DEC029_NO_FEEDBACK,train_kb,conservative_noisy_or_conflict_adjusted,PixelWare Smartwatch Lite 39,has_color,black,pixelware smartwatch lite 39|has_color|black,0.98,product_39,structured,structured_row:PixelWare Smartwatch Lite 39,structured,1
DEC029_NO_FEEDBACK,train_kb,conservative_noisy_or_conflict_adjusted,PixelWare Smartwatch Lite 39,made_of_material,plastic,pixelware smartwatch lite 39|made_of_material|plastic,0.98,product_39,structured,structured_row:PixelWare Smartwatch Lite 39,structured,1
DEC029_NO_FEEDBACK,train_kb,conservative_noisy_or_conflict_adjusted,PixelWare Smartwatch Lite 39,target_market_region,US,pixelware smartwatch lite 39|target_market_region|us,0.98,product_39,structured,structured_row:PixelWare Smartwatch Lite 39,structured,1
DEC029_NO_FEEDBACK,train_kb,conservative_noisy_or_conflict_adjusted,PixelWare Smartwatch Lite 39,supports_fast_charging,yes,pixelware smartwatch lite 39|supports_fast_charging|yes,0.98,product_39,structured,structured_row:PixelWare Smartwatch Lite 39,structured,1
DEC029_NO_FEEDBACK,train_kb,conservative_noisy_or_conflict_adjusted,PixelWare Smartwatch Lite 39,has_noise_cancellation,no,pixelware smartwatch lite 39|has_noise_cancellation|no,0.98,product_39,structured,structured_row:PixelWare Smartwatch Lite 39,structured,1
DEC029_NO_FEEDBACK,train_kb,conservative_noisy_or_conflict_adjusted,PixelWare Smartwatch Lite 39,manufactured_by,PixelWare,pixelware smartwatch lite 39|manufactured_by|pixelware,0.95,product_39,unstructured,PixelWare Smartwatch Lite 39 is manufactured by PixelWare. It is a smartwatch device. Priced at 699 USD. Comes with 6GB of RAM. Offers 256GB of internal storage. Battery lasts up to 8 hours. Available in black.,unstructured,1
DEC029_NO_FEEDBACK,train_kb,conservative_noisy_or_conflict_adjusted,PixelWare Smartwatch Lite 39,has_price_usd,699,pixelware smartwatch lite 39|has_price_usd|699,0.92,product_39,unstructured,PixelWare Smartwatch Lite 39 is manufactured by PixelWare. It is a smartwatch device. Priced at 699 USD. Comes with 6GB of RAM. Offers 256GB of internal storage. Battery lasts up to 8 hours. Available in black.,unstructured,1
DEC029_NO_FEEDBACK,train_kb,conservative_noisy_or_conflict_adjusted,PixelWare Smartwatch Lite 39,has_ram_gb,6,pixelware smartwatch lite 39|has_ram_gb|6,0.9,product_39,unstructured,PixelWare Smartwatch Lite 39 is manufactured by PixelWare. It is a smartwatch device. Priced at 699 USD. Comes with 6GB of RAM. Offers 256GB of internal storage. Battery lasts up to 8 hours. Available in black.,unstructured,1
DEC029_NO_FEEDBACK,train_kb,conservative_noisy_or_conflict_adjusted,PixelWare Smartwatch Lite 39,has_storage_gb,256,pixelware smartwatch lite 39|has_storage_gb|256,0.91,product_39,unstructured,PixelWare Smartwatch Lite 39 is manufactured by PixelWare. It is a smartwatch device. Priced at 699 USD. Comes with 6GB of RAM. Offers 256GB of internal storage. Battery lasts up to 8 hours. Available in black.,unstructured,1
DEC029_NO_FEEDBACK,train_kb,conservative_noisy_or_conflict_adjusted,PixelWare Smartwatch Lite 39,has_battery_life_hours,8,pixelware smartwatch lite 39|has_battery_life_hours|8,0.9,product_39,unstructured,PixelWare Smartwatch Lite 39 is manufactured by PixelWare. It is a smartwatch device. Priced at 699 USD. Comes with 6GB of RAM. Offers 256GB of internal storage. Battery lasts up to 8 hours. Available in black.,unstructured,1
DEC029_NO_FEEDBACK,train_kb,conservative_noisy_or_conflict_adjusted,PixelWare Smartwatch Lite 39,has_color,black,pixelware smartwatch lite 39|has_color|black,0.88,product_39,unstructured,PixelWare Smartwatch Lite 39 is manufactured by PixelWare. It is a smartwatch device. Priced at 699 USD. Comes with 6GB of RAM. Offers 256GB of internal storage. Battery lasts up to 8 hours. Available in black.,unstructured,1
DEC029_NO_FEEDBACK,train_kb,conservative_noisy_or_conflict_adjusted,TechNova Smartphone Air 40,manufactured_by,TechNova,technova smartphone air 40|manufactured_by|technova,0.98,product_40,structured,structured_row:TechNova Smartphone Air 40,structured,1
DEC029_NO_FEEDBACK,train_kb,conservative_noisy_or_conflict_adjusted,TechNova Smartphone Air 40,belongs_to_category,smartphone,technova smartphone air 40|belongs_to_category|smartphone,0.98,product_40,structured,structured_row:TechNova Smartphone Air 40,structured,1
DEC029_NO_FEEDBACK,train_kb,conservative_noisy_or_conflict_adjusted,TechNova Smartphone Air 40,has_price_usd,199,technova smartphone air 40|has_price_usd|199,0.98,product_40,structured,structured_row:TechNova Smartphone Air 40,structured,1
DEC029_NO_FEEDBACK,train_kb,conservative_noisy_or_conflict_adjusted,TechNova Smartphone Air 40,has_screen_size_inch,13.3,technova smartphone air 40|has_screen_size_inch|13.3,0.98,product_40,structured,structured_row:TechNova Smartphone Air 40,structured,1
DEC029_NO_FEEDBACK,train_kb,conservative_noisy_or_conflict_adjusted,TechNova Smartphone Air 40,has_ram_gb,32,technova smartphone air 40|has_ram_gb|32,0.98,product_40,structured,structured_row:TechNova Smartphone Air 40,structured,1
DEC029_NO_FEEDBACK,train_kb,conservative_noisy_or_conflict_adjusted,TechNova Smartphone Air 40,has_storage_gb,64,technova smartphone air 40|has_storage_gb|64,0.98,product_40,structured,structured_row:TechNova Smartphone Air 40,structured,1
DEC029_NO_FEEDBACK,train_kb,conservative_noisy_or_conflict_adjusted,TechNova Smartphone Air 40,has_battery_life_hours,8,technova smartphone air 40|has_battery_life_hours|8,0.98,product_40,structured,structured_row:TechNova Smartphone Air 40,structured,1
DEC029_NO_FEEDBACK,train_kb,conservative_noisy_or_conflict_adjusted,TechNova Smartphone Air 40,has_weight_kg,1.2,technova smartphone air 40|has_weight_kg|1.2,0.98,product_40,structured,structured_row:TechNova Smartphone Air 40,structured,1
DEC029_NO_FEEDBACK,train_kb,conservative_noisy_or_conflict_adjusted,TechNova Smartphone Air 40,has_color,black,technova smartphone air 40|has_color|black,0.98,product_40,structured,structured_row:TechNova Smartphone Air 40,structured,1
DEC029_NO_FEEDBACK,train_kb,conservative_noisy_or_conflict_adjusted,TechNova Smartphone Air 40,made_of_material,carbon fiber,technova smartphone air 40|made_of_material|carbon fiber,0.98,product_40,structured,structured_row:TechNova Smartphone Air 40,structured,1
DEC029_NO_FEEDBACK,train_kb,conservative_noisy_or_conflict_adjusted,TechNova Smartphone Air 40,target_market_region,Global,technova smartphone air 40|target_market_region|global,0.98,product_40,structured,structured_row:TechNova Smartphone Air 40,structured,1
DEC029_NO_FEEDBACK,train_kb,conservative_noisy_or_conflict_adjusted,TechNova Smartphone Air 40,supports_fast_charging,yes,technova smartphone air 40|supports_fast_charging|yes,0.98,product_40,structured,structured_row:TechNova Smartphone Air 40,structured,1
DEC029_NO_FEEDBACK,train_kb,conservative_noisy_or_conflict_adjusted,TechNova Smartphone Air 40,has_noise_cancellation,no,technova smartphone air 40|has_noise_cancellation|no,0.98,product_40,structured,structured_row:TechNova Smartphone Air 40,structured,1
DEC029_NO_FEEDBACK,train_kb,conservative_noisy_or_conflict_adjusted,Zenbyte Headphones Max 41,manufactured_by,Zenbyte,zenbyte headphones max 41|manufactured_by|zenbyte,0.98,product_41,structured,structured_row:Zenbyte Headphones Max 41,structured,1
DEC029_NO_FEEDBACK,train_kb,conservative_noisy_or_conflict_adjusted,Zenbyte Headphones Max 41,belongs_to_category,headphones,zenbyte headphones max 41|belongs_to_category|headphones,0.98,product_41,structured,structured_row:Zenbyte Headphones Max 41,structured,1
DEC029_NO_FEEDBACK,train_kb,conservative_noisy_or_conflict_adjusted,Zenbyte Headphones Max 41,has_price_usd,249,zenbyte headphones max 41|has_price_usd|249,0.98,product_41,structured,structured_row:Zenbyte Headphones Max 41,structured,1
DEC029_NO_FEEDBACK,train_kb,conservative_noisy_or_conflict_adjusted,Zenbyte Headphones Max 41,has_screen_size_inch,6.7,zenbyte headphones max 41|has_screen_size_inch|6.7,0.98,product_41,structured,structured_row:Zenbyte Headphones Max 41,structured,1
DEC029_NO_FEEDBACK,train_kb,conservative_noisy_or_conflict_adjusted,Zenbyte Headphones Max 41,has_ram_gb,12,zenbyte headphones max 41|has_ram_gb|12,0.98,product_41,structured,structured_row:Zenbyte Headphones Max 41,structured,1
DEC029_NO_FEEDBACK,train_kb,conservative_noisy_or_conflict_adjusted,Zenbyte Headphones Max 41,has_storage_gb,128,zenbyte headphones max 41|has_storage_gb|128,0.98,product_41,structured,structured_row:Zenbyte Headphones Max 41,structured,1
DEC029_NO_FEEDBACK,train_kb,conservative_noisy_or_conflict_adjusted,Zenbyte Headphones Max 41,has_battery_life_hours,10,zenbyte headphones max 41|has_battery_life_hours|10,0.98,product_41,structured,structured_row:Zenbyte Headphones Max 41,structured,1
DEC029_NO_FEEDBACK,train_kb,conservative_noisy_or_conflict_adjusted,Zenbyte Headphones Max 41,has_weight_kg,0.18,zenbyte headphones max 41|has_weight_kg|0.18,0.98,product_41,structured,structured_row:Zenbyte Headphones Max 41,structured,1
DEC029_NO_FEEDBACK,train_kb,conservative_noisy_or_conflict_adjusted,Zenbyte Headphones Max 41,has_color,black,zenbyte headphones max 41|has_color|black,0.98,product_41,structured,structured_row:Zenbyte Headphones Max 41,structured,1
DEC029_NO_FEEDBACK,train_kb,conservative_noisy_or_conflict_adjusted,Zenbyte Headphones Max 41,made_of_material,carbon fiber,zenbyte headphones max 41|made_of_material|carbon fiber,0.98,product_41,structured,structured_row:Zenbyte Headphones Max 41,structured,1
DEC029_NO_FEEDBACK,train_kb,conservative_noisy_or_conflict_adjusted,Zenbyte Headphones Max 41,target_market_region,US,zenbyte headphones max 41|target_market_region|us,0.98,product_41,structured,structured_row:Zenbyte Headphones Max 41,structured,1
DEC029_NO_FEEDBACK,train_kb,conservative_noisy_or_conflict_adjusted,Zenbyte Headphones Max 41,supports_fast_charging,no,zenbyte headphones max 41|supports_fast_charging|no,0.98,product_41,structured,structured_row:Zenbyte Headphones Max 41,structured,1
DEC029_NO_FEEDBACK,train_kb,conservative_noisy_or_conflict_adjusted,Zenbyte Headphones Max 41,has_noise_cancellation,yes,zenbyte headphones max 41|has_noise_cancellation|yes,0.98,product_41,structured,structured_row:Zenbyte Headphones Max 41,structured,1
DEC029_NO_FEEDBACK,train_kb,conservative_noisy_or_conflict_adjusted,TechNova Smartphone Pro 1,has_price_usd,249,technova smartphone pro 1|has_price_usd|249,0.85,product_41,unstructured,Priced at 249 USD. The display measures 6.7 inches. Comes with 12GB of RAM. Weighs approximately 0.18kg. Built with carbon fiber construction. Fast charging is no. Noise cancellation: yes.,unstructured,1
DEC029_NO_FEEDBACK,train_kb,conservative_noisy_or_conflict_adjusted,TechNova Smartphone Pro 1,has_screen_size_inch,6.7,technova smartphone pro 1|has_screen_size_inch|6.7,0.92,product_41,unstructured,Priced at 249 USD. The display measures 6.7 inches. Comes with 12GB of RAM. Weighs approximately 0.18kg. Built with carbon fiber construction. Fast charging is no. Noise cancellation: yes.,unstructured,1
DEC029_NO_FEEDBACK,train_kb,conservative_noisy_or_conflict_adjusted,TechNova Smartphone Pro 1,has_ram_gb,12,technova smartphone pro 1|has_ram_gb|12,0.88,product_41,unstructured,Priced at 249 USD. The display measures 6.7 inches. Comes with 12GB of RAM. Weighs approximately 0.18kg. Built with carbon fiber construction. Fast charging is no. Noise cancellation: yes.,unstructured,1
DEC029_NO_FEEDBACK,train_kb,conservative_noisy_or_conflict_adjusted,TechNova Smartphone Pro 1,has_weight_kg,0.18,technova smartphone pro 1|has_weight_kg|0.18,0.89,product_41,unstructured,Priced at 249 USD. The display measures 6.7 inches. Comes with 12GB of RAM. Weighs approximately 0.18kg. Built with carbon fiber construction. Fast charging is no. Noise cancellation: yes.,unstructured,1
DEC029_NO_FEEDBACK,train_kb,conservative_noisy_or_conflict_adjusted,TechNova Smartphone Pro 1,made_of_material,carbon fiber,technova smartphone pro 1|made_of_material|carbon fiber,0.9,product_41,unstructured,Priced at 249 USD. The display measures 6.7 inches. Comes with 12GB of RAM. Weighs approximately 0.18kg. Built with carbon fiber construction. Fast charging is no. Noise cancellation: yes.,unstructured,1
DEC029_NO_FEEDBACK,train_kb,conservative_noisy_or_conflict_adjusted,TechNova Smartphone Pro 1,supports_fast_charging,no,technova smartphone pro 1|supports_fast_charging|no,0.91,product_41,unstructured,Priced at 249 USD. The display measures 6.7 inches. Comes with 12GB of RAM. Weighs approximately 0.18kg. Built with carbon fiber construction. Fast charging is no. Noise cancellation: yes.,unstructured,1
DEC029_NO_FEEDBACK,train_kb,conservative_noisy_or_conflict_adjusted,TechNova Smartphone Pro 1,has_noise_cancellation,yes,technova smartphone pro 1|has_noise_cancellation|yes,0.94,product_41,unstructured,Priced at 249 USD. The display measures 6.7 inches. Comes with 12GB of RAM. Weighs approximately 0.18kg. Built with carbon fiber construction. Fast charging is no. Noise cancellation: yes.,unstructured,1
DEC029_NO_FEEDBACK,train_kb,conservative_noisy_or_conflict_adjusted,VoltEdge Smartphone Air 43,manufactured_by,VoltEdge,voltedge smartphone air 43|manufactured_by|voltedge,0.98,product_43,structured,structured_row:VoltEdge Smartphone Air 43,structured,1
DEC029_NO_FEEDBACK,train_kb,conservative_noisy_or_conflict_adjusted,VoltEdge Smartphone Air 43,belongs_to_category,smartphone,voltedge smartphone air 43|belongs_to_category|smartphone,0.98,product_43,structured,structured_row:VoltEdge Smartphone Air 43,structured,1
DEC029_NO_FEEDBACK,train_kb,conservative_noisy_or_conflict_adjusted,VoltEdge Smartphone Air 43,has_price_usd,1099,voltedge smartphone air 43|has_price_usd|1099,0.98,product_43,structured,structured_row:VoltEdge Smartphone Air 43,structured,1
DEC029_NO_FEEDBACK,train_kb,conservative_noisy_or_conflict_adjusted,VoltEdge Smartphone Air 43,has_screen_size_inch,10.9,voltedge smartphone air 43|has_screen_size_inch|10.9,0.98,product_43,structured,structured_row:VoltEdge Smartphone Air 43,structured,1
DEC029_NO_FEEDBACK,train_kb,conservative_noisy_or_conflict_adjusted,VoltEdge Smartphone Air 43,has_ram_gb,16,voltedge smartphone air 43|has_ram_gb|16,0.98,product_43,structured,structured_row:VoltEdge Smartphone Air 43,structured,1
DEC029_NO_FEEDBACK,train_kb,conservative_noisy_or_conflict_adjusted,VoltEdge Smartphone Air 43,has_storage_gb,256,voltedge smartphone air 43|has_storage_gb|256,0.98,product_43,structured,structured_row:VoltEdge Smartphone Air 43,structured,1
DEC029_NO_FEEDBACK,train_kb,conservative_noisy_or_conflict_adjusted,VoltEdge Smartphone Air 43,has_battery_life_hours,18,voltedge smartphone air 43|has_battery_life_hours|18,0.98,product_43,structured,structured_row:VoltEdge Smartphone Air 43,structured,1
DEC029_NO_FEEDBACK,train_kb,conservative_noisy_or_conflict_adjusted,VoltEdge Smartphone Air 43,has_weight_kg,0.55,voltedge smartphone air 43|has_weight_kg|0.55,0.98,product_43,structured,structured_row:VoltEdge Smartphone Air 43,structured,1
DEC029_NO_FEEDBACK,train_kb,conservative_noisy_or_conflict_adjusted,VoltEdge Smartphone Air 43,has_color,silver,voltedge smartphone air 43|has_color|silver,0.98,product_43,structured,structured_row:VoltEdge Smartphone Air 43,structured,1
DEC029_NO_FEEDBACK,train_kb,conservative_noisy_or_conflict_adjusted,VoltEdge Smartphone Air 43,made_of_material,aluminum,voltedge smartphone air 43|made_of_material|aluminum,0.98,product_43,structured,structured_row:VoltEdge Smartphone Air 43,structured,1
DEC029_NO_FEEDBACK,train_kb,conservative_noisy_or_conflict_adjusted,VoltEdge Smartphone Air 43,target_market_region,EU,voltedge smartphone air 43|target_market_region|eu,0.98,product_43,structured,structured_row:VoltEdge Smartphone Air 43,structured,1
DEC029_NO_FEEDBACK,train_kb,conservative_noisy_or_conflict_adjusted,VoltEdge Smartphone Air 43,supports_fast_charging,yes,voltedge smartphone air 43|supports_fast_charging|yes,0.98,product_43,structured,structured_row:VoltEdge Smartphone Air 43,structured,1
DEC029_NO_FEEDBACK,train_kb,conservative_noisy_or_conflict_adjusted,VoltEdge Smartphone Air 43,has_noise_cancellation,no,voltedge smartphone air 43|has_noise_cancellation|no,0.98,product_43,structured,structured_row:VoltEdge Smartphone Air 43,structured,1
DEC029_NO_FEEDBACK,train_kb,conservative_noisy_or_conflict_adjusted,VoltEdge Smartphone Air 43,manufactured_by,VoltEdge,voltedge smartphone air 43|manufactured_by|voltedge,0.85,product_43,unstructured,VoltEdge Smartphone Air 43 is manufactured by VoltEdge. Battery lasts up to 18 hours. Weighs approximately 0.55kg. Available in silver. Built with aluminum construction. Targeted at the EU market. Noise cancellation: no.,unstructured,1
DEC029_NO_FEEDBACK,train_kb,conservative_noisy_or_conflict_adjusted,VoltEdge Smartphone Air 43,has_battery_life_hours,18,voltedge smartphone air 43|has_battery_life_hours|18,0.92,product_43,unstructured,VoltEdge Smartphone Air 43 is manufactured by VoltEdge. Battery lasts up to 18 hours. Weighs approximately 0.55kg. Available in silver. Built with aluminum construction. Targeted at the EU market. Noise cancellation: no.,unstructured,1
DEC029_NO_FEEDBACK,train_kb,conservative_noisy_or_conflict_adjusted,VoltEdge Smartphone Air 43,has_weight_kg,0.55,voltedge smartphone air 43|has_weight_kg|0.55,0.88,product_43,unstructured,VoltEdge Smartphone Air 43 is manufactured by VoltEdge. Battery lasts up to 18 hours. Weighs approximately 0.55kg. Available in silver. Built with aluminum construction. Targeted at the EU market. Noise cancellation: no.,unstructured,1
DEC029_NO_FEEDBACK,train_kb,conservative_noisy_or_conflict_adjusted,VoltEdge Smartphone Air 43,has_color,silver,voltedge smartphone air 43|has_color|silver,0.9,product_43,unstructured,VoltEdge Smartphone Air 43 is manufactured by VoltEdge. Battery lasts up to 18 hours. Weighs approximately 0.55kg. Available in silver. Built with aluminum construction. Targeted at the EU market. Noise cancellation: no.,unstructured,1
DEC029_NO_FEEDBACK,train_kb,conservative_noisy_or_conflict_adjusted,VoltEdge Smartphone Air 43,made_of_material,aluminum,voltedge smartphone air 43|made_of_material|aluminum,0.85,product_43,unstructured,VoltEdge Smartphone Air 43 is manufactured by VoltEdge. Battery lasts up to 18 hours. Weighs approximately 0.55kg. Available in silver. Built with aluminum construction. Targeted at the EU market. Noise cancellation: no.,unstructured,1
DEC029_NO_FEEDBACK,train_kb,conservative_noisy_or_conflict_adjusted,VoltEdge Smartphone Air 43,target_market_region,EU,voltedge smartphone air 43|target_market_region|eu,0.91,product_43,unstructured,VoltEdge Smartphone Air 43 is manufactured by VoltEdge. Battery lasts up to 18 hours. Weighs approximately 0.55kg. Available in silver. Built with aluminum construction. Targeted at the EU market. Noise cancellation: no.,unstructured,1
DEC029_NO_FEEDBACK,train_kb,conservative_noisy_or_conflict_adjusted,VoltEdge Smartphone Air 43,supports_fast_charging,no,voltedge smartphone air 43|supports_fast_charging|no,0.86,product_43,unstructured,VoltEdge Smartphone Air 43 is manufactured by VoltEdge. Battery lasts up to 18 hours. Weighs approximately 0.55kg. Available in silver. Built with aluminum construction. Targeted at the EU market. Noise cancellation: no.,unstructured,1
DEC029_NO_FEEDBACK,train_kb,conservative_noisy_or_conflict_adjusted,VoltEdge Headphones Plus 44,manufactured_by,VoltEdge,voltedge headphones plus 44|manufactured_by|voltedge,0.98,product_44,structured,structured_row:VoltEdge Headphones Plus 44,structured,1
DEC029_NO_FEEDBACK,train_kb,conservative_noisy_or_conflict_adjusted,VoltEdge Headphones Plus 44,belongs_to_category,headphones,voltedge headphones plus 44|belongs_to_category|headphones,0.98,product_44,structured,structured_row:VoltEdge Headphones Plus 44,structured,1
DEC029_NO_FEEDBACK,train_kb,conservative_noisy_or_conflict_adjusted,VoltEdge Headphones Plus 44,has_price_usd,199,voltedge headphones plus 44|has_price_usd|199,0.98,product_44,structured,structured_row:VoltEdge Headphones Plus 44,structured,1
DEC029_NO_FEEDBACK,train_kb,conservative_noisy_or_conflict_adjusted,VoltEdge Headphones Plus 44,has_screen_size_inch,15.6,voltedge headphones plus 44|has_screen_size_inch|15.6,0.98,product_44,structured,structured_row:VoltEdge Headphones Plus 44,structured,1
DEC029_NO_FEEDBACK,train_kb,conservative_noisy_or_conflict_adjusted,VoltEdge Headphones Plus 44,has_ram_gb,6,voltedge headphones plus 44|has_ram_gb|6,0.98,product_44,structured,structured_row:VoltEdge Headphones Plus 44,structured,1
DEC029_NO_FEEDBACK,train_kb,conservative_noisy_or_conflict_adjusted,VoltEdge Headphones Plus 44,has_storage_gb,64,voltedge headphones plus 44|has_storage_gb|64,0.98,product_44,structured,structured_row:VoltEdge Headphones Plus 44,structured,1
DEC029_NO_FEEDBACK,train_kb,conservative_noisy_or_conflict_adjusted,VoltEdge Headphones Plus 44,has_battery_life_hours,18,voltedge headphones plus 44|has_battery_life_hours|18,0.98,product_44,structured,structured_row:VoltEdge Headphones Plus 44,structured,1
DEC029_NO_FEEDBACK,train_kb,conservative_noisy_or_conflict_adjusted,VoltEdge Headphones Plus 44,has_weight_kg,0.18,voltedge headphones plus 44|has_weight_kg|0.18,0.98,product_44,structured,structured_row:VoltEdge Headphones Plus 44,structured,1
DEC029_NO_FEEDBACK,train_kb,conservative_noisy_or_conflict_adjusted,VoltEdge Headphones Plus 44,has_color,green,voltedge headphones plus 44|has_color|green,0.98,product_44,structured,structured_row:VoltEdge Headphones Plus 44,structured,1
DEC029_NO_FEEDBACK,train_kb,conservative_noisy_or_conflict_adjusted,VoltEdge Headphones Plus 44,made_of_material,carbon fiber,voltedge headphones plus 44|made_of_material|carbon fiber,0.98,product_44,structured,structured_row:VoltEdge Headphones Plus 44,structured,1
DEC029_NO_FEEDBACK,train_kb,conservative_noisy_or_conflict_adjusted,VoltEdge Headphones Plus 44,target_market_region,EU,voltedge headphones plus 44|target_market_region|eu,0.98,product_44,structured,structured_row:VoltEdge Headphones Plus 44,structured,1
DEC029_NO_FEEDBACK,train_kb,conservative_noisy_or_conflict_adjusted,VoltEdge Headphones Plus 44,supports_fast_charging,no,voltedge headphones plus 44|supports_fast_charging|no,0.98,product_44,structured,structured_row:VoltEdge Headphones Plus 44,structured,1
DEC029_NO_FEEDBACK,train_kb,conservative_noisy_or_conflict_adjusted,VoltEdge Headphones Plus 44,has_noise_cancellation,yes,voltedge headphones plus 44|has_noise_cancellation|yes,0.98,product_44,structured,structured_row:VoltEdge Headphones Plus 44,structured,1
DEC029_NO_FEEDBACK,train_kb,conservative_noisy_or_conflict_adjusted,headphones device,has_price_usd,199,headphones device|has_price_usd|199,0.85,product_44,unstructured,It is a headphones device. Priced at 199 USD. The display measures 15.6 inches. Comes with 6GB of RAM. Weighs approximately 0.18kg. Targeted at the EU market. Noise cancellation: yes.,unstructured,1
DEC029_NO_FEEDBACK,train_kb,conservative_noisy_or_conflict_adjusted,headphones device,has_screen_size_inch,15.6,headphones device|has_screen_size_inch|15.6,0.85,product_44,unstructured,It is a headphones device. Priced at 199 USD. The display measures 15.6 inches. Comes with 6GB of RAM. Weighs approximately 0.18kg. Targeted at the EU market. Noise cancellation: yes.,unstructured,1
DEC029_NO_FEEDBACK,train_kb,conservative_noisy_or_conflict_adjusted,headphones device,has_ram_gb,6,headphones device|has_ram_gb|6,0.85,product_44,unstructured,It is a headphones device. Priced at 199 USD. The display measures 15.6 inches. Comes with 6GB of RAM. Weighs approximately 0.18kg. Targeted at the EU market. Noise cancellation: yes.,unstructured,1
DEC029_NO_FEEDBACK,train_kb,conservative_noisy_or_conflict_adjusted,headphones device,has_weight_kg,0.18,headphones device|has_weight_kg|0.18,0.85,product_44,unstructured,It is a headphones device. Priced at 199 USD. The display measures 15.6 inches. Comes with 6GB of RAM. Weighs approximately 0.18kg. Targeted at the EU market. Noise cancellation: yes.,unstructured,1
DEC029_NO_FEEDBACK,train_kb,conservative_noisy_or_conflict_adjusted,headphones device,target_market_region,EU,headphones device|target_market_region|eu,0.85,product_44,unstructured,It is a headphones device. Priced at 199 USD. The display measures 15.6 inches. Comes with 6GB of RAM. Weighs approximately 0.18kg. Targeted at the EU market. Noise cancellation: yes.,unstructured,1
DEC029_NO_FEEDBACK,train_kb,conservative_noisy_or_conflict_adjusted,Auralex Tablet Plus 45,manufactured_by,Auralex,auralex tablet plus 45|manufactured_by|auralex,0.98,product_45,structured,structured_row:Auralex Tablet Plus 45,structured,1
DEC029_NO_FEEDBACK,train_kb,conservative_noisy_or_conflict_adjusted,Auralex Tablet Plus 45,belongs_to_category,tablet,auralex tablet plus 45|belongs_to_category|tablet,0.98,product_45,structured,structured_row:Auralex Tablet Plus 45,structured,1
DEC029_NO_FEEDBACK,train_kb,conservative_noisy_or_conflict_adjusted,Auralex Tablet Plus 45,has_price_usd,1299,auralex tablet plus 45|has_price_usd|1299,0.98,product_45,structured,structured_row:Auralex Tablet Plus 45,structured,1
DEC029_NO_FEEDBACK,train_kb,conservative_noisy_or_conflict_adjusted,Auralex Tablet Plus 45,has_screen_size_inch,13.3,auralex tablet plus 45|has_screen_size_inch|13.3,0.98,product_45,structured,structured_row:Auralex Tablet Plus 45,structured,1
DEC029_NO_FEEDBACK,train_kb,conservative_noisy_or_conflict_adjusted,Auralex Tablet Plus 45,has_ram_gb,4,auralex tablet plus 45|has_ram_gb|4,0.98,product_45,structured,structured_row:Auralex Tablet Plus 45,structured,1
DEC029_NO_FEEDBACK,train_kb,conservative_noisy_or_conflict_adjusted,Auralex Tablet Plus 45,has_storage_gb,512,auralex tablet plus 45|has_storage_gb|512,0.98,product_45,structured,structured_row:Auralex Tablet Plus 45,structured,1
DEC029_NO_FEEDBACK,train_kb,conservative_noisy_or_conflict_adjusted,Auralex Tablet Plus 45,has_battery_life_hours,24,auralex tablet plus 45|has_battery_life_hours|24,0.98,product_45,structured,structured_row:Auralex Tablet Plus 45,structured,1
DEC029_NO_FEEDBACK,train_kb,conservative_noisy_or_conflict_adjusted,Auralex Tablet Plus 45,has_weight_kg,0.23,auralex tablet plus 45|has_weight_kg|0.23,0.98,product_45,structured,structured_row:Auralex Tablet Plus 45,structured,1
DEC029_NO_FEEDBACK,train_kb,conservative_noisy_or_conflict_adjusted,Auralex Tablet Plus 45,has_color,white,auralex tablet plus 45|has_color|white,0.98,product_45,structured,structured_row:Auralex Tablet Plus 45,structured,1
DEC029_NO_FEEDBACK,train_kb,conservative_noisy_or_conflict_adjusted,Auralex Tablet Plus 45,made_of_material,aluminum,auralex tablet plus 45|made_of_material|aluminum,0.98,product_45,structured,structured_row:Auralex Tablet Plus 45,structured,1
DEC029_NO_FEEDBACK,train_kb,conservative_noisy_or_conflict_adjusted,Auralex Tablet Plus 45,target_market_region,EU,auralex tablet plus 45|target_market_region|eu,0.98,product_45,structured,structured_row:Auralex Tablet Plus 45,structured,1
DEC029_NO_FEEDBACK,train_kb,conservative_noisy_or_conflict_adjusted,Auralex Tablet Plus 45,supports_fast_charging,yes,auralex tablet plus 45|supports_fast_charging|yes,0.98,product_45,structured,structured_row:Auralex Tablet Plus 45,structured,1
DEC029_NO_FEEDBACK,train_kb,conservative_noisy_or_conflict_adjusted,Auralex Tablet Plus 45,has_noise_cancellation,no,auralex tablet plus 45|has_noise_cancellation|no,0.98,product_45,structured,structured_row:Auralex Tablet Plus 45,structured,1
DEC029_NO_FEEDBACK,train_kb,conservative_noisy_or_conflict_adjusted,Auralex Tablet Plus 45,manufactured_by,Auralex,auralex tablet plus 45|manufactured_by|auralex,0.92,product_45,unstructured,Auralex Tablet Plus 45 is manufactured by Auralex. Priced at 1299 USD. Comes with 4GB of RAM. Battery lasts up to 24 hours. Weighs approximately 0.23kg. Fast charging is yes. Noise cancellation: no.,unstructured,1
DEC029_NO_FEEDBACK,train_kb,conservative_noisy_or_conflict_adjusted,Auralex Tablet Plus 45,has_price_usd,1299,auralex tablet plus 45|has_price_usd|1299,0.93,product_45,unstructured,Auralex Tablet Plus 45 is manufactured by Auralex. Priced at 1299 USD. Comes with 4GB of RAM. Battery lasts up to 24 hours. Weighs approximately 0.23kg. Fast charging is yes. Noise cancellation: no.,unstructured,1
DEC029_NO_FEEDBACK,train_kb,conservative_noisy_or_conflict_adjusted,Auralex Tablet Plus 45,has_ram_gb,4,auralex tablet plus 45|has_ram_gb|4,0.94,product_45,unstructured,Auralex Tablet Plus 45 is manufactured by Auralex. Priced at 1299 USD. Comes with 4GB of RAM. Battery lasts up to 24 hours. Weighs approximately 0.23kg. Fast charging is yes. Noise cancellation: no.,unstructured,1
DEC029_NO_FEEDBACK,train_kb,conservative_noisy_or_conflict_adjusted,Auralex Tablet Plus 45,has_battery_life_hours,24,auralex tablet plus 45|has_battery_life_hours|24,0.95,product_45,unstructured,Auralex Tablet Plus 45 is manufactured by Auralex. Priced at 1299 USD. Comes with 4GB of RAM. Battery lasts up to 24 hours. Weighs approximately 0.23kg. Fast charging is yes. Noise cancellation: no.,unstructured,1
DEC029_NO_FEEDBACK,train_kb,conservative_noisy_or_conflict_adjusted,Auralex Tablet Plus 45,has_weight_kg,0.23,auralex tablet plus 45|has_weight_kg|0.23,0.96,product_45,unstructured,Auralex Tablet Plus 45 is manufactured by Auralex. Priced at 1299 USD. Comes with 4GB of RAM. Battery lasts up to 24 hours. Weighs approximately 0.23kg. Fast charging is yes. Noise cancellation: no.,unstructured,1
DEC029_NO_FEEDBACK,train_kb,conservative_noisy_or_conflict_adjusted,Auralex Tablet Plus 45,supports_fast_charging,yes,auralex tablet plus 45|supports_fast_charging|yes,0.85,product_45,unstructured,Auralex Tablet Plus 45 is manufactured by Auralex. Priced at 1299 USD. Comes with 4GB of RAM. Battery lasts up to 24 hours. Weighs approximately 0.23kg. Fast charging is yes. Noise cancellation: no.,unstructured,1
DEC029_NO_FEEDBACK,train_kb,conservative_noisy_or_conflict_adjusted,Auralex Tablet Plus 45,has_noise_cancellation,no,auralex tablet plus 45|has_noise_cancellation|no,0.85,product_45,unstructured,Auralex Tablet Plus 45 is manufactured by Auralex. Priced at 1299 USD. Comes with 4GB of RAM. Battery lasts up to 24 hours. Weighs approximately 0.23kg. Fast charging is yes. Noise cancellation: no.,unstructured,1
DEC029_NO_FEEDBACK,train_kb,conservative_noisy_or_conflict_adjusted,TechNova Smartwatch Plus 47,manufactured_by,TechNova,technova smartwatch plus 47|manufactured_by|technova,0.98,product_47,structured,structured_row:TechNova Smartwatch Plus 47,structured,1
DEC029_NO_FEEDBACK,train_kb,conservative_noisy_or_conflict_adjusted,TechNova Smartwatch Plus 47,belongs_to_category,smartwatch,technova smartwatch plus 47|belongs_to_category|smartwatch,0.98,product_47,structured,structured_row:TechNova Smartwatch Plus 47,structured,1
DEC029_NO_FEEDBACK,train_kb,conservative_noisy_or_conflict_adjusted,TechNova Smartwatch Plus 47,has_price_usd,249,technova smartwatch plus 47|has_price_usd|249,0.98,product_47,structured,structured_row:TechNova Smartwatch Plus 47,structured,1
DEC029_NO_FEEDBACK,train_kb,conservative_noisy_or_conflict_adjusted,TechNova Smartwatch Plus 47,has_screen_size_inch,14.0,technova smartwatch plus 47|has_screen_size_inch|14.0,0.98,product_47,structured,structured_row:TechNova Smartwatch Plus 47,structured,1
DEC029_NO_FEEDBACK,train_kb,conservative_noisy_or_conflict_adjusted,TechNova Smartwatch Plus 47,has_ram_gb,32,technova smartwatch plus 47|has_ram_gb|32,0.98,product_47,structured,structured_row:TechNova Smartwatch Plus 47,structured,1
DEC029_NO_FEEDBACK,train_kb,conservative_noisy_or_conflict_adjusted,TechNova Smartwatch Plus 47,has_storage_gb,128,technova smartwatch plus 47|has_storage_gb|128,0.98,product_47,structured,structured_row:TechNova Smartwatch Plus 47,structured,1
DEC029_NO_FEEDBACK,train_kb,conservative_noisy_or_conflict_adjusted,TechNova Smartwatch Plus 47,has_battery_life_hours,14,technova smartwatch plus 47|has_battery_life_hours|14,0.98,product_47,structured,structured_row:TechNova Smartwatch Plus 47,structured,1
DEC029_NO_FEEDBACK,train_kb,conservative_noisy_or_conflict_adjusted,TechNova Smartwatch Plus 47,has_weight_kg,0.42,technova smartwatch plus 47|has_weight_kg|0.42,0.98,product_47,structured,structured_row:TechNova Smartwatch Plus 47,structured,1
DEC029_NO_FEEDBACK,train_kb,conservative_noisy_or_conflict_adjusted,TechNova Smartwatch Plus 47,has_color,silver,technova smartwatch plus 47|has_color|silver,0.98,product_47,structured,structured_row:TechNova Smartwatch Plus 47,structured,1
DEC029_NO_FEEDBACK,train_kb,conservative_noisy_or_conflict_adjusted,TechNova Smartwatch Plus 47,made_of_material,aluminum,technova smartwatch plus 47|made_of_material|aluminum,0.98,product_47,structured,structured_row:TechNova Smartwatch Plus 47,structured,1
DEC029_NO_FEEDBACK,train_kb,conservative_noisy_or_conflict_adjusted,TechNova Smartwatch Plus 47,target_market_region,US,technova smartwatch plus 47|target_market_region|us,0.98,product_47,structured,structured_row:TechNova Smartwatch Plus 47,structured,1
DEC029_NO_FEEDBACK,train_kb,conservative_noisy_or_conflict_adjusted,TechNova Smartwatch Plus 47,supports_fast_charging,yes,technova smartwatch plus 47|supports_fast_charging|yes,0.98,product_47,structured,structured_row:TechNova Smartwatch Plus 47,structured,1
DEC029_NO_FEEDBACK,train_kb,conservative_noisy_or_conflict_adjusted,TechNova Smartwatch Plus 47,has_noise_cancellation,no,technova smartwatch plus 47|has_noise_cancellation|no,0.98,product_47,structured,structured_row:TechNova Smartwatch Plus 47,structured,1
DEC029_NO_FEEDBACK,train_kb,conservative_noisy_or_conflict_adjusted,TechNova Smartwatch Plus 47,manufactured_by,TechNova,technova smartwatch plus 47|manufactured_by|technova,0.95,product_47,unstructured,TechNova Smartwatch Plus 47 is manufactured by TechNova. It is a smartwatch device. The display measures 14.0 inches. Offers 128GB of internal storage. Battery lasts up to 14 hours. Available in silver. Built with aluminum construction.,unstructured,1
DEC029_NO_FEEDBACK,train_kb,conservative_noisy_or_conflict_adjusted,TechNova Smartwatch Plus 47,belongs_to_category,smartwatch device,technova smartwatch plus 47|belongs_to_category|smartwatch device,0.92,product_47,unstructured,TechNova Smartwatch Plus 47 is manufactured by TechNova. It is a smartwatch device. The display measures 14.0 inches. Offers 128GB of internal storage. Battery lasts up to 14 hours. Available in silver. Built with aluminum construction.,unstructured,1
DEC029_NO_FEEDBACK,train_kb,conservative_noisy_or_conflict_adjusted,TechNova Smartwatch Plus 47,has_screen_size_inch,14.0,technova smartwatch plus 47|has_screen_size_inch|14.0,0.93,product_47,unstructured,TechNova Smartwatch Plus 47 is manufactured by TechNova. It is a smartwatch device. The display measures 14.0 inches. Offers 128GB of internal storage. Battery lasts up to 14 hours. Available in silver. Built with aluminum construction.,unstructured,1
DEC029_NO_FEEDBACK,train_kb,conservative_noisy_or_conflict_adjusted,TechNova Smartwatch Plus 47,has_storage_gb,128,technova smartwatch plus 47|has_storage_gb|128,0.94,product_47,unstructured,TechNova Smartwatch Plus 47 is manufactured by TechNova. It is a smartwatch device. The display measures 14.0 inches. Offers 128GB of internal storage. Battery lasts up to 14 hours. Available in silver. Built with aluminum construction.,unstructured,1
DEC029_NO_FEEDBACK,train_kb,conservative_noisy_or_conflict_adjusted,TechNova Smartwatch Plus 47,has_battery_life_hours,14,technova smartwatch plus 47|has_battery_life_hours|14,0.9,product_47,unstructured,TechNova Smartwatch Plus 47 is manufactured by TechNova. It is a smartwatch device. The display measures 14.0 inches. Offers 128GB of internal storage. Battery lasts up to 14 hours. Available in silver. Built with aluminum construction.,unstructured,1
DEC029_NO_FEEDBACK,train_kb,conservative_noisy_or_conflict_adjusted,TechNova Smartwatch Plus 47,has_color,silver,technova smartwatch plus 47|has_color|silver,0.91,product_47,unstructured,TechNova Smartwatch Plus 47 is manufactured by TechNova. It is a smartwatch device. The display measures 14.0 inches. Offers 128GB of internal storage. Battery lasts up to 14 hours. Available in silver. Built with aluminum construction.,unstructured,1
DEC029_NO_FEEDBACK,train_kb,conservative_noisy_or_conflict_adjusted,TechNova Smartwatch Plus 47,made_of_material,aluminum,technova smartwatch plus 47|made_of_material|aluminum,0.96,product_47,unstructured,TechNova Smartwatch Plus 47 is manufactured by TechNova. It is a smartwatch device. The display measures 14.0 inches. Offers 128GB of internal storage. Battery lasts up to 14 hours. Available in silver. Built with aluminum construction.,unstructured,1
DEC029_NO_FEEDBACK,train_kb,conservative_noisy_or_conflict_adjusted,PixelWare Laptop Max 48,manufactured_by,PixelWare,pixelware laptop max 48|manufactured_by|pixelware,0.98,product_48,structured,structured_row:PixelWare Laptop Max 48,structured,1
DEC029_NO_FEEDBACK,train_kb,conservative_noisy_or_conflict_adjusted,PixelWare Laptop Max 48,belongs_to_category,laptop,pixelware laptop max 48|belongs_to_category|laptop,0.98,product_48,structured,structured_row:PixelWare Laptop Max 48,structured,1
DEC029_NO_FEEDBACK,train_kb,conservative_noisy_or_conflict_adjusted,PixelWare Laptop Max 48,has_price_usd,899,pixelware laptop max 48|has_price_usd|899,0.98,product_48,structured,structured_row:PixelWare Laptop Max 48,structured,1
DEC029_NO_FEEDBACK,train_kb,conservative_noisy_or_conflict_adjusted,PixelWare Laptop Max 48,has_screen_size_inch,14.0,pixelware laptop max 48|has_screen_size_inch|14.0,0.98,product_48,structured,structured_row:PixelWare Laptop Max 48,structured,1
DEC029_NO_FEEDBACK,train_kb,conservative_noisy_or_conflict_adjusted,PixelWare Laptop Max 48,has_ram_gb,32,pixelware laptop max 48|has_ram_gb|32,0.98,product_48,structured,structured_row:PixelWare Laptop Max 48,structured,1
DEC029_NO_FEEDBACK,train_kb,conservative_noisy_or_conflict_adjusted,PixelWare Laptop Max 48,has_storage_gb,64,pixelware laptop max 48|has_storage_gb|64,0.98,product_48,structured,structured_row:PixelWare Laptop Max 48,structured,1
DEC029_NO_FEEDBACK,train_kb,conservative_noisy_or_conflict_adjusted,PixelWare Laptop Max 48,has_battery_life_hours,20,pixelware laptop max 48|has_battery_life_hours|20,0.98,product_48,structured,structured_row:PixelWare Laptop Max 48,structured,1
DEC029_NO_FEEDBACK,train_kb,conservative_noisy_or_conflict_adjusted,PixelWare Laptop Max 48,has_weight_kg,0.55,pixelware laptop max 48|has_weight_kg|0.55,0.98,product_48,structured,structured_row:PixelWare Laptop Max 48,structured,1
DEC029_NO_FEEDBACK,train_kb,conservative_noisy_or_conflict_adjusted,PixelWare Laptop Max 48,has_color,silver,pixelware laptop max 48|has_color|silver,0.98,product_48,structured,structured_row:PixelWare Laptop Max 48,structured,1
DEC029_NO_FEEDBACK,train_kb,conservative_noisy_or_conflict_adjusted,PixelWare Laptop Max 48,made_of_material,carbon fiber,pixelware laptop max 48|made_of_material|carbon fiber,0.98,product_48,structured,structured_row:PixelWare Laptop Max 48,structured,1
DEC029_NO_FEEDBACK,train_kb,conservative_noisy_or_conflict_adjusted,PixelWare Laptop Max 48,target_market_region,US,pixelware laptop max 48|target_market_region|us,0.98,product_48,structured,structured_row:PixelWare Laptop Max 48,structured,1
DEC029_NO_FEEDBACK,train_kb,conservative_noisy_or_conflict_adjusted,PixelWare Laptop Max 48,supports_fast_charging,yes,pixelware laptop max 48|supports_fast_charging|yes,0.98,product_48,structured,structured_row:PixelWare Laptop Max 48,structured,1
DEC029_NO_FEEDBACK,train_kb,conservative_noisy_or_conflict_adjusted,PixelWare Laptop Max 48,has_noise_cancellation,no,pixelware laptop max 48|has_noise_cancellation|no,0.98,product_48,structured,structured_row:PixelWare Laptop Max 48,structured,1
DEC029_NO_FEEDBACK,train_kb,conservative_noisy_or_conflict_adjusted,VoltEdge Headphones Plus 49,manufactured_by,VoltEdge,voltedge headphones plus 49|manufactured_by|voltedge,0.98,product_49,structured,structured_row:VoltEdge Headphones Plus 49,structured,1
DEC029_NO_FEEDBACK,train_kb,conservative_noisy_or_conflict_adjusted,VoltEdge Headphones Plus 49,belongs_to_category,headphones,voltedge headphones plus 49|belongs_to_category|headphones,0.98,product_49,structured,structured_row:VoltEdge Headphones Plus 49,structured,1
DEC029_NO_FEEDBACK,train_kb,conservative_noisy_or_conflict_adjusted,VoltEdge Headphones Plus 49,has_price_usd,199,voltedge headphones plus 49|has_price_usd|199,0.98,product_49,structured,structured_row:VoltEdge Headphones Plus 49,structured,1
DEC029_NO_FEEDBACK,train_kb,conservative_noisy_or_conflict_adjusted,VoltEdge Headphones Plus 49,has_screen_size_inch,13.3,voltedge headphones plus 49|has_screen_size_inch|13.3,0.98,product_49,structured,structured_row:VoltEdge Headphones Plus 49,structured,1
DEC029_NO_FEEDBACK,train_kb,conservative_noisy_or_conflict_adjusted,VoltEdge Headphones Plus 49,has_ram_gb,32,voltedge headphones plus 49|has_ram_gb|32,0.98,product_49,structured,structured_row:VoltEdge Headphones Plus 49,structured,1
DEC029_NO_FEEDBACK,train_kb,conservative_noisy_or_conflict_adjusted,VoltEdge Headphones Plus 49,has_storage_gb,1024,voltedge headphones plus 49|has_storage_gb|1024,0.98,product_49,structured,structured_row:VoltEdge Headphones Plus 49,structured,1
DEC029_NO_FEEDBACK,train_kb,conservative_noisy_or_conflict_adjusted,VoltEdge Headphones Plus 49,has_battery_life_hours,24,voltedge headphones plus 49|has_battery_life_hours|24,0.98,product_49,structured,structured_row:VoltEdge Headphones Plus 49,structured,1
DEC029_NO_FEEDBACK,train_kb,conservative_noisy_or_conflict_adjusted,VoltEdge Headphones Plus 49,has_weight_kg,1.45,voltedge headphones plus 49|has_weight_kg|1.45,0.98,product_49,structured,structured_row:VoltEdge Headphones Plus 49,structured,1
DEC029_NO_FEEDBACK,train_kb,conservative_noisy_or_conflict_adjusted,VoltEdge Headphones Plus 49,has_color,blue,voltedge headphones plus 49|has_color|blue,0.98,product_49,structured,structured_row:VoltEdge Headphones Plus 49,structured,1
DEC029_NO_FEEDBACK,train_kb,conservative_noisy_or_conflict_adjusted,VoltEdge Headphones Plus 49,made_of_material,plastic,voltedge headphones plus 49|made_of_material|plastic,0.98,product_49,structured,structured_row:VoltEdge Headphones Plus 49,structured,1
DEC029_NO_FEEDBACK,train_kb,conservative_noisy_or_conflict_adjusted,VoltEdge Headphones Plus 49,target_market_region,Global,voltedge headphones plus 49|target_market_region|global,0.98,product_49,structured,structured_row:VoltEdge Headphones Plus 49,structured,1
DEC029_NO_FEEDBACK,train_kb,conservative_noisy_or_conflict_adjusted,VoltEdge Headphones Plus 49,supports_fast_charging,no,voltedge headphones plus 49|supports_fast_charging|no,0.98,product_49,structured,structured_row:VoltEdge Headphones Plus 49,structured,1
DEC029_NO_FEEDBACK,train_kb,conservative_noisy_or_conflict_adjusted,VoltEdge Headphones Plus 49,has_noise_cancellation,no,voltedge headphones plus 49|has_noise_cancellation|no,0.98,product_49,structured,structured_row:VoltEdge Headphones Plus 49,structured,1
DEC029_NO_FEEDBACK,train_kb,conservative_noisy_or_conflict_adjusted,VoltEdge Headphones Plus 49,manufactured_by,VoltEdge,voltedge headphones plus 49|manufactured_by|voltedge,0.95,product_49,unstructured,VoltEdge Headphones Plus 49 is manufactured by VoltEdge. Priced at 199 USD. Comes with 32GB of RAM. Offers 1024GB of internal storage. Battery lasts up to 24 hours. Targeted at the Global market. Noise cancellation: no.,unstructured,1
DEC029_NO_FEEDBACK,train_kb,conservative_noisy_or_conflict_adjusted,VoltEdge Headphones Plus 49,has_price_usd,199,voltedge headphones plus 49|has_price_usd|199,0.95,product_49,unstructured,VoltEdge Headphones Plus 49 is manufactured by VoltEdge. Priced at 199 USD. Comes with 32GB of RAM. Offers 1024GB of internal storage. Battery lasts up to 24 hours. Targeted at the Global market. Noise cancellation: no.,unstructured,1
DEC029_NO_FEEDBACK,train_kb,conservative_noisy_or_conflict_adjusted,VoltEdge Headphones Plus 49,has_ram_gb,32,voltedge headphones plus 49|has_ram_gb|32,0.95,product_49,unstructured,VoltEdge Headphones Plus 49 is manufactured by VoltEdge. Priced at 199 USD. Comes with 32GB of RAM. Offers 1024GB of internal storage. Battery lasts up to 24 hours. Targeted at the Global market. Noise cancellation: no.,unstructured,1
DEC029_NO_FEEDBACK,train_kb,conservative_noisy_or_conflict_adjusted,VoltEdge Headphones Plus 49,has_storage_gb,1024,voltedge headphones plus 49|has_storage_gb|1024,0.95,product_49,unstructured,VoltEdge Headphones Plus 49 is manufactured by VoltEdge. Priced at 199 USD. Comes with 32GB of RAM. Offers 1024GB of internal storage. Battery lasts up to 24 hours. Targeted at the Global market. Noise cancellation: no.,unstructured,1
DEC029_NO_FEEDBACK,train_kb,conservative_noisy_or_conflict_adjusted,VoltEdge Headphones Plus 49,has_battery_life_hours,24,voltedge headphones plus 49|has_battery_life_hours|24,0.95,product_49,unstructured,VoltEdge Headphones Plus 49 is manufactured by VoltEdge. Priced at 199 USD. Comes with 32GB of RAM. Offers 1024GB of internal storage. Battery lasts up to 24 hours. Targeted at the Global market. Noise cancellation: no.,unstructured,1
DEC029_NO_FEEDBACK,train_kb,conservative_noisy_or_conflict_adjusted,VoltEdge Headphones Plus 49,target_market_region,Global,voltedge headphones plus 49|target_market_region|global,0.95,product_49,unstructured,VoltEdge Headphones Plus 49 is manufactured by VoltEdge. Priced at 199 USD. Comes with 32GB of RAM. Offers 1024GB of internal storage. Battery lasts up to 24 hours. Targeted at the Global market. Noise cancellation: no.,unstructured,1
DEC029_NO_FEEDBACK,train_kb,conservative_noisy_or_conflict_adjusted,VoltEdge Headphones Plus 49,has_noise_cancellation,no,voltedge headphones plus 49|has_noise_cancellation|no,0.95,product_49,unstructured,VoltEdge Headphones Plus 49 is manufactured by VoltEdge. Priced at 199 USD. Comes with 32GB of RAM. Offers 1024GB of internal storage. Battery lasts up to 24 hours. Targeted at the Global market. Noise cancellation: no.,unstructured,1
DEC029_NO_FEEDBACK,train_kb,conservative_noisy_or_conflict_adjusted,NeoTech Headphones Max 50,manufactured_by,NeoTech,neotech headphones max 50|manufactured_by|neotech,0.98,product_50,structured,structured_row:NeoTech Headphones Max 50,structured,1
DEC029_NO_FEEDBACK,train_kb,conservative_noisy_or_conflict_adjusted,NeoTech Headphones Max 50,belongs_to_category,headphones,neotech headphones max 50|belongs_to_category|headphones,0.98,product_50,structured,structured_row:NeoTech Headphones Max 50,structured,1
DEC029_NO_FEEDBACK,train_kb,conservative_noisy_or_conflict_adjusted,NeoTech Headphones Max 50,has_price_usd,1299,neotech headphones max 50|has_price_usd|1299,0.98,product_50,structured,structured_row:NeoTech Headphones Max 50,structured,1
DEC029_NO_FEEDBACK,train_kb,conservative_noisy_or_conflict_adjusted,NeoTech Headphones Max 50,has_screen_size_inch,15.6,neotech headphones max 50|has_screen_size_inch|15.6,0.98,product_50,structured,structured_row:NeoTech Headphones Max 50,structured,1
DEC029_NO_FEEDBACK,train_kb,conservative_noisy_or_conflict_adjusted,NeoTech Headphones Max 50,has_ram_gb,12,neotech headphones max 50|has_ram_gb|12,0.98,product_50,structured,structured_row:NeoTech Headphones Max 50,structured,1
DEC029_NO_FEEDBACK,train_kb,conservative_noisy_or_conflict_adjusted,NeoTech Headphones Max 50,has_storage_gb,256,neotech headphones max 50|has_storage_gb|256,0.98,product_50,structured,structured_row:NeoTech Headphones Max 50,structured,1
DEC029_NO_FEEDBACK,train_kb,conservative_noisy_or_conflict_adjusted,NeoTech Headphones Max 50,has_battery_life_hours,14,neotech headphones max 50|has_battery_life_hours|14,0.98,product_50,structured,structured_row:NeoTech Headphones Max 50,structured,1
DEC029_NO_FEEDBACK,train_kb,conservative_noisy_or_conflict_adjusted,NeoTech Headphones Max 50,has_weight_kg,1.2,neotech headphones max 50|has_weight_kg|1.2,0.98,product_50,structured,structured_row:NeoTech Headphones Max 50,structured,1
DEC029_NO_FEEDBACK,train_kb,conservative_noisy_or_conflict_adjusted,NeoTech Headphones Max 50,has_color,silver,neotech headphones max 50|has_color|silver,0.98,product_50,structured,structured_row:NeoTech Headphones Max 50,structured,1
DEC029_NO_FEEDBACK,train_kb,conservative_noisy_or_conflict_adjusted,NeoTech Headphones Max 50,made_of_material,plastic,neotech headphones max 50|made_of_material|plastic,0.98,product_50,structured,structured_row:NeoTech Headphones Max 50,structured,1
DEC029_NO_FEEDBACK,train_kb,conservative_noisy_or_conflict_adjusted,NeoTech Headphones Max 50,target_market_region,Global,neotech headphones max 50|target_market_region|global,0.98,product_50,structured,structured_row:NeoTech Headphones Max 50,structured,1
DEC029_NO_FEEDBACK,train_kb,conservative_noisy_or_conflict_adjusted,NeoTech Headphones Max 50,supports_fast_charging,yes,neotech headphones max 50|supports_fast_charging|yes,0.98,product_50,structured,structured_row:NeoTech Headphones Max 50,structured,1
DEC029_NO_FEEDBACK,train_kb,conservative_noisy_or_conflict_adjusted,NeoTech Headphones Max 50,has_noise_cancellation,yes,neotech headphones max 50|has_noise_cancellation|yes,0.98,product_50,structured,structured_row:NeoTech Headphones Max 50,structured,1
DEC029_NO_FEEDBACK,train_kb,conservative_noisy_or_conflict_adjusted,headphones device,has_screen_size_inch,15.6,headphones device|has_screen_size_inch|15.6,0.85,product_50,unstructured,It is a headphones device. The display measures 15.6 inches. Comes with 12GB of RAM. Offers 256GB of internal storage. Available in silver. Targeted at the Global market. Noise cancellation: yes.,unstructured,1
DEC029_NO_FEEDBACK,train_kb,conservative_noisy_or_conflict_adjusted,headphones device,has_ram_gb,12,headphones device|has_ram_gb|12,0.92,product_50,unstructured,It is a headphones device. The display measures 15.6 inches. Comes with 12GB of RAM. Offers 256GB of internal storage. Available in silver. Targeted at the Global market. Noise cancellation: yes.,unstructured,1
DEC029_NO_FEEDBACK,train_kb,conservative_noisy_or_conflict_adjusted,headphones device,has_storage_gb,256,headphones device|has_storage_gb|256,0.88,product_50,unstructured,It is a headphones device. The display measures 15.6 inches. Comes with 12GB of RAM. Offers 256GB of internal storage. Available in silver. Targeted at the Global market. Noise cancellation: yes.,unstructured,1
DEC029_NO_FEEDBACK,train_kb,conservative_noisy_or_conflict_adjusted,headphones device,has_color,silver,headphones device|has_color|silver,0.9,product_50,unstructured,It is a headphones device. The display measures 15.6 inches. Comes with 12GB of RAM. Offers 256GB of internal storage. Available in silver. Targeted at the Global market. Noise cancellation: yes.,unstructured,1
DEC029_NO_FEEDBACK,train_kb,conservative_noisy_or_conflict_adjusted,headphones device,target_market_region,Global,headphones device|target_market_region|global,0.86,product_50,unstructured,It is a headphones device. The display measures 15.6 inches. Comes with 12GB of RAM. Offers 256GB of internal storage. Available in silver. Targeted at the Global market. Noise cancellation: yes.,unstructured,1
