experiment_id,run_id,prob_kb_version,iteration,subject,predicate,object,triple_key,observation_count,observation_confidences,functional_predicate,competitor_count,conservative_noisy_or_support,conflict_adjusted_final_confidence,threshold,above_threshold,previous_final_confidence,crossed_threshold_up,crossed_threshold_down,source_ids,source_types,provenance,gold_label,kb_size,status
DEC029_NO_FEEDBACK,train_kb,conservative_noisy_or_conflict_adjusted,4,Auralex Laptop Lite 1,manufactured_by,Auralex,auralex laptop lite 1|manufactured_by|auralex,1,[0.98],True,0,0.735,0.735,0.88,False,0.735,False,False,"[""product_1""]","[""structured""]","[""structured_row:Auralex Laptop Lite 1""]",0,584,candidate
DEC029_NO_FEEDBACK,train_kb,conservative_noisy_or_conflict_adjusted,4,Auralex Laptop Lite 1,belongs_to_category,laptop,auralex laptop lite 1|belongs_to_category|laptop,1,[0.98],True,0,0.735,0.735,0.88,False,0.735,False,False,"[""product_1""]","[""structured""]","[""structured_row:Auralex Laptop Lite 1""]",0,584,candidate
DEC029_NO_FEEDBACK,train_kb,conservative_noisy_or_conflict_adjusted,4,Auralex Laptop Lite 1,has_price_usd,199,auralex laptop lite 1|has_price_usd|199,1,[0.98],True,0,0.735,0.735,0.88,False,0.735,False,False,"[""product_1""]","[""structured""]","[""structured_row:Auralex Laptop Lite 1""]",1,584,candidate
DEC029_NO_FEEDBACK,train_kb,conservative_noisy_or_conflict_adjusted,4,Auralex Laptop Lite 1,has_screen_size_inch,14.0,auralex laptop lite 1|has_screen_size_inch|14.0,1,[0.98],True,0,0.735,0.735,0.88,False,0.735,False,False,"[""product_1""]","[""structured""]","[""structured_row:Auralex Laptop Lite 1""]",0,584,candidate
DEC029_NO_FEEDBACK,train_kb,conservative_noisy_or_conflict_adjusted,4,Auralex Laptop Lite 1,has_ram_gb,16,auralex laptop lite 1|has_ram_gb|16,1,[0.98],True,0,0.735,0.735,0.88,False,0.735,False,False,"[""product_1""]","[""structured""]","[""structured_row:Auralex Laptop Lite 1""]",1,584,candidate
DEC029_NO_FEEDBACK,train_kb,conservative_noisy_or_conflict_adjusted,4,Auralex Laptop Lite 1,has_storage_gb,64,auralex laptop lite 1|has_storage_gb|64,1,[0.98],True,0,0.735,0.735,0.88,False,0.735,False,False,"[""product_1""]","[""structured""]","[""structured_row:Auralex Laptop Lite 1""]",1,584,candidate
DEC029_NO_FEEDBACK,train_kb,conservative_noisy_or_conflict_adjusted,4,Auralex Laptop Lite 1,has_battery_life_hours,24,auralex laptop lite 1|has_battery_life_hours|24,1,[0.98],True,0,0.735,0.735,0.88,False,0.735,False,False,"[""product_1""]","[""structured""]","[""structured_row:Auralex Laptop Lite 1""]",0,584,candidate
DEC029_NO_FEEDBACK,train_kb,conservative_noisy_or_conflict_adjusted,4,Auralex Laptop Lite 1,has_weight_kg,0.55,auralex laptop lite 1|has_weight_kg|0.55,1,[0.98],True,0,0.735,0.735,0.88,False,0.735,False,False,"[""product_1""]","[""structured""]","[""structured_row:Auralex Laptop Lite 1""]",1,584,candidate
DEC029_NO_FEEDBACK,train_kb,conservative_noisy_or_conflict_adjusted,4,Auralex Laptop Lite 1,has_color,white,auralex laptop lite 1|has_color|white,1,[0.98],False,0,0.735,0.735,0.88,False,0.735,False,False,"[""product_1""]","[""structured""]","[""structured_row:Auralex Laptop Lite 1""]",1,584,candidate
DEC029_NO_FEEDBACK,train_kb,conservative_noisy_or_conflict_adjusted,4,Auralex Laptop Lite 1,made_of_material,aluminum,auralex laptop lite 1|made_of_material|aluminum,1,[0.98],True,0,0.735,0.735,0.88,False,0.735,False,False,"[""product_1""]","[""structured""]","[""structured_row:Auralex Laptop Lite 1""]",1,584,candidate
DEC029_NO_FEEDBACK,train_kb,conservative_noisy_or_conflict_adjusted,4,Auralex Laptop Lite 1,target_market_region,US,auralex laptop lite 1|target_market_region|us,1,[0.98],True,0,0.735,0.735,0.88,False,0.735,False,False,"[""product_1""]","[""structured""]","[""structured_row:Auralex Laptop Lite 1""]",1,584,candidate
DEC029_NO_FEEDBACK,train_kb,conservative_noisy_or_conflict_adjusted,4,Auralex Laptop Lite 1,supports_fast_charging,no,auralex laptop lite 1|supports_fast_charging|no,1,[0.98],True,0,0.735,0.735,0.88,False,0.735,False,False,"[""product_1""]","[""structured""]","[""structured_row:Auralex Laptop Lite 1""]",0,584,candidate
DEC029_NO_FEEDBACK,train_kb,conservative_noisy_or_conflict_adjusted,4,Auralex Laptop Lite 1,has_noise_cancellation,no,auralex laptop lite 1|has_noise_cancellation|no,1,[0.98],True,0,0.735,0.735,0.88,False,0.735,False,False,"[""product_1""]","[""structured""]","[""structured_row:Auralex Laptop Lite 1""]",0,584,candidate
DEC029_NO_FEEDBACK,train_kb,conservative_noisy_or_conflict_adjusted,4,TechNova Smartphone Pro 1,has_price_usd,199,technova smartphone pro 1|has_price_usd|199,3,"[0.92, 0.9, 0.91]",True,2,0.968011875,0.322670625,0.88,False,0.322670625,False,False,"[""product_1"", ""product_1"", ""product_1""]","[""unstructured"", ""unstructured"", ""unstructured""]","[""Priced at 199 USD. Comes with 16GB of RAM. Offers 64GB of internal storage. Weighs approximately 0.55kg. Available in white. Built with aluminum construction. Targeted at the US market."", ""Priced at 199 USD. Comes with 16GB of RAM. Offers 64GB of internal storage. Weighs approximately 0.55kg. Available in white. Built with aluminum construction. Targeted at the US market."", ""Priced at 199 USD. Comes with 16GB of RAM. Offers 64GB of internal storage. Weighs approximately 0.55kg. Available in white. Built with aluminum construction. Targeted at the US market.""]",0,584,candidate
DEC029_NO_FEEDBACK,train_kb,conservative_noisy_or_conflict_adjusted,4,TechNova Smartphone Pro 1,has_ram_gb,16,technova smartphone pro 1|has_ram_gb|16,8,"[0.93, 0.93, 0.9, 0.91, 0.91, 0.91, 0.91, 0.91]",True,2,0.9999040482793526,0.3333013494264509,0.88,False,0.3330160523424976,False,False,"[""product_1"", ""product_27"", ""product_1"", ""product_27"", ""product_1"", ""product_27"", ""product_1"", ""product_27""]","[""unstructured"", ""unstructured"", ""unstructured"", ""unstructured"", ""unstructured"", ""unstructured"", ""unstructured"", ""unstructured""]","[""Priced at 199 USD. Comes with 16GB of RAM. Offers 64GB of internal storage. Weighs approximately 0.55kg. Available in white. Built with aluminum construction. Targeted at the US market."", ""Priced at 899 USD. Comes with 16GB of RAM. Offers 512GB of internal storage. Battery lasts up to 24 hours. Weighs approximately 1.45kg. Built with plastic construction. Targeted at the APAC market."", ""Priced at 199 USD. Comes with 16GB of RAM. Offers 64GB of internal storage. Weighs approximately 0.55kg. Available in white. Built with aluminum construction. Targeted at the US market."", ""Priced at 899 USD. Comes with 16GB of RAM. Offers 512GB of internal storage. Battery lasts up to 24 hours. Weighs approximately 1.45kg. Built with plastic construction. Targeted at the APAC market."", ""Priced at 199 USD. Comes with 16GB of RAM. Offers 64GB of internal storage. Weighs approximately 0.55kg. Available in white. Built with aluminum construction. Targeted at the US market."", ""Priced at 899 USD. Comes with 16GB of RAM. Offers 512GB of internal storage. Battery lasts up to 24 hours. Weighs approximately 1.45kg. Built with plastic construction. Targeted at the APAC market."", ""Priced at 199 USD. Comes with 16GB of RAM. Offers 64GB of internal storage. Weighs approximately 0.55kg. Available in white. Built with aluminum construction. Targeted at the US market."", ""Priced at 899 USD. Comes with 16GB of RAM. Offers 512GB of internal storage. Battery lasts up to 24 hours. Weighs approximately 1.45kg. Built with plastic construction. Targeted at the APAC market.""]",0,584,candidate
DEC029_NO_FEEDBACK,train_kb,conservative_noisy_or_conflict_adjusted,4,TechNova Smartphone Pro 1,has_storage_gb,64,technova smartphone pro 1|has_storage_gb|64,5,"[0.94, 0.9, 0.91, 0.91, 0.91]",True,2,0.9969314262480469,0.3323104754160156,0.88,False,0.33011173359375,False,False,"[""product_1"", ""product_1"", ""product_1"", ""product_48"", ""product_1""]","[""unstructured"", ""unstructured"", ""unstructured"", ""unstructured"", ""unstructured""]","[""Priced at 199 USD. Comes with 16GB of RAM. Offers 64GB of internal storage. Weighs approximately 0.55kg. Available in white. Built with aluminum construction. Targeted at the US market."", ""Priced at 199 USD. Comes with 16GB of RAM. Offers 64GB of internal storage. Weighs approximately 0.55kg. Available in white. Built with aluminum construction. Targeted at the US market."", ""Priced at 199 USD. Comes with 16GB of RAM. Offers 64GB of internal storage. Weighs approximately 0.55kg. Available in white. Built with aluminum construction. Targeted at the US market."", ""It is a laptop device. Priced at 899 USD. Offers 64GB of internal storage. Weighs approximately 0.55kg. Available in silver. Built with carbon fiber construction. Targeted at the US market."", ""Priced at 199 USD. Comes with 16GB of RAM. Offers 64GB of internal storage. Weighs approximately 0.55kg. Available in white. Built with aluminum construction. Targeted at the US market.""]",0,584,candidate
DEC029_NO_FEEDBACK,train_kb,conservative_noisy_or_conflict_adjusted,4,TechNova Smartphone Pro 1,has_weight_kg,0.55,technova smartphone pro 1|has_weight_kg|0.55,5,"[0.95, 0.9, 0.91, 0.91, 0.91]",True,3,0.9970094408349609,0.24925236020874023,0.88,False,0.24764522900390626,False,False,"[""product_1"", ""product_1"", ""product_1"", ""product_48"", ""product_1""]","[""unstructured"", ""unstructured"", ""unstructured"", ""unstructured"", ""unstructured""]","[""Priced at 199 USD. Comes with 16GB of RAM. Offers 64GB of internal storage. Weighs approximately 0.55kg. Available in white. Built with aluminum construction. Targeted at the US market."", ""Priced at 199 USD. Comes with 16GB of RAM. Offers 64GB of internal storage. Weighs approximately 0.55kg. Available in white. Built with aluminum construction. Targeted at the US market."", ""Priced at 199 USD. Comes with 16GB of RAM. Offers 64GB of internal storage. Weighs approximately 0.55kg. Available in white. Built with aluminum construction. Targeted at the US market."", ""It is a laptop device. Priced at 899 USD. Offers 64GB of internal storage. Weighs approximately 0.55kg. Available in silver. Built with carbon fiber construction. Targeted at the US market."", ""Priced at 199 USD. Comes with 16GB of RAM. Offers 64GB of internal storage. Weighs approximately 0.55kg. Available in white. Built with aluminum construction. Targeted at the US market.""]",0,584,candidate
DEC029_NO_FEEDBACK,train_kb,conservative_noisy_or_conflict_adjusted,4,TechNova Smartphone Pro 1,has_color,white,technova smartphone pro 1|has_color|white,4,"[0.96, 0.9, 0.91, 0.91]",False,4,0.99082663125,0.99082663125,0.88,True,0.9711075,False,False,"[""product_1"", ""product_1"", ""product_1"", ""product_1""]","[""unstructured"", ""unstructured"", ""unstructured"", ""unstructured""]","[""Priced at 199 USD. Comes with 16GB of RAM. Offers 64GB of internal storage. Weighs approximately 0.55kg. Available in white. Built with aluminum construction. Targeted at the US market."", ""Priced at 199 USD. Comes with 16GB of RAM. Offers 64GB of internal storage. Weighs approximately 0.55kg. Available in white. Built with aluminum construction. Targeted at the US market."", ""Priced at 199 USD. Comes with 16GB of RAM. Offers 64GB of internal storage. Weighs approximately 0.55kg. Available in white. Built with aluminum construction. Targeted at the US market."", ""Priced at 199 USD. Comes with 16GB of RAM. Offers 64GB of internal storage. Weighs approximately 0.55kg. Available in white. Built with aluminum construction. Targeted at the US market.""]",0,584,candidate
DEC029_NO_FEEDBACK,train_kb,conservative_noisy_or_conflict_adjusted,4,TechNova Smartphone Pro 1,made_of_material,aluminum,technova smartphone pro 1|made_of_material|aluminum,4,"[0.92, 0.9, 0.91, 0.91]",True,2,0.9898437703125,0.3299479234375,0.88,False,0.322670625,False,False,"[""product_1"", ""product_1"", ""product_1"", ""product_1""]","[""unstructured"", ""unstructured"", ""unstructured"", ""unstructured""]","[""Priced at 199 USD. Comes with 16GB of RAM. Offers 64GB of internal storage. Weighs approximately 0.55kg. Available in white. Built with aluminum construction. Targeted at the US market."", ""Priced at 199 USD. Comes with 16GB of RAM. Offers 64GB of internal storage. Weighs approximately 0.55kg. Available in white. Built with aluminum construction. Targeted at the US market."", ""Priced at 199 USD. Comes with 16GB of RAM. Offers 64GB of internal storage. Weighs approximately 0.55kg. Available in white. Built with aluminum construction. Targeted at the US market."", ""Priced at 199 USD. Comes with 16GB of RAM. Offers 64GB of internal storage. Weighs approximately 0.55kg. Available in white. Built with aluminum construction. Targeted at the US market.""]",0,584,candidate
DEC029_NO_FEEDBACK,train_kb,conservative_noisy_or_conflict_adjusted,4,TechNova Smartphone Pro 1,target_market_region,US,technova smartphone pro 1|target_market_region|us,5,"[0.9, 0.9, 0.91, 0.91, 0.91]",True,2,0.9966193679003906,0.3322064559667969,0.88,False,0.32978411328125,False,False,"[""product_1"", ""product_1"", ""product_1"", ""product_48"", ""product_1""]","[""unstructured"", ""unstructured"", ""unstructured"", ""unstructured"", ""unstructured""]","[""Priced at 199 USD. Comes with 16GB of RAM. Offers 64GB of internal storage. Weighs approximately 0.55kg. Available in white. Built with aluminum construction. Targeted at the US market."", ""Priced at 199 USD. Comes with 16GB of RAM. Offers 64GB of internal storage. Weighs approximately 0.55kg. Available in white. Built with aluminum construction. Targeted at the US market."", ""Priced at 199 USD. Comes with 16GB of RAM. Offers 64GB of internal storage. Weighs approximately 0.55kg. Available in white. Built with aluminum construction. Targeted at the US market."", ""It is a laptop device. Priced at 899 USD. Offers 64GB of internal storage. Weighs approximately 0.55kg. Available in silver. Built with carbon fiber construction. Targeted at the US market."", ""Priced at 199 USD. Comes with 16GB of RAM. Offers 64GB of internal storage. Weighs approximately 0.55kg. Available in white. Built with aluminum construction. Targeted at the US market.""]",0,584,candidate
DEC029_NO_FEEDBACK,train_kb,conservative_noisy_or_conflict_adjusted,4,Auralex Smartphone Lite 2,manufactured_by,Auralex,auralex smartphone lite 2|manufactured_by|auralex,1,[0.98],True,0,0.735,0.735,0.88,False,0.735,False,False,"[""product_2""]","[""structured""]","[""structured_row:Auralex Smartphone Lite 2""]",0,584,candidate
DEC029_NO_FEEDBACK,train_kb,conservative_noisy_or_conflict_adjusted,4,Auralex Smartphone Lite 2,belongs_to_category,smartphone,auralex smartphone lite 2|belongs_to_category|smartphone,1,[0.98],True,0,0.735,0.735,0.88,False,0.735,False,False,"[""product_2""]","[""structured""]","[""structured_row:Auralex Smartphone Lite 2""]",1,584,candidate
DEC029_NO_FEEDBACK,train_kb,conservative_noisy_or_conflict_adjusted,4,Auralex Smartphone Lite 2,has_price_usd,499,auralex smartphone lite 2|has_price_usd|499,1,[0.98],True,0,0.735,0.735,0.88,False,0.735,False,False,"[""product_2""]","[""structured""]","[""structured_row:Auralex Smartphone Lite 2""]",0,584,candidate
DEC029_NO_FEEDBACK,train_kb,conservative_noisy_or_conflict_adjusted,4,Auralex Smartphone Lite 2,has_screen_size_inch,6.1,auralex smartphone lite 2|has_screen_size_inch|6.1,1,[0.98],True,0,0.735,0.735,0.88,False,0.735,False,False,"[""product_2""]","[""structured""]","[""structured_row:Auralex Smartphone Lite 2""]",0,584,candidate
DEC029_NO_FEEDBACK,train_kb,conservative_noisy_or_conflict_adjusted,4,Auralex Smartphone Lite 2,has_ram_gb,4,auralex smartphone lite 2|has_ram_gb|4,1,[0.98],True,0,0.735,0.735,0.88,False,0.735,False,False,"[""product_2""]","[""structured""]","[""structured_row:Auralex Smartphone Lite 2""]",1,584,candidate
DEC029_NO_FEEDBACK,train_kb,conservative_noisy_or_conflict_adjusted,4,Auralex Smartphone Lite 2,has_storage_gb,128,auralex smartphone lite 2|has_storage_gb|128,1,[0.98],True,0,0.735,0.735,0.88,False,0.735,False,False,"[""product_2""]","[""structured""]","[""structured_row:Auralex Smartphone Lite 2""]",1,584,candidate
DEC029_NO_FEEDBACK,train_kb,conservative_noisy_or_conflict_adjusted,4,Auralex Smartphone Lite 2,has_battery_life_hours,20,auralex smartphone lite 2|has_battery_life_hours|20,1,[0.98],True,0,0.735,0.735,0.88,False,0.735,False,False,"[""product_2""]","[""structured""]","[""structured_row:Auralex Smartphone Lite 2""]",0,584,candidate
DEC029_NO_FEEDBACK,train_kb,conservative_noisy_or_conflict_adjusted,4,Auralex Smartphone Lite 2,has_weight_kg,0.18,auralex smartphone lite 2|has_weight_kg|0.18,1,[0.98],True,0,0.735,0.735,0.88,False,0.735,False,False,"[""product_2""]","[""structured""]","[""structured_row:Auralex Smartphone Lite 2""]",0,584,candidate
DEC029_NO_FEEDBACK,train_kb,conservative_noisy_or_conflict_adjusted,4,Auralex Smartphone Lite 2,has_color,blue,auralex smartphone lite 2|has_color|blue,1,[0.98],False,0,0.735,0.735,0.88,False,0.735,False,False,"[""product_2""]","[""structured""]","[""structured_row:Auralex Smartphone Lite 2""]",0,584,candidate
DEC029_NO_FEEDBACK,train_kb,conservative_noisy_or_conflict_adjusted,4,Auralex Smartphone Lite 2,made_of_material,carbon fiber,auralex smartphone lite 2|made_of_material|carbon fiber,1,[0.98],True,0,0.735,0.735,0.88,False,0.735,False,False,"[""product_2""]","[""structured""]","[""structured_row:Auralex Smartphone Lite 2""]",1,584,candidate
DEC029_NO_FEEDBACK,train_kb,conservative_noisy_or_conflict_adjusted,4,Auralex Smartphone Lite 2,target_market_region,EU,auralex smartphone lite 2|target_market_region|eu,1,[0.98],True,0,0.735,0.735,0.88,False,0.735,False,False,"[""product_2""]","[""structured""]","[""structured_row:Auralex Smartphone Lite 2""]",1,584,candidate
DEC029_NO_FEEDBACK,train_kb,conservative_noisy_or_conflict_adjusted,4,Auralex Smartphone Lite 2,supports_fast_charging,yes,auralex smartphone lite 2|supports_fast_charging|yes,1,[0.98],True,0,0.735,0.735,0.88,False,0.735,False,False,"[""product_2""]","[""structured""]","[""structured_row:Auralex Smartphone Lite 2""]",1,584,candidate
DEC029_NO_FEEDBACK,train_kb,conservative_noisy_or_conflict_adjusted,4,Auralex Smartphone Lite 2,has_noise_cancellation,no,auralex smartphone lite 2|has_noise_cancellation|no,1,[0.98],True,0,0.735,0.735,0.88,False,0.735,False,False,"[""product_2""]","[""structured""]","[""structured_row:Auralex Smartphone Lite 2""]",1,584,candidate
DEC029_NO_FEEDBACK,train_kb,conservative_noisy_or_conflict_adjusted,4,It is a smartphone device,belongs_to_category,smartphone,it is a smartphone device|belongs_to_category|smartphone,1,[0.95],True,1,0.7124999999999999,0.35624999999999996,0.88,False,0.35624999999999996,False,False,"[""product_2""]","[""unstructured""]","[""It is a smartphone device. Comes with 4GB of RAM. Offers 128GB of internal storage. Built with carbon fiber construction. Targeted at the EU market. Fast charging is yes. Noise cancellation: no.""]",0,584,candidate
DEC029_NO_FEEDBACK,train_kb,conservative_noisy_or_conflict_adjusted,4,It is a smartphone device,has_ram_gb,4,it is a smartphone device|has_ram_gb|4,2,"[0.92, 0.92]",True,1,0.9039,0.45195,0.88,False,0.9039,False,True,"[""product_2"", ""product_2""]","[""unstructured"", ""unstructured""]","[""It is a smartphone device. Comes with 4GB of RAM. Offers 128GB of internal storage. Built with carbon fiber construction. Targeted at the EU market. Fast charging is yes. Noise cancellation: no."", ""It is a smartphone device. Comes with 4GB of RAM. Offers 128GB of internal storage. Built with carbon fiber construction. Targeted at the EU market. Fast charging is yes. Noise cancellation: no.""]",0,584,candidate
DEC029_NO_FEEDBACK,train_kb,conservative_noisy_or_conflict_adjusted,4,It is a smartphone device,has_storage_gb,128,it is a smartphone device|has_storage_gb|128,2,"[0.9, 0.93]",True,1,0.9016875,0.45084375,0.88,False,0.9016875,False,True,"[""product_2"", ""product_2""]","[""unstructured"", ""unstructured""]","[""It is a smartphone device. Comes with 4GB of RAM. Offers 128GB of internal storage. Built with carbon fiber construction. Targeted at the EU market. Fast charging is yes. Noise cancellation: no."", ""It is a smartphone device. Comes with 4GB of RAM. Offers 128GB of internal storage. Built with carbon fiber construction. Targeted at the EU market. Fast charging is yes. Noise cancellation: no.""]",0,584,candidate
DEC029_NO_FEEDBACK,train_kb,conservative_noisy_or_conflict_adjusted,4,It is a smartphone device,made_of_material,carbon fiber,it is a smartphone device|made_of_material|carbon fiber,3,"[0.94, 0.94, 0.91]",True,0,0.9723695625,0.9723695625,0.88,True,0.912975,False,False,"[""product_2"", ""product_2"", ""product_2""]","[""unstructured"", ""unstructured"", ""unstructured""]","[""It is a smartphone device. Comes with 4GB of RAM. Offers 128GB of internal storage. Built with carbon fiber construction. Targeted at the EU market. Fast charging is yes. Noise cancellation: no."", ""It is a smartphone device. Comes with 4GB of RAM. Offers 128GB of internal storage. Built with carbon fiber construction. Targeted at the EU market. Fast charging is yes. Noise cancellation: no."", ""It is a smartphone device. Comes with 4GB of RAM. Offers 128GB of internal storage. Built with carbon fiber construction. Targeted at the EU market. Fast charging is yes. Noise cancellation: no.""]",0,584,candidate
DEC029_NO_FEEDBACK,train_kb,conservative_noisy_or_conflict_adjusted,4,It is a smartphone device,target_market_region,EU,it is a smartphone device|target_market_region|eu,3,"[0.93, 0.95, 0.91]",True,0,0.9723874218749999,0.9723874218749999,0.88,True,0.91303125,False,False,"[""product_2"", ""product_2"", ""product_2""]","[""unstructured"", ""unstructured"", ""unstructured""]","[""It is a smartphone device. Comes with 4GB of RAM. Offers 128GB of internal storage. Built with carbon fiber construction. Targeted at the EU market. Fast charging is yes. Noise cancellation: no."", ""It is a smartphone device. Comes with 4GB of RAM. Offers 128GB of internal storage. Built with carbon fiber construction. Targeted at the EU market. Fast charging is yes. Noise cancellation: no."", ""It is a smartphone device. Comes with 4GB of RAM. Offers 128GB of internal storage. Built with carbon fiber construction. Targeted at the EU market. Fast charging is yes. Noise cancellation: no.""]",0,584,candidate
DEC029_NO_FEEDBACK,train_kb,conservative_noisy_or_conflict_adjusted,4,It is a smartphone device,supports_fast_charging,yes,it is a smartphone device|supports_fast_charging|yes,3,"[0.91, 0.96, 0.91]",True,0,0.97177425,0.97177425,0.88,True,0.9111,False,False,"[""product_2"", ""product_2"", ""product_2""]","[""unstructured"", ""unstructured"", ""unstructured""]","[""It is a smartphone device. Comes with 4GB of RAM. Offers 128GB of internal storage. Built with carbon fiber construction. Targeted at the EU market. Fast charging is yes. Noise cancellation: no."", ""It is a smartphone device. Comes with 4GB of RAM. Offers 128GB of internal storage. Built with carbon fiber construction. Targeted at the EU market. Fast charging is yes. Noise cancellation: no."", ""It is a smartphone device. Comes with 4GB of RAM. Offers 128GB of internal storage. Built with carbon fiber construction. Targeted at the EU market. Fast charging is yes. Noise cancellation: no.""]",0,584,candidate
DEC029_NO_FEEDBACK,train_kb,conservative_noisy_or_conflict_adjusted,4,It is a smartphone device,has_noise_cancellation,no,it is a smartphone device|has_noise_cancellation|no,3,"[0.88, 0.9, 0.91]",True,0,0.96491625,0.96491625,0.88,True,0.8895000000000001,False,False,"[""product_2"", ""product_2"", ""product_2""]","[""unstructured"", ""unstructured"", ""unstructured""]","[""It is a smartphone device. Comes with 4GB of RAM. Offers 128GB of internal storage. Built with carbon fiber construction. Targeted at the EU market. Fast charging is yes. Noise cancellation: no."", ""It is a smartphone device. Comes with 4GB of RAM. Offers 128GB of internal storage. Built with carbon fiber construction. Targeted at the EU market. Fast charging is yes. Noise cancellation: no."", ""It is a smartphone device. Comes with 4GB of RAM. Offers 128GB of internal storage. Built with carbon fiber construction. Targeted at the EU market. Fast charging is yes. Noise cancellation: no.""]",0,584,candidate
DEC029_NO_FEEDBACK,train_kb,conservative_noisy_or_conflict_adjusted,4,TechNova Smartphone Pro 8,manufactured_by,TechNova,technova smartphone pro 8|manufactured_by|technova,5,"[0.98, 0.95, 0.9, 0.91, 0.91]",True,0,0.9975039427441407,0.9975039427441407,0.88,True,0.99213840234375,False,False,"[""product_8"", ""product_8"", ""product_8"", ""product_8"", ""product_8""]","[""structured"", ""unstructured"", ""unstructured"", ""unstructured"", ""unstructured""]","[""structured_row:TechNova Smartphone Pro 8"", ""TechNova Smartphone Pro 8 is manufactured by TechNova. It is a smartphone device. Priced at 349 USD. The display measures 6.1 inches. Comes with 4GB of RAM. Targeted at the US market. Fast charging is yes."", ""TechNova Smartphone Pro 8 is manufactured by TechNova. It is a smartphone device. Priced at 349 USD. The display measures 6.1 inches. Comes with 4GB of RAM. Targeted at the US market. Fast charging is yes."", ""TechNova Smartphone Pro 8 is manufactured by TechNova. It is a smartphone device. Priced at 349 USD. The display measures 6.1 inches. Comes with 4GB of RAM. Targeted at the US market. Fast charging is yes."", ""TechNova Smartphone Pro 8 is manufactured by TechNova. It is a smartphone device. Priced at 349 USD. The display measures 6.1 inches. Comes with 4GB of RAM. Targeted at the US market. Fast charging is yes.""]",1,584,candidate
DEC029_NO_FEEDBACK,train_kb,conservative_noisy_or_conflict_adjusted,4,TechNova Smartphone Pro 8,belongs_to_category,smartphone,technova smartphone pro 8|belongs_to_category|smartphone,1,[0.98],True,1,0.735,0.3675,0.88,False,0.3675,False,False,"[""product_8""]","[""structured""]","[""structured_row:TechNova Smartphone Pro 8""]",1,584,candidate
DEC029_NO_FEEDBACK,train_kb,conservative_noisy_or_conflict_adjusted,4,TechNova Smartphone Pro 8,has_price_usd,349,technova smartphone pro 8|has_price_usd|349,5,"[0.98, 0.93, 0.9, 0.91, 0.91]",True,0,0.9973737136699219,0.9973737136699219,0.88,True,0.99172823203125,False,False,"[""product_8"", ""product_8"", ""product_8"", ""product_8"", ""product_8""]","[""structured"", ""unstructured"", ""unstructured"", ""unstructured"", ""unstructured""]","[""structured_row:TechNova Smartphone Pro 8"", ""TechNova Smartphone Pro 8 is manufactured by TechNova. It is a smartphone device. Priced at 349 USD. The display measures 6.1 inches. Comes with 4GB of RAM. Targeted at the US market. Fast charging is yes."", ""TechNova Smartphone Pro 8 is manufactured by TechNova. It is a smartphone device. Priced at 349 USD. The display measures 6.1 inches. Comes with 4GB of RAM. Targeted at the US market. Fast charging is yes."", ""TechNova Smartphone Pro 8 is manufactured by TechNova. It is a smartphone device. Priced at 349 USD. The display measures 6.1 inches. Comes with 4GB of RAM. Targeted at the US market. Fast charging is yes."", ""TechNova Smartphone Pro 8 is manufactured by TechNova. It is a smartphone device. Priced at 349 USD. The display measures 6.1 inches. Comes with 4GB of RAM. Targeted at the US market. Fast charging is yes.""]",1,584,candidate
DEC029_NO_FEEDBACK,train_kb,conservative_noisy_or_conflict_adjusted,4,TechNova Smartphone Pro 8,has_screen_size_inch,6.1,technova smartphone pro 8|has_screen_size_inch|6.1,5,"[0.98, 0.94, 0.9, 0.91, 0.91]",True,0,0.9974388282070312,0.9974388282070312,0.88,True,0.9919333171875,False,False,"[""product_8"", ""product_8"", ""product_8"", ""product_8"", ""product_8""]","[""structured"", ""unstructured"", ""unstructured"", ""unstructured"", ""unstructured""]","[""structured_row:TechNova Smartphone Pro 8"", ""TechNova Smartphone Pro 8 is manufactured by TechNova. It is a smartphone device. Priced at 349 USD. The display measures 6.1 inches. Comes with 4GB of RAM. Targeted at the US market. Fast charging is yes."", ""TechNova Smartphone Pro 8 is manufactured by TechNova. It is a smartphone device. Priced at 349 USD. The display measures 6.1 inches. Comes with 4GB of RAM. Targeted at the US market. Fast charging is yes."", ""TechNova Smartphone Pro 8 is manufactured by TechNova. It is a smartphone device. Priced at 349 USD. The display measures 6.1 inches. Comes with 4GB of RAM. Targeted at the US market. Fast charging is yes."", ""TechNova Smartphone Pro 8 is manufactured by TechNova. It is a smartphone device. Priced at 349 USD. The display measures 6.1 inches. Comes with 4GB of RAM. Targeted at the US market. Fast charging is yes.""]",1,584,candidate
DEC029_NO_FEEDBACK,train_kb,conservative_noisy_or_conflict_adjusted,4,TechNova Smartphone Pro 8,has_ram_gb,4,technova smartphone pro 8|has_ram_gb|4,5,"[0.98, 0.91, 0.9, 0.91, 0.91]",True,0,0.9972434845957031,0.9972434845957031,0.88,True,0.99131806171875,False,False,"[""product_8"", ""product_8"", ""product_8"", ""product_8"", ""product_8""]","[""structured"", ""unstructured"", ""unstructured"", ""unstructured"", ""unstructured""]","[""structured_row:TechNova Smartphone Pro 8"", ""TechNova Smartphone Pro 8 is manufactured by TechNova. It is a smartphone device. Priced at 349 USD. The display measures 6.1 inches. Comes with 4GB of RAM. Targeted at the US market. Fast charging is yes."", ""TechNova Smartphone Pro 8 is manufactured by TechNova. It is a smartphone device. Priced at 349 USD. The display measures 6.1 inches. Comes with 4GB of RAM. Targeted at the US market. Fast charging is yes."", ""TechNova Smartphone Pro 8 is manufactured by TechNova. It is a smartphone device. Priced at 349 USD. The display measures 6.1 inches. Comes with 4GB of RAM. Targeted at the US market. Fast charging is yes."", ""TechNova Smartphone Pro 8 is manufactured by TechNova. It is a smartphone device. Priced at 349 USD. The display measures 6.1 inches. Comes with 4GB of RAM. Targeted at the US market. Fast charging is yes.""]",1,584,candidate
DEC029_NO_FEEDBACK,train_kb,conservative_noisy_or_conflict_adjusted,4,TechNova Smartphone Pro 8,has_storage_gb,256,technova smartphone pro 8|has_storage_gb|256,1,[0.98],True,0,0.735,0.735,0.88,False,0.735,False,False,"[""product_8""]","[""structured""]","[""structured_row:TechNova Smartphone Pro 8""]",0,584,candidate
DEC029_NO_FEEDBACK,train_kb,conservative_noisy_or_conflict_adjusted,4,TechNova Smartphone Pro 8,has_battery_life_hours,10,technova smartphone pro 8|has_battery_life_hours|10,1,[0.98],True,0,0.735,0.735,0.88,False,0.735,False,False,"[""product_8""]","[""structured""]","[""structured_row:TechNova Smartphone Pro 8""]",0,584,candidate
DEC029_NO_FEEDBACK,train_kb,conservative_noisy_or_conflict_adjusted,4,TechNova Smartphone Pro 8,has_weight_kg,0.42,technova smartphone pro 8|has_weight_kg|0.42,1,[0.98],True,0,0.735,0.735,0.88,False,0.735,False,False,"[""product_8""]","[""structured""]","[""structured_row:TechNova Smartphone Pro 8""]",0,584,candidate
DEC029_NO_FEEDBACK,train_kb,conservative_noisy_or_conflict_adjusted,4,TechNova Smartphone Pro 8,has_color,green,technova smartphone pro 8|has_color|green,1,[0.98],False,0,0.735,0.735,0.88,False,0.735,False,False,"[""product_8""]","[""structured""]","[""structured_row:TechNova Smartphone Pro 8""]",0,584,candidate
DEC029_NO_FEEDBACK,train_kb,conservative_noisy_or_conflict_adjusted,4,TechNova Smartphone Pro 8,made_of_material,carbon fiber,technova smartphone pro 8|made_of_material|carbon fiber,1,[0.98],True,0,0.735,0.735,0.88,False,0.735,False,False,"[""product_8""]","[""structured""]","[""structured_row:TechNova Smartphone Pro 8""]",0,584,candidate
DEC029_NO_FEEDBACK,train_kb,conservative_noisy_or_conflict_adjusted,4,TechNova Smartphone Pro 8,target_market_region,US,technova smartphone pro 8|target_market_region|us,4,"[0.98, 0.9, 0.91, 0.91]",True,1,0.99131806171875,0.495659030859375,0.88,False,0.48632765625,False,False,"[""product_8"", ""product_8"", ""product_8"", ""product_8""]","[""structured"", ""unstructured"", ""unstructured"", ""unstructured""]","[""structured_row:TechNova Smartphone Pro 8"", ""TechNova Smartphone Pro 8 is manufactured by TechNova. It is a smartphone device. Priced at 349 USD. The display measures 6.1 inches. Comes with 4GB of RAM. Targeted at the US market. Fast charging is yes."", ""TechNova Smartphone Pro 8 is manufactured by TechNova. It is a smartphone device. Priced at 349 USD. The display measures 6.1 inches. Comes with 4GB of RAM. Targeted at the US market. Fast charging is yes."", ""TechNova Smartphone Pro 8 is manufactured by TechNova. It is a smartphone device. Priced at 349 USD. The display measures 6.1 inches. Comes with 4GB of RAM. Targeted at the US market. Fast charging is yes.""]",1,584,candidate
DEC029_NO_FEEDBACK,train_kb,conservative_noisy_or_conflict_adjusted,4,TechNova Smartphone Pro 8,supports_fast_charging,yes,technova smartphone pro 8|supports_fast_charging|yes,5,"[0.98, 0.88, 0.9, 0.91, 0.91]",True,0,0.997048140984375,0.997048140984375,0.88,True,0.99070280625,False,False,"[""product_8"", ""product_8"", ""product_8"", ""product_8"", ""product_8""]","[""structured"", ""unstructured"", ""unstructured"", ""unstructured"", ""unstructured""]","[""structured_row:TechNova Smartphone Pro 8"", ""TechNova Smartphone Pro 8 is manufactured by TechNova. It is a smartphone device. Priced at 349 USD. The display measures 6.1 inches. Comes with 4GB of RAM. Targeted at the US market. Fast charging is yes."", ""TechNova Smartphone Pro 8 is manufactured by TechNova. It is a smartphone device. Priced at 349 USD. The display measures 6.1 inches. Comes with 4GB of RAM. Targeted at the US market. Fast charging is yes."", ""TechNova Smartphone Pro 8 is manufactured by TechNova. It is a smartphone device. Priced at 349 USD. The display measures 6.1 inches. Comes with 4GB of RAM. Targeted at the US market. Fast charging is yes."", ""TechNova Smartphone Pro 8 is manufactured by TechNova. It is a smartphone device. Priced at 349 USD. The display measures 6.1 inches. Comes with 4GB of RAM. Targeted at the US market. Fast charging is yes.""]",1,584,candidate
DEC029_NO_FEEDBACK,train_kb,conservative_noisy_or_conflict_adjusted,4,TechNova Smartphone Pro 8,has_noise_cancellation,no,technova smartphone pro 8|has_noise_cancellation|no,1,[0.98],True,0,0.735,0.735,0.88,False,0.735,False,False,"[""product_8""]","[""structured""]","[""structured_row:TechNova Smartphone Pro 8""]",0,584,candidate
DEC029_NO_FEEDBACK,train_kb,conservative_noisy_or_conflict_adjusted,4,TechNova Smartphone Pro 8,belongs_to_category,smartphone device,technova smartphone pro 8|belongs_to_category|smartphone device,2,"[0.92, 0.9]",True,1,0.89925,0.449625,0.88,False,0.449625,False,False,"[""product_8"", ""product_8""]","[""unstructured"", ""unstructured""]","[""TechNova Smartphone Pro 8 is manufactured by TechNova. It is a smartphone device. Priced at 349 USD. The display measures 6.1 inches. Comes with 4GB of RAM. Targeted at the US market. Fast charging is yes."", ""TechNova Smartphone Pro 8 is manufactured by TechNova. It is a smartphone device. Priced at 349 USD. The display measures 6.1 inches. Comes with 4GB of RAM. Targeted at the US market. Fast charging is yes.""]",0,584,candidate
DEC029_NO_FEEDBACK,train_kb,conservative_noisy_or_conflict_adjusted,4,TechNova Smartphone Pro 8,target_market_region,US market,technova smartphone pro 8|target_market_region|us market,1,[0.9],True,1,0.675,0.3375,0.88,False,0.3375,False,False,"[""product_8""]","[""unstructured""]","[""TechNova Smartphone Pro 8 is manufactured by TechNova. It is a smartphone device. Priced at 349 USD. The display measures 6.1 inches. Comes with 4GB of RAM. Targeted at the US market. Fast charging is yes.""]",0,584,candidate
DEC029_NO_FEEDBACK,train_kb,conservative_noisy_or_conflict_adjusted,4,PixelWare Laptop Plus 9,manufactured_by,PixelWare,pixelware laptop plus 9|manufactured_by|pixelware,5,"[0.98, 0.95, 0.92, 0.98, 0.94]",True,0,0.998153653078125,0.998153653078125,0.88,True,0.993741196875,False,False,"[""product_9"", ""product_9"", ""product_9"", ""product_9"", ""product_9""]","[""structured"", ""unstructured"", ""unstructured"", ""unstructured"", ""unstructured""]","[""structured_row:PixelWare Laptop Plus 9"", ""PixelWare Laptop Plus 9 is manufactured by PixelWare. It is a laptop device. Priced at 299 USD. The display measures 10.9 inches. Battery lasts up to 20 hours. Weighs approximately 0.18kg. Targeted at the EU market."", ""PixelWare Laptop Plus 9 is manufactured by PixelWare. It is a laptop device. Priced at 299 USD. The display measures 10.9 inches. Battery lasts up to 20 hours. Weighs approximately 0.18kg. Targeted at the EU market."", ""PixelWare Laptop Plus 9 is manufactured by PixelWare. It is a laptop device. Priced at 299 USD. The display measures 10.9 inches. Battery lasts up to 20 hours. Weighs approximately 0.18kg. Targeted at the EU market."", ""PixelWare Laptop Plus 9 is manufactured by PixelWare. It is a laptop device. Priced at 299 USD. The display measures 10.9 inches. Battery lasts up to 20 hours. Weighs approximately 0.18kg. Targeted at the EU market.""]",1,584,candidate
DEC029_NO_FEEDBACK,train_kb,conservative_noisy_or_conflict_adjusted,4,PixelWare Laptop Plus 9,belongs_to_category,laptop,pixelware laptop plus 9|belongs_to_category|laptop,1,[0.98],True,1,0.735,0.3675,0.88,False,0.3675,False,False,"[""product_9""]","[""structured""]","[""structured_row:PixelWare Laptop Plus 9""]",1,584,candidate
DEC029_NO_FEEDBACK,train_kb,conservative_noisy_or_conflict_adjusted,4,PixelWare Laptop Plus 9,has_price_usd,299,pixelware laptop plus 9|has_price_usd|299,5,"[0.98, 0.93, 0.92, 0.98, 0.94]",True,0,0.998057321934375,0.998057321934375,0.88,True,0.993414650625,False,False,"[""product_9"", ""product_9"", ""product_9"", ""product_9"", ""product_9""]","[""structured"", ""unstructured"", ""unstructured"", ""unstructured"", ""unstructured""]","[""structured_row:PixelWare Laptop Plus 9"", ""PixelWare Laptop Plus 9 is manufactured by PixelWare. It is a laptop device. Priced at 299 USD. The display measures 10.9 inches. Battery lasts up to 20 hours. Weighs approximately 0.18kg. Targeted at the EU market."", ""PixelWare Laptop Plus 9 is manufactured by PixelWare. It is a laptop device. Priced at 299 USD. The display measures 10.9 inches. Battery lasts up to 20 hours. Weighs approximately 0.18kg. Targeted at the EU market."", ""PixelWare Laptop Plus 9 is manufactured by PixelWare. It is a laptop device. Priced at 299 USD. The display measures 10.9 inches. Battery lasts up to 20 hours. Weighs approximately 0.18kg. Targeted at the EU market."", ""PixelWare Laptop Plus 9 is manufactured by PixelWare. It is a laptop device. Priced at 299 USD. The display measures 10.9 inches. Battery lasts up to 20 hours. Weighs approximately 0.18kg. Targeted at the EU market.""]",1,584,candidate
DEC029_NO_FEEDBACK,train_kb,conservative_noisy_or_conflict_adjusted,4,PixelWare Laptop Plus 9,has_screen_size_inch,10.9,pixelware laptop plus 9|has_screen_size_inch|10.9,5,"[0.98, 0.94, 0.92, 0.98, 0.94]",True,0,0.9981054875062499,0.9981054875062499,0.88,True,0.99357792375,False,False,"[""product_9"", ""product_9"", ""product_9"", ""product_9"", ""product_9""]","[""structured"", ""unstructured"", ""unstructured"", ""unstructured"", ""unstructured""]","[""structured_row:PixelWare Laptop Plus 9"", ""PixelWare Laptop Plus 9 is manufactured by PixelWare. It is a laptop device. Priced at 299 USD. The display measures 10.9 inches. Battery lasts up to 20 hours. Weighs approximately 0.18kg. Targeted at the EU market."", ""PixelWare Laptop Plus 9 is manufactured by PixelWare. It is a laptop device. Priced at 299 USD. The display measures 10.9 inches. Battery lasts up to 20 hours. Weighs approximately 0.18kg. Targeted at the EU market."", ""PixelWare Laptop Plus 9 is manufactured by PixelWare. It is a laptop device. Priced at 299 USD. The display measures 10.9 inches. Battery lasts up to 20 hours. Weighs approximately 0.18kg. Targeted at the EU market."", ""PixelWare Laptop Plus 9 is manufactured by PixelWare. It is a laptop device. Priced at 299 USD. The display measures 10.9 inches. Battery lasts up to 20 hours. Weighs approximately 0.18kg. Targeted at the EU market.""]",1,584,candidate
DEC029_NO_FEEDBACK,train_kb,conservative_noisy_or_conflict_adjusted,4,PixelWare Laptop Plus 9,has_ram_gb,32,pixelware laptop plus 9|has_ram_gb|32,1,[0.98],True,0,0.735,0.735,0.88,False,0.735,False,False,"[""product_9""]","[""structured""]","[""structured_row:PixelWare Laptop Plus 9""]",0,584,candidate
DEC029_NO_FEEDBACK,train_kb,conservative_noisy_or_conflict_adjusted,4,PixelWare Laptop Plus 9,has_storage_gb,512,pixelware laptop plus 9|has_storage_gb|512,1,[0.98],True,0,0.735,0.735,0.88,False,0.735,False,False,"[""product_9""]","[""structured""]","[""structured_row:PixelWare Laptop Plus 9""]",0,584,candidate
DEC029_NO_FEEDBACK,train_kb,conservative_noisy_or_conflict_adjusted,4,PixelWare Laptop Plus 9,has_battery_life_hours,20,pixelware laptop plus 9|has_battery_life_hours|20,5,"[0.98, 0.9, 0.92, 0.98, 0.94]",True,0,0.99791282521875,0.99791282521875,0.88,True,0.99292483125,False,False,"[""product_9"", ""product_9"", ""product_9"", ""product_9"", ""product_9""]","[""structured"", ""unstructured"", ""unstructured"", ""unstructured"", ""unstructured""]","[""structured_row:PixelWare Laptop Plus 9"", ""PixelWare Laptop Plus 9 is manufactured by PixelWare. It is a laptop device. Priced at 299 USD. The display measures 10.9 inches. Battery lasts up to 20 hours. Weighs approximately 0.18kg. Targeted at the EU market."", ""PixelWare Laptop Plus 9 is manufactured by PixelWare. It is a laptop device. Priced at 299 USD. The display measures 10.9 inches. Battery lasts up to 20 hours. Weighs approximately 0.18kg. Targeted at the EU market."", ""PixelWare Laptop Plus 9 is manufactured by PixelWare. It is a laptop device. Priced at 299 USD. The display measures 10.9 inches. Battery lasts up to 20 hours. Weighs approximately 0.18kg. Targeted at the EU market."", ""PixelWare Laptop Plus 9 is manufactured by PixelWare. It is a laptop device. Priced at 299 USD. The display measures 10.9 inches. Battery lasts up to 20 hours. Weighs approximately 0.18kg. Targeted at the EU market.""]",1,584,candidate
DEC029_NO_FEEDBACK,train_kb,conservative_noisy_or_conflict_adjusted,4,PixelWare Laptop Plus 9,has_weight_kg,0.18,pixelware laptop plus 9|has_weight_kg|0.18,5,"[0.98, 0.91, 0.92, 0.98, 0.94]",True,0,0.997960990790625,0.997960990790625,0.88,True,0.993088104375,False,False,"[""product_9"", ""product_9"", ""product_9"", ""product_9"", ""product_9""]","[""structured"", ""unstructured"", ""unstructured"", ""unstructured"", ""unstructured""]","[""structured_row:PixelWare Laptop Plus 9"", ""PixelWare Laptop Plus 9 is manufactured by PixelWare. It is a laptop device. Priced at 299 USD. The display measures 10.9 inches. Battery lasts up to 20 hours. Weighs approximately 0.18kg. Targeted at the EU market."", ""PixelWare Laptop Plus 9 is manufactured by PixelWare. It is a laptop device. Priced at 299 USD. The display measures 10.9 inches. Battery lasts up to 20 hours. Weighs approximately 0.18kg. Targeted at the EU market."", ""PixelWare Laptop Plus 9 is manufactured by PixelWare. It is a laptop device. Priced at 299 USD. The display measures 10.9 inches. Battery lasts up to 20 hours. Weighs approximately 0.18kg. Targeted at the EU market."", ""PixelWare Laptop Plus 9 is manufactured by PixelWare. It is a laptop device. Priced at 299 USD. The display measures 10.9 inches. Battery lasts up to 20 hours. Weighs approximately 0.18kg. Targeted at the EU market.""]",1,584,candidate
DEC029_NO_FEEDBACK,train_kb,conservative_noisy_or_conflict_adjusted,4,PixelWare Laptop Plus 9,has_color,white,pixelware laptop plus 9|has_color|white,1,[0.98],False,0,0.735,0.735,0.88,False,0.735,False,False,"[""product_9""]","[""structured""]","[""structured_row:PixelWare Laptop Plus 9""]",0,584,candidate
DEC029_NO_FEEDBACK,train_kb,conservative_noisy_or_conflict_adjusted,4,PixelWare Laptop Plus 9,made_of_material,carbon fiber,pixelware laptop plus 9|made_of_material|carbon fiber,1,[0.98],True,0,0.735,0.735,0.88,False,0.735,False,False,"[""product_9""]","[""structured""]","[""structured_row:PixelWare Laptop Plus 9""]",0,584,candidate
DEC029_NO_FEEDBACK,train_kb,conservative_noisy_or_conflict_adjusted,4,PixelWare Laptop Plus 9,target_market_region,EU,pixelware laptop plus 9|target_market_region|eu,4,"[0.98, 0.92, 0.98, 0.94]",True,1,0.99357792375,0.496788961875,0.88,False,0.489115125,False,False,"[""product_9"", ""product_9"", ""product_9"", ""product_9""]","[""structured"", ""unstructured"", ""unstructured"", ""unstructured""]","[""structured_row:PixelWare Laptop Plus 9"", ""PixelWare Laptop Plus 9 is manufactured by PixelWare. It is a laptop device. Priced at 299 USD. The display measures 10.9 inches. Battery lasts up to 20 hours. Weighs approximately 0.18kg. Targeted at the EU market."", ""PixelWare Laptop Plus 9 is manufactured by PixelWare. It is a laptop device. Priced at 299 USD. The display measures 10.9 inches. Battery lasts up to 20 hours. Weighs approximately 0.18kg. Targeted at the EU market."", ""PixelWare Laptop Plus 9 is manufactured by PixelWare. It is a laptop device. Priced at 299 USD. The display measures 10.9 inches. Battery lasts up to 20 hours. Weighs approximately 0.18kg. Targeted at the EU market.""]",1,584,candidate
DEC029_NO_FEEDBACK,train_kb,conservative_noisy_or_conflict_adjusted,4,PixelWare Laptop Plus 9,supports_fast_charging,no,pixelware laptop plus 9|supports_fast_charging|no,1,[0.98],True,0,0.735,0.735,0.88,False,0.735,False,False,"[""product_9""]","[""structured""]","[""structured_row:PixelWare Laptop Plus 9""]",0,584,candidate
DEC029_NO_FEEDBACK,train_kb,conservative_noisy_or_conflict_adjusted,4,PixelWare Laptop Plus 9,has_noise_cancellation,no,pixelware laptop plus 9|has_noise_cancellation|no,1,[0.98],True,0,0.735,0.735,0.88,False,0.735,False,False,"[""product_9""]","[""structured""]","[""structured_row:PixelWare Laptop Plus 9""]",0,584,candidate
DEC029_NO_FEEDBACK,train_kb,conservative_noisy_or_conflict_adjusted,4,PixelWare Laptop Plus 9,belongs_to_category,laptop device,pixelware laptop plus 9|belongs_to_category|laptop device,1,[0.92],True,1,0.6900000000000001,0.34500000000000003,0.88,False,0.34500000000000003,False,False,"[""product_9""]","[""unstructured""]","[""PixelWare Laptop Plus 9 is manufactured by PixelWare. It is a laptop device. Priced at 299 USD. The display measures 10.9 inches. Battery lasts up to 20 hours. Weighs approximately 0.18kg. Targeted at the EU market.""]",0,584,candidate
DEC029_NO_FEEDBACK,train_kb,conservative_noisy_or_conflict_adjusted,4,PixelWare Laptop Plus 9,target_market_region,EU market,pixelware laptop plus 9|target_market_region|eu market,1,[0.96],True,1,0.72,0.36,0.88,False,0.36,False,False,"[""product_9""]","[""unstructured""]","[""PixelWare Laptop Plus 9 is manufactured by PixelWare. It is a laptop device. Priced at 299 USD. The display measures 10.9 inches. Battery lasts up to 20 hours. Weighs approximately 0.18kg. Targeted at the EU market.""]",0,584,candidate
DEC029_NO_FEEDBACK,train_kb,conservative_noisy_or_conflict_adjusted,4,Zenbyte Headphones Air 11,manufactured_by,Zenbyte,zenbyte headphones air 11|manufactured_by|zenbyte,3,"[0.98, 0.95, 0.94]",True,0,0.9775246875,0.9775246875,0.88,True,0.9238124999999999,False,False,"[""product_11"", ""product_11"", ""product_11""]","[""structured"", ""unstructured"", ""unstructured""]","[""structured_row:Zenbyte Headphones Air 11"", ""Zenbyte Headphones Air 11 is manufactured by Zenbyte. Priced at 299 USD. Comes with 16GB of RAM. Weighs approximately 0.55kg. Built with carbon fiber construction. Targeted at the US market. Noise cancellation: no."", ""Zenbyte Headphones Air 11 is manufactured by Zenbyte. Priced at 299 USD. Comes with 16GB of RAM. Weighs approximately 0.55kg. Built with carbon fiber construction. Targeted at the US market. Noise cancellation: no.""]",1,584,candidate
DEC029_NO_FEEDBACK,train_kb,conservative_noisy_or_conflict_adjusted,4,Zenbyte Headphones Air 11,belongs_to_category,headphones,zenbyte headphones air 11|belongs_to_category|headphones,1,[0.98],True,0,0.735,0.735,0.88,False,0.735,False,False,"[""product_11""]","[""structured""]","[""structured_row:Zenbyte Headphones Air 11""]",0,584,candidate
DEC029_NO_FEEDBACK,train_kb,conservative_noisy_or_conflict_adjusted,4,Zenbyte Headphones Air 11,has_price_usd,299,zenbyte headphones air 11|has_price_usd|299,3,"[0.98, 0.92, 0.94]",True,0,0.97576575,0.97576575,0.88,True,0.91785,False,False,"[""product_11"", ""product_11"", ""product_11""]","[""structured"", ""unstructured"", ""unstructured""]","[""structured_row:Zenbyte Headphones Air 11"", ""Zenbyte Headphones Air 11 is manufactured by Zenbyte. Priced at 299 USD. Comes with 16GB of RAM. Weighs approximately 0.55kg. Built with carbon fiber construction. Targeted at the US market. Noise cancellation: no."", ""Zenbyte Headphones Air 11 is manufactured by Zenbyte. Priced at 299 USD. Comes with 16GB of RAM. Weighs approximately 0.55kg. Built with carbon fiber construction. Targeted at the US market. Noise cancellation: no.""]",1,584,candidate
DEC029_NO_FEEDBACK,train_kb,conservative_noisy_or_conflict_adjusted,4,Zenbyte Headphones Air 11,has_screen_size_inch,11.0,zenbyte headphones air 11|has_screen_size_inch|11.0,1,[0.98],True,0,0.735,0.735,0.88,False,0.735,False,False,"[""product_11""]","[""structured""]","[""structured_row:Zenbyte Headphones Air 11""]",0,584,candidate
DEC029_NO_FEEDBACK,train_kb,conservative_noisy_or_conflict_adjusted,4,Zenbyte Headphones Air 11,has_ram_gb,16,zenbyte headphones air 11|has_ram_gb|16,3,"[0.98, 0.93, 0.94]",True,0,0.9763520625,0.9763520625,0.88,True,0.9198375,False,False,"[""product_11"", ""product_11"", ""product_11""]","[""structured"", ""unstructured"", ""unstructured""]","[""structured_row:Zenbyte Headphones Air 11"", ""Zenbyte Headphones Air 11 is manufactured by Zenbyte. Priced at 299 USD. Comes with 16GB of RAM. Weighs approximately 0.55kg. Built with carbon fiber construction. Targeted at the US market. Noise cancellation: no."", ""Zenbyte Headphones Air 11 is manufactured by Zenbyte. Priced at 299 USD. Comes with 16GB of RAM. Weighs approximately 0.55kg. Built with carbon fiber construction. Targeted at the US market. Noise cancellation: no.""]",1,584,candidate
DEC029_NO_FEEDBACK,train_kb,conservative_noisy_or_conflict_adjusted,4,Zenbyte Headphones Air 11,has_storage_gb,64,zenbyte headphones air 11|has_storage_gb|64,1,[0.98],True,0,0.735,0.735,0.88,False,0.735,False,False,"[""product_11""]","[""structured""]","[""structured_row:Zenbyte Headphones Air 11""]",0,584,candidate
DEC029_NO_FEEDBACK,train_kb,conservative_noisy_or_conflict_adjusted,4,Zenbyte Headphones Air 11,has_battery_life_hours,18,zenbyte headphones air 11|has_battery_life_hours|18,1,[0.98],True,0,0.735,0.735,0.88,False,0.735,False,False,"[""product_11""]","[""structured""]","[""structured_row:Zenbyte Headphones Air 11""]",0,584,candidate
DEC029_NO_FEEDBACK,train_kb,conservative_noisy_or_conflict_adjusted,4,Zenbyte Headphones Air 11,has_weight_kg,0.55,zenbyte headphones air 11|has_weight_kg|0.55,3,"[0.98, 0.94, 0.94]",True,0,0.976938375,0.976938375,0.88,True,0.921825,False,False,"[""product_11"", ""product_11"", ""product_11""]","[""structured"", ""unstructured"", ""unstructured""]","[""structured_row:Zenbyte Headphones Air 11"", ""Zenbyte Headphones Air 11 is manufactured by Zenbyte. Priced at 299 USD. Comes with 16GB of RAM. Weighs approximately 0.55kg. Built with carbon fiber construction. Targeted at the US market. Noise cancellation: no."", ""Zenbyte Headphones Air 11 is manufactured by Zenbyte. Priced at 299 USD. Comes with 16GB of RAM. Weighs approximately 0.55kg. Built with carbon fiber construction. Targeted at the US market. Noise cancellation: no.""]",1,584,candidate
DEC029_NO_FEEDBACK,train_kb,conservative_noisy_or_conflict_adjusted,4,Zenbyte Headphones Air 11,has_color,black,zenbyte headphones air 11|has_color|black,1,[0.98],False,0,0.735,0.735,0.88,False,0.735,False,False,"[""product_11""]","[""structured""]","[""structured_row:Zenbyte Headphones Air 11""]",0,584,candidate
DEC029_NO_FEEDBACK,train_kb,conservative_noisy_or_conflict_adjusted,4,Zenbyte Headphones Air 11,made_of_material,carbon fiber,zenbyte headphones air 11|made_of_material|carbon fiber,3,"[0.98, 0.9, 0.94]",True,0,0.974593125,0.974593125,0.88,True,0.913875,False,False,"[""product_11"", ""product_11"", ""product_11""]","[""structured"", ""unstructured"", ""unstructured""]","[""structured_row:Zenbyte Headphones Air 11"", ""Zenbyte Headphones Air 11 is manufactured by Zenbyte. Priced at 299 USD. Comes with 16GB of RAM. Weighs approximately 0.55kg. Built with carbon fiber construction. Targeted at the US market. Noise cancellation: no."", ""Zenbyte Headphones Air 11 is manufactured by Zenbyte. Priced at 299 USD. Comes with 16GB of RAM. Weighs approximately 0.55kg. Built with carbon fiber construction. Targeted at the US market. Noise cancellation: no.""]",1,584,candidate
DEC029_NO_FEEDBACK,train_kb,conservative_noisy_or_conflict_adjusted,4,Zenbyte Headphones Air 11,target_market_region,US,zenbyte headphones air 11|target_market_region|us,3,"[0.98, 0.96, 0.94]",True,0,0.978111,0.978111,0.88,True,0.9258,False,False,"[""product_11"", ""product_11"", ""product_11""]","[""structured"", ""unstructured"", ""unstructured""]","[""structured_row:Zenbyte Headphones Air 11"", ""Zenbyte Headphones Air 11 is manufactured by Zenbyte. Priced at 299 USD. Comes with 16GB of RAM. Weighs approximately 0.55kg. Built with carbon fiber construction. Targeted at the US market. Noise cancellation: no."", ""Zenbyte Headphones Air 11 is manufactured by Zenbyte. Priced at 299 USD. Comes with 16GB of RAM. Weighs approximately 0.55kg. Built with carbon fiber construction. Targeted at the US market. Noise cancellation: no.""]",1,584,candidate
DEC029_NO_FEEDBACK,train_kb,conservative_noisy_or_conflict_adjusted,4,Zenbyte Headphones Air 11,supports_fast_charging,yes,zenbyte headphones air 11|supports_fast_charging|yes,1,[0.98],True,1,0.735,0.3675,0.88,False,0.3675,False,False,"[""product_11""]","[""structured""]","[""structured_row:Zenbyte Headphones Air 11""]",0,584,candidate
DEC029_NO_FEEDBACK,train_kb,conservative_noisy_or_conflict_adjusted,4,Zenbyte Headphones Air 11,has_noise_cancellation,no,zenbyte headphones air 11|has_noise_cancellation|no,2,"[0.98, 0.88]",True,0,0.9099,0.9099,0.88,True,0.9099,False,False,"[""product_11"", ""product_11""]","[""structured"", ""unstructured""]","[""structured_row:Zenbyte Headphones Air 11"", ""Zenbyte Headphones Air 11 is manufactured by Zenbyte. Priced at 299 USD. Comes with 16GB of RAM. Weighs approximately 0.55kg. Built with carbon fiber construction. Targeted at the US market. Noise cancellation: no.""]",1,584,candidate
DEC029_NO_FEEDBACK,train_kb,conservative_noisy_or_conflict_adjusted,4,Zenbyte Headphones Air 11,supports_fast_charging,no,zenbyte headphones air 11|supports_fast_charging|no,1,[0.85],True,1,0.6375,0.31875,0.88,False,0.31875,False,False,"[""product_11""]","[""unstructured""]","[""Zenbyte Headphones Air 11 is manufactured by Zenbyte. Priced at 299 USD. Comes with 16GB of RAM. Weighs approximately 0.55kg. Built with carbon fiber construction. Targeted at the US market. Noise cancellation: no.""]",0,584,candidate
DEC029_NO_FEEDBACK,train_kb,conservative_noisy_or_conflict_adjusted,4,TechNova Tablet Plus 12,manufactured_by,TechNova,technova tablet plus 12|manufactured_by|technova,1,[0.98],True,0,0.735,0.735,0.88,False,0.735,False,False,"[""product_12""]","[""structured""]","[""structured_row:TechNova Tablet Plus 12""]",0,584,candidate
DEC029_NO_FEEDBACK,train_kb,conservative_noisy_or_conflict_adjusted,4,TechNova Tablet Plus 12,belongs_to_category,tablet,technova tablet plus 12|belongs_to_category|tablet,1,[0.98],True,0,0.735,0.735,0.88,False,0.735,False,False,"[""product_12""]","[""structured""]","[""structured_row:TechNova Tablet Plus 12""]",0,584,candidate
DEC029_NO_FEEDBACK,train_kb,conservative_noisy_or_conflict_adjusted,4,TechNova Tablet Plus 12,has_price_usd,499,technova tablet plus 12|has_price_usd|499,1,[0.98],True,0,0.735,0.735,0.88,False,0.735,False,False,"[""product_12""]","[""structured""]","[""structured_row:TechNova Tablet Plus 12""]",0,584,candidate
DEC029_NO_FEEDBACK,train_kb,conservative_noisy_or_conflict_adjusted,4,TechNova Tablet Plus 12,has_screen_size_inch,11.0,technova tablet plus 12|has_screen_size_inch|11.0,1,[0.98],True,0,0.735,0.735,0.88,False,0.735,False,False,"[""product_12""]","[""structured""]","[""structured_row:TechNova Tablet Plus 12""]",1,584,candidate
DEC029_NO_FEEDBACK,train_kb,conservative_noisy_or_conflict_adjusted,4,TechNova Tablet Plus 12,has_ram_gb,4,technova tablet plus 12|has_ram_gb|4,1,[0.98],True,0,0.735,0.735,0.88,False,0.735,False,False,"[""product_12""]","[""structured""]","[""structured_row:TechNova Tablet Plus 12""]",0,584,candidate
DEC029_NO_FEEDBACK,train_kb,conservative_noisy_or_conflict_adjusted,4,TechNova Tablet Plus 12,has_storage_gb,256,technova tablet plus 12|has_storage_gb|256,1,[0.98],True,0,0.735,0.735,0.88,False,0.735,False,False,"[""product_12""]","[""structured""]","[""structured_row:TechNova Tablet Plus 12""]",1,584,candidate
DEC029_NO_FEEDBACK,train_kb,conservative_noisy_or_conflict_adjusted,4,TechNova Tablet Plus 12,has_battery_life_hours,24,technova tablet plus 12|has_battery_life_hours|24,1,[0.98],True,0,0.735,0.735,0.88,False,0.735,False,False,"[""product_12""]","[""structured""]","[""structured_row:TechNova Tablet Plus 12""]",1,584,candidate
DEC029_NO_FEEDBACK,train_kb,conservative_noisy_or_conflict_adjusted,4,TechNova Tablet Plus 12,has_weight_kg,0.18,technova tablet plus 12|has_weight_kg|0.18,1,[0.98],True,0,0.735,0.735,0.88,False,0.735,False,False,"[""product_12""]","[""structured""]","[""structured_row:TechNova Tablet Plus 12""]",0,584,candidate
DEC029_NO_FEEDBACK,train_kb,conservative_noisy_or_conflict_adjusted,4,TechNova Tablet Plus 12,has_color,blue,technova tablet plus 12|has_color|blue,1,[0.98],False,0,0.735,0.735,0.88,False,0.735,False,False,"[""product_12""]","[""structured""]","[""structured_row:TechNova Tablet Plus 12""]",1,584,candidate
DEC029_NO_FEEDBACK,train_kb,conservative_noisy_or_conflict_adjusted,4,TechNova Tablet Plus 12,made_of_material,aluminum,technova tablet plus 12|made_of_material|aluminum,1,[0.98],True,0,0.735,0.735,0.88,False,0.735,False,False,"[""product_12""]","[""structured""]","[""structured_row:TechNova Tablet Plus 12""]",0,584,candidate
DEC029_NO_FEEDBACK,train_kb,conservative_noisy_or_conflict_adjusted,4,TechNova Tablet Plus 12,target_market_region,EU,technova tablet plus 12|target_market_region|eu,1,[0.98],True,0,0.735,0.735,0.88,False,0.735,False,False,"[""product_12""]","[""structured""]","[""structured_row:TechNova Tablet Plus 12""]",1,584,candidate
DEC029_NO_FEEDBACK,train_kb,conservative_noisy_or_conflict_adjusted,4,TechNova Tablet Plus 12,supports_fast_charging,yes,technova tablet plus 12|supports_fast_charging|yes,1,[0.98],True,0,0.735,0.735,0.88,False,0.735,False,False,"[""product_12""]","[""structured""]","[""structured_row:TechNova Tablet Plus 12""]",1,584,candidate
DEC029_NO_FEEDBACK,train_kb,conservative_noisy_or_conflict_adjusted,4,TechNova Tablet Plus 12,has_noise_cancellation,no,technova tablet plus 12|has_noise_cancellation|no,1,[0.98],True,0,0.735,0.735,0.88,False,0.735,False,False,"[""product_12""]","[""structured""]","[""structured_row:TechNova Tablet Plus 12""]",1,584,candidate
DEC029_NO_FEEDBACK,train_kb,conservative_noisy_or_conflict_adjusted,4,TechNova Smartphone Pro 1,has_screen_size_inch,11.0,technova smartphone pro 1|has_screen_size_inch|11.0,1,[0.85],True,1,0.6375,0.31875,0.88,False,0.31875,False,False,"[""product_12""]","[""unstructured""]","[""The display measures 11.0 inches. Offers 256GB of internal storage. Battery lasts up to 24 hours. Available in blue. Targeted at the EU market. Fast charging is yes. Noise cancellation: no.""]",0,584,candidate
DEC029_NO_FEEDBACK,train_kb,conservative_noisy_or_conflict_adjusted,4,TechNova Smartphone Pro 1,has_storage_gb,256,technova smartphone pro 1|has_storage_gb|256,1,[0.92],True,2,0.6900000000000001,0.23,0.88,False,0.23,False,False,"[""product_12""]","[""unstructured""]","[""The display measures 11.0 inches. Offers 256GB of internal storage. Battery lasts up to 24 hours. Available in blue. Targeted at the EU market. Fast charging is yes. Noise cancellation: no.""]",0,584,candidate
DEC029_NO_FEEDBACK,train_kb,conservative_noisy_or_conflict_adjusted,4,TechNova Smartphone Pro 1,has_battery_life_hours,24,technova smartphone pro 1|has_battery_life_hours|24,5,"[0.88, 0.95, 0.91, 0.91, 0.91]",True,2,0.9968714150273438,0.33229047167578124,0.88,False,0.49507309453125,False,False,"[""product_12"", ""product_27"", ""product_27"", ""product_27"", ""product_27""]","[""unstructured"", ""unstructured"", ""unstructured"", ""unstructured"", ""unstructured""]","[""The display measures 11.0 inches. Offers 256GB of internal storage. Battery lasts up to 24 hours. Available in blue. Targeted at the EU market. Fast charging is yes. Noise cancellation: no."", ""Priced at 899 USD. Comes with 16GB of RAM. Offers 512GB of internal storage. Battery lasts up to 24 hours. Weighs approximately 1.45kg. Built with plastic construction. Targeted at the APAC market."", ""Priced at 899 USD. Comes with 16GB of RAM. Offers 512GB of internal storage. Battery lasts up to 24 hours. Weighs approximately 1.45kg. Built with plastic construction. Targeted at the APAC market."", ""Priced at 899 USD. Comes with 16GB of RAM. Offers 512GB of internal storage. Battery lasts up to 24 hours. Weighs approximately 1.45kg. Built with plastic construction. Targeted at the APAC market."", ""Priced at 899 USD. Comes with 16GB of RAM. Offers 512GB of internal storage. Battery lasts up to 24 hours. Weighs approximately 1.45kg. Built with plastic construction. Targeted at the APAC market.""]",0,584,candidate
DEC029_NO_FEEDBACK,train_kb,conservative_noisy_or_conflict_adjusted,4,TechNova Smartphone Pro 1,has_color,blue,technova smartphone pro 1|has_color|blue,1,[0.9],False,4,0.675,0.675,0.88,False,0.675,False,False,"[""product_12""]","[""unstructured""]","[""The display measures 11.0 inches. Offers 256GB of internal storage. Battery lasts up to 24 hours. Available in blue. Targeted at the EU market. Fast charging is yes. Noise cancellation: no.""]",0,584,candidate
DEC029_NO_FEEDBACK,train_kb,conservative_noisy_or_conflict_adjusted,4,TechNova Smartphone Pro 1,target_market_region,EU,technova smartphone pro 1|target_market_region|eu,1,[0.86],True,2,0.645,0.215,0.88,False,0.215,False,False,"[""product_12""]","[""unstructured""]","[""The display measures 11.0 inches. Offers 256GB of internal storage. Battery lasts up to 24 hours. Available in blue. Targeted at the EU market. Fast charging is yes. Noise cancellation: no.""]",0,584,candidate
DEC029_NO_FEEDBACK,train_kb,conservative_noisy_or_conflict_adjusted,4,TechNova Smartphone Pro 1,supports_fast_charging,yes,technova smartphone pro 1|supports_fast_charging|yes,2,"[0.89, 0.8]",True,1,0.867,0.4335,0.88,False,0.4335,False,False,"[""product_12"", ""product_23""]","[""unstructured"", ""unstructured""]","[""The display measures 11.0 inches. Offers 256GB of internal storage. Battery lasts up to 24 hours. Available in blue. Targeted at the EU market. Fast charging is yes. Noise cancellation: no."", ""It is a headphones device. The display measures 6.7 inches. Comes with 6GB of RAM. Weighs approximately 1.2kg. Available in green. Targeted at the APAC market. Fast charging is yes.""]",0,584,candidate
DEC029_NO_FEEDBACK,train_kb,conservative_noisy_or_conflict_adjusted,4,TechNova Smartphone Pro 1,has_noise_cancellation,no,technova smartphone pro 1|has_noise_cancellation|no,1,[0.94],True,1,0.705,0.3525,0.88,False,0.3525,False,False,"[""product_12""]","[""unstructured""]","[""The display measures 11.0 inches. Offers 256GB of internal storage. Battery lasts up to 24 hours. Available in blue. Targeted at the EU market. Fast charging is yes. Noise cancellation: no.""]",0,584,candidate
DEC029_NO_FEEDBACK,train_kb,conservative_noisy_or_conflict_adjusted,4,PixelWare Smartwatch Max 13,manufactured_by,PixelWare,pixelware smartwatch max 13|manufactured_by|pixelware,4,"[0.98, 0.95, 0.98, 0.95]",True,0,0.99419546484375,0.99419546484375,0.88,True,0.9798103125,False,False,"[""product_13"", ""product_13"", ""product_13"", ""product_13""]","[""structured"", ""unstructured"", ""unstructured"", ""unstructured""]","[""structured_row:PixelWare Smartwatch Max 13"", ""PixelWare Smartwatch Max 13 is manufactured by PixelWare. The display measures 14.0 inches. Weighs approximately 0.55kg. Available in white. Built with aluminum construction. Targeted at the APAC market. Noise cancellation: no."", ""PixelWare Smartwatch Max 13 is manufactured by PixelWare. The display measures 14.0 inches. Weighs approximately 0.55kg. Available in white. Built with aluminum construction. Targeted at the APAC market. Noise cancellation: no."", ""PixelWare Smartwatch Max 13 is manufactured by PixelWare. The display measures 14.0 inches. Weighs approximately 0.55kg. Available in white. Built with aluminum construction. Targeted at the APAC market. Noise cancellation: no.""]",1,584,candidate
DEC029_NO_FEEDBACK,train_kb,conservative_noisy_or_conflict_adjusted,4,PixelWare Smartwatch Max 13,belongs_to_category,smartwatch,pixelware smartwatch max 13|belongs_to_category|smartwatch,1,[0.98],True,0,0.735,0.735,0.88,False,0.735,False,False,"[""product_13""]","[""structured""]","[""structured_row:PixelWare Smartwatch Max 13""]",0,584,candidate
DEC029_NO_FEEDBACK,train_kb,conservative_noisy_or_conflict_adjusted,4,PixelWare Smartwatch Max 13,has_price_usd,349,pixelware smartwatch max 13|has_price_usd|349,1,[0.98],True,0,0.735,0.735,0.88,False,0.735,False,False,"[""product_13""]","[""structured""]","[""structured_row:PixelWare Smartwatch Max 13""]",0,584,candidate
DEC029_NO_FEEDBACK,train_kb,conservative_noisy_or_conflict_adjusted,4,PixelWare Smartwatch Max 13,has_screen_size_inch,14.0,pixelware smartwatch max 13|has_screen_size_inch|14.0,4,"[0.98, 0.95, 0.98, 0.95]",True,0,0.99419546484375,0.99419546484375,0.88,True,0.9798103125,False,False,"[""product_13"", ""product_13"", ""product_13"", ""product_13""]","[""structured"", ""unstructured"", ""unstructured"", ""unstructured""]","[""structured_row:PixelWare Smartwatch Max 13"", ""PixelWare Smartwatch Max 13 is manufactured by PixelWare. The display measures 14.0 inches. Weighs approximately 0.55kg. Available in white. Built with aluminum construction. Targeted at the APAC market. Noise cancellation: no."", ""PixelWare Smartwatch Max 13 is manufactured by PixelWare. The display measures 14.0 inches. Weighs approximately 0.55kg. Available in white. Built with aluminum construction. Targeted at the APAC market. Noise cancellation: no."", ""PixelWare Smartwatch Max 13 is manufactured by PixelWare. The display measures 14.0 inches. Weighs approximately 0.55kg. Available in white. Built with aluminum construction. Targeted at the APAC market. Noise cancellation: no.""]",1,584,candidate
DEC029_NO_FEEDBACK,train_kb,conservative_noisy_or_conflict_adjusted,4,PixelWare Smartwatch Max 13,has_ram_gb,4,pixelware smartwatch max 13|has_ram_gb|4,1,[0.98],True,0,0.735,0.735,0.88,False,0.735,False,False,"[""product_13""]","[""structured""]","[""structured_row:PixelWare Smartwatch Max 13""]",0,584,candidate
DEC029_NO_FEEDBACK,train_kb,conservative_noisy_or_conflict_adjusted,4,PixelWare Smartwatch Max 13,has_storage_gb,512,pixelware smartwatch max 13|has_storage_gb|512,1,[0.98],True,0,0.735,0.735,0.88,False,0.735,False,False,"[""product_13""]","[""structured""]","[""structured_row:PixelWare Smartwatch Max 13""]",0,584,candidate
DEC029_NO_FEEDBACK,train_kb,conservative_noisy_or_conflict_adjusted,4,PixelWare Smartwatch Max 13,has_battery_life_hours,18,pixelware smartwatch max 13|has_battery_life_hours|18,1,[0.98],True,0,0.735,0.735,0.88,False,0.735,False,False,"[""product_13""]","[""structured""]","[""structured_row:PixelWare Smartwatch Max 13""]",0,584,candidate
DEC029_NO_FEEDBACK,train_kb,conservative_noisy_or_conflict_adjusted,4,PixelWare Smartwatch Max 13,has_weight_kg,0.55,pixelware smartwatch max 13|has_weight_kg|0.55,4,"[0.98, 0.95, 0.98, 0.95]",True,0,0.99419546484375,0.99419546484375,0.88,True,0.9798103125,False,False,"[""product_13"", ""product_13"", ""product_13"", ""product_13""]","[""structured"", ""unstructured"", ""unstructured"", ""unstructured""]","[""structured_row:PixelWare Smartwatch Max 13"", ""PixelWare Smartwatch Max 13 is manufactured by PixelWare. The display measures 14.0 inches. Weighs approximately 0.55kg. Available in white. Built with aluminum construction. Targeted at the APAC market. Noise cancellation: no."", ""PixelWare Smartwatch Max 13 is manufactured by PixelWare. The display measures 14.0 inches. Weighs approximately 0.55kg. Available in white. Built with aluminum construction. Targeted at the APAC market. Noise cancellation: no."", ""PixelWare Smartwatch Max 13 is manufactured by PixelWare. The display measures 14.0 inches. Weighs approximately 0.55kg. Available in white. Built with aluminum construction. Targeted at the APAC market. Noise cancellation: no.""]",1,584,candidate
DEC029_NO_FEEDBACK,train_kb,conservative_noisy_or_conflict_adjusted,4,PixelWare Smartwatch Max 13,has_color,white,pixelware smartwatch max 13|has_color|white,4,"[0.98, 0.95, 0.98, 0.95]",False,0,0.99419546484375,0.99419546484375,0.88,True,0.9798103125,False,False,"[""product_13"", ""product_13"", ""product_13"", ""product_13""]","[""structured"", ""unstructured"", ""unstructured"", ""unstructured""]","[""structured_row:PixelWare Smartwatch Max 13"", ""PixelWare Smartwatch Max 13 is manufactured by PixelWare. The display measures 14.0 inches. Weighs approximately 0.55kg. Available in white. Built with aluminum construction. Targeted at the APAC market. Noise cancellation: no."", ""PixelWare Smartwatch Max 13 is manufactured by PixelWare. The display measures 14.0 inches. Weighs approximately 0.55kg. Available in white. Built with aluminum construction. Targeted at the APAC market. Noise cancellation: no."", ""PixelWare Smartwatch Max 13 is manufactured by PixelWare. The display measures 14.0 inches. Weighs approximately 0.55kg. Available in white. Built with aluminum construction. Targeted at the APAC market. Noise cancellation: no.""]",1,584,candidate
DEC029_NO_FEEDBACK,train_kb,conservative_noisy_or_conflict_adjusted,4,PixelWare Smartwatch Max 13,made_of_material,aluminum,pixelware smartwatch max 13|made_of_material|aluminum,4,"[0.98, 0.95, 0.98, 0.95]",True,0,0.99419546484375,0.99419546484375,0.88,True,0.9798103125,False,False,"[""product_13"", ""product_13"", ""product_13"", ""product_13""]","[""structured"", ""unstructured"", ""unstructured"", ""unstructured""]","[""structured_row:PixelWare Smartwatch Max 13"", ""PixelWare Smartwatch Max 13 is manufactured by PixelWare. The display measures 14.0 inches. Weighs approximately 0.55kg. Available in white. Built with aluminum construction. Targeted at the APAC market. Noise cancellation: no."", ""PixelWare Smartwatch Max 13 is manufactured by PixelWare. The display measures 14.0 inches. Weighs approximately 0.55kg. Available in white. Built with aluminum construction. Targeted at the APAC market. Noise cancellation: no."", ""PixelWare Smartwatch Max 13 is manufactured by PixelWare. The display measures 14.0 inches. Weighs approximately 0.55kg. Available in white. Built with aluminum construction. Targeted at the APAC market. Noise cancellation: no.""]",1,584,candidate
DEC029_NO_FEEDBACK,train_kb,conservative_noisy_or_conflict_adjusted,4,PixelWare Smartwatch Max 13,target_market_region,APAC,pixelware smartwatch max 13|target_market_region|apac,4,"[0.98, 0.95, 0.98, 0.95]",True,0,0.99419546484375,0.99419546484375,0.88,True,0.9798103125,False,False,"[""product_13"", ""product_13"", ""product_13"", ""product_13""]","[""structured"", ""unstructured"", ""unstructured"", ""unstructured""]","[""structured_row:PixelWare Smartwatch Max 13"", ""PixelWare Smartwatch Max 13 is manufactured by PixelWare. The display measures 14.0 inches. Weighs approximately 0.55kg. Available in white. Built with aluminum construction. Targeted at the APAC market. Noise cancellation: no."", ""PixelWare Smartwatch Max 13 is manufactured by PixelWare. The display measures 14.0 inches. Weighs approximately 0.55kg. Available in white. Built with aluminum construction. Targeted at the APAC market. Noise cancellation: no."", ""PixelWare Smartwatch Max 13 is manufactured by PixelWare. The display measures 14.0 inches. Weighs approximately 0.55kg. Available in white. Built with aluminum construction. Targeted at the APAC market. Noise cancellation: no.""]",1,584,candidate
DEC029_NO_FEEDBACK,train_kb,conservative_noisy_or_conflict_adjusted,4,PixelWare Smartwatch Max 13,supports_fast_charging,yes,pixelware smartwatch max 13|supports_fast_charging|yes,1,[0.98],True,1,0.735,0.3675,0.88,False,0.3675,False,False,"[""product_13""]","[""structured""]","[""structured_row:PixelWare Smartwatch Max 13""]",0,584,candidate
DEC029_NO_FEEDBACK,train_kb,conservative_noisy_or_conflict_adjusted,4,PixelWare Smartwatch Max 13,has_noise_cancellation,no,pixelware smartwatch max 13|has_noise_cancellation|no,2,"[0.98, 0.98]",True,0,0.929775,0.929775,0.88,True,0.929775,False,False,"[""product_13"", ""product_13""]","[""structured"", ""unstructured""]","[""structured_row:PixelWare Smartwatch Max 13"", ""PixelWare Smartwatch Max 13 is manufactured by PixelWare. The display measures 14.0 inches. Weighs approximately 0.55kg. Available in white. Built with aluminum construction. Targeted at the APAC market. Noise cancellation: no.""]",1,584,candidate
DEC029_NO_FEEDBACK,train_kb,conservative_noisy_or_conflict_adjusted,4,Auralex Smartphone Max 15,manufactured_by,Auralex,auralex smartphone max 15|manufactured_by|auralex,5,"[0.98, 0.95, 0.95, 0.978, 0.994]",True,0,0.9985143839865235,0.9985143839865235,0.88,True,0.994162608984375,False,False,"[""product_15"", ""product_15"", ""product_15"", ""product_15"", ""product_15""]","[""structured"", ""unstructured"", ""unstructured"", ""unstructured"", ""unstructured""]","[""structured_row:Auralex Smartphone Max 15"", ""Auralex Smartphone Max 15 is manufactured by Auralex. Priced at 1299 USD. Battery lasts up to 10 hours. Available in black. Built with aluminum construction. Targeted at the US market. Fast charging is no."", ""Auralex Smartphone Max 15 is manufactured by Auralex. Priced at 1299 USD. Battery lasts up to 10 hours. Available in black. Built with aluminum construction. Targeted at the US market. Fast charging is no."", ""Auralex Smartphone Max 15 is manufactured by Auralex. Priced at 1299 USD. Battery lasts up to 10 hours. Available in black. Built with aluminum construction. Targeted at the US market. Fast charging is no."", ""Auralex Smartphone Max 15 is manufactured by Auralex. Priced at 1299 USD. Battery lasts up to 10 hours. Available in black. Built with aluminum construction. Targeted at the US market. Fast charging is no.""]",1,584,candidate
DEC029_NO_FEEDBACK,train_kb,conservative_noisy_or_conflict_adjusted,4,Auralex Smartphone Max 15,belongs_to_category,smartphone,auralex smartphone max 15|belongs_to_category|smartphone,1,[0.98],True,0,0.735,0.735,0.88,False,0.735,False,False,"[""product_15""]","[""structured""]","[""structured_row:Auralex Smartphone Max 15""]",0,584,candidate
DEC029_NO_FEEDBACK,train_kb,conservative_noisy_or_conflict_adjusted,4,Auralex Smartphone Max 15,has_price_usd,1299,auralex smartphone max 15|has_price_usd|1299,5,"[0.98, 0.92, 0.95, 0.976, 0.994]",True,0,0.99838910216625,0.99838910216625,0.88,True,0.9936703425,False,False,"[""product_15"", ""product_15"", ""product_15"", ""product_15"", ""product_15""]","[""structured"", ""unstructured"", ""unstructured"", ""unstructured"", ""unstructured""]","[""structured_row:Auralex Smartphone Max 15"", ""Auralex Smartphone Max 15 is manufactured by Auralex. Priced at 1299 USD. Battery lasts up to 10 hours. Available in black. Built with aluminum construction. Targeted at the US market. Fast charging is no."", ""Auralex Smartphone Max 15 is manufactured by Auralex. Priced at 1299 USD. Battery lasts up to 10 hours. Available in black. Built with aluminum construction. Targeted at the US market. Fast charging is no."", ""Auralex Smartphone Max 15 is manufactured by Auralex. Priced at 1299 USD. Battery lasts up to 10 hours. Available in black. Built with aluminum construction. Targeted at the US market. Fast charging is no."", ""Auralex Smartphone Max 15 is manufactured by Auralex. Priced at 1299 USD. Battery lasts up to 10 hours. Available in black. Built with aluminum construction. Targeted at the US market. Fast charging is no.""]",1,584,candidate
DEC029_NO_FEEDBACK,train_kb,conservative_noisy_or_conflict_adjusted,4,Auralex Smartphone Max 15,has_screen_size_inch,14.0,auralex smartphone max 15|has_screen_size_inch|14.0,1,[0.98],True,0,0.735,0.735,0.88,False,0.735,False,False,"[""product_15""]","[""structured""]","[""structured_row:Auralex Smartphone Max 15""]",0,584,candidate
DEC029_NO_FEEDBACK,train_kb,conservative_noisy_or_conflict_adjusted,4,Auralex Smartphone Max 15,has_ram_gb,16,auralex smartphone max 15|has_ram_gb|16,1,[0.98],True,0,0.735,0.735,0.88,False,0.735,False,False,"[""product_15""]","[""structured""]","[""structured_row:Auralex Smartphone Max 15""]",0,584,candidate
DEC029_NO_FEEDBACK,train_kb,conservative_noisy_or_conflict_adjusted,4,Auralex Smartphone Max 15,has_storage_gb,64,auralex smartphone max 15|has_storage_gb|64,1,[0.98],True,0,0.735,0.735,0.88,False,0.735,False,False,"[""product_15""]","[""structured""]","[""structured_row:Auralex Smartphone Max 15""]",0,584,candidate
DEC029_NO_FEEDBACK,train_kb,conservative_noisy_or_conflict_adjusted,4,Auralex Smartphone Max 15,has_battery_life_hours,10,auralex smartphone max 15|has_battery_life_hours|10,5,"[0.98, 0.9, 0.95, 0.975, 0.993]",True,0,0.9983014383764648,0.9983014383764648,0.88,True,0.993345498046875,False,False,"[""product_15"", ""product_15"", ""product_15"", ""product_15"", ""product_15""]","[""structured"", ""unstructured"", ""unstructured"", ""unstructured"", ""unstructured""]","[""structured_row:Auralex Smartphone Max 15"", ""Auralex Smartphone Max 15 is manufactured by Auralex. Priced at 1299 USD. Battery lasts up to 10 hours. Available in black. Built with aluminum construction. Targeted at the US market. Fast charging is no."", ""Auralex Smartphone Max 15 is manufactured by Auralex. Priced at 1299 USD. Battery lasts up to 10 hours. Available in black. Built with aluminum construction. Targeted at the US market. Fast charging is no."", ""Auralex Smartphone Max 15 is manufactured by Auralex. Priced at 1299 USD. Battery lasts up to 10 hours. Available in black. Built with aluminum construction. Targeted at the US market. Fast charging is no."", ""Auralex Smartphone Max 15 is manufactured by Auralex. Priced at 1299 USD. Battery lasts up to 10 hours. Available in black. Built with aluminum construction. Targeted at the US market. Fast charging is no.""]",1,584,candidate
DEC029_NO_FEEDBACK,train_kb,conservative_noisy_or_conflict_adjusted,4,Auralex Smartphone Max 15,has_weight_kg,0.55,auralex smartphone max 15|has_weight_kg|0.55,1,[0.98],True,0,0.735,0.735,0.88,False,0.735,False,False,"[""product_15""]","[""structured""]","[""structured_row:Auralex Smartphone Max 15""]",0,584,candidate
DEC029_NO_FEEDBACK,train_kb,conservative_noisy_or_conflict_adjusted,4,Auralex Smartphone Max 15,has_color,black,auralex smartphone max 15|has_color|black,5,"[0.98, 0.88, 0.95, 0.8, 0.8]",False,0,0.9958554,0.9958554,0.88,True,0.9896385,False,False,"[""product_15"", ""product_15"", ""product_15"", ""product_15"", ""product_15""]","[""structured"", ""unstructured"", ""unstructured"", ""unstructured"", ""unstructured""]","[""structured_row:Auralex Smartphone Max 15"", ""Auralex Smartphone Max 15 is manufactured by Auralex. Priced at 1299 USD. Battery lasts up to 10 hours. Available in black. Built with aluminum construction. Targeted at the US market. Fast charging is no."", ""Auralex Smartphone Max 15 is manufactured by Auralex. Priced at 1299 USD. Battery lasts up to 10 hours. Available in black. Built with aluminum construction. Targeted at the US market. Fast charging is no."", ""Auralex Smartphone Max 15 is manufactured by Auralex. Priced at 1299 USD. Battery lasts up to 10 hours. Available in black. Built with aluminum construction. Targeted at the US market. Fast charging is no."", ""Auralex Smartphone Max 15 is manufactured by Auralex. Priced at 1299 USD. Battery lasts up to 10 hours. Available in black. Built with aluminum construction. Targeted at the US market. Fast charging is no.""]",1,584,candidate
DEC029_NO_FEEDBACK,train_kb,conservative_noisy_or_conflict_adjusted,4,Auralex Smartphone Max 15,made_of_material,aluminum,auralex smartphone max 15|made_of_material|aluminum,5,"[0.98, 0.85, 0.95, 0.8, 0.8]",True,0,0.995581125,0.995581125,0.88,True,0.9889528125,False,False,"[""product_15"", ""product_15"", ""product_15"", ""product_15"", ""product_15""]","[""structured"", ""unstructured"", ""unstructured"", ""unstructured"", ""unstructured""]","[""structured_row:Auralex Smartphone Max 15"", ""Auralex Smartphone Max 15 is manufactured by Auralex. Priced at 1299 USD. Battery lasts up to 10 hours. Available in black. Built with aluminum construction. Targeted at the US market. Fast charging is no."", ""Auralex Smartphone Max 15 is manufactured by Auralex. Priced at 1299 USD. Battery lasts up to 10 hours. Available in black. Built with aluminum construction. Targeted at the US market. Fast charging is no."", ""Auralex Smartphone Max 15 is manufactured by Auralex. Priced at 1299 USD. Battery lasts up to 10 hours. Available in black. Built with aluminum construction. Targeted at the US market. Fast charging is no."", ""Auralex Smartphone Max 15 is manufactured by Auralex. Priced at 1299 USD. Battery lasts up to 10 hours. Available in black. Built with aluminum construction. Targeted at the US market. Fast charging is no.""]",1,584,candidate
DEC029_NO_FEEDBACK,train_kb,conservative_noisy_or_conflict_adjusted,4,Auralex Smartphone Max 15,target_market_region,US,auralex smartphone max 15|target_market_region|us,5,"[0.98, 0.86, 0.95, 0.8, 0.993]",True,0,0.99723854596875,0.99723854596875,0.88,True,0.989181375,False,False,"[""product_15"", ""product_15"", ""product_15"", ""product_15"", ""product_15""]","[""structured"", ""unstructured"", ""unstructured"", ""unstructured"", ""unstructured""]","[""structured_row:Auralex Smartphone Max 15"", ""Auralex Smartphone Max 15 is manufactured by Auralex. Priced at 1299 USD. Battery lasts up to 10 hours. Available in black. Built with aluminum construction. Targeted at the US market. Fast charging is no."", ""Auralex Smartphone Max 15 is manufactured by Auralex. Priced at 1299 USD. Battery lasts up to 10 hours. Available in black. Built with aluminum construction. Targeted at the US market. Fast charging is no."", ""Auralex Smartphone Max 15 is manufactured by Auralex. Priced at 1299 USD. Battery lasts up to 10 hours. Available in black. Built with aluminum construction. Targeted at the US market. Fast charging is no."", ""Auralex Smartphone Max 15 is manufactured by Auralex. Priced at 1299 USD. Battery lasts up to 10 hours. Available in black. Built with aluminum construction. Targeted at the US market. Fast charging is no.""]",1,584,candidate
DEC029_NO_FEEDBACK,train_kb,conservative_noisy_or_conflict_adjusted,4,Auralex Smartphone Max 15,supports_fast_charging,no,auralex smartphone max 15|supports_fast_charging|no,4,"[0.98, 0.84, 0.95, 0.8]",True,0,0.98872425,0.98872425,0.88,True,0.98872425,False,False,"[""product_15"", ""product_15"", ""product_15"", ""product_15""]","[""structured"", ""unstructured"", ""unstructured"", ""unstructured""]","[""structured_row:Auralex Smartphone Max 15"", ""Auralex Smartphone Max 15 is manufactured by Auralex. Priced at 1299 USD. Battery lasts up to 10 hours. Available in black. Built with aluminum construction. Targeted at the US market. Fast charging is no."", ""Auralex Smartphone Max 15 is manufactured by Auralex. Priced at 1299 USD. Battery lasts up to 10 hours. Available in black. Built with aluminum construction. Targeted at the US market. Fast charging is no."", ""Auralex Smartphone Max 15 is manufactured by Auralex. Priced at 1299 USD. Battery lasts up to 10 hours. Available in black. Built with aluminum construction. Targeted at the US market. Fast charging is no.""]",1,584,candidate
DEC029_NO_FEEDBACK,train_kb,conservative_noisy_or_conflict_adjusted,4,Auralex Smartphone Max 15,has_noise_cancellation,no,auralex smartphone max 15|has_noise_cancellation|no,1,[0.98],True,0,0.735,0.735,0.88,False,0.735,False,False,"[""product_15""]","[""structured""]","[""structured_row:Auralex Smartphone Max 15""]",0,584,candidate
DEC029_NO_FEEDBACK,train_kb,conservative_noisy_or_conflict_adjusted,4,NeoTech Laptop Air 16,manufactured_by,NeoTech,neotech laptop air 16|manufactured_by|neotech,3,"[0.98, 0.95, 0.85]",True,0,0.97238203125,0.97238203125,0.88,True,0.97238203125,False,False,"[""product_16"", ""product_16"", ""product_16""]","[""structured"", ""unstructured"", ""unstructured""]","[""structured_row:NeoTech Laptop Air 16"", ""NeoTech Laptop Air 16 is manufactured by NeoTech. It is a laptop device. Comes with 12GB of RAM. Battery lasts up to 12 hours. Weighs approximately 0.23kg. Targeted at the Global market. Noise cancellation: no."", ""NeoTech Laptop Air 16 is manufactured by NeoTech. It is a laptop device. Comes with 12GB of RAM. Battery lasts up to 12 hours. Weighs approximately 0.23kg. Targeted at the Global market. Noise cancellation: no.""]",1,584,candidate
DEC029_NO_FEEDBACK,train_kb,conservative_noisy_or_conflict_adjusted,4,NeoTech Laptop Air 16,belongs_to_category,laptop,neotech laptop air 16|belongs_to_category|laptop,1,[0.98],True,0,0.735,0.735,0.88,False,0.735,False,False,"[""product_16""]","[""structured""]","[""structured_row:NeoTech Laptop Air 16""]",1,584,candidate
DEC029_NO_FEEDBACK,train_kb,conservative_noisy_or_conflict_adjusted,4,NeoTech Laptop Air 16,has_price_usd,1099,neotech laptop air 16|has_price_usd|1099,1,[0.98],True,0,0.735,0.735,0.88,False,0.735,False,False,"[""product_16""]","[""structured""]","[""structured_row:NeoTech Laptop Air 16""]",0,584,candidate
DEC029_NO_FEEDBACK,train_kb,conservative_noisy_or_conflict_adjusted,4,NeoTech Laptop Air 16,has_screen_size_inch,6.1,neotech laptop air 16|has_screen_size_inch|6.1,1,[0.98],True,0,0.735,0.735,0.88,False,0.735,False,False,"[""product_16""]","[""structured""]","[""structured_row:NeoTech Laptop Air 16""]",0,584,candidate
DEC029_NO_FEEDBACK,train_kb,conservative_noisy_or_conflict_adjusted,4,NeoTech Laptop Air 16,has_ram_gb,12,neotech laptop air 16|has_ram_gb|12,3,"[0.98, 0.92, 0.85]",True,0,0.970220625,0.970220625,0.88,True,0.970220625,False,False,"[""product_16"", ""product_16"", ""product_16""]","[""structured"", ""unstructured"", ""unstructured""]","[""structured_row:NeoTech Laptop Air 16"", ""NeoTech Laptop Air 16 is manufactured by NeoTech. It is a laptop device. Comes with 12GB of RAM. Battery lasts up to 12 hours. Weighs approximately 0.23kg. Targeted at the Global market. Noise cancellation: no."", ""NeoTech Laptop Air 16 is manufactured by NeoTech. It is a laptop device. Comes with 12GB of RAM. Battery lasts up to 12 hours. Weighs approximately 0.23kg. Targeted at the Global market. Noise cancellation: no.""]",1,584,candidate
DEC029_NO_FEEDBACK,train_kb,conservative_noisy_or_conflict_adjusted,4,NeoTech Laptop Air 16,has_storage_gb,1024,neotech laptop air 16|has_storage_gb|1024,1,[0.98],True,0,0.735,0.735,0.88,False,0.735,False,False,"[""product_16""]","[""structured""]","[""structured_row:NeoTech Laptop Air 16""]",0,584,candidate
DEC029_NO_FEEDBACK,train_kb,conservative_noisy_or_conflict_adjusted,4,NeoTech Laptop Air 16,has_battery_life_hours,12,neotech laptop air 16|has_battery_life_hours|12,3,"[0.98, 0.93, 0.85]",True,0,0.97094109375,0.97094109375,0.88,True,0.97094109375,False,False,"[""product_16"", ""product_16"", ""product_16""]","[""structured"", ""unstructured"", ""unstructured""]","[""structured_row:NeoTech Laptop Air 16"", ""NeoTech Laptop Air 16 is manufactured by NeoTech. It is a laptop device. Comes with 12GB of RAM. Battery lasts up to 12 hours. Weighs approximately 0.23kg. Targeted at the Global market. Noise cancellation: no."", ""NeoTech Laptop Air 16 is manufactured by NeoTech. It is a laptop device. Comes with 12GB of RAM. Battery lasts up to 12 hours. Weighs approximately 0.23kg. Targeted at the Global market. Noise cancellation: no.""]",1,584,candidate
DEC029_NO_FEEDBACK,train_kb,conservative_noisy_or_conflict_adjusted,4,NeoTech Laptop Air 16,has_weight_kg,0.23,neotech laptop air 16|has_weight_kg|0.23,3,"[0.98, 0.94, 0.85]",True,0,0.9716615625,0.9716615625,0.88,True,0.9716615625,False,False,"[""product_16"", ""product_16"", ""product_16""]","[""structured"", ""unstructured"", ""unstructured""]","[""structured_row:NeoTech Laptop Air 16"", ""NeoTech Laptop Air 16 is manufactured by NeoTech. It is a laptop device. Comes with 12GB of RAM. Battery lasts up to 12 hours. Weighs approximately 0.23kg. Targeted at the Global market. Noise cancellation: no."", ""NeoTech Laptop Air 16 is manufactured by NeoTech. It is a laptop device. Comes with 12GB of RAM. Battery lasts up to 12 hours. Weighs approximately 0.23kg. Targeted at the Global market. Noise cancellation: no.""]",1,584,candidate
DEC029_NO_FEEDBACK,train_kb,conservative_noisy_or_conflict_adjusted,4,NeoTech Laptop Air 16,has_color,silver,neotech laptop air 16|has_color|silver,1,[0.98],False,0,0.735,0.735,0.88,False,0.735,False,False,"[""product_16""]","[""structured""]","[""structured_row:NeoTech Laptop Air 16""]",0,584,candidate
DEC029_NO_FEEDBACK,train_kb,conservative_noisy_or_conflict_adjusted,4,NeoTech Laptop Air 16,made_of_material,carbon fiber,neotech laptop air 16|made_of_material|carbon fiber,1,[0.98],True,0,0.735,0.735,0.88,False,0.735,False,False,"[""product_16""]","[""structured""]","[""structured_row:NeoTech Laptop Air 16""]",0,584,candidate
DEC029_NO_FEEDBACK,train_kb,conservative_noisy_or_conflict_adjusted,4,NeoTech Laptop Air 16,target_market_region,Global,neotech laptop air 16|target_market_region|global,3,"[0.98, 0.9, 0.85]",True,0,0.9687796875,0.9687796875,0.88,True,0.9687796875,False,False,"[""product_16"", ""product_16"", ""product_16""]","[""structured"", ""unstructured"", ""unstructured""]","[""structured_row:NeoTech Laptop Air 16"", ""NeoTech Laptop Air 16 is manufactured by NeoTech. It is a laptop device. Comes with 12GB of RAM. Battery lasts up to 12 hours. Weighs approximately 0.23kg. Targeted at the Global market. Noise cancellation: no."", ""NeoTech Laptop Air 16 is manufactured by NeoTech. It is a laptop device. Comes with 12GB of RAM. Battery lasts up to 12 hours. Weighs approximately 0.23kg. Targeted at the Global market. Noise cancellation: no.""]",1,584,candidate
DEC029_NO_FEEDBACK,train_kb,conservative_noisy_or_conflict_adjusted,4,NeoTech Laptop Air 16,supports_fast_charging,yes,neotech laptop air 16|supports_fast_charging|yes,1,[0.98],True,1,0.735,0.3675,0.88,False,0.3675,False,False,"[""product_16""]","[""structured""]","[""structured_row:NeoTech Laptop Air 16""]",0,584,candidate
DEC029_NO_FEEDBACK,train_kb,conservative_noisy_or_conflict_adjusted,4,NeoTech Laptop Air 16,has_noise_cancellation,no,neotech laptop air 16|has_noise_cancellation|no,3,"[0.98, 0.86, 0.85]",True,0,0.9658978125,0.9658978125,0.88,True,0.9658978125,False,False,"[""product_16"", ""product_16"", ""product_16""]","[""structured"", ""unstructured"", ""unstructured""]","[""structured_row:NeoTech Laptop Air 16"", ""NeoTech Laptop Air 16 is manufactured by NeoTech. It is a laptop device. Comes with 12GB of RAM. Battery lasts up to 12 hours. Weighs approximately 0.23kg. Targeted at the Global market. Noise cancellation: no."", ""NeoTech Laptop Air 16 is manufactured by NeoTech. It is a laptop device. Comes with 12GB of RAM. Battery lasts up to 12 hours. Weighs approximately 0.23kg. Targeted at the Global market. Noise cancellation: no.""]",1,584,candidate
DEC029_NO_FEEDBACK,train_kb,conservative_noisy_or_conflict_adjusted,4,NeoTech Laptop Air 16,supports_fast_charging,no,neotech laptop air 16|supports_fast_charging|no,1,[0.85],True,1,0.6375,0.31875,0.88,False,0.31875,False,False,"[""product_16""]","[""unstructured""]","[""NeoTech Laptop Air 16 is manufactured by NeoTech. It is a laptop device. Comes with 12GB of RAM. Battery lasts up to 12 hours. Weighs approximately 0.23kg. Targeted at the Global market. Noise cancellation: no.""]",0,584,candidate
DEC029_NO_FEEDBACK,train_kb,conservative_noisy_or_conflict_adjusted,4,TechNova Smartwatch Air 17,manufactured_by,TechNova,technova smartwatch air 17|manufactured_by|technova,2,"[0.98, 0.91]",True,0,0.9158625,0.9158625,0.88,True,0.735,True,False,"[""product_17"", ""product_17""]","[""structured"", ""unstructured""]","[""structured_row:TechNova Smartwatch Air 17"", ""TechNova Smartwatch Air 17 is manufactured by TechNova. Priced at 199 USD. The display measures 6.1 inches. Comes with 6GB of RAM. Offers 1024GB of internal storage. Weighs approximately 1.8kg. Targeted at the APAC market.""]",1,584,candidate
DEC029_NO_FEEDBACK,train_kb,conservative_noisy_or_conflict_adjusted,4,TechNova Smartwatch Air 17,belongs_to_category,smartwatch,technova smartwatch air 17|belongs_to_category|smartwatch,1,[0.98],True,0,0.735,0.735,0.88,False,0.735,False,False,"[""product_17""]","[""structured""]","[""structured_row:TechNova Smartwatch Air 17""]",0,584,candidate
DEC029_NO_FEEDBACK,train_kb,conservative_noisy_or_conflict_adjusted,4,TechNova Smartwatch Air 17,has_price_usd,199,technova smartwatch air 17|has_price_usd|199,2,"[0.98, 0.91]",True,0,0.9158625,0.9158625,0.88,True,0.735,True,False,"[""product_17"", ""product_17""]","[""structured"", ""unstructured""]","[""structured_row:TechNova Smartwatch Air 17"", ""TechNova Smartwatch Air 17 is manufactured by TechNova. Priced at 199 USD. The display measures 6.1 inches. Comes with 6GB of RAM. Offers 1024GB of internal storage. Weighs approximately 1.8kg. Targeted at the APAC market.""]",1,584,candidate
DEC029_NO_FEEDBACK,train_kb,conservative_noisy_or_conflict_adjusted,4,TechNova Smartwatch Air 17,has_screen_size_inch,6.1,technova smartwatch air 17|has_screen_size_inch|6.1,2,"[0.98, 0.91]",True,0,0.9158625,0.9158625,0.88,True,0.735,True,False,"[""product_17"", ""product_17""]","[""structured"", ""unstructured""]","[""structured_row:TechNova Smartwatch Air 17"", ""TechNova Smartwatch Air 17 is manufactured by TechNova. Priced at 199 USD. The display measures 6.1 inches. Comes with 6GB of RAM. Offers 1024GB of internal storage. Weighs approximately 1.8kg. Targeted at the APAC market.""]",1,584,candidate
DEC029_NO_FEEDBACK,train_kb,conservative_noisy_or_conflict_adjusted,4,TechNova Smartwatch Air 17,has_ram_gb,6,technova smartwatch air 17|has_ram_gb|6,2,"[0.98, 0.91]",True,0,0.9158625,0.9158625,0.88,True,0.735,True,False,"[""product_17"", ""product_17""]","[""structured"", ""unstructured""]","[""structured_row:TechNova Smartwatch Air 17"", ""TechNova Smartwatch Air 17 is manufactured by TechNova. Priced at 199 USD. The display measures 6.1 inches. Comes with 6GB of RAM. Offers 1024GB of internal storage. Weighs approximately 1.8kg. Targeted at the APAC market.""]",1,584,candidate
DEC029_NO_FEEDBACK,train_kb,conservative_noisy_or_conflict_adjusted,4,TechNova Smartwatch Air 17,has_storage_gb,1024,technova smartwatch air 17|has_storage_gb|1024,2,"[0.98, 0.91]",True,0,0.9158625,0.9158625,0.88,True,0.735,True,False,"[""product_17"", ""product_17""]","[""structured"", ""unstructured""]","[""structured_row:TechNova Smartwatch Air 17"", ""TechNova Smartwatch Air 17 is manufactured by TechNova. Priced at 199 USD. The display measures 6.1 inches. Comes with 6GB of RAM. Offers 1024GB of internal storage. Weighs approximately 1.8kg. Targeted at the APAC market.""]",1,584,candidate
DEC029_NO_FEEDBACK,train_kb,conservative_noisy_or_conflict_adjusted,4,TechNova Smartwatch Air 17,has_battery_life_hours,12,technova smartwatch air 17|has_battery_life_hours|12,1,[0.98],True,0,0.735,0.735,0.88,False,0.735,False,False,"[""product_17""]","[""structured""]","[""structured_row:TechNova Smartwatch Air 17""]",0,584,candidate
DEC029_NO_FEEDBACK,train_kb,conservative_noisy_or_conflict_adjusted,4,TechNova Smartwatch Air 17,has_weight_kg,1.8,technova smartwatch air 17|has_weight_kg|1.8,2,"[0.98, 0.91]",True,0,0.9158625,0.9158625,0.88,True,0.735,True,False,"[""product_17"", ""product_17""]","[""structured"", ""unstructured""]","[""structured_row:TechNova Smartwatch Air 17"", ""TechNova Smartwatch Air 17 is manufactured by TechNova. Priced at 199 USD. The display measures 6.1 inches. Comes with 6GB of RAM. Offers 1024GB of internal storage. Weighs approximately 1.8kg. Targeted at the APAC market.""]",1,584,candidate
DEC029_NO_FEEDBACK,train_kb,conservative_noisy_or_conflict_adjusted,4,TechNova Smartwatch Air 17,has_color,green,technova smartwatch air 17|has_color|green,1,[0.98],False,0,0.735,0.735,0.88,False,0.735,False,False,"[""product_17""]","[""structured""]","[""structured_row:TechNova Smartwatch Air 17""]",0,584,candidate
DEC029_NO_FEEDBACK,train_kb,conservative_noisy_or_conflict_adjusted,4,TechNova Smartwatch Air 17,made_of_material,plastic,technova smartwatch air 17|made_of_material|plastic,1,[0.98],True,0,0.735,0.735,0.88,False,0.735,False,False,"[""product_17""]","[""structured""]","[""structured_row:TechNova Smartwatch Air 17""]",0,584,candidate
DEC029_NO_FEEDBACK,train_kb,conservative_noisy_or_conflict_adjusted,4,TechNova Smartwatch Air 17,target_market_region,APAC,technova smartwatch air 17|target_market_region|apac,2,"[0.98, 0.91]",True,0,0.9158625,0.9158625,0.88,True,0.735,True,False,"[""product_17"", ""product_17""]","[""structured"", ""unstructured""]","[""structured_row:TechNova Smartwatch Air 17"", ""TechNova Smartwatch Air 17 is manufactured by TechNova. Priced at 199 USD. The display measures 6.1 inches. Comes with 6GB of RAM. Offers 1024GB of internal storage. Weighs approximately 1.8kg. Targeted at the APAC market.""]",1,584,candidate
DEC029_NO_FEEDBACK,train_kb,conservative_noisy_or_conflict_adjusted,4,TechNova Smartwatch Air 17,supports_fast_charging,yes,technova smartwatch air 17|supports_fast_charging|yes,1,[0.98],True,0,0.735,0.735,0.88,False,0.735,False,False,"[""product_17""]","[""structured""]","[""structured_row:TechNova Smartwatch Air 17""]",0,584,candidate
DEC029_NO_FEEDBACK,train_kb,conservative_noisy_or_conflict_adjusted,4,TechNova Smartwatch Air 17,has_noise_cancellation,no,technova smartwatch air 17|has_noise_cancellation|no,1,[0.98],True,0,0.735,0.735,0.88,False,0.735,False,False,"[""product_17""]","[""structured""]","[""structured_row:TechNova Smartwatch Air 17""]",0,584,candidate
DEC029_NO_FEEDBACK,train_kb,conservative_noisy_or_conflict_adjusted,4,PixelWare Headphones Air 18,manufactured_by,PixelWare,pixelware headphones air 18|manufactured_by|pixelware,3,"[0.98, 0.85, 0.9]",True,0,0.9687796875,0.9687796875,0.88,True,0.9687796875,False,False,"[""product_18"", ""product_18"", ""product_18""]","[""structured"", ""unstructured"", ""unstructured""]","[""structured_row:PixelWare Headphones Air 18"", ""PixelWare Headphones Air 18 is manufactured by PixelWare. It is a headphones device. Priced at 499 USD. Comes with 12GB of RAM. Offers 1024GB of internal storage. Available in green. Targeted at the US market."", ""PixelWare Headphones Air 18 is manufactured by PixelWare. It is a headphones device. Priced at 499 USD. Comes with 12GB of RAM. Offers 1024GB of internal storage. Available in green. Targeted at the US market.""]",1,584,candidate
DEC029_NO_FEEDBACK,train_kb,conservative_noisy_or_conflict_adjusted,4,PixelWare Headphones Air 18,belongs_to_category,headphones,pixelware headphones air 18|belongs_to_category|headphones,1,[0.98],True,0,0.735,0.735,0.88,False,0.735,False,False,"[""product_18""]","[""structured""]","[""structured_row:PixelWare Headphones Air 18""]",1,584,candidate
DEC029_NO_FEEDBACK,train_kb,conservative_noisy_or_conflict_adjusted,4,PixelWare Headphones Air 18,has_price_usd,499,pixelware headphones air 18|has_price_usd|499,3,"[0.98, 0.92, 0.9]",True,0,0.97330125,0.97330125,0.88,True,0.97330125,False,False,"[""product_18"", ""product_18"", ""product_18""]","[""structured"", ""unstructured"", ""unstructured""]","[""structured_row:PixelWare Headphones Air 18"", ""PixelWare Headphones Air 18 is manufactured by PixelWare. It is a headphones device. Priced at 499 USD. Comes with 12GB of RAM. Offers 1024GB of internal storage. Available in green. Targeted at the US market."", ""PixelWare Headphones Air 18 is manufactured by PixelWare. It is a headphones device. Priced at 499 USD. Comes with 12GB of RAM. Offers 1024GB of internal storage. Available in green. Targeted at the US market.""]",1,584,candidate
DEC029_NO_FEEDBACK,train_kb,conservative_noisy_or_conflict_adjusted,4,PixelWare Headphones Air 18,has_screen_size_inch,6.7,pixelware headphones air 18|has_screen_size_inch|6.7,1,[0.98],True,0,0.735,0.735,0.88,False,0.735,False,False,"[""product_18""]","[""structured""]","[""structured_row:PixelWare Headphones Air 18""]",0,584,candidate
DEC029_NO_FEEDBACK,train_kb,conservative_noisy_or_conflict_adjusted,4,PixelWare Headphones Air 18,has_ram_gb,12,pixelware headphones air 18|has_ram_gb|12,3,"[0.98, 0.88, 0.9]",True,0,0.9707175,0.9707175,0.88,True,0.9707175,False,False,"[""product_18"", ""product_18"", ""product_18""]","[""structured"", ""unstructured"", ""unstructured""]","[""structured_row:PixelWare Headphones Air 18"", ""PixelWare Headphones Air 18 is manufactured by PixelWare. It is a headphones device. Priced at 499 USD. Comes with 12GB of RAM. Offers 1024GB of internal storage. Available in green. Targeted at the US market."", ""PixelWare Headphones Air 18 is manufactured by PixelWare. It is a headphones device. Priced at 499 USD. Comes with 12GB of RAM. Offers 1024GB of internal storage. Available in green. Targeted at the US market.""]",1,584,candidate
DEC029_NO_FEEDBACK,train_kb,conservative_noisy_or_conflict_adjusted,4,PixelWare Headphones Air 18,has_storage_gb,1024,pixelware headphones air 18|has_storage_gb|1024,3,"[0.98, 0.9, 0.9]",True,0,0.972009375,0.972009375,0.88,True,0.972009375,False,False,"[""product_18"", ""product_18"", ""product_18""]","[""structured"", ""unstructured"", ""unstructured""]","[""structured_row:PixelWare Headphones Air 18"", ""PixelWare Headphones Air 18 is manufactured by PixelWare. It is a headphones device. Priced at 499 USD. Comes with 12GB of RAM. Offers 1024GB of internal storage. Available in green. Targeted at the US market."", ""PixelWare Headphones Air 18 is manufactured by PixelWare. It is a headphones device. Priced at 499 USD. Comes with 12GB of RAM. Offers 1024GB of internal storage. Available in green. Targeted at the US market.""]",1,584,candidate
DEC029_NO_FEEDBACK,train_kb,conservative_noisy_or_conflict_adjusted,4,PixelWare Headphones Air 18,has_battery_life_hours,14,pixelware headphones air 18|has_battery_life_hours|14,1,[0.98],True,0,0.735,0.735,0.88,False,0.735,False,False,"[""product_18""]","[""structured""]","[""structured_row:PixelWare Headphones Air 18""]",0,584,candidate
DEC029_NO_FEEDBACK,train_kb,conservative_noisy_or_conflict_adjusted,4,PixelWare Headphones Air 18,has_weight_kg,1.2,pixelware headphones air 18|has_weight_kg|1.2,1,[0.98],True,0,0.735,0.735,0.88,False,0.735,False,False,"[""product_18""]","[""structured""]","[""structured_row:PixelWare Headphones Air 18""]",0,584,candidate
DEC029_NO_FEEDBACK,train_kb,conservative_noisy_or_conflict_adjusted,4,PixelWare Headphones Air 18,has_color,green,pixelware headphones air 18|has_color|green,3,"[0.98, 0.86, 0.9]",False,0,0.969425625,0.969425625,0.88,True,0.969425625,False,False,"[""product_18"", ""product_18"", ""product_18""]","[""structured"", ""unstructured"", ""unstructured""]","[""structured_row:PixelWare Headphones Air 18"", ""PixelWare Headphones Air 18 is manufactured by PixelWare. It is a headphones device. Priced at 499 USD. Comes with 12GB of RAM. Offers 1024GB of internal storage. Available in green. Targeted at the US market."", ""PixelWare Headphones Air 18 is manufactured by PixelWare. It is a headphones device. Priced at 499 USD. Comes with 12GB of RAM. Offers 1024GB of internal storage. Available in green. Targeted at the US market.""]",1,584,candidate
DEC029_NO_FEEDBACK,train_kb,conservative_noisy_or_conflict_adjusted,4,PixelWare Headphones Air 18,made_of_material,plastic,pixelware headphones air 18|made_of_material|plastic,1,[0.98],True,0,0.735,0.735,0.88,False,0.735,False,False,"[""product_18""]","[""structured""]","[""structured_row:PixelWare Headphones Air 18""]",0,584,candidate
DEC029_NO_FEEDBACK,train_kb,conservative_noisy_or_conflict_adjusted,4,PixelWare Headphones Air 18,target_market_region,US,pixelware headphones air 18|target_market_region|us,3,"[0.98, 0.89, 0.9]",True,0,0.9713634375,0.9713634375,0.88,True,0.9713634375,False,False,"[""product_18"", ""product_18"", ""product_18""]","[""structured"", ""unstructured"", ""unstructured""]","[""structured_row:PixelWare Headphones Air 18"", ""PixelWare Headphones Air 18 is manufactured by PixelWare. It is a headphones device. Priced at 499 USD. Comes with 12GB of RAM. Offers 1024GB of internal storage. Available in green. Targeted at the US market."", ""PixelWare Headphones Air 18 is manufactured by PixelWare. It is a headphones device. Priced at 499 USD. Comes with 12GB of RAM. Offers 1024GB of internal storage. Available in green. Targeted at the US market.""]",1,584,candidate
DEC029_NO_FEEDBACK,train_kb,conservative_noisy_or_conflict_adjusted,4,PixelWare Headphones Air 18,supports_fast_charging,yes,pixelware headphones air 18|supports_fast_charging|yes,1,[0.98],True,0,0.735,0.735,0.88,False,0.735,False,False,"[""product_18""]","[""structured""]","[""structured_row:PixelWare Headphones Air 18""]",0,584,candidate
DEC029_NO_FEEDBACK,train_kb,conservative_noisy_or_conflict_adjusted,4,PixelWare Headphones Air 18,has_noise_cancellation,yes,pixelware headphones air 18|has_noise_cancellation|yes,1,[0.98],True,0,0.735,0.735,0.88,False,0.735,False,False,"[""product_18""]","[""structured""]","[""structured_row:PixelWare Headphones Air 18""]",0,584,candidate
DEC029_NO_FEEDBACK,train_kb,conservative_noisy_or_conflict_adjusted,4,Zenbyte Laptop Pro 19,manufactured_by,Zenbyte,zenbyte laptop pro 19|manufactured_by|zenbyte,3,"[0.98, 0.85, 0.9]",True,0,0.9687796875,0.9687796875,0.88,True,0.9039375,False,False,"[""product_19"", ""product_19"", ""product_19""]","[""structured"", ""unstructured"", ""unstructured""]","[""structured_row:Zenbyte Laptop Pro 19"", ""Zenbyte Laptop Pro 19 is manufactured by Zenbyte. It is a laptop device. The display measures 13.3 inches. Comes with 32GB of RAM. Available in black. Fast charging is no. Noise cancellation: no."", ""Zenbyte Laptop Pro 19 is manufactured by Zenbyte. It is a laptop device. The display measures 13.3 inches. Comes with 32GB of RAM. Available in black. Fast charging is no. Noise cancellation: no.""]",1,584,candidate
DEC029_NO_FEEDBACK,train_kb,conservative_noisy_or_conflict_adjusted,4,Zenbyte Laptop Pro 19,belongs_to_category,laptop,zenbyte laptop pro 19|belongs_to_category|laptop,1,[0.98],True,1,0.735,0.3675,0.88,False,0.3675,False,False,"[""product_19""]","[""structured""]","[""structured_row:Zenbyte Laptop Pro 19""]",1,584,candidate
DEC029_NO_FEEDBACK,train_kb,conservative_noisy_or_conflict_adjusted,4,Zenbyte Laptop Pro 19,has_price_usd,1099,zenbyte laptop pro 19|has_price_usd|1099,1,[0.98],True,0,0.735,0.735,0.88,False,0.735,False,False,"[""product_19""]","[""structured""]","[""structured_row:Zenbyte Laptop Pro 19""]",0,584,candidate
DEC029_NO_FEEDBACK,train_kb,conservative_noisy_or_conflict_adjusted,4,Zenbyte Laptop Pro 19,has_screen_size_inch,13.3,zenbyte laptop pro 19|has_screen_size_inch|13.3,3,"[0.98, 0.88, 0.9]",True,0,0.9707175,0.9707175,0.88,True,0.9099,False,False,"[""product_19"", ""product_19"", ""product_19""]","[""structured"", ""unstructured"", ""unstructured""]","[""structured_row:Zenbyte Laptop Pro 19"", ""Zenbyte Laptop Pro 19 is manufactured by Zenbyte. It is a laptop device. The display measures 13.3 inches. Comes with 32GB of RAM. Available in black. Fast charging is no. Noise cancellation: no."", ""Zenbyte Laptop Pro 19 is manufactured by Zenbyte. It is a laptop device. The display measures 13.3 inches. Comes with 32GB of RAM. Available in black. Fast charging is no. Noise cancellation: no.""]",1,584,candidate
DEC029_NO_FEEDBACK,train_kb,conservative_noisy_or_conflict_adjusted,4,Zenbyte Laptop Pro 19,has_ram_gb,32,zenbyte laptop pro 19|has_ram_gb|32,3,"[0.98, 0.9, 0.9]",True,0,0.972009375,0.972009375,0.88,True,0.913875,False,False,"[""product_19"", ""product_19"", ""product_19""]","[""structured"", ""unstructured"", ""unstructured""]","[""structured_row:Zenbyte Laptop Pro 19"", ""Zenbyte Laptop Pro 19 is manufactured by Zenbyte. It is a laptop device. The display measures 13.3 inches. Comes with 32GB of RAM. Available in black. Fast charging is no. Noise cancellation: no."", ""Zenbyte Laptop Pro 19 is manufactured by Zenbyte. It is a laptop device. The display measures 13.3 inches. Comes with 32GB of RAM. Available in black. Fast charging is no. Noise cancellation: no.""]",1,584,candidate
DEC029_NO_FEEDBACK,train_kb,conservative_noisy_or_conflict_adjusted,4,Zenbyte Laptop Pro 19,has_storage_gb,1024,zenbyte laptop pro 19|has_storage_gb|1024,1,[0.98],True,0,0.735,0.735,0.88,False,0.735,False,False,"[""product_19""]","[""structured""]","[""structured_row:Zenbyte Laptop Pro 19""]",0,584,candidate
DEC029_NO_FEEDBACK,train_kb,conservative_noisy_or_conflict_adjusted,4,Zenbyte Laptop Pro 19,has_battery_life_hours,10,zenbyte laptop pro 19|has_battery_life_hours|10,1,[0.98],True,0,0.735,0.735,0.88,False,0.735,False,False,"[""product_19""]","[""structured""]","[""structured_row:Zenbyte Laptop Pro 19""]",0,584,candidate
DEC029_NO_FEEDBACK,train_kb,conservative_noisy_or_conflict_adjusted,4,Zenbyte Laptop Pro 19,has_weight_kg,0.42,zenbyte laptop pro 19|has_weight_kg|0.42,1,[0.98],True,0,0.735,0.735,0.88,False,0.735,False,False,"[""product_19""]","[""structured""]","[""structured_row:Zenbyte Laptop Pro 19""]",0,584,candidate
DEC029_NO_FEEDBACK,train_kb,conservative_noisy_or_conflict_adjusted,4,Zenbyte Laptop Pro 19,has_color,black,zenbyte laptop pro 19|has_color|black,3,"[0.98, 0.86, 0.9]",False,0,0.969425625,0.969425625,0.88,True,0.905925,False,False,"[""product_19"", ""product_19"", ""product_19""]","[""structured"", ""unstructured"", ""unstructured""]","[""structured_row:Zenbyte Laptop Pro 19"", ""Zenbyte Laptop Pro 19 is manufactured by Zenbyte. It is a laptop device. The display measures 13.3 inches. Comes with 32GB of RAM. Available in black. Fast charging is no. Noise cancellation: no."", ""Zenbyte Laptop Pro 19 is manufactured by Zenbyte. It is a laptop device. The display measures 13.3 inches. Comes with 32GB of RAM. Available in black. Fast charging is no. Noise cancellation: no.""]",1,584,candidate
DEC029_NO_FEEDBACK,train_kb,conservative_noisy_or_conflict_adjusted,4,Zenbyte Laptop Pro 19,made_of_material,plastic,zenbyte laptop pro 19|made_of_material|plastic,1,[0.98],True,0,0.735,0.735,0.88,False,0.735,False,False,"[""product_19""]","[""structured""]","[""structured_row:Zenbyte Laptop Pro 19""]",0,584,candidate
DEC029_NO_FEEDBACK,train_kb,conservative_noisy_or_conflict_adjusted,4,Zenbyte Laptop Pro 19,target_market_region,US,zenbyte laptop pro 19|target_market_region|us,1,[0.98],True,0,0.735,0.735,0.88,False,0.735,False,False,"[""product_19""]","[""structured""]","[""structured_row:Zenbyte Laptop Pro 19""]",0,584,candidate
DEC029_NO_FEEDBACK,train_kb,conservative_noisy_or_conflict_adjusted,4,Zenbyte Laptop Pro 19,supports_fast_charging,no,zenbyte laptop pro 19|supports_fast_charging|no,3,"[0.98, 0.89, 0.9]",True,0,0.9713634375,0.9713634375,0.88,True,0.9118875,False,False,"[""product_19"", ""product_19"", ""product_19""]","[""structured"", ""unstructured"", ""unstructured""]","[""structured_row:Zenbyte Laptop Pro 19"", ""Zenbyte Laptop Pro 19 is manufactured by Zenbyte. It is a laptop device. The display measures 13.3 inches. Comes with 32GB of RAM. Available in black. Fast charging is no. Noise cancellation: no."", ""Zenbyte Laptop Pro 19 is manufactured by Zenbyte. It is a laptop device. The display measures 13.3 inches. Comes with 32GB of RAM. Available in black. Fast charging is no. Noise cancellation: no.""]",1,584,candidate
DEC029_NO_FEEDBACK,train_kb,conservative_noisy_or_conflict_adjusted,4,Zenbyte Laptop Pro 19,has_noise_cancellation,no,zenbyte laptop pro 19|has_noise_cancellation|no,3,"[0.98, 0.85, 0.9]",True,0,0.9687796875,0.9687796875,0.88,True,0.9039375,False,False,"[""product_19"", ""product_19"", ""product_19""]","[""structured"", ""unstructured"", ""unstructured""]","[""structured_row:Zenbyte Laptop Pro 19"", ""Zenbyte Laptop Pro 19 is manufactured by Zenbyte. It is a laptop device. The display measures 13.3 inches. Comes with 32GB of RAM. Available in black. Fast charging is no. Noise cancellation: no."", ""Zenbyte Laptop Pro 19 is manufactured by Zenbyte. It is a laptop device. The display measures 13.3 inches. Comes with 32GB of RAM. Available in black. Fast charging is no. Noise cancellation: no.""]",1,584,candidate
DEC029_NO_FEEDBACK,train_kb,conservative_noisy_or_conflict_adjusted,4,Zenbyte Laptop Pro 19,belongs_to_category,laptop device,zenbyte laptop pro 19|belongs_to_category|laptop device,1,[0.92],True,1,0.6900000000000001,0.34500000000000003,0.88,False,0.34500000000000003,False,False,"[""product_19""]","[""unstructured""]","[""Zenbyte Laptop Pro 19 is manufactured by Zenbyte. It is a laptop device. The display measures 13.3 inches. Comes with 32GB of RAM. Available in black. Fast charging is no. Noise cancellation: no.""]",0,584,candidate
DEC029_NO_FEEDBACK,train_kb,conservative_noisy_or_conflict_adjusted,4,VoltEdge Headphones Plus 20,manufactured_by,VoltEdge,voltedge headphones plus 20|manufactured_by|voltedge,1,[0.98],True,0,0.735,0.735,0.88,False,0.735,False,False,"[""product_20""]","[""structured""]","[""structured_row:VoltEdge Headphones Plus 20""]",0,584,candidate
DEC029_NO_FEEDBACK,train_kb,conservative_noisy_or_conflict_adjusted,4,VoltEdge Headphones Plus 20,belongs_to_category,headphones,voltedge headphones plus 20|belongs_to_category|headphones,1,[0.98],True,0,0.735,0.735,0.88,False,0.735,False,False,"[""product_20""]","[""structured""]","[""structured_row:VoltEdge Headphones Plus 20""]",1,584,candidate
DEC029_NO_FEEDBACK,train_kb,conservative_noisy_or_conflict_adjusted,4,VoltEdge Headphones Plus 20,has_price_usd,1299,voltedge headphones plus 20|has_price_usd|1299,1,[0.98],True,0,0.735,0.735,0.88,False,0.735,False,False,"[""product_20""]","[""structured""]","[""structured_row:VoltEdge Headphones Plus 20""]",1,584,candidate
DEC029_NO_FEEDBACK,train_kb,conservative_noisy_or_conflict_adjusted,4,VoltEdge Headphones Plus 20,has_screen_size_inch,11.0,voltedge headphones plus 20|has_screen_size_inch|11.0,1,[0.98],True,0,0.735,0.735,0.88,False,0.735,False,False,"[""product_20""]","[""structured""]","[""structured_row:VoltEdge Headphones Plus 20""]",0,584,candidate
DEC029_NO_FEEDBACK,train_kb,conservative_noisy_or_conflict_adjusted,4,VoltEdge Headphones Plus 20,has_ram_gb,16,voltedge headphones plus 20|has_ram_gb|16,1,[0.98],True,0,0.735,0.735,0.88,False,0.735,False,False,"[""product_20""]","[""structured""]","[""structured_row:VoltEdge Headphones Plus 20""]",0,584,candidate
DEC029_NO_FEEDBACK,train_kb,conservative_noisy_or_conflict_adjusted,4,VoltEdge Headphones Plus 20,has_storage_gb,512,voltedge headphones plus 20|has_storage_gb|512,1,[0.98],True,0,0.735,0.735,0.88,False,0.735,False,False,"[""product_20""]","[""structured""]","[""structured_row:VoltEdge Headphones Plus 20""]",1,584,candidate
DEC029_NO_FEEDBACK,train_kb,conservative_noisy_or_conflict_adjusted,4,VoltEdge Headphones Plus 20,has_battery_life_hours,10,voltedge headphones plus 20|has_battery_life_hours|10,1,[0.98],True,0,0.735,0.735,0.88,False,0.735,False,False,"[""product_20""]","[""structured""]","[""structured_row:VoltEdge Headphones Plus 20""]",0,584,candidate
DEC029_NO_FEEDBACK,train_kb,conservative_noisy_or_conflict_adjusted,4,VoltEdge Headphones Plus 20,has_weight_kg,1.8,voltedge headphones plus 20|has_weight_kg|1.8,1,[0.98],True,0,0.735,0.735,0.88,False,0.735,False,False,"[""product_20""]","[""structured""]","[""structured_row:VoltEdge Headphones Plus 20""]",0,584,candidate
DEC029_NO_FEEDBACK,train_kb,conservative_noisy_or_conflict_adjusted,4,VoltEdge Headphones Plus 20,has_color,white,voltedge headphones plus 20|has_color|white,1,[0.98],False,0,0.735,0.735,0.88,False,0.735,False,False,"[""product_20""]","[""structured""]","[""structured_row:VoltEdge Headphones Plus 20""]",1,584,candidate
DEC029_NO_FEEDBACK,train_kb,conservative_noisy_or_conflict_adjusted,4,VoltEdge Headphones Plus 20,made_of_material,plastic,voltedge headphones plus 20|made_of_material|plastic,1,[0.98],True,0,0.735,0.735,0.88,False,0.735,False,False,"[""product_20""]","[""structured""]","[""structured_row:VoltEdge Headphones Plus 20""]",1,584,candidate
DEC029_NO_FEEDBACK,train_kb,conservative_noisy_or_conflict_adjusted,4,VoltEdge Headphones Plus 20,target_market_region,EU,voltedge headphones plus 20|target_market_region|eu,1,[0.98],True,0,0.735,0.735,0.88,False,0.735,False,False,"[""product_20""]","[""structured""]","[""structured_row:VoltEdge Headphones Plus 20""]",1,584,candidate
DEC029_NO_FEEDBACK,train_kb,conservative_noisy_or_conflict_adjusted,4,VoltEdge Headphones Plus 20,supports_fast_charging,no,voltedge headphones plus 20|supports_fast_charging|no,1,[0.98],True,0,0.735,0.735,0.88,False,0.735,False,False,"[""product_20""]","[""structured""]","[""structured_row:VoltEdge Headphones Plus 20""]",1,584,candidate
DEC029_NO_FEEDBACK,train_kb,conservative_noisy_or_conflict_adjusted,4,VoltEdge Headphones Plus 20,has_noise_cancellation,no,voltedge headphones plus 20|has_noise_cancellation|no,1,[0.98],True,0,0.735,0.735,0.88,False,0.735,False,False,"[""product_20""]","[""structured""]","[""structured_row:VoltEdge Headphones Plus 20""]",0,584,candidate
DEC029_NO_FEEDBACK,train_kb,conservative_noisy_or_conflict_adjusted,4,headphones device,has_price_usd,1299,headphones device|has_price_usd|1299,3,"[0.92, 0.8, 0.85]",True,1,0.9550500000000001,0.47752500000000003,0.88,False,0.43800000000000006,False,False,"[""product_20"", ""product_20"", ""product_20""]","[""unstructured"", ""unstructured"", ""unstructured""]","[""It is a headphones device. Priced at 1299 USD. Offers 512GB of internal storage. Available in white. Built with plastic construction. Targeted at the EU market. Fast charging is no."", ""It is a headphones device. Priced at 1299 USD. Offers 512GB of internal storage. Available in white. Built with plastic construction. Targeted at the EU market. Fast charging is no."", ""It is a headphones device. Priced at 1299 USD. Offers 512GB of internal storage. Available in white. Built with plastic construction. Targeted at the EU market. Fast charging is no.""]",0,584,candidate
DEC029_NO_FEEDBACK,train_kb,conservative_noisy_or_conflict_adjusted,4,headphones device,has_storage_gb,512,headphones device|has_storage_gb|512,3,"[0.85, 0.8, 0.85]",True,1,0.9474375,0.47371875,0.88,False,0.4275,False,False,"[""product_20"", ""product_20"", ""product_20""]","[""unstructured"", ""unstructured"", ""unstructured""]","[""It is a headphones device. Priced at 1299 USD. Offers 512GB of internal storage. Available in white. Built with plastic construction. Targeted at the EU market. Fast charging is no."", ""It is a headphones device. Priced at 1299 USD. Offers 512GB of internal storage. Available in white. Built with plastic construction. Targeted at the EU market. Fast charging is no."", ""It is a headphones device. Priced at 1299 USD. Offers 512GB of internal storage. Available in white. Built with plastic construction. Targeted at the EU market. Fast charging is no.""]",0,584,candidate
DEC029_NO_FEEDBACK,train_kb,conservative_noisy_or_conflict_adjusted,4,headphones device,has_color,white,headphones device|has_color|white,3,"[0.88, 0.8, 0.85]",False,2,0.9507,0.9507,0.88,True,0.8640000000000001,True,False,"[""product_20"", ""product_20"", ""product_20""]","[""unstructured"", ""unstructured"", ""unstructured""]","[""It is a headphones device. Priced at 1299 USD. Offers 512GB of internal storage. Available in white. Built with plastic construction. Targeted at the EU market. Fast charging is no."", ""It is a headphones device. Priced at 1299 USD. Offers 512GB of internal storage. Available in white. Built with plastic construction. Targeted at the EU market. Fast charging is no."", ""It is a headphones device. Priced at 1299 USD. Offers 512GB of internal storage. Available in white. Built with plastic construction. Targeted at the EU market. Fast charging is no.""]",0,584,candidate
DEC029_NO_FEEDBACK,train_kb,conservative_noisy_or_conflict_adjusted,4,headphones device,target_market_region,EU,headphones device|target_market_region|eu,7,"[0.9, 0.85, 0.8, 0.85, 0.85, 0.85, 0.91]",True,2,0.9992872797052001,0.3330957599017334,0.88,False,0.33126916015625,False,False,"[""product_20"", ""product_44"", ""product_20"", ""product_44"", ""product_44"", ""product_20"", ""product_44""]","[""unstructured"", ""unstructured"", ""unstructured"", ""unstructured"", ""unstructured"", ""unstructured"", ""unstructured""]","[""It is a headphones device. Priced at 1299 USD. Offers 512GB of internal storage. Available in white. Built with plastic construction. Targeted at the EU market. Fast charging is no."", ""It is a headphones device. Priced at 199 USD. The display measures 15.6 inches. Comes with 6GB of RAM. Weighs approximately 0.18kg. Targeted at the EU market. Noise cancellation: yes."", ""It is a headphones device. Priced at 1299 USD. Offers 512GB of internal storage. Available in white. Built with plastic construction. Targeted at the EU market. Fast charging is no."", ""It is a headphones device. Priced at 199 USD. The display measures 15.6 inches. Comes with 6GB of RAM. Weighs approximately 0.18kg. Targeted at the EU market. Noise cancellation: yes."", ""It is a headphones device. Priced at 199 USD. The display measures 15.6 inches. Comes with 6GB of RAM. Weighs approximately 0.18kg. Targeted at the EU market. Noise cancellation: yes."", ""It is a headphones device. Priced at 1299 USD. Offers 512GB of internal storage. Available in white. Built with plastic construction. Targeted at the EU market. Fast charging is no."", ""It is a headphones device. Priced at 199 USD. The display measures 15.6 inches. Comes with 6GB of RAM. Weighs approximately 0.18kg. Targeted at the EU market. Noise cancellation: yes.""]",0,584,candidate
DEC029_NO_FEEDBACK,train_kb,conservative_noisy_or_conflict_adjusted,4,Auralex Tablet Lite 22,manufactured_by,Auralex,auralex tablet lite 22|manufactured_by|auralex,1,[0.98],True,0,0.735,0.735,0.88,False,0.735,False,False,"[""product_22""]","[""structured""]","[""structured_row:Auralex Tablet Lite 22""]",0,584,candidate
DEC029_NO_FEEDBACK,train_kb,conservative_noisy_or_conflict_adjusted,4,Auralex Tablet Lite 22,belongs_to_category,tablet,auralex tablet lite 22|belongs_to_category|tablet,1,[0.98],True,0,0.735,0.735,0.88,False,0.735,False,False,"[""product_22""]","[""structured""]","[""structured_row:Auralex Tablet Lite 22""]",1,584,candidate
DEC029_NO_FEEDBACK,train_kb,conservative_noisy_or_conflict_adjusted,4,Auralex Tablet Lite 22,has_price_usd,199,auralex tablet lite 22|has_price_usd|199,1,[0.98],True,0,0.735,0.735,0.88,False,0.735,False,False,"[""product_22""]","[""structured""]","[""structured_row:Auralex Tablet Lite 22""]",1,584,candidate
DEC029_NO_FEEDBACK,train_kb,conservative_noisy_or_conflict_adjusted,4,Auralex Tablet Lite 22,has_screen_size_inch,6.7,auralex tablet lite 22|has_screen_size_inch|6.7,1,[0.98],True,0,0.735,0.735,0.88,False,0.735,False,False,"[""product_22""]","[""structured""]","[""structured_row:Auralex Tablet Lite 22""]",1,584,candidate
DEC029_NO_FEEDBACK,train_kb,conservative_noisy_or_conflict_adjusted,4,Auralex Tablet Lite 22,has_ram_gb,16,auralex tablet lite 22|has_ram_gb|16,1,[0.98],True,0,0.735,0.735,0.88,False,0.735,False,False,"[""product_22""]","[""structured""]","[""structured_row:Auralex Tablet Lite 22""]",0,584,candidate
DEC029_NO_FEEDBACK,train_kb,conservative_noisy_or_conflict_adjusted,4,Auralex Tablet Lite 22,has_storage_gb,64,auralex tablet lite 22|has_storage_gb|64,1,[0.98],True,0,0.735,0.735,0.88,False,0.735,False,False,"[""product_22""]","[""structured""]","[""structured_row:Auralex Tablet Lite 22""]",0,584,candidate
DEC029_NO_FEEDBACK,train_kb,conservative_noisy_or_conflict_adjusted,4,Auralex Tablet Lite 22,has_battery_life_hours,18,auralex tablet lite 22|has_battery_life_hours|18,1,[0.98],True,0,0.735,0.735,0.88,False,0.735,False,False,"[""product_22""]","[""structured""]","[""structured_row:Auralex Tablet Lite 22""]",1,584,candidate
DEC029_NO_FEEDBACK,train_kb,conservative_noisy_or_conflict_adjusted,4,Auralex Tablet Lite 22,has_weight_kg,1.8,auralex tablet lite 22|has_weight_kg|1.8,1,[0.98],True,0,0.735,0.735,0.88,False,0.735,False,False,"[""product_22""]","[""structured""]","[""structured_row:Auralex Tablet Lite 22""]",0,584,candidate
DEC029_NO_FEEDBACK,train_kb,conservative_noisy_or_conflict_adjusted,4,Auralex Tablet Lite 22,has_color,silver,auralex tablet lite 22|has_color|silver,1,[0.98],False,0,0.735,0.735,0.88,False,0.735,False,False,"[""product_22""]","[""structured""]","[""structured_row:Auralex Tablet Lite 22""]",0,584,candidate
DEC029_NO_FEEDBACK,train_kb,conservative_noisy_or_conflict_adjusted,4,Auralex Tablet Lite 22,made_of_material,plastic,auralex tablet lite 22|made_of_material|plastic,1,[0.98],True,0,0.735,0.735,0.88,False,0.735,False,False,"[""product_22""]","[""structured""]","[""structured_row:Auralex Tablet Lite 22""]",0,584,candidate
DEC029_NO_FEEDBACK,train_kb,conservative_noisy_or_conflict_adjusted,4,Auralex Tablet Lite 22,target_market_region,Global,auralex tablet lite 22|target_market_region|global,1,[0.98],True,0,0.735,0.735,0.88,False,0.735,False,False,"[""product_22""]","[""structured""]","[""structured_row:Auralex Tablet Lite 22""]",1,584,candidate
DEC029_NO_FEEDBACK,train_kb,conservative_noisy_or_conflict_adjusted,4,Auralex Tablet Lite 22,supports_fast_charging,yes,auralex tablet lite 22|supports_fast_charging|yes,1,[0.98],True,0,0.735,0.735,0.88,False,0.735,False,False,"[""product_22""]","[""structured""]","[""structured_row:Auralex Tablet Lite 22""]",1,584,candidate
DEC029_NO_FEEDBACK,train_kb,conservative_noisy_or_conflict_adjusted,4,Auralex Tablet Lite 22,has_noise_cancellation,no,auralex tablet lite 22|has_noise_cancellation|no,1,[0.98],True,0,0.735,0.735,0.88,False,0.735,False,False,"[""product_22""]","[""structured""]","[""structured_row:Auralex Tablet Lite 22""]",1,584,candidate
DEC029_NO_FEEDBACK,train_kb,conservative_noisy_or_conflict_adjusted,4,tablet device,has_price_usd,199,tablet device|has_price_usd|199,3,"[0.91, 0.91, 0.95]",True,1,0.971018203125,0.4855091015625,0.88,False,0.449596875,False,False,"[""product_22"", ""product_22"", ""product_22""]","[""unstructured"", ""unstructured"", ""unstructured""]","[""It is a tablet device. Priced at 199 USD. The display measures 6.7 inches. Battery lasts up to 18 hours. Targeted at the Global market. Fast charging is yes. Noise cancellation: no."", ""It is a tablet device. Priced at 199 USD. The display measures 6.7 inches. Battery lasts up to 18 hours. Targeted at the Global market. Fast charging is yes. Noise cancellation: no."", ""It is a tablet device. Priced at 199 USD. The display measures 6.7 inches. Battery lasts up to 18 hours. Targeted at the Global market. Fast charging is yes. Noise cancellation: no.""]",0,584,candidate
DEC029_NO_FEEDBACK,train_kb,conservative_noisy_or_conflict_adjusted,4,tablet device,has_screen_size_inch,6.7,tablet device|has_screen_size_inch|6.7,3,"[0.91, 0.91, 0.95]",True,0,0.971018203125,0.971018203125,0.88,True,0.89919375,False,False,"[""product_22"", ""product_22"", ""product_22""]","[""unstructured"", ""unstructured"", ""unstructured""]","[""It is a tablet device. Priced at 199 USD. The display measures 6.7 inches. Battery lasts up to 18 hours. Targeted at the Global market. Fast charging is yes. Noise cancellation: no."", ""It is a tablet device. Priced at 199 USD. The display measures 6.7 inches. Battery lasts up to 18 hours. Targeted at the Global market. Fast charging is yes. Noise cancellation: no."", ""It is a tablet device. Priced at 199 USD. The display measures 6.7 inches. Battery lasts up to 18 hours. Targeted at the Global market. Fast charging is yes. Noise cancellation: no.""]",0,584,candidate
DEC029_NO_FEEDBACK,train_kb,conservative_noisy_or_conflict_adjusted,4,tablet device,has_battery_life_hours,18,tablet device|has_battery_life_hours|18,3,"[0.91, 0.91, 0.95]",True,1,0.971018203125,0.4855091015625,0.88,False,0.449596875,False,False,"[""product_22"", ""product_22"", ""product_22""]","[""unstructured"", ""unstructured"", ""unstructured""]","[""It is a tablet device. Priced at 199 USD. The display measures 6.7 inches. Battery lasts up to 18 hours. Targeted at the Global market. Fast charging is yes. Noise cancellation: no."", ""It is a tablet device. Priced at 199 USD. The display measures 6.7 inches. Battery lasts up to 18 hours. Targeted at the Global market. Fast charging is yes. Noise cancellation: no."", ""It is a tablet device. Priced at 199 USD. The display measures 6.7 inches. Battery lasts up to 18 hours. Targeted at the Global market. Fast charging is yes. Noise cancellation: no.""]",0,584,candidate
DEC029_NO_FEEDBACK,train_kb,conservative_noisy_or_conflict_adjusted,4,tablet device,target_market_region,Global,tablet device|target_market_region|global,5,"[0.91, 0.91, 0.85, 0.95, 0.85]",True,0,0.9961916107543946,0.9961916107543946,0.88,True,0.963457734375,False,False,"[""product_22"", ""product_22"", ""product_25"", ""product_22"", ""product_25""]","[""unstructured"", ""unstructured"", ""unstructured"", ""unstructured"", ""unstructured""]","[""It is a tablet device. Priced at 199 USD. The display measures 6.7 inches. Battery lasts up to 18 hours. Targeted at the Global market. Fast charging is yes. Noise cancellation: no."", ""It is a tablet device. Priced at 199 USD. The display measures 6.7 inches. Battery lasts up to 18 hours. Targeted at the Global market. Fast charging is yes. Noise cancellation: no."", ""It is a tablet device. Priced at 699 USD. Offers 512GB of internal storage. Battery lasts up to 20 hours. Built with carbon fiber construction. Targeted at the Global market. Noise cancellation: no."", ""It is a tablet device. Priced at 199 USD. The display measures 6.7 inches. Battery lasts up to 18 hours. Targeted at the Global market. Fast charging is yes. Noise cancellation: no."", ""It is a tablet device. Priced at 699 USD. Offers 512GB of internal storage. Battery lasts up to 20 hours. Built with carbon fiber construction. Targeted at the Global market. Noise cancellation: no.""]",0,584,candidate
DEC029_NO_FEEDBACK,train_kb,conservative_noisy_or_conflict_adjusted,4,tablet device,supports_fast_charging,yes,tablet device|supports_fast_charging|yes,3,"[0.91, 0.91, 0.95]",True,0,0.971018203125,0.971018203125,0.88,True,0.89919375,False,False,"[""product_22"", ""product_22"", ""product_22""]","[""unstructured"", ""unstructured"", ""unstructured""]","[""It is a tablet device. Priced at 199 USD. The display measures 6.7 inches. Battery lasts up to 18 hours. Targeted at the Global market. Fast charging is yes. Noise cancellation: no."", ""It is a tablet device. Priced at 199 USD. The display measures 6.7 inches. Battery lasts up to 18 hours. Targeted at the Global market. Fast charging is yes. Noise cancellation: no."", ""It is a tablet device. Priced at 199 USD. The display measures 6.7 inches. Battery lasts up to 18 hours. Targeted at the Global market. Fast charging is yes. Noise cancellation: no.""]",0,584,candidate
DEC029_NO_FEEDBACK,train_kb,conservative_noisy_or_conflict_adjusted,4,tablet device,has_noise_cancellation,no,tablet device|has_noise_cancellation|no,4,"[0.91, 0.91, 0.85, 0.95]",True,0,0.9894940986328125,0.9894940986328125,0.88,True,0.963457734375,False,False,"[""product_22"", ""product_22"", ""product_25"", ""product_22""]","[""unstructured"", ""unstructured"", ""unstructured"", ""unstructured""]","[""It is a tablet device. Priced at 199 USD. The display measures 6.7 inches. Battery lasts up to 18 hours. Targeted at the Global market. Fast charging is yes. Noise cancellation: no."", ""It is a tablet device. Priced at 199 USD. The display measures 6.7 inches. Battery lasts up to 18 hours. Targeted at the Global market. Fast charging is yes. Noise cancellation: no."", ""It is a tablet device. Priced at 699 USD. Offers 512GB of internal storage. Battery lasts up to 20 hours. Built with carbon fiber construction. Targeted at the Global market. Noise cancellation: no."", ""It is a tablet device. Priced at 199 USD. The display measures 6.7 inches. Battery lasts up to 18 hours. Targeted at the Global market. Fast charging is yes. Noise cancellation: no.""]",0,584,candidate
DEC029_NO_FEEDBACK,train_kb,conservative_noisy_or_conflict_adjusted,4,Zenbyte Headphones Pro 23,manufactured_by,Zenbyte,zenbyte headphones pro 23|manufactured_by|zenbyte,1,[0.98],True,0,0.735,0.735,0.88,False,0.735,False,False,"[""product_23""]","[""structured""]","[""structured_row:Zenbyte Headphones Pro 23""]",0,584,candidate
DEC029_NO_FEEDBACK,train_kb,conservative_noisy_or_conflict_adjusted,4,Zenbyte Headphones Pro 23,belongs_to_category,headphones,zenbyte headphones pro 23|belongs_to_category|headphones,1,[0.98],True,0,0.735,0.735,0.88,False,0.735,False,False,"[""product_23""]","[""structured""]","[""structured_row:Zenbyte Headphones Pro 23""]",1,584,candidate
DEC029_NO_FEEDBACK,train_kb,conservative_noisy_or_conflict_adjusted,4,Zenbyte Headphones Pro 23,has_price_usd,499,zenbyte headphones pro 23|has_price_usd|499,1,[0.98],True,0,0.735,0.735,0.88,False,0.735,False,False,"[""product_23""]","[""structured""]","[""structured_row:Zenbyte Headphones Pro 23""]",0,584,candidate
DEC029_NO_FEEDBACK,train_kb,conservative_noisy_or_conflict_adjusted,4,Zenbyte Headphones Pro 23,has_screen_size_inch,6.7,zenbyte headphones pro 23|has_screen_size_inch|6.7,1,[0.98],True,0,0.735,0.735,0.88,False,0.735,False,False,"[""product_23""]","[""structured""]","[""structured_row:Zenbyte Headphones Pro 23""]",1,584,candidate
DEC029_NO_FEEDBACK,train_kb,conservative_noisy_or_conflict_adjusted,4,Zenbyte Headphones Pro 23,has_ram_gb,6,zenbyte headphones pro 23|has_ram_gb|6,1,[0.98],True,0,0.735,0.735,0.88,False,0.735,False,False,"[""product_23""]","[""structured""]","[""structured_row:Zenbyte Headphones Pro 23""]",1,584,candidate
DEC029_NO_FEEDBACK,train_kb,conservative_noisy_or_conflict_adjusted,4,Zenbyte Headphones Pro 23,has_storage_gb,1024,zenbyte headphones pro 23|has_storage_gb|1024,1,[0.98],True,0,0.735,0.735,0.88,False,0.735,False,False,"[""product_23""]","[""structured""]","[""structured_row:Zenbyte Headphones Pro 23""]",0,584,candidate
DEC029_NO_FEEDBACK,train_kb,conservative_noisy_or_conflict_adjusted,4,Zenbyte Headphones Pro 23,has_battery_life_hours,8,zenbyte headphones pro 23|has_battery_life_hours|8,1,[0.98],True,0,0.735,0.735,0.88,False,0.735,False,False,"[""product_23""]","[""structured""]","[""structured_row:Zenbyte Headphones Pro 23""]",0,584,candidate
DEC029_NO_FEEDBACK,train_kb,conservative_noisy_or_conflict_adjusted,4,Zenbyte Headphones Pro 23,has_weight_kg,1.2,zenbyte headphones pro 23|has_weight_kg|1.2,1,[0.98],True,0,0.735,0.735,0.88,False,0.735,False,False,"[""product_23""]","[""structured""]","[""structured_row:Zenbyte Headphones Pro 23""]",1,584,candidate
DEC029_NO_FEEDBACK,train_kb,conservative_noisy_or_conflict_adjusted,4,Zenbyte Headphones Pro 23,has_color,green,zenbyte headphones pro 23|has_color|green,1,[0.98],False,0,0.735,0.735,0.88,False,0.735,False,False,"[""product_23""]","[""structured""]","[""structured_row:Zenbyte Headphones Pro 23""]",1,584,candidate
DEC029_NO_FEEDBACK,train_kb,conservative_noisy_or_conflict_adjusted,4,Zenbyte Headphones Pro 23,made_of_material,aluminum,zenbyte headphones pro 23|made_of_material|aluminum,1,[0.98],True,0,0.735,0.735,0.88,False,0.735,False,False,"[""product_23""]","[""structured""]","[""structured_row:Zenbyte Headphones Pro 23""]",0,584,candidate
DEC029_NO_FEEDBACK,train_kb,conservative_noisy_or_conflict_adjusted,4,Zenbyte Headphones Pro 23,target_market_region,APAC,zenbyte headphones pro 23|target_market_region|apac,1,[0.98],True,0,0.735,0.735,0.88,False,0.735,False,False,"[""product_23""]","[""structured""]","[""structured_row:Zenbyte Headphones Pro 23""]",1,584,candidate
DEC029_NO_FEEDBACK,train_kb,conservative_noisy_or_conflict_adjusted,4,Zenbyte Headphones Pro 23,supports_fast_charging,yes,zenbyte headphones pro 23|supports_fast_charging|yes,1,[0.98],True,0,0.735,0.735,0.88,False,0.735,False,False,"[""product_23""]","[""structured""]","[""structured_row:Zenbyte Headphones Pro 23""]",1,584,candidate
DEC029_NO_FEEDBACK,train_kb,conservative_noisy_or_conflict_adjusted,4,Zenbyte Headphones Pro 23,has_noise_cancellation,no,zenbyte headphones pro 23|has_noise_cancellation|no,1,[0.98],True,0,0.735,0.735,0.88,False,0.735,False,False,"[""product_23""]","[""structured""]","[""structured_row:Zenbyte Headphones Pro 23""]",0,584,candidate
DEC029_NO_FEEDBACK,train_kb,conservative_noisy_or_conflict_adjusted,4,headphones device,has_screen_size_inch,6.7,headphones device|has_screen_size_inch|6.7,3,"[0.85, 0.9, 0.91]",True,1,0.9625945312499999,0.48129726562499997,0.88,False,0.44109375,False,False,"[""product_23"", ""product_23"", ""product_23""]","[""unstructured"", ""unstructured"", ""unstructured""]","[""It is a headphones device. The display measures 6.7 inches. Comes with 6GB of RAM. Weighs approximately 1.2kg. Available in green. Targeted at the APAC market. Fast charging is yes."", ""It is a headphones device. The display measures 6.7 inches. Comes with 6GB of RAM. Weighs approximately 1.2kg. Available in green. Targeted at the APAC market. Fast charging is yes."", ""It is a headphones device. The display measures 6.7 inches. Comes with 6GB of RAM. Weighs approximately 1.2kg. Available in green. Targeted at the APAC market. Fast charging is yes.""]",0,584,candidate
DEC029_NO_FEEDBACK,train_kb,conservative_noisy_or_conflict_adjusted,4,headphones device,has_ram_gb,6,headphones device|has_ram_gb|6,7,"[0.92, 0.85, 0.9, 0.85, 0.85, 0.91, 0.91]",True,1,0.9995162103792022,0.4997581051896011,0.88,False,0.49760039868164063,False,False,"[""product_23"", ""product_44"", ""product_23"", ""product_44"", ""product_44"", ""product_23"", ""product_44""]","[""unstructured"", ""unstructured"", ""unstructured"", ""unstructured"", ""unstructured"", ""unstructured"", ""unstructured""]","[""It is a headphones device. The display measures 6.7 inches. Comes with 6GB of RAM. Weighs approximately 1.2kg. Available in green. Targeted at the APAC market. Fast charging is yes."", ""It is a headphones device. Priced at 199 USD. The display measures 15.6 inches. Comes with 6GB of RAM. Weighs approximately 0.18kg. Targeted at the EU market. Noise cancellation: yes."", ""It is a headphones device. The display measures 6.7 inches. Comes with 6GB of RAM. Weighs approximately 1.2kg. Available in green. Targeted at the APAC market. Fast charging is yes."", ""It is a headphones device. Priced at 199 USD. The display measures 15.6 inches. Comes with 6GB of RAM. Weighs approximately 0.18kg. Targeted at the EU market. Noise cancellation: yes."", ""It is a headphones device. Priced at 199 USD. The display measures 15.6 inches. Comes with 6GB of RAM. Weighs approximately 0.18kg. Targeted at the EU market. Noise cancellation: yes."", ""It is a headphones device. The display measures 6.7 inches. Comes with 6GB of RAM. Weighs approximately 1.2kg. Available in green. Targeted at the APAC market. Fast charging is yes."", ""It is a headphones device. Priced at 199 USD. The display measures 15.6 inches. Comes with 6GB of RAM. Weighs approximately 0.18kg. Targeted at the EU market. Noise cancellation: yes.""]",0,584,candidate
DEC029_NO_FEEDBACK,train_kb,conservative_noisy_or_conflict_adjusted,4,headphones device,has_weight_kg,1.2,headphones device|has_weight_kg|1.2,3,"[0.88, 0.9, 0.91]",True,1,0.96491625,0.482458125,0.88,False,0.44475000000000003,False,False,"[""product_23"", ""product_23"", ""product_23""]","[""unstructured"", ""unstructured"", ""unstructured""]","[""It is a headphones device. The display measures 6.7 inches. Comes with 6GB of RAM. Weighs approximately 1.2kg. Available in green. Targeted at the APAC market. Fast charging is yes."", ""It is a headphones device. The display measures 6.7 inches. Comes with 6GB of RAM. Weighs approximately 1.2kg. Available in green. Targeted at the APAC market. Fast charging is yes."", ""It is a headphones device. The display measures 6.7 inches. Comes with 6GB of RAM. Weighs approximately 1.2kg. Available in green. Targeted at the APAC market. Fast charging is yes.""]",0,584,candidate
DEC029_NO_FEEDBACK,train_kb,conservative_noisy_or_conflict_adjusted,4,headphones device,has_color,green,headphones device|has_color|green,3,"[0.9, 0.9, 0.91]",False,2,0.9664640625,0.9664640625,0.88,True,0.894375,False,False,"[""product_23"", ""product_23"", ""product_23""]","[""unstructured"", ""unstructured"", ""unstructured""]","[""It is a headphones device. The display measures 6.7 inches. Comes with 6GB of RAM. Weighs approximately 1.2kg. Available in green. Targeted at the APAC market. Fast charging is yes."", ""It is a headphones device. The display measures 6.7 inches. Comes with 6GB of RAM. Weighs approximately 1.2kg. Available in green. Targeted at the APAC market. Fast charging is yes."", ""It is a headphones device. The display measures 6.7 inches. Comes with 6GB of RAM. Weighs approximately 1.2kg. Available in green. Targeted at the APAC market. Fast charging is yes.""]",0,584,candidate
DEC029_NO_FEEDBACK,train_kb,conservative_noisy_or_conflict_adjusted,4,headphones device,target_market_region,APAC,headphones device|target_market_region|apac,3,"[0.86, 0.9, 0.91]",True,2,0.9633684375,0.3211228125,0.88,False,0.294875,False,False,"[""product_23"", ""product_23"", ""product_23""]","[""unstructured"", ""unstructured"", ""unstructured""]","[""It is a headphones device. The display measures 6.7 inches. Comes with 6GB of RAM. Weighs approximately 1.2kg. Available in green. Targeted at the APAC market. Fast charging is yes."", ""It is a headphones device. The display measures 6.7 inches. Comes with 6GB of RAM. Weighs approximately 1.2kg. Available in green. Targeted at the APAC market. Fast charging is yes."", ""It is a headphones device. The display measures 6.7 inches. Comes with 6GB of RAM. Weighs approximately 1.2kg. Available in green. Targeted at the APAC market. Fast charging is yes.""]",0,584,candidate
DEC029_NO_FEEDBACK,train_kb,conservative_noisy_or_conflict_adjusted,4,headphones device,supports_fast_charging,yes,headphones device|supports_fast_charging|yes,4,"[0.89, 0.9, 0.91, 0.91]",True,1,0.989106624609375,0.4945533123046875,0.88,False,0.482845078125,False,False,"[""product_23"", ""product_23"", ""product_50"", ""product_23""]","[""unstructured"", ""unstructured"", ""unstructured"", ""unstructured""]","[""It is a headphones device. The display measures 6.7 inches. Comes with 6GB of RAM. Weighs approximately 1.2kg. Available in green. Targeted at the APAC market. Fast charging is yes."", ""It is a headphones device. The display measures 6.7 inches. Comes with 6GB of RAM. Weighs approximately 1.2kg. Available in green. Targeted at the APAC market. Fast charging is yes."", ""It is a headphones device. The display measures 15.6 inches. Comes with 12GB of RAM. Offers 256GB of internal storage. Available in silver. Targeted at the Global market. Noise cancellation: yes."", ""It is a headphones device. The display measures 6.7 inches. Comes with 6GB of RAM. Weighs approximately 1.2kg. Available in green. Targeted at the APAC market. Fast charging is yes.""]",0,584,candidate
DEC029_NO_FEEDBACK,train_kb,conservative_noisy_or_conflict_adjusted,4,VoltEdge Tablet Air 25,manufactured_by,VoltEdge,voltedge tablet air 25|manufactured_by|voltedge,1,[0.98],True,0,0.735,0.735,0.88,False,0.735,False,False,"[""product_25""]","[""structured""]","[""structured_row:VoltEdge Tablet Air 25""]",0,584,candidate
DEC029_NO_FEEDBACK,train_kb,conservative_noisy_or_conflict_adjusted,4,VoltEdge Tablet Air 25,belongs_to_category,tablet,voltedge tablet air 25|belongs_to_category|tablet,1,[0.98],True,0,0.735,0.735,0.88,False,0.735,False,False,"[""product_25""]","[""structured""]","[""structured_row:VoltEdge Tablet Air 25""]",1,584,candidate
DEC029_NO_FEEDBACK,train_kb,conservative_noisy_or_conflict_adjusted,4,VoltEdge Tablet Air 25,has_price_usd,699,voltedge tablet air 25|has_price_usd|699,1,[0.98],True,0,0.735,0.735,0.88,False,0.735,False,False,"[""product_25""]","[""structured""]","[""structured_row:VoltEdge Tablet Air 25""]",1,584,candidate
DEC029_NO_FEEDBACK,train_kb,conservative_noisy_or_conflict_adjusted,4,VoltEdge Tablet Air 25,has_screen_size_inch,6.7,voltedge tablet air 25|has_screen_size_inch|6.7,1,[0.98],True,0,0.735,0.735,0.88,False,0.735,False,False,"[""product_25""]","[""structured""]","[""structured_row:VoltEdge Tablet Air 25""]",0,584,candidate
DEC029_NO_FEEDBACK,train_kb,conservative_noisy_or_conflict_adjusted,4,VoltEdge Tablet Air 25,has_ram_gb,12,voltedge tablet air 25|has_ram_gb|12,1,[0.98],True,0,0.735,0.735,0.88,False,0.735,False,False,"[""product_25""]","[""structured""]","[""structured_row:VoltEdge Tablet Air 25""]",0,584,candidate
DEC029_NO_FEEDBACK,train_kb,conservative_noisy_or_conflict_adjusted,4,VoltEdge Tablet Air 25,has_storage_gb,512,voltedge tablet air 25|has_storage_gb|512,1,[0.98],True,0,0.735,0.735,0.88,False,0.735,False,False,"[""product_25""]","[""structured""]","[""structured_row:VoltEdge Tablet Air 25""]",1,584,candidate
DEC029_NO_FEEDBACK,train_kb,conservative_noisy_or_conflict_adjusted,4,VoltEdge Tablet Air 25,has_battery_life_hours,20,voltedge tablet air 25|has_battery_life_hours|20,1,[0.98],True,0,0.735,0.735,0.88,False,0.735,False,False,"[""product_25""]","[""structured""]","[""structured_row:VoltEdge Tablet Air 25""]",1,584,candidate
DEC029_NO_FEEDBACK,train_kb,conservative_noisy_or_conflict_adjusted,4,VoltEdge Tablet Air 25,has_weight_kg,0.23,voltedge tablet air 25|has_weight_kg|0.23,1,[0.98],True,0,0.735,0.735,0.88,False,0.735,False,False,"[""product_25""]","[""structured""]","[""structured_row:VoltEdge Tablet Air 25""]",0,584,candidate
DEC029_NO_FEEDBACK,train_kb,conservative_noisy_or_conflict_adjusted,4,VoltEdge Tablet Air 25,has_color,white,voltedge tablet air 25|has_color|white,1,[0.98],False,0,0.735,0.735,0.88,False,0.735,False,False,"[""product_25""]","[""structured""]","[""structured_row:VoltEdge Tablet Air 25""]",0,584,candidate
DEC029_NO_FEEDBACK,train_kb,conservative_noisy_or_conflict_adjusted,4,VoltEdge Tablet Air 25,made_of_material,carbon fiber,voltedge tablet air 25|made_of_material|carbon fiber,1,[0.98],True,0,0.735,0.735,0.88,False,0.735,False,False,"[""product_25""]","[""structured""]","[""structured_row:VoltEdge Tablet Air 25""]",1,584,candidate
DEC029_NO_FEEDBACK,train_kb,conservative_noisy_or_conflict_adjusted,4,VoltEdge Tablet Air 25,target_market_region,Global,voltedge tablet air 25|target_market_region|global,1,[0.98],True,0,0.735,0.735,0.88,False,0.735,False,False,"[""product_25""]","[""structured""]","[""structured_row:VoltEdge Tablet Air 25""]",1,584,candidate
DEC029_NO_FEEDBACK,train_kb,conservative_noisy_or_conflict_adjusted,4,VoltEdge Tablet Air 25,supports_fast_charging,yes,voltedge tablet air 25|supports_fast_charging|yes,1,[0.98],True,0,0.735,0.735,0.88,False,0.735,False,False,"[""product_25""]","[""structured""]","[""structured_row:VoltEdge Tablet Air 25""]",0,584,candidate
DEC029_NO_FEEDBACK,train_kb,conservative_noisy_or_conflict_adjusted,4,VoltEdge Tablet Air 25,has_noise_cancellation,no,voltedge tablet air 25|has_noise_cancellation|no,1,[0.98],True,0,0.735,0.735,0.88,False,0.735,False,False,"[""product_25""]","[""structured""]","[""structured_row:VoltEdge Tablet Air 25""]",1,584,candidate
DEC029_NO_FEEDBACK,train_kb,conservative_noisy_or_conflict_adjusted,4,TechNova Tablet 1,has_price_usd,699,technova tablet 1|has_price_usd|699,1,[0.92],True,0,0.6900000000000001,0.6900000000000001,0.88,False,0.6900000000000001,False,False,"[""product_25""]","[""unstructured""]","[""It is a tablet device. Priced at 699 USD. Offers 512GB of internal storage. Battery lasts up to 20 hours. Built with carbon fiber construction. Targeted at the Global market. Noise cancellation: no.""]",0,584,candidate
DEC029_NO_FEEDBACK,train_kb,conservative_noisy_or_conflict_adjusted,4,TechNova Tablet 1,has_storage_gb,512,technova tablet 1|has_storage_gb|512,1,[0.93],True,0,0.6975,0.6975,0.88,False,0.6975,False,False,"[""product_25""]","[""unstructured""]","[""It is a tablet device. Priced at 699 USD. Offers 512GB of internal storage. Battery lasts up to 20 hours. Built with carbon fiber construction. Targeted at the Global market. Noise cancellation: no.""]",0,584,candidate
DEC029_NO_FEEDBACK,train_kb,conservative_noisy_or_conflict_adjusted,4,TechNova Tablet 1,has_battery_life_hours,20,technova tablet 1|has_battery_life_hours|20,1,[0.94],True,0,0.705,0.705,0.88,False,0.705,False,False,"[""product_25""]","[""unstructured""]","[""It is a tablet device. Priced at 699 USD. Offers 512GB of internal storage. Battery lasts up to 20 hours. Built with carbon fiber construction. Targeted at the Global market. Noise cancellation: no.""]",0,584,candidate
DEC029_NO_FEEDBACK,train_kb,conservative_noisy_or_conflict_adjusted,4,TechNova Tablet 1,made_of_material,carbon fiber,technova tablet 1|made_of_material|carbon fiber,1,[0.95],True,0,0.7124999999999999,0.7124999999999999,0.88,False,0.7124999999999999,False,False,"[""product_25""]","[""unstructured""]","[""It is a tablet device. Priced at 699 USD. Offers 512GB of internal storage. Battery lasts up to 20 hours. Built with carbon fiber construction. Targeted at the Global market. Noise cancellation: no.""]",0,584,candidate
DEC029_NO_FEEDBACK,train_kb,conservative_noisy_or_conflict_adjusted,4,TechNova Tablet 1,target_market_region,Global,technova tablet 1|target_market_region|global,1,[0.96],True,0,0.72,0.72,0.88,False,0.72,False,False,"[""product_25""]","[""unstructured""]","[""It is a tablet device. Priced at 699 USD. Offers 512GB of internal storage. Battery lasts up to 20 hours. Built with carbon fiber construction. Targeted at the Global market. Noise cancellation: no.""]",0,584,candidate
DEC029_NO_FEEDBACK,train_kb,conservative_noisy_or_conflict_adjusted,4,TechNova Smartphone Air 27,manufactured_by,TechNova,technova smartphone air 27|manufactured_by|technova,1,[0.98],True,0,0.735,0.735,0.88,False,0.735,False,False,"[""product_27""]","[""structured""]","[""structured_row:TechNova Smartphone Air 27""]",0,584,candidate
DEC029_NO_FEEDBACK,train_kb,conservative_noisy_or_conflict_adjusted,4,TechNova Smartphone Air 27,belongs_to_category,smartphone,technova smartphone air 27|belongs_to_category|smartphone,1,[0.98],True,0,0.735,0.735,0.88,False,0.735,False,False,"[""product_27""]","[""structured""]","[""structured_row:TechNova Smartphone Air 27""]",0,584,candidate
DEC029_NO_FEEDBACK,train_kb,conservative_noisy_or_conflict_adjusted,4,TechNova Smartphone Air 27,has_price_usd,899,technova smartphone air 27|has_price_usd|899,1,[0.98],True,0,0.735,0.735,0.88,False,0.735,False,False,"[""product_27""]","[""structured""]","[""structured_row:TechNova Smartphone Air 27""]",1,584,candidate
DEC029_NO_FEEDBACK,train_kb,conservative_noisy_or_conflict_adjusted,4,TechNova Smartphone Air 27,has_screen_size_inch,11.0,technova smartphone air 27|has_screen_size_inch|11.0,1,[0.98],True,0,0.735,0.735,0.88,False,0.735,False,False,"[""product_27""]","[""structured""]","[""structured_row:TechNova Smartphone Air 27""]",0,584,candidate
DEC029_NO_FEEDBACK,train_kb,conservative_noisy_or_conflict_adjusted,4,TechNova Smartphone Air 27,has_ram_gb,16,technova smartphone air 27|has_ram_gb|16,1,[0.98],True,0,0.735,0.735,0.88,False,0.735,False,False,"[""product_27""]","[""structured""]","[""structured_row:TechNova Smartphone Air 27""]",1,584,candidate
DEC029_NO_FEEDBACK,train_kb,conservative_noisy_or_conflict_adjusted,4,TechNova Smartphone Air 27,has_storage_gb,512,technova smartphone air 27|has_storage_gb|512,1,[0.98],True,0,0.735,0.735,0.88,False,0.735,False,False,"[""product_27""]","[""structured""]","[""structured_row:TechNova Smartphone Air 27""]",1,584,candidate
DEC029_NO_FEEDBACK,train_kb,conservative_noisy_or_conflict_adjusted,4,TechNova Smartphone Air 27,has_battery_life_hours,24,technova smartphone air 27|has_battery_life_hours|24,1,[0.98],True,0,0.735,0.735,0.88,False,0.735,False,False,"[""product_27""]","[""structured""]","[""structured_row:TechNova Smartphone Air 27""]",1,584,candidate
DEC029_NO_FEEDBACK,train_kb,conservative_noisy_or_conflict_adjusted,4,TechNova Smartphone Air 27,has_weight_kg,1.45,technova smartphone air 27|has_weight_kg|1.45,1,[0.98],True,0,0.735,0.735,0.88,False,0.735,False,False,"[""product_27""]","[""structured""]","[""structured_row:TechNova Smartphone Air 27""]",1,584,candidate
DEC029_NO_FEEDBACK,train_kb,conservative_noisy_or_conflict_adjusted,4,TechNova Smartphone Air 27,has_color,white,technova smartphone air 27|has_color|white,1,[0.98],False,0,0.735,0.735,0.88,False,0.735,False,False,"[""product_27""]","[""structured""]","[""structured_row:TechNova Smartphone Air 27""]",0,584,candidate
DEC029_NO_FEEDBACK,train_kb,conservative_noisy_or_conflict_adjusted,4,TechNova Smartphone Air 27,made_of_material,plastic,technova smartphone air 27|made_of_material|plastic,1,[0.98],True,0,0.735,0.735,0.88,False,0.735,False,False,"[""product_27""]","[""structured""]","[""structured_row:TechNova Smartphone Air 27""]",1,584,candidate
DEC029_NO_FEEDBACK,train_kb,conservative_noisy_or_conflict_adjusted,4,TechNova Smartphone Air 27,target_market_region,APAC,technova smartphone air 27|target_market_region|apac,1,[0.98],True,0,0.735,0.735,0.88,False,0.735,False,False,"[""product_27""]","[""structured""]","[""structured_row:TechNova Smartphone Air 27""]",1,584,candidate
DEC029_NO_FEEDBACK,train_kb,conservative_noisy_or_conflict_adjusted,4,TechNova Smartphone Air 27,supports_fast_charging,yes,technova smartphone air 27|supports_fast_charging|yes,1,[0.98],True,0,0.735,0.735,0.88,False,0.735,False,False,"[""product_27""]","[""structured""]","[""structured_row:TechNova Smartphone Air 27""]",0,584,candidate
DEC029_NO_FEEDBACK,train_kb,conservative_noisy_or_conflict_adjusted,4,TechNova Smartphone Air 27,has_noise_cancellation,no,technova smartphone air 27|has_noise_cancellation|no,1,[0.98],True,0,0.735,0.735,0.88,False,0.735,False,False,"[""product_27""]","[""structured""]","[""structured_row:TechNova Smartphone Air 27""]",0,584,candidate
DEC029_NO_FEEDBACK,train_kb,conservative_noisy_or_conflict_adjusted,4,TechNova Smartphone Pro 1,has_price_usd,899,technova smartphone pro 1|has_price_usd|899,5,"[0.92, 0.91, 0.91, 0.91, 0.91]",True,2,0.9968498109878906,0.3322832703292969,0.88,False,0.33002604828125,False,False,"[""product_27"", ""product_27"", ""product_27"", ""product_48"", ""product_27""]","[""unstructured"", ""unstructured"", ""unstructured"", ""unstructured"", ""unstructured""]","[""Priced at 899 USD. Comes with 16GB of RAM. Offers 512GB of internal storage. Battery lasts up to 24 hours. Weighs approximately 1.45kg. Built with plastic construction. Targeted at the APAC market."", ""Priced at 899 USD. Comes with 16GB of RAM. Offers 512GB of internal storage. Battery lasts up to 24 hours. Weighs approximately 1.45kg. Built with plastic construction. Targeted at the APAC market."", ""Priced at 899 USD. Comes with 16GB of RAM. Offers 512GB of internal storage. Battery lasts up to 24 hours. Weighs approximately 1.45kg. Built with plastic construction. Targeted at the APAC market."", ""It is a laptop device. Priced at 899 USD. Offers 64GB of internal storage. Weighs approximately 0.55kg. Available in silver. Built with carbon fiber construction. Targeted at the US market."", ""Priced at 899 USD. Comes with 16GB of RAM. Offers 512GB of internal storage. Battery lasts up to 24 hours. Weighs approximately 1.45kg. Built with plastic construction. Targeted at the APAC market.""]",0,584,candidate
DEC029_NO_FEEDBACK,train_kb,conservative_noisy_or_conflict_adjusted,4,TechNova Smartphone Pro 1,has_storage_gb,512,technova smartphone pro 1|has_storage_gb|512,4,"[0.94, 0.91, 0.91, 0.91]",True,2,0.990558234609375,0.330186078203125,0.88,False,0.32342071875,False,False,"[""product_27"", ""product_27"", ""product_27"", ""product_27""]","[""unstructured"", ""unstructured"", ""unstructured"", ""unstructured""]","[""Priced at 899 USD. Comes with 16GB of RAM. Offers 512GB of internal storage. Battery lasts up to 24 hours. Weighs approximately 1.45kg. Built with plastic construction. Targeted at the APAC market."", ""Priced at 899 USD. Comes with 16GB of RAM. Offers 512GB of internal storage. Battery lasts up to 24 hours. Weighs approximately 1.45kg. Built with plastic construction. Targeted at the APAC market."", ""Priced at 899 USD. Comes with 16GB of RAM. Offers 512GB of internal storage. Battery lasts up to 24 hours. Weighs approximately 1.45kg. Built with plastic construction. Targeted at the APAC market."", ""Priced at 899 USD. Comes with 16GB of RAM. Offers 512GB of internal storage. Battery lasts up to 24 hours. Weighs approximately 1.45kg. Built with plastic construction. Targeted at the APAC market.""]",0,584,candidate
DEC029_NO_FEEDBACK,train_kb,conservative_noisy_or_conflict_adjusted,4,TechNova Smartphone Pro 1,has_weight_kg,1.45,technova smartphone pro 1|has_weight_kg|1.45,4,"[0.96, 0.91, 0.91, 0.91]",True,3,0.991038324375,0.24775958109375,0.88,False,0.2429435625,False,False,"[""product_27"", ""product_27"", ""product_27"", ""product_27""]","[""unstructured"", ""unstructured"", ""unstructured"", ""unstructured""]","[""Priced at 899 USD. Comes with 16GB of RAM. Offers 512GB of internal storage. Battery lasts up to 24 hours. Weighs approximately 1.45kg. Built with plastic construction. Targeted at the APAC market."", ""Priced at 899 USD. Comes with 16GB of RAM. Offers 512GB of internal storage. Battery lasts up to 24 hours. Weighs approximately 1.45kg. Built with plastic construction. Targeted at the APAC market."", ""Priced at 899 USD. Comes with 16GB of RAM. Offers 512GB of internal storage. Battery lasts up to 24 hours. Weighs approximately 1.45kg. Built with plastic construction. Targeted at the APAC market."", ""Priced at 899 USD. Comes with 16GB of RAM. Offers 512GB of internal storage. Battery lasts up to 24 hours. Weighs approximately 1.45kg. Built with plastic construction. Targeted at the APAC market.""]",0,584,candidate
DEC029_NO_FEEDBACK,train_kb,conservative_noisy_or_conflict_adjusted,4,TechNova Smartphone Pro 1,made_of_material,plastic,technova smartphone pro 1|made_of_material|plastic,4,"[0.9, 0.91, 0.91, 0.91]",True,2,0.989598055078125,0.329866018359375,0.88,False,0.32241265625,False,False,"[""product_27"", ""product_27"", ""product_27"", ""product_27""]","[""unstructured"", ""unstructured"", ""unstructured"", ""unstructured""]","[""Priced at 899 USD. Comes with 16GB of RAM. Offers 512GB of internal storage. Battery lasts up to 24 hours. Weighs approximately 1.45kg. Built with plastic construction. Targeted at the APAC market."", ""Priced at 899 USD. Comes with 16GB of RAM. Offers 512GB of internal storage. Battery lasts up to 24 hours. Weighs approximately 1.45kg. Built with plastic construction. Targeted at the APAC market."", ""Priced at 899 USD. Comes with 16GB of RAM. Offers 512GB of internal storage. Battery lasts up to 24 hours. Weighs approximately 1.45kg. Built with plastic construction. Targeted at the APAC market."", ""Priced at 899 USD. Comes with 16GB of RAM. Offers 512GB of internal storage. Battery lasts up to 24 hours. Weighs approximately 1.45kg. Built with plastic construction. Targeted at the APAC market.""]",0,584,candidate
DEC029_NO_FEEDBACK,train_kb,conservative_noisy_or_conflict_adjusted,4,TechNova Smartphone Pro 1,target_market_region,APAC,technova smartphone pro 1|target_market_region|apac,5,"[0.91, 0.91, 0.8, 0.91, 0.91]",True,2,0.995935239984375,0.331978413328125,0.88,False,0.32906586875,False,False,"[""product_27"", ""product_27"", ""product_23"", ""product_27"", ""product_27""]","[""unstructured"", ""unstructured"", ""unstructured"", ""unstructured"", ""unstructured""]","[""Priced at 899 USD. Comes with 16GB of RAM. Offers 512GB of internal storage. Battery lasts up to 24 hours. Weighs approximately 1.45kg. Built with plastic construction. Targeted at the APAC market."", ""Priced at 899 USD. Comes with 16GB of RAM. Offers 512GB of internal storage. Battery lasts up to 24 hours. Weighs approximately 1.45kg. Built with plastic construction. Targeted at the APAC market."", ""It is a headphones device. The display measures 6.7 inches. Comes with 6GB of RAM. Weighs approximately 1.2kg. Available in green. Targeted at the APAC market. Fast charging is yes."", ""Priced at 899 USD. Comes with 16GB of RAM. Offers 512GB of internal storage. Battery lasts up to 24 hours. Weighs approximately 1.45kg. Built with plastic construction. Targeted at the APAC market."", ""Priced at 899 USD. Comes with 16GB of RAM. Offers 512GB of internal storage. Battery lasts up to 24 hours. Weighs approximately 1.45kg. Built with plastic construction. Targeted at the APAC market.""]",0,584,candidate
DEC029_NO_FEEDBACK,train_kb,conservative_noisy_or_conflict_adjusted,4,PixelWare Smartwatch Max 28,manufactured_by,PixelWare,pixelware smartwatch max 28|manufactured_by|pixelware,5,"[0.98, 0.85, 0.95, 0.91, 0.94]",True,0,0.9974132320019531,0.9974132320019531,0.88,True,0.991231294921875,False,False,"[""product_28"", ""product_28"", ""product_28"", ""product_28"", ""product_28""]","[""structured"", ""unstructured"", ""unstructured"", ""unstructured"", ""unstructured""]","[""structured_row:PixelWare Smartwatch Max 28"", ""PixelWare Smartwatch Max 28 is manufactured by PixelWare. It is a smartwatch device. The display measures 15.6 inches. Comes with 12GB of RAM. Weighs approximately 0.23kg. Built with aluminum construction. Fast charging is yes."", ""PixelWare Smartwatch Max 28 is manufactured by PixelWare. It is a smartwatch device. The display measures 15.6 inches. Comes with 12GB of RAM. Weighs approximately 0.23kg. Built with aluminum construction. Fast charging is yes."", ""PixelWare Smartwatch Max 28 is manufactured by PixelWare. It is a smartwatch device. The display measures 15.6 inches. Comes with 12GB of RAM. Weighs approximately 0.23kg. Built with aluminum construction. Fast charging is yes."", ""PixelWare Smartwatch Max 28 is manufactured by PixelWare. It is a smartwatch device. The display measures 15.6 inches. Comes with 12GB of RAM. Weighs approximately 0.23kg. Built with aluminum construction. Fast charging is yes.""]",1,584,candidate
DEC029_NO_FEEDBACK,train_kb,conservative_noisy_or_conflict_adjusted,4,PixelWare Smartwatch Max 28,belongs_to_category,smartwatch,pixelware smartwatch max 28|belongs_to_category|smartwatch,1,[0.98],True,1,0.735,0.3675,0.88,False,0.3675,False,False,"[""product_28""]","[""structured""]","[""structured_row:PixelWare Smartwatch Max 28""]",1,584,candidate
DEC029_NO_FEEDBACK,train_kb,conservative_noisy_or_conflict_adjusted,4,PixelWare Smartwatch Max 28,has_price_usd,249,pixelware smartwatch max 28|has_price_usd|249,1,[0.98],True,0,0.735,0.735,0.88,False,0.735,False,False,"[""product_28""]","[""structured""]","[""structured_row:PixelWare Smartwatch Max 28""]",0,584,candidate
DEC029_NO_FEEDBACK,train_kb,conservative_noisy_or_conflict_adjusted,4,PixelWare Smartwatch Max 28,has_screen_size_inch,15.6,pixelware smartwatch max 28|has_screen_size_inch|15.6,5,"[0.98, 0.85, 0.95, 0.91, 0.94]",True,0,0.9974132320019531,0.9974132320019531,0.88,True,0.991231294921875,False,False,"[""product_28"", ""product_28"", ""product_28"", ""product_28"", ""product_28""]","[""structured"", ""unstructured"", ""unstructured"", ""unstructured"", ""unstructured""]","[""structured_row:PixelWare Smartwatch Max 28"", ""PixelWare Smartwatch Max 28 is manufactured by PixelWare. It is a smartwatch device. The display measures 15.6 inches. Comes with 12GB of RAM. Weighs approximately 0.23kg. Built with aluminum construction. Fast charging is yes."", ""PixelWare Smartwatch Max 28 is manufactured by PixelWare. It is a smartwatch device. The display measures 15.6 inches. Comes with 12GB of RAM. Weighs approximately 0.23kg. Built with aluminum construction. Fast charging is yes."", ""PixelWare Smartwatch Max 28 is manufactured by PixelWare. It is a smartwatch device. The display measures 15.6 inches. Comes with 12GB of RAM. Weighs approximately 0.23kg. Built with aluminum construction. Fast charging is yes."", ""PixelWare Smartwatch Max 28 is manufactured by PixelWare. It is a smartwatch device. The display measures 15.6 inches. Comes with 12GB of RAM. Weighs approximately 0.23kg. Built with aluminum construction. Fast charging is yes.""]",1,584,candidate
DEC029_NO_FEEDBACK,train_kb,conservative_noisy_or_conflict_adjusted,4,PixelWare Smartwatch Max 28,has_ram_gb,12,pixelware smartwatch max 28|has_ram_gb|12,5,"[0.98, 0.85, 0.95, 0.91, 0.94]",True,0,0.9974132320019531,0.9974132320019531,0.88,True,0.991231294921875,False,False,"[""product_28"", ""product_28"", ""product_28"", ""product_28"", ""product_28""]","[""structured"", ""unstructured"", ""unstructured"", ""unstructured"", ""unstructured""]","[""structured_row:PixelWare Smartwatch Max 28"", ""PixelWare Smartwatch Max 28 is manufactured by PixelWare. It is a smartwatch device. The display measures 15.6 inches. Comes with 12GB of RAM. Weighs approximately 0.23kg. Built with aluminum construction. Fast charging is yes."", ""PixelWare Smartwatch Max 28 is manufactured by PixelWare. It is a smartwatch device. The display measures 15.6 inches. Comes with 12GB of RAM. Weighs approximately 0.23kg. Built with aluminum construction. Fast charging is yes."", ""PixelWare Smartwatch Max 28 is manufactured by PixelWare. It is a smartwatch device. The display measures 15.6 inches. Comes with 12GB of RAM. Weighs approximately 0.23kg. Built with aluminum construction. Fast charging is yes."", ""PixelWare Smartwatch Max 28 is manufactured by PixelWare. It is a smartwatch device. The display measures 15.6 inches. Comes with 12GB of RAM. Weighs approximately 0.23kg. Built with aluminum construction. Fast charging is yes.""]",1,584,candidate
DEC029_NO_FEEDBACK,train_kb,conservative_noisy_or_conflict_adjusted,4,PixelWare Smartwatch Max 28,has_storage_gb,512,pixelware smartwatch max 28|has_storage_gb|512,1,[0.98],True,0,0.735,0.735,0.88,False,0.735,False,False,"[""product_28""]","[""structured""]","[""structured_row:PixelWare Smartwatch Max 28""]",0,584,candidate
DEC029_NO_FEEDBACK,train_kb,conservative_noisy_or_conflict_adjusted,4,PixelWare Smartwatch Max 28,has_battery_life_hours,20,pixelware smartwatch max 28|has_battery_life_hours|20,1,[0.98],True,0,0.735,0.735,0.88,False,0.735,False,False,"[""product_28""]","[""structured""]","[""structured_row:PixelWare Smartwatch Max 28""]",0,584,candidate
DEC029_NO_FEEDBACK,train_kb,conservative_noisy_or_conflict_adjusted,4,PixelWare Smartwatch Max 28,has_weight_kg,0.23,pixelware smartwatch max 28|has_weight_kg|0.23,5,"[0.98, 0.85, 0.95, 0.91, 0.94]",True,0,0.9974132320019531,0.9974132320019531,0.88,True,0.991231294921875,False,False,"[""product_28"", ""product_28"", ""product_28"", ""product_28"", ""product_28""]","[""structured"", ""unstructured"", ""unstructured"", ""unstructured"", ""unstructured""]","[""structured_row:PixelWare Smartwatch Max 28"", ""PixelWare Smartwatch Max 28 is manufactured by PixelWare. It is a smartwatch device. The display measures 15.6 inches. Comes with 12GB of RAM. Weighs approximately 0.23kg. Built with aluminum construction. Fast charging is yes."", ""PixelWare Smartwatch Max 28 is manufactured by PixelWare. It is a smartwatch device. The display measures 15.6 inches. Comes with 12GB of RAM. Weighs approximately 0.23kg. Built with aluminum construction. Fast charging is yes."", ""PixelWare Smartwatch Max 28 is manufactured by PixelWare. It is a smartwatch device. The display measures 15.6 inches. Comes with 12GB of RAM. Weighs approximately 0.23kg. Built with aluminum construction. Fast charging is yes."", ""PixelWare Smartwatch Max 28 is manufactured by PixelWare. It is a smartwatch device. The display measures 15.6 inches. Comes with 12GB of RAM. Weighs approximately 0.23kg. Built with aluminum construction. Fast charging is yes.""]",1,584,candidate
DEC029_NO_FEEDBACK,train_kb,conservative_noisy_or_conflict_adjusted,4,PixelWare Smartwatch Max 28,has_color,white,pixelware smartwatch max 28|has_color|white,1,[0.98],False,0,0.735,0.735,0.88,False,0.735,False,False,"[""product_28""]","[""structured""]","[""structured_row:PixelWare Smartwatch Max 28""]",0,584,candidate
DEC029_NO_FEEDBACK,train_kb,conservative_noisy_or_conflict_adjusted,4,PixelWare Smartwatch Max 28,made_of_material,aluminum,pixelware smartwatch max 28|made_of_material|aluminum,5,"[0.98, 0.85, 0.95, 0.91, 0.94]",True,0,0.9974132320019531,0.9974132320019531,0.88,True,0.991231294921875,False,False,"[""product_28"", ""product_28"", ""product_28"", ""product_28"", ""product_28""]","[""structured"", ""unstructured"", ""unstructured"", ""unstructured"", ""unstructured""]","[""structured_row:PixelWare Smartwatch Max 28"", ""PixelWare Smartwatch Max 28 is manufactured by PixelWare. It is a smartwatch device. The display measures 15.6 inches. Comes with 12GB of RAM. Weighs approximately 0.23kg. Built with aluminum construction. Fast charging is yes."", ""PixelWare Smartwatch Max 28 is manufactured by PixelWare. It is a smartwatch device. The display measures 15.6 inches. Comes with 12GB of RAM. Weighs approximately 0.23kg. Built with aluminum construction. Fast charging is yes."", ""PixelWare Smartwatch Max 28 is manufactured by PixelWare. It is a smartwatch device. The display measures 15.6 inches. Comes with 12GB of RAM. Weighs approximately 0.23kg. Built with aluminum construction. Fast charging is yes."", ""PixelWare Smartwatch Max 28 is manufactured by PixelWare. It is a smartwatch device. The display measures 15.6 inches. Comes with 12GB of RAM. Weighs approximately 0.23kg. Built with aluminum construction. Fast charging is yes.""]",1,584,candidate
DEC029_NO_FEEDBACK,train_kb,conservative_noisy_or_conflict_adjusted,4,PixelWare Smartwatch Max 28,target_market_region,US,pixelware smartwatch max 28|target_market_region|us,1,[0.98],True,0,0.735,0.735,0.88,False,0.735,False,False,"[""product_28""]","[""structured""]","[""structured_row:PixelWare Smartwatch Max 28""]",0,584,candidate
DEC029_NO_FEEDBACK,train_kb,conservative_noisy_or_conflict_adjusted,4,PixelWare Smartwatch Max 28,supports_fast_charging,yes,pixelware smartwatch max 28|supports_fast_charging|yes,5,"[0.98, 0.85, 0.95, 0.91, 0.94]",True,0,0.9974132320019531,0.9974132320019531,0.88,True,0.991231294921875,False,False,"[""product_28"", ""product_28"", ""product_28"", ""product_28"", ""product_28""]","[""structured"", ""unstructured"", ""unstructured"", ""unstructured"", ""unstructured""]","[""structured_row:PixelWare Smartwatch Max 28"", ""PixelWare Smartwatch Max 28 is manufactured by PixelWare. It is a smartwatch device. The display measures 15.6 inches. Comes with 12GB of RAM. Weighs approximately 0.23kg. Built with aluminum construction. Fast charging is yes."", ""PixelWare Smartwatch Max 28 is manufactured by PixelWare. It is a smartwatch device. The display measures 15.6 inches. Comes with 12GB of RAM. Weighs approximately 0.23kg. Built with aluminum construction. Fast charging is yes."", ""PixelWare Smartwatch Max 28 is manufactured by PixelWare. It is a smartwatch device. The display measures 15.6 inches. Comes with 12GB of RAM. Weighs approximately 0.23kg. Built with aluminum construction. Fast charging is yes."", ""PixelWare Smartwatch Max 28 is manufactured by PixelWare. It is a smartwatch device. The display measures 15.6 inches. Comes with 12GB of RAM. Weighs approximately 0.23kg. Built with aluminum construction. Fast charging is yes.""]",1,584,candidate
DEC029_NO_FEEDBACK,train_kb,conservative_noisy_or_conflict_adjusted,4,PixelWare Smartwatch Max 28,has_noise_cancellation,no,pixelware smartwatch max 28|has_noise_cancellation|no,1,[0.98],True,0,0.735,0.735,0.88,False,0.735,False,False,"[""product_28""]","[""structured""]","[""structured_row:PixelWare Smartwatch Max 28""]",0,584,candidate
DEC029_NO_FEEDBACK,train_kb,conservative_noisy_or_conflict_adjusted,4,PixelWare Smartwatch Max 28,belongs_to_category,smartwatch device,pixelware smartwatch max 28|belongs_to_category|smartwatch device,1,[0.85],True,1,0.6375,0.31875,0.88,False,0.31875,False,False,"[""product_28""]","[""unstructured""]","[""PixelWare Smartwatch Max 28 is manufactured by PixelWare. It is a smartwatch device. The display measures 15.6 inches. Comes with 12GB of RAM. Weighs approximately 0.23kg. Built with aluminum construction. Fast charging is yes.""]",0,584,candidate
DEC029_NO_FEEDBACK,train_kb,conservative_noisy_or_conflict_adjusted,4,VoltEdge Tablet Lite 29,manufactured_by,VoltEdge,voltedge tablet lite 29|manufactured_by|voltedge,5,"[0.98, 0.85, 0.91, 0.95, 0.94]",True,0,0.9974132320019531,0.9974132320019531,0.88,True,0.991231294921875,False,False,"[""product_29"", ""product_29"", ""product_29"", ""product_29"", ""product_29""]","[""structured"", ""unstructured"", ""unstructured"", ""unstructured"", ""unstructured""]","[""structured_row:VoltEdge Tablet Lite 29"", ""VoltEdge Tablet Lite 29 is manufactured by VoltEdge. Priced at 1299 USD. The display measures 15.6 inches. Comes with 4GB of RAM. Battery lasts up to 12 hours. Available in blue. Targeted at the APAC market."", ""VoltEdge Tablet Lite 29 is manufactured by VoltEdge. Priced at 1299 USD. The display measures 15.6 inches. Comes with 4GB of RAM. Battery lasts up to 12 hours. Available in blue. Targeted at the APAC market."", ""VoltEdge Tablet Lite 29 is manufactured by VoltEdge. Priced at 1299 USD. The display measures 15.6 inches. Comes with 4GB of RAM. Battery lasts up to 12 hours. Available in blue. Targeted at the APAC market."", ""VoltEdge Tablet Lite 29 is manufactured by VoltEdge. Priced at 1299 USD. The display measures 15.6 inches. Comes with 4GB of RAM. Battery lasts up to 12 hours. Available in blue. Targeted at the APAC market.""]",1,584,candidate
DEC029_NO_FEEDBACK,train_kb,conservative_noisy_or_conflict_adjusted,4,VoltEdge Tablet Lite 29,belongs_to_category,tablet,voltedge tablet lite 29|belongs_to_category|tablet,1,[0.98],True,0,0.735,0.735,0.88,False,0.735,False,False,"[""product_29""]","[""structured""]","[""structured_row:VoltEdge Tablet Lite 29""]",0,584,candidate
DEC029_NO_FEEDBACK,train_kb,conservative_noisy_or_conflict_adjusted,4,VoltEdge Tablet Lite 29,has_price_usd,1299,voltedge tablet lite 29|has_price_usd|1299,5,"[0.98, 0.88, 0.91, 0.95, 0.94]",True,0,0.997573790015625,0.997573790015625,0.88,True,0.991775559375,False,False,"[""product_29"", ""product_29"", ""product_29"", ""product_29"", ""product_29""]","[""structured"", ""unstructured"", ""unstructured"", ""unstructured"", ""unstructured""]","[""structured_row:VoltEdge Tablet Lite 29"", ""VoltEdge Tablet Lite 29 is manufactured by VoltEdge. Priced at 1299 USD. The display measures 15.6 inches. Comes with 4GB of RAM. Battery lasts up to 12 hours. Available in blue. Targeted at the APAC market."", ""VoltEdge Tablet Lite 29 is manufactured by VoltEdge. Priced at 1299 USD. The display measures 15.6 inches. Comes with 4GB of RAM. Battery lasts up to 12 hours. Available in blue. Targeted at the APAC market."", ""VoltEdge Tablet Lite 29 is manufactured by VoltEdge. Priced at 1299 USD. The display measures 15.6 inches. Comes with 4GB of RAM. Battery lasts up to 12 hours. Available in blue. Targeted at the APAC market."", ""VoltEdge Tablet Lite 29 is manufactured by VoltEdge. Priced at 1299 USD. The display measures 15.6 inches. Comes with 4GB of RAM. Battery lasts up to 12 hours. Available in blue. Targeted at the APAC market.""]",1,584,candidate
DEC029_NO_FEEDBACK,train_kb,conservative_noisy_or_conflict_adjusted,4,VoltEdge Tablet Lite 29,has_screen_size_inch,15.6,voltedge tablet lite 29|has_screen_size_inch|15.6,5,"[0.98, 0.92, 0.91, 0.95, 0.94]",True,0,0.9977878673671875,0.9977878673671875,0.88,True,0.9925012453125,False,False,"[""product_29"", ""product_29"", ""product_29"", ""product_29"", ""product_29""]","[""structured"", ""unstructured"", ""unstructured"", ""unstructured"", ""unstructured""]","[""structured_row:VoltEdge Tablet Lite 29"", ""VoltEdge Tablet Lite 29 is manufactured by VoltEdge. Priced at 1299 USD. The display measures 15.6 inches. Comes with 4GB of RAM. Battery lasts up to 12 hours. Available in blue. Targeted at the APAC market."", ""VoltEdge Tablet Lite 29 is manufactured by VoltEdge. Priced at 1299 USD. The display measures 15.6 inches. Comes with 4GB of RAM. Battery lasts up to 12 hours. Available in blue. Targeted at the APAC market."", ""VoltEdge Tablet Lite 29 is manufactured by VoltEdge. Priced at 1299 USD. The display measures 15.6 inches. Comes with 4GB of RAM. Battery lasts up to 12 hours. Available in blue. Targeted at the APAC market."", ""VoltEdge Tablet Lite 29 is manufactured by VoltEdge. Priced at 1299 USD. The display measures 15.6 inches. Comes with 4GB of RAM. Battery lasts up to 12 hours. Available in blue. Targeted at the APAC market.""]",1,584,candidate
DEC029_NO_FEEDBACK,train_kb,conservative_noisy_or_conflict_adjusted,4,VoltEdge Tablet Lite 29,has_ram_gb,4,voltedge tablet lite 29|has_ram_gb|4,5,"[0.98, 0.89, 0.91, 0.95, 0.94]",True,0,0.9976273093535156,0.9976273093535156,0.88,True,0.991956980859375,False,False,"[""product_29"", ""product_29"", ""product_29"", ""product_29"", ""product_29""]","[""structured"", ""unstructured"", ""unstructured"", ""unstructured"", ""unstructured""]","[""structured_row:VoltEdge Tablet Lite 29"", ""VoltEdge Tablet Lite 29 is manufactured by VoltEdge. Priced at 1299 USD. The display measures 15.6 inches. Comes with 4GB of RAM. Battery lasts up to 12 hours. Available in blue. Targeted at the APAC market."", ""VoltEdge Tablet Lite 29 is manufactured by VoltEdge. Priced at 1299 USD. The display measures 15.6 inches. Comes with 4GB of RAM. Battery lasts up to 12 hours. Available in blue. Targeted at the APAC market."", ""VoltEdge Tablet Lite 29 is manufactured by VoltEdge. Priced at 1299 USD. The display measures 15.6 inches. Comes with 4GB of RAM. Battery lasts up to 12 hours. Available in blue. Targeted at the APAC market."", ""VoltEdge Tablet Lite 29 is manufactured by VoltEdge. Priced at 1299 USD. The display measures 15.6 inches. Comes with 4GB of RAM. Battery lasts up to 12 hours. Available in blue. Targeted at the APAC market.""]",1,584,candidate
DEC029_NO_FEEDBACK,train_kb,conservative_noisy_or_conflict_adjusted,4,VoltEdge Tablet Lite 29,has_storage_gb,128,voltedge tablet lite 29|has_storage_gb|128,1,[0.98],True,0,0.735,0.735,0.88,False,0.735,False,False,"[""product_29""]","[""structured""]","[""structured_row:VoltEdge Tablet Lite 29""]",0,584,candidate
DEC029_NO_FEEDBACK,train_kb,conservative_noisy_or_conflict_adjusted,4,VoltEdge Tablet Lite 29,has_battery_life_hours,12,voltedge tablet lite 29|has_battery_life_hours|12,5,"[0.98, 0.9, 0.91, 0.95, 0.94]",True,0,0.9976808286914063,0.9976808286914063,0.88,True,0.99213840234375,False,False,"[""product_29"", ""product_29"", ""product_29"", ""product_29"", ""product_29""]","[""structured"", ""unstructured"", ""unstructured"", ""unstructured"", ""unstructured""]","[""structured_row:VoltEdge Tablet Lite 29"", ""VoltEdge Tablet Lite 29 is manufactured by VoltEdge. Priced at 1299 USD. The display measures 15.6 inches. Comes with 4GB of RAM. Battery lasts up to 12 hours. Available in blue. Targeted at the APAC market."", ""VoltEdge Tablet Lite 29 is manufactured by VoltEdge. Priced at 1299 USD. The display measures 15.6 inches. Comes with 4GB of RAM. Battery lasts up to 12 hours. Available in blue. Targeted at the APAC market."", ""VoltEdge Tablet Lite 29 is manufactured by VoltEdge. Priced at 1299 USD. The display measures 15.6 inches. Comes with 4GB of RAM. Battery lasts up to 12 hours. Available in blue. Targeted at the APAC market."", ""VoltEdge Tablet Lite 29 is manufactured by VoltEdge. Priced at 1299 USD. The display measures 15.6 inches. Comes with 4GB of RAM. Battery lasts up to 12 hours. Available in blue. Targeted at the APAC market.""]",1,584,candidate
DEC029_NO_FEEDBACK,train_kb,conservative_noisy_or_conflict_adjusted,4,VoltEdge Tablet Lite 29,has_weight_kg,1.2,voltedge tablet lite 29|has_weight_kg|1.2,1,[0.98],True,0,0.735,0.735,0.88,False,0.735,False,False,"[""product_29""]","[""structured""]","[""structured_row:VoltEdge Tablet Lite 29""]",0,584,candidate
DEC029_NO_FEEDBACK,train_kb,conservative_noisy_or_conflict_adjusted,4,VoltEdge Tablet Lite 29,has_color,blue,voltedge tablet lite 29|has_color|blue,5,"[0.98, 0.91, 0.91, 0.95, 0.94]",False,0,0.9977343480292968,0.9977343480292968,0.88,True,0.992319823828125,False,False,"[""product_29"", ""product_29"", ""product_29"", ""product_29"", ""product_29""]","[""structured"", ""unstructured"", ""unstructured"", ""unstructured"", ""unstructured""]","[""structured_row:VoltEdge Tablet Lite 29"", ""VoltEdge Tablet Lite 29 is manufactured by VoltEdge. Priced at 1299 USD. The display measures 15.6 inches. Comes with 4GB of RAM. Battery lasts up to 12 hours. Available in blue. Targeted at the APAC market."", ""VoltEdge Tablet Lite 29 is manufactured by VoltEdge. Priced at 1299 USD. The display measures 15.6 inches. Comes with 4GB of RAM. Battery lasts up to 12 hours. Available in blue. Targeted at the APAC market."", ""VoltEdge Tablet Lite 29 is manufactured by VoltEdge. Priced at 1299 USD. The display measures 15.6 inches. Comes with 4GB of RAM. Battery lasts up to 12 hours. Available in blue. Targeted at the APAC market."", ""VoltEdge Tablet Lite 29 is manufactured by VoltEdge. Priced at 1299 USD. The display measures 15.6 inches. Comes with 4GB of RAM. Battery lasts up to 12 hours. Available in blue. Targeted at the APAC market.""]",1,584,candidate
DEC029_NO_FEEDBACK,train_kb,conservative_noisy_or_conflict_adjusted,4,VoltEdge Tablet Lite 29,made_of_material,carbon fiber,voltedge tablet lite 29|made_of_material|carbon fiber,1,[0.98],True,0,0.735,0.735,0.88,False,0.735,False,False,"[""product_29""]","[""structured""]","[""structured_row:VoltEdge Tablet Lite 29""]",0,584,candidate
DEC029_NO_FEEDBACK,train_kb,conservative_noisy_or_conflict_adjusted,4,VoltEdge Tablet Lite 29,target_market_region,APAC,voltedge tablet lite 29|target_market_region|apac,5,"[0.98, 0.94, 0.91, 0.95, 0.94]",True,0,0.9978949060429687,0.9978949060429687,0.88,True,0.99286408828125,False,False,"[""product_29"", ""product_29"", ""product_29"", ""product_29"", ""product_29""]","[""structured"", ""unstructured"", ""unstructured"", ""unstructured"", ""unstructured""]","[""structured_row:VoltEdge Tablet Lite 29"", ""VoltEdge Tablet Lite 29 is manufactured by VoltEdge. Priced at 1299 USD. The display measures 15.6 inches. Comes with 4GB of RAM. Battery lasts up to 12 hours. Available in blue. Targeted at the APAC market."", ""VoltEdge Tablet Lite 29 is manufactured by VoltEdge. Priced at 1299 USD. The display measures 15.6 inches. Comes with 4GB of RAM. Battery lasts up to 12 hours. Available in blue. Targeted at the APAC market."", ""VoltEdge Tablet Lite 29 is manufactured by VoltEdge. Priced at 1299 USD. The display measures 15.6 inches. Comes with 4GB of RAM. Battery lasts up to 12 hours. Available in blue. Targeted at the APAC market."", ""VoltEdge Tablet Lite 29 is manufactured by VoltEdge. Priced at 1299 USD. The display measures 15.6 inches. Comes with 4GB of RAM. Battery lasts up to 12 hours. Available in blue. Targeted at the APAC market.""]",1,584,candidate
DEC029_NO_FEEDBACK,train_kb,conservative_noisy_or_conflict_adjusted,4,VoltEdge Tablet Lite 29,supports_fast_charging,no,voltedge tablet lite 29|supports_fast_charging|no,1,[0.98],True,0,0.735,0.735,0.88,False,0.735,False,False,"[""product_29""]","[""structured""]","[""structured_row:VoltEdge Tablet Lite 29""]",0,584,candidate
DEC029_NO_FEEDBACK,train_kb,conservative_noisy_or_conflict_adjusted,4,VoltEdge Tablet Lite 29,has_noise_cancellation,no,voltedge tablet lite 29|has_noise_cancellation|no,1,[0.98],True,0,0.735,0.735,0.88,False,0.735,False,False,"[""product_29""]","[""structured""]","[""structured_row:VoltEdge Tablet Lite 29""]",0,584,candidate
DEC029_NO_FEEDBACK,train_kb,conservative_noisy_or_conflict_adjusted,4,NeoTech Smartphone Max 30,manufactured_by,NeoTech,neotech smartphone max 30|manufactured_by|neotech,4,"[0.98, 0.91, 0.9, 0.95]",True,0,0.99213840234375,0.99213840234375,0.88,True,0.9726553125,False,False,"[""product_30"", ""product_30"", ""product_30"", ""product_30""]","[""structured"", ""unstructured"", ""unstructured"", ""unstructured""]","[""structured_row:NeoTech Smartphone Max 30"", ""NeoTech Smartphone Max 30 is manufactured by NeoTech. It is a smartphone device. Priced at 1099 USD. Offers 1024GB of internal storage. Weighs approximately 1.45kg. Built with carbon fiber construction. Fast charging is yes."", ""NeoTech Smartphone Max 30 is manufactured by NeoTech. It is a smartphone device. Priced at 1099 USD. Offers 1024GB of internal storage. Weighs approximately 1.45kg. Built with carbon fiber construction. Fast charging is yes."", ""NeoTech Smartphone Max 30 is manufactured by NeoTech. It is a smartphone device. Priced at 1099 USD. Offers 1024GB of internal storage. Weighs approximately 1.45kg. Built with carbon fiber construction. Fast charging is yes.""]",1,584,candidate
DEC029_NO_FEEDBACK,train_kb,conservative_noisy_or_conflict_adjusted,4,NeoTech Smartphone Max 30,belongs_to_category,smartphone,neotech smartphone max 30|belongs_to_category|smartphone,1,[0.98],True,0,0.735,0.735,0.88,False,0.735,False,False,"[""product_30""]","[""structured""]","[""structured_row:NeoTech Smartphone Max 30""]",1,584,candidate
DEC029_NO_FEEDBACK,train_kb,conservative_noisy_or_conflict_adjusted,4,NeoTech Smartphone Max 30,has_price_usd,1099,neotech smartphone max 30|has_price_usd|1099,4,"[0.98, 0.91, 0.9, 0.95]",True,0,0.99213840234375,0.99213840234375,0.88,True,0.9726553125,False,False,"[""product_30"", ""product_30"", ""product_30"", ""product_30""]","[""structured"", ""unstructured"", ""unstructured"", ""unstructured""]","[""structured_row:NeoTech Smartphone Max 30"", ""NeoTech Smartphone Max 30 is manufactured by NeoTech. It is a smartphone device. Priced at 1099 USD. Offers 1024GB of internal storage. Weighs approximately 1.45kg. Built with carbon fiber construction. Fast charging is yes."", ""NeoTech Smartphone Max 30 is manufactured by NeoTech. It is a smartphone device. Priced at 1099 USD. Offers 1024GB of internal storage. Weighs approximately 1.45kg. Built with carbon fiber construction. Fast charging is yes."", ""NeoTech Smartphone Max 30 is manufactured by NeoTech. It is a smartphone device. Priced at 1099 USD. Offers 1024GB of internal storage. Weighs approximately 1.45kg. Built with carbon fiber construction. Fast charging is yes.""]",1,584,candidate
DEC029_NO_FEEDBACK,train_kb,conservative_noisy_or_conflict_adjusted,4,NeoTech Smartphone Max 30,has_screen_size_inch,10.9,neotech smartphone max 30|has_screen_size_inch|10.9,1,[0.98],True,0,0.735,0.735,0.88,False,0.735,False,False,"[""product_30""]","[""structured""]","[""structured_row:NeoTech Smartphone Max 30""]",0,584,candidate
DEC029_NO_FEEDBACK,train_kb,conservative_noisy_or_conflict_adjusted,4,NeoTech Smartphone Max 30,has_ram_gb,16,neotech smartphone max 30|has_ram_gb|16,1,[0.98],True,0,0.735,0.735,0.88,False,0.735,False,False,"[""product_30""]","[""structured""]","[""structured_row:NeoTech Smartphone Max 30""]",0,584,candidate
DEC029_NO_FEEDBACK,train_kb,conservative_noisy_or_conflict_adjusted,4,NeoTech Smartphone Max 30,has_storage_gb,1024,neotech smartphone max 30|has_storage_gb|1024,4,"[0.98, 0.91, 0.9, 0.95]",True,0,0.99213840234375,0.99213840234375,0.88,True,0.9726553125,False,False,"[""product_30"", ""product_30"", ""product_30"", ""product_30""]","[""structured"", ""unstructured"", ""unstructured"", ""unstructured""]","[""structured_row:NeoTech Smartphone Max 30"", ""NeoTech Smartphone Max 30 is manufactured by NeoTech. It is a smartphone device. Priced at 1099 USD. Offers 1024GB of internal storage. Weighs approximately 1.45kg. Built with carbon fiber construction. Fast charging is yes."", ""NeoTech Smartphone Max 30 is manufactured by NeoTech. It is a smartphone device. Priced at 1099 USD. Offers 1024GB of internal storage. Weighs approximately 1.45kg. Built with carbon fiber construction. Fast charging is yes."", ""NeoTech Smartphone Max 30 is manufactured by NeoTech. It is a smartphone device. Priced at 1099 USD. Offers 1024GB of internal storage. Weighs approximately 1.45kg. Built with carbon fiber construction. Fast charging is yes.""]",1,584,candidate
DEC029_NO_FEEDBACK,train_kb,conservative_noisy_or_conflict_adjusted,4,NeoTech Smartphone Max 30,has_battery_life_hours,12,neotech smartphone max 30|has_battery_life_hours|12,1,[0.98],True,0,0.735,0.735,0.88,False,0.735,False,False,"[""product_30""]","[""structured""]","[""structured_row:NeoTech Smartphone Max 30""]",0,584,candidate
DEC029_NO_FEEDBACK,train_kb,conservative_noisy_or_conflict_adjusted,4,NeoTech Smartphone Max 30,has_weight_kg,1.45,neotech smartphone max 30|has_weight_kg|1.45,4,"[0.98, 0.91, 0.9, 0.95]",True,0,0.99213840234375,0.99213840234375,0.88,True,0.9726553125,False,False,"[""product_30"", ""product_30"", ""product_30"", ""product_30""]","[""structured"", ""unstructured"", ""unstructured"", ""unstructured""]","[""structured_row:NeoTech Smartphone Max 30"", ""NeoTech Smartphone Max 30 is manufactured by NeoTech. It is a smartphone device. Priced at 1099 USD. Offers 1024GB of internal storage. Weighs approximately 1.45kg. Built with carbon fiber construction. Fast charging is yes."", ""NeoTech Smartphone Max 30 is manufactured by NeoTech. It is a smartphone device. Priced at 1099 USD. Offers 1024GB of internal storage. Weighs approximately 1.45kg. Built with carbon fiber construction. Fast charging is yes."", ""NeoTech Smartphone Max 30 is manufactured by NeoTech. It is a smartphone device. Priced at 1099 USD. Offers 1024GB of internal storage. Weighs approximately 1.45kg. Built with carbon fiber construction. Fast charging is yes.""]",1,584,candidate
DEC029_NO_FEEDBACK,train_kb,conservative_noisy_or_conflict_adjusted,4,NeoTech Smartphone Max 30,has_color,green,neotech smartphone max 30|has_color|green,1,[0.98],False,0,0.735,0.735,0.88,False,0.735,False,False,"[""product_30""]","[""structured""]","[""structured_row:NeoTech Smartphone Max 30""]",0,584,candidate
DEC029_NO_FEEDBACK,train_kb,conservative_noisy_or_conflict_adjusted,4,NeoTech Smartphone Max 30,made_of_material,carbon fiber,neotech smartphone max 30|made_of_material|carbon fiber,3,"[0.98, 0.91, 0.95]",True,0,0.97581046875,0.97581046875,0.88,True,0.9158625,False,False,"[""product_30"", ""product_30"", ""product_30""]","[""structured"", ""unstructured"", ""unstructured""]","[""structured_row:NeoTech Smartphone Max 30"", ""NeoTech Smartphone Max 30 is manufactured by NeoTech. It is a smartphone device. Priced at 1099 USD. Offers 1024GB of internal storage. Weighs approximately 1.45kg. Built with carbon fiber construction. Fast charging is yes."", ""NeoTech Smartphone Max 30 is manufactured by NeoTech. It is a smartphone device. Priced at 1099 USD. Offers 1024GB of internal storage. Weighs approximately 1.45kg. Built with carbon fiber construction. Fast charging is yes.""]",1,584,candidate
DEC029_NO_FEEDBACK,train_kb,conservative_noisy_or_conflict_adjusted,4,NeoTech Smartphone Max 30,target_market_region,APAC,neotech smartphone max 30|target_market_region|apac,1,[0.98],True,0,0.735,0.735,0.88,False,0.735,False,False,"[""product_30""]","[""structured""]","[""structured_row:NeoTech Smartphone Max 30""]",0,584,candidate
DEC029_NO_FEEDBACK,train_kb,conservative_noisy_or_conflict_adjusted,4,NeoTech Smartphone Max 30,supports_fast_charging,yes,neotech smartphone max 30|supports_fast_charging|yes,4,"[0.98, 0.91, 0.9, 0.95]",True,0,0.99213840234375,0.99213840234375,0.88,True,0.9726553125,False,False,"[""product_30"", ""product_30"", ""product_30"", ""product_30""]","[""structured"", ""unstructured"", ""unstructured"", ""unstructured""]","[""structured_row:NeoTech Smartphone Max 30"", ""NeoTech Smartphone Max 30 is manufactured by NeoTech. It is a smartphone device. Priced at 1099 USD. Offers 1024GB of internal storage. Weighs approximately 1.45kg. Built with carbon fiber construction. Fast charging is yes."", ""NeoTech Smartphone Max 30 is manufactured by NeoTech. It is a smartphone device. Priced at 1099 USD. Offers 1024GB of internal storage. Weighs approximately 1.45kg. Built with carbon fiber construction. Fast charging is yes."", ""NeoTech Smartphone Max 30 is manufactured by NeoTech. It is a smartphone device. Priced at 1099 USD. Offers 1024GB of internal storage. Weighs approximately 1.45kg. Built with carbon fiber construction. Fast charging is yes.""]",1,584,candidate
DEC029_NO_FEEDBACK,train_kb,conservative_noisy_or_conflict_adjusted,4,NeoTech Smartphone Max 30,has_noise_cancellation,no,neotech smartphone max 30|has_noise_cancellation|no,1,[0.98],True,0,0.735,0.735,0.88,False,0.735,False,False,"[""product_30""]","[""structured""]","[""structured_row:NeoTech Smartphone Max 30""]",0,584,candidate
DEC029_NO_FEEDBACK,train_kb,conservative_noisy_or_conflict_adjusted,4,VoltEdge Headphones Lite 31,manufactured_by,VoltEdge,voltedge headphones lite 31|manufactured_by|voltedge,4,"[0.98, 0.92, 0.9, 0.95]",True,0,0.992324109375,0.992324109375,0.88,True,0.992324109375,False,False,"[""product_31"", ""product_31"", ""product_31"", ""product_31""]","[""structured"", ""unstructured"", ""unstructured"", ""unstructured""]","[""structured_row:VoltEdge Headphones Lite 31"", ""VoltEdge Headphones Lite 31 is manufactured by VoltEdge. It is a headphones device. Priced at 199 USD. The display measures 15.6 inches. Comes with 16GB of RAM. Battery lasts up to 12 hours. Available in white."", ""VoltEdge Headphones Lite 31 is manufactured by VoltEdge. It is a headphones device. Priced at 199 USD. The display measures 15.6 inches. Comes with 16GB of RAM. Battery lasts up to 12 hours. Available in white."", ""VoltEdge Headphones Lite 31 is manufactured by VoltEdge. It is a headphones device. Priced at 199 USD. The display measures 15.6 inches. Comes with 16GB of RAM. Battery lasts up to 12 hours. Available in white.""]",1,584,candidate
DEC029_NO_FEEDBACK,train_kb,conservative_noisy_or_conflict_adjusted,4,VoltEdge Headphones Lite 31,belongs_to_category,headphones,voltedge headphones lite 31|belongs_to_category|headphones,1,[0.98],True,0,0.735,0.735,0.88,False,0.735,False,False,"[""product_31""]","[""structured""]","[""structured_row:VoltEdge Headphones Lite 31""]",1,584,candidate
DEC029_NO_FEEDBACK,train_kb,conservative_noisy_or_conflict_adjusted,4,VoltEdge Headphones Lite 31,has_price_usd,199,voltedge headphones lite 31|has_price_usd|199,4,"[0.98, 0.93, 0.9, 0.95]",True,0,0.99250981640625,0.99250981640625,0.88,True,0.99250981640625,False,False,"[""product_31"", ""product_31"", ""product_31"", ""product_31""]","[""structured"", ""unstructured"", ""unstructured"", ""unstructured""]","[""structured_row:VoltEdge Headphones Lite 31"", ""VoltEdge Headphones Lite 31 is manufactured by VoltEdge. It is a headphones device. Priced at 199 USD. The display measures 15.6 inches. Comes with 16GB of RAM. Battery lasts up to 12 hours. Available in white."", ""VoltEdge Headphones Lite 31 is manufactured by VoltEdge. It is a headphones device. Priced at 199 USD. The display measures 15.6 inches. Comes with 16GB of RAM. Battery lasts up to 12 hours. Available in white."", ""VoltEdge Headphones Lite 31 is manufactured by VoltEdge. It is a headphones device. Priced at 199 USD. The display measures 15.6 inches. Comes with 16GB of RAM. Battery lasts up to 12 hours. Available in white.""]",1,584,candidate
DEC029_NO_FEEDBACK,train_kb,conservative_noisy_or_conflict_adjusted,4,VoltEdge Headphones Lite 31,has_screen_size_inch,15.6,voltedge headphones lite 31|has_screen_size_inch|15.6,4,"[0.98, 0.94, 0.9, 0.95]",True,0,0.9926955234375,0.9926955234375,0.88,True,0.9926955234375,False,False,"[""product_31"", ""product_31"", ""product_31"", ""product_31""]","[""structured"", ""unstructured"", ""unstructured"", ""unstructured""]","[""structured_row:VoltEdge Headphones Lite 31"", ""VoltEdge Headphones Lite 31 is manufactured by VoltEdge. It is a headphones device. Priced at 199 USD. The display measures 15.6 inches. Comes with 16GB of RAM. Battery lasts up to 12 hours. Available in white."", ""VoltEdge Headphones Lite 31 is manufactured by VoltEdge. It is a headphones device. Priced at 199 USD. The display measures 15.6 inches. Comes with 16GB of RAM. Battery lasts up to 12 hours. Available in white."", ""VoltEdge Headphones Lite 31 is manufactured by VoltEdge. It is a headphones device. Priced at 199 USD. The display measures 15.6 inches. Comes with 16GB of RAM. Battery lasts up to 12 hours. Available in white.""]",1,584,candidate
DEC029_NO_FEEDBACK,train_kb,conservative_noisy_or_conflict_adjusted,4,VoltEdge Headphones Lite 31,has_ram_gb,16,voltedge headphones lite 31|has_ram_gb|16,4,"[0.98, 0.95, 0.9, 0.95]",True,0,0.99288123046875,0.99288123046875,0.88,True,0.99288123046875,False,False,"[""product_31"", ""product_31"", ""product_31"", ""product_31""]","[""structured"", ""unstructured"", ""unstructured"", ""unstructured""]","[""structured_row:VoltEdge Headphones Lite 31"", ""VoltEdge Headphones Lite 31 is manufactured by VoltEdge. It is a headphones device. Priced at 199 USD. The display measures 15.6 inches. Comes with 16GB of RAM. Battery lasts up to 12 hours. Available in white."", ""VoltEdge Headphones Lite 31 is manufactured by VoltEdge. It is a headphones device. Priced at 199 USD. The display measures 15.6 inches. Comes with 16GB of RAM. Battery lasts up to 12 hours. Available in white."", ""VoltEdge Headphones Lite 31 is manufactured by VoltEdge. It is a headphones device. Priced at 199 USD. The display measures 15.6 inches. Comes with 16GB of RAM. Battery lasts up to 12 hours. Available in white.""]",1,584,candidate
DEC029_NO_FEEDBACK,train_kb,conservative_noisy_or_conflict_adjusted,4,VoltEdge Headphones Lite 31,has_storage_gb,256,voltedge headphones lite 31|has_storage_gb|256,1,[0.98],True,0,0.735,0.735,0.88,False,0.735,False,False,"[""product_31""]","[""structured""]","[""structured_row:VoltEdge Headphones Lite 31""]",0,584,candidate
DEC029_NO_FEEDBACK,train_kb,conservative_noisy_or_conflict_adjusted,4,VoltEdge Headphones Lite 31,has_battery_life_hours,12,voltedge headphones lite 31|has_battery_life_hours|12,4,"[0.98, 0.96, 0.9, 0.95]",True,0,0.9930669375,0.9930669375,0.88,True,0.9930669375,False,False,"[""product_31"", ""product_31"", ""product_31"", ""product_31""]","[""structured"", ""unstructured"", ""unstructured"", ""unstructured""]","[""structured_row:VoltEdge Headphones Lite 31"", ""VoltEdge Headphones Lite 31 is manufactured by VoltEdge. It is a headphones device. Priced at 199 USD. The display measures 15.6 inches. Comes with 16GB of RAM. Battery lasts up to 12 hours. Available in white."", ""VoltEdge Headphones Lite 31 is manufactured by VoltEdge. It is a headphones device. Priced at 199 USD. The display measures 15.6 inches. Comes with 16GB of RAM. Battery lasts up to 12 hours. Available in white."", ""VoltEdge Headphones Lite 31 is manufactured by VoltEdge. It is a headphones device. Priced at 199 USD. The display measures 15.6 inches. Comes with 16GB of RAM. Battery lasts up to 12 hours. Available in white.""]",1,584,candidate
DEC029_NO_FEEDBACK,train_kb,conservative_noisy_or_conflict_adjusted,4,VoltEdge Headphones Lite 31,has_weight_kg,1.45,voltedge headphones lite 31|has_weight_kg|1.45,1,[0.98],True,0,0.735,0.735,0.88,False,0.735,False,False,"[""product_31""]","[""structured""]","[""structured_row:VoltEdge Headphones Lite 31""]",0,584,candidate
DEC029_NO_FEEDBACK,train_kb,conservative_noisy_or_conflict_adjusted,4,VoltEdge Headphones Lite 31,has_color,white,voltedge headphones lite 31|has_color|white,4,"[0.98, 0.92, 0.9, 0.95]",False,0,0.992324109375,0.992324109375,0.88,True,0.992324109375,False,False,"[""product_31"", ""product_31"", ""product_31"", ""product_31""]","[""structured"", ""unstructured"", ""unstructured"", ""unstructured""]","[""structured_row:VoltEdge Headphones Lite 31"", ""VoltEdge Headphones Lite 31 is manufactured by VoltEdge. It is a headphones device. Priced at 199 USD. The display measures 15.6 inches. Comes with 16GB of RAM. Battery lasts up to 12 hours. Available in white."", ""VoltEdge Headphones Lite 31 is manufactured by VoltEdge. It is a headphones device. Priced at 199 USD. The display measures 15.6 inches. Comes with 16GB of RAM. Battery lasts up to 12 hours. Available in white."", ""VoltEdge Headphones Lite 31 is manufactured by VoltEdge. It is a headphones device. Priced at 199 USD. The display measures 15.6 inches. Comes with 16GB of RAM. Battery lasts up to 12 hours. Available in white.""]",1,584,candidate
DEC029_NO_FEEDBACK,train_kb,conservative_noisy_or_conflict_adjusted,4,VoltEdge Headphones Lite 31,made_of_material,aluminum,voltedge headphones lite 31|made_of_material|aluminum,1,[0.98],True,0,0.735,0.735,0.88,False,0.735,False,False,"[""product_31""]","[""structured""]","[""structured_row:VoltEdge Headphones Lite 31""]",0,584,candidate
DEC029_NO_FEEDBACK,train_kb,conservative_noisy_or_conflict_adjusted,4,VoltEdge Headphones Lite 31,target_market_region,US,voltedge headphones lite 31|target_market_region|us,1,[0.98],True,0,0.735,0.735,0.88,False,0.735,False,False,"[""product_31""]","[""structured""]","[""structured_row:VoltEdge Headphones Lite 31""]",0,584,candidate
DEC029_NO_FEEDBACK,train_kb,conservative_noisy_or_conflict_adjusted,4,VoltEdge Headphones Lite 31,supports_fast_charging,no,voltedge headphones lite 31|supports_fast_charging|no,1,[0.98],True,0,0.735,0.735,0.88,False,0.735,False,False,"[""product_31""]","[""structured""]","[""structured_row:VoltEdge Headphones Lite 31""]",0,584,candidate
DEC029_NO_FEEDBACK,train_kb,conservative_noisy_or_conflict_adjusted,4,VoltEdge Headphones Lite 31,has_noise_cancellation,yes,voltedge headphones lite 31|has_noise_cancellation|yes,1,[0.98],True,0,0.735,0.735,0.88,False,0.735,False,False,"[""product_31""]","[""structured""]","[""structured_row:VoltEdge Headphones Lite 31""]",0,584,candidate
DEC029_NO_FEEDBACK,train_kb,conservative_noisy_or_conflict_adjusted,4,TechNova Smartwatch Max 32,manufactured_by,TechNova,technova smartwatch max 32|manufactured_by|technova,4,"[0.98, 0.92, 0.9, 0.91]",True,0,0.991523146875,0.991523146875,0.88,True,0.97330125,False,False,"[""product_32"", ""product_32"", ""product_32"", ""product_32""]","[""structured"", ""unstructured"", ""unstructured"", ""unstructured""]","[""structured_row:TechNova Smartwatch Max 32"", ""TechNova Smartwatch Max 32 is manufactured by TechNova. Offers 512GB of internal storage. Weighs approximately 1.2kg. Available in green. Targeted at the Global market. Fast charging is no. Noise cancellation: no."", ""TechNova Smartwatch Max 32 is manufactured by TechNova. Offers 512GB of internal storage. Weighs approximately 1.2kg. Available in green. Targeted at the Global market. Fast charging is no. Noise cancellation: no."", ""TechNova Smartwatch Max 32 is manufactured by TechNova. Offers 512GB of internal storage. Weighs approximately 1.2kg. Available in green. Targeted at the Global market. Fast charging is no. Noise cancellation: no.""]",1,584,candidate
DEC029_NO_FEEDBACK,train_kb,conservative_noisy_or_conflict_adjusted,4,TechNova Smartwatch Max 32,belongs_to_category,smartwatch,technova smartwatch max 32|belongs_to_category|smartwatch,1,[0.98],True,0,0.735,0.735,0.88,False,0.735,False,False,"[""product_32""]","[""structured""]","[""structured_row:TechNova Smartwatch Max 32""]",0,584,candidate
DEC029_NO_FEEDBACK,train_kb,conservative_noisy_or_conflict_adjusted,4,TechNova Smartwatch Max 32,has_price_usd,699,technova smartwatch max 32|has_price_usd|699,1,[0.98],True,0,0.735,0.735,0.88,False,0.735,False,False,"[""product_32""]","[""structured""]","[""structured_row:TechNova Smartwatch Max 32""]",0,584,candidate
DEC029_NO_FEEDBACK,train_kb,conservative_noisy_or_conflict_adjusted,4,TechNova Smartwatch Max 32,has_screen_size_inch,10.9,technova smartwatch max 32|has_screen_size_inch|10.9,1,[0.98],True,0,0.735,0.735,0.88,False,0.735,False,False,"[""product_32""]","[""structured""]","[""structured_row:TechNova Smartwatch Max 32""]",0,584,candidate
DEC029_NO_FEEDBACK,train_kb,conservative_noisy_or_conflict_adjusted,4,TechNova Smartwatch Max 32,has_ram_gb,32,technova smartwatch max 32|has_ram_gb|32,1,[0.98],True,0,0.735,0.735,0.88,False,0.735,False,False,"[""product_32""]","[""structured""]","[""structured_row:TechNova Smartwatch Max 32""]",0,584,candidate
DEC029_NO_FEEDBACK,train_kb,conservative_noisy_or_conflict_adjusted,4,TechNova Smartwatch Max 32,has_storage_gb,512,technova smartwatch max 32|has_storage_gb|512,4,"[0.98, 0.93, 0.9, 0.91]",True,0,0.99172823203125,0.99172823203125,0.88,True,0.9739471875,False,False,"[""product_32"", ""product_32"", ""product_32"", ""product_32""]","[""structured"", ""unstructured"", ""unstructured"", ""unstructured""]","[""structured_row:TechNova Smartwatch Max 32"", ""TechNova Smartwatch Max 32 is manufactured by TechNova. Offers 512GB of internal storage. Weighs approximately 1.2kg. Available in green. Targeted at the Global market. Fast charging is no. Noise cancellation: no."", ""TechNova Smartwatch Max 32 is manufactured by TechNova. Offers 512GB of internal storage. Weighs approximately 1.2kg. Available in green. Targeted at the Global market. Fast charging is no. Noise cancellation: no."", ""TechNova Smartwatch Max 32 is manufactured by TechNova. Offers 512GB of internal storage. Weighs approximately 1.2kg. Available in green. Targeted at the Global market. Fast charging is no. Noise cancellation: no.""]",1,584,candidate
DEC029_NO_FEEDBACK,train_kb,conservative_noisy_or_conflict_adjusted,4,TechNova Smartwatch Max 32,has_battery_life_hours,18,technova smartwatch max 32|has_battery_life_hours|18,1,[0.98],True,0,0.735,0.735,0.88,False,0.735,False,False,"[""product_32""]","[""structured""]","[""structured_row:TechNova Smartwatch Max 32""]",0,584,candidate
DEC029_NO_FEEDBACK,train_kb,conservative_noisy_or_conflict_adjusted,4,TechNova Smartwatch Max 32,has_weight_kg,1.2,technova smartwatch max 32|has_weight_kg|1.2,4,"[0.98, 0.94, 0.9, 0.91]",True,0,0.9919333171875,0.9919333171875,0.88,True,0.974593125,False,False,"[""product_32"", ""product_32"", ""product_32"", ""product_32""]","[""structured"", ""unstructured"", ""unstructured"", ""unstructured""]","[""structured_row:TechNova Smartwatch Max 32"", ""TechNova Smartwatch Max 32 is manufactured by TechNova. Offers 512GB of internal storage. Weighs approximately 1.2kg. Available in green. Targeted at the Global market. Fast charging is no. Noise cancellation: no."", ""TechNova Smartwatch Max 32 is manufactured by TechNova. Offers 512GB of internal storage. Weighs approximately 1.2kg. Available in green. Targeted at the Global market. Fast charging is no. Noise cancellation: no."", ""TechNova Smartwatch Max 32 is manufactured by TechNova. Offers 512GB of internal storage. Weighs approximately 1.2kg. Available in green. Targeted at the Global market. Fast charging is no. Noise cancellation: no.""]",1,584,candidate
DEC029_NO_FEEDBACK,train_kb,conservative_noisy_or_conflict_adjusted,4,TechNova Smartwatch Max 32,has_color,green,technova smartwatch max 32|has_color|green,3,"[0.98, 0.95, 0.91]",False,0,0.97581046875,0.97581046875,0.88,True,0.9238124999999999,False,False,"[""product_32"", ""product_32"", ""product_32""]","[""structured"", ""unstructured"", ""unstructured""]","[""structured_row:TechNova Smartwatch Max 32"", ""TechNova Smartwatch Max 32 is manufactured by TechNova. Offers 512GB of internal storage. Weighs approximately 1.2kg. Available in green. Targeted at the Global market. Fast charging is no. Noise cancellation: no."", ""TechNova Smartwatch Max 32 is manufactured by TechNova. Offers 512GB of internal storage. Weighs approximately 1.2kg. Available in green. Targeted at the Global market. Fast charging is no. Noise cancellation: no.""]",1,584,candidate
DEC029_NO_FEEDBACK,train_kb,conservative_noisy_or_conflict_adjusted,4,TechNova Smartwatch Max 32,made_of_material,plastic,technova smartwatch max 32|made_of_material|plastic,1,[0.98],True,0,0.735,0.735,0.88,False,0.735,False,False,"[""product_32""]","[""structured""]","[""structured_row:TechNova Smartwatch Max 32""]",0,584,candidate
DEC029_NO_FEEDBACK,train_kb,conservative_noisy_or_conflict_adjusted,4,TechNova Smartwatch Max 32,target_market_region,Global,technova smartwatch max 32|target_market_region|global,4,"[0.98, 0.96, 0.9, 0.91]",True,0,0.9923434875,0.9923434875,0.88,True,0.975885,False,False,"[""product_32"", ""product_32"", ""product_32"", ""product_32""]","[""structured"", ""unstructured"", ""unstructured"", ""unstructured""]","[""structured_row:TechNova Smartwatch Max 32"", ""TechNova Smartwatch Max 32 is manufactured by TechNova. Offers 512GB of internal storage. Weighs approximately 1.2kg. Available in green. Targeted at the Global market. Fast charging is no. Noise cancellation: no."", ""TechNova Smartwatch Max 32 is manufactured by TechNova. Offers 512GB of internal storage. Weighs approximately 1.2kg. Available in green. Targeted at the Global market. Fast charging is no. Noise cancellation: no."", ""TechNova Smartwatch Max 32 is manufactured by TechNova. Offers 512GB of internal storage. Weighs approximately 1.2kg. Available in green. Targeted at the Global market. Fast charging is no. Noise cancellation: no.""]",1,584,candidate
DEC029_NO_FEEDBACK,train_kb,conservative_noisy_or_conflict_adjusted,4,TechNova Smartwatch Max 32,supports_fast_charging,no,technova smartwatch max 32|supports_fast_charging|no,4,"[0.98, 0.9, 0.9, 0.91]",True,0,0.9911129765625,0.9911129765625,0.88,True,0.972009375,False,False,"[""product_32"", ""product_32"", ""product_32"", ""product_32""]","[""structured"", ""unstructured"", ""unstructured"", ""unstructured""]","[""structured_row:TechNova Smartwatch Max 32"", ""TechNova Smartwatch Max 32 is manufactured by TechNova. Offers 512GB of internal storage. Weighs approximately 1.2kg. Available in green. Targeted at the Global market. Fast charging is no. Noise cancellation: no."", ""TechNova Smartwatch Max 32 is manufactured by TechNova. Offers 512GB of internal storage. Weighs approximately 1.2kg. Available in green. Targeted at the Global market. Fast charging is no. Noise cancellation: no."", ""TechNova Smartwatch Max 32 is manufactured by TechNova. Offers 512GB of internal storage. Weighs approximately 1.2kg. Available in green. Targeted at the Global market. Fast charging is no. Noise cancellation: no.""]",1,584,candidate
DEC029_NO_FEEDBACK,train_kb,conservative_noisy_or_conflict_adjusted,4,TechNova Smartwatch Max 32,has_noise_cancellation,no,technova smartwatch max 32|has_noise_cancellation|no,4,"[0.98, 0.91, 0.9, 0.91]",True,0,0.99131806171875,0.99131806171875,0.88,True,0.9726553125,False,False,"[""product_32"", ""product_32"", ""product_32"", ""product_32""]","[""structured"", ""unstructured"", ""unstructured"", ""unstructured""]","[""structured_row:TechNova Smartwatch Max 32"", ""TechNova Smartwatch Max 32 is manufactured by TechNova. Offers 512GB of internal storage. Weighs approximately 1.2kg. Available in green. Targeted at the Global market. Fast charging is no. Noise cancellation: no."", ""TechNova Smartwatch Max 32 is manufactured by TechNova. Offers 512GB of internal storage. Weighs approximately 1.2kg. Available in green. Targeted at the Global market. Fast charging is no. Noise cancellation: no."", ""TechNova Smartwatch Max 32 is manufactured by TechNova. Offers 512GB of internal storage. Weighs approximately 1.2kg. Available in green. Targeted at the Global market. Fast charging is no. Noise cancellation: no.""]",1,584,candidate
DEC029_NO_FEEDBACK,train_kb,conservative_noisy_or_conflict_adjusted,4,VoltEdge Smartwatch Lite 34,manufactured_by,VoltEdge,voltedge smartwatch lite 34|manufactured_by|voltedge,5,"[0.98, 0.92, 0.91, 0.95, 0.8]",True,0,0.997000498125,0.997000498125,0.88,True,0.9925012453125,False,False,"[""product_34"", ""product_34"", ""product_34"", ""product_34"", ""product_34""]","[""structured"", ""unstructured"", ""unstructured"", ""unstructured"", ""unstructured""]","[""structured_row:VoltEdge Smartwatch Lite 34"", ""VoltEdge Smartwatch Lite 34 is manufactured by VoltEdge. Priced at 249 USD. Comes with 32GB of RAM. Battery lasts up to 20 hours. Weighs approximately 1.8kg. Fast charging is no. Noise cancellation: no."", ""VoltEdge Smartwatch Lite 34 is manufactured by VoltEdge. Priced at 249 USD. Comes with 32GB of RAM. Battery lasts up to 20 hours. Weighs approximately 1.8kg. Fast charging is no. Noise cancellation: no."", ""VoltEdge Smartwatch Lite 34 is manufactured by VoltEdge. Priced at 249 USD. Comes with 32GB of RAM. Battery lasts up to 20 hours. Weighs approximately 1.8kg. Fast charging is no. Noise cancellation: no."", ""VoltEdge Smartwatch Lite 34 is manufactured by VoltEdge. Priced at 249 USD. Comes with 32GB of RAM. Battery lasts up to 20 hours. Weighs approximately 1.8kg. Fast charging is no. Noise cancellation: no.""]",1,584,candidate
DEC029_NO_FEEDBACK,train_kb,conservative_noisy_or_conflict_adjusted,4,VoltEdge Smartwatch Lite 34,belongs_to_category,smartwatch,voltedge smartwatch lite 34|belongs_to_category|smartwatch,1,[0.98],True,0,0.735,0.735,0.88,False,0.735,False,False,"[""product_34""]","[""structured""]","[""structured_row:VoltEdge Smartwatch Lite 34""]",0,584,candidate
DEC029_NO_FEEDBACK,train_kb,conservative_noisy_or_conflict_adjusted,4,VoltEdge Smartwatch Lite 34,has_price_usd,249,voltedge smartwatch lite 34|has_price_usd|249,5,"[0.98, 0.91, 0.91, 0.95, 0.8]",True,0,0.99692792953125,0.99692792953125,0.88,True,0.992319823828125,False,False,"[""product_34"", ""product_34"", ""product_34"", ""product_34"", ""product_34""]","[""structured"", ""unstructured"", ""unstructured"", ""unstructured"", ""unstructured""]","[""structured_row:VoltEdge Smartwatch Lite 34"", ""VoltEdge Smartwatch Lite 34 is manufactured by VoltEdge. Priced at 249 USD. Comes with 32GB of RAM. Battery lasts up to 20 hours. Weighs approximately 1.8kg. Fast charging is no. Noise cancellation: no."", ""VoltEdge Smartwatch Lite 34 is manufactured by VoltEdge. Priced at 249 USD. Comes with 32GB of RAM. Battery lasts up to 20 hours. Weighs approximately 1.8kg. Fast charging is no. Noise cancellation: no."", ""VoltEdge Smartwatch Lite 34 is manufactured by VoltEdge. Priced at 249 USD. Comes with 32GB of RAM. Battery lasts up to 20 hours. Weighs approximately 1.8kg. Fast charging is no. Noise cancellation: no."", ""VoltEdge Smartwatch Lite 34 is manufactured by VoltEdge. Priced at 249 USD. Comes with 32GB of RAM. Battery lasts up to 20 hours. Weighs approximately 1.8kg. Fast charging is no. Noise cancellation: no.""]",1,584,candidate
DEC029_NO_FEEDBACK,train_kb,conservative_noisy_or_conflict_adjusted,4,VoltEdge Smartwatch Lite 34,has_screen_size_inch,14.0,voltedge smartwatch lite 34|has_screen_size_inch|14.0,1,[0.98],True,0,0.735,0.735,0.88,False,0.735,False,False,"[""product_34""]","[""structured""]","[""structured_row:VoltEdge Smartwatch Lite 34""]",0,584,candidate
DEC029_NO_FEEDBACK,train_kb,conservative_noisy_or_conflict_adjusted,4,VoltEdge Smartwatch Lite 34,has_ram_gb,32,voltedge smartwatch lite 34|has_ram_gb|32,5,"[0.98, 0.93, 0.91, 0.95, 0.8]",True,0,0.99707306671875,0.99707306671875,0.88,True,0.992682666796875,False,False,"[""product_34"", ""product_34"", ""product_34"", ""product_34"", ""product_34""]","[""structured"", ""unstructured"", ""unstructured"", ""unstructured"", ""unstructured""]","[""structured_row:VoltEdge Smartwatch Lite 34"", ""VoltEdge Smartwatch Lite 34 is manufactured by VoltEdge. Priced at 249 USD. Comes with 32GB of RAM. Battery lasts up to 20 hours. Weighs approximately 1.8kg. Fast charging is no. Noise cancellation: no."", ""VoltEdge Smartwatch Lite 34 is manufactured by VoltEdge. Priced at 249 USD. Comes with 32GB of RAM. Battery lasts up to 20 hours. Weighs approximately 1.8kg. Fast charging is no. Noise cancellation: no."", ""VoltEdge Smartwatch Lite 34 is manufactured by VoltEdge. Priced at 249 USD. Comes with 32GB of RAM. Battery lasts up to 20 hours. Weighs approximately 1.8kg. Fast charging is no. Noise cancellation: no."", ""VoltEdge Smartwatch Lite 34 is manufactured by VoltEdge. Priced at 249 USD. Comes with 32GB of RAM. Battery lasts up to 20 hours. Weighs approximately 1.8kg. Fast charging is no. Noise cancellation: no.""]",1,584,candidate
DEC029_NO_FEEDBACK,train_kb,conservative_noisy_or_conflict_adjusted,4,VoltEdge Smartwatch Lite 34,has_storage_gb,128,voltedge smartwatch lite 34|has_storage_gb|128,1,[0.98],True,0,0.735,0.735,0.88,False,0.735,False,False,"[""product_34""]","[""structured""]","[""structured_row:VoltEdge Smartwatch Lite 34""]",0,584,candidate
DEC029_NO_FEEDBACK,train_kb,conservative_noisy_or_conflict_adjusted,4,VoltEdge Smartwatch Lite 34,has_battery_life_hours,20,voltedge smartwatch lite 34|has_battery_life_hours|20,5,"[0.98, 0.94, 0.91, 0.95, 0.8]",True,0,0.9971456353125,0.9971456353125,0.88,True,0.99286408828125,False,False,"[""product_34"", ""product_34"", ""product_34"", ""product_34"", ""product_34""]","[""structured"", ""unstructured"", ""unstructured"", ""unstructured"", ""unstructured""]","[""structured_row:VoltEdge Smartwatch Lite 34"", ""VoltEdge Smartwatch Lite 34 is manufactured by VoltEdge. Priced at 249 USD. Comes with 32GB of RAM. Battery lasts up to 20 hours. Weighs approximately 1.8kg. Fast charging is no. Noise cancellation: no."", ""VoltEdge Smartwatch Lite 34 is manufactured by VoltEdge. Priced at 249 USD. Comes with 32GB of RAM. Battery lasts up to 20 hours. Weighs approximately 1.8kg. Fast charging is no. Noise cancellation: no."", ""VoltEdge Smartwatch Lite 34 is manufactured by VoltEdge. Priced at 249 USD. Comes with 32GB of RAM. Battery lasts up to 20 hours. Weighs approximately 1.8kg. Fast charging is no. Noise cancellation: no."", ""VoltEdge Smartwatch Lite 34 is manufactured by VoltEdge. Priced at 249 USD. Comes with 32GB of RAM. Battery lasts up to 20 hours. Weighs approximately 1.8kg. Fast charging is no. Noise cancellation: no.""]",1,584,candidate
DEC029_NO_FEEDBACK,train_kb,conservative_noisy_or_conflict_adjusted,4,VoltEdge Smartwatch Lite 34,has_weight_kg,1.8,voltedge smartwatch lite 34|has_weight_kg|1.8,5,"[0.98, 0.95, 0.91, 0.95, 0.8]",True,0,0.99721820390625,0.99721820390625,0.88,True,0.993045509765625,False,False,"[""product_34"", ""product_34"", ""product_34"", ""product_34"", ""product_34""]","[""structured"", ""unstructured"", ""unstructured"", ""unstructured"", ""unstructured""]","[""structured_row:VoltEdge Smartwatch Lite 34"", ""VoltEdge Smartwatch Lite 34 is manufactured by VoltEdge. Priced at 249 USD. Comes with 32GB of RAM. Battery lasts up to 20 hours. Weighs approximately 1.8kg. Fast charging is no. Noise cancellation: no."", ""VoltEdge Smartwatch Lite 34 is manufactured by VoltEdge. Priced at 249 USD. Comes with 32GB of RAM. Battery lasts up to 20 hours. Weighs approximately 1.8kg. Fast charging is no. Noise cancellation: no."", ""VoltEdge Smartwatch Lite 34 is manufactured by VoltEdge. Priced at 249 USD. Comes with 32GB of RAM. Battery lasts up to 20 hours. Weighs approximately 1.8kg. Fast charging is no. Noise cancellation: no."", ""VoltEdge Smartwatch Lite 34 is manufactured by VoltEdge. Priced at 249 USD. Comes with 32GB of RAM. Battery lasts up to 20 hours. Weighs approximately 1.8kg. Fast charging is no. Noise cancellation: no.""]",1,584,candidate
DEC029_NO_FEEDBACK,train_kb,conservative_noisy_or_conflict_adjusted,4,VoltEdge Smartwatch Lite 34,has_color,green,voltedge smartwatch lite 34|has_color|green,1,[0.98],False,0,0.735,0.735,0.88,False,0.735,False,False,"[""product_34""]","[""structured""]","[""structured_row:VoltEdge Smartwatch Lite 34""]",0,584,candidate
DEC029_NO_FEEDBACK,train_kb,conservative_noisy_or_conflict_adjusted,4,VoltEdge Smartwatch Lite 34,made_of_material,aluminum,voltedge smartwatch lite 34|made_of_material|aluminum,1,[0.98],True,0,0.735,0.735,0.88,False,0.735,False,False,"[""product_34""]","[""structured""]","[""structured_row:VoltEdge Smartwatch Lite 34""]",0,584,candidate
DEC029_NO_FEEDBACK,train_kb,conservative_noisy_or_conflict_adjusted,4,VoltEdge Smartwatch Lite 34,target_market_region,EU,voltedge smartwatch lite 34|target_market_region|eu,1,[0.98],True,0,0.735,0.735,0.88,False,0.735,False,False,"[""product_34""]","[""structured""]","[""structured_row:VoltEdge Smartwatch Lite 34""]",0,584,candidate
DEC029_NO_FEEDBACK,train_kb,conservative_noisy_or_conflict_adjusted,4,VoltEdge Smartwatch Lite 34,supports_fast_charging,no,voltedge smartwatch lite 34|supports_fast_charging|no,5,"[0.98, 0.9, 0.91, 0.95, 0.8]",True,0,0.9968553609375,0.9968553609375,0.88,True,0.99213840234375,False,False,"[""product_34"", ""product_34"", ""product_34"", ""product_34"", ""product_34""]","[""structured"", ""unstructured"", ""unstructured"", ""unstructured"", ""unstructured""]","[""structured_row:VoltEdge Smartwatch Lite 34"", ""VoltEdge Smartwatch Lite 34 is manufactured by VoltEdge. Priced at 249 USD. Comes with 32GB of RAM. Battery lasts up to 20 hours. Weighs approximately 1.8kg. Fast charging is no. Noise cancellation: no."", ""VoltEdge Smartwatch Lite 34 is manufactured by VoltEdge. Priced at 249 USD. Comes with 32GB of RAM. Battery lasts up to 20 hours. Weighs approximately 1.8kg. Fast charging is no. Noise cancellation: no."", ""VoltEdge Smartwatch Lite 34 is manufactured by VoltEdge. Priced at 249 USD. Comes with 32GB of RAM. Battery lasts up to 20 hours. Weighs approximately 1.8kg. Fast charging is no. Noise cancellation: no."", ""VoltEdge Smartwatch Lite 34 is manufactured by VoltEdge. Priced at 249 USD. Comes with 32GB of RAM. Battery lasts up to 20 hours. Weighs approximately 1.8kg. Fast charging is no. Noise cancellation: no.""]",1,584,candidate
DEC029_NO_FEEDBACK,train_kb,conservative_noisy_or_conflict_adjusted,4,VoltEdge Smartwatch Lite 34,has_noise_cancellation,no,voltedge smartwatch lite 34|has_noise_cancellation|no,5,"[0.98, 0.91, 0.91, 0.95, 0.8]",True,0,0.99692792953125,0.99692792953125,0.88,True,0.992319823828125,False,False,"[""product_34"", ""product_34"", ""product_34"", ""product_34"", ""product_34""]","[""structured"", ""unstructured"", ""unstructured"", ""unstructured"", ""unstructured""]","[""structured_row:VoltEdge Smartwatch Lite 34"", ""VoltEdge Smartwatch Lite 34 is manufactured by VoltEdge. Priced at 249 USD. Comes with 32GB of RAM. Battery lasts up to 20 hours. Weighs approximately 1.8kg. Fast charging is no. Noise cancellation: no."", ""VoltEdge Smartwatch Lite 34 is manufactured by VoltEdge. Priced at 249 USD. Comes with 32GB of RAM. Battery lasts up to 20 hours. Weighs approximately 1.8kg. Fast charging is no. Noise cancellation: no."", ""VoltEdge Smartwatch Lite 34 is manufactured by VoltEdge. Priced at 249 USD. Comes with 32GB of RAM. Battery lasts up to 20 hours. Weighs approximately 1.8kg. Fast charging is no. Noise cancellation: no."", ""VoltEdge Smartwatch Lite 34 is manufactured by VoltEdge. Priced at 249 USD. Comes with 32GB of RAM. Battery lasts up to 20 hours. Weighs approximately 1.8kg. Fast charging is no. Noise cancellation: no.""]",1,584,candidate
DEC029_NO_FEEDBACK,train_kb,conservative_noisy_or_conflict_adjusted,4,Auralex Headphones Lite 36,manufactured_by,Auralex,auralex headphones lite 36|manufactured_by|auralex,4,"[0.98, 0.95, 0.92, 0.91]",True,0,0.9925012453125,0.9925012453125,0.88,True,0.976381875,False,False,"[""product_36"", ""product_36"", ""product_36"", ""product_36""]","[""structured"", ""unstructured"", ""unstructured"", ""unstructured""]","[""structured_row:Auralex Headphones Lite 36"", ""Auralex Headphones Lite 36 is manufactured by Auralex. Priced at 349 USD. Comes with 16GB of RAM. Offers 128GB of internal storage. Built with plastic construction. Targeted at the US market. Fast charging is yes."", ""Auralex Headphones Lite 36 is manufactured by Auralex. Priced at 349 USD. Comes with 16GB of RAM. Offers 128GB of internal storage. Built with plastic construction. Targeted at the US market. Fast charging is yes."", ""Auralex Headphones Lite 36 is manufactured by Auralex. Priced at 349 USD. Comes with 16GB of RAM. Offers 128GB of internal storage. Built with plastic construction. Targeted at the US market. Fast charging is yes.""]",1,584,candidate
DEC029_NO_FEEDBACK,train_kb,conservative_noisy_or_conflict_adjusted,4,Auralex Headphones Lite 36,belongs_to_category,headphones,auralex headphones lite 36|belongs_to_category|headphones,1,[0.98],True,0,0.735,0.735,0.88,False,0.735,False,False,"[""product_36""]","[""structured""]","[""structured_row:Auralex Headphones Lite 36""]",0,584,candidate
DEC029_NO_FEEDBACK,train_kb,conservative_noisy_or_conflict_adjusted,4,Auralex Headphones Lite 36,has_price_usd,349,auralex headphones lite 36|has_price_usd|349,4,"[0.98, 0.92, 0.92, 0.91]",True,0,0.99191438625,0.99191438625,0.88,True,0.9745335,False,False,"[""product_36"", ""product_36"", ""product_36"", ""product_36""]","[""structured"", ""unstructured"", ""unstructured"", ""unstructured""]","[""structured_row:Auralex Headphones Lite 36"", ""Auralex Headphones Lite 36 is manufactured by Auralex. Priced at 349 USD. Comes with 16GB of RAM. Offers 128GB of internal storage. Built with plastic construction. Targeted at the US market. Fast charging is yes."", ""Auralex Headphones Lite 36 is manufactured by Auralex. Priced at 349 USD. Comes with 16GB of RAM. Offers 128GB of internal storage. Built with plastic construction. Targeted at the US market. Fast charging is yes."", ""Auralex Headphones Lite 36 is manufactured by Auralex. Priced at 349 USD. Comes with 16GB of RAM. Offers 128GB of internal storage. Built with plastic construction. Targeted at the US market. Fast charging is yes.""]",1,584,candidate
DEC029_NO_FEEDBACK,train_kb,conservative_noisy_or_conflict_adjusted,4,Auralex Headphones Lite 36,has_screen_size_inch,6.1,auralex headphones lite 36|has_screen_size_inch|6.1,1,[0.98],True,0,0.735,0.735,0.88,False,0.735,False,False,"[""product_36""]","[""structured""]","[""structured_row:Auralex Headphones Lite 36""]",0,584,candidate
DEC029_NO_FEEDBACK,train_kb,conservative_noisy_or_conflict_adjusted,4,Auralex Headphones Lite 36,has_ram_gb,16,auralex headphones lite 36|has_ram_gb|16,4,"[0.98, 0.93, 0.92, 0.91]",True,0,0.9921100059375,0.9921100059375,0.88,True,0.975149625,False,False,"[""product_36"", ""product_36"", ""product_36"", ""product_36""]","[""structured"", ""unstructured"", ""unstructured"", ""unstructured""]","[""structured_row:Auralex Headphones Lite 36"", ""Auralex Headphones Lite 36 is manufactured by Auralex. Priced at 349 USD. Comes with 16GB of RAM. Offers 128GB of internal storage. Built with plastic construction. Targeted at the US market. Fast charging is yes."", ""Auralex Headphones Lite 36 is manufactured by Auralex. Priced at 349 USD. Comes with 16GB of RAM. Offers 128GB of internal storage. Built with plastic construction. Targeted at the US market. Fast charging is yes."", ""Auralex Headphones Lite 36 is manufactured by Auralex. Priced at 349 USD. Comes with 16GB of RAM. Offers 128GB of internal storage. Built with plastic construction. Targeted at the US market. Fast charging is yes.""]",1,584,candidate
DEC029_NO_FEEDBACK,train_kb,conservative_noisy_or_conflict_adjusted,4,Auralex Headphones Lite 36,has_storage_gb,128,auralex headphones lite 36|has_storage_gb|128,4,"[0.98, 0.94, 0.92, 0.91]",True,0,0.992305625625,0.992305625625,0.88,True,0.97576575,False,False,"[""product_36"", ""product_36"", ""product_36"", ""product_36""]","[""structured"", ""unstructured"", ""unstructured"", ""unstructured""]","[""structured_row:Auralex Headphones Lite 36"", ""Auralex Headphones Lite 36 is manufactured by Auralex. Priced at 349 USD. Comes with 16GB of RAM. Offers 128GB of internal storage. Built with plastic construction. Targeted at the US market. Fast charging is yes."", ""Auralex Headphones Lite 36 is manufactured by Auralex. Priced at 349 USD. Comes with 16GB of RAM. Offers 128GB of internal storage. Built with plastic construction. Targeted at the US market. Fast charging is yes."", ""Auralex Headphones Lite 36 is manufactured by Auralex. Priced at 349 USD. Comes with 16GB of RAM. Offers 128GB of internal storage. Built with plastic construction. Targeted at the US market. Fast charging is yes.""]",1,584,candidate
DEC029_NO_FEEDBACK,train_kb,conservative_noisy_or_conflict_adjusted,4,Auralex Headphones Lite 36,has_battery_life_hours,10,auralex headphones lite 36|has_battery_life_hours|10,1,[0.98],True,0,0.735,0.735,0.88,False,0.735,False,False,"[""product_36""]","[""structured""]","[""structured_row:Auralex Headphones Lite 36""]",0,584,candidate
DEC029_NO_FEEDBACK,train_kb,conservative_noisy_or_conflict_adjusted,4,Auralex Headphones Lite 36,has_weight_kg,1.45,auralex headphones lite 36|has_weight_kg|1.45,1,[0.98],True,0,0.735,0.735,0.88,False,0.735,False,False,"[""product_36""]","[""structured""]","[""structured_row:Auralex Headphones Lite 36""]",0,584,candidate
DEC029_NO_FEEDBACK,train_kb,conservative_noisy_or_conflict_adjusted,4,Auralex Headphones Lite 36,has_color,black,auralex headphones lite 36|has_color|black,1,[0.98],False,0,0.735,0.735,0.88,False,0.735,False,False,"[""product_36""]","[""structured""]","[""structured_row:Auralex Headphones Lite 36""]",0,584,candidate
DEC029_NO_FEEDBACK,train_kb,conservative_noisy_or_conflict_adjusted,4,Auralex Headphones Lite 36,made_of_material,plastic,auralex headphones lite 36|made_of_material|plastic,4,"[0.98, 0.9, 0.92, 0.91]",True,0,0.991523146875,0.991523146875,0.88,True,0.97330125,False,False,"[""product_36"", ""product_36"", ""product_36"", ""product_36""]","[""structured"", ""unstructured"", ""unstructured"", ""unstructured""]","[""structured_row:Auralex Headphones Lite 36"", ""Auralex Headphones Lite 36 is manufactured by Auralex. Priced at 349 USD. Comes with 16GB of RAM. Offers 128GB of internal storage. Built with plastic construction. Targeted at the US market. Fast charging is yes."", ""Auralex Headphones Lite 36 is manufactured by Auralex. Priced at 349 USD. Comes with 16GB of RAM. Offers 128GB of internal storage. Built with plastic construction. Targeted at the US market. Fast charging is yes."", ""Auralex Headphones Lite 36 is manufactured by Auralex. Priced at 349 USD. Comes with 16GB of RAM. Offers 128GB of internal storage. Built with plastic construction. Targeted at the US market. Fast charging is yes.""]",1,584,candidate
DEC029_NO_FEEDBACK,train_kb,conservative_noisy_or_conflict_adjusted,4,Auralex Headphones Lite 36,target_market_region,US,auralex headphones lite 36|target_market_region|us,4,"[0.98, 0.96, 0.92, 0.91]",True,0,0.992696865,0.992696865,0.88,True,0.976998,False,False,"[""product_36"", ""product_36"", ""product_36"", ""product_36""]","[""structured"", ""unstructured"", ""unstructured"", ""unstructured""]","[""structured_row:Auralex Headphones Lite 36"", ""Auralex Headphones Lite 36 is manufactured by Auralex. Priced at 349 USD. Comes with 16GB of RAM. Offers 128GB of internal storage. Built with plastic construction. Targeted at the US market. Fast charging is yes."", ""Auralex Headphones Lite 36 is manufactured by Auralex. Priced at 349 USD. Comes with 16GB of RAM. Offers 128GB of internal storage. Built with plastic construction. Targeted at the US market. Fast charging is yes."", ""Auralex Headphones Lite 36 is manufactured by Auralex. Priced at 349 USD. Comes with 16GB of RAM. Offers 128GB of internal storage. Built with plastic construction. Targeted at the US market. Fast charging is yes.""]",1,584,candidate
DEC029_NO_FEEDBACK,train_kb,conservative_noisy_or_conflict_adjusted,4,Auralex Headphones Lite 36,supports_fast_charging,yes,auralex headphones lite 36|supports_fast_charging|yes,4,"[0.98, 0.85, 0.92, 0.91]",True,0,0.9905450484375,0.9905450484375,0.88,True,0.970220625,False,False,"[""product_36"", ""product_36"", ""product_36"", ""product_36""]","[""structured"", ""unstructured"", ""unstructured"", ""unstructured""]","[""structured_row:Auralex Headphones Lite 36"", ""Auralex Headphones Lite 36 is manufactured by Auralex. Priced at 349 USD. Comes with 16GB of RAM. Offers 128GB of internal storage. Built with plastic construction. Targeted at the US market. Fast charging is yes."", ""Auralex Headphones Lite 36 is manufactured by Auralex. Priced at 349 USD. Comes with 16GB of RAM. Offers 128GB of internal storage. Built with plastic construction. Targeted at the US market. Fast charging is yes."", ""Auralex Headphones Lite 36 is manufactured by Auralex. Priced at 349 USD. Comes with 16GB of RAM. Offers 128GB of internal storage. Built with plastic construction. Targeted at the US market. Fast charging is yes.""]",1,584,candidate
DEC029_NO_FEEDBACK,train_kb,conservative_noisy_or_conflict_adjusted,4,Auralex Headphones Lite 36,has_noise_cancellation,no,auralex headphones lite 36|has_noise_cancellation|no,1,[0.98],True,0,0.735,0.735,0.88,False,0.735,False,False,"[""product_36""]","[""structured""]","[""structured_row:Auralex Headphones Lite 36""]",0,584,candidate
DEC029_NO_FEEDBACK,train_kb,conservative_noisy_or_conflict_adjusted,4,NeoTech Smartwatch Lite 37,manufactured_by,NeoTech,neotech smartwatch lite 37|manufactured_by|neotech,2,"[0.98, 0.91]",True,0,0.9158625,0.9158625,0.88,True,0.9158625,False,False,"[""product_37"", ""product_37""]","[""structured"", ""unstructured""]","[""structured_row:NeoTech Smartwatch Lite 37"", ""NeoTech Smartwatch Lite 37 is manufactured by NeoTech. It is a smartwatch device. The display measures 14.0 inches. Offers 512GB of internal storage. Battery lasts up to 18 hours. Available in green. Targeted at the APAC market.""]",1,584,candidate
DEC029_NO_FEEDBACK,train_kb,conservative_noisy_or_conflict_adjusted,4,NeoTech Smartwatch Lite 37,belongs_to_category,smartwatch,neotech smartwatch lite 37|belongs_to_category|smartwatch,1,[0.98],True,0,0.735,0.735,0.88,False,0.735,False,False,"[""product_37""]","[""structured""]","[""structured_row:NeoTech Smartwatch Lite 37""]",1,584,candidate
DEC029_NO_FEEDBACK,train_kb,conservative_noisy_or_conflict_adjusted,4,NeoTech Smartwatch Lite 37,has_price_usd,1299,neotech smartwatch lite 37|has_price_usd|1299,1,[0.98],True,0,0.735,0.735,0.88,False,0.735,False,False,"[""product_37""]","[""structured""]","[""structured_row:NeoTech Smartwatch Lite 37""]",0,584,candidate
DEC029_NO_FEEDBACK,train_kb,conservative_noisy_or_conflict_adjusted,4,NeoTech Smartwatch Lite 37,has_screen_size_inch,14.0,neotech smartwatch lite 37|has_screen_size_inch|14.0,2,"[0.98, 0.91]",True,0,0.9158625,0.9158625,0.88,True,0.9158625,False,False,"[""product_37"", ""product_37""]","[""structured"", ""unstructured""]","[""structured_row:NeoTech Smartwatch Lite 37"", ""NeoTech Smartwatch Lite 37 is manufactured by NeoTech. It is a smartwatch device. The display measures 14.0 inches. Offers 512GB of internal storage. Battery lasts up to 18 hours. Available in green. Targeted at the APAC market.""]",1,584,candidate
DEC029_NO_FEEDBACK,train_kb,conservative_noisy_or_conflict_adjusted,4,NeoTech Smartwatch Lite 37,has_ram_gb,6,neotech smartwatch lite 37|has_ram_gb|6,1,[0.98],True,0,0.735,0.735,0.88,False,0.735,False,False,"[""product_37""]","[""structured""]","[""structured_row:NeoTech Smartwatch Lite 37""]",0,584,candidate
DEC029_NO_FEEDBACK,train_kb,conservative_noisy_or_conflict_adjusted,4,NeoTech Smartwatch Lite 37,has_storage_gb,512,neotech smartwatch lite 37|has_storage_gb|512,2,"[0.98, 0.91]",True,0,0.9158625,0.9158625,0.88,True,0.9158625,False,False,"[""product_37"", ""product_37""]","[""structured"", ""unstructured""]","[""structured_row:NeoTech Smartwatch Lite 37"", ""NeoTech Smartwatch Lite 37 is manufactured by NeoTech. It is a smartwatch device. The display measures 14.0 inches. Offers 512GB of internal storage. Battery lasts up to 18 hours. Available in green. Targeted at the APAC market.""]",1,584,candidate
DEC029_NO_FEEDBACK,train_kb,conservative_noisy_or_conflict_adjusted,4,NeoTech Smartwatch Lite 37,has_battery_life_hours,18,neotech smartwatch lite 37|has_battery_life_hours|18,2,"[0.98, 0.91]",True,0,0.9158625,0.9158625,0.88,True,0.9158625,False,False,"[""product_37"", ""product_37""]","[""structured"", ""unstructured""]","[""structured_row:NeoTech Smartwatch Lite 37"", ""NeoTech Smartwatch Lite 37 is manufactured by NeoTech. It is a smartwatch device. The display measures 14.0 inches. Offers 512GB of internal storage. Battery lasts up to 18 hours. Available in green. Targeted at the APAC market.""]",1,584,candidate
DEC029_NO_FEEDBACK,train_kb,conservative_noisy_or_conflict_adjusted,4,NeoTech Smartwatch Lite 37,has_weight_kg,1.2,neotech smartwatch lite 37|has_weight_kg|1.2,1,[0.98],True,0,0.735,0.735,0.88,False,0.735,False,False,"[""product_37""]","[""structured""]","[""structured_row:NeoTech Smartwatch Lite 37""]",0,584,candidate
DEC029_NO_FEEDBACK,train_kb,conservative_noisy_or_conflict_adjusted,4,NeoTech Smartwatch Lite 37,has_color,green,neotech smartwatch lite 37|has_color|green,2,"[0.98, 0.91]",False,0,0.9158625,0.9158625,0.88,True,0.9158625,False,False,"[""product_37"", ""product_37""]","[""structured"", ""unstructured""]","[""structured_row:NeoTech Smartwatch Lite 37"", ""NeoTech Smartwatch Lite 37 is manufactured by NeoTech. It is a smartwatch device. The display measures 14.0 inches. Offers 512GB of internal storage. Battery lasts up to 18 hours. Available in green. Targeted at the APAC market.""]",1,584,candidate
DEC029_NO_FEEDBACK,train_kb,conservative_noisy_or_conflict_adjusted,4,NeoTech Smartwatch Lite 37,made_of_material,plastic,neotech smartwatch lite 37|made_of_material|plastic,1,[0.98],True,0,0.735,0.735,0.88,False,0.735,False,False,"[""product_37""]","[""structured""]","[""structured_row:NeoTech Smartwatch Lite 37""]",0,584,candidate
DEC029_NO_FEEDBACK,train_kb,conservative_noisy_or_conflict_adjusted,4,NeoTech Smartwatch Lite 37,target_market_region,APAC,neotech smartwatch lite 37|target_market_region|apac,2,"[0.98, 0.91]",True,0,0.9158625,0.9158625,0.88,True,0.9158625,False,False,"[""product_37"", ""product_37""]","[""structured"", ""unstructured""]","[""structured_row:NeoTech Smartwatch Lite 37"", ""NeoTech Smartwatch Lite 37 is manufactured by NeoTech. It is a smartwatch device. The display measures 14.0 inches. Offers 512GB of internal storage. Battery lasts up to 18 hours. Available in green. Targeted at the APAC market.""]",1,584,candidate
DEC029_NO_FEEDBACK,train_kb,conservative_noisy_or_conflict_adjusted,4,NeoTech Smartwatch Lite 37,supports_fast_charging,no,neotech smartwatch lite 37|supports_fast_charging|no,1,[0.98],True,0,0.735,0.735,0.88,False,0.735,False,False,"[""product_37""]","[""structured""]","[""structured_row:NeoTech Smartwatch Lite 37""]",0,584,candidate
DEC029_NO_FEEDBACK,train_kb,conservative_noisy_or_conflict_adjusted,4,NeoTech Smartwatch Lite 37,has_noise_cancellation,no,neotech smartwatch lite 37|has_noise_cancellation|no,1,[0.98],True,0,0.735,0.735,0.88,False,0.735,False,False,"[""product_37""]","[""structured""]","[""structured_row:NeoTech Smartwatch Lite 37""]",0,584,candidate
DEC029_NO_FEEDBACK,train_kb,conservative_noisy_or_conflict_adjusted,4,PixelWare Smartwatch Lite 39,manufactured_by,PixelWare,pixelware smartwatch lite 39|manufactured_by|pixelware,3,"[0.98, 0.95, 0.91]",True,0,0.97581046875,0.97581046875,0.88,True,0.9238124999999999,False,False,"[""product_39"", ""product_39"", ""product_39""]","[""structured"", ""unstructured"", ""unstructured""]","[""structured_row:PixelWare Smartwatch Lite 39"", ""PixelWare Smartwatch Lite 39 is manufactured by PixelWare. It is a smartwatch device. Priced at 699 USD. Comes with 6GB of RAM. Offers 256GB of internal storage. Battery lasts up to 8 hours. Available in black."", ""PixelWare Smartwatch Lite 39 is manufactured by PixelWare. It is a smartwatch device. Priced at 699 USD. Comes with 6GB of RAM. Offers 256GB of internal storage. Battery lasts up to 8 hours. Available in black.""]",1,584,candidate
DEC029_NO_FEEDBACK,train_kb,conservative_noisy_or_conflict_adjusted,4,PixelWare Smartwatch Lite 39,belongs_to_category,smartwatch,pixelware smartwatch lite 39|belongs_to_category|smartwatch,1,[0.98],True,0,0.735,0.735,0.88,False,0.735,False,False,"[""product_39""]","[""structured""]","[""structured_row:PixelWare Smartwatch Lite 39""]",1,584,candidate
DEC029_NO_FEEDBACK,train_kb,conservative_noisy_or_conflict_adjusted,4,PixelWare Smartwatch Lite 39,has_price_usd,699,pixelware smartwatch lite 39|has_price_usd|699,3,"[0.98, 0.92, 0.91]",True,0,0.973917375,0.973917375,0.88,True,0.91785,False,False,"[""product_39"", ""product_39"", ""product_39""]","[""structured"", ""unstructured"", ""unstructured""]","[""structured_row:PixelWare Smartwatch Lite 39"", ""PixelWare Smartwatch Lite 39 is manufactured by PixelWare. It is a smartwatch device. Priced at 699 USD. Comes with 6GB of RAM. Offers 256GB of internal storage. Battery lasts up to 8 hours. Available in black."", ""PixelWare Smartwatch Lite 39 is manufactured by PixelWare. It is a smartwatch device. Priced at 699 USD. Comes with 6GB of RAM. Offers 256GB of internal storage. Battery lasts up to 8 hours. Available in black.""]",1,584,candidate
DEC029_NO_FEEDBACK,train_kb,conservative_noisy_or_conflict_adjusted,4,PixelWare Smartwatch Lite 39,has_screen_size_inch,13.3,pixelware smartwatch lite 39|has_screen_size_inch|13.3,1,[0.98],True,0,0.735,0.735,0.88,False,0.735,False,False,"[""product_39""]","[""structured""]","[""structured_row:PixelWare Smartwatch Lite 39""]",0,584,candidate
DEC029_NO_FEEDBACK,train_kb,conservative_noisy_or_conflict_adjusted,4,PixelWare Smartwatch Lite 39,has_ram_gb,6,pixelware smartwatch lite 39|has_ram_gb|6,3,"[0.98, 0.9, 0.91]",True,0,0.9726553125,0.9726553125,0.88,True,0.913875,False,False,"[""product_39"", ""product_39"", ""product_39""]","[""structured"", ""unstructured"", ""unstructured""]","[""structured_row:PixelWare Smartwatch Lite 39"", ""PixelWare Smartwatch Lite 39 is manufactured by PixelWare. It is a smartwatch device. Priced at 699 USD. Comes with 6GB of RAM. Offers 256GB of internal storage. Battery lasts up to 8 hours. Available in black."", ""PixelWare Smartwatch Lite 39 is manufactured by PixelWare. It is a smartwatch device. Priced at 699 USD. Comes with 6GB of RAM. Offers 256GB of internal storage. Battery lasts up to 8 hours. Available in black.""]",1,584,candidate
DEC029_NO_FEEDBACK,train_kb,conservative_noisy_or_conflict_adjusted,4,PixelWare Smartwatch Lite 39,has_storage_gb,256,pixelware smartwatch lite 39|has_storage_gb|256,3,"[0.98, 0.91, 0.91]",True,0,0.97328634375,0.97328634375,0.88,True,0.9158625,False,False,"[""product_39"", ""product_39"", ""product_39""]","[""structured"", ""unstructured"", ""unstructured""]","[""structured_row:PixelWare Smartwatch Lite 39"", ""PixelWare Smartwatch Lite 39 is manufactured by PixelWare. It is a smartwatch device. Priced at 699 USD. Comes with 6GB of RAM. Offers 256GB of internal storage. Battery lasts up to 8 hours. Available in black."", ""PixelWare Smartwatch Lite 39 is manufactured by PixelWare. It is a smartwatch device. Priced at 699 USD. Comes with 6GB of RAM. Offers 256GB of internal storage. Battery lasts up to 8 hours. Available in black.""]",1,584,candidate
DEC029_NO_FEEDBACK,train_kb,conservative_noisy_or_conflict_adjusted,4,PixelWare Smartwatch Lite 39,has_battery_life_hours,8,pixelware smartwatch lite 39|has_battery_life_hours|8,3,"[0.98, 0.9, 0.91]",True,0,0.9726553125,0.9726553125,0.88,True,0.913875,False,False,"[""product_39"", ""product_39"", ""product_39""]","[""structured"", ""unstructured"", ""unstructured""]","[""structured_row:PixelWare Smartwatch Lite 39"", ""PixelWare Smartwatch Lite 39 is manufactured by PixelWare. It is a smartwatch device. Priced at 699 USD. Comes with 6GB of RAM. Offers 256GB of internal storage. Battery lasts up to 8 hours. Available in black."", ""PixelWare Smartwatch Lite 39 is manufactured by PixelWare. It is a smartwatch device. Priced at 699 USD. Comes with 6GB of RAM. Offers 256GB of internal storage. Battery lasts up to 8 hours. Available in black.""]",1,584,candidate
DEC029_NO_FEEDBACK,train_kb,conservative_noisy_or_conflict_adjusted,4,PixelWare Smartwatch Lite 39,has_weight_kg,0.55,pixelware smartwatch lite 39|has_weight_kg|0.55,1,[0.98],True,0,0.735,0.735,0.88,False,0.735,False,False,"[""product_39""]","[""structured""]","[""structured_row:PixelWare Smartwatch Lite 39""]",0,584,candidate
DEC029_NO_FEEDBACK,train_kb,conservative_noisy_or_conflict_adjusted,4,PixelWare Smartwatch Lite 39,has_color,black,pixelware smartwatch lite 39|has_color|black,3,"[0.98, 0.88, 0.91]",False,0,0.97139325,0.97139325,0.88,True,0.9099,False,False,"[""product_39"", ""product_39"", ""product_39""]","[""structured"", ""unstructured"", ""unstructured""]","[""structured_row:PixelWare Smartwatch Lite 39"", ""PixelWare Smartwatch Lite 39 is manufactured by PixelWare. It is a smartwatch device. Priced at 699 USD. Comes with 6GB of RAM. Offers 256GB of internal storage. Battery lasts up to 8 hours. Available in black."", ""PixelWare Smartwatch Lite 39 is manufactured by PixelWare. It is a smartwatch device. Priced at 699 USD. Comes with 6GB of RAM. Offers 256GB of internal storage. Battery lasts up to 8 hours. Available in black.""]",1,584,candidate
DEC029_NO_FEEDBACK,train_kb,conservative_noisy_or_conflict_adjusted,4,PixelWare Smartwatch Lite 39,made_of_material,plastic,pixelware smartwatch lite 39|made_of_material|plastic,1,[0.98],True,0,0.735,0.735,0.88,False,0.735,False,False,"[""product_39""]","[""structured""]","[""structured_row:PixelWare Smartwatch Lite 39""]",0,584,candidate
DEC029_NO_FEEDBACK,train_kb,conservative_noisy_or_conflict_adjusted,4,PixelWare Smartwatch Lite 39,target_market_region,US,pixelware smartwatch lite 39|target_market_region|us,1,[0.98],True,0,0.735,0.735,0.88,False,0.735,False,False,"[""product_39""]","[""structured""]","[""structured_row:PixelWare Smartwatch Lite 39""]",0,584,candidate
DEC029_NO_FEEDBACK,train_kb,conservative_noisy_or_conflict_adjusted,4,PixelWare Smartwatch Lite 39,supports_fast_charging,yes,pixelware smartwatch lite 39|supports_fast_charging|yes,1,[0.98],True,0,0.735,0.735,0.88,False,0.735,False,False,"[""product_39""]","[""structured""]","[""structured_row:PixelWare Smartwatch Lite 39""]",0,584,candidate
DEC029_NO_FEEDBACK,train_kb,conservative_noisy_or_conflict_adjusted,4,PixelWare Smartwatch Lite 39,has_noise_cancellation,no,pixelware smartwatch lite 39|has_noise_cancellation|no,1,[0.98],True,0,0.735,0.735,0.88,False,0.735,False,False,"[""product_39""]","[""structured""]","[""structured_row:PixelWare Smartwatch Lite 39""]",0,584,candidate
DEC029_NO_FEEDBACK,train_kb,conservative_noisy_or_conflict_adjusted,4,TechNova Smartphone Air 40,manufactured_by,TechNova,technova smartphone air 40|manufactured_by|technova,3,"[0.98, 0.91, 0.91]",True,0,0.97328634375,0.97328634375,0.88,True,0.9158625,False,False,"[""product_40"", ""product_40"", ""product_40""]","[""structured"", ""unstructured"", ""unstructured""]","[""structured_row:TechNova Smartphone Air 40"", ""TechNova Smartphone Air 40 is manufactured by TechNova. It is a smartphone device. Priced at 199 USD. The display measures 13.3 inches. Weighs approximately 1.2kg. Targeted at the Global market. Noise cancellation: no."", ""TechNova Smartphone Air 40 is manufactured by TechNova. It is a smartphone device. Priced at 199 USD. The display measures 13.3 inches. Weighs approximately 1.2kg. Targeted at the Global market. Noise cancellation: no.""]",1,584,candidate
DEC029_NO_FEEDBACK,train_kb,conservative_noisy_or_conflict_adjusted,4,TechNova Smartphone Air 40,belongs_to_category,smartphone,technova smartphone air 40|belongs_to_category|smartphone,1,[0.98],True,0,0.735,0.735,0.88,False,0.735,False,False,"[""product_40""]","[""structured""]","[""structured_row:TechNova Smartphone Air 40""]",1,584,candidate
DEC029_NO_FEEDBACK,train_kb,conservative_noisy_or_conflict_adjusted,4,TechNova Smartphone Air 40,has_price_usd,199,technova smartphone air 40|has_price_usd|199,3,"[0.98, 0.91, 0.91]",True,0,0.97328634375,0.97328634375,0.88,True,0.9158625,False,False,"[""product_40"", ""product_40"", ""product_40""]","[""structured"", ""unstructured"", ""unstructured""]","[""structured_row:TechNova Smartphone Air 40"", ""TechNova Smartphone Air 40 is manufactured by TechNova. It is a smartphone device. Priced at 199 USD. The display measures 13.3 inches. Weighs approximately 1.2kg. Targeted at the Global market. Noise cancellation: no."", ""TechNova Smartphone Air 40 is manufactured by TechNova. It is a smartphone device. Priced at 199 USD. The display measures 13.3 inches. Weighs approximately 1.2kg. Targeted at the Global market. Noise cancellation: no.""]",1,584,candidate
DEC029_NO_FEEDBACK,train_kb,conservative_noisy_or_conflict_adjusted,4,TechNova Smartphone Air 40,has_screen_size_inch,13.3,technova smartphone air 40|has_screen_size_inch|13.3,3,"[0.98, 0.91, 0.91]",True,0,0.97328634375,0.97328634375,0.88,True,0.9158625,False,False,"[""product_40"", ""product_40"", ""product_40""]","[""structured"", ""unstructured"", ""unstructured""]","[""structured_row:TechNova Smartphone Air 40"", ""TechNova Smartphone Air 40 is manufactured by TechNova. It is a smartphone device. Priced at 199 USD. The display measures 13.3 inches. Weighs approximately 1.2kg. Targeted at the Global market. Noise cancellation: no."", ""TechNova Smartphone Air 40 is manufactured by TechNova. It is a smartphone device. Priced at 199 USD. The display measures 13.3 inches. Weighs approximately 1.2kg. Targeted at the Global market. Noise cancellation: no.""]",1,584,candidate
DEC029_NO_FEEDBACK,train_kb,conservative_noisy_or_conflict_adjusted,4,TechNova Smartphone Air 40,has_ram_gb,32,technova smartphone air 40|has_ram_gb|32,1,[0.98],True,0,0.735,0.735,0.88,False,0.735,False,False,"[""product_40""]","[""structured""]","[""structured_row:TechNova Smartphone Air 40""]",0,584,candidate
DEC029_NO_FEEDBACK,train_kb,conservative_noisy_or_conflict_adjusted,4,TechNova Smartphone Air 40,has_storage_gb,64,technova smartphone air 40|has_storage_gb|64,1,[0.98],True,0,0.735,0.735,0.88,False,0.735,False,False,"[""product_40""]","[""structured""]","[""structured_row:TechNova Smartphone Air 40""]",0,584,candidate
DEC029_NO_FEEDBACK,train_kb,conservative_noisy_or_conflict_adjusted,4,TechNova Smartphone Air 40,has_battery_life_hours,8,technova smartphone air 40|has_battery_life_hours|8,1,[0.98],True,0,0.735,0.735,0.88,False,0.735,False,False,"[""product_40""]","[""structured""]","[""structured_row:TechNova Smartphone Air 40""]",0,584,candidate
DEC029_NO_FEEDBACK,train_kb,conservative_noisy_or_conflict_adjusted,4,TechNova Smartphone Air 40,has_weight_kg,1.2,technova smartphone air 40|has_weight_kg|1.2,3,"[0.98, 0.91, 0.91]",True,0,0.97328634375,0.97328634375,0.88,True,0.9158625,False,False,"[""product_40"", ""product_40"", ""product_40""]","[""structured"", ""unstructured"", ""unstructured""]","[""structured_row:TechNova Smartphone Air 40"", ""TechNova Smartphone Air 40 is manufactured by TechNova. It is a smartphone device. Priced at 199 USD. The display measures 13.3 inches. Weighs approximately 1.2kg. Targeted at the Global market. Noise cancellation: no."", ""TechNova Smartphone Air 40 is manufactured by TechNova. It is a smartphone device. Priced at 199 USD. The display measures 13.3 inches. Weighs approximately 1.2kg. Targeted at the Global market. Noise cancellation: no.""]",1,584,candidate
DEC029_NO_FEEDBACK,train_kb,conservative_noisy_or_conflict_adjusted,4,TechNova Smartphone Air 40,has_color,black,technova smartphone air 40|has_color|black,1,[0.98],False,0,0.735,0.735,0.88,False,0.735,False,False,"[""product_40""]","[""structured""]","[""structured_row:TechNova Smartphone Air 40""]",0,584,candidate
DEC029_NO_FEEDBACK,train_kb,conservative_noisy_or_conflict_adjusted,4,TechNova Smartphone Air 40,made_of_material,carbon fiber,technova smartphone air 40|made_of_material|carbon fiber,1,[0.98],True,0,0.735,0.735,0.88,False,0.735,False,False,"[""product_40""]","[""structured""]","[""structured_row:TechNova Smartphone Air 40""]",0,584,candidate
DEC029_NO_FEEDBACK,train_kb,conservative_noisy_or_conflict_adjusted,4,TechNova Smartphone Air 40,target_market_region,Global,technova smartphone air 40|target_market_region|global,3,"[0.98, 0.91, 0.91]",True,0,0.97328634375,0.97328634375,0.88,True,0.9158625,False,False,"[""product_40"", ""product_40"", ""product_40""]","[""structured"", ""unstructured"", ""unstructured""]","[""structured_row:TechNova Smartphone Air 40"", ""TechNova Smartphone Air 40 is manufactured by TechNova. It is a smartphone device. Priced at 199 USD. The display measures 13.3 inches. Weighs approximately 1.2kg. Targeted at the Global market. Noise cancellation: no."", ""TechNova Smartphone Air 40 is manufactured by TechNova. It is a smartphone device. Priced at 199 USD. The display measures 13.3 inches. Weighs approximately 1.2kg. Targeted at the Global market. Noise cancellation: no.""]",1,584,candidate
DEC029_NO_FEEDBACK,train_kb,conservative_noisy_or_conflict_adjusted,4,TechNova Smartphone Air 40,supports_fast_charging,yes,technova smartphone air 40|supports_fast_charging|yes,1,[0.98],True,0,0.735,0.735,0.88,False,0.735,False,False,"[""product_40""]","[""structured""]","[""structured_row:TechNova Smartphone Air 40""]",0,584,candidate
DEC029_NO_FEEDBACK,train_kb,conservative_noisy_or_conflict_adjusted,4,TechNova Smartphone Air 40,has_noise_cancellation,no,technova smartphone air 40|has_noise_cancellation|no,3,"[0.98, 0.91, 0.91]",True,0,0.97328634375,0.97328634375,0.88,True,0.9158625,False,False,"[""product_40"", ""product_40"", ""product_40""]","[""structured"", ""unstructured"", ""unstructured""]","[""structured_row:TechNova Smartphone Air 40"", ""TechNova Smartphone Air 40 is manufactured by TechNova. It is a smartphone device. Priced at 199 USD. The display measures 13.3 inches. Weighs approximately 1.2kg. Targeted at the Global market. Noise cancellation: no."", ""TechNova Smartphone Air 40 is manufactured by TechNova. It is a smartphone device. Priced at 199 USD. The display measures 13.3 inches. Weighs approximately 1.2kg. Targeted at the Global market. Noise cancellation: no.""]",1,584,candidate
DEC029_NO_FEEDBACK,train_kb,conservative_noisy_or_conflict_adjusted,4,Zenbyte Headphones Max 41,manufactured_by,Zenbyte,zenbyte headphones max 41|manufactured_by|zenbyte,1,[0.98],True,0,0.735,0.735,0.88,False,0.735,False,False,"[""product_41""]","[""structured""]","[""structured_row:Zenbyte Headphones Max 41""]",0,584,candidate
DEC029_NO_FEEDBACK,train_kb,conservative_noisy_or_conflict_adjusted,4,Zenbyte Headphones Max 41,belongs_to_category,headphones,zenbyte headphones max 41|belongs_to_category|headphones,1,[0.98],True,0,0.735,0.735,0.88,False,0.735,False,False,"[""product_41""]","[""structured""]","[""structured_row:Zenbyte Headphones Max 41""]",0,584,candidate
DEC029_NO_FEEDBACK,train_kb,conservative_noisy_or_conflict_adjusted,4,Zenbyte Headphones Max 41,has_price_usd,249,zenbyte headphones max 41|has_price_usd|249,1,[0.98],True,0,0.735,0.735,0.88,False,0.735,False,False,"[""product_41""]","[""structured""]","[""structured_row:Zenbyte Headphones Max 41""]",1,584,candidate
DEC029_NO_FEEDBACK,train_kb,conservative_noisy_or_conflict_adjusted,4,Zenbyte Headphones Max 41,has_screen_size_inch,6.7,zenbyte headphones max 41|has_screen_size_inch|6.7,1,[0.98],True,0,0.735,0.735,0.88,False,0.735,False,False,"[""product_41""]","[""structured""]","[""structured_row:Zenbyte Headphones Max 41""]",1,584,candidate
DEC029_NO_FEEDBACK,train_kb,conservative_noisy_or_conflict_adjusted,4,Zenbyte Headphones Max 41,has_ram_gb,12,zenbyte headphones max 41|has_ram_gb|12,1,[0.98],True,0,0.735,0.735,0.88,False,0.735,False,False,"[""product_41""]","[""structured""]","[""structured_row:Zenbyte Headphones Max 41""]",1,584,candidate
DEC029_NO_FEEDBACK,train_kb,conservative_noisy_or_conflict_adjusted,4,Zenbyte Headphones Max 41,has_storage_gb,128,zenbyte headphones max 41|has_storage_gb|128,1,[0.98],True,0,0.735,0.735,0.88,False,0.735,False,False,"[""product_41""]","[""structured""]","[""structured_row:Zenbyte Headphones Max 41""]",0,584,candidate
DEC029_NO_FEEDBACK,train_kb,conservative_noisy_or_conflict_adjusted,4,Zenbyte Headphones Max 41,has_battery_life_hours,10,zenbyte headphones max 41|has_battery_life_hours|10,1,[0.98],True,0,0.735,0.735,0.88,False,0.735,False,False,"[""product_41""]","[""structured""]","[""structured_row:Zenbyte Headphones Max 41""]",0,584,candidate
DEC029_NO_FEEDBACK,train_kb,conservative_noisy_or_conflict_adjusted,4,Zenbyte Headphones Max 41,has_weight_kg,0.18,zenbyte headphones max 41|has_weight_kg|0.18,1,[0.98],True,0,0.735,0.735,0.88,False,0.735,False,False,"[""product_41""]","[""structured""]","[""structured_row:Zenbyte Headphones Max 41""]",1,584,candidate
DEC029_NO_FEEDBACK,train_kb,conservative_noisy_or_conflict_adjusted,4,Zenbyte Headphones Max 41,has_color,black,zenbyte headphones max 41|has_color|black,1,[0.98],False,0,0.735,0.735,0.88,False,0.735,False,False,"[""product_41""]","[""structured""]","[""structured_row:Zenbyte Headphones Max 41""]",0,584,candidate
DEC029_NO_FEEDBACK,train_kb,conservative_noisy_or_conflict_adjusted,4,Zenbyte Headphones Max 41,made_of_material,carbon fiber,zenbyte headphones max 41|made_of_material|carbon fiber,1,[0.98],True,0,0.735,0.735,0.88,False,0.735,False,False,"[""product_41""]","[""structured""]","[""structured_row:Zenbyte Headphones Max 41""]",1,584,candidate
DEC029_NO_FEEDBACK,train_kb,conservative_noisy_or_conflict_adjusted,4,Zenbyte Headphones Max 41,target_market_region,US,zenbyte headphones max 41|target_market_region|us,1,[0.98],True,0,0.735,0.735,0.88,False,0.735,False,False,"[""product_41""]","[""structured""]","[""structured_row:Zenbyte Headphones Max 41""]",0,584,candidate
DEC029_NO_FEEDBACK,train_kb,conservative_noisy_or_conflict_adjusted,4,Zenbyte Headphones Max 41,supports_fast_charging,no,zenbyte headphones max 41|supports_fast_charging|no,1,[0.98],True,0,0.735,0.735,0.88,False,0.735,False,False,"[""product_41""]","[""structured""]","[""structured_row:Zenbyte Headphones Max 41""]",1,584,candidate
DEC029_NO_FEEDBACK,train_kb,conservative_noisy_or_conflict_adjusted,4,Zenbyte Headphones Max 41,has_noise_cancellation,yes,zenbyte headphones max 41|has_noise_cancellation|yes,1,[0.98],True,0,0.735,0.735,0.88,False,0.735,False,False,"[""product_41""]","[""structured""]","[""structured_row:Zenbyte Headphones Max 41""]",1,584,candidate
DEC029_NO_FEEDBACK,train_kb,conservative_noisy_or_conflict_adjusted,4,TechNova Smartphone Pro 1,has_price_usd,249,technova smartphone pro 1|has_price_usd|249,4,"[0.85, 0.91, 0.91, 0.91]",True,2,0.9883978306640625,0.3294659435546875,0.88,False,0.32115257812500003,False,False,"[""product_41"", ""product_41"", ""product_41"", ""product_41""]","[""unstructured"", ""unstructured"", ""unstructured"", ""unstructured""]","[""Priced at 249 USD. The display measures 6.7 inches. Comes with 12GB of RAM. Weighs approximately 0.18kg. Built with carbon fiber construction. Fast charging is no. Noise cancellation: yes."", ""Priced at 249 USD. The display measures 6.7 inches. Comes with 12GB of RAM. Weighs approximately 0.18kg. Built with carbon fiber construction. Fast charging is no. Noise cancellation: yes."", ""Priced at 249 USD. The display measures 6.7 inches. Comes with 12GB of RAM. Weighs approximately 0.18kg. Built with carbon fiber construction. Fast charging is no. Noise cancellation: yes."", ""Priced at 249 USD. The display measures 6.7 inches. Comes with 12GB of RAM. Weighs approximately 0.18kg. Built with carbon fiber construction. Fast charging is no. Noise cancellation: yes.""]",0,584,candidate
DEC029_NO_FEEDBACK,train_kb,conservative_noisy_or_conflict_adjusted,4,TechNova Smartphone Pro 1,has_screen_size_inch,6.7,technova smartphone pro 1|has_screen_size_inch|6.7,5,"[0.92, 0.91, 0.8, 0.91, 0.91]",True,1,0.9960312579375,0.49801562896875,0.88,False,0.4937500125,False,False,"[""product_41"", ""product_41"", ""product_23"", ""product_41"", ""product_41""]","[""unstructured"", ""unstructured"", ""unstructured"", ""unstructured"", ""unstructured""]","[""Priced at 249 USD. The display measures 6.7 inches. Comes with 12GB of RAM. Weighs approximately 0.18kg. Built with carbon fiber construction. Fast charging is no. Noise cancellation: yes."", ""Priced at 249 USD. The display measures 6.7 inches. Comes with 12GB of RAM. Weighs approximately 0.18kg. Built with carbon fiber construction. Fast charging is no. Noise cancellation: yes."", ""It is a headphones device. The display measures 6.7 inches. Comes with 6GB of RAM. Weighs approximately 1.2kg. Available in green. Targeted at the APAC market. Fast charging is yes."", ""Priced at 249 USD. The display measures 6.7 inches. Comes with 12GB of RAM. Weighs approximately 0.18kg. Built with carbon fiber construction. Fast charging is no. Noise cancellation: yes."", ""Priced at 249 USD. The display measures 6.7 inches. Comes with 12GB of RAM. Weighs approximately 0.18kg. Built with carbon fiber construction. Fast charging is no. Noise cancellation: yes.""]",0,584,candidate
DEC029_NO_FEEDBACK,train_kb,conservative_noisy_or_conflict_adjusted,4,TechNova Smartphone Pro 1,has_ram_gb,12,technova smartphone pro 1|has_ram_gb|12,4,"[0.88, 0.91, 0.91, 0.91]",True,2,0.9891179653125,0.3297059884375,0.88,False,0.321908625,False,False,"[""product_41"", ""product_41"", ""product_41"", ""product_41""]","[""unstructured"", ""unstructured"", ""unstructured"", ""unstructured""]","[""Priced at 249 USD. The display measures 6.7 inches. Comes with 12GB of RAM. Weighs approximately 0.18kg. Built with carbon fiber construction. Fast charging is no. Noise cancellation: yes."", ""Priced at 249 USD. The display measures 6.7 inches. Comes with 12GB of RAM. Weighs approximately 0.18kg. Built with carbon fiber construction. Fast charging is no. Noise cancellation: yes."", ""Priced at 249 USD. The display measures 6.7 inches. Comes with 12GB of RAM. Weighs approximately 0.18kg. Built with carbon fiber construction. Fast charging is no. Noise cancellation: yes."", ""Priced at 249 USD. The display measures 6.7 inches. Comes with 12GB of RAM. Weighs approximately 0.18kg. Built with carbon fiber construction. Fast charging is no. Noise cancellation: yes.""]",0,584,candidate
DEC029_NO_FEEDBACK,train_kb,conservative_noisy_or_conflict_adjusted,4,TechNova Smartphone Pro 1,has_weight_kg,0.18,technova smartphone pro 1|has_weight_kg|0.18,4,"[0.89, 0.91, 0.91, 0.91]",True,3,0.9893580101953126,0.24733950254882814,0.88,False,0.24162048046875,False,False,"[""product_41"", ""product_41"", ""product_41"", ""product_41""]","[""unstructured"", ""unstructured"", ""unstructured"", ""unstructured""]","[""Priced at 249 USD. The display measures 6.7 inches. Comes with 12GB of RAM. Weighs approximately 0.18kg. Built with carbon fiber construction. Fast charging is no. Noise cancellation: yes."", ""Priced at 249 USD. The display measures 6.7 inches. Comes with 12GB of RAM. Weighs approximately 0.18kg. Built with carbon fiber construction. Fast charging is no. Noise cancellation: yes."", ""Priced at 249 USD. The display measures 6.7 inches. Comes with 12GB of RAM. Weighs approximately 0.18kg. Built with carbon fiber construction. Fast charging is no. Noise cancellation: yes."", ""Priced at 249 USD. The display measures 6.7 inches. Comes with 12GB of RAM. Weighs approximately 0.18kg. Built with carbon fiber construction. Fast charging is no. Noise cancellation: yes.""]",0,584,candidate
DEC029_NO_FEEDBACK,train_kb,conservative_noisy_or_conflict_adjusted,4,TechNova Smartphone Pro 1,made_of_material,carbon fiber,technova smartphone pro 1|made_of_material|carbon fiber,3,"[0.9, 0.91, 0.91]",True,2,0.96723796875,0.32241265625,0.88,False,0.32241265625,False,False,"[""product_41"", ""product_41"", ""product_48""]","[""unstructured"", ""unstructured"", ""unstructured""]","[""Priced at 249 USD. The display measures 6.7 inches. Comes with 12GB of RAM. Weighs approximately 0.18kg. Built with carbon fiber construction. Fast charging is no. Noise cancellation: yes."", ""Priced at 249 USD. The display measures 6.7 inches. Comes with 12GB of RAM. Weighs approximately 0.18kg. Built with carbon fiber construction. Fast charging is no. Noise cancellation: yes."", ""It is a laptop device. Priced at 899 USD. Offers 64GB of internal storage. Weighs approximately 0.55kg. Available in silver. Built with carbon fiber construction. Targeted at the US market.""]",0,584,candidate
DEC029_NO_FEEDBACK,train_kb,conservative_noisy_or_conflict_adjusted,4,TechNova Smartphone Pro 1,supports_fast_charging,no,technova smartphone pro 1|supports_fast_charging|no,4,"[0.91, 0.91, 0.91, 0.91]",True,1,0.9898380999609375,0.49491904998046876,0.88,False,0.4839970078125,False,False,"[""product_41"", ""product_41"", ""product_41"", ""product_41""]","[""unstructured"", ""unstructured"", ""unstructured"", ""unstructured""]","[""Priced at 249 USD. The display measures 6.7 inches. Comes with 12GB of RAM. Weighs approximately 0.18kg. Built with carbon fiber construction. Fast charging is no. Noise cancellation: yes."", ""Priced at 249 USD. The display measures 6.7 inches. Comes with 12GB of RAM. Weighs approximately 0.18kg. Built with carbon fiber construction. Fast charging is no. Noise cancellation: yes."", ""Priced at 249 USD. The display measures 6.7 inches. Comes with 12GB of RAM. Weighs approximately 0.18kg. Built with carbon fiber construction. Fast charging is no. Noise cancellation: yes."", ""Priced at 249 USD. The display measures 6.7 inches. Comes with 12GB of RAM. Weighs approximately 0.18kg. Built with carbon fiber construction. Fast charging is no. Noise cancellation: yes.""]",0,584,candidate
DEC029_NO_FEEDBACK,train_kb,conservative_noisy_or_conflict_adjusted,4,TechNova Smartphone Pro 1,has_noise_cancellation,yes,technova smartphone pro 1|has_noise_cancellation|yes,4,"[0.94, 0.91, 0.91, 0.91]",True,1,0.990558234609375,0.4952791173046875,0.88,False,0.485131078125,False,False,"[""product_41"", ""product_41"", ""product_41"", ""product_41""]","[""unstructured"", ""unstructured"", ""unstructured"", ""unstructured""]","[""Priced at 249 USD. The display measures 6.7 inches. Comes with 12GB of RAM. Weighs approximately 0.18kg. Built with carbon fiber construction. Fast charging is no. Noise cancellation: yes."", ""Priced at 249 USD. The display measures 6.7 inches. Comes with 12GB of RAM. Weighs approximately 0.18kg. Built with carbon fiber construction. Fast charging is no. Noise cancellation: yes."", ""Priced at 249 USD. The display measures 6.7 inches. Comes with 12GB of RAM. Weighs approximately 0.18kg. Built with carbon fiber construction. Fast charging is no. Noise cancellation: yes."", ""Priced at 249 USD. The display measures 6.7 inches. Comes with 12GB of RAM. Weighs approximately 0.18kg. Built with carbon fiber construction. Fast charging is no. Noise cancellation: yes.""]",0,584,candidate
DEC029_NO_FEEDBACK,train_kb,conservative_noisy_or_conflict_adjusted,4,VoltEdge Smartphone Air 43,manufactured_by,VoltEdge,voltedge smartphone air 43|manufactured_by|voltedge,5,"[0.98, 0.85, 0.9, 0.98, 0.9]",True,0,0.9973111505859376,0.9973111505859376,0.88,True,0.9917266171875,False,False,"[""product_43"", ""product_43"", ""product_43"", ""product_43"", ""product_43""]","[""structured"", ""unstructured"", ""unstructured"", ""unstructured"", ""unstructured""]","[""structured_row:VoltEdge Smartphone Air 43"", ""VoltEdge Smartphone Air 43 is manufactured by VoltEdge. Battery lasts up to 18 hours. Weighs approximately 0.55kg. Available in silver. Built with aluminum construction. Targeted at the EU market. Noise cancellation: no."", ""VoltEdge Smartphone Air 43 is manufactured by VoltEdge. Battery lasts up to 18 hours. Weighs approximately 0.55kg. Available in silver. Built with aluminum construction. Targeted at the EU market. Noise cancellation: no."", ""VoltEdge Smartphone Air 43 is manufactured by VoltEdge. Battery lasts up to 18 hours. Weighs approximately 0.55kg. Available in silver. Built with aluminum construction. Targeted at the EU market. Noise cancellation: no."", ""VoltEdge Smartphone Air 43 is manufactured by VoltEdge. Battery lasts up to 18 hours. Weighs approximately 0.55kg. Available in silver. Built with aluminum construction. Targeted at the EU market. Noise cancellation: no.""]",1,584,candidate
DEC029_NO_FEEDBACK,train_kb,conservative_noisy_or_conflict_adjusted,4,VoltEdge Smartphone Air 43,belongs_to_category,smartphone,voltedge smartphone air 43|belongs_to_category|smartphone,1,[0.98],True,0,0.735,0.735,0.88,False,0.735,False,False,"[""product_43""]","[""structured""]","[""structured_row:VoltEdge Smartphone Air 43""]",0,584,candidate
DEC029_NO_FEEDBACK,train_kb,conservative_noisy_or_conflict_adjusted,4,VoltEdge Smartphone Air 43,has_price_usd,1099,voltedge smartphone air 43|has_price_usd|1099,1,[0.98],True,0,0.735,0.735,0.88,False,0.735,False,False,"[""product_43""]","[""structured""]","[""structured_row:VoltEdge Smartphone Air 43""]",0,584,candidate
DEC029_NO_FEEDBACK,train_kb,conservative_noisy_or_conflict_adjusted,4,VoltEdge Smartphone Air 43,has_screen_size_inch,10.9,voltedge smartphone air 43|has_screen_size_inch|10.9,1,[0.98],True,0,0.735,0.735,0.88,False,0.735,False,False,"[""product_43""]","[""structured""]","[""structured_row:VoltEdge Smartphone Air 43""]",0,584,candidate
DEC029_NO_FEEDBACK,train_kb,conservative_noisy_or_conflict_adjusted,4,VoltEdge Smartphone Air 43,has_ram_gb,16,voltedge smartphone air 43|has_ram_gb|16,1,[0.98],True,0,0.735,0.735,0.88,False,0.735,False,False,"[""product_43""]","[""structured""]","[""structured_row:VoltEdge Smartphone Air 43""]",0,584,candidate
DEC029_NO_FEEDBACK,train_kb,conservative_noisy_or_conflict_adjusted,4,VoltEdge Smartphone Air 43,has_storage_gb,256,voltedge smartphone air 43|has_storage_gb|256,1,[0.98],True,0,0.735,0.735,0.88,False,0.735,False,False,"[""product_43""]","[""structured""]","[""structured_row:VoltEdge Smartphone Air 43""]",0,584,candidate
DEC029_NO_FEEDBACK,train_kb,conservative_noisy_or_conflict_adjusted,4,VoltEdge Smartphone Air 43,has_battery_life_hours,18,voltedge smartphone air 43|has_battery_life_hours|18,5,"[0.98, 0.92, 0.9, 0.98, 0.9]",True,0,0.99770057015625,0.99770057015625,0.88,True,0.99292483125,False,False,"[""product_43"", ""product_43"", ""product_43"", ""product_43"", ""product_43""]","[""structured"", ""unstructured"", ""unstructured"", ""unstructured"", ""unstructured""]","[""structured_row:VoltEdge Smartphone Air 43"", ""VoltEdge Smartphone Air 43 is manufactured by VoltEdge. Battery lasts up to 18 hours. Weighs approximately 0.55kg. Available in silver. Built with aluminum construction. Targeted at the EU market. Noise cancellation: no."", ""VoltEdge Smartphone Air 43 is manufactured by VoltEdge. Battery lasts up to 18 hours. Weighs approximately 0.55kg. Available in silver. Built with aluminum construction. Targeted at the EU market. Noise cancellation: no."", ""VoltEdge Smartphone Air 43 is manufactured by VoltEdge. Battery lasts up to 18 hours. Weighs approximately 0.55kg. Available in silver. Built with aluminum construction. Targeted at the EU market. Noise cancellation: no."", ""VoltEdge Smartphone Air 43 is manufactured by VoltEdge. Battery lasts up to 18 hours. Weighs approximately 0.55kg. Available in silver. Built with aluminum construction. Targeted at the EU market. Noise cancellation: no.""]",1,584,candidate
DEC029_NO_FEEDBACK,train_kb,conservative_noisy_or_conflict_adjusted,4,VoltEdge Smartphone Air 43,has_weight_kg,0.55,voltedge smartphone air 43|has_weight_kg|0.55,5,"[0.98, 0.88, 0.9, 0.98, 0.9]",True,0,0.9974780446875,0.9974780446875,0.88,True,0.9922401375,False,False,"[""product_43"", ""product_43"", ""product_43"", ""product_43"", ""product_43""]","[""structured"", ""unstructured"", ""unstructured"", ""unstructured"", ""unstructured""]","[""structured_row:VoltEdge Smartphone Air 43"", ""VoltEdge Smartphone Air 43 is manufactured by VoltEdge. Battery lasts up to 18 hours. Weighs approximately 0.55kg. Available in silver. Built with aluminum construction. Targeted at the EU market. Noise cancellation: no."", ""VoltEdge Smartphone Air 43 is manufactured by VoltEdge. Battery lasts up to 18 hours. Weighs approximately 0.55kg. Available in silver. Built with aluminum construction. Targeted at the EU market. Noise cancellation: no."", ""VoltEdge Smartphone Air 43 is manufactured by VoltEdge. Battery lasts up to 18 hours. Weighs approximately 0.55kg. Available in silver. Built with aluminum construction. Targeted at the EU market. Noise cancellation: no."", ""VoltEdge Smartphone Air 43 is manufactured by VoltEdge. Battery lasts up to 18 hours. Weighs approximately 0.55kg. Available in silver. Built with aluminum construction. Targeted at the EU market. Noise cancellation: no.""]",1,584,candidate
DEC029_NO_FEEDBACK,train_kb,conservative_noisy_or_conflict_adjusted,4,VoltEdge Smartphone Air 43,has_color,silver,voltedge smartphone air 43|has_color|silver,5,"[0.98, 0.9, 0.9, 0.98, 0.9]",False,0,0.997589307421875,0.997589307421875,0.88,True,0.992582484375,False,False,"[""product_43"", ""product_43"", ""product_43"", ""product_43"", ""product_43""]","[""structured"", ""unstructured"", ""unstructured"", ""unstructured"", ""unstructured""]","[""structured_row:VoltEdge Smartphone Air 43"", ""VoltEdge Smartphone Air 43 is manufactured by VoltEdge. Battery lasts up to 18 hours. Weighs approximately 0.55kg. Available in silver. Built with aluminum construction. Targeted at the EU market. Noise cancellation: no."", ""VoltEdge Smartphone Air 43 is manufactured by VoltEdge. Battery lasts up to 18 hours. Weighs approximately 0.55kg. Available in silver. Built with aluminum construction. Targeted at the EU market. Noise cancellation: no."", ""VoltEdge Smartphone Air 43 is manufactured by VoltEdge. Battery lasts up to 18 hours. Weighs approximately 0.55kg. Available in silver. Built with aluminum construction. Targeted at the EU market. Noise cancellation: no."", ""VoltEdge Smartphone Air 43 is manufactured by VoltEdge. Battery lasts up to 18 hours. Weighs approximately 0.55kg. Available in silver. Built with aluminum construction. Targeted at the EU market. Noise cancellation: no.""]",1,584,candidate
DEC029_NO_FEEDBACK,train_kb,conservative_noisy_or_conflict_adjusted,4,VoltEdge Smartphone Air 43,made_of_material,aluminum,voltedge smartphone air 43|made_of_material|aluminum,5,"[0.98, 0.85, 0.9, 0.98, 0.9]",True,0,0.9973111505859376,0.9973111505859376,0.88,True,0.9917266171875,False,False,"[""product_43"", ""product_43"", ""product_43"", ""product_43"", ""product_43""]","[""structured"", ""unstructured"", ""unstructured"", ""unstructured"", ""unstructured""]","[""structured_row:VoltEdge Smartphone Air 43"", ""VoltEdge Smartphone Air 43 is manufactured by VoltEdge. Battery lasts up to 18 hours. Weighs approximately 0.55kg. Available in silver. Built with aluminum construction. Targeted at the EU market. Noise cancellation: no."", ""VoltEdge Smartphone Air 43 is manufactured by VoltEdge. Battery lasts up to 18 hours. Weighs approximately 0.55kg. Available in silver. Built with aluminum construction. Targeted at the EU market. Noise cancellation: no."", ""VoltEdge Smartphone Air 43 is manufactured by VoltEdge. Battery lasts up to 18 hours. Weighs approximately 0.55kg. Available in silver. Built with aluminum construction. Targeted at the EU market. Noise cancellation: no."", ""VoltEdge Smartphone Air 43 is manufactured by VoltEdge. Battery lasts up to 18 hours. Weighs approximately 0.55kg. Available in silver. Built with aluminum construction. Targeted at the EU market. Noise cancellation: no.""]",1,584,candidate
DEC029_NO_FEEDBACK,train_kb,conservative_noisy_or_conflict_adjusted,4,VoltEdge Smartphone Air 43,target_market_region,EU,voltedge smartphone air 43|target_market_region|eu,5,"[0.98, 0.91, 0.9, 0.98, 0.9]",True,0,0.9976449387890625,0.9976449387890625,0.88,True,0.9927536578125,False,False,"[""product_43"", ""product_43"", ""product_43"", ""product_43"", ""product_43""]","[""structured"", ""unstructured"", ""unstructured"", ""unstructured"", ""unstructured""]","[""structured_row:VoltEdge Smartphone Air 43"", ""VoltEdge Smartphone Air 43 is manufactured by VoltEdge. Battery lasts up to 18 hours. Weighs approximately 0.55kg. Available in silver. Built with aluminum construction. Targeted at the EU market. Noise cancellation: no."", ""VoltEdge Smartphone Air 43 is manufactured by VoltEdge. Battery lasts up to 18 hours. Weighs approximately 0.55kg. Available in silver. Built with aluminum construction. Targeted at the EU market. Noise cancellation: no."", ""VoltEdge Smartphone Air 43 is manufactured by VoltEdge. Battery lasts up to 18 hours. Weighs approximately 0.55kg. Available in silver. Built with aluminum construction. Targeted at the EU market. Noise cancellation: no."", ""VoltEdge Smartphone Air 43 is manufactured by VoltEdge. Battery lasts up to 18 hours. Weighs approximately 0.55kg. Available in silver. Built with aluminum construction. Targeted at the EU market. Noise cancellation: no.""]",1,584,candidate
DEC029_NO_FEEDBACK,train_kb,conservative_noisy_or_conflict_adjusted,4,VoltEdge Smartphone Air 43,supports_fast_charging,yes,voltedge smartphone air 43|supports_fast_charging|yes,1,[0.98],True,1,0.735,0.3675,0.88,False,0.3675,False,False,"[""product_43""]","[""structured""]","[""structured_row:VoltEdge Smartphone Air 43""]",0,584,candidate
DEC029_NO_FEEDBACK,train_kb,conservative_noisy_or_conflict_adjusted,4,VoltEdge Smartphone Air 43,has_noise_cancellation,no,voltedge smartphone air 43|has_noise_cancellation|no,3,"[0.98, 0.98, 0.9]",True,0,0.9771768750000001,0.9771768750000001,0.88,True,0.929775,False,False,"[""product_43"", ""product_43"", ""product_43""]","[""structured"", ""unstructured"", ""unstructured""]","[""structured_row:VoltEdge Smartphone Air 43"", ""VoltEdge Smartphone Air 43 is manufactured by VoltEdge. Battery lasts up to 18 hours. Weighs approximately 0.55kg. Available in silver. Built with aluminum construction. Targeted at the EU market. Noise cancellation: no."", ""VoltEdge Smartphone Air 43 is manufactured by VoltEdge. Battery lasts up to 18 hours. Weighs approximately 0.55kg. Available in silver. Built with aluminum construction. Targeted at the EU market. Noise cancellation: no.""]",1,584,candidate
DEC029_NO_FEEDBACK,train_kb,conservative_noisy_or_conflict_adjusted,4,VoltEdge Smartphone Air 43,supports_fast_charging,no,voltedge smartphone air 43|supports_fast_charging|no,3,"[0.86, 0.9, 0.98]",True,1,0.969425625,0.4847128125,0.88,False,0.4847128125,False,False,"[""product_43"", ""product_43"", ""product_43""]","[""unstructured"", ""unstructured"", ""unstructured""]","[""VoltEdge Smartphone Air 43 is manufactured by VoltEdge. Battery lasts up to 18 hours. Weighs approximately 0.55kg. Available in silver. Built with aluminum construction. Targeted at the EU market. Noise cancellation: no."", ""VoltEdge Smartphone Air 43 is manufactured by VoltEdge. Battery lasts up to 18 hours. Weighs approximately 0.55kg. Available in silver. Built with aluminum construction. Targeted at the EU market. Noise cancellation: no."", ""VoltEdge Smartphone Air 43 is manufactured by VoltEdge. Battery lasts up to 18 hours. Weighs approximately 0.55kg. Available in silver. Built with aluminum construction. Targeted at the EU market. Noise cancellation: no.""]",0,584,candidate
DEC029_NO_FEEDBACK,train_kb,conservative_noisy_or_conflict_adjusted,4,VoltEdge Headphones Plus 44,manufactured_by,VoltEdge,voltedge headphones plus 44|manufactured_by|voltedge,1,[0.98],True,0,0.735,0.735,0.88,False,0.735,False,False,"[""product_44""]","[""structured""]","[""structured_row:VoltEdge Headphones Plus 44""]",0,584,candidate
DEC029_NO_FEEDBACK,train_kb,conservative_noisy_or_conflict_adjusted,4,VoltEdge Headphones Plus 44,belongs_to_category,headphones,voltedge headphones plus 44|belongs_to_category|headphones,1,[0.98],True,0,0.735,0.735,0.88,False,0.735,False,False,"[""product_44""]","[""structured""]","[""structured_row:VoltEdge Headphones Plus 44""]",1,584,candidate
DEC029_NO_FEEDBACK,train_kb,conservative_noisy_or_conflict_adjusted,4,VoltEdge Headphones Plus 44,has_price_usd,199,voltedge headphones plus 44|has_price_usd|199,1,[0.98],True,0,0.735,0.735,0.88,False,0.735,False,False,"[""product_44""]","[""structured""]","[""structured_row:VoltEdge Headphones Plus 44""]",1,584,candidate
DEC029_NO_FEEDBACK,train_kb,conservative_noisy_or_conflict_adjusted,4,VoltEdge Headphones Plus 44,has_screen_size_inch,15.6,voltedge headphones plus 44|has_screen_size_inch|15.6,1,[0.98],True,0,0.735,0.735,0.88,False,0.735,False,False,"[""product_44""]","[""structured""]","[""structured_row:VoltEdge Headphones Plus 44""]",1,584,candidate
DEC029_NO_FEEDBACK,train_kb,conservative_noisy_or_conflict_adjusted,4,VoltEdge Headphones Plus 44,has_ram_gb,6,voltedge headphones plus 44|has_ram_gb|6,1,[0.98],True,0,0.735,0.735,0.88,False,0.735,False,False,"[""product_44""]","[""structured""]","[""structured_row:VoltEdge Headphones Plus 44""]",1,584,candidate
DEC029_NO_FEEDBACK,train_kb,conservative_noisy_or_conflict_adjusted,4,VoltEdge Headphones Plus 44,has_storage_gb,64,voltedge headphones plus 44|has_storage_gb|64,1,[0.98],True,0,0.735,0.735,0.88,False,0.735,False,False,"[""product_44""]","[""structured""]","[""structured_row:VoltEdge Headphones Plus 44""]",0,584,candidate
DEC029_NO_FEEDBACK,train_kb,conservative_noisy_or_conflict_adjusted,4,VoltEdge Headphones Plus 44,has_battery_life_hours,18,voltedge headphones plus 44|has_battery_life_hours|18,1,[0.98],True,0,0.735,0.735,0.88,False,0.735,False,False,"[""product_44""]","[""structured""]","[""structured_row:VoltEdge Headphones Plus 44""]",0,584,candidate
DEC029_NO_FEEDBACK,train_kb,conservative_noisy_or_conflict_adjusted,4,VoltEdge Headphones Plus 44,has_weight_kg,0.18,voltedge headphones plus 44|has_weight_kg|0.18,1,[0.98],True,0,0.735,0.735,0.88,False,0.735,False,False,"[""product_44""]","[""structured""]","[""structured_row:VoltEdge Headphones Plus 44""]",1,584,candidate
DEC029_NO_FEEDBACK,train_kb,conservative_noisy_or_conflict_adjusted,4,VoltEdge Headphones Plus 44,has_color,green,voltedge headphones plus 44|has_color|green,1,[0.98],False,0,0.735,0.735,0.88,False,0.735,False,False,"[""product_44""]","[""structured""]","[""structured_row:VoltEdge Headphones Plus 44""]",0,584,candidate
DEC029_NO_FEEDBACK,train_kb,conservative_noisy_or_conflict_adjusted,4,VoltEdge Headphones Plus 44,made_of_material,carbon fiber,voltedge headphones plus 44|made_of_material|carbon fiber,1,[0.98],True,0,0.735,0.735,0.88,False,0.735,False,False,"[""product_44""]","[""structured""]","[""structured_row:VoltEdge Headphones Plus 44""]",0,584,candidate
DEC029_NO_FEEDBACK,train_kb,conservative_noisy_or_conflict_adjusted,4,VoltEdge Headphones Plus 44,target_market_region,EU,voltedge headphones plus 44|target_market_region|eu,1,[0.98],True,0,0.735,0.735,0.88,False,0.735,False,False,"[""product_44""]","[""structured""]","[""structured_row:VoltEdge Headphones Plus 44""]",1,584,candidate
DEC029_NO_FEEDBACK,train_kb,conservative_noisy_or_conflict_adjusted,4,VoltEdge Headphones Plus 44,supports_fast_charging,no,voltedge headphones plus 44|supports_fast_charging|no,1,[0.98],True,0,0.735,0.735,0.88,False,0.735,False,False,"[""product_44""]","[""structured""]","[""structured_row:VoltEdge Headphones Plus 44""]",0,584,candidate
DEC029_NO_FEEDBACK,train_kb,conservative_noisy_or_conflict_adjusted,4,VoltEdge Headphones Plus 44,has_noise_cancellation,yes,voltedge headphones plus 44|has_noise_cancellation|yes,1,[0.98],True,0,0.735,0.735,0.88,False,0.735,False,False,"[""product_44""]","[""structured""]","[""structured_row:VoltEdge Headphones Plus 44""]",1,584,candidate
DEC029_NO_FEEDBACK,train_kb,conservative_noisy_or_conflict_adjusted,4,headphones device,has_price_usd,199,headphones device|has_price_usd|199,4,"[0.85, 0.85, 0.85, 0.91]",True,1,0.9848759619140625,0.49243798095703123,0.88,False,0.4761826171875,False,False,"[""product_44"", ""product_44"", ""product_44"", ""product_44""]","[""unstructured"", ""unstructured"", ""unstructured"", ""unstructured""]","[""It is a headphones device. Priced at 199 USD. The display measures 15.6 inches. Comes with 6GB of RAM. Weighs approximately 0.18kg. Targeted at the EU market. Noise cancellation: yes."", ""It is a headphones device. Priced at 199 USD. The display measures 15.6 inches. Comes with 6GB of RAM. Weighs approximately 0.18kg. Targeted at the EU market. Noise cancellation: yes."", ""It is a headphones device. Priced at 199 USD. The display measures 15.6 inches. Comes with 6GB of RAM. Weighs approximately 0.18kg. Targeted at the EU market. Noise cancellation: yes."", ""It is a headphones device. Priced at 199 USD. The display measures 15.6 inches. Comes with 6GB of RAM. Weighs approximately 0.18kg. Targeted at the EU market. Noise cancellation: yes.""]",0,584,candidate
DEC029_NO_FEEDBACK,train_kb,conservative_noisy_or_conflict_adjusted,4,headphones device,has_screen_size_inch,15.6,headphones device|has_screen_size_inch|15.6,8,"[0.85, 0.85, 0.85, 0.91, 0.85, 0.92, 0.91, 0.91]",True,1,0.9998286733487117,0.49991433667435586,0.88,False,0.4991502181100464,False,False,"[""product_44"", ""product_50"", ""product_44"", ""product_50"", ""product_44"", ""product_50"", ""product_44"", ""product_50""]","[""unstructured"", ""unstructured"", ""unstructured"", ""unstructured"", ""unstructured"", ""unstructured"", ""unstructured"", ""unstructured""]","[""It is a headphones device. Priced at 199 USD. The display measures 15.6 inches. Comes with 6GB of RAM. Weighs approximately 0.18kg. Targeted at the EU market. Noise cancellation: yes."", ""It is a headphones device. The display measures 15.6 inches. Comes with 12GB of RAM. Offers 256GB of internal storage. Available in silver. Targeted at the Global market. Noise cancellation: yes."", ""It is a headphones device. Priced at 199 USD. The display measures 15.6 inches. Comes with 6GB of RAM. Weighs approximately 0.18kg. Targeted at the EU market. Noise cancellation: yes."", ""It is a headphones device. The display measures 15.6 inches. Comes with 12GB of RAM. Offers 256GB of internal storage. Available in silver. Targeted at the Global market. Noise cancellation: yes."", ""It is a headphones device. Priced at 199 USD. The display measures 15.6 inches. Comes with 6GB of RAM. Weighs approximately 0.18kg. Targeted at the EU market. Noise cancellation: yes."", ""It is a headphones device. The display measures 15.6 inches. Comes with 12GB of RAM. Offers 256GB of internal storage. Available in silver. Targeted at the Global market. Noise cancellation: yes."", ""It is a headphones device. Priced at 199 USD. The display measures 15.6 inches. Comes with 6GB of RAM. Weighs approximately 0.18kg. Targeted at the EU market. Noise cancellation: yes."", ""It is a headphones device. The display measures 15.6 inches. Comes with 12GB of RAM. Offers 256GB of internal storage. Available in silver. Targeted at the Global market. Noise cancellation: yes.""]",0,584,candidate
DEC029_NO_FEEDBACK,train_kb,conservative_noisy_or_conflict_adjusted,4,headphones device,has_weight_kg,0.18,headphones device|has_weight_kg|0.18,4,"[0.85, 0.85, 0.85, 0.91]",True,1,0.9848759619140625,0.49243798095703123,0.88,False,0.4761826171875,False,False,"[""product_44"", ""product_44"", ""product_44"", ""product_44""]","[""unstructured"", ""unstructured"", ""unstructured"", ""unstructured""]","[""It is a headphones device. Priced at 199 USD. The display measures 15.6 inches. Comes with 6GB of RAM. Weighs approximately 0.18kg. Targeted at the EU market. Noise cancellation: yes."", ""It is a headphones device. Priced at 199 USD. The display measures 15.6 inches. Comes with 6GB of RAM. Weighs approximately 0.18kg. Targeted at the EU market. Noise cancellation: yes."", ""It is a headphones device. Priced at 199 USD. The display measures 15.6 inches. Comes with 6GB of RAM. Weighs approximately 0.18kg. Targeted at the EU market. Noise cancellation: yes."", ""It is a headphones device. Priced at 199 USD. The display measures 15.6 inches. Comes with 6GB of RAM. Weighs approximately 0.18kg. Targeted at the EU market. Noise cancellation: yes.""]",0,584,candidate
DEC029_NO_FEEDBACK,train_kb,conservative_noisy_or_conflict_adjusted,4,Auralex Tablet Plus 45,manufactured_by,Auralex,auralex tablet plus 45|manufactured_by|auralex,3,"[0.98, 0.92, 0.9]",True,0,0.97330125,0.97330125,0.88,True,0.97330125,False,False,"[""product_45"", ""product_45"", ""product_45""]","[""structured"", ""unstructured"", ""unstructured""]","[""structured_row:Auralex Tablet Plus 45"", ""Auralex Tablet Plus 45 is manufactured by Auralex. Priced at 1299 USD. Comes with 4GB of RAM. Battery lasts up to 24 hours. Weighs approximately 0.23kg. Fast charging is yes. Noise cancellation: no."", ""Auralex Tablet Plus 45 is manufactured by Auralex. Priced at 1299 USD. Comes with 4GB of RAM. Battery lasts up to 24 hours. Weighs approximately 0.23kg. Fast charging is yes. Noise cancellation: no.""]",1,584,candidate
DEC029_NO_FEEDBACK,train_kb,conservative_noisy_or_conflict_adjusted,4,Auralex Tablet Plus 45,belongs_to_category,tablet,auralex tablet plus 45|belongs_to_category|tablet,1,[0.98],True,0,0.735,0.735,0.88,False,0.735,False,False,"[""product_45""]","[""structured""]","[""structured_row:Auralex Tablet Plus 45""]",0,584,candidate
DEC029_NO_FEEDBACK,train_kb,conservative_noisy_or_conflict_adjusted,4,Auralex Tablet Plus 45,has_price_usd,1299,auralex tablet plus 45|has_price_usd|1299,3,"[0.98, 0.93, 0.9]",True,0,0.9739471875,0.9739471875,0.88,True,0.9739471875,False,False,"[""product_45"", ""product_45"", ""product_45""]","[""structured"", ""unstructured"", ""unstructured""]","[""structured_row:Auralex Tablet Plus 45"", ""Auralex Tablet Plus 45 is manufactured by Auralex. Priced at 1299 USD. Comes with 4GB of RAM. Battery lasts up to 24 hours. Weighs approximately 0.23kg. Fast charging is yes. Noise cancellation: no."", ""Auralex Tablet Plus 45 is manufactured by Auralex. Priced at 1299 USD. Comes with 4GB of RAM. Battery lasts up to 24 hours. Weighs approximately 0.23kg. Fast charging is yes. Noise cancellation: no.""]",1,584,candidate
DEC029_NO_FEEDBACK,train_kb,conservative_noisy_or_conflict_adjusted,4,Auralex Tablet Plus 45,has_screen_size_inch,13.3,auralex tablet plus 45|has_screen_size_inch|13.3,1,[0.98],True,0,0.735,0.735,0.88,False,0.735,False,False,"[""product_45""]","[""structured""]","[""structured_row:Auralex Tablet Plus 45""]",0,584,candidate
DEC029_NO_FEEDBACK,train_kb,conservative_noisy_or_conflict_adjusted,4,Auralex Tablet Plus 45,has_ram_gb,4,auralex tablet plus 45|has_ram_gb|4,3,"[0.98, 0.94, 0.9]",True,0,0.974593125,0.974593125,0.88,True,0.974593125,False,False,"[""product_45"", ""product_45"", ""product_45""]","[""structured"", ""unstructured"", ""unstructured""]","[""structured_row:Auralex Tablet Plus 45"", ""Auralex Tablet Plus 45 is manufactured by Auralex. Priced at 1299 USD. Comes with 4GB of RAM. Battery lasts up to 24 hours. Weighs approximately 0.23kg. Fast charging is yes. Noise cancellation: no."", ""Auralex Tablet Plus 45 is manufactured by Auralex. Priced at 1299 USD. Comes with 4GB of RAM. Battery lasts up to 24 hours. Weighs approximately 0.23kg. Fast charging is yes. Noise cancellation: no.""]",1,584,candidate
DEC029_NO_FEEDBACK,train_kb,conservative_noisy_or_conflict_adjusted,4,Auralex Tablet Plus 45,has_storage_gb,512,auralex tablet plus 45|has_storage_gb|512,1,[0.98],True,0,0.735,0.735,0.88,False,0.735,False,False,"[""product_45""]","[""structured""]","[""structured_row:Auralex Tablet Plus 45""]",0,584,candidate
DEC029_NO_FEEDBACK,train_kb,conservative_noisy_or_conflict_adjusted,4,Auralex Tablet Plus 45,has_battery_life_hours,24,auralex tablet plus 45|has_battery_life_hours|24,3,"[0.98, 0.95, 0.9]",True,0,0.9752390625,0.9752390625,0.88,True,0.9752390625,False,False,"[""product_45"", ""product_45"", ""product_45""]","[""structured"", ""unstructured"", ""unstructured""]","[""structured_row:Auralex Tablet Plus 45"", ""Auralex Tablet Plus 45 is manufactured by Auralex. Priced at 1299 USD. Comes with 4GB of RAM. Battery lasts up to 24 hours. Weighs approximately 0.23kg. Fast charging is yes. Noise cancellation: no."", ""Auralex Tablet Plus 45 is manufactured by Auralex. Priced at 1299 USD. Comes with 4GB of RAM. Battery lasts up to 24 hours. Weighs approximately 0.23kg. Fast charging is yes. Noise cancellation: no.""]",1,584,candidate
DEC029_NO_FEEDBACK,train_kb,conservative_noisy_or_conflict_adjusted,4,Auralex Tablet Plus 45,has_weight_kg,0.23,auralex tablet plus 45|has_weight_kg|0.23,3,"[0.98, 0.96, 0.9]",True,0,0.975885,0.975885,0.88,True,0.975885,False,False,"[""product_45"", ""product_45"", ""product_45""]","[""structured"", ""unstructured"", ""unstructured""]","[""structured_row:Auralex Tablet Plus 45"", ""Auralex Tablet Plus 45 is manufactured by Auralex. Priced at 1299 USD. Comes with 4GB of RAM. Battery lasts up to 24 hours. Weighs approximately 0.23kg. Fast charging is yes. Noise cancellation: no."", ""Auralex Tablet Plus 45 is manufactured by Auralex. Priced at 1299 USD. Comes with 4GB of RAM. Battery lasts up to 24 hours. Weighs approximately 0.23kg. Fast charging is yes. Noise cancellation: no.""]",1,584,candidate
DEC029_NO_FEEDBACK,train_kb,conservative_noisy_or_conflict_adjusted,4,Auralex Tablet Plus 45,has_color,white,auralex tablet plus 45|has_color|white,1,[0.98],False,0,0.735,0.735,0.88,False,0.735,False,False,"[""product_45""]","[""structured""]","[""structured_row:Auralex Tablet Plus 45""]",0,584,candidate
DEC029_NO_FEEDBACK,train_kb,conservative_noisy_or_conflict_adjusted,4,Auralex Tablet Plus 45,made_of_material,aluminum,auralex tablet plus 45|made_of_material|aluminum,1,[0.98],True,0,0.735,0.735,0.88,False,0.735,False,False,"[""product_45""]","[""structured""]","[""structured_row:Auralex Tablet Plus 45""]",0,584,candidate
DEC029_NO_FEEDBACK,train_kb,conservative_noisy_or_conflict_adjusted,4,Auralex Tablet Plus 45,target_market_region,EU,auralex tablet plus 45|target_market_region|eu,1,[0.98],True,0,0.735,0.735,0.88,False,0.735,False,False,"[""product_45""]","[""structured""]","[""structured_row:Auralex Tablet Plus 45""]",0,584,candidate
DEC029_NO_FEEDBACK,train_kb,conservative_noisy_or_conflict_adjusted,4,Auralex Tablet Plus 45,supports_fast_charging,yes,auralex tablet plus 45|supports_fast_charging|yes,3,"[0.98, 0.85, 0.9]",True,0,0.9687796875,0.9687796875,0.88,True,0.9687796875,False,False,"[""product_45"", ""product_45"", ""product_45""]","[""structured"", ""unstructured"", ""unstructured""]","[""structured_row:Auralex Tablet Plus 45"", ""Auralex Tablet Plus 45 is manufactured by Auralex. Priced at 1299 USD. Comes with 4GB of RAM. Battery lasts up to 24 hours. Weighs approximately 0.23kg. Fast charging is yes. Noise cancellation: no."", ""Auralex Tablet Plus 45 is manufactured by Auralex. Priced at 1299 USD. Comes with 4GB of RAM. Battery lasts up to 24 hours. Weighs approximately 0.23kg. Fast charging is yes. Noise cancellation: no.""]",1,584,candidate
DEC029_NO_FEEDBACK,train_kb,conservative_noisy_or_conflict_adjusted,4,Auralex Tablet Plus 45,has_noise_cancellation,no,auralex tablet plus 45|has_noise_cancellation|no,3,"[0.98, 0.85, 0.9]",True,0,0.9687796875,0.9687796875,0.88,True,0.9687796875,False,False,"[""product_45"", ""product_45"", ""product_45""]","[""structured"", ""unstructured"", ""unstructured""]","[""structured_row:Auralex Tablet Plus 45"", ""Auralex Tablet Plus 45 is manufactured by Auralex. Priced at 1299 USD. Comes with 4GB of RAM. Battery lasts up to 24 hours. Weighs approximately 0.23kg. Fast charging is yes. Noise cancellation: no."", ""Auralex Tablet Plus 45 is manufactured by Auralex. Priced at 1299 USD. Comes with 4GB of RAM. Battery lasts up to 24 hours. Weighs approximately 0.23kg. Fast charging is yes. Noise cancellation: no.""]",1,584,candidate
DEC029_NO_FEEDBACK,train_kb,conservative_noisy_or_conflict_adjusted,4,TechNova Smartwatch Plus 47,manufactured_by,TechNova,technova smartwatch plus 47|manufactured_by|technova,4,"[0.98, 0.95, 0.91, 0.95]",True,0,0.993045509765625,0.993045509765625,0.88,True,0.97581046875,False,False,"[""product_47"", ""product_47"", ""product_47"", ""product_47""]","[""structured"", ""unstructured"", ""unstructured"", ""unstructured""]","[""structured_row:TechNova Smartwatch Plus 47"", ""TechNova Smartwatch Plus 47 is manufactured by TechNova. It is a smartwatch device. The display measures 14.0 inches. Offers 128GB of internal storage. Battery lasts up to 14 hours. Available in silver. Built with aluminum construction."", ""TechNova Smartwatch Plus 47 is manufactured by TechNova. It is a smartwatch device. The display measures 14.0 inches. Offers 128GB of internal storage. Battery lasts up to 14 hours. Available in silver. Built with aluminum construction."", ""TechNova Smartwatch Plus 47 is manufactured by TechNova. It is a smartwatch device. The display measures 14.0 inches. Offers 128GB of internal storage. Battery lasts up to 14 hours. Available in silver. Built with aluminum construction.""]",1,584,candidate
DEC029_NO_FEEDBACK,train_kb,conservative_noisy_or_conflict_adjusted,4,TechNova Smartwatch Plus 47,belongs_to_category,smartwatch,technova smartwatch plus 47|belongs_to_category|smartwatch,1,[0.98],True,1,0.735,0.3675,0.88,False,0.3675,False,False,"[""product_47""]","[""structured""]","[""structured_row:TechNova Smartwatch Plus 47""]",1,584,candidate
DEC029_NO_FEEDBACK,train_kb,conservative_noisy_or_conflict_adjusted,4,TechNova Smartwatch Plus 47,has_price_usd,249,technova smartwatch plus 47|has_price_usd|249,1,[0.98],True,0,0.735,0.735,0.88,False,0.735,False,False,"[""product_47""]","[""structured""]","[""structured_row:TechNova Smartwatch Plus 47""]",0,584,candidate
DEC029_NO_FEEDBACK,train_kb,conservative_noisy_or_conflict_adjusted,4,TechNova Smartwatch Plus 47,has_screen_size_inch,14.0,technova smartwatch plus 47|has_screen_size_inch|14.0,4,"[0.98, 0.93, 0.91, 0.95]",True,0,0.992682666796875,0.992682666796875,0.88,True,0.97454840625,False,False,"[""product_47"", ""product_47"", ""product_47"", ""product_47""]","[""structured"", ""unstructured"", ""unstructured"", ""unstructured""]","[""structured_row:TechNova Smartwatch Plus 47"", ""TechNova Smartwatch Plus 47 is manufactured by TechNova. It is a smartwatch device. The display measures 14.0 inches. Offers 128GB of internal storage. Battery lasts up to 14 hours. Available in silver. Built with aluminum construction."", ""TechNova Smartwatch Plus 47 is manufactured by TechNova. It is a smartwatch device. The display measures 14.0 inches. Offers 128GB of internal storage. Battery lasts up to 14 hours. Available in silver. Built with aluminum construction."", ""TechNova Smartwatch Plus 47 is manufactured by TechNova. It is a smartwatch device. The display measures 14.0 inches. Offers 128GB of internal storage. Battery lasts up to 14 hours. Available in silver. Built with aluminum construction.""]",1,584,candidate
DEC029_NO_FEEDBACK,train_kb,conservative_noisy_or_conflict_adjusted,4,TechNova Smartwatch Plus 47,has_ram_gb,32,technova smartwatch plus 47|has_ram_gb|32,1,[0.98],True,0,0.735,0.735,0.88,False,0.735,False,False,"[""product_47""]","[""structured""]","[""structured_row:TechNova Smartwatch Plus 47""]",0,584,candidate
DEC029_NO_FEEDBACK,train_kb,conservative_noisy_or_conflict_adjusted,4,TechNova Smartwatch Plus 47,has_storage_gb,128,technova smartwatch plus 47|has_storage_gb|128,4,"[0.98, 0.94, 0.91, 0.95]",True,0,0.99286408828125,0.99286408828125,0.88,True,0.9751794375,False,False,"[""product_47"", ""product_47"", ""product_47"", ""product_47""]","[""structured"", ""unstructured"", ""unstructured"", ""unstructured""]","[""structured_row:TechNova Smartwatch Plus 47"", ""TechNova Smartwatch Plus 47 is manufactured by TechNova. It is a smartwatch device. The display measures 14.0 inches. Offers 128GB of internal storage. Battery lasts up to 14 hours. Available in silver. Built with aluminum construction."", ""TechNova Smartwatch Plus 47 is manufactured by TechNova. It is a smartwatch device. The display measures 14.0 inches. Offers 128GB of internal storage. Battery lasts up to 14 hours. Available in silver. Built with aluminum construction."", ""TechNova Smartwatch Plus 47 is manufactured by TechNova. It is a smartwatch device. The display measures 14.0 inches. Offers 128GB of internal storage. Battery lasts up to 14 hours. Available in silver. Built with aluminum construction.""]",1,584,candidate
DEC029_NO_FEEDBACK,train_kb,conservative_noisy_or_conflict_adjusted,4,TechNova Smartwatch Plus 47,has_battery_life_hours,14,technova smartwatch plus 47|has_battery_life_hours|14,4,"[0.98, 0.9, 0.91, 0.95]",True,0,0.99213840234375,0.99213840234375,0.88,True,0.9726553125,False,False,"[""product_47"", ""product_47"", ""product_47"", ""product_47""]","[""structured"", ""unstructured"", ""unstructured"", ""unstructured""]","[""structured_row:TechNova Smartwatch Plus 47"", ""TechNova Smartwatch Plus 47 is manufactured by TechNova. It is a smartwatch device. The display measures 14.0 inches. Offers 128GB of internal storage. Battery lasts up to 14 hours. Available in silver. Built with aluminum construction."", ""TechNova Smartwatch Plus 47 is manufactured by TechNova. It is a smartwatch device. The display measures 14.0 inches. Offers 128GB of internal storage. Battery lasts up to 14 hours. Available in silver. Built with aluminum construction."", ""TechNova Smartwatch Plus 47 is manufactured by TechNova. It is a smartwatch device. The display measures 14.0 inches. Offers 128GB of internal storage. Battery lasts up to 14 hours. Available in silver. Built with aluminum construction.""]",1,584,candidate
DEC029_NO_FEEDBACK,train_kb,conservative_noisy_or_conflict_adjusted,4,TechNova Smartwatch Plus 47,has_weight_kg,0.42,technova smartwatch plus 47|has_weight_kg|0.42,1,[0.98],True,0,0.735,0.735,0.88,False,0.735,False,False,"[""product_47""]","[""structured""]","[""structured_row:TechNova Smartwatch Plus 47""]",0,584,candidate
DEC029_NO_FEEDBACK,train_kb,conservative_noisy_or_conflict_adjusted,4,TechNova Smartwatch Plus 47,has_color,silver,technova smartwatch plus 47|has_color|silver,4,"[0.98, 0.91, 0.91, 0.95]",False,0,0.992319823828125,0.992319823828125,0.88,True,0.97328634375,False,False,"[""product_47"", ""product_47"", ""product_47"", ""product_47""]","[""structured"", ""unstructured"", ""unstructured"", ""unstructured""]","[""structured_row:TechNova Smartwatch Plus 47"", ""TechNova Smartwatch Plus 47 is manufactured by TechNova. It is a smartwatch device. The display measures 14.0 inches. Offers 128GB of internal storage. Battery lasts up to 14 hours. Available in silver. Built with aluminum construction."", ""TechNova Smartwatch Plus 47 is manufactured by TechNova. It is a smartwatch device. The display measures 14.0 inches. Offers 128GB of internal storage. Battery lasts up to 14 hours. Available in silver. Built with aluminum construction."", ""TechNova Smartwatch Plus 47 is manufactured by TechNova. It is a smartwatch device. The display measures 14.0 inches. Offers 128GB of internal storage. Battery lasts up to 14 hours. Available in silver. Built with aluminum construction.""]",1,584,candidate
DEC029_NO_FEEDBACK,train_kb,conservative_noisy_or_conflict_adjusted,4,TechNova Smartwatch Plus 47,made_of_material,aluminum,technova smartwatch plus 47|made_of_material|aluminum,4,"[0.98, 0.96, 0.91, 0.95]",True,0,0.99322693125,0.99322693125,0.88,True,0.9764415,False,False,"[""product_47"", ""product_47"", ""product_47"", ""product_47""]","[""structured"", ""unstructured"", ""unstructured"", ""unstructured""]","[""structured_row:TechNova Smartwatch Plus 47"", ""TechNova Smartwatch Plus 47 is manufactured by TechNova. It is a smartwatch device. The display measures 14.0 inches. Offers 128GB of internal storage. Battery lasts up to 14 hours. Available in silver. Built with aluminum construction."", ""TechNova Smartwatch Plus 47 is manufactured by TechNova. It is a smartwatch device. The display measures 14.0 inches. Offers 128GB of internal storage. Battery lasts up to 14 hours. Available in silver. Built with aluminum construction."", ""TechNova Smartwatch Plus 47 is manufactured by TechNova. It is a smartwatch device. The display measures 14.0 inches. Offers 128GB of internal storage. Battery lasts up to 14 hours. Available in silver. Built with aluminum construction.""]",1,584,candidate
DEC029_NO_FEEDBACK,train_kb,conservative_noisy_or_conflict_adjusted,4,TechNova Smartwatch Plus 47,target_market_region,US,technova smartwatch plus 47|target_market_region|us,1,[0.98],True,0,0.735,0.735,0.88,False,0.735,False,False,"[""product_47""]","[""structured""]","[""structured_row:TechNova Smartwatch Plus 47""]",0,584,candidate
DEC029_NO_FEEDBACK,train_kb,conservative_noisy_or_conflict_adjusted,4,TechNova Smartwatch Plus 47,supports_fast_charging,yes,technova smartwatch plus 47|supports_fast_charging|yes,1,[0.98],True,0,0.735,0.735,0.88,False,0.735,False,False,"[""product_47""]","[""structured""]","[""structured_row:TechNova Smartwatch Plus 47""]",0,584,candidate
DEC029_NO_FEEDBACK,train_kb,conservative_noisy_or_conflict_adjusted,4,TechNova Smartwatch Plus 47,has_noise_cancellation,no,technova smartwatch plus 47|has_noise_cancellation|no,1,[0.98],True,0,0.735,0.735,0.88,False,0.735,False,False,"[""product_47""]","[""structured""]","[""structured_row:TechNova Smartwatch Plus 47""]",0,584,candidate
DEC029_NO_FEEDBACK,train_kb,conservative_noisy_or_conflict_adjusted,4,TechNova Smartwatch Plus 47,belongs_to_category,smartwatch device,technova smartwatch plus 47|belongs_to_category|smartwatch device,2,"[0.92, 0.91]",True,1,0.901575,0.4507875,0.88,False,0.4507875,False,False,"[""product_47"", ""product_47""]","[""unstructured"", ""unstructured""]","[""TechNova Smartwatch Plus 47 is manufactured by TechNova. It is a smartwatch device. The display measures 14.0 inches. Offers 128GB of internal storage. Battery lasts up to 14 hours. Available in silver. Built with aluminum construction."", ""TechNova Smartwatch Plus 47 is manufactured by TechNova. It is a smartwatch device. The display measures 14.0 inches. Offers 128GB of internal storage. Battery lasts up to 14 hours. Available in silver. Built with aluminum construction.""]",0,584,candidate
DEC029_NO_FEEDBACK,train_kb,conservative_noisy_or_conflict_adjusted,4,PixelWare Laptop Max 48,manufactured_by,PixelWare,pixelware laptop max 48|manufactured_by|pixelware,1,[0.98],True,0,0.735,0.735,0.88,False,0.735,False,False,"[""product_48""]","[""structured""]","[""structured_row:PixelWare Laptop Max 48""]",0,584,candidate
DEC029_NO_FEEDBACK,train_kb,conservative_noisy_or_conflict_adjusted,4,PixelWare Laptop Max 48,belongs_to_category,laptop,pixelware laptop max 48|belongs_to_category|laptop,1,[0.98],True,0,0.735,0.735,0.88,False,0.735,False,False,"[""product_48""]","[""structured""]","[""structured_row:PixelWare Laptop Max 48""]",1,584,candidate
DEC029_NO_FEEDBACK,train_kb,conservative_noisy_or_conflict_adjusted,4,PixelWare Laptop Max 48,has_price_usd,899,pixelware laptop max 48|has_price_usd|899,1,[0.98],True,0,0.735,0.735,0.88,False,0.735,False,False,"[""product_48""]","[""structured""]","[""structured_row:PixelWare Laptop Max 48""]",1,584,candidate
DEC029_NO_FEEDBACK,train_kb,conservative_noisy_or_conflict_adjusted,4,PixelWare Laptop Max 48,has_screen_size_inch,14.0,pixelware laptop max 48|has_screen_size_inch|14.0,1,[0.98],True,0,0.735,0.735,0.88,False,0.735,False,False,"[""product_48""]","[""structured""]","[""structured_row:PixelWare Laptop Max 48""]",0,584,candidate
DEC029_NO_FEEDBACK,train_kb,conservative_noisy_or_conflict_adjusted,4,PixelWare Laptop Max 48,has_ram_gb,32,pixelware laptop max 48|has_ram_gb|32,1,[0.98],True,0,0.735,0.735,0.88,False,0.735,False,False,"[""product_48""]","[""structured""]","[""structured_row:PixelWare Laptop Max 48""]",0,584,candidate
DEC029_NO_FEEDBACK,train_kb,conservative_noisy_or_conflict_adjusted,4,PixelWare Laptop Max 48,has_storage_gb,64,pixelware laptop max 48|has_storage_gb|64,1,[0.98],True,0,0.735,0.735,0.88,False,0.735,False,False,"[""product_48""]","[""structured""]","[""structured_row:PixelWare Laptop Max 48""]",1,584,candidate
DEC029_NO_FEEDBACK,train_kb,conservative_noisy_or_conflict_adjusted,4,PixelWare Laptop Max 48,has_battery_life_hours,20,pixelware laptop max 48|has_battery_life_hours|20,1,[0.98],True,0,0.735,0.735,0.88,False,0.735,False,False,"[""product_48""]","[""structured""]","[""structured_row:PixelWare Laptop Max 48""]",0,584,candidate
DEC029_NO_FEEDBACK,train_kb,conservative_noisy_or_conflict_adjusted,4,PixelWare Laptop Max 48,has_weight_kg,0.55,pixelware laptop max 48|has_weight_kg|0.55,1,[0.98],True,0,0.735,0.735,0.88,False,0.735,False,False,"[""product_48""]","[""structured""]","[""structured_row:PixelWare Laptop Max 48""]",1,584,candidate
DEC029_NO_FEEDBACK,train_kb,conservative_noisy_or_conflict_adjusted,4,PixelWare Laptop Max 48,has_color,silver,pixelware laptop max 48|has_color|silver,1,[0.98],False,0,0.735,0.735,0.88,False,0.735,False,False,"[""product_48""]","[""structured""]","[""structured_row:PixelWare Laptop Max 48""]",1,584,candidate
DEC029_NO_FEEDBACK,train_kb,conservative_noisy_or_conflict_adjusted,4,PixelWare Laptop Max 48,made_of_material,carbon fiber,pixelware laptop max 48|made_of_material|carbon fiber,1,[0.98],True,0,0.735,0.735,0.88,False,0.735,False,False,"[""product_48""]","[""structured""]","[""structured_row:PixelWare Laptop Max 48""]",1,584,candidate
DEC029_NO_FEEDBACK,train_kb,conservative_noisy_or_conflict_adjusted,4,PixelWare Laptop Max 48,target_market_region,US,pixelware laptop max 48|target_market_region|us,1,[0.98],True,0,0.735,0.735,0.88,False,0.735,False,False,"[""product_48""]","[""structured""]","[""structured_row:PixelWare Laptop Max 48""]",1,584,candidate
DEC029_NO_FEEDBACK,train_kb,conservative_noisy_or_conflict_adjusted,4,PixelWare Laptop Max 48,supports_fast_charging,yes,pixelware laptop max 48|supports_fast_charging|yes,1,[0.98],True,0,0.735,0.735,0.88,False,0.735,False,False,"[""product_48""]","[""structured""]","[""structured_row:PixelWare Laptop Max 48""]",0,584,candidate
DEC029_NO_FEEDBACK,train_kb,conservative_noisy_or_conflict_adjusted,4,PixelWare Laptop Max 48,has_noise_cancellation,no,pixelware laptop max 48|has_noise_cancellation|no,1,[0.98],True,0,0.735,0.735,0.88,False,0.735,False,False,"[""product_48""]","[""structured""]","[""structured_row:PixelWare Laptop Max 48""]",0,584,candidate
DEC029_NO_FEEDBACK,train_kb,conservative_noisy_or_conflict_adjusted,4,VoltEdge Headphones Plus 49,manufactured_by,VoltEdge,voltedge headphones plus 49|manufactured_by|voltedge,3,"[0.98, 0.95, 0.9]",True,0,0.9752390625,0.9752390625,0.88,True,0.9752390625,False,False,"[""product_49"", ""product_49"", ""product_49""]","[""structured"", ""unstructured"", ""unstructured""]","[""structured_row:VoltEdge Headphones Plus 49"", ""VoltEdge Headphones Plus 49 is manufactured by VoltEdge. Priced at 199 USD. Comes with 32GB of RAM. Offers 1024GB of internal storage. Battery lasts up to 24 hours. Targeted at the Global market. Noise cancellation: no."", ""VoltEdge Headphones Plus 49 is manufactured by VoltEdge. Priced at 199 USD. Comes with 32GB of RAM. Offers 1024GB of internal storage. Battery lasts up to 24 hours. Targeted at the Global market. Noise cancellation: no.""]",1,584,candidate
DEC029_NO_FEEDBACK,train_kb,conservative_noisy_or_conflict_adjusted,4,VoltEdge Headphones Plus 49,belongs_to_category,headphones,voltedge headphones plus 49|belongs_to_category|headphones,1,[0.98],True,0,0.735,0.735,0.88,False,0.735,False,False,"[""product_49""]","[""structured""]","[""structured_row:VoltEdge Headphones Plus 49""]",0,584,candidate
DEC029_NO_FEEDBACK,train_kb,conservative_noisy_or_conflict_adjusted,4,VoltEdge Headphones Plus 49,has_price_usd,199,voltedge headphones plus 49|has_price_usd|199,3,"[0.98, 0.95, 0.9]",True,0,0.9752390625,0.9752390625,0.88,True,0.9752390625,False,False,"[""product_49"", ""product_49"", ""product_49""]","[""structured"", ""unstructured"", ""unstructured""]","[""structured_row:VoltEdge Headphones Plus 49"", ""VoltEdge Headphones Plus 49 is manufactured by VoltEdge. Priced at 199 USD. Comes with 32GB of RAM. Offers 1024GB of internal storage. Battery lasts up to 24 hours. Targeted at the Global market. Noise cancellation: no."", ""VoltEdge Headphones Plus 49 is manufactured by VoltEdge. Priced at 199 USD. Comes with 32GB of RAM. Offers 1024GB of internal storage. Battery lasts up to 24 hours. Targeted at the Global market. Noise cancellation: no.""]",1,584,candidate
DEC029_NO_FEEDBACK,train_kb,conservative_noisy_or_conflict_adjusted,4,VoltEdge Headphones Plus 49,has_screen_size_inch,13.3,voltedge headphones plus 49|has_screen_size_inch|13.3,1,[0.98],True,0,0.735,0.735,0.88,False,0.735,False,False,"[""product_49""]","[""structured""]","[""structured_row:VoltEdge Headphones Plus 49""]",0,584,candidate
DEC029_NO_FEEDBACK,train_kb,conservative_noisy_or_conflict_adjusted,4,VoltEdge Headphones Plus 49,has_ram_gb,32,voltedge headphones plus 49|has_ram_gb|32,3,"[0.98, 0.95, 0.9]",True,0,0.9752390625,0.9752390625,0.88,True,0.9752390625,False,False,"[""product_49"", ""product_49"", ""product_49""]","[""structured"", ""unstructured"", ""unstructured""]","[""structured_row:VoltEdge Headphones Plus 49"", ""VoltEdge Headphones Plus 49 is manufactured by VoltEdge. Priced at 199 USD. Comes with 32GB of RAM. Offers 1024GB of internal storage. Battery lasts up to 24 hours. Targeted at the Global market. Noise cancellation: no."", ""VoltEdge Headphones Plus 49 is manufactured by VoltEdge. Priced at 199 USD. Comes with 32GB of RAM. Offers 1024GB of internal storage. Battery lasts up to 24 hours. Targeted at the Global market. Noise cancellation: no.""]",1,584,candidate
DEC029_NO_FEEDBACK,train_kb,conservative_noisy_or_conflict_adjusted,4,VoltEdge Headphones Plus 49,has_storage_gb,1024,voltedge headphones plus 49|has_storage_gb|1024,3,"[0.98, 0.95, 0.9]",True,0,0.9752390625,0.9752390625,0.88,True,0.9752390625,False,False,"[""product_49"", ""product_49"", ""product_49""]","[""structured"", ""unstructured"", ""unstructured""]","[""structured_row:VoltEdge Headphones Plus 49"", ""VoltEdge Headphones Plus 49 is manufactured by VoltEdge. Priced at 199 USD. Comes with 32GB of RAM. Offers 1024GB of internal storage. Battery lasts up to 24 hours. Targeted at the Global market. Noise cancellation: no."", ""VoltEdge Headphones Plus 49 is manufactured by VoltEdge. Priced at 199 USD. Comes with 32GB of RAM. Offers 1024GB of internal storage. Battery lasts up to 24 hours. Targeted at the Global market. Noise cancellation: no.""]",1,584,candidate
DEC029_NO_FEEDBACK,train_kb,conservative_noisy_or_conflict_adjusted,4,VoltEdge Headphones Plus 49,has_battery_life_hours,24,voltedge headphones plus 49|has_battery_life_hours|24,3,"[0.98, 0.95, 0.9]",True,0,0.9752390625,0.9752390625,0.88,True,0.9752390625,False,False,"[""product_49"", ""product_49"", ""product_49""]","[""structured"", ""unstructured"", ""unstructured""]","[""structured_row:VoltEdge Headphones Plus 49"", ""VoltEdge Headphones Plus 49 is manufactured by VoltEdge. Priced at 199 USD. Comes with 32GB of RAM. Offers 1024GB of internal storage. Battery lasts up to 24 hours. Targeted at the Global market. Noise cancellation: no."", ""VoltEdge Headphones Plus 49 is manufactured by VoltEdge. Priced at 199 USD. Comes with 32GB of RAM. Offers 1024GB of internal storage. Battery lasts up to 24 hours. Targeted at the Global market. Noise cancellation: no.""]",1,584,candidate
DEC029_NO_FEEDBACK,train_kb,conservative_noisy_or_conflict_adjusted,4,VoltEdge Headphones Plus 49,has_weight_kg,1.45,voltedge headphones plus 49|has_weight_kg|1.45,1,[0.98],True,0,0.735,0.735,0.88,False,0.735,False,False,"[""product_49""]","[""structured""]","[""structured_row:VoltEdge Headphones Plus 49""]",0,584,candidate
DEC029_NO_FEEDBACK,train_kb,conservative_noisy_or_conflict_adjusted,4,VoltEdge Headphones Plus 49,has_color,blue,voltedge headphones plus 49|has_color|blue,1,[0.98],False,0,0.735,0.735,0.88,False,0.735,False,False,"[""product_49""]","[""structured""]","[""structured_row:VoltEdge Headphones Plus 49""]",0,584,candidate
DEC029_NO_FEEDBACK,train_kb,conservative_noisy_or_conflict_adjusted,4,VoltEdge Headphones Plus 49,made_of_material,plastic,voltedge headphones plus 49|made_of_material|plastic,1,[0.98],True,0,0.735,0.735,0.88,False,0.735,False,False,"[""product_49""]","[""structured""]","[""structured_row:VoltEdge Headphones Plus 49""]",0,584,candidate
DEC029_NO_FEEDBACK,train_kb,conservative_noisy_or_conflict_adjusted,4,VoltEdge Headphones Plus 49,target_market_region,Global,voltedge headphones plus 49|target_market_region|global,3,"[0.98, 0.95, 0.9]",True,0,0.9752390625,0.9752390625,0.88,True,0.9752390625,False,False,"[""product_49"", ""product_49"", ""product_49""]","[""structured"", ""unstructured"", ""unstructured""]","[""structured_row:VoltEdge Headphones Plus 49"", ""VoltEdge Headphones Plus 49 is manufactured by VoltEdge. Priced at 199 USD. Comes with 32GB of RAM. Offers 1024GB of internal storage. Battery lasts up to 24 hours. Targeted at the Global market. Noise cancellation: no."", ""VoltEdge Headphones Plus 49 is manufactured by VoltEdge. Priced at 199 USD. Comes with 32GB of RAM. Offers 1024GB of internal storage. Battery lasts up to 24 hours. Targeted at the Global market. Noise cancellation: no.""]",1,584,candidate
DEC029_NO_FEEDBACK,train_kb,conservative_noisy_or_conflict_adjusted,4,VoltEdge Headphones Plus 49,supports_fast_charging,no,voltedge headphones plus 49|supports_fast_charging|no,1,[0.98],True,0,0.735,0.735,0.88,False,0.735,False,False,"[""product_49""]","[""structured""]","[""structured_row:VoltEdge Headphones Plus 49""]",0,584,candidate
DEC029_NO_FEEDBACK,train_kb,conservative_noisy_or_conflict_adjusted,4,VoltEdge Headphones Plus 49,has_noise_cancellation,no,voltedge headphones plus 49|has_noise_cancellation|no,3,"[0.98, 0.95, 0.9]",True,0,0.9752390625,0.9752390625,0.88,True,0.9752390625,False,False,"[""product_49"", ""product_49"", ""product_49""]","[""structured"", ""unstructured"", ""unstructured""]","[""structured_row:VoltEdge Headphones Plus 49"", ""VoltEdge Headphones Plus 49 is manufactured by VoltEdge. Priced at 199 USD. Comes with 32GB of RAM. Offers 1024GB of internal storage. Battery lasts up to 24 hours. Targeted at the Global market. Noise cancellation: no."", ""VoltEdge Headphones Plus 49 is manufactured by VoltEdge. Priced at 199 USD. Comes with 32GB of RAM. Offers 1024GB of internal storage. Battery lasts up to 24 hours. Targeted at the Global market. Noise cancellation: no.""]",1,584,candidate
DEC029_NO_FEEDBACK,train_kb,conservative_noisy_or_conflict_adjusted,4,NeoTech Headphones Max 50,manufactured_by,NeoTech,neotech headphones max 50|manufactured_by|neotech,1,[0.98],True,0,0.735,0.735,0.88,False,0.735,False,False,"[""product_50""]","[""structured""]","[""structured_row:NeoTech Headphones Max 50""]",0,584,candidate
DEC029_NO_FEEDBACK,train_kb,conservative_noisy_or_conflict_adjusted,4,NeoTech Headphones Max 50,belongs_to_category,headphones,neotech headphones max 50|belongs_to_category|headphones,1,[0.98],True,0,0.735,0.735,0.88,False,0.735,False,False,"[""product_50""]","[""structured""]","[""structured_row:NeoTech Headphones Max 50""]",1,584,candidate
DEC029_NO_FEEDBACK,train_kb,conservative_noisy_or_conflict_adjusted,4,NeoTech Headphones Max 50,has_price_usd,1299,neotech headphones max 50|has_price_usd|1299,1,[0.98],True,0,0.735,0.735,0.88,False,0.735,False,False,"[""product_50""]","[""structured""]","[""structured_row:NeoTech Headphones Max 50""]",0,584,candidate
DEC029_NO_FEEDBACK,train_kb,conservative_noisy_or_conflict_adjusted,4,NeoTech Headphones Max 50,has_screen_size_inch,15.6,neotech headphones max 50|has_screen_size_inch|15.6,1,[0.98],True,0,0.735,0.735,0.88,False,0.735,False,False,"[""product_50""]","[""structured""]","[""structured_row:NeoTech Headphones Max 50""]",1,584,candidate
DEC029_NO_FEEDBACK,train_kb,conservative_noisy_or_conflict_adjusted,4,NeoTech Headphones Max 50,has_ram_gb,12,neotech headphones max 50|has_ram_gb|12,1,[0.98],True,0,0.735,0.735,0.88,False,0.735,False,False,"[""product_50""]","[""structured""]","[""structured_row:NeoTech Headphones Max 50""]",1,584,candidate
DEC029_NO_FEEDBACK,train_kb,conservative_noisy_or_conflict_adjusted,4,NeoTech Headphones Max 50,has_storage_gb,256,neotech headphones max 50|has_storage_gb|256,1,[0.98],True,0,0.735,0.735,0.88,False,0.735,False,False,"[""product_50""]","[""structured""]","[""structured_row:NeoTech Headphones Max 50""]",1,584,candidate
DEC029_NO_FEEDBACK,train_kb,conservative_noisy_or_conflict_adjusted,4,NeoTech Headphones Max 50,has_battery_life_hours,14,neotech headphones max 50|has_battery_life_hours|14,1,[0.98],True,0,0.735,0.735,0.88,False,0.735,False,False,"[""product_50""]","[""structured""]","[""structured_row:NeoTech Headphones Max 50""]",0,584,candidate
DEC029_NO_FEEDBACK,train_kb,conservative_noisy_or_conflict_adjusted,4,NeoTech Headphones Max 50,has_weight_kg,1.2,neotech headphones max 50|has_weight_kg|1.2,1,[0.98],True,0,0.735,0.735,0.88,False,0.735,False,False,"[""product_50""]","[""structured""]","[""structured_row:NeoTech Headphones Max 50""]",0,584,candidate
DEC029_NO_FEEDBACK,train_kb,conservative_noisy_or_conflict_adjusted,4,NeoTech Headphones Max 50,has_color,silver,neotech headphones max 50|has_color|silver,1,[0.98],False,0,0.735,0.735,0.88,False,0.735,False,False,"[""product_50""]","[""structured""]","[""structured_row:NeoTech Headphones Max 50""]",1,584,candidate
DEC029_NO_FEEDBACK,train_kb,conservative_noisy_or_conflict_adjusted,4,NeoTech Headphones Max 50,made_of_material,plastic,neotech headphones max 50|made_of_material|plastic,1,[0.98],True,0,0.735,0.735,0.88,False,0.735,False,False,"[""product_50""]","[""structured""]","[""structured_row:NeoTech Headphones Max 50""]",0,584,candidate
DEC029_NO_FEEDBACK,train_kb,conservative_noisy_or_conflict_adjusted,4,NeoTech Headphones Max 50,target_market_region,Global,neotech headphones max 50|target_market_region|global,1,[0.98],True,0,0.735,0.735,0.88,False,0.735,False,False,"[""product_50""]","[""structured""]","[""structured_row:NeoTech Headphones Max 50""]",1,584,candidate
DEC029_NO_FEEDBACK,train_kb,conservative_noisy_or_conflict_adjusted,4,NeoTech Headphones Max 50,supports_fast_charging,yes,neotech headphones max 50|supports_fast_charging|yes,1,[0.98],True,0,0.735,0.735,0.88,False,0.735,False,False,"[""product_50""]","[""structured""]","[""structured_row:NeoTech Headphones Max 50""]",0,584,candidate
DEC029_NO_FEEDBACK,train_kb,conservative_noisy_or_conflict_adjusted,4,NeoTech Headphones Max 50,has_noise_cancellation,yes,neotech headphones max 50|has_noise_cancellation|yes,1,[0.98],True,0,0.735,0.735,0.88,False,0.735,False,False,"[""product_50""]","[""structured""]","[""structured_row:NeoTech Headphones Max 50""]",1,584,candidate
DEC029_NO_FEEDBACK,train_kb,conservative_noisy_or_conflict_adjusted,4,headphones device,has_ram_gb,12,headphones device|has_ram_gb|12,4,"[0.92, 0.91, 0.93, 0.91]",True,1,0.99054689390625,0.495273446953125,0.88,False,0.48511321875,False,False,"[""product_50"", ""product_50"", ""product_50"", ""product_50""]","[""unstructured"", ""unstructured"", ""unstructured"", ""unstructured""]","[""It is a headphones device. The display measures 15.6 inches. Comes with 12GB of RAM. Offers 256GB of internal storage. Available in silver. Targeted at the Global market. Noise cancellation: yes."", ""It is a headphones device. The display measures 15.6 inches. Comes with 12GB of RAM. Offers 256GB of internal storage. Available in silver. Targeted at the Global market. Noise cancellation: yes."", ""It is a headphones device. The display measures 15.6 inches. Comes with 12GB of RAM. Offers 256GB of internal storage. Available in silver. Targeted at the Global market. Noise cancellation: yes."", ""It is a headphones device. The display measures 15.6 inches. Comes with 12GB of RAM. Offers 256GB of internal storage. Available in silver. Targeted at the Global market. Noise cancellation: yes.""]",0,584,candidate
DEC029_NO_FEEDBACK,train_kb,conservative_noisy_or_conflict_adjusted,4,headphones device,has_storage_gb,256,headphones device|has_storage_gb|256,4,"[0.88, 0.91, 0.94, 0.91]",True,1,0.989889133125,0.4949445665625,0.88,False,0.484077375,False,False,"[""product_50"", ""product_50"", ""product_50"", ""product_50""]","[""unstructured"", ""unstructured"", ""unstructured"", ""unstructured""]","[""It is a headphones device. The display measures 15.6 inches. Comes with 12GB of RAM. Offers 256GB of internal storage. Available in silver. Targeted at the Global market. Noise cancellation: yes."", ""It is a headphones device. The display measures 15.6 inches. Comes with 12GB of RAM. Offers 256GB of internal storage. Available in silver. Targeted at the Global market. Noise cancellation: yes."", ""It is a headphones device. The display measures 15.6 inches. Comes with 12GB of RAM. Offers 256GB of internal storage. Available in silver. Targeted at the Global market. Noise cancellation: yes."", ""It is a headphones device. The display measures 15.6 inches. Comes with 12GB of RAM. Offers 256GB of internal storage. Available in silver. Targeted at the Global market. Noise cancellation: yes.""]",0,584,candidate
DEC029_NO_FEEDBACK,train_kb,conservative_noisy_or_conflict_adjusted,4,headphones device,has_color,silver,headphones device|has_color|silver,4,"[0.9, 0.91, 0.95, 0.91]",False,2,0.990580916015625,0.990580916015625,0.88,True,0.97033359375,False,False,"[""product_50"", ""product_50"", ""product_50"", ""product_50""]","[""unstructured"", ""unstructured"", ""unstructured"", ""unstructured""]","[""It is a headphones device. The display measures 15.6 inches. Comes with 12GB of RAM. Offers 256GB of internal storage. Available in silver. Targeted at the Global market. Noise cancellation: yes."", ""It is a headphones device. The display measures 15.6 inches. Comes with 12GB of RAM. Offers 256GB of internal storage. Available in silver. Targeted at the Global market. Noise cancellation: yes."", ""It is a headphones device. The display measures 15.6 inches. Comes with 12GB of RAM. Offers 256GB of internal storage. Available in silver. Targeted at the Global market. Noise cancellation: yes."", ""It is a headphones device. The display measures 15.6 inches. Comes with 12GB of RAM. Offers 256GB of internal storage. Available in silver. Targeted at the Global market. Noise cancellation: yes.""]",0,584,candidate
DEC029_NO_FEEDBACK,train_kb,conservative_noisy_or_conflict_adjusted,4,headphones device,target_market_region,Global,headphones device|target_market_region|global,4,"[0.86, 0.91, 0.96, 0.91]",True,2,0.98997985875,0.32999328625,0.88,False,0.32281350000000003,False,False,"[""product_50"", ""product_50"", ""product_50"", ""product_50""]","[""unstructured"", ""unstructured"", ""unstructured"", ""unstructured""]","[""It is a headphones device. The display measures 15.6 inches. Comes with 12GB of RAM. Offers 256GB of internal storage. Available in silver. Targeted at the Global market. Noise cancellation: yes."", ""It is a headphones device. The display measures 15.6 inches. Comes with 12GB of RAM. Offers 256GB of internal storage. Available in silver. Targeted at the Global market. Noise cancellation: yes."", ""It is a headphones device. The display measures 15.6 inches. Comes with 12GB of RAM. Offers 256GB of internal storage. Available in silver. Targeted at the Global market. Noise cancellation: yes."", ""It is a headphones device. The display measures 15.6 inches. Comes with 12GB of RAM. Offers 256GB of internal storage. Available in silver. Targeted at the Global market. Noise cancellation: yes.""]",0,584,candidate
DEC029_NO_FEEDBACK,train_kb,conservative_noisy_or_conflict_adjusted,4,smartphone device,has_ram_gb,4,smartphone device|has_ram_gb|4,1,[0.85],True,0,0.6375,0.6375,0.88,False,0.6375,False,False,"[""product_2""]","[""unstructured""]","[""It is a smartphone device. Comes with 4GB of RAM. Offers 128GB of internal storage. Built with carbon fiber construction. Targeted at the EU market. Fast charging is yes. Noise cancellation: no.""]",0,584,candidate
DEC029_NO_FEEDBACK,train_kb,conservative_noisy_or_conflict_adjusted,4,smartphone device,has_storage_gb,128,smartphone device|has_storage_gb|128,1,[0.85],True,0,0.6375,0.6375,0.88,False,0.6375,False,False,"[""product_2""]","[""unstructured""]","[""It is a smartphone device. Comes with 4GB of RAM. Offers 128GB of internal storage. Built with carbon fiber construction. Targeted at the EU market. Fast charging is yes. Noise cancellation: no.""]",0,584,candidate
DEC029_NO_FEEDBACK,train_kb,conservative_noisy_or_conflict_adjusted,4,smartphone device,made_of_material,carbon fiber,smartphone device|made_of_material|carbon fiber,1,[0.85],True,0,0.6375,0.6375,0.88,False,0.6375,False,False,"[""product_2""]","[""unstructured""]","[""It is a smartphone device. Comes with 4GB of RAM. Offers 128GB of internal storage. Built with carbon fiber construction. Targeted at the EU market. Fast charging is yes. Noise cancellation: no.""]",0,584,candidate
DEC029_NO_FEEDBACK,train_kb,conservative_noisy_or_conflict_adjusted,4,smartphone device,target_market_region,EU,smartphone device|target_market_region|eu,1,[0.85],True,0,0.6375,0.6375,0.88,False,0.6375,False,False,"[""product_2""]","[""unstructured""]","[""It is a smartphone device. Comes with 4GB of RAM. Offers 128GB of internal storage. Built with carbon fiber construction. Targeted at the EU market. Fast charging is yes. Noise cancellation: no.""]",0,584,candidate
DEC029_NO_FEEDBACK,train_kb,conservative_noisy_or_conflict_adjusted,4,smartphone device,supports_fast_charging,yes,smartphone device|supports_fast_charging|yes,1,[0.85],True,0,0.6375,0.6375,0.88,False,0.6375,False,False,"[""product_2""]","[""unstructured""]","[""It is a smartphone device. Comes with 4GB of RAM. Offers 128GB of internal storage. Built with carbon fiber construction. Targeted at the EU market. Fast charging is yes. Noise cancellation: no.""]",0,584,candidate
DEC029_NO_FEEDBACK,train_kb,conservative_noisy_or_conflict_adjusted,4,smartphone device,has_noise_cancellation,no,smartphone device|has_noise_cancellation|no,1,[0.85],True,0,0.6375,0.6375,0.88,False,0.6375,False,False,"[""product_2""]","[""unstructured""]","[""It is a smartphone device. Comes with 4GB of RAM. Offers 128GB of internal storage. Built with carbon fiber construction. Targeted at the EU market. Fast charging is yes. Noise cancellation: no.""]",0,584,candidate
DEC029_NO_FEEDBACK,train_kb,conservative_noisy_or_conflict_adjusted,4,The display,has_screen_size_inch,11.0,the display|has_screen_size_inch|11.0,5,"[0.9, 0.91, 0.91, 0.91, 0.91]",True,0,0.9966973824873047,0.9966973824873047,0.88,True,0.9966973824873047,False,False,"[""product_12"", ""product_12"", ""product_12"", ""product_12"", ""product_12""]","[""unstructured"", ""unstructured"", ""unstructured"", ""unstructured"", ""unstructured""]","[""The display measures 11.0 inches. Offers 256GB of internal storage. Battery lasts up to 24 hours. Available in blue. Targeted at the EU market. Fast charging is yes. Noise cancellation: no."", ""The display measures 11.0 inches. Offers 256GB of internal storage. Battery lasts up to 24 hours. Available in blue. Targeted at the EU market. Fast charging is yes. Noise cancellation: no."", ""The display measures 11.0 inches. Offers 256GB of internal storage. Battery lasts up to 24 hours. Available in blue. Targeted at the EU market. Fast charging is yes. Noise cancellation: no."", ""The display measures 11.0 inches. Offers 256GB of internal storage. Battery lasts up to 24 hours. Available in blue. Targeted at the EU market. Fast charging is yes. Noise cancellation: no."", ""The display measures 11.0 inches. Offers 256GB of internal storage. Battery lasts up to 24 hours. Available in blue. Targeted at the EU market. Fast charging is yes. Noise cancellation: no.""]",0,584,candidate
DEC029_NO_FEEDBACK,train_kb,conservative_noisy_or_conflict_adjusted,4,The display,has_storage_gb,256,the display|has_storage_gb|256,3,"[0.9, 0.91, 0.91]",True,0,0.96723796875,0.96723796875,0.88,True,0.96723796875,False,False,"[""product_12"", ""product_12"", ""product_12""]","[""unstructured"", ""unstructured"", ""unstructured""]","[""The display measures 11.0 inches. Offers 256GB of internal storage. Battery lasts up to 24 hours. Available in blue. Targeted at the EU market. Fast charging is yes. Noise cancellation: no."", ""The display measures 11.0 inches. Offers 256GB of internal storage. Battery lasts up to 24 hours. Available in blue. Targeted at the EU market. Fast charging is yes. Noise cancellation: no."", ""The display measures 11.0 inches. Offers 256GB of internal storage. Battery lasts up to 24 hours. Available in blue. Targeted at the EU market. Fast charging is yes. Noise cancellation: no.""]",0,584,candidate
DEC029_NO_FEEDBACK,train_kb,conservative_noisy_or_conflict_adjusted,4,Battery,has_battery_life_hours,24,battery|has_battery_life_hours|24,1,[0.9],True,0,0.675,0.675,0.88,False,0.675,False,False,"[""product_12""]","[""unstructured""]","[""The display measures 11.0 inches. Offers 256GB of internal storage. Battery lasts up to 24 hours. Available in blue. Targeted at the EU market. Fast charging is yes. Noise cancellation: no.""]",0,584,candidate
DEC029_NO_FEEDBACK,train_kb,conservative_noisy_or_conflict_adjusted,4,The product,target_market_region,EU,the product|target_market_region|eu,1,[0.9],True,0,0.675,0.675,0.88,False,0.675,False,False,"[""product_12""]","[""unstructured""]","[""The display measures 11.0 inches. Offers 256GB of internal storage. Battery lasts up to 24 hours. Available in blue. Targeted at the EU market. Fast charging is yes. Noise cancellation: no.""]",0,584,candidate
DEC029_NO_FEEDBACK,train_kb,conservative_noisy_or_conflict_adjusted,4,Fast charging,supports_fast_charging,yes,fast charging|supports_fast_charging|yes,1,[0.9],True,0,0.675,0.675,0.88,False,0.675,False,False,"[""product_12""]","[""unstructured""]","[""The display measures 11.0 inches. Offers 256GB of internal storage. Battery lasts up to 24 hours. Available in blue. Targeted at the EU market. Fast charging is yes. Noise cancellation: no.""]",0,584,candidate
DEC029_NO_FEEDBACK,train_kb,conservative_noisy_or_conflict_adjusted,4,Noise cancellation,has_noise_cancellation,no,noise cancellation|has_noise_cancellation|no,1,[0.9],True,0,0.675,0.675,0.88,False,0.675,False,False,"[""product_12""]","[""unstructured""]","[""The display measures 11.0 inches. Offers 256GB of internal storage. Battery lasts up to 24 hours. Available in blue. Targeted at the EU market. Fast charging is yes. Noise cancellation: no.""]",0,584,candidate
DEC029_NO_FEEDBACK,train_kb,conservative_noisy_or_conflict_adjusted,4,The product,has_color,blue,the product|has_color|blue,1,[0.9],False,0,0.675,0.675,0.88,False,0.675,False,False,"[""product_12""]","[""unstructured""]","[""The display measures 11.0 inches. Offers 256GB of internal storage. Battery lasts up to 24 hours. Available in blue. Targeted at the EU market. Fast charging is yes. Noise cancellation: no.""]",0,584,candidate
DEC029_NO_FEEDBACK,train_kb,conservative_noisy_or_conflict_adjusted,4,PixelWare Smartwatch Max 13,supports_fast_charging,no,pixelware smartwatch max 13|supports_fast_charging|no,2,"[0.95, 0.98]",True,1,0.9238124999999999,0.46190624999999996,0.88,False,0.46190624999999996,False,False,"[""product_13"", ""product_13""]","[""unstructured"", ""unstructured""]","[""PixelWare Smartwatch Max 13 is manufactured by PixelWare. The display measures 14.0 inches. Weighs approximately 0.55kg. Available in white. Built with aluminum construction. Targeted at the APAC market. Noise cancellation: no."", ""PixelWare Smartwatch Max 13 is manufactured by PixelWare. The display measures 14.0 inches. Weighs approximately 0.55kg. Available in white. Built with aluminum construction. Targeted at the APAC market. Noise cancellation: no.""]",0,584,candidate
DEC029_NO_FEEDBACK,train_kb,conservative_noisy_or_conflict_adjusted,4,headphones device,supports_fast_charging,no,headphones device|supports_fast_charging|no,2,"[0.8, 0.85]",True,1,0.855,0.4275,0.88,False,0.30000000000000004,False,False,"[""product_20"", ""product_20""]","[""unstructured"", ""unstructured""]","[""It is a headphones device. Priced at 1299 USD. Offers 512GB of internal storage. Available in white. Built with plastic construction. Targeted at the EU market. Fast charging is no."", ""It is a headphones device. Priced at 1299 USD. Offers 512GB of internal storage. Available in white. Built with plastic construction. Targeted at the EU market. Fast charging is no.""]",0,584,candidate
DEC029_NO_FEEDBACK,train_kb,conservative_noisy_or_conflict_adjusted,4,tablet device,has_price_usd,699,tablet device|has_price_usd|699,2,"[0.85, 0.85]",True,1,0.8685937499999999,0.43429687499999997,0.88,False,0.31875,False,False,"[""product_25"", ""product_25""]","[""unstructured"", ""unstructured""]","[""It is a tablet device. Priced at 699 USD. Offers 512GB of internal storage. Battery lasts up to 20 hours. Built with carbon fiber construction. Targeted at the Global market. Noise cancellation: no."", ""It is a tablet device. Priced at 699 USD. Offers 512GB of internal storage. Battery lasts up to 20 hours. Built with carbon fiber construction. Targeted at the Global market. Noise cancellation: no.""]",0,584,candidate
DEC029_NO_FEEDBACK,train_kb,conservative_noisy_or_conflict_adjusted,4,tablet device,has_storage_gb,512,tablet device|has_storage_gb|512,2,"[0.85, 0.85]",True,0,0.8685937499999999,0.8685937499999999,0.88,False,0.6375,False,False,"[""product_25"", ""product_25""]","[""unstructured"", ""unstructured""]","[""It is a tablet device. Priced at 699 USD. Offers 512GB of internal storage. Battery lasts up to 20 hours. Built with carbon fiber construction. Targeted at the Global market. Noise cancellation: no."", ""It is a tablet device. Priced at 699 USD. Offers 512GB of internal storage. Battery lasts up to 20 hours. Built with carbon fiber construction. Targeted at the Global market. Noise cancellation: no.""]",0,584,candidate
DEC029_NO_FEEDBACK,train_kb,conservative_noisy_or_conflict_adjusted,4,tablet device,has_battery_life_hours,20,tablet device|has_battery_life_hours|20,2,"[0.85, 0.85]",True,1,0.8685937499999999,0.43429687499999997,0.88,False,0.31875,False,False,"[""product_25"", ""product_25""]","[""unstructured"", ""unstructured""]","[""It is a tablet device. Priced at 699 USD. Offers 512GB of internal storage. Battery lasts up to 20 hours. Built with carbon fiber construction. Targeted at the Global market. Noise cancellation: no."", ""It is a tablet device. Priced at 699 USD. Offers 512GB of internal storage. Battery lasts up to 20 hours. Built with carbon fiber construction. Targeted at the Global market. Noise cancellation: no.""]",0,584,candidate
DEC029_NO_FEEDBACK,train_kb,conservative_noisy_or_conflict_adjusted,4,tablet device,made_of_material,carbon fiber,tablet device|made_of_material|carbon fiber,1,[0.85],True,0,0.6375,0.6375,0.88,False,0.6375,False,False,"[""product_25""]","[""unstructured""]","[""It is a tablet device. Priced at 699 USD. Offers 512GB of internal storage. Battery lasts up to 20 hours. Built with carbon fiber construction. Targeted at the Global market. Noise cancellation: no.""]",0,584,candidate
DEC029_NO_FEEDBACK,train_kb,conservative_noisy_or_conflict_adjusted,4,headphones device,has_noise_cancellation,yes,headphones device|has_noise_cancellation|yes,3,"[0.85, 0.85, 0.91]",True,0,0.958278515625,0.958278515625,0.88,True,0.8685937499999999,True,False,"[""product_44"", ""product_44"", ""product_44""]","[""unstructured"", ""unstructured"", ""unstructured""]","[""It is a headphones device. Priced at 199 USD. The display measures 15.6 inches. Comes with 6GB of RAM. Weighs approximately 0.18kg. Targeted at the EU market. Noise cancellation: yes."", ""It is a headphones device. Priced at 199 USD. The display measures 15.6 inches. Comes with 6GB of RAM. Weighs approximately 0.18kg. Targeted at the EU market. Noise cancellation: yes."", ""It is a headphones device. Priced at 199 USD. The display measures 15.6 inches. Comes with 6GB of RAM. Weighs approximately 0.18kg. Targeted at the EU market. Noise cancellation: yes.""]",0,584,candidate
DEC029_NO_FEEDBACK,train_kb,conservative_noisy_or_conflict_adjusted,4,It is a smartphone device,belongs_to_category,smartphone device,it is a smartphone device|belongs_to_category|smartphone device,1,[0.9],True,1,0.675,0.3375,0.88,False,0.3375,False,False,"[""product_2""]","[""unstructured""]","[""It is a smartphone device. Comes with 4GB of RAM. Offers 128GB of internal storage. Built with carbon fiber construction. Targeted at the EU market. Fast charging is yes. Noise cancellation: no.""]",0,584,candidate
DEC029_NO_FEEDBACK,train_kb,conservative_noisy_or_conflict_adjusted,4,It is a smartphone device,manufactured_by,unknown,it is a smartphone device|manufactured_by|unknown,1,[0.85],True,0,0.6375,0.6375,0.88,False,0.6375,False,False,"[""product_2""]","[""unstructured""]","[""It is a smartphone device. Comes with 4GB of RAM. Offers 128GB of internal storage. Built with carbon fiber construction. Targeted at the EU market. Fast charging is yes. Noise cancellation: no.""]",0,584,candidate
DEC029_NO_FEEDBACK,train_kb,conservative_noisy_or_conflict_adjusted,4,The display,has_battery_life_hours,24,the display|has_battery_life_hours|24,2,"[0.91, 0.91]",True,0,0.89919375,0.89919375,0.88,True,0.89919375,False,False,"[""product_12"", ""product_12""]","[""unstructured"", ""unstructured""]","[""The display measures 11.0 inches. Offers 256GB of internal storage. Battery lasts up to 24 hours. Available in blue. Targeted at the EU market. Fast charging is yes. Noise cancellation: no."", ""The display measures 11.0 inches. Offers 256GB of internal storage. Battery lasts up to 24 hours. Available in blue. Targeted at the EU market. Fast charging is yes. Noise cancellation: no.""]",0,584,candidate
DEC029_NO_FEEDBACK,train_kb,conservative_noisy_or_conflict_adjusted,4,The display,has_color,blue,the display|has_color|blue,1,[0.91],False,0,0.6825,0.6825,0.88,False,0.6825,False,False,"[""product_12""]","[""unstructured""]","[""The display measures 11.0 inches. Offers 256GB of internal storage. Battery lasts up to 24 hours. Available in blue. Targeted at the EU market. Fast charging is yes. Noise cancellation: no.""]",0,584,candidate
DEC029_NO_FEEDBACK,train_kb,conservative_noisy_or_conflict_adjusted,4,The display,target_market_region,EU,the display|target_market_region|eu,1,[0.91],True,0,0.6825,0.6825,0.88,False,0.6825,False,False,"[""product_12""]","[""unstructured""]","[""The display measures 11.0 inches. Offers 256GB of internal storage. Battery lasts up to 24 hours. Available in blue. Targeted at the EU market. Fast charging is yes. Noise cancellation: no.""]",0,584,candidate
DEC029_NO_FEEDBACK,train_kb,conservative_noisy_or_conflict_adjusted,4,The display,supports_fast_charging,yes,the display|supports_fast_charging|yes,1,[0.91],True,0,0.6825,0.6825,0.88,False,0.6825,False,False,"[""product_12""]","[""unstructured""]","[""The display measures 11.0 inches. Offers 256GB of internal storage. Battery lasts up to 24 hours. Available in blue. Targeted at the EU market. Fast charging is yes. Noise cancellation: no.""]",0,584,candidate
DEC029_NO_FEEDBACK,train_kb,conservative_noisy_or_conflict_adjusted,4,The display,has_noise_cancellation,no,the display|has_noise_cancellation|no,1,[0.91],True,0,0.6825,0.6825,0.88,False,0.6825,False,False,"[""product_12""]","[""unstructured""]","[""The display measures 11.0 inches. Offers 256GB of internal storage. Battery lasts up to 24 hours. Available in blue. Targeted at the EU market. Fast charging is yes. Noise cancellation: no.""]",0,584,candidate
DEC029_NO_FEEDBACK,train_kb,conservative_noisy_or_conflict_adjusted,4,It is a tablet device,belongs_to_category,tablet device,it is a tablet device|belongs_to_category|tablet device,1,[0.9],True,0,0.675,0.675,0.88,False,0.675,False,False,"[""product_22""]","[""unstructured""]","[""It is a tablet device. Priced at 199 USD. The display measures 6.7 inches. Battery lasts up to 18 hours. Targeted at the Global market. Fast charging is yes. Noise cancellation: no.""]",0,584,candidate
DEC029_NO_FEEDBACK,train_kb,conservative_noisy_or_conflict_adjusted,4,It is a tablet device,has_price_usd,199,it is a tablet device|has_price_usd|199,1,[0.9],True,0,0.675,0.675,0.88,False,0.675,False,False,"[""product_22""]","[""unstructured""]","[""It is a tablet device. Priced at 199 USD. The display measures 6.7 inches. Battery lasts up to 18 hours. Targeted at the Global market. Fast charging is yes. Noise cancellation: no.""]",0,584,candidate
DEC029_NO_FEEDBACK,train_kb,conservative_noisy_or_conflict_adjusted,4,The display measures 6.7 inches,has_screen_size_inch,6.7,the display measures 6.7 inches|has_screen_size_inch|6.7,1,[0.9],True,0,0.675,0.675,0.88,False,0.675,False,False,"[""product_22""]","[""unstructured""]","[""It is a tablet device. Priced at 199 USD. The display measures 6.7 inches. Battery lasts up to 18 hours. Targeted at the Global market. Fast charging is yes. Noise cancellation: no.""]",0,584,candidate
DEC029_NO_FEEDBACK,train_kb,conservative_noisy_or_conflict_adjusted,4,Battery lasts up to 18 hours,has_battery_life_hours,18,battery lasts up to 18 hours|has_battery_life_hours|18,1,[0.9],True,0,0.675,0.675,0.88,False,0.675,False,False,"[""product_22""]","[""unstructured""]","[""It is a tablet device. Priced at 199 USD. The display measures 6.7 inches. Battery lasts up to 18 hours. Targeted at the Global market. Fast charging is yes. Noise cancellation: no.""]",0,584,candidate
DEC029_NO_FEEDBACK,train_kb,conservative_noisy_or_conflict_adjusted,4,Targeted at the Global market,target_market_region,Global,targeted at the global market|target_market_region|global,1,[0.9],True,0,0.675,0.675,0.88,False,0.675,False,False,"[""product_22""]","[""unstructured""]","[""It is a tablet device. Priced at 199 USD. The display measures 6.7 inches. Battery lasts up to 18 hours. Targeted at the Global market. Fast charging is yes. Noise cancellation: no.""]",0,584,candidate
DEC029_NO_FEEDBACK,train_kb,conservative_noisy_or_conflict_adjusted,4,Fast charging is yes,supports_fast_charging,yes,fast charging is yes|supports_fast_charging|yes,1,[0.9],True,0,0.675,0.675,0.88,False,0.675,False,False,"[""product_22""]","[""unstructured""]","[""It is a tablet device. Priced at 199 USD. The display measures 6.7 inches. Battery lasts up to 18 hours. Targeted at the Global market. Fast charging is yes. Noise cancellation: no.""]",0,584,candidate
DEC029_NO_FEEDBACK,train_kb,conservative_noisy_or_conflict_adjusted,4,Noise cancellation: no,has_noise_cancellation,no,noise cancellation: no|has_noise_cancellation|no,1,[0.9],True,0,0.675,0.675,0.88,False,0.675,False,False,"[""product_22""]","[""unstructured""]","[""It is a tablet device. Priced at 199 USD. The display measures 6.7 inches. Battery lasts up to 18 hours. Targeted at the Global market. Fast charging is yes. Noise cancellation: no.""]",0,584,candidate
DEC029_NO_FEEDBACK,train_kb,conservative_noisy_or_conflict_adjusted,4,TechNova Smartphone Pro 1,has_ram_gb,6,technova smartphone pro 1|has_ram_gb|6,1,[0.8],True,2,0.6000000000000001,0.20000000000000004,0.88,False,0.20000000000000004,False,False,"[""product_23""]","[""unstructured""]","[""It is a headphones device. The display measures 6.7 inches. Comes with 6GB of RAM. Weighs approximately 1.2kg. Available in green. Targeted at the APAC market. Fast charging is yes.""]",0,584,candidate
DEC029_NO_FEEDBACK,train_kb,conservative_noisy_or_conflict_adjusted,4,TechNova Smartphone Pro 1,has_weight_kg,1.2,technova smartphone pro 1|has_weight_kg|1.2,1,[0.8],True,3,0.6000000000000001,0.15000000000000002,0.88,False,0.15000000000000002,False,False,"[""product_23""]","[""unstructured""]","[""It is a headphones device. The display measures 6.7 inches. Comes with 6GB of RAM. Weighs approximately 1.2kg. Available in green. Targeted at the APAC market. Fast charging is yes.""]",0,584,candidate
DEC029_NO_FEEDBACK,train_kb,conservative_noisy_or_conflict_adjusted,4,TechNova Smartphone Pro 1,has_color,green,technova smartphone pro 1|has_color|green,1,[0.8],False,4,0.6000000000000001,0.6000000000000001,0.88,False,0.6000000000000001,False,False,"[""product_23""]","[""unstructured""]","[""It is a headphones device. The display measures 6.7 inches. Comes with 6GB of RAM. Weighs approximately 1.2kg. Available in green. Targeted at the APAC market. Fast charging is yes.""]",0,584,candidate
DEC029_NO_FEEDBACK,train_kb,conservative_noisy_or_conflict_adjusted,4,TechNova Smartphone Pro 1,has_battery_life_hours,no,technova smartphone pro 1|has_battery_life_hours|no,1,[0.91],True,2,0.6825,0.2275,0.88,False,0.34125,False,False,"[""product_41""]","[""unstructured""]","[""Priced at 249 USD. The display measures 6.7 inches. Comes with 12GB of RAM. Weighs approximately 0.18kg. Built with carbon fiber construction. Fast charging is no. Noise cancellation: yes.""]",0,584,candidate
DEC029_NO_FEEDBACK,train_kb,conservative_noisy_or_conflict_adjusted,4,TechNova Smartphone Pro 1,has_color,silver,technova smartphone pro 1|has_color|silver,1,[0.91],False,4,0.6825,0.6825,0.88,False,0.6825,False,False,"[""product_48""]","[""unstructured""]","[""It is a laptop device. Priced at 899 USD. Offers 64GB of internal storage. Weighs approximately 0.55kg. Available in silver. Built with carbon fiber construction. Targeted at the US market.""]",0,584,candidate
DEC029_NO_FEEDBACK,train_kb,conservative_noisy_or_conflict_adjusted,4,It is a smartphone device,has_ram_gb,4GB,it is a smartphone device|has_ram_gb|4gb,1,[0.91],True,1,0.6825,0.34125,0.88,False,,False,False,"[""product_2""]","[""unstructured""]","[""It is a smartphone device. Comes with 4GB of RAM. Offers 128GB of internal storage. Built with carbon fiber construction. Targeted at the EU market. Fast charging is yes. Noise cancellation: no.""]",0,584,candidate
DEC029_NO_FEEDBACK,train_kb,conservative_noisy_or_conflict_adjusted,4,It is a smartphone device,has_storage_gb,128GB,it is a smartphone device|has_storage_gb|128gb,1,[0.91],True,1,0.6825,0.34125,0.88,False,,False,False,"[""product_2""]","[""unstructured""]","[""It is a smartphone device. Comes with 4GB of RAM. Offers 128GB of internal storage. Built with carbon fiber construction. Targeted at the EU market. Fast charging is yes. Noise cancellation: no.""]",0,584,candidate
DEC029_NO_FEEDBACK,train_kb,conservative_noisy_or_conflict_adjusted,4,The display measures 11.0 inches.,has_screen_size_inch,11.0,the display measures 11.0 inches.|has_screen_size_inch|11.0,2,"[0.9, 0.9]",True,0,0.894375,0.894375,0.88,True,,True,False,"[""product_12"", ""product_12""]","[""unstructured"", ""unstructured""]","[""The display measures 11.0 inches. Offers 256GB of internal storage. Battery lasts up to 24 hours. Available in blue. Targeted at the EU market. Fast charging is yes. Noise cancellation: no."", ""The display measures 11.0 inches. Offers 256GB of internal storage. Battery lasts up to 24 hours. Available in blue. Targeted at the EU market. Fast charging is yes. Noise cancellation: no.""]",0,584,candidate
DEC029_NO_FEEDBACK,train_kb,conservative_noisy_or_conflict_adjusted,4,Offers 256GB of internal storage.,has_storage_gb,256,offers 256gb of internal storage.|has_storage_gb|256,1,[0.9],True,0,0.675,0.675,0.88,False,,False,False,"[""product_12""]","[""unstructured""]","[""The display measures 11.0 inches. Offers 256GB of internal storage. Battery lasts up to 24 hours. Available in blue. Targeted at the EU market. Fast charging is yes. Noise cancellation: no.""]",0,584,candidate
DEC029_NO_FEEDBACK,train_kb,conservative_noisy_or_conflict_adjusted,4,Battery lasts up to 24 hours.,has_battery_life_hours,24,battery lasts up to 24 hours.|has_battery_life_hours|24,1,[0.9],True,0,0.675,0.675,0.88,False,,False,False,"[""product_12""]","[""unstructured""]","[""The display measures 11.0 inches. Offers 256GB of internal storage. Battery lasts up to 24 hours. Available in blue. Targeted at the EU market. Fast charging is yes. Noise cancellation: no.""]",0,584,candidate
DEC029_NO_FEEDBACK,train_kb,conservative_noisy_or_conflict_adjusted,4,Available in blue.,has_color,blue,available in blue.|has_color|blue,1,[0.9],False,0,0.675,0.675,0.88,False,,False,False,"[""product_12""]","[""unstructured""]","[""The display measures 11.0 inches. Offers 256GB of internal storage. Battery lasts up to 24 hours. Available in blue. Targeted at the EU market. Fast charging is yes. Noise cancellation: no.""]",0,584,candidate
DEC029_NO_FEEDBACK,train_kb,conservative_noisy_or_conflict_adjusted,4,Targeted at the EU market.,target_market_region,EU,targeted at the eu market.|target_market_region|eu,1,[0.9],True,0,0.675,0.675,0.88,False,,False,False,"[""product_12""]","[""unstructured""]","[""The display measures 11.0 inches. Offers 256GB of internal storage. Battery lasts up to 24 hours. Available in blue. Targeted at the EU market. Fast charging is yes. Noise cancellation: no.""]",0,584,candidate
DEC029_NO_FEEDBACK,train_kb,conservative_noisy_or_conflict_adjusted,4,Fast charging is yes.,supports_fast_charging,yes,fast charging is yes.|supports_fast_charging|yes,1,[0.9],True,0,0.675,0.675,0.88,False,,False,False,"[""product_12""]","[""unstructured""]","[""The display measures 11.0 inches. Offers 256GB of internal storage. Battery lasts up to 24 hours. Available in blue. Targeted at the EU market. Fast charging is yes. Noise cancellation: no.""]",0,584,candidate
DEC029_NO_FEEDBACK,train_kb,conservative_noisy_or_conflict_adjusted,4,Noise cancellation: no.,has_noise_cancellation,no,noise cancellation: no.|has_noise_cancellation|no,1,[0.9],True,0,0.675,0.675,0.88,False,,False,False,"[""product_12""]","[""unstructured""]","[""The display measures 11.0 inches. Offers 256GB of internal storage. Battery lasts up to 24 hours. Available in blue. Targeted at the EU market. Fast charging is yes. Noise cancellation: no.""]",0,584,candidate
DEC029_NO_FEEDBACK,train_kb,conservative_noisy_or_conflict_adjusted,4,tablet device,has_color,no,tablet device|has_color|no,1,[0.85],False,0,0.6375,0.6375,0.88,False,,False,False,"[""product_25""]","[""unstructured""]","[""It is a tablet device. Priced at 699 USD. Offers 512GB of internal storage. Battery lasts up to 20 hours. Built with carbon fiber construction. Targeted at the Global market. Noise cancellation: no.""]",0,584,candidate
DEC029_NO_FEEDBACK,train_kb,conservative_noisy_or_conflict_adjusted,4,TechNova Smartphone Pro 1,has_battery_life_hours,0,technova smartphone pro 1|has_battery_life_hours|0,1,[0.91],True,2,0.6825,0.2275,0.88,False,,False,False,"[""product_41""]","[""unstructured""]","[""Priced at 249 USD. The display measures 6.7 inches. Comes with 12GB of RAM. Weighs approximately 0.18kg. Built with carbon fiber construction. Fast charging is no. Noise cancellation: yes.""]",0,584,candidate
DEC029_NO_FEEDBACK,train_kb,conservative_noisy_or_conflict_adjusted,4,TechNova Smartphone Pro 1,has_color,no,technova smartphone pro 1|has_color|no,1,[0.91],False,4,0.6825,0.6825,0.88,False,,False,False,"[""product_41""]","[""unstructured""]","[""Priced at 249 USD. The display measures 6.7 inches. Comes with 12GB of RAM. Weighs approximately 0.18kg. Built with carbon fiber construction. Fast charging is no. Noise cancellation: yes.""]",0,584,candidate
DEC029_NO_FEEDBACK,train_kb,conservative_noisy_or_conflict_adjusted,4,It is a laptop device,belongs_to_category,laptop,it is a laptop device|belongs_to_category|laptop,1,[0.8],True,0,0.6000000000000001,0.6000000000000001,0.88,False,,False,False,"[""product_48""]","[""unstructured""]","[""It is a laptop device. Priced at 899 USD. Offers 64GB of internal storage. Weighs approximately 0.55kg. Available in silver. Built with carbon fiber construction. Targeted at the US market.""]",0,584,candidate
DEC029_NO_FEEDBACK,train_kb,conservative_noisy_or_conflict_adjusted,4,It is a laptop device,has_price_usd,899,it is a laptop device|has_price_usd|899,1,[0.8],True,0,0.6000000000000001,0.6000000000000001,0.88,False,,False,False,"[""product_48""]","[""unstructured""]","[""It is a laptop device. Priced at 899 USD. Offers 64GB of internal storage. Weighs approximately 0.55kg. Available in silver. Built with carbon fiber construction. Targeted at the US market.""]",0,584,candidate
DEC029_NO_FEEDBACK,train_kb,conservative_noisy_or_conflict_adjusted,4,It is a laptop device,has_storage_gb,64,it is a laptop device|has_storage_gb|64,1,[0.8],True,0,0.6000000000000001,0.6000000000000001,0.88,False,,False,False,"[""product_48""]","[""unstructured""]","[""It is a laptop device. Priced at 899 USD. Offers 64GB of internal storage. Weighs approximately 0.55kg. Available in silver. Built with carbon fiber construction. Targeted at the US market.""]",0,584,candidate
DEC029_NO_FEEDBACK,train_kb,conservative_noisy_or_conflict_adjusted,4,It is a laptop device,has_weight_kg,0.55,it is a laptop device|has_weight_kg|0.55,1,[0.8],True,0,0.6000000000000001,0.6000000000000001,0.88,False,,False,False,"[""product_48""]","[""unstructured""]","[""It is a laptop device. Priced at 899 USD. Offers 64GB of internal storage. Weighs approximately 0.55kg. Available in silver. Built with carbon fiber construction. Targeted at the US market.""]",0,584,candidate
DEC029_NO_FEEDBACK,train_kb,conservative_noisy_or_conflict_adjusted,4,It is a laptop device,has_color,silver,it is a laptop device|has_color|silver,1,[0.8],False,0,0.6000000000000001,0.6000000000000001,0.88,False,,False,False,"[""product_48""]","[""unstructured""]","[""It is a laptop device. Priced at 899 USD. Offers 64GB of internal storage. Weighs approximately 0.55kg. Available in silver. Built with carbon fiber construction. Targeted at the US market.""]",0,584,candidate
DEC029_NO_FEEDBACK,train_kb,conservative_noisy_or_conflict_adjusted,4,It is a laptop device,made_of_material,carbon fiber,it is a laptop device|made_of_material|carbon fiber,1,[0.8],True,0,0.6000000000000001,0.6000000000000001,0.88,False,,False,False,"[""product_48""]","[""unstructured""]","[""It is a laptop device. Priced at 899 USD. Offers 64GB of internal storage. Weighs approximately 0.55kg. Available in silver. Built with carbon fiber construction. Targeted at the US market.""]",0,584,candidate
DEC029_NO_FEEDBACK,train_kb,conservative_noisy_or_conflict_adjusted,4,It is a laptop device,target_market_region,US,it is a laptop device|target_market_region|us,1,[0.8],True,0,0.6000000000000001,0.6000000000000001,0.88,False,,False,False,"[""product_48""]","[""unstructured""]","[""It is a laptop device. Priced at 899 USD. Offers 64GB of internal storage. Weighs approximately 0.55kg. Available in silver. Built with carbon fiber construction. Targeted at the US market.""]",0,584,candidate
