experiment_id,run_id,prob_kb_version,iteration,subject,predicate,object,triple_key,observation_count,observation_confidences,functional_predicate,competitor_count,conservative_noisy_or_support,conflict_adjusted_final_confidence,threshold,above_threshold,previous_final_confidence,crossed_threshold_up,crossed_threshold_down,source_ids,source_types,provenance,gold_label,kb_size,status
DEC023_NO_FEEDBACK,train_kb,conservative_noisy_or_conflict_adjusted,3,VoltEdge Headphones Lite 1,manufactured_by,VoltEdge,voltedge headphones lite 1|manufactured_by|voltedge,2,"[0.98, 1.0]",True,0,0.93375,0.93375,0.88,True,0.93375,False,False,"[""product_1"", ""product_1""]","[""structured"", ""unstructured""]","[""structured_row:VoltEdge Headphones Lite 1"", ""VoltEdge Headphones Lite 1 is manufactured by VoltEdge. It is a headphones device. Priced at 699 USD. Comes with 4GB of RAM. Weighs approximately 0.18kg. Targeted at the EU market. Fast charging is no.""]",1,542,candidate
DEC023_NO_FEEDBACK,train_kb,conservative_noisy_or_conflict_adjusted,3,VoltEdge Headphones Lite 1,belongs_to_category,headphones,voltedge headphones lite 1|belongs_to_category|headphones,1,[0.98],True,0,0.735,0.735,0.88,False,0.735,False,False,"[""product_1""]","[""structured""]","[""structured_row:VoltEdge Headphones Lite 1""]",1,542,candidate
DEC023_NO_FEEDBACK,train_kb,conservative_noisy_or_conflict_adjusted,3,VoltEdge Headphones Lite 1,has_price_usd,699,voltedge headphones lite 1|has_price_usd|699,2,"[0.98, 1.0]",True,0,0.93375,0.93375,0.88,True,0.93375,False,False,"[""product_1"", ""product_1""]","[""structured"", ""unstructured""]","[""structured_row:VoltEdge Headphones Lite 1"", ""VoltEdge Headphones Lite 1 is manufactured by VoltEdge. It is a headphones device. Priced at 699 USD. Comes with 4GB of RAM. Weighs approximately 0.18kg. Targeted at the EU market. Fast charging is no.""]",1,542,candidate
DEC023_NO_FEEDBACK,train_kb,conservative_noisy_or_conflict_adjusted,3,VoltEdge Headphones Lite 1,has_screen_size_inch,6.1,voltedge headphones lite 1|has_screen_size_inch|6.1,1,[0.98],True,0,0.735,0.735,0.88,False,0.735,False,False,"[""product_1""]","[""structured""]","[""structured_row:VoltEdge Headphones Lite 1""]",0,542,candidate
DEC023_NO_FEEDBACK,train_kb,conservative_noisy_or_conflict_adjusted,3,VoltEdge Headphones Lite 1,has_ram_gb,4,voltedge headphones lite 1|has_ram_gb|4,2,"[0.98, 1.0]",True,0,0.93375,0.93375,0.88,True,0.93375,False,False,"[""product_1"", ""product_1""]","[""structured"", ""unstructured""]","[""structured_row:VoltEdge Headphones Lite 1"", ""VoltEdge Headphones Lite 1 is manufactured by VoltEdge. It is a headphones device. Priced at 699 USD. Comes with 4GB of RAM. Weighs approximately 0.18kg. Targeted at the EU market. Fast charging is no.""]",1,542,candidate
DEC023_NO_FEEDBACK,train_kb,conservative_noisy_or_conflict_adjusted,3,VoltEdge Headphones Lite 1,has_storage_gb,512,voltedge headphones lite 1|has_storage_gb|512,1,[0.98],True,0,0.735,0.735,0.88,False,0.735,False,False,"[""product_1""]","[""structured""]","[""structured_row:VoltEdge Headphones Lite 1""]",0,542,candidate
DEC023_NO_FEEDBACK,train_kb,conservative_noisy_or_conflict_adjusted,3,VoltEdge Headphones Lite 1,has_battery_life_hours,8,voltedge headphones lite 1|has_battery_life_hours|8,1,[0.98],True,0,0.735,0.735,0.88,False,0.735,False,False,"[""product_1""]","[""structured""]","[""structured_row:VoltEdge Headphones Lite 1""]",0,542,candidate
DEC023_NO_FEEDBACK,train_kb,conservative_noisy_or_conflict_adjusted,3,VoltEdge Headphones Lite 1,has_weight_kg,0.18,voltedge headphones lite 1|has_weight_kg|0.18,2,"[0.98, 1.0]",True,0,0.93375,0.93375,0.88,True,0.93375,False,False,"[""product_1"", ""product_1""]","[""structured"", ""unstructured""]","[""structured_row:VoltEdge Headphones Lite 1"", ""VoltEdge Headphones Lite 1 is manufactured by VoltEdge. It is a headphones device. Priced at 699 USD. Comes with 4GB of RAM. Weighs approximately 0.18kg. Targeted at the EU market. Fast charging is no.""]",1,542,candidate
DEC023_NO_FEEDBACK,train_kb,conservative_noisy_or_conflict_adjusted,3,VoltEdge Headphones Lite 1,has_color,white,voltedge headphones lite 1|has_color|white,1,[0.98],False,0,0.735,0.735,0.88,False,0.735,False,False,"[""product_1""]","[""structured""]","[""structured_row:VoltEdge Headphones Lite 1""]",0,542,candidate
DEC023_NO_FEEDBACK,train_kb,conservative_noisy_or_conflict_adjusted,3,VoltEdge Headphones Lite 1,made_of_material,plastic,voltedge headphones lite 1|made_of_material|plastic,1,[0.98],True,0,0.735,0.735,0.88,False,0.735,False,False,"[""product_1""]","[""structured""]","[""structured_row:VoltEdge Headphones Lite 1""]",0,542,candidate
DEC023_NO_FEEDBACK,train_kb,conservative_noisy_or_conflict_adjusted,3,VoltEdge Headphones Lite 1,target_market_region,EU,voltedge headphones lite 1|target_market_region|eu,2,"[0.98, 1.0]",True,0,0.93375,0.93375,0.88,True,0.93375,False,False,"[""product_1"", ""product_1""]","[""structured"", ""unstructured""]","[""structured_row:VoltEdge Headphones Lite 1"", ""VoltEdge Headphones Lite 1 is manufactured by VoltEdge. It is a headphones device. Priced at 699 USD. Comes with 4GB of RAM. Weighs approximately 0.18kg. Targeted at the EU market. Fast charging is no.""]",1,542,candidate
DEC023_NO_FEEDBACK,train_kb,conservative_noisy_or_conflict_adjusted,3,VoltEdge Headphones Lite 1,supports_fast_charging,no,voltedge headphones lite 1|supports_fast_charging|no,2,"[0.98, 1.0]",True,0,0.93375,0.93375,0.88,True,0.93375,False,False,"[""product_1"", ""product_1""]","[""structured"", ""unstructured""]","[""structured_row:VoltEdge Headphones Lite 1"", ""VoltEdge Headphones Lite 1 is manufactured by VoltEdge. It is a headphones device. Priced at 699 USD. Comes with 4GB of RAM. Weighs approximately 0.18kg. Targeted at the EU market. Fast charging is no.""]",1,542,candidate
DEC023_NO_FEEDBACK,train_kb,conservative_noisy_or_conflict_adjusted,3,VoltEdge Headphones Lite 1,has_noise_cancellation,yes,voltedge headphones lite 1|has_noise_cancellation|yes,1,[0.98],True,0,0.735,0.735,0.88,False,0.735,False,False,"[""product_1""]","[""structured""]","[""structured_row:VoltEdge Headphones Lite 1""]",0,542,candidate
DEC023_NO_FEEDBACK,train_kb,conservative_noisy_or_conflict_adjusted,3,PixelWare Laptop Max 2,manufactured_by,PixelWare,pixelware laptop max 2|manufactured_by|pixelware,4,"[0.98, 0.85, 0.9, 0.95]",True,0,0.99102416015625,0.99102416015625,0.88,True,0.9687796875,False,False,"[""product_2"", ""product_2"", ""product_2"", ""product_2""]","[""structured"", ""unstructured"", ""unstructured"", ""unstructured""]","[""structured_row:PixelWare Laptop Max 2"", ""PixelWare Laptop Max 2 is manufactured by PixelWare. It is a laptop device. Offers 256GB of internal storage. Battery lasts up to 12 hours. Available in white. Fast charging is no. Noise cancellation: no."", ""PixelWare Laptop Max 2 is manufactured by PixelWare. It is a laptop device. Offers 256GB of internal storage. Battery lasts up to 12 hours. Available in white. Fast charging is no. Noise cancellation: no."", ""PixelWare Laptop Max 2 is manufactured by PixelWare. It is a laptop device. Offers 256GB of internal storage. Battery lasts up to 12 hours. Available in white. Fast charging is no. Noise cancellation: no.""]",1,542,candidate
DEC023_NO_FEEDBACK,train_kb,conservative_noisy_or_conflict_adjusted,3,PixelWare Laptop Max 2,belongs_to_category,laptop,pixelware laptop max 2|belongs_to_category|laptop,1,[0.98],True,1,0.735,0.3675,0.88,False,0.3675,False,False,"[""product_2""]","[""structured""]","[""structured_row:PixelWare Laptop Max 2""]",1,542,candidate
DEC023_NO_FEEDBACK,train_kb,conservative_noisy_or_conflict_adjusted,3,PixelWare Laptop Max 2,has_price_usd,199,pixelware laptop max 2|has_price_usd|199,1,[0.98],True,0,0.735,0.735,0.88,False,0.735,False,False,"[""product_2""]","[""structured""]","[""structured_row:PixelWare Laptop Max 2""]",0,542,candidate
DEC023_NO_FEEDBACK,train_kb,conservative_noisy_or_conflict_adjusted,3,PixelWare Laptop Max 2,has_screen_size_inch,6.1,pixelware laptop max 2|has_screen_size_inch|6.1,1,[0.98],True,0,0.735,0.735,0.88,False,0.735,False,False,"[""product_2""]","[""structured""]","[""structured_row:PixelWare Laptop Max 2""]",0,542,candidate
DEC023_NO_FEEDBACK,train_kb,conservative_noisy_or_conflict_adjusted,3,PixelWare Laptop Max 2,has_ram_gb,6,pixelware laptop max 2|has_ram_gb|6,1,[0.98],True,0,0.735,0.735,0.88,False,0.735,False,False,"[""product_2""]","[""structured""]","[""structured_row:PixelWare Laptop Max 2""]",0,542,candidate
DEC023_NO_FEEDBACK,train_kb,conservative_noisy_or_conflict_adjusted,3,PixelWare Laptop Max 2,has_storage_gb,256,pixelware laptop max 2|has_storage_gb|256,2,"[0.98, 0.94]",True,1,0.921825,0.4609125,0.88,False,0.3675,False,False,"[""product_2"", ""product_2""]","[""structured"", ""unstructured""]","[""structured_row:PixelWare Laptop Max 2"", ""PixelWare Laptop Max 2 is manufactured by PixelWare. It is a laptop device. Offers 256GB of internal storage. Battery lasts up to 12 hours. Available in white. Fast charging is no. Noise cancellation: no.""]",1,542,candidate
DEC023_NO_FEEDBACK,train_kb,conservative_noisy_or_conflict_adjusted,3,PixelWare Laptop Max 2,has_battery_life_hours,12,pixelware laptop max 2|has_battery_life_hours|12,4,"[0.98, 0.88, 0.9, 0.96]",True,0,0.9918009,0.9918009,0.88,True,0.9707175,False,False,"[""product_2"", ""product_2"", ""product_2"", ""product_2""]","[""structured"", ""unstructured"", ""unstructured"", ""unstructured""]","[""structured_row:PixelWare Laptop Max 2"", ""PixelWare Laptop Max 2 is manufactured by PixelWare. It is a laptop device. Offers 256GB of internal storage. Battery lasts up to 12 hours. Available in white. Fast charging is no. Noise cancellation: no."", ""PixelWare Laptop Max 2 is manufactured by PixelWare. It is a laptop device. Offers 256GB of internal storage. Battery lasts up to 12 hours. Available in white. Fast charging is no. Noise cancellation: no."", ""PixelWare Laptop Max 2 is manufactured by PixelWare. It is a laptop device. Offers 256GB of internal storage. Battery lasts up to 12 hours. Available in white. Fast charging is no. Noise cancellation: no.""]",1,542,candidate
DEC023_NO_FEEDBACK,train_kb,conservative_noisy_or_conflict_adjusted,3,PixelWare Laptop Max 2,has_weight_kg,0.42,pixelware laptop max 2|has_weight_kg|0.42,1,[0.98],True,0,0.735,0.735,0.88,False,0.735,False,False,"[""product_2""]","[""structured""]","[""structured_row:PixelWare Laptop Max 2""]",0,542,candidate
DEC023_NO_FEEDBACK,train_kb,conservative_noisy_or_conflict_adjusted,3,PixelWare Laptop Max 2,has_color,white,pixelware laptop max 2|has_color|white,4,"[0.98, 0.91, 0.9, 0.93]",False,0,0.99172823203125,0.99172823203125,0.88,True,0.9726553125,False,False,"[""product_2"", ""product_2"", ""product_2"", ""product_2""]","[""structured"", ""unstructured"", ""unstructured"", ""unstructured""]","[""structured_row:PixelWare Laptop Max 2"", ""PixelWare Laptop Max 2 is manufactured by PixelWare. It is a laptop device. Offers 256GB of internal storage. Battery lasts up to 12 hours. Available in white. Fast charging is no. Noise cancellation: no."", ""PixelWare Laptop Max 2 is manufactured by PixelWare. It is a laptop device. Offers 256GB of internal storage. Battery lasts up to 12 hours. Available in white. Fast charging is no. Noise cancellation: no."", ""PixelWare Laptop Max 2 is manufactured by PixelWare. It is a laptop device. Offers 256GB of internal storage. Battery lasts up to 12 hours. Available in white. Fast charging is no. Noise cancellation: no.""]",1,542,candidate
DEC023_NO_FEEDBACK,train_kb,conservative_noisy_or_conflict_adjusted,3,PixelWare Laptop Max 2,made_of_material,aluminum,pixelware laptop max 2|made_of_material|aluminum,1,[0.98],True,0,0.735,0.735,0.88,False,0.735,False,False,"[""product_2""]","[""structured""]","[""structured_row:PixelWare Laptop Max 2""]",0,542,candidate
DEC023_NO_FEEDBACK,train_kb,conservative_noisy_or_conflict_adjusted,3,PixelWare Laptop Max 2,target_market_region,Global,pixelware laptop max 2|target_market_region|global,1,[0.98],True,0,0.735,0.735,0.88,False,0.735,False,False,"[""product_2""]","[""structured""]","[""structured_row:PixelWare Laptop Max 2""]",0,542,candidate
DEC023_NO_FEEDBACK,train_kb,conservative_noisy_or_conflict_adjusted,3,PixelWare Laptop Max 2,supports_fast_charging,no,pixelware laptop max 2|supports_fast_charging|no,4,"[0.98, 0.85, 0.9, 0.91]",True,0,0.99008755078125,0.99008755078125,0.88,True,0.9687796875,False,False,"[""product_2"", ""product_2"", ""product_2"", ""product_2""]","[""structured"", ""unstructured"", ""unstructured"", ""unstructured""]","[""structured_row:PixelWare Laptop Max 2"", ""PixelWare Laptop Max 2 is manufactured by PixelWare. It is a laptop device. Offers 256GB of internal storage. Battery lasts up to 12 hours. Available in white. Fast charging is no. Noise cancellation: no."", ""PixelWare Laptop Max 2 is manufactured by PixelWare. It is a laptop device. Offers 256GB of internal storage. Battery lasts up to 12 hours. Available in white. Fast charging is no. Noise cancellation: no."", ""PixelWare Laptop Max 2 is manufactured by PixelWare. It is a laptop device. Offers 256GB of internal storage. Battery lasts up to 12 hours. Available in white. Fast charging is no. Noise cancellation: no.""]",1,542,candidate
DEC023_NO_FEEDBACK,train_kb,conservative_noisy_or_conflict_adjusted,3,PixelWare Laptop Max 2,has_noise_cancellation,no,pixelware laptop max 2|has_noise_cancellation|no,4,"[0.98, 0.86, 0.9, 0.9]",True,0,0.990063328125,0.990063328125,0.88,True,0.969425625,False,False,"[""product_2"", ""product_2"", ""product_2"", ""product_2""]","[""structured"", ""unstructured"", ""unstructured"", ""unstructured""]","[""structured_row:PixelWare Laptop Max 2"", ""PixelWare Laptop Max 2 is manufactured by PixelWare. It is a laptop device. Offers 256GB of internal storage. Battery lasts up to 12 hours. Available in white. Fast charging is no. Noise cancellation: no."", ""PixelWare Laptop Max 2 is manufactured by PixelWare. It is a laptop device. Offers 256GB of internal storage. Battery lasts up to 12 hours. Available in white. Fast charging is no. Noise cancellation: no."", ""PixelWare Laptop Max 2 is manufactured by PixelWare. It is a laptop device. Offers 256GB of internal storage. Battery lasts up to 12 hours. Available in white. Fast charging is no. Noise cancellation: no.""]",1,542,candidate
DEC023_NO_FEEDBACK,train_kb,conservative_noisy_or_conflict_adjusted,3,PixelWare Laptop Max 2,belongs_to_category,laptop device,pixelware laptop max 2|belongs_to_category|laptop device,3,"[0.92, 0.9, 0.92]",True,1,0.9687675,0.48438375,0.88,False,0.449625,False,False,"[""product_2"", ""product_2"", ""product_2""]","[""unstructured"", ""unstructured"", ""unstructured""]","[""PixelWare Laptop Max 2 is manufactured by PixelWare. It is a laptop device. Offers 256GB of internal storage. Battery lasts up to 12 hours. Available in white. Fast charging is no. Noise cancellation: no."", ""PixelWare Laptop Max 2 is manufactured by PixelWare. It is a laptop device. Offers 256GB of internal storage. Battery lasts up to 12 hours. Available in white. Fast charging is no. Noise cancellation: no."", ""PixelWare Laptop Max 2 is manufactured by PixelWare. It is a laptop device. Offers 256GB of internal storage. Battery lasts up to 12 hours. Available in white. Fast charging is no. Noise cancellation: no.""]",0,542,candidate
DEC023_NO_FEEDBACK,train_kb,conservative_noisy_or_conflict_adjusted,3,PixelWare Laptop Max 2,has_storage_gb,256GB,pixelware laptop max 2|has_storage_gb|256gb,2,"[0.9, 0.9]",True,1,0.894375,0.4471875,0.88,False,0.4471875,False,False,"[""product_2"", ""product_2""]","[""unstructured"", ""unstructured""]","[""PixelWare Laptop Max 2 is manufactured by PixelWare. It is a laptop device. Offers 256GB of internal storage. Battery lasts up to 12 hours. Available in white. Fast charging is no. Noise cancellation: no."", ""PixelWare Laptop Max 2 is manufactured by PixelWare. It is a laptop device. Offers 256GB of internal storage. Battery lasts up to 12 hours. Available in white. Fast charging is no. Noise cancellation: no.""]",0,542,candidate
DEC023_NO_FEEDBACK,train_kb,conservative_noisy_or_conflict_adjusted,3,PixelWare Tablet Plus 8,manufactured_by,PixelWare,pixelware tablet plus 8|manufactured_by|pixelware,3,"[0.98, 0.95, 0.95]",True,0,0.97809609375,0.97809609375,0.88,True,0.9238124999999999,False,False,"[""product_8"", ""product_8"", ""product_8""]","[""structured"", ""unstructured"", ""unstructured""]","[""structured_row:PixelWare Tablet Plus 8"", ""PixelWare Tablet Plus 8 is manufactured by PixelWare. It is a tablet device. Battery lasts up to 18 hours. Weighs approximately 1.45kg. Built with plastic construction. Targeted at the Global market. Noise cancellation: no."", ""PixelWare Tablet Plus 8 is manufactured by PixelWare. It is a tablet device. Battery lasts up to 18 hours. Weighs approximately 1.45kg. Built with plastic construction. Targeted at the Global market. Noise cancellation: no.""]",1,542,candidate
DEC023_NO_FEEDBACK,train_kb,conservative_noisy_or_conflict_adjusted,3,PixelWare Tablet Plus 8,belongs_to_category,tablet,pixelware tablet plus 8|belongs_to_category|tablet,1,[0.98],True,0,0.735,0.735,0.88,False,0.735,False,False,"[""product_8""]","[""structured""]","[""structured_row:PixelWare Tablet Plus 8""]",1,542,candidate
DEC023_NO_FEEDBACK,train_kb,conservative_noisy_or_conflict_adjusted,3,PixelWare Tablet Plus 8,has_price_usd,349,pixelware tablet plus 8|has_price_usd|349,1,[0.98],True,0,0.735,0.735,0.88,False,0.735,False,False,"[""product_8""]","[""structured""]","[""structured_row:PixelWare Tablet Plus 8""]",0,542,candidate
DEC023_NO_FEEDBACK,train_kb,conservative_noisy_or_conflict_adjusted,3,PixelWare Tablet Plus 8,has_screen_size_inch,15.6,pixelware tablet plus 8|has_screen_size_inch|15.6,1,[0.98],True,0,0.735,0.735,0.88,False,0.735,False,False,"[""product_8""]","[""structured""]","[""structured_row:PixelWare Tablet Plus 8""]",0,542,candidate
DEC023_NO_FEEDBACK,train_kb,conservative_noisy_or_conflict_adjusted,3,PixelWare Tablet Plus 8,has_ram_gb,12,pixelware tablet plus 8|has_ram_gb|12,1,[0.98],True,0,0.735,0.735,0.88,False,0.735,False,False,"[""product_8""]","[""structured""]","[""structured_row:PixelWare Tablet Plus 8""]",0,542,candidate
DEC023_NO_FEEDBACK,train_kb,conservative_noisy_or_conflict_adjusted,3,PixelWare Tablet Plus 8,has_storage_gb,1024,pixelware tablet plus 8|has_storage_gb|1024,1,[0.98],True,0,0.735,0.735,0.88,False,0.735,False,False,"[""product_8""]","[""structured""]","[""structured_row:PixelWare Tablet Plus 8""]",0,542,candidate
DEC023_NO_FEEDBACK,train_kb,conservative_noisy_or_conflict_adjusted,3,PixelWare Tablet Plus 8,has_battery_life_hours,18,pixelware tablet plus 8|has_battery_life_hours|18,3,"[0.98, 0.92, 0.95]",True,0,0.976381875,0.976381875,0.88,True,0.91785,False,False,"[""product_8"", ""product_8"", ""product_8""]","[""structured"", ""unstructured"", ""unstructured""]","[""structured_row:PixelWare Tablet Plus 8"", ""PixelWare Tablet Plus 8 is manufactured by PixelWare. It is a tablet device. Battery lasts up to 18 hours. Weighs approximately 1.45kg. Built with plastic construction. Targeted at the Global market. Noise cancellation: no."", ""PixelWare Tablet Plus 8 is manufactured by PixelWare. It is a tablet device. Battery lasts up to 18 hours. Weighs approximately 1.45kg. Built with plastic construction. Targeted at the Global market. Noise cancellation: no.""]",1,542,candidate
DEC023_NO_FEEDBACK,train_kb,conservative_noisy_or_conflict_adjusted,3,PixelWare Tablet Plus 8,has_weight_kg,1.45,pixelware tablet plus 8|has_weight_kg|1.45,3,"[0.98, 0.93, 0.95]",True,0,0.97695328125,0.97695328125,0.88,True,0.9198375,False,False,"[""product_8"", ""product_8"", ""product_8""]","[""structured"", ""unstructured"", ""unstructured""]","[""structured_row:PixelWare Tablet Plus 8"", ""PixelWare Tablet Plus 8 is manufactured by PixelWare. It is a tablet device. Battery lasts up to 18 hours. Weighs approximately 1.45kg. Built with plastic construction. Targeted at the Global market. Noise cancellation: no."", ""PixelWare Tablet Plus 8 is manufactured by PixelWare. It is a tablet device. Battery lasts up to 18 hours. Weighs approximately 1.45kg. Built with plastic construction. Targeted at the Global market. Noise cancellation: no.""]",1,542,candidate
DEC023_NO_FEEDBACK,train_kb,conservative_noisy_or_conflict_adjusted,3,PixelWare Tablet Plus 8,has_color,blue,pixelware tablet plus 8|has_color|blue,1,[0.98],False,0,0.735,0.735,0.88,False,0.735,False,False,"[""product_8""]","[""structured""]","[""structured_row:PixelWare Tablet Plus 8""]",0,542,candidate
DEC023_NO_FEEDBACK,train_kb,conservative_noisy_or_conflict_adjusted,3,PixelWare Tablet Plus 8,made_of_material,plastic,pixelware tablet plus 8|made_of_material|plastic,3,"[0.98, 0.9, 0.95]",True,0,0.9752390625,0.9752390625,0.88,True,0.913875,False,False,"[""product_8"", ""product_8"", ""product_8""]","[""structured"", ""unstructured"", ""unstructured""]","[""structured_row:PixelWare Tablet Plus 8"", ""PixelWare Tablet Plus 8 is manufactured by PixelWare. It is a tablet device. Battery lasts up to 18 hours. Weighs approximately 1.45kg. Built with plastic construction. Targeted at the Global market. Noise cancellation: no."", ""PixelWare Tablet Plus 8 is manufactured by PixelWare. It is a tablet device. Battery lasts up to 18 hours. Weighs approximately 1.45kg. Built with plastic construction. Targeted at the Global market. Noise cancellation: no.""]",1,542,candidate
DEC023_NO_FEEDBACK,train_kb,conservative_noisy_or_conflict_adjusted,3,PixelWare Tablet Plus 8,target_market_region,Global,pixelware tablet plus 8|target_market_region|global,3,"[0.98, 0.94, 0.95]",True,0,0.9775246875,0.9775246875,0.88,True,0.921825,False,False,"[""product_8"", ""product_8"", ""product_8""]","[""structured"", ""unstructured"", ""unstructured""]","[""structured_row:PixelWare Tablet Plus 8"", ""PixelWare Tablet Plus 8 is manufactured by PixelWare. It is a tablet device. Battery lasts up to 18 hours. Weighs approximately 1.45kg. Built with plastic construction. Targeted at the Global market. Noise cancellation: no."", ""PixelWare Tablet Plus 8 is manufactured by PixelWare. It is a tablet device. Battery lasts up to 18 hours. Weighs approximately 1.45kg. Built with plastic construction. Targeted at the Global market. Noise cancellation: no.""]",1,542,candidate
DEC023_NO_FEEDBACK,train_kb,conservative_noisy_or_conflict_adjusted,3,PixelWare Tablet Plus 8,supports_fast_charging,yes,pixelware tablet plus 8|supports_fast_charging|yes,1,[0.98],True,0,0.735,0.735,0.88,False,0.735,False,False,"[""product_8""]","[""structured""]","[""structured_row:PixelWare Tablet Plus 8""]",0,542,candidate
DEC023_NO_FEEDBACK,train_kb,conservative_noisy_or_conflict_adjusted,3,PixelWare Tablet Plus 8,has_noise_cancellation,no,pixelware tablet plus 8|has_noise_cancellation|no,2,"[0.98, 0.95]",True,0,0.9238124999999999,0.9238124999999999,0.88,True,0.735,True,False,"[""product_8"", ""product_8""]","[""structured"", ""unstructured""]","[""structured_row:PixelWare Tablet Plus 8"", ""PixelWare Tablet Plus 8 is manufactured by PixelWare. It is a tablet device. Battery lasts up to 18 hours. Weighs approximately 1.45kg. Built with plastic construction. Targeted at the Global market. Noise cancellation: no.""]",1,542,candidate
DEC023_NO_FEEDBACK,train_kb,conservative_noisy_or_conflict_adjusted,3,PixelWare Smartwatch Pro 9,manufactured_by,PixelWare,pixelware smartwatch pro 9|manufactured_by|pixelware,1,[0.98],True,0,0.735,0.735,0.88,False,0.735,False,False,"[""product_9""]","[""structured""]","[""structured_row:PixelWare Smartwatch Pro 9""]",1,542,candidate
DEC023_NO_FEEDBACK,train_kb,conservative_noisy_or_conflict_adjusted,3,PixelWare Smartwatch Pro 9,belongs_to_category,smartwatch,pixelware smartwatch pro 9|belongs_to_category|smartwatch,1,[0.98],True,0,0.735,0.735,0.88,False,0.735,False,False,"[""product_9""]","[""structured""]","[""structured_row:PixelWare Smartwatch Pro 9""]",0,542,candidate
DEC023_NO_FEEDBACK,train_kb,conservative_noisy_or_conflict_adjusted,3,PixelWare Smartwatch Pro 9,has_price_usd,699,pixelware smartwatch pro 9|has_price_usd|699,1,[0.98],True,0,0.735,0.735,0.88,False,0.735,False,False,"[""product_9""]","[""structured""]","[""structured_row:PixelWare Smartwatch Pro 9""]",0,542,candidate
DEC023_NO_FEEDBACK,train_kb,conservative_noisy_or_conflict_adjusted,3,PixelWare Smartwatch Pro 9,has_screen_size_inch,13.3,pixelware smartwatch pro 9|has_screen_size_inch|13.3,1,[0.98],True,0,0.735,0.735,0.88,False,0.735,False,False,"[""product_9""]","[""structured""]","[""structured_row:PixelWare Smartwatch Pro 9""]",0,542,candidate
DEC023_NO_FEEDBACK,train_kb,conservative_noisy_or_conflict_adjusted,3,PixelWare Smartwatch Pro 9,has_ram_gb,32,pixelware smartwatch pro 9|has_ram_gb|32,1,[0.98],True,0,0.735,0.735,0.88,False,0.735,False,False,"[""product_9""]","[""structured""]","[""structured_row:PixelWare Smartwatch Pro 9""]",0,542,candidate
DEC023_NO_FEEDBACK,train_kb,conservative_noisy_or_conflict_adjusted,3,PixelWare Smartwatch Pro 9,has_storage_gb,256,pixelware smartwatch pro 9|has_storage_gb|256,1,[0.98],True,0,0.735,0.735,0.88,False,0.735,False,False,"[""product_9""]","[""structured""]","[""structured_row:PixelWare Smartwatch Pro 9""]",1,542,candidate
DEC023_NO_FEEDBACK,train_kb,conservative_noisy_or_conflict_adjusted,3,PixelWare Smartwatch Pro 9,has_battery_life_hours,24,pixelware smartwatch pro 9|has_battery_life_hours|24,1,[0.98],True,0,0.735,0.735,0.88,False,0.735,False,False,"[""product_9""]","[""structured""]","[""structured_row:PixelWare Smartwatch Pro 9""]",1,542,candidate
DEC023_NO_FEEDBACK,train_kb,conservative_noisy_or_conflict_adjusted,3,PixelWare Smartwatch Pro 9,has_weight_kg,0.42,pixelware smartwatch pro 9|has_weight_kg|0.42,1,[0.98],True,0,0.735,0.735,0.88,False,0.735,False,False,"[""product_9""]","[""structured""]","[""structured_row:PixelWare Smartwatch Pro 9""]",0,542,candidate
DEC023_NO_FEEDBACK,train_kb,conservative_noisy_or_conflict_adjusted,3,PixelWare Smartwatch Pro 9,has_color,silver,pixelware smartwatch pro 9|has_color|silver,1,[0.98],False,0,0.735,0.735,0.88,False,0.735,False,False,"[""product_9""]","[""structured""]","[""structured_row:PixelWare Smartwatch Pro 9""]",1,542,candidate
DEC023_NO_FEEDBACK,train_kb,conservative_noisy_or_conflict_adjusted,3,PixelWare Smartwatch Pro 9,made_of_material,aluminum,pixelware smartwatch pro 9|made_of_material|aluminum,1,[0.98],True,0,0.735,0.735,0.88,False,0.735,False,False,"[""product_9""]","[""structured""]","[""structured_row:PixelWare Smartwatch Pro 9""]",1,542,candidate
DEC023_NO_FEEDBACK,train_kb,conservative_noisy_or_conflict_adjusted,3,PixelWare Smartwatch Pro 9,target_market_region,EU,pixelware smartwatch pro 9|target_market_region|eu,1,[0.98],True,0,0.735,0.735,0.88,False,0.735,False,False,"[""product_9""]","[""structured""]","[""structured_row:PixelWare Smartwatch Pro 9""]",1,542,candidate
DEC023_NO_FEEDBACK,train_kb,conservative_noisy_or_conflict_adjusted,3,PixelWare Smartwatch Pro 9,supports_fast_charging,no,pixelware smartwatch pro 9|supports_fast_charging|no,1,[0.98],True,0,0.735,0.735,0.88,False,0.735,False,False,"[""product_9""]","[""structured""]","[""structured_row:PixelWare Smartwatch Pro 9""]",0,542,candidate
DEC023_NO_FEEDBACK,train_kb,conservative_noisy_or_conflict_adjusted,3,PixelWare Smartwatch Pro 9,has_noise_cancellation,no,pixelware smartwatch pro 9|has_noise_cancellation|no,1,[0.98],True,0,0.735,0.735,0.88,False,0.735,False,False,"[""product_9""]","[""structured""]","[""structured_row:PixelWare Smartwatch Pro 9""]",1,542,candidate
DEC023_NO_FEEDBACK,train_kb,conservative_noisy_or_conflict_adjusted,3,NeoTech Tablet Plus 11,manufactured_by,NeoTech,neotech tablet plus 11|manufactured_by|neotech,3,"[0.98, 0.95, 0.95]",True,0,0.97809609375,0.97809609375,0.88,True,0.9238124999999999,False,False,"[""product_11"", ""product_11"", ""product_11""]","[""structured"", ""unstructured"", ""unstructured""]","[""structured_row:NeoTech Tablet Plus 11"", ""NeoTech Tablet Plus 11 is manufactured by NeoTech. It is a tablet device. Priced at 899 USD. The display measures 13.3 inches. Comes with 16GB of RAM. Available in silver. Targeted at the EU market."", ""NeoTech Tablet Plus 11 is manufactured by NeoTech. It is a tablet device. Priced at 899 USD. The display measures 13.3 inches. Comes with 16GB of RAM. Available in silver. Targeted at the EU market.""]",1,542,candidate
DEC023_NO_FEEDBACK,train_kb,conservative_noisy_or_conflict_adjusted,3,NeoTech Tablet Plus 11,belongs_to_category,tablet,neotech tablet plus 11|belongs_to_category|tablet,1,[0.98],True,0,0.735,0.735,0.88,False,0.735,False,False,"[""product_11""]","[""structured""]","[""structured_row:NeoTech Tablet Plus 11""]",1,542,candidate
DEC023_NO_FEEDBACK,train_kb,conservative_noisy_or_conflict_adjusted,3,NeoTech Tablet Plus 11,has_price_usd,899,neotech tablet plus 11|has_price_usd|899,3,"[0.98, 0.95, 0.95]",True,0,0.97809609375,0.97809609375,0.88,True,0.9238124999999999,False,False,"[""product_11"", ""product_11"", ""product_11""]","[""structured"", ""unstructured"", ""unstructured""]","[""structured_row:NeoTech Tablet Plus 11"", ""NeoTech Tablet Plus 11 is manufactured by NeoTech. It is a tablet device. Priced at 899 USD. The display measures 13.3 inches. Comes with 16GB of RAM. Available in silver. Targeted at the EU market."", ""NeoTech Tablet Plus 11 is manufactured by NeoTech. It is a tablet device. Priced at 899 USD. The display measures 13.3 inches. Comes with 16GB of RAM. Available in silver. Targeted at the EU market.""]",1,542,candidate
DEC023_NO_FEEDBACK,train_kb,conservative_noisy_or_conflict_adjusted,3,NeoTech Tablet Plus 11,has_screen_size_inch,13.3,neotech tablet plus 11|has_screen_size_inch|13.3,3,"[0.98, 0.95, 0.95]",True,0,0.97809609375,0.97809609375,0.88,True,0.9238124999999999,False,False,"[""product_11"", ""product_11"", ""product_11""]","[""structured"", ""unstructured"", ""unstructured""]","[""structured_row:NeoTech Tablet Plus 11"", ""NeoTech Tablet Plus 11 is manufactured by NeoTech. It is a tablet device. Priced at 899 USD. The display measures 13.3 inches. Comes with 16GB of RAM. Available in silver. Targeted at the EU market."", ""NeoTech Tablet Plus 11 is manufactured by NeoTech. It is a tablet device. Priced at 899 USD. The display measures 13.3 inches. Comes with 16GB of RAM. Available in silver. Targeted at the EU market.""]",1,542,candidate
DEC023_NO_FEEDBACK,train_kb,conservative_noisy_or_conflict_adjusted,3,NeoTech Tablet Plus 11,has_ram_gb,16,neotech tablet plus 11|has_ram_gb|16,3,"[0.98, 0.95, 0.95]",True,0,0.97809609375,0.97809609375,0.88,True,0.9238124999999999,False,False,"[""product_11"", ""product_11"", ""product_11""]","[""structured"", ""unstructured"", ""unstructured""]","[""structured_row:NeoTech Tablet Plus 11"", ""NeoTech Tablet Plus 11 is manufactured by NeoTech. It is a tablet device. Priced at 899 USD. The display measures 13.3 inches. Comes with 16GB of RAM. Available in silver. Targeted at the EU market."", ""NeoTech Tablet Plus 11 is manufactured by NeoTech. It is a tablet device. Priced at 899 USD. The display measures 13.3 inches. Comes with 16GB of RAM. Available in silver. Targeted at the EU market.""]",1,542,candidate
DEC023_NO_FEEDBACK,train_kb,conservative_noisy_or_conflict_adjusted,3,NeoTech Tablet Plus 11,has_storage_gb,64,neotech tablet plus 11|has_storage_gb|64,1,[0.98],True,0,0.735,0.735,0.88,False,0.735,False,False,"[""product_11""]","[""structured""]","[""structured_row:NeoTech Tablet Plus 11""]",0,542,candidate
DEC023_NO_FEEDBACK,train_kb,conservative_noisy_or_conflict_adjusted,3,NeoTech Tablet Plus 11,has_battery_life_hours,24,neotech tablet plus 11|has_battery_life_hours|24,1,[0.98],True,0,0.735,0.735,0.88,False,0.735,False,False,"[""product_11""]","[""structured""]","[""structured_row:NeoTech Tablet Plus 11""]",0,542,candidate
DEC023_NO_FEEDBACK,train_kb,conservative_noisy_or_conflict_adjusted,3,NeoTech Tablet Plus 11,has_weight_kg,1.45,neotech tablet plus 11|has_weight_kg|1.45,1,[0.98],True,0,0.735,0.735,0.88,False,0.735,False,False,"[""product_11""]","[""structured""]","[""structured_row:NeoTech Tablet Plus 11""]",0,542,candidate
DEC023_NO_FEEDBACK,train_kb,conservative_noisy_or_conflict_adjusted,3,NeoTech Tablet Plus 11,has_color,silver,neotech tablet plus 11|has_color|silver,3,"[0.98, 0.95, 0.95]",False,0,0.97809609375,0.97809609375,0.88,True,0.9238124999999999,False,False,"[""product_11"", ""product_11"", ""product_11""]","[""structured"", ""unstructured"", ""unstructured""]","[""structured_row:NeoTech Tablet Plus 11"", ""NeoTech Tablet Plus 11 is manufactured by NeoTech. It is a tablet device. Priced at 899 USD. The display measures 13.3 inches. Comes with 16GB of RAM. Available in silver. Targeted at the EU market."", ""NeoTech Tablet Plus 11 is manufactured by NeoTech. It is a tablet device. Priced at 899 USD. The display measures 13.3 inches. Comes with 16GB of RAM. Available in silver. Targeted at the EU market.""]",1,542,candidate
DEC023_NO_FEEDBACK,train_kb,conservative_noisy_or_conflict_adjusted,3,NeoTech Tablet Plus 11,made_of_material,carbon fiber,neotech tablet plus 11|made_of_material|carbon fiber,1,[0.98],True,0,0.735,0.735,0.88,False,0.735,False,False,"[""product_11""]","[""structured""]","[""structured_row:NeoTech Tablet Plus 11""]",0,542,candidate
DEC023_NO_FEEDBACK,train_kb,conservative_noisy_or_conflict_adjusted,3,NeoTech Tablet Plus 11,target_market_region,EU,neotech tablet plus 11|target_market_region|eu,3,"[0.98, 0.95, 0.95]",True,0,0.97809609375,0.97809609375,0.88,True,0.9238124999999999,False,False,"[""product_11"", ""product_11"", ""product_11""]","[""structured"", ""unstructured"", ""unstructured""]","[""structured_row:NeoTech Tablet Plus 11"", ""NeoTech Tablet Plus 11 is manufactured by NeoTech. It is a tablet device. Priced at 899 USD. The display measures 13.3 inches. Comes with 16GB of RAM. Available in silver. Targeted at the EU market."", ""NeoTech Tablet Plus 11 is manufactured by NeoTech. It is a tablet device. Priced at 899 USD. The display measures 13.3 inches. Comes with 16GB of RAM. Available in silver. Targeted at the EU market.""]",1,542,candidate
DEC023_NO_FEEDBACK,train_kb,conservative_noisy_or_conflict_adjusted,3,NeoTech Tablet Plus 11,supports_fast_charging,yes,neotech tablet plus 11|supports_fast_charging|yes,1,[0.98],True,0,0.735,0.735,0.88,False,0.735,False,False,"[""product_11""]","[""structured""]","[""structured_row:NeoTech Tablet Plus 11""]",0,542,candidate
DEC023_NO_FEEDBACK,train_kb,conservative_noisy_or_conflict_adjusted,3,NeoTech Tablet Plus 11,has_noise_cancellation,no,neotech tablet plus 11|has_noise_cancellation|no,1,[0.98],True,0,0.735,0.735,0.88,False,0.735,False,False,"[""product_11""]","[""structured""]","[""structured_row:NeoTech Tablet Plus 11""]",0,542,candidate
DEC023_NO_FEEDBACK,train_kb,conservative_noisy_or_conflict_adjusted,3,TechNova Smartwatch Air 12,manufactured_by,TechNova,technova smartwatch air 12|manufactured_by|technova,3,"[0.98, 0.95, 0.95]",True,0,0.97809609375,0.97809609375,0.88,True,0.97809609375,False,False,"[""product_12"", ""product_12"", ""product_12""]","[""structured"", ""unstructured"", ""unstructured""]","[""structured_row:TechNova Smartwatch Air 12"", ""TechNova Smartwatch Air 12 is manufactured by TechNova. Priced at 499 USD. Offers 64GB of internal storage. Battery lasts up to 10 hours. Weighs approximately 0.18kg. Available in silver. Fast charging is yes."", ""TechNova Smartwatch Air 12 is manufactured by TechNova. Priced at 499 USD. Offers 64GB of internal storage. Battery lasts up to 10 hours. Weighs approximately 0.18kg. Available in silver. Fast charging is yes.""]",1,542,candidate
DEC023_NO_FEEDBACK,train_kb,conservative_noisy_or_conflict_adjusted,3,TechNova Smartwatch Air 12,belongs_to_category,smartwatch,technova smartwatch air 12|belongs_to_category|smartwatch,1,[0.98],True,0,0.735,0.735,0.88,False,0.735,False,False,"[""product_12""]","[""structured""]","[""structured_row:TechNova Smartwatch Air 12""]",0,542,candidate
DEC023_NO_FEEDBACK,train_kb,conservative_noisy_or_conflict_adjusted,3,TechNova Smartwatch Air 12,has_price_usd,499,technova smartwatch air 12|has_price_usd|499,4,"[0.98, 0.95, 0.95, 0.978]",True,0,0.994162608984375,0.994162608984375,0.88,True,0.97809609375,False,False,"[""product_12"", ""product_12"", ""product_12"", ""product_23""]","[""structured"", ""unstructured"", ""unstructured"", ""unstructured""]","[""structured_row:TechNova Smartwatch Air 12"", ""TechNova Smartwatch Air 12 is manufactured by TechNova. Priced at 499 USD. Offers 64GB of internal storage. Battery lasts up to 10 hours. Weighs approximately 0.18kg. Available in silver. Fast charging is yes."", ""TechNova Smartwatch Air 12 is manufactured by TechNova. Priced at 499 USD. Offers 64GB of internal storage. Battery lasts up to 10 hours. Weighs approximately 0.18kg. Available in silver. Fast charging is yes."", ""The display measures 11.0 inches. Comes with 32GB of RAM. Battery lasts up to 10 hours. Weighs approximately 1.8kg. Available in silver. Targeted at the US market. Noise cancellation: no.""]",1,542,candidate
DEC023_NO_FEEDBACK,train_kb,conservative_noisy_or_conflict_adjusted,3,TechNova Smartwatch Air 12,has_screen_size_inch,11.0,technova smartwatch air 12|has_screen_size_inch|11.0,1,[0.98],True,0,0.735,0.735,0.88,False,0.735,False,False,"[""product_12""]","[""structured""]","[""structured_row:TechNova Smartwatch Air 12""]",0,542,candidate
DEC023_NO_FEEDBACK,train_kb,conservative_noisy_or_conflict_adjusted,3,TechNova Smartwatch Air 12,has_ram_gb,6,technova smartwatch air 12|has_ram_gb|6,1,[0.98],True,0,0.735,0.735,0.88,False,0.735,False,False,"[""product_12""]","[""structured""]","[""structured_row:TechNova Smartwatch Air 12""]",0,542,candidate
DEC023_NO_FEEDBACK,train_kb,conservative_noisy_or_conflict_adjusted,3,TechNova Smartwatch Air 12,has_storage_gb,64,technova smartwatch air 12|has_storage_gb|64,4,"[0.98, 0.95, 0.95, 0.978]",True,0,0.994162608984375,0.994162608984375,0.88,True,0.97809609375,False,False,"[""product_12"", ""product_12"", ""product_12"", ""product_23""]","[""structured"", ""unstructured"", ""unstructured"", ""unstructured""]","[""structured_row:TechNova Smartwatch Air 12"", ""TechNova Smartwatch Air 12 is manufactured by TechNova. Priced at 499 USD. Offers 64GB of internal storage. Battery lasts up to 10 hours. Weighs approximately 0.18kg. Available in silver. Fast charging is yes."", ""TechNova Smartwatch Air 12 is manufactured by TechNova. Priced at 499 USD. Offers 64GB of internal storage. Battery lasts up to 10 hours. Weighs approximately 0.18kg. Available in silver. Fast charging is yes."", ""The display measures 11.0 inches. Comes with 32GB of RAM. Battery lasts up to 10 hours. Weighs approximately 1.8kg. Available in silver. Targeted at the US market. Noise cancellation: no.""]",1,542,candidate
DEC023_NO_FEEDBACK,train_kb,conservative_noisy_or_conflict_adjusted,3,TechNova Smartwatch Air 12,has_battery_life_hours,10,technova smartwatch air 12|has_battery_life_hours|10,4,"[0.98, 0.95, 0.95, 0.978]",True,0,0.994162608984375,0.994162608984375,0.88,True,0.97809609375,False,False,"[""product_12"", ""product_12"", ""product_12"", ""product_23""]","[""structured"", ""unstructured"", ""unstructured"", ""unstructured""]","[""structured_row:TechNova Smartwatch Air 12"", ""TechNova Smartwatch Air 12 is manufactured by TechNova. Priced at 499 USD. Offers 64GB of internal storage. Battery lasts up to 10 hours. Weighs approximately 0.18kg. Available in silver. Fast charging is yes."", ""TechNova Smartwatch Air 12 is manufactured by TechNova. Priced at 499 USD. Offers 64GB of internal storage. Battery lasts up to 10 hours. Weighs approximately 0.18kg. Available in silver. Fast charging is yes."", ""The display measures 11.0 inches. Comes with 32GB of RAM. Battery lasts up to 10 hours. Weighs approximately 1.8kg. Available in silver. Targeted at the US market. Noise cancellation: no.""]",1,542,candidate
DEC023_NO_FEEDBACK,train_kb,conservative_noisy_or_conflict_adjusted,3,TechNova Smartwatch Air 12,has_weight_kg,0.18,technova smartwatch air 12|has_weight_kg|0.18,4,"[0.98, 0.95, 0.95, 0.978]",True,0,0.994162608984375,0.994162608984375,0.88,True,0.97809609375,False,False,"[""product_12"", ""product_12"", ""product_12"", ""product_23""]","[""structured"", ""unstructured"", ""unstructured"", ""unstructured""]","[""structured_row:TechNova Smartwatch Air 12"", ""TechNova Smartwatch Air 12 is manufactured by TechNova. Priced at 499 USD. Offers 64GB of internal storage. Battery lasts up to 10 hours. Weighs approximately 0.18kg. Available in silver. Fast charging is yes."", ""TechNova Smartwatch Air 12 is manufactured by TechNova. Priced at 499 USD. Offers 64GB of internal storage. Battery lasts up to 10 hours. Weighs approximately 0.18kg. Available in silver. Fast charging is yes."", ""The display measures 11.0 inches. Comes with 32GB of RAM. Battery lasts up to 10 hours. Weighs approximately 1.8kg. Available in silver. Targeted at the US market. Noise cancellation: no.""]",1,542,candidate
DEC023_NO_FEEDBACK,train_kb,conservative_noisy_or_conflict_adjusted,3,TechNova Smartwatch Air 12,has_color,silver,technova smartwatch air 12|has_color|silver,4,"[0.98, 0.95, 0.95, 0.978]",False,0,0.994162608984375,0.994162608984375,0.88,True,0.97809609375,False,False,"[""product_12"", ""product_12"", ""product_12"", ""product_23""]","[""structured"", ""unstructured"", ""unstructured"", ""unstructured""]","[""structured_row:TechNova Smartwatch Air 12"", ""TechNova Smartwatch Air 12 is manufactured by TechNova. Priced at 499 USD. Offers 64GB of internal storage. Battery lasts up to 10 hours. Weighs approximately 0.18kg. Available in silver. Fast charging is yes."", ""TechNova Smartwatch Air 12 is manufactured by TechNova. Priced at 499 USD. Offers 64GB of internal storage. Battery lasts up to 10 hours. Weighs approximately 0.18kg. Available in silver. Fast charging is yes."", ""The display measures 11.0 inches. Comes with 32GB of RAM. Battery lasts up to 10 hours. Weighs approximately 1.8kg. Available in silver. Targeted at the US market. Noise cancellation: no.""]",1,542,candidate
DEC023_NO_FEEDBACK,train_kb,conservative_noisy_or_conflict_adjusted,3,TechNova Smartwatch Air 12,made_of_material,carbon fiber,technova smartwatch air 12|made_of_material|carbon fiber,1,[0.98],True,0,0.735,0.735,0.88,False,0.735,False,False,"[""product_12""]","[""structured""]","[""structured_row:TechNova Smartwatch Air 12""]",0,542,candidate
DEC023_NO_FEEDBACK,train_kb,conservative_noisy_or_conflict_adjusted,3,TechNova Smartwatch Air 12,target_market_region,APAC,technova smartwatch air 12|target_market_region|apac,1,[0.98],True,0,0.735,0.735,0.88,False,0.735,False,False,"[""product_12""]","[""structured""]","[""structured_row:TechNova Smartwatch Air 12""]",0,542,candidate
DEC023_NO_FEEDBACK,train_kb,conservative_noisy_or_conflict_adjusted,3,TechNova Smartwatch Air 12,supports_fast_charging,yes,technova smartwatch air 12|supports_fast_charging|yes,3,"[0.98, 0.95, 0.95]",True,0,0.97809609375,0.97809609375,0.88,True,0.97809609375,False,False,"[""product_12"", ""product_12"", ""product_12""]","[""structured"", ""unstructured"", ""unstructured""]","[""structured_row:TechNova Smartwatch Air 12"", ""TechNova Smartwatch Air 12 is manufactured by TechNova. Priced at 499 USD. Offers 64GB of internal storage. Battery lasts up to 10 hours. Weighs approximately 0.18kg. Available in silver. Fast charging is yes."", ""TechNova Smartwatch Air 12 is manufactured by TechNova. Priced at 499 USD. Offers 64GB of internal storage. Battery lasts up to 10 hours. Weighs approximately 0.18kg. Available in silver. Fast charging is yes.""]",1,542,candidate
DEC023_NO_FEEDBACK,train_kb,conservative_noisy_or_conflict_adjusted,3,TechNova Smartwatch Air 12,has_noise_cancellation,no,technova smartwatch air 12|has_noise_cancellation|no,1,[0.98],True,0,0.735,0.735,0.88,False,0.735,False,False,"[""product_12""]","[""structured""]","[""structured_row:TechNova Smartwatch Air 12""]",0,542,candidate
DEC023_NO_FEEDBACK,train_kb,conservative_noisy_or_conflict_adjusted,3,TechNova Tablet Lite 13,manufactured_by,TechNova,technova tablet lite 13|manufactured_by|technova,2,"[0.98, 1.0]",True,0,0.93375,0.93375,0.88,True,0.93375,False,False,"[""product_13"", ""product_13""]","[""structured"", ""unstructured""]","[""structured_row:TechNova Tablet Lite 13"", ""TechNova Tablet Lite 13 is manufactured by TechNova. It is a tablet device. Priced at 199 USD. The display measures 15.6 inches. Weighs approximately 0.55kg. Available in green. Fast charging is no.""]",1,542,candidate
DEC023_NO_FEEDBACK,train_kb,conservative_noisy_or_conflict_adjusted,3,TechNova Tablet Lite 13,belongs_to_category,tablet,technova tablet lite 13|belongs_to_category|tablet,1,[0.98],True,0,0.735,0.735,0.88,False,0.735,False,False,"[""product_13""]","[""structured""]","[""structured_row:TechNova Tablet Lite 13""]",1,542,candidate
DEC023_NO_FEEDBACK,train_kb,conservative_noisy_or_conflict_adjusted,3,TechNova Tablet Lite 13,has_price_usd,199,technova tablet lite 13|has_price_usd|199,2,"[0.98, 1.0]",True,0,0.93375,0.93375,0.88,True,0.93375,False,False,"[""product_13"", ""product_13""]","[""structured"", ""unstructured""]","[""structured_row:TechNova Tablet Lite 13"", ""TechNova Tablet Lite 13 is manufactured by TechNova. It is a tablet device. Priced at 199 USD. The display measures 15.6 inches. Weighs approximately 0.55kg. Available in green. Fast charging is no.""]",1,542,candidate
DEC023_NO_FEEDBACK,train_kb,conservative_noisy_or_conflict_adjusted,3,TechNova Tablet Lite 13,has_screen_size_inch,15.6,technova tablet lite 13|has_screen_size_inch|15.6,2,"[0.98, 1.0]",True,0,0.93375,0.93375,0.88,True,0.93375,False,False,"[""product_13"", ""product_13""]","[""structured"", ""unstructured""]","[""structured_row:TechNova Tablet Lite 13"", ""TechNova Tablet Lite 13 is manufactured by TechNova. It is a tablet device. Priced at 199 USD. The display measures 15.6 inches. Weighs approximately 0.55kg. Available in green. Fast charging is no.""]",1,542,candidate
DEC023_NO_FEEDBACK,train_kb,conservative_noisy_or_conflict_adjusted,3,TechNova Tablet Lite 13,has_ram_gb,12,technova tablet lite 13|has_ram_gb|12,1,[0.98],True,0,0.735,0.735,0.88,False,0.735,False,False,"[""product_13""]","[""structured""]","[""structured_row:TechNova Tablet Lite 13""]",0,542,candidate
DEC023_NO_FEEDBACK,train_kb,conservative_noisy_or_conflict_adjusted,3,TechNova Tablet Lite 13,has_storage_gb,256,technova tablet lite 13|has_storage_gb|256,1,[0.98],True,0,0.735,0.735,0.88,False,0.735,False,False,"[""product_13""]","[""structured""]","[""structured_row:TechNova Tablet Lite 13""]",0,542,candidate
DEC023_NO_FEEDBACK,train_kb,conservative_noisy_or_conflict_adjusted,3,TechNova Tablet Lite 13,has_battery_life_hours,10,technova tablet lite 13|has_battery_life_hours|10,1,[0.98],True,0,0.735,0.735,0.88,False,0.735,False,False,"[""product_13""]","[""structured""]","[""structured_row:TechNova Tablet Lite 13""]",0,542,candidate
DEC023_NO_FEEDBACK,train_kb,conservative_noisy_or_conflict_adjusted,3,TechNova Tablet Lite 13,has_weight_kg,0.55,technova tablet lite 13|has_weight_kg|0.55,2,"[0.98, 1.0]",True,0,0.93375,0.93375,0.88,True,0.93375,False,False,"[""product_13"", ""product_13""]","[""structured"", ""unstructured""]","[""structured_row:TechNova Tablet Lite 13"", ""TechNova Tablet Lite 13 is manufactured by TechNova. It is a tablet device. Priced at 199 USD. The display measures 15.6 inches. Weighs approximately 0.55kg. Available in green. Fast charging is no.""]",1,542,candidate
DEC023_NO_FEEDBACK,train_kb,conservative_noisy_or_conflict_adjusted,3,TechNova Tablet Lite 13,has_color,green,technova tablet lite 13|has_color|green,2,"[0.98, 1.0]",False,0,0.93375,0.93375,0.88,True,0.93375,False,False,"[""product_13"", ""product_13""]","[""structured"", ""unstructured""]","[""structured_row:TechNova Tablet Lite 13"", ""TechNova Tablet Lite 13 is manufactured by TechNova. It is a tablet device. Priced at 199 USD. The display measures 15.6 inches. Weighs approximately 0.55kg. Available in green. Fast charging is no.""]",1,542,candidate
DEC023_NO_FEEDBACK,train_kb,conservative_noisy_or_conflict_adjusted,3,TechNova Tablet Lite 13,made_of_material,plastic,technova tablet lite 13|made_of_material|plastic,1,[0.98],True,0,0.735,0.735,0.88,False,0.735,False,False,"[""product_13""]","[""structured""]","[""structured_row:TechNova Tablet Lite 13""]",0,542,candidate
DEC023_NO_FEEDBACK,train_kb,conservative_noisy_or_conflict_adjusted,3,TechNova Tablet Lite 13,target_market_region,APAC,technova tablet lite 13|target_market_region|apac,1,[0.98],True,0,0.735,0.735,0.88,False,0.735,False,False,"[""product_13""]","[""structured""]","[""structured_row:TechNova Tablet Lite 13""]",0,542,candidate
DEC023_NO_FEEDBACK,train_kb,conservative_noisy_or_conflict_adjusted,3,TechNova Tablet Lite 13,supports_fast_charging,no,technova tablet lite 13|supports_fast_charging|no,2,"[0.98, 1.0]",True,0,0.93375,0.93375,0.88,True,0.93375,False,False,"[""product_13"", ""product_13""]","[""structured"", ""unstructured""]","[""structured_row:TechNova Tablet Lite 13"", ""TechNova Tablet Lite 13 is manufactured by TechNova. It is a tablet device. Priced at 199 USD. The display measures 15.6 inches. Weighs approximately 0.55kg. Available in green. Fast charging is no.""]",1,542,candidate
DEC023_NO_FEEDBACK,train_kb,conservative_noisy_or_conflict_adjusted,3,TechNova Tablet Lite 13,has_noise_cancellation,no,technova tablet lite 13|has_noise_cancellation|no,1,[0.98],True,0,0.735,0.735,0.88,False,0.735,False,False,"[""product_13""]","[""structured""]","[""structured_row:TechNova Tablet Lite 13""]",0,542,candidate
DEC023_NO_FEEDBACK,train_kb,conservative_noisy_or_conflict_adjusted,3,Zenbyte Headphones Pro 15,manufactured_by,Zenbyte,zenbyte headphones pro 15|manufactured_by|zenbyte,1,[0.98],True,0,0.735,0.735,0.88,False,0.735,False,False,"[""product_15""]","[""structured""]","[""structured_row:Zenbyte Headphones Pro 15""]",1,542,candidate
DEC023_NO_FEEDBACK,train_kb,conservative_noisy_or_conflict_adjusted,3,Zenbyte Headphones Pro 15,belongs_to_category,headphones,zenbyte headphones pro 15|belongs_to_category|headphones,1,[0.98],True,0,0.735,0.735,0.88,False,0.735,False,False,"[""product_15""]","[""structured""]","[""structured_row:Zenbyte Headphones Pro 15""]",1,542,candidate
DEC023_NO_FEEDBACK,train_kb,conservative_noisy_or_conflict_adjusted,3,Zenbyte Headphones Pro 15,has_price_usd,349,zenbyte headphones pro 15|has_price_usd|349,1,[0.98],True,0,0.735,0.735,0.88,False,0.735,False,False,"[""product_15""]","[""structured""]","[""structured_row:Zenbyte Headphones Pro 15""]",1,542,candidate
DEC023_NO_FEEDBACK,train_kb,conservative_noisy_or_conflict_adjusted,3,Zenbyte Headphones Pro 15,has_screen_size_inch,13.3,zenbyte headphones pro 15|has_screen_size_inch|13.3,1,[0.98],True,0,0.735,0.735,0.88,False,0.735,False,False,"[""product_15""]","[""structured""]","[""structured_row:Zenbyte Headphones Pro 15""]",1,542,candidate
DEC023_NO_FEEDBACK,train_kb,conservative_noisy_or_conflict_adjusted,3,Zenbyte Headphones Pro 15,has_ram_gb,32,zenbyte headphones pro 15|has_ram_gb|32,1,[0.98],True,0,0.735,0.735,0.88,False,0.735,False,False,"[""product_15""]","[""structured""]","[""structured_row:Zenbyte Headphones Pro 15""]",1,542,candidate
DEC023_NO_FEEDBACK,train_kb,conservative_noisy_or_conflict_adjusted,3,Zenbyte Headphones Pro 15,has_storage_gb,512,zenbyte headphones pro 15|has_storage_gb|512,1,[0.98],True,0,0.735,0.735,0.88,False,0.735,False,False,"[""product_15""]","[""structured""]","[""structured_row:Zenbyte Headphones Pro 15""]",1,542,candidate
DEC023_NO_FEEDBACK,train_kb,conservative_noisy_or_conflict_adjusted,3,Zenbyte Headphones Pro 15,has_battery_life_hours,18,zenbyte headphones pro 15|has_battery_life_hours|18,1,[0.98],True,0,0.735,0.735,0.88,False,0.735,False,False,"[""product_15""]","[""structured""]","[""structured_row:Zenbyte Headphones Pro 15""]",0,542,candidate
DEC023_NO_FEEDBACK,train_kb,conservative_noisy_or_conflict_adjusted,3,Zenbyte Headphones Pro 15,has_weight_kg,1.45,zenbyte headphones pro 15|has_weight_kg|1.45,1,[0.98],True,0,0.735,0.735,0.88,False,0.735,False,False,"[""product_15""]","[""structured""]","[""structured_row:Zenbyte Headphones Pro 15""]",0,542,candidate
DEC023_NO_FEEDBACK,train_kb,conservative_noisy_or_conflict_adjusted,3,Zenbyte Headphones Pro 15,has_color,black,zenbyte headphones pro 15|has_color|black,1,[0.98],False,0,0.735,0.735,0.88,False,0.735,False,False,"[""product_15""]","[""structured""]","[""structured_row:Zenbyte Headphones Pro 15""]",0,542,candidate
DEC023_NO_FEEDBACK,train_kb,conservative_noisy_or_conflict_adjusted,3,Zenbyte Headphones Pro 15,made_of_material,plastic,zenbyte headphones pro 15|made_of_material|plastic,1,[0.98],True,0,0.735,0.735,0.88,False,0.735,False,False,"[""product_15""]","[""structured""]","[""structured_row:Zenbyte Headphones Pro 15""]",0,542,candidate
DEC023_NO_FEEDBACK,train_kb,conservative_noisy_or_conflict_adjusted,3,Zenbyte Headphones Pro 15,target_market_region,EU,zenbyte headphones pro 15|target_market_region|eu,1,[0.98],True,0,0.735,0.735,0.88,False,0.735,False,False,"[""product_15""]","[""structured""]","[""structured_row:Zenbyte Headphones Pro 15""]",0,542,candidate
DEC023_NO_FEEDBACK,train_kb,conservative_noisy_or_conflict_adjusted,3,Zenbyte Headphones Pro 15,supports_fast_charging,no,zenbyte headphones pro 15|supports_fast_charging|no,1,[0.98],True,0,0.735,0.735,0.88,False,0.735,False,False,"[""product_15""]","[""structured""]","[""structured_row:Zenbyte Headphones Pro 15""]",1,542,candidate
DEC023_NO_FEEDBACK,train_kb,conservative_noisy_or_conflict_adjusted,3,Zenbyte Headphones Pro 15,has_noise_cancellation,no,zenbyte headphones pro 15|has_noise_cancellation|no,1,[0.98],True,0,0.735,0.735,0.88,False,0.735,False,False,"[""product_15""]","[""structured""]","[""structured_row:Zenbyte Headphones Pro 15""]",0,542,candidate
DEC023_NO_FEEDBACK,train_kb,conservative_noisy_or_conflict_adjusted,3,NeoTech Smartwatch Plus 16,manufactured_by,NeoTech,neotech smartwatch plus 16|manufactured_by|neotech,1,[0.98],True,0,0.735,0.735,0.88,False,0.735,False,False,"[""product_16""]","[""structured""]","[""structured_row:NeoTech Smartwatch Plus 16""]",0,542,candidate
DEC023_NO_FEEDBACK,train_kb,conservative_noisy_or_conflict_adjusted,3,NeoTech Smartwatch Plus 16,belongs_to_category,smartwatch,neotech smartwatch plus 16|belongs_to_category|smartwatch,1,[0.98],True,0,0.735,0.735,0.88,False,0.735,False,False,"[""product_16""]","[""structured""]","[""structured_row:NeoTech Smartwatch Plus 16""]",1,542,candidate
DEC023_NO_FEEDBACK,train_kb,conservative_noisy_or_conflict_adjusted,3,NeoTech Smartwatch Plus 16,has_price_usd,1299,neotech smartwatch plus 16|has_price_usd|1299,1,[0.98],True,0,0.735,0.735,0.88,False,0.735,False,False,"[""product_16""]","[""structured""]","[""structured_row:NeoTech Smartwatch Plus 16""]",1,542,candidate
DEC023_NO_FEEDBACK,train_kb,conservative_noisy_or_conflict_adjusted,3,NeoTech Smartwatch Plus 16,has_screen_size_inch,15.6,neotech smartwatch plus 16|has_screen_size_inch|15.6,1,[0.98],True,0,0.735,0.735,0.88,False,0.735,False,False,"[""product_16""]","[""structured""]","[""structured_row:NeoTech Smartwatch Plus 16""]",1,542,candidate
DEC023_NO_FEEDBACK,train_kb,conservative_noisy_or_conflict_adjusted,3,NeoTech Smartwatch Plus 16,has_ram_gb,16,neotech smartwatch plus 16|has_ram_gb|16,1,[0.98],True,0,0.735,0.735,0.88,False,0.735,False,False,"[""product_16""]","[""structured""]","[""structured_row:NeoTech Smartwatch Plus 16""]",0,542,candidate
DEC023_NO_FEEDBACK,train_kb,conservative_noisy_or_conflict_adjusted,3,NeoTech Smartwatch Plus 16,has_storage_gb,128,neotech smartwatch plus 16|has_storage_gb|128,1,[0.98],True,0,0.735,0.735,0.88,False,0.735,False,False,"[""product_16""]","[""structured""]","[""structured_row:NeoTech Smartwatch Plus 16""]",0,542,candidate
DEC023_NO_FEEDBACK,train_kb,conservative_noisy_or_conflict_adjusted,3,NeoTech Smartwatch Plus 16,has_battery_life_hours,12,neotech smartwatch plus 16|has_battery_life_hours|12,1,[0.98],True,0,0.735,0.735,0.88,False,0.735,False,False,"[""product_16""]","[""structured""]","[""structured_row:NeoTech Smartwatch Plus 16""]",1,542,candidate
DEC023_NO_FEEDBACK,train_kb,conservative_noisy_or_conflict_adjusted,3,NeoTech Smartwatch Plus 16,has_weight_kg,1.2,neotech smartwatch plus 16|has_weight_kg|1.2,1,[0.98],True,0,0.735,0.735,0.88,False,0.735,False,False,"[""product_16""]","[""structured""]","[""structured_row:NeoTech Smartwatch Plus 16""]",0,542,candidate
DEC023_NO_FEEDBACK,train_kb,conservative_noisy_or_conflict_adjusted,3,NeoTech Smartwatch Plus 16,has_color,black,neotech smartwatch plus 16|has_color|black,1,[0.98],False,0,0.735,0.735,0.88,False,0.735,False,False,"[""product_16""]","[""structured""]","[""structured_row:NeoTech Smartwatch Plus 16""]",0,542,candidate
DEC023_NO_FEEDBACK,train_kb,conservative_noisy_or_conflict_adjusted,3,NeoTech Smartwatch Plus 16,made_of_material,plastic,neotech smartwatch plus 16|made_of_material|plastic,1,[0.98],True,0,0.735,0.735,0.88,False,0.735,False,False,"[""product_16""]","[""structured""]","[""structured_row:NeoTech Smartwatch Plus 16""]",0,542,candidate
DEC023_NO_FEEDBACK,train_kb,conservative_noisy_or_conflict_adjusted,3,NeoTech Smartwatch Plus 16,target_market_region,Global,neotech smartwatch plus 16|target_market_region|global,1,[0.98],True,0,0.735,0.735,0.88,False,0.735,False,False,"[""product_16""]","[""structured""]","[""structured_row:NeoTech Smartwatch Plus 16""]",1,542,candidate
DEC023_NO_FEEDBACK,train_kb,conservative_noisy_or_conflict_adjusted,3,NeoTech Smartwatch Plus 16,supports_fast_charging,no,neotech smartwatch plus 16|supports_fast_charging|no,1,[0.98],True,0,0.735,0.735,0.88,False,0.735,False,False,"[""product_16""]","[""structured""]","[""structured_row:NeoTech Smartwatch Plus 16""]",1,542,candidate
DEC023_NO_FEEDBACK,train_kb,conservative_noisy_or_conflict_adjusted,3,NeoTech Smartwatch Plus 16,has_noise_cancellation,no,neotech smartwatch plus 16|has_noise_cancellation|no,1,[0.98],True,0,0.735,0.735,0.88,False,0.735,False,False,"[""product_16""]","[""structured""]","[""structured_row:NeoTech Smartwatch Plus 16""]",1,542,candidate
DEC023_NO_FEEDBACK,train_kb,conservative_noisy_or_conflict_adjusted,3,It is a smartwatch device,belongs_to_category,smartwatch,it is a smartwatch device|belongs_to_category|smartwatch,1,[0.85],True,0,0.6375,0.6375,0.88,False,0.6375,False,False,"[""product_16""]","[""unstructured""]","[""It is a smartwatch device. Priced at 1299 USD. The display measures 15.6 inches. Battery lasts up to 12 hours. Targeted at the Global market. Fast charging is no. Noise cancellation: no.""]",0,542,candidate
DEC023_NO_FEEDBACK,train_kb,conservative_noisy_or_conflict_adjusted,3,It is a smartwatch device,has_price_usd,1299,it is a smartwatch device|has_price_usd|1299,1,[0.92],True,0,0.6900000000000001,0.6900000000000001,0.88,False,0.6900000000000001,False,False,"[""product_16""]","[""unstructured""]","[""It is a smartwatch device. Priced at 1299 USD. The display measures 15.6 inches. Battery lasts up to 12 hours. Targeted at the Global market. Fast charging is no. Noise cancellation: no.""]",0,542,candidate
DEC023_NO_FEEDBACK,train_kb,conservative_noisy_or_conflict_adjusted,3,It is a smartwatch device,has_screen_size_inch,15.6,it is a smartwatch device|has_screen_size_inch|15.6,1,[0.88],True,0,0.66,0.66,0.88,False,0.66,False,False,"[""product_16""]","[""unstructured""]","[""It is a smartwatch device. Priced at 1299 USD. The display measures 15.6 inches. Battery lasts up to 12 hours. Targeted at the Global market. Fast charging is no. Noise cancellation: no.""]",0,542,candidate
DEC023_NO_FEEDBACK,train_kb,conservative_noisy_or_conflict_adjusted,3,It is a smartwatch device,has_battery_life_hours,12,it is a smartwatch device|has_battery_life_hours|12,1,[0.86],True,0,0.645,0.645,0.88,False,0.645,False,False,"[""product_16""]","[""unstructured""]","[""It is a smartwatch device. Priced at 1299 USD. The display measures 15.6 inches. Battery lasts up to 12 hours. Targeted at the Global market. Fast charging is no. Noise cancellation: no.""]",0,542,candidate
DEC023_NO_FEEDBACK,train_kb,conservative_noisy_or_conflict_adjusted,3,It is a smartwatch device,target_market_region,Global,it is a smartwatch device|target_market_region|global,1,[0.89],True,0,0.6675,0.6675,0.88,False,0.6675,False,False,"[""product_16""]","[""unstructured""]","[""It is a smartwatch device. Priced at 1299 USD. The display measures 15.6 inches. Battery lasts up to 12 hours. Targeted at the Global market. Fast charging is no. Noise cancellation: no.""]",0,542,candidate
DEC023_NO_FEEDBACK,train_kb,conservative_noisy_or_conflict_adjusted,3,It is a smartwatch device,supports_fast_charging,no,it is a smartwatch device|supports_fast_charging|no,1,[0.84],True,0,0.63,0.63,0.88,False,0.63,False,False,"[""product_16""]","[""unstructured""]","[""It is a smartwatch device. Priced at 1299 USD. The display measures 15.6 inches. Battery lasts up to 12 hours. Targeted at the Global market. Fast charging is no. Noise cancellation: no.""]",0,542,candidate
DEC023_NO_FEEDBACK,train_kb,conservative_noisy_or_conflict_adjusted,3,It is a smartwatch device,has_noise_cancellation,no,it is a smartwatch device|has_noise_cancellation|no,1,[0.85],True,0,0.6375,0.6375,0.88,False,0.6375,False,False,"[""product_16""]","[""unstructured""]","[""It is a smartwatch device. Priced at 1299 USD. The display measures 15.6 inches. Battery lasts up to 12 hours. Targeted at the Global market. Fast charging is no. Noise cancellation: no.""]",0,542,candidate
DEC023_NO_FEEDBACK,train_kb,conservative_noisy_or_conflict_adjusted,3,NeoTech Headphones Lite 17,manufactured_by,NeoTech,neotech headphones lite 17|manufactured_by|neotech,1,[0.98],True,0,0.735,0.735,0.88,False,0.735,False,False,"[""product_17""]","[""structured""]","[""structured_row:NeoTech Headphones Lite 17""]",0,542,candidate
DEC023_NO_FEEDBACK,train_kb,conservative_noisy_or_conflict_adjusted,3,NeoTech Headphones Lite 17,belongs_to_category,headphones,neotech headphones lite 17|belongs_to_category|headphones,1,[0.98],True,0,0.735,0.735,0.88,False,0.735,False,False,"[""product_17""]","[""structured""]","[""structured_row:NeoTech Headphones Lite 17""]",1,542,candidate
DEC023_NO_FEEDBACK,train_kb,conservative_noisy_or_conflict_adjusted,3,NeoTech Headphones Lite 17,has_price_usd,299,neotech headphones lite 17|has_price_usd|299,1,[0.98],True,0,0.735,0.735,0.88,False,0.735,False,False,"[""product_17""]","[""structured""]","[""structured_row:NeoTech Headphones Lite 17""]",1,542,candidate
DEC023_NO_FEEDBACK,train_kb,conservative_noisy_or_conflict_adjusted,3,NeoTech Headphones Lite 17,has_screen_size_inch,13.3,neotech headphones lite 17|has_screen_size_inch|13.3,1,[0.98],True,0,0.735,0.735,0.88,False,0.735,False,False,"[""product_17""]","[""structured""]","[""structured_row:NeoTech Headphones Lite 17""]",0,542,candidate
DEC023_NO_FEEDBACK,train_kb,conservative_noisy_or_conflict_adjusted,3,NeoTech Headphones Lite 17,has_ram_gb,12,neotech headphones lite 17|has_ram_gb|12,1,[0.98],True,0,0.735,0.735,0.88,False,0.735,False,False,"[""product_17""]","[""structured""]","[""structured_row:NeoTech Headphones Lite 17""]",1,542,candidate
DEC023_NO_FEEDBACK,train_kb,conservative_noisy_or_conflict_adjusted,3,NeoTech Headphones Lite 17,has_storage_gb,512,neotech headphones lite 17|has_storage_gb|512,1,[0.98],True,0,0.735,0.735,0.88,False,0.735,False,False,"[""product_17""]","[""structured""]","[""structured_row:NeoTech Headphones Lite 17""]",0,542,candidate
DEC023_NO_FEEDBACK,train_kb,conservative_noisy_or_conflict_adjusted,3,NeoTech Headphones Lite 17,has_battery_life_hours,14,neotech headphones lite 17|has_battery_life_hours|14,1,[0.98],True,0,0.735,0.735,0.88,False,0.735,False,False,"[""product_17""]","[""structured""]","[""structured_row:NeoTech Headphones Lite 17""]",0,542,candidate
DEC023_NO_FEEDBACK,train_kb,conservative_noisy_or_conflict_adjusted,3,NeoTech Headphones Lite 17,has_weight_kg,1.2,neotech headphones lite 17|has_weight_kg|1.2,1,[0.98],True,0,0.735,0.735,0.88,False,0.735,False,False,"[""product_17""]","[""structured""]","[""structured_row:NeoTech Headphones Lite 17""]",1,542,candidate
DEC023_NO_FEEDBACK,train_kb,conservative_noisy_or_conflict_adjusted,3,NeoTech Headphones Lite 17,has_color,black,neotech headphones lite 17|has_color|black,1,[0.98],False,0,0.735,0.735,0.88,False,0.735,False,False,"[""product_17""]","[""structured""]","[""structured_row:NeoTech Headphones Lite 17""]",0,542,candidate
DEC023_NO_FEEDBACK,train_kb,conservative_noisy_or_conflict_adjusted,3,NeoTech Headphones Lite 17,made_of_material,aluminum,neotech headphones lite 17|made_of_material|aluminum,1,[0.98],True,0,0.735,0.735,0.88,False,0.735,False,False,"[""product_17""]","[""structured""]","[""structured_row:NeoTech Headphones Lite 17""]",1,542,candidate
DEC023_NO_FEEDBACK,train_kb,conservative_noisy_or_conflict_adjusted,3,NeoTech Headphones Lite 17,target_market_region,Global,neotech headphones lite 17|target_market_region|global,1,[0.98],True,0,0.735,0.735,0.88,False,0.735,False,False,"[""product_17""]","[""structured""]","[""structured_row:NeoTech Headphones Lite 17""]",1,542,candidate
DEC023_NO_FEEDBACK,train_kb,conservative_noisy_or_conflict_adjusted,3,NeoTech Headphones Lite 17,supports_fast_charging,no,neotech headphones lite 17|supports_fast_charging|no,1,[0.98],True,0,0.735,0.735,0.88,False,0.735,False,False,"[""product_17""]","[""structured""]","[""structured_row:NeoTech Headphones Lite 17""]",1,542,candidate
DEC023_NO_FEEDBACK,train_kb,conservative_noisy_or_conflict_adjusted,3,NeoTech Headphones Lite 17,has_noise_cancellation,yes,neotech headphones lite 17|has_noise_cancellation|yes,1,[0.98],True,0,0.735,0.735,0.88,False,0.735,False,False,"[""product_17""]","[""structured""]","[""structured_row:NeoTech Headphones Lite 17""]",0,542,candidate
DEC023_NO_FEEDBACK,train_kb,conservative_noisy_or_conflict_adjusted,3,headphones device,has_price_usd,299,headphones device|has_price_usd|299,2,"[0.95, 0.85]",True,1,0.89578125,0.447890625,0.88,False,0.447890625,False,False,"[""product_17"", ""product_17""]","[""unstructured"", ""unstructured""]","[""It is a headphones device. Priced at 299 USD. Comes with 12GB of RAM. Weighs approximately 1.2kg. Built with aluminum construction. Targeted at the Global market. Fast charging is no."", ""It is a headphones device. Priced at 299 USD. Comes with 12GB of RAM. Weighs approximately 1.2kg. Built with aluminum construction. Targeted at the Global market. Fast charging is no.""]",0,542,candidate
DEC023_NO_FEEDBACK,train_kb,conservative_noisy_or_conflict_adjusted,3,headphones device,has_ram_gb,12,headphones device|has_ram_gb|12,2,"[0.92, 0.85]",True,0,0.887625,0.887625,0.88,True,0.887625,False,False,"[""product_17"", ""product_17""]","[""unstructured"", ""unstructured""]","[""It is a headphones device. Priced at 299 USD. Comes with 12GB of RAM. Weighs approximately 1.2kg. Built with aluminum construction. Targeted at the Global market. Fast charging is no."", ""It is a headphones device. Priced at 299 USD. Comes with 12GB of RAM. Weighs approximately 1.2kg. Built with aluminum construction. Targeted at the Global market. Fast charging is no.""]",0,542,candidate
DEC023_NO_FEEDBACK,train_kb,conservative_noisy_or_conflict_adjusted,3,headphones device,has_weight_kg,1.2,headphones device|has_weight_kg|1.2,2,"[0.93, 0.85]",True,1,0.89034375,0.445171875,0.88,False,0.445171875,False,False,"[""product_17"", ""product_17""]","[""unstructured"", ""unstructured""]","[""It is a headphones device. Priced at 299 USD. Comes with 12GB of RAM. Weighs approximately 1.2kg. Built with aluminum construction. Targeted at the Global market. Fast charging is no."", ""It is a headphones device. Priced at 299 USD. Comes with 12GB of RAM. Weighs approximately 1.2kg. Built with aluminum construction. Targeted at the Global market. Fast charging is no.""]",0,542,candidate
DEC023_NO_FEEDBACK,train_kb,conservative_noisy_or_conflict_adjusted,3,headphones device,made_of_material,aluminum,headphones device|made_of_material|aluminum,1,[0.9],True,0,0.675,0.675,0.88,False,0.675,False,False,"[""product_17""]","[""unstructured""]","[""It is a headphones device. Priced at 299 USD. Comes with 12GB of RAM. Weighs approximately 1.2kg. Built with aluminum construction. Targeted at the Global market. Fast charging is no.""]",0,542,candidate
DEC023_NO_FEEDBACK,train_kb,conservative_noisy_or_conflict_adjusted,3,headphones device,target_market_region,Global,headphones device|target_market_region|global,2,"[0.94, 0.85]",True,0,0.8930625,0.8930625,0.88,True,0.8930625,False,False,"[""product_17"", ""product_17""]","[""unstructured"", ""unstructured""]","[""It is a headphones device. Priced at 299 USD. Comes with 12GB of RAM. Weighs approximately 1.2kg. Built with aluminum construction. Targeted at the Global market. Fast charging is no."", ""It is a headphones device. Priced at 299 USD. Comes with 12GB of RAM. Weighs approximately 1.2kg. Built with aluminum construction. Targeted at the Global market. Fast charging is no.""]",0,542,candidate
DEC023_NO_FEEDBACK,train_kb,conservative_noisy_or_conflict_adjusted,3,headphones device,supports_fast_charging,no,headphones device|supports_fast_charging|no,3,"[0.88, 0.95, 0.85]",True,0,0.964565625,0.964565625,0.88,True,0.964565625,False,False,"[""product_17"", ""product_32"", ""product_17""]","[""unstructured"", ""unstructured"", ""unstructured""]","[""It is a headphones device. Priced at 299 USD. Comes with 12GB of RAM. Weighs approximately 1.2kg. Built with aluminum construction. Targeted at the Global market. Fast charging is no."", ""It is a headphones device. Priced at 699 USD. The display measures 13.3 inches. Weighs approximately 1.8kg. Available in black. Fast charging is no. Noise cancellation: yes."", ""It is a headphones device. Priced at 299 USD. Comes with 12GB of RAM. Weighs approximately 1.2kg. Built with aluminum construction. Targeted at the Global market. Fast charging is no.""]",0,542,candidate
DEC023_NO_FEEDBACK,train_kb,conservative_noisy_or_conflict_adjusted,3,Auralex Headphones Lite 18,manufactured_by,Auralex,auralex headphones lite 18|manufactured_by|auralex,1,[0.98],True,0,0.735,0.735,0.88,False,0.735,False,False,"[""product_18""]","[""structured""]","[""structured_row:Auralex Headphones Lite 18""]",0,542,candidate
DEC023_NO_FEEDBACK,train_kb,conservative_noisy_or_conflict_adjusted,3,Auralex Headphones Lite 18,belongs_to_category,headphones,auralex headphones lite 18|belongs_to_category|headphones,1,[0.98],True,0,0.735,0.735,0.88,False,0.735,False,False,"[""product_18""]","[""structured""]","[""structured_row:Auralex Headphones Lite 18""]",0,542,candidate
DEC023_NO_FEEDBACK,train_kb,conservative_noisy_or_conflict_adjusted,3,Auralex Headphones Lite 18,has_price_usd,199,auralex headphones lite 18|has_price_usd|199,1,[0.98],True,0,0.735,0.735,0.88,False,0.735,False,False,"[""product_18""]","[""structured""]","[""structured_row:Auralex Headphones Lite 18""]",1,542,candidate
DEC023_NO_FEEDBACK,train_kb,conservative_noisy_or_conflict_adjusted,3,Auralex Headphones Lite 18,has_screen_size_inch,6.1,auralex headphones lite 18|has_screen_size_inch|6.1,1,[0.98],True,0,0.735,0.735,0.88,False,0.735,False,False,"[""product_18""]","[""structured""]","[""structured_row:Auralex Headphones Lite 18""]",1,542,candidate
DEC023_NO_FEEDBACK,train_kb,conservative_noisy_or_conflict_adjusted,3,Auralex Headphones Lite 18,has_ram_gb,4,auralex headphones lite 18|has_ram_gb|4,1,[0.98],True,0,0.735,0.735,0.88,False,0.735,False,False,"[""product_18""]","[""structured""]","[""structured_row:Auralex Headphones Lite 18""]",1,542,candidate
DEC023_NO_FEEDBACK,train_kb,conservative_noisy_or_conflict_adjusted,3,Auralex Headphones Lite 18,has_storage_gb,64,auralex headphones lite 18|has_storage_gb|64,1,[0.98],True,0,0.735,0.735,0.88,False,0.735,False,False,"[""product_18""]","[""structured""]","[""structured_row:Auralex Headphones Lite 18""]",1,542,candidate
DEC023_NO_FEEDBACK,train_kb,conservative_noisy_or_conflict_adjusted,3,Auralex Headphones Lite 18,has_battery_life_hours,14,auralex headphones lite 18|has_battery_life_hours|14,1,[0.98],True,0,0.735,0.735,0.88,False,0.735,False,False,"[""product_18""]","[""structured""]","[""structured_row:Auralex Headphones Lite 18""]",0,542,candidate
DEC023_NO_FEEDBACK,train_kb,conservative_noisy_or_conflict_adjusted,3,Auralex Headphones Lite 18,has_weight_kg,0.23,auralex headphones lite 18|has_weight_kg|0.23,1,[0.98],True,0,0.735,0.735,0.88,False,0.735,False,False,"[""product_18""]","[""structured""]","[""structured_row:Auralex Headphones Lite 18""]",0,542,candidate
DEC023_NO_FEEDBACK,train_kb,conservative_noisy_or_conflict_adjusted,3,Auralex Headphones Lite 18,has_color,silver,auralex headphones lite 18|has_color|silver,1,[0.98],False,0,0.735,0.735,0.88,False,0.735,False,False,"[""product_18""]","[""structured""]","[""structured_row:Auralex Headphones Lite 18""]",1,542,candidate
DEC023_NO_FEEDBACK,train_kb,conservative_noisy_or_conflict_adjusted,3,Auralex Headphones Lite 18,made_of_material,aluminum,auralex headphones lite 18|made_of_material|aluminum,1,[0.98],True,0,0.735,0.735,0.88,False,0.735,False,False,"[""product_18""]","[""structured""]","[""structured_row:Auralex Headphones Lite 18""]",1,542,candidate
DEC023_NO_FEEDBACK,train_kb,conservative_noisy_or_conflict_adjusted,3,Auralex Headphones Lite 18,target_market_region,US,auralex headphones lite 18|target_market_region|us,1,[0.98],True,0,0.735,0.735,0.88,False,0.735,False,False,"[""product_18""]","[""structured""]","[""structured_row:Auralex Headphones Lite 18""]",0,542,candidate
DEC023_NO_FEEDBACK,train_kb,conservative_noisy_or_conflict_adjusted,3,Auralex Headphones Lite 18,supports_fast_charging,no,auralex headphones lite 18|supports_fast_charging|no,1,[0.98],True,0,0.735,0.735,0.88,False,0.735,False,False,"[""product_18""]","[""structured""]","[""structured_row:Auralex Headphones Lite 18""]",1,542,candidate
DEC023_NO_FEEDBACK,train_kb,conservative_noisy_or_conflict_adjusted,3,Auralex Headphones Lite 18,has_noise_cancellation,no,auralex headphones lite 18|has_noise_cancellation|no,1,[0.98],True,0,0.735,0.735,0.88,False,0.735,False,False,"[""product_18""]","[""structured""]","[""structured_row:Auralex Headphones Lite 18""]",0,542,candidate
DEC023_NO_FEEDBACK,train_kb,conservative_noisy_or_conflict_adjusted,3,NeoTech Smartphone Air 19,manufactured_by,NeoTech,neotech smartphone air 19|manufactured_by|neotech,1,[0.98],True,0,0.735,0.735,0.88,False,0.735,False,False,"[""product_19""]","[""structured""]","[""structured_row:NeoTech Smartphone Air 19""]",0,542,candidate
DEC023_NO_FEEDBACK,train_kb,conservative_noisy_or_conflict_adjusted,3,NeoTech Smartphone Air 19,belongs_to_category,smartphone,neotech smartphone air 19|belongs_to_category|smartphone,1,[0.98],True,0,0.735,0.735,0.88,False,0.735,False,False,"[""product_19""]","[""structured""]","[""structured_row:NeoTech Smartphone Air 19""]",0,542,candidate
DEC023_NO_FEEDBACK,train_kb,conservative_noisy_or_conflict_adjusted,3,NeoTech Smartphone Air 19,has_price_usd,1299,neotech smartphone air 19|has_price_usd|1299,1,[0.98],True,0,0.735,0.735,0.88,False,0.735,False,False,"[""product_19""]","[""structured""]","[""structured_row:NeoTech Smartphone Air 19""]",0,542,candidate
DEC023_NO_FEEDBACK,train_kb,conservative_noisy_or_conflict_adjusted,3,NeoTech Smartphone Air 19,has_screen_size_inch,15.6,neotech smartphone air 19|has_screen_size_inch|15.6,1,[0.98],True,0,0.735,0.735,0.88,False,0.735,False,False,"[""product_19""]","[""structured""]","[""structured_row:NeoTech Smartphone Air 19""]",1,542,candidate
DEC023_NO_FEEDBACK,train_kb,conservative_noisy_or_conflict_adjusted,3,NeoTech Smartphone Air 19,has_ram_gb,4,neotech smartphone air 19|has_ram_gb|4,1,[0.98],True,0,0.735,0.735,0.88,False,0.735,False,False,"[""product_19""]","[""structured""]","[""structured_row:NeoTech Smartphone Air 19""]",0,542,candidate
DEC023_NO_FEEDBACK,train_kb,conservative_noisy_or_conflict_adjusted,3,NeoTech Smartphone Air 19,has_storage_gb,1024,neotech smartphone air 19|has_storage_gb|1024,1,[0.98],True,0,0.735,0.735,0.88,False,0.735,False,False,"[""product_19""]","[""structured""]","[""structured_row:NeoTech Smartphone Air 19""]",1,542,candidate
DEC023_NO_FEEDBACK,train_kb,conservative_noisy_or_conflict_adjusted,3,NeoTech Smartphone Air 19,has_battery_life_hours,10,neotech smartphone air 19|has_battery_life_hours|10,1,[0.98],True,0,0.735,0.735,0.88,False,0.735,False,False,"[""product_19""]","[""structured""]","[""structured_row:NeoTech Smartphone Air 19""]",1,542,candidate
DEC023_NO_FEEDBACK,train_kb,conservative_noisy_or_conflict_adjusted,3,NeoTech Smartphone Air 19,has_weight_kg,0.55,neotech smartphone air 19|has_weight_kg|0.55,1,[0.98],True,0,0.735,0.735,0.88,False,0.735,False,False,"[""product_19""]","[""structured""]","[""structured_row:NeoTech Smartphone Air 19""]",0,542,candidate
DEC023_NO_FEEDBACK,train_kb,conservative_noisy_or_conflict_adjusted,3,NeoTech Smartphone Air 19,has_color,silver,neotech smartphone air 19|has_color|silver,1,[0.98],False,0,0.735,0.735,0.88,False,0.735,False,False,"[""product_19""]","[""structured""]","[""structured_row:NeoTech Smartphone Air 19""]",1,542,candidate
DEC023_NO_FEEDBACK,train_kb,conservative_noisy_or_conflict_adjusted,3,NeoTech Smartphone Air 19,made_of_material,plastic,neotech smartphone air 19|made_of_material|plastic,1,[0.98],True,0,0.735,0.735,0.88,False,0.735,False,False,"[""product_19""]","[""structured""]","[""structured_row:NeoTech Smartphone Air 19""]",0,542,candidate
DEC023_NO_FEEDBACK,train_kb,conservative_noisy_or_conflict_adjusted,3,NeoTech Smartphone Air 19,target_market_region,Global,neotech smartphone air 19|target_market_region|global,1,[0.98],True,0,0.735,0.735,0.88,False,0.735,False,False,"[""product_19""]","[""structured""]","[""structured_row:NeoTech Smartphone Air 19""]",1,542,candidate
DEC023_NO_FEEDBACK,train_kb,conservative_noisy_or_conflict_adjusted,3,NeoTech Smartphone Air 19,supports_fast_charging,no,neotech smartphone air 19|supports_fast_charging|no,1,[0.98],True,0,0.735,0.735,0.88,False,0.735,False,False,"[""product_19""]","[""structured""]","[""structured_row:NeoTech Smartphone Air 19""]",1,542,candidate
DEC023_NO_FEEDBACK,train_kb,conservative_noisy_or_conflict_adjusted,3,NeoTech Smartphone Air 19,has_noise_cancellation,no,neotech smartphone air 19|has_noise_cancellation|no,1,[0.98],True,0,0.735,0.735,0.88,False,0.735,False,False,"[""product_19""]","[""structured""]","[""structured_row:NeoTech Smartphone Air 19""]",1,542,candidate
DEC023_NO_FEEDBACK,train_kb,conservative_noisy_or_conflict_adjusted,3,NeoTech Laptop Pro 20,manufactured_by,NeoTech,neotech laptop pro 20|manufactured_by|neotech,1,[0.98],True,0,0.735,0.735,0.88,False,0.735,False,False,"[""product_20""]","[""structured""]","[""structured_row:NeoTech Laptop Pro 20""]",0,542,candidate
DEC023_NO_FEEDBACK,train_kb,conservative_noisy_or_conflict_adjusted,3,NeoTech Laptop Pro 20,belongs_to_category,laptop,neotech laptop pro 20|belongs_to_category|laptop,1,[0.98],True,0,0.735,0.735,0.88,False,0.735,False,False,"[""product_20""]","[""structured""]","[""structured_row:NeoTech Laptop Pro 20""]",1,542,candidate
DEC023_NO_FEEDBACK,train_kb,conservative_noisy_or_conflict_adjusted,3,NeoTech Laptop Pro 20,has_price_usd,299,neotech laptop pro 20|has_price_usd|299,1,[0.98],True,0,0.735,0.735,0.88,False,0.735,False,False,"[""product_20""]","[""structured""]","[""structured_row:NeoTech Laptop Pro 20""]",1,542,candidate
DEC023_NO_FEEDBACK,train_kb,conservative_noisy_or_conflict_adjusted,3,NeoTech Laptop Pro 20,has_screen_size_inch,11.0,neotech laptop pro 20|has_screen_size_inch|11.0,1,[0.98],True,0,0.735,0.735,0.88,False,0.735,False,False,"[""product_20""]","[""structured""]","[""structured_row:NeoTech Laptop Pro 20""]",1,542,candidate
DEC023_NO_FEEDBACK,train_kb,conservative_noisy_or_conflict_adjusted,3,NeoTech Laptop Pro 20,has_ram_gb,32,neotech laptop pro 20|has_ram_gb|32,1,[0.98],True,0,0.735,0.735,0.88,False,0.735,False,False,"[""product_20""]","[""structured""]","[""structured_row:NeoTech Laptop Pro 20""]",1,542,candidate
DEC023_NO_FEEDBACK,train_kb,conservative_noisy_or_conflict_adjusted,3,NeoTech Laptop Pro 20,has_storage_gb,256,neotech laptop pro 20|has_storage_gb|256,1,[0.98],True,0,0.735,0.735,0.88,False,0.735,False,False,"[""product_20""]","[""structured""]","[""structured_row:NeoTech Laptop Pro 20""]",1,542,candidate
DEC023_NO_FEEDBACK,train_kb,conservative_noisy_or_conflict_adjusted,3,NeoTech Laptop Pro 20,has_battery_life_hours,14,neotech laptop pro 20|has_battery_life_hours|14,1,[0.98],True,0,0.735,0.735,0.88,False,0.735,False,False,"[""product_20""]","[""structured""]","[""structured_row:NeoTech Laptop Pro 20""]",0,542,candidate
DEC023_NO_FEEDBACK,train_kb,conservative_noisy_or_conflict_adjusted,3,NeoTech Laptop Pro 20,has_weight_kg,1.45,neotech laptop pro 20|has_weight_kg|1.45,1,[0.98],True,0,0.735,0.735,0.88,False,0.735,False,False,"[""product_20""]","[""structured""]","[""structured_row:NeoTech Laptop Pro 20""]",0,542,candidate
DEC023_NO_FEEDBACK,train_kb,conservative_noisy_or_conflict_adjusted,3,NeoTech Laptop Pro 20,has_color,silver,neotech laptop pro 20|has_color|silver,1,[0.98],False,0,0.735,0.735,0.88,False,0.735,False,False,"[""product_20""]","[""structured""]","[""structured_row:NeoTech Laptop Pro 20""]",1,542,candidate
DEC023_NO_FEEDBACK,train_kb,conservative_noisy_or_conflict_adjusted,3,NeoTech Laptop Pro 20,made_of_material,aluminum,neotech laptop pro 20|made_of_material|aluminum,1,[0.98],True,0,0.735,0.735,0.88,False,0.735,False,False,"[""product_20""]","[""structured""]","[""structured_row:NeoTech Laptop Pro 20""]",0,542,candidate
DEC023_NO_FEEDBACK,train_kb,conservative_noisy_or_conflict_adjusted,3,NeoTech Laptop Pro 20,target_market_region,US,neotech laptop pro 20|target_market_region|us,1,[0.98],True,0,0.735,0.735,0.88,False,0.735,False,False,"[""product_20""]","[""structured""]","[""structured_row:NeoTech Laptop Pro 20""]",0,542,candidate
DEC023_NO_FEEDBACK,train_kb,conservative_noisy_or_conflict_adjusted,3,NeoTech Laptop Pro 20,supports_fast_charging,no,neotech laptop pro 20|supports_fast_charging|no,1,[0.98],True,0,0.735,0.735,0.88,False,0.735,False,False,"[""product_20""]","[""structured""]","[""structured_row:NeoTech Laptop Pro 20""]",1,542,candidate
DEC023_NO_FEEDBACK,train_kb,conservative_noisy_or_conflict_adjusted,3,NeoTech Laptop Pro 20,has_noise_cancellation,no,neotech laptop pro 20|has_noise_cancellation|no,1,[0.98],True,0,0.735,0.735,0.88,False,0.735,False,False,"[""product_20""]","[""structured""]","[""structured_row:NeoTech Laptop Pro 20""]",0,542,candidate
DEC023_NO_FEEDBACK,train_kb,conservative_noisy_or_conflict_adjusted,3,Auralex Smartwatch Plus 22,manufactured_by,Auralex,auralex smartwatch plus 22|manufactured_by|auralex,1,[0.98],True,0,0.735,0.735,0.88,False,0.735,False,False,"[""product_22""]","[""structured""]","[""structured_row:Auralex Smartwatch Plus 22""]",0,542,candidate
DEC023_NO_FEEDBACK,train_kb,conservative_noisy_or_conflict_adjusted,3,Auralex Smartwatch Plus 22,belongs_to_category,smartwatch,auralex smartwatch plus 22|belongs_to_category|smartwatch,1,[0.98],True,0,0.735,0.735,0.88,False,0.735,False,False,"[""product_22""]","[""structured""]","[""structured_row:Auralex Smartwatch Plus 22""]",1,542,candidate
DEC023_NO_FEEDBACK,train_kb,conservative_noisy_or_conflict_adjusted,3,Auralex Smartwatch Plus 22,has_price_usd,199,auralex smartwatch plus 22|has_price_usd|199,1,[0.98],True,0,0.735,0.735,0.88,False,0.735,False,False,"[""product_22""]","[""structured""]","[""structured_row:Auralex Smartwatch Plus 22""]",0,542,candidate
DEC023_NO_FEEDBACK,train_kb,conservative_noisy_or_conflict_adjusted,3,Auralex Smartwatch Plus 22,has_screen_size_inch,10.9,auralex smartwatch plus 22|has_screen_size_inch|10.9,1,[0.98],True,0,0.735,0.735,0.88,False,0.735,False,False,"[""product_22""]","[""structured""]","[""structured_row:Auralex Smartwatch Plus 22""]",1,542,candidate
DEC023_NO_FEEDBACK,train_kb,conservative_noisy_or_conflict_adjusted,3,Auralex Smartwatch Plus 22,has_ram_gb,6,auralex smartwatch plus 22|has_ram_gb|6,1,[0.98],True,0,0.735,0.735,0.88,False,0.735,False,False,"[""product_22""]","[""structured""]","[""structured_row:Auralex Smartwatch Plus 22""]",0,542,candidate
DEC023_NO_FEEDBACK,train_kb,conservative_noisy_or_conflict_adjusted,3,Auralex Smartwatch Plus 22,has_storage_gb,256,auralex smartwatch plus 22|has_storage_gb|256,1,[0.98],True,0,0.735,0.735,0.88,False,0.735,False,False,"[""product_22""]","[""structured""]","[""structured_row:Auralex Smartwatch Plus 22""]",0,542,candidate
DEC023_NO_FEEDBACK,train_kb,conservative_noisy_or_conflict_adjusted,3,Auralex Smartwatch Plus 22,has_battery_life_hours,24,auralex smartwatch plus 22|has_battery_life_hours|24,1,[0.98],True,0,0.735,0.735,0.88,False,0.735,False,False,"[""product_22""]","[""structured""]","[""structured_row:Auralex Smartwatch Plus 22""]",0,542,candidate
DEC023_NO_FEEDBACK,train_kb,conservative_noisy_or_conflict_adjusted,3,Auralex Smartwatch Plus 22,has_weight_kg,1.2,auralex smartwatch plus 22|has_weight_kg|1.2,1,[0.98],True,0,0.735,0.735,0.88,False,0.735,False,False,"[""product_22""]","[""structured""]","[""structured_row:Auralex Smartwatch Plus 22""]",1,542,candidate
DEC023_NO_FEEDBACK,train_kb,conservative_noisy_or_conflict_adjusted,3,Auralex Smartwatch Plus 22,has_color,silver,auralex smartwatch plus 22|has_color|silver,1,[0.98],False,0,0.735,0.735,0.88,False,0.735,False,False,"[""product_22""]","[""structured""]","[""structured_row:Auralex Smartwatch Plus 22""]",0,542,candidate
DEC023_NO_FEEDBACK,train_kb,conservative_noisy_or_conflict_adjusted,3,Auralex Smartwatch Plus 22,made_of_material,carbon fiber,auralex smartwatch plus 22|made_of_material|carbon fiber,1,[0.98],True,0,0.735,0.735,0.88,False,0.735,False,False,"[""product_22""]","[""structured""]","[""structured_row:Auralex Smartwatch Plus 22""]",1,542,candidate
DEC023_NO_FEEDBACK,train_kb,conservative_noisy_or_conflict_adjusted,3,Auralex Smartwatch Plus 22,target_market_region,Global,auralex smartwatch plus 22|target_market_region|global,1,[0.98],True,0,0.735,0.735,0.88,False,0.735,False,False,"[""product_22""]","[""structured""]","[""structured_row:Auralex Smartwatch Plus 22""]",1,542,candidate
DEC023_NO_FEEDBACK,train_kb,conservative_noisy_or_conflict_adjusted,3,Auralex Smartwatch Plus 22,supports_fast_charging,no,auralex smartwatch plus 22|supports_fast_charging|no,1,[0.98],True,0,0.735,0.735,0.88,False,0.735,False,False,"[""product_22""]","[""structured""]","[""structured_row:Auralex Smartwatch Plus 22""]",1,542,candidate
DEC023_NO_FEEDBACK,train_kb,conservative_noisy_or_conflict_adjusted,3,Auralex Smartwatch Plus 22,has_noise_cancellation,no,auralex smartwatch plus 22|has_noise_cancellation|no,1,[0.98],True,0,0.735,0.735,0.88,False,0.735,False,False,"[""product_22""]","[""structured""]","[""structured_row:Auralex Smartwatch Plus 22""]",1,542,candidate
DEC023_NO_FEEDBACK,train_kb,conservative_noisy_or_conflict_adjusted,3,Zenbyte Headphones Plus 23,manufactured_by,Zenbyte,zenbyte headphones plus 23|manufactured_by|zenbyte,1,[0.98],True,0,0.735,0.735,0.88,False,0.735,False,False,"[""product_23""]","[""structured""]","[""structured_row:Zenbyte Headphones Plus 23""]",0,542,candidate
DEC023_NO_FEEDBACK,train_kb,conservative_noisy_or_conflict_adjusted,3,Zenbyte Headphones Plus 23,belongs_to_category,headphones,zenbyte headphones plus 23|belongs_to_category|headphones,1,[0.98],True,0,0.735,0.735,0.88,False,0.735,False,False,"[""product_23""]","[""structured""]","[""structured_row:Zenbyte Headphones Plus 23""]",0,542,candidate
DEC023_NO_FEEDBACK,train_kb,conservative_noisy_or_conflict_adjusted,3,Zenbyte Headphones Plus 23,has_price_usd,299,zenbyte headphones plus 23|has_price_usd|299,1,[0.98],True,0,0.735,0.735,0.88,False,0.735,False,False,"[""product_23""]","[""structured""]","[""structured_row:Zenbyte Headphones Plus 23""]",0,542,candidate
DEC023_NO_FEEDBACK,train_kb,conservative_noisy_or_conflict_adjusted,3,Zenbyte Headphones Plus 23,has_screen_size_inch,11.0,zenbyte headphones plus 23|has_screen_size_inch|11.0,1,[0.98],True,0,0.735,0.735,0.88,False,0.735,False,False,"[""product_23""]","[""structured""]","[""structured_row:Zenbyte Headphones Plus 23""]",1,542,candidate
DEC023_NO_FEEDBACK,train_kb,conservative_noisy_or_conflict_adjusted,3,Zenbyte Headphones Plus 23,has_ram_gb,32,zenbyte headphones plus 23|has_ram_gb|32,1,[0.98],True,0,0.735,0.735,0.88,False,0.735,False,False,"[""product_23""]","[""structured""]","[""structured_row:Zenbyte Headphones Plus 23""]",1,542,candidate
DEC023_NO_FEEDBACK,train_kb,conservative_noisy_or_conflict_adjusted,3,Zenbyte Headphones Plus 23,has_storage_gb,128,zenbyte headphones plus 23|has_storage_gb|128,1,[0.98],True,0,0.735,0.735,0.88,False,0.735,False,False,"[""product_23""]","[""structured""]","[""structured_row:Zenbyte Headphones Plus 23""]",0,542,candidate
DEC023_NO_FEEDBACK,train_kb,conservative_noisy_or_conflict_adjusted,3,Zenbyte Headphones Plus 23,has_battery_life_hours,10,zenbyte headphones plus 23|has_battery_life_hours|10,1,[0.98],True,0,0.735,0.735,0.88,False,0.735,False,False,"[""product_23""]","[""structured""]","[""structured_row:Zenbyte Headphones Plus 23""]",1,542,candidate
DEC023_NO_FEEDBACK,train_kb,conservative_noisy_or_conflict_adjusted,3,Zenbyte Headphones Plus 23,has_weight_kg,1.8,zenbyte headphones plus 23|has_weight_kg|1.8,1,[0.98],True,0,0.735,0.735,0.88,False,0.735,False,False,"[""product_23""]","[""structured""]","[""structured_row:Zenbyte Headphones Plus 23""]",1,542,candidate
DEC023_NO_FEEDBACK,train_kb,conservative_noisy_or_conflict_adjusted,3,Zenbyte Headphones Plus 23,has_color,silver,zenbyte headphones plus 23|has_color|silver,1,[0.98],False,0,0.735,0.735,0.88,False,0.735,False,False,"[""product_23""]","[""structured""]","[""structured_row:Zenbyte Headphones Plus 23""]",1,542,candidate
DEC023_NO_FEEDBACK,train_kb,conservative_noisy_or_conflict_adjusted,3,Zenbyte Headphones Plus 23,made_of_material,aluminum,zenbyte headphones plus 23|made_of_material|aluminum,1,[0.98],True,0,0.735,0.735,0.88,False,0.735,False,False,"[""product_23""]","[""structured""]","[""structured_row:Zenbyte Headphones Plus 23""]",0,542,candidate
DEC023_NO_FEEDBACK,train_kb,conservative_noisy_or_conflict_adjusted,3,Zenbyte Headphones Plus 23,target_market_region,US,zenbyte headphones plus 23|target_market_region|us,1,[0.98],True,0,0.735,0.735,0.88,False,0.735,False,False,"[""product_23""]","[""structured""]","[""structured_row:Zenbyte Headphones Plus 23""]",1,542,candidate
DEC023_NO_FEEDBACK,train_kb,conservative_noisy_or_conflict_adjusted,3,Zenbyte Headphones Plus 23,supports_fast_charging,no,zenbyte headphones plus 23|supports_fast_charging|no,1,[0.98],True,0,0.735,0.735,0.88,False,0.735,False,False,"[""product_23""]","[""structured""]","[""structured_row:Zenbyte Headphones Plus 23""]",0,542,candidate
DEC023_NO_FEEDBACK,train_kb,conservative_noisy_or_conflict_adjusted,3,Zenbyte Headphones Plus 23,has_noise_cancellation,no,zenbyte headphones plus 23|has_noise_cancellation|no,1,[0.98],True,0,0.735,0.735,0.88,False,0.735,False,False,"[""product_23""]","[""structured""]","[""structured_row:Zenbyte Headphones Plus 23""]",1,542,candidate
DEC023_NO_FEEDBACK,train_kb,conservative_noisy_or_conflict_adjusted,3,TechNova Laptop Max 25,manufactured_by,TechNova,technova laptop max 25|manufactured_by|technova,1,[0.98],True,0,0.735,0.735,0.88,False,0.735,False,False,"[""product_25""]","[""structured""]","[""structured_row:TechNova Laptop Max 25""]",0,542,candidate
DEC023_NO_FEEDBACK,train_kb,conservative_noisy_or_conflict_adjusted,3,TechNova Laptop Max 25,belongs_to_category,laptop,technova laptop max 25|belongs_to_category|laptop,1,[0.98],True,0,0.735,0.735,0.88,False,0.735,False,False,"[""product_25""]","[""structured""]","[""structured_row:TechNova Laptop Max 25""]",0,542,candidate
DEC023_NO_FEEDBACK,train_kb,conservative_noisy_or_conflict_adjusted,3,TechNova Laptop Max 25,has_price_usd,199,technova laptop max 25|has_price_usd|199,1,[0.98],True,0,0.735,0.735,0.88,False,0.735,False,False,"[""product_25""]","[""structured""]","[""structured_row:TechNova Laptop Max 25""]",0,542,candidate
DEC023_NO_FEEDBACK,train_kb,conservative_noisy_or_conflict_adjusted,3,TechNova Laptop Max 25,has_screen_size_inch,11.0,technova laptop max 25|has_screen_size_inch|11.0,1,[0.98],True,0,0.735,0.735,0.88,False,0.735,False,False,"[""product_25""]","[""structured""]","[""structured_row:TechNova Laptop Max 25""]",1,542,candidate
DEC023_NO_FEEDBACK,train_kb,conservative_noisy_or_conflict_adjusted,3,TechNova Laptop Max 25,has_ram_gb,6,technova laptop max 25|has_ram_gb|6,1,[0.98],True,0,0.735,0.735,0.88,False,0.735,False,False,"[""product_25""]","[""structured""]","[""structured_row:TechNova Laptop Max 25""]",1,542,candidate
DEC023_NO_FEEDBACK,train_kb,conservative_noisy_or_conflict_adjusted,3,TechNova Laptop Max 25,has_storage_gb,512,technova laptop max 25|has_storage_gb|512,1,[0.98],True,0,0.735,0.735,0.88,False,0.735,False,False,"[""product_25""]","[""structured""]","[""structured_row:TechNova Laptop Max 25""]",1,542,candidate
DEC023_NO_FEEDBACK,train_kb,conservative_noisy_or_conflict_adjusted,3,TechNova Laptop Max 25,has_battery_life_hours,8,technova laptop max 25|has_battery_life_hours|8,1,[0.98],True,0,0.735,0.735,0.88,False,0.735,False,False,"[""product_25""]","[""structured""]","[""structured_row:TechNova Laptop Max 25""]",1,542,candidate
DEC023_NO_FEEDBACK,train_kb,conservative_noisy_or_conflict_adjusted,3,TechNova Laptop Max 25,has_weight_kg,1.2,technova laptop max 25|has_weight_kg|1.2,1,[0.98],True,0,0.735,0.735,0.88,False,0.735,False,False,"[""product_25""]","[""structured""]","[""structured_row:TechNova Laptop Max 25""]",1,542,candidate
DEC023_NO_FEEDBACK,train_kb,conservative_noisy_or_conflict_adjusted,3,TechNova Laptop Max 25,has_color,blue,technova laptop max 25|has_color|blue,1,[0.98],False,0,0.735,0.735,0.88,False,0.735,False,False,"[""product_25""]","[""structured""]","[""structured_row:TechNova Laptop Max 25""]",0,542,candidate
DEC023_NO_FEEDBACK,train_kb,conservative_noisy_or_conflict_adjusted,3,TechNova Laptop Max 25,made_of_material,plastic,technova laptop max 25|made_of_material|plastic,1,[0.98],True,0,0.735,0.735,0.88,False,0.735,False,False,"[""product_25""]","[""structured""]","[""structured_row:TechNova Laptop Max 25""]",1,542,candidate
DEC023_NO_FEEDBACK,train_kb,conservative_noisy_or_conflict_adjusted,3,TechNova Laptop Max 25,target_market_region,APAC,technova laptop max 25|target_market_region|apac,1,[0.98],True,0,0.735,0.735,0.88,False,0.735,False,False,"[""product_25""]","[""structured""]","[""structured_row:TechNova Laptop Max 25""]",0,542,candidate
DEC023_NO_FEEDBACK,train_kb,conservative_noisy_or_conflict_adjusted,3,TechNova Laptop Max 25,supports_fast_charging,yes,technova laptop max 25|supports_fast_charging|yes,1,[0.98],True,0,0.735,0.735,0.88,False,0.735,False,False,"[""product_25""]","[""structured""]","[""structured_row:TechNova Laptop Max 25""]",1,542,candidate
DEC023_NO_FEEDBACK,train_kb,conservative_noisy_or_conflict_adjusted,3,TechNova Laptop Max 25,has_noise_cancellation,no,technova laptop max 25|has_noise_cancellation|no,1,[0.98],True,0,0.735,0.735,0.88,False,0.735,False,False,"[""product_25""]","[""structured""]","[""structured_row:TechNova Laptop Max 25""]",0,542,candidate
DEC023_NO_FEEDBACK,train_kb,conservative_noisy_or_conflict_adjusted,3,TechNova Smartphone Pro 1,has_screen_size_inch,11.0,technova smartphone pro 1|has_screen_size_inch|11.0,3,"[0.92, 0.91, 0.91]",True,1,0.9687500625,0.48437503125,0.88,False,0.4507875,False,False,"[""product_25"", ""product_20"", ""product_25""]","[""unstructured"", ""unstructured"", ""unstructured""]","[""The display measures 11.0 inches. Comes with 6GB of RAM. Offers 512GB of internal storage. Battery lasts up to 8 hours. Weighs approximately 1.2kg. Built with plastic construction. Fast charging is yes."", ""It is a laptop device. Priced at 299 USD. The display measures 11.0 inches. Comes with 32GB of RAM. Offers 256GB of internal storage. Available in silver. Fast charging is no."", ""The display measures 11.0 inches. Comes with 6GB of RAM. Offers 512GB of internal storage. Battery lasts up to 8 hours. Weighs approximately 1.2kg. Built with plastic construction. Fast charging is yes.""]",0,542,candidate
DEC023_NO_FEEDBACK,train_kb,conservative_noisy_or_conflict_adjusted,3,TechNova Smartphone Pro 1,has_ram_gb,6,technova smartphone pro 1|has_ram_gb|6,2,"[0.91, 0.91]",True,3,0.89919375,0.2247984375,0.88,False,0.2275,False,False,"[""product_25"", ""product_25""]","[""unstructured"", ""unstructured""]","[""The display measures 11.0 inches. Comes with 6GB of RAM. Offers 512GB of internal storage. Battery lasts up to 8 hours. Weighs approximately 1.2kg. Built with plastic construction. Fast charging is yes."", ""The display measures 11.0 inches. Comes with 6GB of RAM. Offers 512GB of internal storage. Battery lasts up to 8 hours. Weighs approximately 1.2kg. Built with plastic construction. Fast charging is yes.""]",0,542,candidate
DEC023_NO_FEEDBACK,train_kb,conservative_noisy_or_conflict_adjusted,3,TechNova Smartphone Pro 1,has_storage_gb,512,technova smartphone pro 1|has_storage_gb|512,4,"[0.9, 0.92, 0.91, 0.91]",True,3,0.9898437703125,0.247460942578125,0.88,False,0.2248125,False,False,"[""product_25"", ""product_28"", ""product_25"", ""product_28""]","[""unstructured"", ""unstructured"", ""unstructured"", ""unstructured""]","[""The display measures 11.0 inches. Comes with 6GB of RAM. Offers 512GB of internal storage. Battery lasts up to 8 hours. Weighs approximately 1.2kg. Built with plastic construction. Fast charging is yes."", ""Priced at 299 USD. Offers 512GB of internal storage. Battery lasts up to 8 hours. Weighs approximately 0.23kg. Available in silver. Built with plastic construction. Noise cancellation: no."", ""The display measures 11.0 inches. Comes with 6GB of RAM. Offers 512GB of internal storage. Battery lasts up to 8 hours. Weighs approximately 1.2kg. Built with plastic construction. Fast charging is yes."", ""Priced at 299 USD. Offers 512GB of internal storage. Battery lasts up to 8 hours. Weighs approximately 0.23kg. Available in silver. Built with plastic construction. Noise cancellation: no.""]",0,542,candidate
DEC023_NO_FEEDBACK,train_kb,conservative_noisy_or_conflict_adjusted,3,TechNova Smartphone Pro 1,has_battery_life_hours,8,technova smartphone pro 1|has_battery_life_hours|8,4,"[0.89, 0.88, 0.91, 0.91]",True,3,0.9886038534375,0.247150963359375,0.88,False,0.29565,False,False,"[""product_25"", ""product_28"", ""product_25"", ""product_28""]","[""unstructured"", ""unstructured"", ""unstructured"", ""unstructured""]","[""The display measures 11.0 inches. Comes with 6GB of RAM. Offers 512GB of internal storage. Battery lasts up to 8 hours. Weighs approximately 1.2kg. Built with plastic construction. Fast charging is yes."", ""Priced at 299 USD. Offers 512GB of internal storage. Battery lasts up to 8 hours. Weighs approximately 0.23kg. Available in silver. Built with plastic construction. Noise cancellation: no."", ""The display measures 11.0 inches. Comes with 6GB of RAM. Offers 512GB of internal storage. Battery lasts up to 8 hours. Weighs approximately 1.2kg. Built with plastic construction. Fast charging is yes."", ""Priced at 299 USD. Offers 512GB of internal storage. Battery lasts up to 8 hours. Weighs approximately 0.23kg. Available in silver. Built with plastic construction. Noise cancellation: no.""]",0,542,candidate
DEC023_NO_FEEDBACK,train_kb,conservative_noisy_or_conflict_adjusted,3,TechNova Smartphone Pro 1,has_weight_kg,1.2,technova smartphone pro 1|has_weight_kg|1.2,3,"[0.88, 0.91, 0.91]",True,2,0.965725875,0.321908625,0.88,False,0.22,False,False,"[""product_25"", ""product_17"", ""product_25""]","[""unstructured"", ""unstructured"", ""unstructured""]","[""The display measures 11.0 inches. Comes with 6GB of RAM. Offers 512GB of internal storage. Battery lasts up to 8 hours. Weighs approximately 1.2kg. Built with plastic construction. Fast charging is yes."", ""It is a headphones device. Priced at 299 USD. Comes with 12GB of RAM. Weighs approximately 1.2kg. Built with aluminum construction. Targeted at the Global market. Fast charging is no."", ""The display measures 11.0 inches. Comes with 6GB of RAM. Offers 512GB of internal storage. Battery lasts up to 8 hours. Weighs approximately 1.2kg. Built with plastic construction. Fast charging is yes.""]",0,542,candidate
DEC023_NO_FEEDBACK,train_kb,conservative_noisy_or_conflict_adjusted,3,TechNova Smartphone Pro 1,made_of_material,plastic,technova smartphone pro 1|made_of_material|plastic,3,"[0.85, 0.91, 0.91]",True,1,0.963457734375,0.4817288671875,0.88,False,0.442453125,False,False,"[""product_25"", ""product_28"", ""product_28""]","[""unstructured"", ""unstructured"", ""unstructured""]","[""The display measures 11.0 inches. Comes with 6GB of RAM. Offers 512GB of internal storage. Battery lasts up to 8 hours. Weighs approximately 1.2kg. Built with plastic construction. Fast charging is yes."", ""Priced at 299 USD. Offers 512GB of internal storage. Battery lasts up to 8 hours. Weighs approximately 0.23kg. Available in silver. Built with plastic construction. Noise cancellation: no."", ""Priced at 299 USD. Offers 512GB of internal storage. Battery lasts up to 8 hours. Weighs approximately 0.23kg. Available in silver. Built with plastic construction. Noise cancellation: no.""]",0,542,candidate
DEC023_NO_FEEDBACK,train_kb,conservative_noisy_or_conflict_adjusted,3,TechNova Smartphone Pro 1,supports_fast_charging,yes,technova smartphone pro 1|supports_fast_charging|yes,3,"[0.84, 0.91, 0.91]",True,1,0.9627016875,0.48135084375,0.88,False,0.315,False,False,"[""product_25"", ""product_25"", ""product_45""]","[""unstructured"", ""unstructured"", ""unstructured""]","[""The display measures 11.0 inches. Comes with 6GB of RAM. Offers 512GB of internal storage. Battery lasts up to 8 hours. Weighs approximately 1.2kg. Built with plastic construction. Fast charging is yes."", ""The display measures 11.0 inches. Comes with 6GB of RAM. Offers 512GB of internal storage. Battery lasts up to 8 hours. Weighs approximately 1.2kg. Built with plastic construction. Fast charging is yes."", ""Priced at 249 USD. The display measures 15.6 inches. Offers 128GB of internal storage. Battery lasts up to 20 hours. Available in silver. Fast charging is yes. Noise cancellation: no.""]",0,542,candidate
DEC023_NO_FEEDBACK,train_kb,conservative_noisy_or_conflict_adjusted,3,PixelWare Headphones Air 27,manufactured_by,PixelWare,pixelware headphones air 27|manufactured_by|pixelware,2,"[0.98, 0.91]",True,0,0.9158625,0.9158625,0.88,True,0.735,True,False,"[""product_27"", ""product_27""]","[""structured"", ""unstructured""]","[""structured_row:PixelWare Headphones Air 27"", ""PixelWare Headphones Air 27 is manufactured by PixelWare. It is a headphones device. Priced at 249 USD. The display measures 10.9 inches. Offers 1024GB of internal storage. Targeted at the Global market. Noise cancellation: yes.""]",1,542,candidate
DEC023_NO_FEEDBACK,train_kb,conservative_noisy_or_conflict_adjusted,3,PixelWare Headphones Air 27,belongs_to_category,headphones,pixelware headphones air 27|belongs_to_category|headphones,1,[0.98],True,0,0.735,0.735,0.88,False,0.735,False,False,"[""product_27""]","[""structured""]","[""structured_row:PixelWare Headphones Air 27""]",1,542,candidate
DEC023_NO_FEEDBACK,train_kb,conservative_noisy_or_conflict_adjusted,3,PixelWare Headphones Air 27,has_price_usd,249,pixelware headphones air 27|has_price_usd|249,2,"[0.98, 0.91]",True,0,0.9158625,0.9158625,0.88,True,0.735,True,False,"[""product_27"", ""product_27""]","[""structured"", ""unstructured""]","[""structured_row:PixelWare Headphones Air 27"", ""PixelWare Headphones Air 27 is manufactured by PixelWare. It is a headphones device. Priced at 249 USD. The display measures 10.9 inches. Offers 1024GB of internal storage. Targeted at the Global market. Noise cancellation: yes.""]",1,542,candidate
DEC023_NO_FEEDBACK,train_kb,conservative_noisy_or_conflict_adjusted,3,PixelWare Headphones Air 27,has_screen_size_inch,10.9,pixelware headphones air 27|has_screen_size_inch|10.9,2,"[0.98, 0.91]",True,0,0.9158625,0.9158625,0.88,True,0.735,True,False,"[""product_27"", ""product_27""]","[""structured"", ""unstructured""]","[""structured_row:PixelWare Headphones Air 27"", ""PixelWare Headphones Air 27 is manufactured by PixelWare. It is a headphones device. Priced at 249 USD. The display measures 10.9 inches. Offers 1024GB of internal storage. Targeted at the Global market. Noise cancellation: yes.""]",1,542,candidate
DEC023_NO_FEEDBACK,train_kb,conservative_noisy_or_conflict_adjusted,3,PixelWare Headphones Air 27,has_ram_gb,16,pixelware headphones air 27|has_ram_gb|16,1,[0.98],True,0,0.735,0.735,0.88,False,0.735,False,False,"[""product_27""]","[""structured""]","[""structured_row:PixelWare Headphones Air 27""]",0,542,candidate
DEC023_NO_FEEDBACK,train_kb,conservative_noisy_or_conflict_adjusted,3,PixelWare Headphones Air 27,has_storage_gb,1024,pixelware headphones air 27|has_storage_gb|1024,2,"[0.98, 0.91]",True,0,0.9158625,0.9158625,0.88,True,0.735,True,False,"[""product_27"", ""product_27""]","[""structured"", ""unstructured""]","[""structured_row:PixelWare Headphones Air 27"", ""PixelWare Headphones Air 27 is manufactured by PixelWare. It is a headphones device. Priced at 249 USD. The display measures 10.9 inches. Offers 1024GB of internal storage. Targeted at the Global market. Noise cancellation: yes.""]",1,542,candidate
DEC023_NO_FEEDBACK,train_kb,conservative_noisy_or_conflict_adjusted,3,PixelWare Headphones Air 27,has_battery_life_hours,20,pixelware headphones air 27|has_battery_life_hours|20,1,[0.98],True,0,0.735,0.735,0.88,False,0.735,False,False,"[""product_27""]","[""structured""]","[""structured_row:PixelWare Headphones Air 27""]",0,542,candidate
DEC023_NO_FEEDBACK,train_kb,conservative_noisy_or_conflict_adjusted,3,PixelWare Headphones Air 27,has_weight_kg,1.8,pixelware headphones air 27|has_weight_kg|1.8,1,[0.98],True,0,0.735,0.735,0.88,False,0.735,False,False,"[""product_27""]","[""structured""]","[""structured_row:PixelWare Headphones Air 27""]",0,542,candidate
DEC023_NO_FEEDBACK,train_kb,conservative_noisy_or_conflict_adjusted,3,PixelWare Headphones Air 27,has_color,black,pixelware headphones air 27|has_color|black,1,[0.98],False,0,0.735,0.735,0.88,False,0.735,False,False,"[""product_27""]","[""structured""]","[""structured_row:PixelWare Headphones Air 27""]",0,542,candidate
DEC023_NO_FEEDBACK,train_kb,conservative_noisy_or_conflict_adjusted,3,PixelWare Headphones Air 27,made_of_material,carbon fiber,pixelware headphones air 27|made_of_material|carbon fiber,1,[0.98],True,0,0.735,0.735,0.88,False,0.735,False,False,"[""product_27""]","[""structured""]","[""structured_row:PixelWare Headphones Air 27""]",0,542,candidate
DEC023_NO_FEEDBACK,train_kb,conservative_noisy_or_conflict_adjusted,3,PixelWare Headphones Air 27,target_market_region,Global,pixelware headphones air 27|target_market_region|global,2,"[0.98, 0.91]",True,0,0.9158625,0.9158625,0.88,True,0.735,True,False,"[""product_27"", ""product_27""]","[""structured"", ""unstructured""]","[""structured_row:PixelWare Headphones Air 27"", ""PixelWare Headphones Air 27 is manufactured by PixelWare. It is a headphones device. Priced at 249 USD. The display measures 10.9 inches. Offers 1024GB of internal storage. Targeted at the Global market. Noise cancellation: yes.""]",1,542,candidate
DEC023_NO_FEEDBACK,train_kb,conservative_noisy_or_conflict_adjusted,3,PixelWare Headphones Air 27,supports_fast_charging,yes,pixelware headphones air 27|supports_fast_charging|yes,1,[0.98],True,0,0.735,0.735,0.88,False,0.735,False,False,"[""product_27""]","[""structured""]","[""structured_row:PixelWare Headphones Air 27""]",0,542,candidate
DEC023_NO_FEEDBACK,train_kb,conservative_noisy_or_conflict_adjusted,3,PixelWare Headphones Air 27,has_noise_cancellation,yes,pixelware headphones air 27|has_noise_cancellation|yes,1,[0.98],True,0,0.735,0.735,0.88,False,0.735,False,False,"[""product_27""]","[""structured""]","[""structured_row:PixelWare Headphones Air 27""]",1,542,candidate
DEC023_NO_FEEDBACK,train_kb,conservative_noisy_or_conflict_adjusted,3,PixelWare Headphones Plus 28,manufactured_by,PixelWare,pixelware headphones plus 28|manufactured_by|pixelware,1,[0.98],True,0,0.735,0.735,0.88,False,0.735,False,False,"[""product_28""]","[""structured""]","[""structured_row:PixelWare Headphones Plus 28""]",0,542,candidate
DEC023_NO_FEEDBACK,train_kb,conservative_noisy_or_conflict_adjusted,3,PixelWare Headphones Plus 28,belongs_to_category,headphones,pixelware headphones plus 28|belongs_to_category|headphones,1,[0.98],True,0,0.735,0.735,0.88,False,0.735,False,False,"[""product_28""]","[""structured""]","[""structured_row:PixelWare Headphones Plus 28""]",0,542,candidate
DEC023_NO_FEEDBACK,train_kb,conservative_noisy_or_conflict_adjusted,3,PixelWare Headphones Plus 28,has_price_usd,299,pixelware headphones plus 28|has_price_usd|299,1,[0.98],True,0,0.735,0.735,0.88,False,0.735,False,False,"[""product_28""]","[""structured""]","[""structured_row:PixelWare Headphones Plus 28""]",1,542,candidate
DEC023_NO_FEEDBACK,train_kb,conservative_noisy_or_conflict_adjusted,3,PixelWare Headphones Plus 28,has_screen_size_inch,13.3,pixelware headphones plus 28|has_screen_size_inch|13.3,1,[0.98],True,0,0.735,0.735,0.88,False,0.735,False,False,"[""product_28""]","[""structured""]","[""structured_row:PixelWare Headphones Plus 28""]",0,542,candidate
DEC023_NO_FEEDBACK,train_kb,conservative_noisy_or_conflict_adjusted,3,PixelWare Headphones Plus 28,has_ram_gb,32,pixelware headphones plus 28|has_ram_gb|32,1,[0.98],True,0,0.735,0.735,0.88,False,0.735,False,False,"[""product_28""]","[""structured""]","[""structured_row:PixelWare Headphones Plus 28""]",0,542,candidate
DEC023_NO_FEEDBACK,train_kb,conservative_noisy_or_conflict_adjusted,3,PixelWare Headphones Plus 28,has_storage_gb,512,pixelware headphones plus 28|has_storage_gb|512,1,[0.98],True,0,0.735,0.735,0.88,False,0.735,False,False,"[""product_28""]","[""structured""]","[""structured_row:PixelWare Headphones Plus 28""]",1,542,candidate
DEC023_NO_FEEDBACK,train_kb,conservative_noisy_or_conflict_adjusted,3,PixelWare Headphones Plus 28,has_battery_life_hours,8,pixelware headphones plus 28|has_battery_life_hours|8,1,[0.98],True,0,0.735,0.735,0.88,False,0.735,False,False,"[""product_28""]","[""structured""]","[""structured_row:PixelWare Headphones Plus 28""]",1,542,candidate
DEC023_NO_FEEDBACK,train_kb,conservative_noisy_or_conflict_adjusted,3,PixelWare Headphones Plus 28,has_weight_kg,0.23,pixelware headphones plus 28|has_weight_kg|0.23,1,[0.98],True,0,0.735,0.735,0.88,False,0.735,False,False,"[""product_28""]","[""structured""]","[""structured_row:PixelWare Headphones Plus 28""]",1,542,candidate
DEC023_NO_FEEDBACK,train_kb,conservative_noisy_or_conflict_adjusted,3,PixelWare Headphones Plus 28,has_color,silver,pixelware headphones plus 28|has_color|silver,1,[0.98],False,0,0.735,0.735,0.88,False,0.735,False,False,"[""product_28""]","[""structured""]","[""structured_row:PixelWare Headphones Plus 28""]",1,542,candidate
DEC023_NO_FEEDBACK,train_kb,conservative_noisy_or_conflict_adjusted,3,PixelWare Headphones Plus 28,made_of_material,plastic,pixelware headphones plus 28|made_of_material|plastic,1,[0.98],True,0,0.735,0.735,0.88,False,0.735,False,False,"[""product_28""]","[""structured""]","[""structured_row:PixelWare Headphones Plus 28""]",1,542,candidate
DEC023_NO_FEEDBACK,train_kb,conservative_noisy_or_conflict_adjusted,3,PixelWare Headphones Plus 28,target_market_region,EU,pixelware headphones plus 28|target_market_region|eu,1,[0.98],True,0,0.735,0.735,0.88,False,0.735,False,False,"[""product_28""]","[""structured""]","[""structured_row:PixelWare Headphones Plus 28""]",0,542,candidate
DEC023_NO_FEEDBACK,train_kb,conservative_noisy_or_conflict_adjusted,3,PixelWare Headphones Plus 28,supports_fast_charging,no,pixelware headphones plus 28|supports_fast_charging|no,1,[0.98],True,0,0.735,0.735,0.88,False,0.735,False,False,"[""product_28""]","[""structured""]","[""structured_row:PixelWare Headphones Plus 28""]",0,542,candidate
DEC023_NO_FEEDBACK,train_kb,conservative_noisy_or_conflict_adjusted,3,PixelWare Headphones Plus 28,has_noise_cancellation,no,pixelware headphones plus 28|has_noise_cancellation|no,1,[0.98],True,0,0.735,0.735,0.88,False,0.735,False,False,"[""product_28""]","[""structured""]","[""structured_row:PixelWare Headphones Plus 28""]",1,542,candidate
DEC023_NO_FEEDBACK,train_kb,conservative_noisy_or_conflict_adjusted,3,TechNova Smartphone Pro 1,has_price_usd,299,technova smartphone pro 1|has_price_usd|299,4,"[0.85, 0.91, 0.91, 0.91]",True,2,0.9883978306640625,0.3294659435546875,0.88,False,0.442453125,False,False,"[""product_28"", ""product_20"", ""product_17"", ""product_28""]","[""unstructured"", ""unstructured"", ""unstructured"", ""unstructured""]","[""Priced at 299 USD. Offers 512GB of internal storage. Battery lasts up to 8 hours. Weighs approximately 0.23kg. Available in silver. Built with plastic construction. Noise cancellation: no."", ""It is a laptop device. Priced at 299 USD. The display measures 11.0 inches. Comes with 32GB of RAM. Offers 256GB of internal storage. Available in silver. Fast charging is no."", ""It is a headphones device. Priced at 299 USD. Comes with 12GB of RAM. Weighs approximately 1.2kg. Built with aluminum construction. Targeted at the Global market. Fast charging is no."", ""Priced at 299 USD. Offers 512GB of internal storage. Battery lasts up to 8 hours. Weighs approximately 0.23kg. Available in silver. Built with plastic construction. Noise cancellation: no.""]",0,542,candidate
DEC023_NO_FEEDBACK,train_kb,conservative_noisy_or_conflict_adjusted,3,TechNova Smartphone Pro 1,has_weight_kg,0.23,technova smartphone pro 1|has_weight_kg|0.23,2,"[0.89, 0.91]",True,2,0.89443125,0.29814375,0.88,False,0.2225,False,False,"[""product_28"", ""product_28""]","[""unstructured"", ""unstructured""]","[""Priced at 299 USD. Offers 512GB of internal storage. Battery lasts up to 8 hours. Weighs approximately 0.23kg. Available in silver. Built with plastic construction. Noise cancellation: no."", ""Priced at 299 USD. Offers 512GB of internal storage. Battery lasts up to 8 hours. Weighs approximately 0.23kg. Available in silver. Built with plastic construction. Noise cancellation: no.""]",0,542,candidate
DEC023_NO_FEEDBACK,train_kb,conservative_noisy_or_conflict_adjusted,3,TechNova Smartphone Pro 1,has_color,silver,technova smartphone pro 1|has_color|silver,5,"[0.9, 0.91, 0.91, 0.91, 0.91]",False,2,0.9966973824873047,0.9966973824873047,0.88,True,0.96723796875,False,False,"[""product_28"", ""product_19"", ""product_20"", ""product_28"", ""product_45""]","[""unstructured"", ""unstructured"", ""unstructured"", ""unstructured"", ""unstructured""]","[""Priced at 299 USD. Offers 512GB of internal storage. Battery lasts up to 8 hours. Weighs approximately 0.23kg. Available in silver. Built with plastic construction. Noise cancellation: no."", ""The display measures 15.6 inches. Offers 1024GB of internal storage. Battery lasts up to 10 hours. Available in silver. Targeted at the Global market. Fast charging is no. Noise cancellation: no."", ""It is a laptop device. Priced at 299 USD. The display measures 11.0 inches. Comes with 32GB of RAM. Offers 256GB of internal storage. Available in silver. Fast charging is no."", ""Priced at 299 USD. Offers 512GB of internal storage. Battery lasts up to 8 hours. Weighs approximately 0.23kg. Available in silver. Built with plastic construction. Noise cancellation: no."", ""Priced at 249 USD. The display measures 15.6 inches. Offers 128GB of internal storage. Battery lasts up to 20 hours. Available in silver. Fast charging is yes. Noise cancellation: no.""]",0,542,candidate
DEC023_NO_FEEDBACK,train_kb,conservative_noisy_or_conflict_adjusted,3,Zenbyte Laptop Max 29,manufactured_by,Zenbyte,zenbyte laptop max 29|manufactured_by|zenbyte,1,[0.98],True,0,0.735,0.735,0.88,False,0.735,False,False,"[""product_29""]","[""structured""]","[""structured_row:Zenbyte Laptop Max 29""]",0,542,candidate
DEC023_NO_FEEDBACK,train_kb,conservative_noisy_or_conflict_adjusted,3,Zenbyte Laptop Max 29,belongs_to_category,laptop,zenbyte laptop max 29|belongs_to_category|laptop,1,[0.98],True,0,0.735,0.735,0.88,False,0.735,False,False,"[""product_29""]","[""structured""]","[""structured_row:Zenbyte Laptop Max 29""]",1,542,candidate
DEC023_NO_FEEDBACK,train_kb,conservative_noisy_or_conflict_adjusted,3,Zenbyte Laptop Max 29,has_price_usd,1299,zenbyte laptop max 29|has_price_usd|1299,1,[0.98],True,0,0.735,0.735,0.88,False,0.735,False,False,"[""product_29""]","[""structured""]","[""structured_row:Zenbyte Laptop Max 29""]",0,542,candidate
DEC023_NO_FEEDBACK,train_kb,conservative_noisy_or_conflict_adjusted,3,Zenbyte Laptop Max 29,has_screen_size_inch,13.3,zenbyte laptop max 29|has_screen_size_inch|13.3,1,[0.98],True,0,0.735,0.735,0.88,False,0.735,False,False,"[""product_29""]","[""structured""]","[""structured_row:Zenbyte Laptop Max 29""]",1,542,candidate
DEC023_NO_FEEDBACK,train_kb,conservative_noisy_or_conflict_adjusted,3,Zenbyte Laptop Max 29,has_ram_gb,16,zenbyte laptop max 29|has_ram_gb|16,1,[0.98],True,0,0.735,0.735,0.88,False,0.735,False,False,"[""product_29""]","[""structured""]","[""structured_row:Zenbyte Laptop Max 29""]",1,542,candidate
DEC023_NO_FEEDBACK,train_kb,conservative_noisy_or_conflict_adjusted,3,Zenbyte Laptop Max 29,has_storage_gb,64,zenbyte laptop max 29|has_storage_gb|64,1,[0.98],True,0,0.735,0.735,0.88,False,0.735,False,False,"[""product_29""]","[""structured""]","[""structured_row:Zenbyte Laptop Max 29""]",1,542,candidate
DEC023_NO_FEEDBACK,train_kb,conservative_noisy_or_conflict_adjusted,3,Zenbyte Laptop Max 29,has_battery_life_hours,14,zenbyte laptop max 29|has_battery_life_hours|14,1,[0.98],True,0,0.735,0.735,0.88,False,0.735,False,False,"[""product_29""]","[""structured""]","[""structured_row:Zenbyte Laptop Max 29""]",0,542,candidate
DEC023_NO_FEEDBACK,train_kb,conservative_noisy_or_conflict_adjusted,3,Zenbyte Laptop Max 29,has_weight_kg,1.2,zenbyte laptop max 29|has_weight_kg|1.2,1,[0.98],True,0,0.735,0.735,0.88,False,0.735,False,False,"[""product_29""]","[""structured""]","[""structured_row:Zenbyte Laptop Max 29""]",0,542,candidate
DEC023_NO_FEEDBACK,train_kb,conservative_noisy_or_conflict_adjusted,3,Zenbyte Laptop Max 29,has_color,blue,zenbyte laptop max 29|has_color|blue,1,[0.98],False,0,0.735,0.735,0.88,False,0.735,False,False,"[""product_29""]","[""structured""]","[""structured_row:Zenbyte Laptop Max 29""]",1,542,candidate
DEC023_NO_FEEDBACK,train_kb,conservative_noisy_or_conflict_adjusted,3,Zenbyte Laptop Max 29,made_of_material,carbon fiber,zenbyte laptop max 29|made_of_material|carbon fiber,1,[0.98],True,0,0.735,0.735,0.88,False,0.735,False,False,"[""product_29""]","[""structured""]","[""structured_row:Zenbyte Laptop Max 29""]",0,542,candidate
DEC023_NO_FEEDBACK,train_kb,conservative_noisy_or_conflict_adjusted,3,Zenbyte Laptop Max 29,target_market_region,EU,zenbyte laptop max 29|target_market_region|eu,1,[0.98],True,0,0.735,0.735,0.88,False,0.735,False,False,"[""product_29""]","[""structured""]","[""structured_row:Zenbyte Laptop Max 29""]",0,542,candidate
DEC023_NO_FEEDBACK,train_kb,conservative_noisy_or_conflict_adjusted,3,Zenbyte Laptop Max 29,supports_fast_charging,yes,zenbyte laptop max 29|supports_fast_charging|yes,1,[0.98],True,0,0.735,0.735,0.88,False,0.735,False,False,"[""product_29""]","[""structured""]","[""structured_row:Zenbyte Laptop Max 29""]",1,542,candidate
DEC023_NO_FEEDBACK,train_kb,conservative_noisy_or_conflict_adjusted,3,Zenbyte Laptop Max 29,has_noise_cancellation,no,zenbyte laptop max 29|has_noise_cancellation|no,1,[0.98],True,0,0.735,0.735,0.88,False,0.735,False,False,"[""product_29""]","[""structured""]","[""structured_row:Zenbyte Laptop Max 29""]",1,542,candidate
DEC023_NO_FEEDBACK,train_kb,conservative_noisy_or_conflict_adjusted,3,laptop device,has_screen_size_inch,13.3,laptop device|has_screen_size_inch|13.3,1,[0.85],True,1,0.6375,0.31875,0.88,False,0.6375,False,False,"[""product_29""]","[""unstructured""]","[""It is a laptop device. The display measures 13.3 inches. Comes with 16GB of RAM. Offers 64GB of internal storage. Available in blue. Fast charging is yes. Noise cancellation: no.""]",0,542,candidate
DEC023_NO_FEEDBACK,train_kb,conservative_noisy_or_conflict_adjusted,3,laptop device,has_ram_gb,16,laptop device|has_ram_gb|16,1,[0.92],True,0,0.6900000000000001,0.6900000000000001,0.88,False,0.6900000000000001,False,False,"[""product_29""]","[""unstructured""]","[""It is a laptop device. The display measures 13.3 inches. Comes with 16GB of RAM. Offers 64GB of internal storage. Available in blue. Fast charging is yes. Noise cancellation: no.""]",0,542,candidate
DEC023_NO_FEEDBACK,train_kb,conservative_noisy_or_conflict_adjusted,3,laptop device,has_storage_gb,64,laptop device|has_storage_gb|64,1,[0.88],True,0,0.66,0.66,0.88,False,0.66,False,False,"[""product_29""]","[""unstructured""]","[""It is a laptop device. The display measures 13.3 inches. Comes with 16GB of RAM. Offers 64GB of internal storage. Available in blue. Fast charging is yes. Noise cancellation: no.""]",0,542,candidate
DEC023_NO_FEEDBACK,train_kb,conservative_noisy_or_conflict_adjusted,3,laptop device,has_color,blue,laptop device|has_color|blue,1,[0.9],False,1,0.675,0.675,0.88,False,0.675,False,False,"[""product_29""]","[""unstructured""]","[""It is a laptop device. The display measures 13.3 inches. Comes with 16GB of RAM. Offers 64GB of internal storage. Available in blue. Fast charging is yes. Noise cancellation: no.""]",0,542,candidate
DEC023_NO_FEEDBACK,train_kb,conservative_noisy_or_conflict_adjusted,3,laptop device,supports_fast_charging,yes,laptop device|supports_fast_charging|yes,1,[0.95],True,1,0.7124999999999999,0.35624999999999996,0.88,False,0.7124999999999999,False,False,"[""product_29""]","[""unstructured""]","[""It is a laptop device. The display measures 13.3 inches. Comes with 16GB of RAM. Offers 64GB of internal storage. Available in blue. Fast charging is yes. Noise cancellation: no.""]",0,542,candidate
DEC023_NO_FEEDBACK,train_kb,conservative_noisy_or_conflict_adjusted,3,laptop device,has_noise_cancellation,no,laptop device|has_noise_cancellation|no,2,"[0.85, 0.85]",True,0,0.8685937499999999,0.8685937499999999,0.88,False,0.6375,False,False,"[""product_29"", ""product_43""]","[""unstructured"", ""unstructured""]","[""It is a laptop device. The display measures 13.3 inches. Comes with 16GB of RAM. Offers 64GB of internal storage. Available in blue. Fast charging is yes. Noise cancellation: no."", ""It is a laptop device. The display measures 15.6 inches. Weighs approximately 0.18kg. Available in silver. Targeted at the EU market. Fast charging is no. Noise cancellation: no.""]",0,542,candidate
DEC023_NO_FEEDBACK,train_kb,conservative_noisy_or_conflict_adjusted,3,TechNova Smartphone Lite 30,manufactured_by,TechNova,technova smartphone lite 30|manufactured_by|technova,1,[0.98],True,0,0.735,0.735,0.88,False,0.735,False,False,"[""product_30""]","[""structured""]","[""structured_row:TechNova Smartphone Lite 30""]",0,542,candidate
DEC023_NO_FEEDBACK,train_kb,conservative_noisy_or_conflict_adjusted,3,TechNova Smartphone Lite 30,belongs_to_category,smartphone,technova smartphone lite 30|belongs_to_category|smartphone,1,[0.98],True,0,0.735,0.735,0.88,False,0.735,False,False,"[""product_30""]","[""structured""]","[""structured_row:TechNova Smartphone Lite 30""]",1,542,candidate
DEC023_NO_FEEDBACK,train_kb,conservative_noisy_or_conflict_adjusted,3,TechNova Smartphone Lite 30,has_price_usd,199,technova smartphone lite 30|has_price_usd|199,1,[0.98],True,0,0.735,0.735,0.88,False,0.735,False,False,"[""product_30""]","[""structured""]","[""structured_row:TechNova Smartphone Lite 30""]",0,542,candidate
DEC023_NO_FEEDBACK,train_kb,conservative_noisy_or_conflict_adjusted,3,TechNova Smartphone Lite 30,has_screen_size_inch,15.6,technova smartphone lite 30|has_screen_size_inch|15.6,1,[0.98],True,0,0.735,0.735,0.88,False,0.735,False,False,"[""product_30""]","[""structured""]","[""structured_row:TechNova Smartphone Lite 30""]",0,542,candidate
DEC023_NO_FEEDBACK,train_kb,conservative_noisy_or_conflict_adjusted,3,TechNova Smartphone Lite 30,has_ram_gb,4,technova smartphone lite 30|has_ram_gb|4,1,[0.98],True,0,0.735,0.735,0.88,False,0.735,False,False,"[""product_30""]","[""structured""]","[""structured_row:TechNova Smartphone Lite 30""]",1,542,candidate
DEC023_NO_FEEDBACK,train_kb,conservative_noisy_or_conflict_adjusted,3,TechNova Smartphone Lite 30,has_storage_gb,256,technova smartphone lite 30|has_storage_gb|256,1,[0.98],True,0,0.735,0.735,0.88,False,0.735,False,False,"[""product_30""]","[""structured""]","[""structured_row:TechNova Smartphone Lite 30""]",1,542,candidate
DEC023_NO_FEEDBACK,train_kb,conservative_noisy_or_conflict_adjusted,3,TechNova Smartphone Lite 30,has_battery_life_hours,10,technova smartphone lite 30|has_battery_life_hours|10,1,[0.98],True,0,0.735,0.735,0.88,False,0.735,False,False,"[""product_30""]","[""structured""]","[""structured_row:TechNova Smartphone Lite 30""]",1,542,candidate
DEC023_NO_FEEDBACK,train_kb,conservative_noisy_or_conflict_adjusted,3,TechNova Smartphone Lite 30,has_weight_kg,0.42,technova smartphone lite 30|has_weight_kg|0.42,1,[0.98],True,0,0.735,0.735,0.88,False,0.735,False,False,"[""product_30""]","[""structured""]","[""structured_row:TechNova Smartphone Lite 30""]",0,542,candidate
DEC023_NO_FEEDBACK,train_kb,conservative_noisy_or_conflict_adjusted,3,TechNova Smartphone Lite 30,has_color,white,technova smartphone lite 30|has_color|white,1,[0.98],False,0,0.735,0.735,0.88,False,0.735,False,False,"[""product_30""]","[""structured""]","[""structured_row:TechNova Smartphone Lite 30""]",1,542,candidate
DEC023_NO_FEEDBACK,train_kb,conservative_noisy_or_conflict_adjusted,3,TechNova Smartphone Lite 30,made_of_material,aluminum,technova smartphone lite 30|made_of_material|aluminum,1,[0.98],True,0,0.735,0.735,0.88,False,0.735,False,False,"[""product_30""]","[""structured""]","[""structured_row:TechNova Smartphone Lite 30""]",1,542,candidate
DEC023_NO_FEEDBACK,train_kb,conservative_noisy_or_conflict_adjusted,3,TechNova Smartphone Lite 30,target_market_region,Global,technova smartphone lite 30|target_market_region|global,1,[0.98],True,0,0.735,0.735,0.88,False,0.735,False,False,"[""product_30""]","[""structured""]","[""structured_row:TechNova Smartphone Lite 30""]",1,542,candidate
DEC023_NO_FEEDBACK,train_kb,conservative_noisy_or_conflict_adjusted,3,TechNova Smartphone Lite 30,supports_fast_charging,no,technova smartphone lite 30|supports_fast_charging|no,1,[0.98],True,0,0.735,0.735,0.88,False,0.735,False,False,"[""product_30""]","[""structured""]","[""structured_row:TechNova Smartphone Lite 30""]",0,542,candidate
DEC023_NO_FEEDBACK,train_kb,conservative_noisy_or_conflict_adjusted,3,TechNova Smartphone Lite 30,has_noise_cancellation,no,technova smartphone lite 30|has_noise_cancellation|no,1,[0.98],True,0,0.735,0.735,0.88,False,0.735,False,False,"[""product_30""]","[""structured""]","[""structured_row:TechNova Smartphone Lite 30""]",0,542,candidate
DEC023_NO_FEEDBACK,train_kb,conservative_noisy_or_conflict_adjusted,3,TechNova Smartphone Pro 1,has_ram_gb,4,technova smartphone pro 1|has_ram_gb|4,1,[0.92],True,3,0.6900000000000001,0.17250000000000001,0.88,False,0.23,False,False,"[""product_30""]","[""unstructured""]","[""It is a smartphone device. Comes with 4GB of RAM. Offers 256GB of internal storage. Battery lasts up to 10 hours. Available in white. Built with aluminum construction. Targeted at the Global market.""]",0,542,candidate
DEC023_NO_FEEDBACK,train_kb,conservative_noisy_or_conflict_adjusted,3,TechNova Smartphone Pro 1,has_storage_gb,256,technova smartphone pro 1|has_storage_gb|256,2,"[0.93, 0.91]",True,3,0.90395625,0.2259890625,0.88,False,0.2259890625,False,False,"[""product_30"", ""product_20""]","[""unstructured"", ""unstructured""]","[""It is a smartphone device. Comes with 4GB of RAM. Offers 256GB of internal storage. Battery lasts up to 10 hours. Available in white. Built with aluminum construction. Targeted at the Global market."", ""It is a laptop device. Priced at 299 USD. The display measures 11.0 inches. Comes with 32GB of RAM. Offers 256GB of internal storage. Available in silver. Fast charging is no.""]",0,542,candidate
DEC023_NO_FEEDBACK,train_kb,conservative_noisy_or_conflict_adjusted,3,TechNova Smartphone Pro 1,has_battery_life_hours,10,technova smartphone pro 1|has_battery_life_hours|10,2,"[0.94, 0.91]",True,3,0.9063375,0.226584375,0.88,False,0.3021125,False,False,"[""product_30"", ""product_19""]","[""unstructured"", ""unstructured""]","[""It is a smartphone device. Comes with 4GB of RAM. Offers 256GB of internal storage. Battery lasts up to 10 hours. Available in white. Built with aluminum construction. Targeted at the Global market."", ""The display measures 15.6 inches. Offers 1024GB of internal storage. Battery lasts up to 10 hours. Available in silver. Targeted at the Global market. Fast charging is no. Noise cancellation: no.""]",0,542,candidate
DEC023_NO_FEEDBACK,train_kb,conservative_noisy_or_conflict_adjusted,3,TechNova Smartphone Pro 1,has_color,white,technova smartphone pro 1|has_color|white,1,[0.95],False,2,0.7124999999999999,0.7124999999999999,0.88,False,0.7124999999999999,False,False,"[""product_30""]","[""unstructured""]","[""It is a smartphone device. Comes with 4GB of RAM. Offers 256GB of internal storage. Battery lasts up to 10 hours. Available in white. Built with aluminum construction. Targeted at the Global market.""]",0,542,candidate
DEC023_NO_FEEDBACK,train_kb,conservative_noisy_or_conflict_adjusted,3,TechNova Smartphone Pro 1,made_of_material,aluminum,technova smartphone pro 1|made_of_material|aluminum,4,"[0.96, 0.89, 0.9, 0.85]",True,1,0.98903165625,0.494515828125,0.88,False,0.48487125,False,False,"[""product_30"", ""product_37"", ""product_37"", ""product_37""]","[""unstructured"", ""unstructured"", ""unstructured"", ""unstructured""]","[""It is a smartphone device. Comes with 4GB of RAM. Offers 256GB of internal storage. Battery lasts up to 10 hours. Available in white. Built with aluminum construction. Targeted at the Global market."", ""Priced at 1099 USD. Offers 128GB of internal storage. Battery lasts up to 14 hours. Weighs approximately 1.45kg. Available in green. Built with aluminum construction. Fast charging is no."", ""Priced at 1099 USD. Offers 128GB of internal storage. Battery lasts up to 14 hours. Weighs approximately 1.45kg. Available in green. Built with aluminum construction. Fast charging is no."", ""Priced at 1099 USD. Offers 128GB of internal storage. Battery lasts up to 14 hours. Weighs approximately 1.45kg. Available in green. Built with aluminum construction. Fast charging is no.""]",0,542,candidate
DEC023_NO_FEEDBACK,train_kb,conservative_noisy_or_conflict_adjusted,3,TechNova Smartphone Pro 1,target_market_region,Global,technova smartphone pro 1|target_market_region|global,3,"[0.9, 0.91, 0.91]",True,0,0.96723796875,0.96723796875,0.88,True,0.8968125,False,False,"[""product_30"", ""product_19"", ""product_17""]","[""unstructured"", ""unstructured"", ""unstructured""]","[""It is a smartphone device. Comes with 4GB of RAM. Offers 256GB of internal storage. Battery lasts up to 10 hours. Available in white. Built with aluminum construction. Targeted at the Global market."", ""The display measures 15.6 inches. Offers 1024GB of internal storage. Battery lasts up to 10 hours. Available in silver. Targeted at the Global market. Fast charging is no. Noise cancellation: no."", ""It is a headphones device. Priced at 299 USD. Comes with 12GB of RAM. Weighs approximately 1.2kg. Built with aluminum construction. Targeted at the Global market. Fast charging is no.""]",0,542,candidate
DEC023_NO_FEEDBACK,train_kb,conservative_noisy_or_conflict_adjusted,3,TechNova Smartphone Lite 31,manufactured_by,TechNova,technova smartphone lite 31|manufactured_by|technova,3,"[0.98, 0.92, 0.91]",True,0,0.973917375,0.973917375,0.88,True,0.973917375,False,False,"[""product_31"", ""product_31"", ""product_31""]","[""structured"", ""unstructured"", ""unstructured""]","[""structured_row:TechNova Smartphone Lite 31"", ""TechNova Smartphone Lite 31 is manufactured by TechNova. It is a smartphone device. Priced at 199 USD. The display measures 13.3 inches. Weighs approximately 1.45kg. Built with aluminum construction. Noise cancellation: no."", ""TechNova Smartphone Lite 31 is manufactured by TechNova. It is a smartphone device. Priced at 199 USD. The display measures 13.3 inches. Weighs approximately 1.45kg. Built with aluminum construction. Noise cancellation: no.""]",1,542,candidate
DEC023_NO_FEEDBACK,train_kb,conservative_noisy_or_conflict_adjusted,3,TechNova Smartphone Lite 31,belongs_to_category,smartphone,technova smartphone lite 31|belongs_to_category|smartphone,1,[0.98],True,1,0.735,0.3675,0.88,False,0.3675,False,False,"[""product_31""]","[""structured""]","[""structured_row:TechNova Smartphone Lite 31""]",1,542,candidate
DEC023_NO_FEEDBACK,train_kb,conservative_noisy_or_conflict_adjusted,3,TechNova Smartphone Lite 31,has_price_usd,199,technova smartphone lite 31|has_price_usd|199,3,"[0.98, 0.9, 0.91]",True,0,0.9726553125,0.9726553125,0.88,True,0.9726553125,False,False,"[""product_31"", ""product_31"", ""product_31""]","[""structured"", ""unstructured"", ""unstructured""]","[""structured_row:TechNova Smartphone Lite 31"", ""TechNova Smartphone Lite 31 is manufactured by TechNova. It is a smartphone device. Priced at 199 USD. The display measures 13.3 inches. Weighs approximately 1.45kg. Built with aluminum construction. Noise cancellation: no."", ""TechNova Smartphone Lite 31 is manufactured by TechNova. It is a smartphone device. Priced at 199 USD. The display measures 13.3 inches. Weighs approximately 1.45kg. Built with aluminum construction. Noise cancellation: no.""]",1,542,candidate
DEC023_NO_FEEDBACK,train_kb,conservative_noisy_or_conflict_adjusted,3,TechNova Smartphone Lite 31,has_screen_size_inch,13.3,technova smartphone lite 31|has_screen_size_inch|13.3,3,"[0.98, 0.88, 0.91]",True,0,0.97139325,0.97139325,0.88,True,0.97139325,False,False,"[""product_31"", ""product_31"", ""product_31""]","[""structured"", ""unstructured"", ""unstructured""]","[""structured_row:TechNova Smartphone Lite 31"", ""TechNova Smartphone Lite 31 is manufactured by TechNova. It is a smartphone device. Priced at 199 USD. The display measures 13.3 inches. Weighs approximately 1.45kg. Built with aluminum construction. Noise cancellation: no."", ""TechNova Smartphone Lite 31 is manufactured by TechNova. It is a smartphone device. Priced at 199 USD. The display measures 13.3 inches. Weighs approximately 1.45kg. Built with aluminum construction. Noise cancellation: no.""]",1,542,candidate
DEC023_NO_FEEDBACK,train_kb,conservative_noisy_or_conflict_adjusted,3,TechNova Smartphone Lite 31,has_ram_gb,32,technova smartphone lite 31|has_ram_gb|32,1,[0.98],True,0,0.735,0.735,0.88,False,0.735,False,False,"[""product_31""]","[""structured""]","[""structured_row:TechNova Smartphone Lite 31""]",0,542,candidate
DEC023_NO_FEEDBACK,train_kb,conservative_noisy_or_conflict_adjusted,3,TechNova Smartphone Lite 31,has_storage_gb,64,technova smartphone lite 31|has_storage_gb|64,1,[0.98],True,0,0.735,0.735,0.88,False,0.735,False,False,"[""product_31""]","[""structured""]","[""structured_row:TechNova Smartphone Lite 31""]",0,542,candidate
DEC023_NO_FEEDBACK,train_kb,conservative_noisy_or_conflict_adjusted,3,TechNova Smartphone Lite 31,has_battery_life_hours,24,technova smartphone lite 31|has_battery_life_hours|24,1,[0.98],True,0,0.735,0.735,0.88,False,0.735,False,False,"[""product_31""]","[""structured""]","[""structured_row:TechNova Smartphone Lite 31""]",0,542,candidate
DEC023_NO_FEEDBACK,train_kb,conservative_noisy_or_conflict_adjusted,3,TechNova Smartphone Lite 31,has_weight_kg,1.45,technova smartphone lite 31|has_weight_kg|1.45,3,"[0.98, 0.86, 0.91]",True,0,0.9701311875,0.9701311875,0.88,True,0.9701311875,False,False,"[""product_31"", ""product_31"", ""product_31""]","[""structured"", ""unstructured"", ""unstructured""]","[""structured_row:TechNova Smartphone Lite 31"", ""TechNova Smartphone Lite 31 is manufactured by TechNova. It is a smartphone device. Priced at 199 USD. The display measures 13.3 inches. Weighs approximately 1.45kg. Built with aluminum construction. Noise cancellation: no."", ""TechNova Smartphone Lite 31 is manufactured by TechNova. It is a smartphone device. Priced at 199 USD. The display measures 13.3 inches. Weighs approximately 1.45kg. Built with aluminum construction. Noise cancellation: no.""]",1,542,candidate
DEC023_NO_FEEDBACK,train_kb,conservative_noisy_or_conflict_adjusted,3,TechNova Smartphone Lite 31,has_color,white,technova smartphone lite 31|has_color|white,1,[0.98],False,0,0.735,0.735,0.88,False,0.735,False,False,"[""product_31""]","[""structured""]","[""structured_row:TechNova Smartphone Lite 31""]",0,542,candidate
DEC023_NO_FEEDBACK,train_kb,conservative_noisy_or_conflict_adjusted,3,TechNova Smartphone Lite 31,made_of_material,aluminum,technova smartphone lite 31|made_of_material|aluminum,2,"[0.98, 0.91]",True,1,0.9158625,0.45793125,0.88,False,0.45793125,False,False,"[""product_31"", ""product_31""]","[""structured"", ""unstructured""]","[""structured_row:TechNova Smartphone Lite 31"", ""TechNova Smartphone Lite 31 is manufactured by TechNova. It is a smartphone device. Priced at 199 USD. The display measures 13.3 inches. Weighs approximately 1.45kg. Built with aluminum construction. Noise cancellation: no.""]",1,542,candidate
DEC023_NO_FEEDBACK,train_kb,conservative_noisy_or_conflict_adjusted,3,TechNova Smartphone Lite 31,target_market_region,US,technova smartphone lite 31|target_market_region|us,1,[0.98],True,0,0.735,0.735,0.88,False,0.735,False,False,"[""product_31""]","[""structured""]","[""structured_row:TechNova Smartphone Lite 31""]",0,542,candidate
DEC023_NO_FEEDBACK,train_kb,conservative_noisy_or_conflict_adjusted,3,TechNova Smartphone Lite 31,supports_fast_charging,yes,technova smartphone lite 31|supports_fast_charging|yes,1,[0.98],True,0,0.735,0.735,0.88,False,0.735,False,False,"[""product_31""]","[""structured""]","[""structured_row:TechNova Smartphone Lite 31""]",0,542,candidate
DEC023_NO_FEEDBACK,train_kb,conservative_noisy_or_conflict_adjusted,3,TechNova Smartphone Lite 31,has_noise_cancellation,no,technova smartphone lite 31|has_noise_cancellation|no,2,"[0.98, 0.84]",True,0,0.90195,0.90195,0.88,True,0.90195,False,False,"[""product_31"", ""product_31""]","[""structured"", ""unstructured""]","[""structured_row:TechNova Smartphone Lite 31"", ""TechNova Smartphone Lite 31 is manufactured by TechNova. It is a smartphone device. Priced at 199 USD. The display measures 13.3 inches. Weighs approximately 1.45kg. Built with aluminum construction. Noise cancellation: no.""]",1,542,candidate
DEC023_NO_FEEDBACK,train_kb,conservative_noisy_or_conflict_adjusted,3,TechNova Smartphone Lite 31,belongs_to_category,smartphone device,technova smartphone lite 31|belongs_to_category|smartphone device,1,[0.85],True,1,0.6375,0.31875,0.88,False,0.31875,False,False,"[""product_31""]","[""unstructured""]","[""TechNova Smartphone Lite 31 is manufactured by TechNova. It is a smartphone device. Priced at 199 USD. The display measures 13.3 inches. Weighs approximately 1.45kg. Built with aluminum construction. Noise cancellation: no.""]",0,542,candidate
DEC023_NO_FEEDBACK,train_kb,conservative_noisy_or_conflict_adjusted,3,TechNova Smartphone Lite 31,made_of_material,aluminum construction,technova smartphone lite 31|made_of_material|aluminum construction,1,[0.89],True,1,0.6675,0.33375,0.88,False,0.33375,False,False,"[""product_31""]","[""unstructured""]","[""TechNova Smartphone Lite 31 is manufactured by TechNova. It is a smartphone device. Priced at 199 USD. The display measures 13.3 inches. Weighs approximately 1.45kg. Built with aluminum construction. Noise cancellation: no.""]",0,542,candidate
DEC023_NO_FEEDBACK,train_kb,conservative_noisy_or_conflict_adjusted,3,VoltEdge Headphones Lite 32,manufactured_by,VoltEdge,voltedge headphones lite 32|manufactured_by|voltedge,1,[0.98],True,0,0.735,0.735,0.88,False,0.735,False,False,"[""product_32""]","[""structured""]","[""structured_row:VoltEdge Headphones Lite 32""]",0,542,candidate
DEC023_NO_FEEDBACK,train_kb,conservative_noisy_or_conflict_adjusted,3,VoltEdge Headphones Lite 32,belongs_to_category,headphones,voltedge headphones lite 32|belongs_to_category|headphones,1,[0.98],True,0,0.735,0.735,0.88,False,0.735,False,False,"[""product_32""]","[""structured""]","[""structured_row:VoltEdge Headphones Lite 32""]",1,542,candidate
DEC023_NO_FEEDBACK,train_kb,conservative_noisy_or_conflict_adjusted,3,VoltEdge Headphones Lite 32,has_price_usd,699,voltedge headphones lite 32|has_price_usd|699,1,[0.98],True,0,0.735,0.735,0.88,False,0.735,False,False,"[""product_32""]","[""structured""]","[""structured_row:VoltEdge Headphones Lite 32""]",1,542,candidate
DEC023_NO_FEEDBACK,train_kb,conservative_noisy_or_conflict_adjusted,3,VoltEdge Headphones Lite 32,has_screen_size_inch,13.3,voltedge headphones lite 32|has_screen_size_inch|13.3,1,[0.98],True,0,0.735,0.735,0.88,False,0.735,False,False,"[""product_32""]","[""structured""]","[""structured_row:VoltEdge Headphones Lite 32""]",1,542,candidate
DEC023_NO_FEEDBACK,train_kb,conservative_noisy_or_conflict_adjusted,3,VoltEdge Headphones Lite 32,has_ram_gb,4,voltedge headphones lite 32|has_ram_gb|4,1,[0.98],True,0,0.735,0.735,0.88,False,0.735,False,False,"[""product_32""]","[""structured""]","[""structured_row:VoltEdge Headphones Lite 32""]",0,542,candidate
DEC023_NO_FEEDBACK,train_kb,conservative_noisy_or_conflict_adjusted,3,VoltEdge Headphones Lite 32,has_storage_gb,128,voltedge headphones lite 32|has_storage_gb|128,1,[0.98],True,0,0.735,0.735,0.88,False,0.735,False,False,"[""product_32""]","[""structured""]","[""structured_row:VoltEdge Headphones Lite 32""]",0,542,candidate
DEC023_NO_FEEDBACK,train_kb,conservative_noisy_or_conflict_adjusted,3,VoltEdge Headphones Lite 32,has_battery_life_hours,18,voltedge headphones lite 32|has_battery_life_hours|18,1,[0.98],True,0,0.735,0.735,0.88,False,0.735,False,False,"[""product_32""]","[""structured""]","[""structured_row:VoltEdge Headphones Lite 32""]",0,542,candidate
DEC023_NO_FEEDBACK,train_kb,conservative_noisy_or_conflict_adjusted,3,VoltEdge Headphones Lite 32,has_weight_kg,1.8,voltedge headphones lite 32|has_weight_kg|1.8,1,[0.98],True,0,0.735,0.735,0.88,False,0.735,False,False,"[""product_32""]","[""structured""]","[""structured_row:VoltEdge Headphones Lite 32""]",1,542,candidate
DEC023_NO_FEEDBACK,train_kb,conservative_noisy_or_conflict_adjusted,3,VoltEdge Headphones Lite 32,has_color,black,voltedge headphones lite 32|has_color|black,1,[0.98],False,0,0.735,0.735,0.88,False,0.735,False,False,"[""product_32""]","[""structured""]","[""structured_row:VoltEdge Headphones Lite 32""]",1,542,candidate
DEC023_NO_FEEDBACK,train_kb,conservative_noisy_or_conflict_adjusted,3,VoltEdge Headphones Lite 32,made_of_material,aluminum,voltedge headphones lite 32|made_of_material|aluminum,1,[0.98],True,0,0.735,0.735,0.88,False,0.735,False,False,"[""product_32""]","[""structured""]","[""structured_row:VoltEdge Headphones Lite 32""]",0,542,candidate
DEC023_NO_FEEDBACK,train_kb,conservative_noisy_or_conflict_adjusted,3,VoltEdge Headphones Lite 32,target_market_region,US,voltedge headphones lite 32|target_market_region|us,1,[0.98],True,0,0.735,0.735,0.88,False,0.735,False,False,"[""product_32""]","[""structured""]","[""structured_row:VoltEdge Headphones Lite 32""]",0,542,candidate
DEC023_NO_FEEDBACK,train_kb,conservative_noisy_or_conflict_adjusted,3,VoltEdge Headphones Lite 32,supports_fast_charging,no,voltedge headphones lite 32|supports_fast_charging|no,1,[0.98],True,0,0.735,0.735,0.88,False,0.735,False,False,"[""product_32""]","[""structured""]","[""structured_row:VoltEdge Headphones Lite 32""]",1,542,candidate
DEC023_NO_FEEDBACK,train_kb,conservative_noisy_or_conflict_adjusted,3,VoltEdge Headphones Lite 32,has_noise_cancellation,yes,voltedge headphones lite 32|has_noise_cancellation|yes,1,[0.98],True,0,0.735,0.735,0.88,False,0.735,False,False,"[""product_32""]","[""structured""]","[""structured_row:VoltEdge Headphones Lite 32""]",1,542,candidate
DEC023_NO_FEEDBACK,train_kb,conservative_noisy_or_conflict_adjusted,3,headphones device,has_price_usd,699,headphones device|has_price_usd|699,1,[0.95],True,1,0.7124999999999999,0.35624999999999996,0.88,False,0.35624999999999996,False,False,"[""product_32""]","[""unstructured""]","[""It is a headphones device. Priced at 699 USD. The display measures 13.3 inches. Weighs approximately 1.8kg. Available in black. Fast charging is no. Noise cancellation: yes.""]",0,542,candidate
DEC023_NO_FEEDBACK,train_kb,conservative_noisy_or_conflict_adjusted,3,headphones device,has_screen_size_inch,13.3,headphones device|has_screen_size_inch|13.3,1,[0.95],True,0,0.7124999999999999,0.7124999999999999,0.88,False,0.7124999999999999,False,False,"[""product_32""]","[""unstructured""]","[""It is a headphones device. Priced at 699 USD. The display measures 13.3 inches. Weighs approximately 1.8kg. Available in black. Fast charging is no. Noise cancellation: yes.""]",0,542,candidate
DEC023_NO_FEEDBACK,train_kb,conservative_noisy_or_conflict_adjusted,3,headphones device,has_weight_kg,1.8,headphones device|has_weight_kg|1.8,1,[0.95],True,1,0.7124999999999999,0.35624999999999996,0.88,False,0.35624999999999996,False,False,"[""product_32""]","[""unstructured""]","[""It is a headphones device. Priced at 699 USD. The display measures 13.3 inches. Weighs approximately 1.8kg. Available in black. Fast charging is no. Noise cancellation: yes.""]",0,542,candidate
DEC023_NO_FEEDBACK,train_kb,conservative_noisy_or_conflict_adjusted,3,headphones device,has_color,black,headphones device|has_color|black,1,[0.95],False,0,0.7124999999999999,0.7124999999999999,0.88,False,0.7124999999999999,False,False,"[""product_32""]","[""unstructured""]","[""It is a headphones device. Priced at 699 USD. The display measures 13.3 inches. Weighs approximately 1.8kg. Available in black. Fast charging is no. Noise cancellation: yes.""]",0,542,candidate
DEC023_NO_FEEDBACK,train_kb,conservative_noisy_or_conflict_adjusted,3,headphones device,has_noise_cancellation,yes,headphones device|has_noise_cancellation|yes,1,[0.95],True,0,0.7124999999999999,0.7124999999999999,0.88,False,0.7124999999999999,False,False,"[""product_32""]","[""unstructured""]","[""It is a headphones device. Priced at 699 USD. The display measures 13.3 inches. Weighs approximately 1.8kg. Available in black. Fast charging is no. Noise cancellation: yes.""]",0,542,candidate
DEC023_NO_FEEDBACK,train_kb,conservative_noisy_or_conflict_adjusted,3,TechNova Headphones Pro 34,manufactured_by,TechNova,technova headphones pro 34|manufactured_by|technova,1,[0.98],True,0,0.735,0.735,0.88,False,0.735,False,False,"[""product_34""]","[""structured""]","[""structured_row:TechNova Headphones Pro 34""]",1,542,candidate
DEC023_NO_FEEDBACK,train_kb,conservative_noisy_or_conflict_adjusted,3,TechNova Headphones Pro 34,belongs_to_category,headphones,technova headphones pro 34|belongs_to_category|headphones,1,[0.98],True,0,0.735,0.735,0.88,False,0.735,False,False,"[""product_34""]","[""structured""]","[""structured_row:TechNova Headphones Pro 34""]",0,542,candidate
DEC023_NO_FEEDBACK,train_kb,conservative_noisy_or_conflict_adjusted,3,TechNova Headphones Pro 34,has_price_usd,899,technova headphones pro 34|has_price_usd|899,1,[0.98],True,0,0.735,0.735,0.88,False,0.735,False,False,"[""product_34""]","[""structured""]","[""structured_row:TechNova Headphones Pro 34""]",0,542,candidate
DEC023_NO_FEEDBACK,train_kb,conservative_noisy_or_conflict_adjusted,3,TechNova Headphones Pro 34,has_screen_size_inch,6.1,technova headphones pro 34|has_screen_size_inch|6.1,1,[0.98],True,0,0.735,0.735,0.88,False,0.735,False,False,"[""product_34""]","[""structured""]","[""structured_row:TechNova Headphones Pro 34""]",1,542,candidate
DEC023_NO_FEEDBACK,train_kb,conservative_noisy_or_conflict_adjusted,3,TechNova Headphones Pro 34,has_ram_gb,12,technova headphones pro 34|has_ram_gb|12,1,[0.98],True,0,0.735,0.735,0.88,False,0.735,False,False,"[""product_34""]","[""structured""]","[""structured_row:TechNova Headphones Pro 34""]",0,542,candidate
DEC023_NO_FEEDBACK,train_kb,conservative_noisy_or_conflict_adjusted,3,TechNova Headphones Pro 34,has_storage_gb,64,technova headphones pro 34|has_storage_gb|64,1,[0.98],True,0,0.735,0.735,0.88,False,0.735,False,False,"[""product_34""]","[""structured""]","[""structured_row:TechNova Headphones Pro 34""]",0,542,candidate
DEC023_NO_FEEDBACK,train_kb,conservative_noisy_or_conflict_adjusted,3,TechNova Headphones Pro 34,has_battery_life_hours,14,technova headphones pro 34|has_battery_life_hours|14,1,[0.98],True,0,0.735,0.735,0.88,False,0.735,False,False,"[""product_34""]","[""structured""]","[""structured_row:TechNova Headphones Pro 34""]",1,542,candidate
DEC023_NO_FEEDBACK,train_kb,conservative_noisy_or_conflict_adjusted,3,TechNova Headphones Pro 34,has_weight_kg,1.8,technova headphones pro 34|has_weight_kg|1.8,1,[0.98],True,0,0.735,0.735,0.88,False,0.735,False,False,"[""product_34""]","[""structured""]","[""structured_row:TechNova Headphones Pro 34""]",0,542,candidate
DEC023_NO_FEEDBACK,train_kb,conservative_noisy_or_conflict_adjusted,3,TechNova Headphones Pro 34,has_color,blue,technova headphones pro 34|has_color|blue,1,[0.98],False,0,0.735,0.735,0.88,False,0.735,False,False,"[""product_34""]","[""structured""]","[""structured_row:TechNova Headphones Pro 34""]",0,542,candidate
DEC023_NO_FEEDBACK,train_kb,conservative_noisy_or_conflict_adjusted,3,TechNova Headphones Pro 34,made_of_material,plastic,technova headphones pro 34|made_of_material|plastic,1,[0.98],True,0,0.735,0.735,0.88,False,0.735,False,False,"[""product_34""]","[""structured""]","[""structured_row:TechNova Headphones Pro 34""]",1,542,candidate
DEC023_NO_FEEDBACK,train_kb,conservative_noisy_or_conflict_adjusted,3,TechNova Headphones Pro 34,target_market_region,US,technova headphones pro 34|target_market_region|us,1,[0.98],True,0,0.735,0.735,0.88,False,0.735,False,False,"[""product_34""]","[""structured""]","[""structured_row:TechNova Headphones Pro 34""]",1,542,candidate
DEC023_NO_FEEDBACK,train_kb,conservative_noisy_or_conflict_adjusted,3,TechNova Headphones Pro 34,supports_fast_charging,yes,technova headphones pro 34|supports_fast_charging|yes,1,[0.98],True,0,0.735,0.735,0.88,False,0.735,False,False,"[""product_34""]","[""structured""]","[""structured_row:TechNova Headphones Pro 34""]",1,542,candidate
DEC023_NO_FEEDBACK,train_kb,conservative_noisy_or_conflict_adjusted,3,TechNova Headphones Pro 34,has_noise_cancellation,yes,technova headphones pro 34|has_noise_cancellation|yes,1,[0.98],True,0,0.735,0.735,0.88,False,0.735,False,False,"[""product_34""]","[""structured""]","[""structured_row:TechNova Headphones Pro 34""]",1,542,candidate
DEC023_NO_FEEDBACK,train_kb,conservative_noisy_or_conflict_adjusted,3,Zenbyte Smartphone Air 36,manufactured_by,Zenbyte,zenbyte smartphone air 36|manufactured_by|zenbyte,3,"[0.98, 0.95, 0.91]",True,0,0.97581046875,0.97581046875,0.88,True,0.9238124999999999,False,False,"[""product_36"", ""product_36"", ""product_36""]","[""structured"", ""unstructured"", ""unstructured""]","[""structured_row:Zenbyte Smartphone Air 36"", ""Zenbyte Smartphone Air 36 is manufactured by Zenbyte. Priced at 1299 USD. The display measures 10.9 inches. Comes with 16GB of RAM. Battery lasts up to 14 hours. Built with aluminum construction. Noise cancellation: no."", ""Zenbyte Smartphone Air 36 is manufactured by Zenbyte. Priced at 1299 USD. The display measures 10.9 inches. Comes with 16GB of RAM. Battery lasts up to 14 hours. Built with aluminum construction. Noise cancellation: no.""]",1,542,candidate
DEC023_NO_FEEDBACK,train_kb,conservative_noisy_or_conflict_adjusted,3,Zenbyte Smartphone Air 36,belongs_to_category,smartphone,zenbyte smartphone air 36|belongs_to_category|smartphone,1,[0.98],True,0,0.735,0.735,0.88,False,0.735,False,False,"[""product_36""]","[""structured""]","[""structured_row:Zenbyte Smartphone Air 36""]",0,542,candidate
DEC023_NO_FEEDBACK,train_kb,conservative_noisy_or_conflict_adjusted,3,Zenbyte Smartphone Air 36,has_price_usd,1299,zenbyte smartphone air 36|has_price_usd|1299,3,"[0.98, 0.92, 0.91]",True,0,0.973917375,0.973917375,0.88,True,0.91785,False,False,"[""product_36"", ""product_36"", ""product_36""]","[""structured"", ""unstructured"", ""unstructured""]","[""structured_row:Zenbyte Smartphone Air 36"", ""Zenbyte Smartphone Air 36 is manufactured by Zenbyte. Priced at 1299 USD. The display measures 10.9 inches. Comes with 16GB of RAM. Battery lasts up to 14 hours. Built with aluminum construction. Noise cancellation: no."", ""Zenbyte Smartphone Air 36 is manufactured by Zenbyte. Priced at 1299 USD. The display measures 10.9 inches. Comes with 16GB of RAM. Battery lasts up to 14 hours. Built with aluminum construction. Noise cancellation: no.""]",1,542,candidate
DEC023_NO_FEEDBACK,train_kb,conservative_noisy_or_conflict_adjusted,3,Zenbyte Smartphone Air 36,has_screen_size_inch,10.9,zenbyte smartphone air 36|has_screen_size_inch|10.9,3,"[0.98, 0.94, 0.91]",True,0,0.9751794375,0.9751794375,0.88,True,0.921825,False,False,"[""product_36"", ""product_36"", ""product_36""]","[""structured"", ""unstructured"", ""unstructured""]","[""structured_row:Zenbyte Smartphone Air 36"", ""Zenbyte Smartphone Air 36 is manufactured by Zenbyte. Priced at 1299 USD. The display measures 10.9 inches. Comes with 16GB of RAM. Battery lasts up to 14 hours. Built with aluminum construction. Noise cancellation: no."", ""Zenbyte Smartphone Air 36 is manufactured by Zenbyte. Priced at 1299 USD. The display measures 10.9 inches. Comes with 16GB of RAM. Battery lasts up to 14 hours. Built with aluminum construction. Noise cancellation: no.""]",1,542,candidate
DEC023_NO_FEEDBACK,train_kb,conservative_noisy_or_conflict_adjusted,3,Zenbyte Smartphone Air 36,has_ram_gb,16,zenbyte smartphone air 36|has_ram_gb|16,3,"[0.98, 0.93, 0.91]",True,0,0.97454840625,0.97454840625,0.88,True,0.9198375,False,False,"[""product_36"", ""product_36"", ""product_36""]","[""structured"", ""unstructured"", ""unstructured""]","[""structured_row:Zenbyte Smartphone Air 36"", ""Zenbyte Smartphone Air 36 is manufactured by Zenbyte. Priced at 1299 USD. The display measures 10.9 inches. Comes with 16GB of RAM. Battery lasts up to 14 hours. Built with aluminum construction. Noise cancellation: no."", ""Zenbyte Smartphone Air 36 is manufactured by Zenbyte. Priced at 1299 USD. The display measures 10.9 inches. Comes with 16GB of RAM. Battery lasts up to 14 hours. Built with aluminum construction. Noise cancellation: no.""]",1,542,candidate
DEC023_NO_FEEDBACK,train_kb,conservative_noisy_or_conflict_adjusted,3,Zenbyte Smartphone Air 36,has_storage_gb,64,zenbyte smartphone air 36|has_storage_gb|64,1,[0.98],True,0,0.735,0.735,0.88,False,0.735,False,False,"[""product_36""]","[""structured""]","[""structured_row:Zenbyte Smartphone Air 36""]",0,542,candidate
DEC023_NO_FEEDBACK,train_kb,conservative_noisy_or_conflict_adjusted,3,Zenbyte Smartphone Air 36,has_battery_life_hours,14,zenbyte smartphone air 36|has_battery_life_hours|14,3,"[0.98, 0.9, 0.91]",True,0,0.9726553125,0.9726553125,0.88,True,0.913875,False,False,"[""product_36"", ""product_36"", ""product_36""]","[""structured"", ""unstructured"", ""unstructured""]","[""structured_row:Zenbyte Smartphone Air 36"", ""Zenbyte Smartphone Air 36 is manufactured by Zenbyte. Priced at 1299 USD. The display measures 10.9 inches. Comes with 16GB of RAM. Battery lasts up to 14 hours. Built with aluminum construction. Noise cancellation: no."", ""Zenbyte Smartphone Air 36 is manufactured by Zenbyte. Priced at 1299 USD. The display measures 10.9 inches. Comes with 16GB of RAM. Battery lasts up to 14 hours. Built with aluminum construction. Noise cancellation: no.""]",1,542,candidate
DEC023_NO_FEEDBACK,train_kb,conservative_noisy_or_conflict_adjusted,3,Zenbyte Smartphone Air 36,has_weight_kg,1.45,zenbyte smartphone air 36|has_weight_kg|1.45,1,[0.98],True,0,0.735,0.735,0.88,False,0.735,False,False,"[""product_36""]","[""structured""]","[""structured_row:Zenbyte Smartphone Air 36""]",0,542,candidate
DEC023_NO_FEEDBACK,train_kb,conservative_noisy_or_conflict_adjusted,3,Zenbyte Smartphone Air 36,has_color,silver,zenbyte smartphone air 36|has_color|silver,1,[0.98],False,0,0.735,0.735,0.88,False,0.735,False,False,"[""product_36""]","[""structured""]","[""structured_row:Zenbyte Smartphone Air 36""]",0,542,candidate
DEC023_NO_FEEDBACK,train_kb,conservative_noisy_or_conflict_adjusted,3,Zenbyte Smartphone Air 36,made_of_material,aluminum,zenbyte smartphone air 36|made_of_material|aluminum,3,"[0.98, 0.96, 0.91]",True,0,0.9764415,0.9764415,0.88,True,0.9258,False,False,"[""product_36"", ""product_36"", ""product_36""]","[""structured"", ""unstructured"", ""unstructured""]","[""structured_row:Zenbyte Smartphone Air 36"", ""Zenbyte Smartphone Air 36 is manufactured by Zenbyte. Priced at 1299 USD. The display measures 10.9 inches. Comes with 16GB of RAM. Battery lasts up to 14 hours. Built with aluminum construction. Noise cancellation: no."", ""Zenbyte Smartphone Air 36 is manufactured by Zenbyte. Priced at 1299 USD. The display measures 10.9 inches. Comes with 16GB of RAM. Battery lasts up to 14 hours. Built with aluminum construction. Noise cancellation: no.""]",1,542,candidate
DEC023_NO_FEEDBACK,train_kb,conservative_noisy_or_conflict_adjusted,3,Zenbyte Smartphone Air 36,target_market_region,APAC,zenbyte smartphone air 36|target_market_region|apac,1,[0.98],True,0,0.735,0.735,0.88,False,0.735,False,False,"[""product_36""]","[""structured""]","[""structured_row:Zenbyte Smartphone Air 36""]",0,542,candidate
DEC023_NO_FEEDBACK,train_kb,conservative_noisy_or_conflict_adjusted,3,Zenbyte Smartphone Air 36,supports_fast_charging,yes,zenbyte smartphone air 36|supports_fast_charging|yes,1,[0.98],True,0,0.735,0.735,0.88,False,0.735,False,False,"[""product_36""]","[""structured""]","[""structured_row:Zenbyte Smartphone Air 36""]",0,542,candidate
DEC023_NO_FEEDBACK,train_kb,conservative_noisy_or_conflict_adjusted,3,Zenbyte Smartphone Air 36,has_noise_cancellation,no,zenbyte smartphone air 36|has_noise_cancellation|no,2,"[0.98, 0.85]",True,0,0.9039375,0.9039375,0.88,True,0.9039375,False,False,"[""product_36"", ""product_36""]","[""structured"", ""unstructured""]","[""structured_row:Zenbyte Smartphone Air 36"", ""Zenbyte Smartphone Air 36 is manufactured by Zenbyte. Priced at 1299 USD. The display measures 10.9 inches. Comes with 16GB of RAM. Battery lasts up to 14 hours. Built with aluminum construction. Noise cancellation: no.""]",1,542,candidate
DEC023_NO_FEEDBACK,train_kb,conservative_noisy_or_conflict_adjusted,3,NeoTech Smartphone Max 37,manufactured_by,NeoTech,neotech smartphone max 37|manufactured_by|neotech,1,[0.98],True,0,0.735,0.735,0.88,False,0.735,False,False,"[""product_37""]","[""structured""]","[""structured_row:NeoTech Smartphone Max 37""]",0,542,candidate
DEC023_NO_FEEDBACK,train_kb,conservative_noisy_or_conflict_adjusted,3,NeoTech Smartphone Max 37,belongs_to_category,smartphone,neotech smartphone max 37|belongs_to_category|smartphone,1,[0.98],True,0,0.735,0.735,0.88,False,0.735,False,False,"[""product_37""]","[""structured""]","[""structured_row:NeoTech Smartphone Max 37""]",0,542,candidate
DEC023_NO_FEEDBACK,train_kb,conservative_noisy_or_conflict_adjusted,3,NeoTech Smartphone Max 37,has_price_usd,1099,neotech smartphone max 37|has_price_usd|1099,1,[0.98],True,0,0.735,0.735,0.88,False,0.735,False,False,"[""product_37""]","[""structured""]","[""structured_row:NeoTech Smartphone Max 37""]",1,542,candidate
DEC023_NO_FEEDBACK,train_kb,conservative_noisy_or_conflict_adjusted,3,NeoTech Smartphone Max 37,has_screen_size_inch,10.9,neotech smartphone max 37|has_screen_size_inch|10.9,1,[0.98],True,0,0.735,0.735,0.88,False,0.735,False,False,"[""product_37""]","[""structured""]","[""structured_row:NeoTech Smartphone Max 37""]",0,542,candidate
DEC023_NO_FEEDBACK,train_kb,conservative_noisy_or_conflict_adjusted,3,NeoTech Smartphone Max 37,has_ram_gb,6,neotech smartphone max 37|has_ram_gb|6,1,[0.98],True,0,0.735,0.735,0.88,False,0.735,False,False,"[""product_37""]","[""structured""]","[""structured_row:NeoTech Smartphone Max 37""]",0,542,candidate
DEC023_NO_FEEDBACK,train_kb,conservative_noisy_or_conflict_adjusted,3,NeoTech Smartphone Max 37,has_storage_gb,128,neotech smartphone max 37|has_storage_gb|128,1,[0.98],True,0,0.735,0.735,0.88,False,0.735,False,False,"[""product_37""]","[""structured""]","[""structured_row:NeoTech Smartphone Max 37""]",1,542,candidate
DEC023_NO_FEEDBACK,train_kb,conservative_noisy_or_conflict_adjusted,3,NeoTech Smartphone Max 37,has_battery_life_hours,14,neotech smartphone max 37|has_battery_life_hours|14,1,[0.98],True,0,0.735,0.735,0.88,False,0.735,False,False,"[""product_37""]","[""structured""]","[""structured_row:NeoTech Smartphone Max 37""]",1,542,candidate
DEC023_NO_FEEDBACK,train_kb,conservative_noisy_or_conflict_adjusted,3,NeoTech Smartphone Max 37,has_weight_kg,1.45,neotech smartphone max 37|has_weight_kg|1.45,1,[0.98],True,0,0.735,0.735,0.88,False,0.735,False,False,"[""product_37""]","[""structured""]","[""structured_row:NeoTech Smartphone Max 37""]",1,542,candidate
DEC023_NO_FEEDBACK,train_kb,conservative_noisy_or_conflict_adjusted,3,NeoTech Smartphone Max 37,has_color,green,neotech smartphone max 37|has_color|green,1,[0.98],False,0,0.735,0.735,0.88,False,0.735,False,False,"[""product_37""]","[""structured""]","[""structured_row:NeoTech Smartphone Max 37""]",1,542,candidate
DEC023_NO_FEEDBACK,train_kb,conservative_noisy_or_conflict_adjusted,3,NeoTech Smartphone Max 37,made_of_material,aluminum,neotech smartphone max 37|made_of_material|aluminum,1,[0.98],True,0,0.735,0.735,0.88,False,0.735,False,False,"[""product_37""]","[""structured""]","[""structured_row:NeoTech Smartphone Max 37""]",1,542,candidate
DEC023_NO_FEEDBACK,train_kb,conservative_noisy_or_conflict_adjusted,3,NeoTech Smartphone Max 37,target_market_region,EU,neotech smartphone max 37|target_market_region|eu,1,[0.98],True,0,0.735,0.735,0.88,False,0.735,False,False,"[""product_37""]","[""structured""]","[""structured_row:NeoTech Smartphone Max 37""]",0,542,candidate
DEC023_NO_FEEDBACK,train_kb,conservative_noisy_or_conflict_adjusted,3,NeoTech Smartphone Max 37,supports_fast_charging,no,neotech smartphone max 37|supports_fast_charging|no,1,[0.98],True,0,0.735,0.735,0.88,False,0.735,False,False,"[""product_37""]","[""structured""]","[""structured_row:NeoTech Smartphone Max 37""]",1,542,candidate
DEC023_NO_FEEDBACK,train_kb,conservative_noisy_or_conflict_adjusted,3,NeoTech Smartphone Max 37,has_noise_cancellation,no,neotech smartphone max 37|has_noise_cancellation|no,1,[0.98],True,0,0.735,0.735,0.88,False,0.735,False,False,"[""product_37""]","[""structured""]","[""structured_row:NeoTech Smartphone Max 37""]",0,542,candidate
DEC023_NO_FEEDBACK,train_kb,conservative_noisy_or_conflict_adjusted,3,TechNova Smartphone Pro 1,has_price_usd,1099,technova smartphone pro 1|has_price_usd|1099,3,"[0.95, 0.9, 0.85]",True,2,0.96612890625,0.32204296875,0.88,False,0.45328124999999997,False,False,"[""product_37"", ""product_37"", ""product_37""]","[""unstructured"", ""unstructured"", ""unstructured""]","[""Priced at 1099 USD. Offers 128GB of internal storage. Battery lasts up to 14 hours. Weighs approximately 1.45kg. Available in green. Built with aluminum construction. Fast charging is no."", ""Priced at 1099 USD. Offers 128GB of internal storage. Battery lasts up to 14 hours. Weighs approximately 1.45kg. Available in green. Built with aluminum construction. Fast charging is no."", ""Priced at 1099 USD. Offers 128GB of internal storage. Battery lasts up to 14 hours. Weighs approximately 1.45kg. Available in green. Built with aluminum construction. Fast charging is no.""]",0,542,candidate
DEC023_NO_FEEDBACK,train_kb,conservative_noisy_or_conflict_adjusted,3,TechNova Smartphone Pro 1,has_storage_gb,128,technova smartphone pro 1|has_storage_gb|128,4,"[0.92, 0.9, 0.85, 0.91]",True,3,0.9884043046875,0.247101076171875,0.88,False,0.2248125,False,False,"[""product_37"", ""product_37"", ""product_37"", ""product_45""]","[""unstructured"", ""unstructured"", ""unstructured"", ""unstructured""]","[""Priced at 1099 USD. Offers 128GB of internal storage. Battery lasts up to 14 hours. Weighs approximately 1.45kg. Available in green. Built with aluminum construction. Fast charging is no."", ""Priced at 1099 USD. Offers 128GB of internal storage. Battery lasts up to 14 hours. Weighs approximately 1.45kg. Available in green. Built with aluminum construction. Fast charging is no."", ""Priced at 1099 USD. Offers 128GB of internal storage. Battery lasts up to 14 hours. Weighs approximately 1.45kg. Available in green. Built with aluminum construction. Fast charging is no."", ""Priced at 249 USD. The display measures 15.6 inches. Offers 128GB of internal storage. Battery lasts up to 20 hours. Available in silver. Fast charging is yes. Noise cancellation: no.""]",0,542,candidate
DEC023_NO_FEEDBACK,train_kb,conservative_noisy_or_conflict_adjusted,3,TechNova Smartphone Pro 1,has_battery_life_hours,14,technova smartphone pro 1|has_battery_life_hours|14,3,"[0.93, 0.9, 0.85]",True,3,0.96436171875,0.2410904296875,0.88,False,0.3005625,False,False,"[""product_37"", ""product_37"", ""product_37""]","[""unstructured"", ""unstructured"", ""unstructured""]","[""Priced at 1099 USD. Offers 128GB of internal storage. Battery lasts up to 14 hours. Weighs approximately 1.45kg. Available in green. Built with aluminum construction. Fast charging is no."", ""Priced at 1099 USD. Offers 128GB of internal storage. Battery lasts up to 14 hours. Weighs approximately 1.45kg. Available in green. Built with aluminum construction. Fast charging is no."", ""Priced at 1099 USD. Offers 128GB of internal storage. Battery lasts up to 14 hours. Weighs approximately 1.45kg. Available in green. Built with aluminum construction. Fast charging is no.""]",0,542,candidate
DEC023_NO_FEEDBACK,train_kb,conservative_noisy_or_conflict_adjusted,3,TechNova Smartphone Pro 1,has_weight_kg,1.45,technova smartphone pro 1|has_weight_kg|1.45,3,"[0.94, 0.9, 0.85]",True,2,0.9652453125,0.3217484375,0.88,False,0.301375,False,False,"[""product_37"", ""product_37"", ""product_37""]","[""unstructured"", ""unstructured"", ""unstructured""]","[""Priced at 1099 USD. Offers 128GB of internal storage. Battery lasts up to 14 hours. Weighs approximately 1.45kg. Available in green. Built with aluminum construction. Fast charging is no."", ""Priced at 1099 USD. Offers 128GB of internal storage. Battery lasts up to 14 hours. Weighs approximately 1.45kg. Available in green. Built with aluminum construction. Fast charging is no."", ""Priced at 1099 USD. Offers 128GB of internal storage. Battery lasts up to 14 hours. Weighs approximately 1.45kg. Available in green. Built with aluminum construction. Fast charging is no.""]",0,542,candidate
DEC023_NO_FEEDBACK,train_kb,conservative_noisy_or_conflict_adjusted,3,TechNova Smartphone Pro 1,has_color,green,technova smartphone pro 1|has_color|green,3,"[0.9, 0.9, 0.85]",False,2,0.9617109375,0.9617109375,0.88,True,0.894375,False,False,"[""product_37"", ""product_37"", ""product_37""]","[""unstructured"", ""unstructured"", ""unstructured""]","[""Priced at 1099 USD. Offers 128GB of internal storage. Battery lasts up to 14 hours. Weighs approximately 1.45kg. Available in green. Built with aluminum construction. Fast charging is no."", ""Priced at 1099 USD. Offers 128GB of internal storage. Battery lasts up to 14 hours. Weighs approximately 1.45kg. Available in green. Built with aluminum construction. Fast charging is no."", ""Priced at 1099 USD. Offers 128GB of internal storage. Battery lasts up to 14 hours. Weighs approximately 1.45kg. Available in green. Built with aluminum construction. Fast charging is no.""]",0,542,candidate
DEC023_NO_FEEDBACK,train_kb,conservative_noisy_or_conflict_adjusted,3,PixelWare Smartwatch Pro 39,manufactured_by,PixelWare,pixelware smartwatch pro 39|manufactured_by|pixelware,2,"[0.98, 0.95]",True,0,0.9238124999999999,0.9238124999999999,0.88,True,0.9238124999999999,False,False,"[""product_39"", ""product_39""]","[""structured"", ""unstructured""]","[""structured_row:PixelWare Smartwatch Pro 39"", ""PixelWare Smartwatch Pro 39 is manufactured by PixelWare. It is a smartwatch device. Priced at 499 USD. The display measures 15.6 inches. Battery lasts up to 8 hours. Available in black. Fast charging is yes.""]",1,542,candidate
DEC023_NO_FEEDBACK,train_kb,conservative_noisy_or_conflict_adjusted,3,PixelWare Smartwatch Pro 39,belongs_to_category,smartwatch,pixelware smartwatch pro 39|belongs_to_category|smartwatch,1,[0.98],True,0,0.735,0.735,0.88,False,0.735,False,False,"[""product_39""]","[""structured""]","[""structured_row:PixelWare Smartwatch Pro 39""]",1,542,candidate
DEC023_NO_FEEDBACK,train_kb,conservative_noisy_or_conflict_adjusted,3,PixelWare Smartwatch Pro 39,has_price_usd,499,pixelware smartwatch pro 39|has_price_usd|499,2,"[0.98, 0.92]",True,0,0.91785,0.91785,0.88,True,0.91785,False,False,"[""product_39"", ""product_39""]","[""structured"", ""unstructured""]","[""structured_row:PixelWare Smartwatch Pro 39"", ""PixelWare Smartwatch Pro 39 is manufactured by PixelWare. It is a smartwatch device. Priced at 499 USD. The display measures 15.6 inches. Battery lasts up to 8 hours. Available in black. Fast charging is yes.""]",1,542,candidate
DEC023_NO_FEEDBACK,train_kb,conservative_noisy_or_conflict_adjusted,3,PixelWare Smartwatch Pro 39,has_screen_size_inch,15.6,pixelware smartwatch pro 39|has_screen_size_inch|15.6,2,"[0.98, 0.93]",True,0,0.9198375,0.9198375,0.88,True,0.9198375,False,False,"[""product_39"", ""product_39""]","[""structured"", ""unstructured""]","[""structured_row:PixelWare Smartwatch Pro 39"", ""PixelWare Smartwatch Pro 39 is manufactured by PixelWare. It is a smartwatch device. Priced at 499 USD. The display measures 15.6 inches. Battery lasts up to 8 hours. Available in black. Fast charging is yes.""]",1,542,candidate
DEC023_NO_FEEDBACK,train_kb,conservative_noisy_or_conflict_adjusted,3,PixelWare Smartwatch Pro 39,has_ram_gb,8,pixelware smartwatch pro 39|has_ram_gb|8,1,[0.98],True,0,0.735,0.735,0.88,False,0.735,False,False,"[""product_39""]","[""structured""]","[""structured_row:PixelWare Smartwatch Pro 39""]",0,542,candidate
DEC023_NO_FEEDBACK,train_kb,conservative_noisy_or_conflict_adjusted,3,PixelWare Smartwatch Pro 39,has_storage_gb,128,pixelware smartwatch pro 39|has_storage_gb|128,1,[0.98],True,0,0.735,0.735,0.88,False,0.735,False,False,"[""product_39""]","[""structured""]","[""structured_row:PixelWare Smartwatch Pro 39""]",0,542,candidate
DEC023_NO_FEEDBACK,train_kb,conservative_noisy_or_conflict_adjusted,3,PixelWare Smartwatch Pro 39,has_battery_life_hours,8,pixelware smartwatch pro 39|has_battery_life_hours|8,2,"[0.98, 0.94]",True,0,0.921825,0.921825,0.88,True,0.921825,False,False,"[""product_39"", ""product_39""]","[""structured"", ""unstructured""]","[""structured_row:PixelWare Smartwatch Pro 39"", ""PixelWare Smartwatch Pro 39 is manufactured by PixelWare. It is a smartwatch device. Priced at 499 USD. The display measures 15.6 inches. Battery lasts up to 8 hours. Available in black. Fast charging is yes.""]",1,542,candidate
DEC023_NO_FEEDBACK,train_kb,conservative_noisy_or_conflict_adjusted,3,PixelWare Smartwatch Pro 39,has_weight_kg,0.23,pixelware smartwatch pro 39|has_weight_kg|0.23,1,[0.98],True,0,0.735,0.735,0.88,False,0.735,False,False,"[""product_39""]","[""structured""]","[""structured_row:PixelWare Smartwatch Pro 39""]",0,542,candidate
DEC023_NO_FEEDBACK,train_kb,conservative_noisy_or_conflict_adjusted,3,PixelWare Smartwatch Pro 39,has_color,black,pixelware smartwatch pro 39|has_color|black,2,"[0.98, 0.9]",False,0,0.913875,0.913875,0.88,True,0.913875,False,False,"[""product_39"", ""product_39""]","[""structured"", ""unstructured""]","[""structured_row:PixelWare Smartwatch Pro 39"", ""PixelWare Smartwatch Pro 39 is manufactured by PixelWare. It is a smartwatch device. Priced at 499 USD. The display measures 15.6 inches. Battery lasts up to 8 hours. Available in black. Fast charging is yes.""]",1,542,candidate
DEC023_NO_FEEDBACK,train_kb,conservative_noisy_or_conflict_adjusted,3,PixelWare Smartwatch Pro 39,made_of_material,carbon fiber,pixelware smartwatch pro 39|made_of_material|carbon fiber,1,[0.98],True,0,0.735,0.735,0.88,False,0.735,False,False,"[""product_39""]","[""structured""]","[""structured_row:PixelWare Smartwatch Pro 39""]",0,542,candidate
DEC023_NO_FEEDBACK,train_kb,conservative_noisy_or_conflict_adjusted,3,PixelWare Smartwatch Pro 39,target_market_region,EU,pixelware smartwatch pro 39|target_market_region|eu,1,[0.98],True,0,0.735,0.735,0.88,False,0.735,False,False,"[""product_39""]","[""structured""]","[""structured_row:PixelWare Smartwatch Pro 39""]",0,542,candidate
DEC023_NO_FEEDBACK,train_kb,conservative_noisy_or_conflict_adjusted,3,PixelWare Smartwatch Pro 39,supports_fast_charging,yes,pixelware smartwatch pro 39|supports_fast_charging|yes,2,"[0.98, 0.96]",True,0,0.9258,0.9258,0.88,True,0.9258,False,False,"[""product_39"", ""product_39""]","[""structured"", ""unstructured""]","[""structured_row:PixelWare Smartwatch Pro 39"", ""PixelWare Smartwatch Pro 39 is manufactured by PixelWare. It is a smartwatch device. Priced at 499 USD. The display measures 15.6 inches. Battery lasts up to 8 hours. Available in black. Fast charging is yes.""]",1,542,candidate
DEC023_NO_FEEDBACK,train_kb,conservative_noisy_or_conflict_adjusted,3,PixelWare Smartwatch Pro 39,has_noise_cancellation,no,pixelware smartwatch pro 39|has_noise_cancellation|no,1,[0.98],True,0,0.735,0.735,0.88,False,0.735,False,False,"[""product_39""]","[""structured""]","[""structured_row:PixelWare Smartwatch Pro 39""]",0,542,candidate
DEC023_NO_FEEDBACK,train_kb,conservative_noisy_or_conflict_adjusted,3,Auralex Laptop Lite 40,manufactured_by,Auralex,auralex laptop lite 40|manufactured_by|auralex,1,[0.98],True,0,0.735,0.735,0.88,False,0.735,False,False,"[""product_40""]","[""structured""]","[""structured_row:Auralex Laptop Lite 40""]",1,542,candidate
DEC023_NO_FEEDBACK,train_kb,conservative_noisy_or_conflict_adjusted,3,Auralex Laptop Lite 40,belongs_to_category,laptop,auralex laptop lite 40|belongs_to_category|laptop,1,[0.98],True,0,0.735,0.735,0.88,False,0.735,False,False,"[""product_40""]","[""structured""]","[""structured_row:Auralex Laptop Lite 40""]",0,542,candidate
DEC023_NO_FEEDBACK,train_kb,conservative_noisy_or_conflict_adjusted,3,Auralex Laptop Lite 40,has_price_usd,299,auralex laptop lite 40|has_price_usd|299,1,[0.98],True,0,0.735,0.735,0.88,False,0.735,False,False,"[""product_40""]","[""structured""]","[""structured_row:Auralex Laptop Lite 40""]",1,542,candidate
DEC023_NO_FEEDBACK,train_kb,conservative_noisy_or_conflict_adjusted,3,Auralex Laptop Lite 40,has_screen_size_inch,15.6,auralex laptop lite 40|has_screen_size_inch|15.6,1,[0.98],True,0,0.735,0.735,0.88,False,0.735,False,False,"[""product_40""]","[""structured""]","[""structured_row:Auralex Laptop Lite 40""]",1,542,candidate
DEC023_NO_FEEDBACK,train_kb,conservative_noisy_or_conflict_adjusted,3,Auralex Laptop Lite 40,has_ram_gb,12,auralex laptop lite 40|has_ram_gb|12,1,[0.98],True,0,0.735,0.735,0.88,False,0.735,False,False,"[""product_40""]","[""structured""]","[""structured_row:Auralex Laptop Lite 40""]",1,542,candidate
DEC023_NO_FEEDBACK,train_kb,conservative_noisy_or_conflict_adjusted,3,Auralex Laptop Lite 40,has_storage_gb,64,auralex laptop lite 40|has_storage_gb|64,1,[0.98],True,0,0.735,0.735,0.88,False,0.735,False,False,"[""product_40""]","[""structured""]","[""structured_row:Auralex Laptop Lite 40""]",1,542,candidate
DEC023_NO_FEEDBACK,train_kb,conservative_noisy_or_conflict_adjusted,3,Auralex Laptop Lite 40,has_battery_life_hours,12,auralex laptop lite 40|has_battery_life_hours|12,1,[0.98],True,0,0.735,0.735,0.88,False,0.735,False,False,"[""product_40""]","[""structured""]","[""structured_row:Auralex Laptop Lite 40""]",0,542,candidate
DEC023_NO_FEEDBACK,train_kb,conservative_noisy_or_conflict_adjusted,3,Auralex Laptop Lite 40,has_weight_kg,0.18,auralex laptop lite 40|has_weight_kg|0.18,1,[0.98],True,0,0.735,0.735,0.88,False,0.735,False,False,"[""product_40""]","[""structured""]","[""structured_row:Auralex Laptop Lite 40""]",0,542,candidate
DEC023_NO_FEEDBACK,train_kb,conservative_noisy_or_conflict_adjusted,3,Auralex Laptop Lite 40,has_color,silver,auralex laptop lite 40|has_color|silver,1,[0.98],False,0,0.735,0.735,0.88,False,0.735,False,False,"[""product_40""]","[""structured""]","[""structured_row:Auralex Laptop Lite 40""]",0,542,candidate
DEC023_NO_FEEDBACK,train_kb,conservative_noisy_or_conflict_adjusted,3,Auralex Laptop Lite 40,made_of_material,aluminum,auralex laptop lite 40|made_of_material|aluminum,1,[0.98],True,0,0.735,0.735,0.88,False,0.735,False,False,"[""product_40""]","[""structured""]","[""structured_row:Auralex Laptop Lite 40""]",0,542,candidate
DEC023_NO_FEEDBACK,train_kb,conservative_noisy_or_conflict_adjusted,3,Auralex Laptop Lite 40,target_market_region,Global,auralex laptop lite 40|target_market_region|global,1,[0.98],True,0,0.735,0.735,0.88,False,0.735,False,False,"[""product_40""]","[""structured""]","[""structured_row:Auralex Laptop Lite 40""]",1,542,candidate
DEC023_NO_FEEDBACK,train_kb,conservative_noisy_or_conflict_adjusted,3,Auralex Laptop Lite 40,supports_fast_charging,no,auralex laptop lite 40|supports_fast_charging|no,1,[0.98],True,0,0.735,0.735,0.88,False,0.735,False,False,"[""product_40""]","[""structured""]","[""structured_row:Auralex Laptop Lite 40""]",0,542,candidate
DEC023_NO_FEEDBACK,train_kb,conservative_noisy_or_conflict_adjusted,3,Auralex Laptop Lite 40,has_noise_cancellation,no,auralex laptop lite 40|has_noise_cancellation|no,1,[0.98],True,0,0.735,0.735,0.88,False,0.735,False,False,"[""product_40""]","[""structured""]","[""structured_row:Auralex Laptop Lite 40""]",1,542,candidate
DEC023_NO_FEEDBACK,train_kb,conservative_noisy_or_conflict_adjusted,3,Zenbyte Smartwatch Air 41,manufactured_by,Zenbyte,zenbyte smartwatch air 41|manufactured_by|zenbyte,3,"[0.98, 0.92, 0.95]",True,0,0.976381875,0.976381875,0.88,True,0.976381875,False,False,"[""product_41"", ""product_41"", ""product_41""]","[""structured"", ""unstructured"", ""unstructured""]","[""structured_row:Zenbyte Smartwatch Air 41"", ""Zenbyte Smartwatch Air 41 is manufactured by Zenbyte. The display measures 6.7 inches. Comes with 6GB of RAM. Offers 1024GB of internal storage. Battery lasts up to 10 hours. Weighs approximately 1.2kg. Noise cancellation: no."", ""Zenbyte Smartwatch Air 41 is manufactured by Zenbyte. The display measures 6.7 inches. Comes with 6GB of RAM. Offers 1024GB of internal storage. Battery lasts up to 10 hours. Weighs approximately 1.2kg. Noise cancellation: no.""]",1,542,candidate
DEC023_NO_FEEDBACK,train_kb,conservative_noisy_or_conflict_adjusted,3,Zenbyte Smartwatch Air 41,belongs_to_category,smartwatch,zenbyte smartwatch air 41|belongs_to_category|smartwatch,1,[0.98],True,0,0.735,0.735,0.88,False,0.735,False,False,"[""product_41""]","[""structured""]","[""structured_row:Zenbyte Smartwatch Air 41""]",0,542,candidate
DEC023_NO_FEEDBACK,train_kb,conservative_noisy_or_conflict_adjusted,3,Zenbyte Smartwatch Air 41,has_price_usd,699,zenbyte smartwatch air 41|has_price_usd|699,1,[0.98],True,0,0.735,0.735,0.88,False,0.735,False,False,"[""product_41""]","[""structured""]","[""structured_row:Zenbyte Smartwatch Air 41""]",0,542,candidate
DEC023_NO_FEEDBACK,train_kb,conservative_noisy_or_conflict_adjusted,3,Zenbyte Smartwatch Air 41,has_screen_size_inch,6.7,zenbyte smartwatch air 41|has_screen_size_inch|6.7,4,"[0.98, 0.95, 0.95, 0.978]",True,0,0.994162608984375,0.994162608984375,0.88,True,0.97809609375,False,False,"[""product_41"", ""product_41"", ""product_41"", ""product_23""]","[""structured"", ""unstructured"", ""unstructured"", ""unstructured""]","[""structured_row:Zenbyte Smartwatch Air 41"", ""Zenbyte Smartwatch Air 41 is manufactured by Zenbyte. The display measures 6.7 inches. Comes with 6GB of RAM. Offers 1024GB of internal storage. Battery lasts up to 10 hours. Weighs approximately 1.2kg. Noise cancellation: no."", ""Zenbyte Smartwatch Air 41 is manufactured by Zenbyte. The display measures 6.7 inches. Comes with 6GB of RAM. Offers 1024GB of internal storage. Battery lasts up to 10 hours. Weighs approximately 1.2kg. Noise cancellation: no."", ""The display measures 11.0 inches. Comes with 32GB of RAM. Battery lasts up to 10 hours. Weighs approximately 1.8kg. Available in silver. Targeted at the US market. Noise cancellation: no.""]",1,542,candidate
DEC023_NO_FEEDBACK,train_kb,conservative_noisy_or_conflict_adjusted,3,Zenbyte Smartwatch Air 41,has_ram_gb,6,zenbyte smartwatch air 41|has_ram_gb|6,3,"[0.98, 0.9, 0.95]",True,0,0.9752390625,0.9752390625,0.88,True,0.9752390625,False,False,"[""product_41"", ""product_41"", ""product_41""]","[""structured"", ""unstructured"", ""unstructured""]","[""structured_row:Zenbyte Smartwatch Air 41"", ""Zenbyte Smartwatch Air 41 is manufactured by Zenbyte. The display measures 6.7 inches. Comes with 6GB of RAM. Offers 1024GB of internal storage. Battery lasts up to 10 hours. Weighs approximately 1.2kg. Noise cancellation: no."", ""Zenbyte Smartwatch Air 41 is manufactured by Zenbyte. The display measures 6.7 inches. Comes with 6GB of RAM. Offers 1024GB of internal storage. Battery lasts up to 10 hours. Weighs approximately 1.2kg. Noise cancellation: no.""]",1,542,candidate
DEC023_NO_FEEDBACK,train_kb,conservative_noisy_or_conflict_adjusted,3,Zenbyte Smartwatch Air 41,has_storage_gb,1024,zenbyte smartwatch air 41|has_storage_gb|1024,3,"[0.98, 0.88, 0.95]",True,0,0.97409625,0.97409625,0.88,True,0.97409625,False,False,"[""product_41"", ""product_41"", ""product_41""]","[""structured"", ""unstructured"", ""unstructured""]","[""structured_row:Zenbyte Smartwatch Air 41"", ""Zenbyte Smartwatch Air 41 is manufactured by Zenbyte. The display measures 6.7 inches. Comes with 6GB of RAM. Offers 1024GB of internal storage. Battery lasts up to 10 hours. Weighs approximately 1.2kg. Noise cancellation: no."", ""Zenbyte Smartwatch Air 41 is manufactured by Zenbyte. The display measures 6.7 inches. Comes with 6GB of RAM. Offers 1024GB of internal storage. Battery lasts up to 10 hours. Weighs approximately 1.2kg. Noise cancellation: no.""]",1,542,candidate
DEC023_NO_FEEDBACK,train_kb,conservative_noisy_or_conflict_adjusted,3,Zenbyte Smartwatch Air 41,has_battery_life_hours,10,zenbyte smartwatch air 41|has_battery_life_hours|10,3,"[0.98, 0.85, 0.95]",True,0,0.97238203125,0.97238203125,0.88,True,0.97238203125,False,False,"[""product_41"", ""product_41"", ""product_41""]","[""structured"", ""unstructured"", ""unstructured""]","[""structured_row:Zenbyte Smartwatch Air 41"", ""Zenbyte Smartwatch Air 41 is manufactured by Zenbyte. The display measures 6.7 inches. Comes with 6GB of RAM. Offers 1024GB of internal storage. Battery lasts up to 10 hours. Weighs approximately 1.2kg. Noise cancellation: no."", ""Zenbyte Smartwatch Air 41 is manufactured by Zenbyte. The display measures 6.7 inches. Comes with 6GB of RAM. Offers 1024GB of internal storage. Battery lasts up to 10 hours. Weighs approximately 1.2kg. Noise cancellation: no.""]",1,542,candidate
DEC023_NO_FEEDBACK,train_kb,conservative_noisy_or_conflict_adjusted,3,Zenbyte Smartwatch Air 41,has_weight_kg,1.2,zenbyte smartwatch air 41|has_weight_kg|1.2,3,"[0.98, 0.84, 0.95]",True,0,0.971810625,0.971810625,0.88,True,0.971810625,False,False,"[""product_41"", ""product_41"", ""product_41""]","[""structured"", ""unstructured"", ""unstructured""]","[""structured_row:Zenbyte Smartwatch Air 41"", ""Zenbyte Smartwatch Air 41 is manufactured by Zenbyte. The display measures 6.7 inches. Comes with 6GB of RAM. Offers 1024GB of internal storage. Battery lasts up to 10 hours. Weighs approximately 1.2kg. Noise cancellation: no."", ""Zenbyte Smartwatch Air 41 is manufactured by Zenbyte. The display measures 6.7 inches. Comes with 6GB of RAM. Offers 1024GB of internal storage. Battery lasts up to 10 hours. Weighs approximately 1.2kg. Noise cancellation: no.""]",1,542,candidate
DEC023_NO_FEEDBACK,train_kb,conservative_noisy_or_conflict_adjusted,3,Zenbyte Smartwatch Air 41,has_color,green,zenbyte smartwatch air 41|has_color|green,1,[0.98],False,1,0.735,0.735,0.88,False,0.735,False,False,"[""product_41""]","[""structured""]","[""structured_row:Zenbyte Smartwatch Air 41""]",0,542,candidate
DEC023_NO_FEEDBACK,train_kb,conservative_noisy_or_conflict_adjusted,3,Zenbyte Smartwatch Air 41,made_of_material,aluminum,zenbyte smartwatch air 41|made_of_material|aluminum,1,[0.98],True,0,0.735,0.735,0.88,False,0.735,False,False,"[""product_41""]","[""structured""]","[""structured_row:Zenbyte Smartwatch Air 41""]",0,542,candidate
DEC023_NO_FEEDBACK,train_kb,conservative_noisy_or_conflict_adjusted,3,Zenbyte Smartwatch Air 41,target_market_region,EU,zenbyte smartwatch air 41|target_market_region|eu,1,[0.98],True,0,0.735,0.735,0.88,False,0.735,False,False,"[""product_41""]","[""structured""]","[""structured_row:Zenbyte Smartwatch Air 41""]",0,542,candidate
DEC023_NO_FEEDBACK,train_kb,conservative_noisy_or_conflict_adjusted,3,Zenbyte Smartwatch Air 41,supports_fast_charging,no,zenbyte smartwatch air 41|supports_fast_charging|no,1,[0.98],True,0,0.735,0.735,0.88,False,0.735,False,False,"[""product_41""]","[""structured""]","[""structured_row:Zenbyte Smartwatch Air 41""]",0,542,candidate
DEC023_NO_FEEDBACK,train_kb,conservative_noisy_or_conflict_adjusted,3,Zenbyte Smartwatch Air 41,has_noise_cancellation,no,zenbyte smartwatch air 41|has_noise_cancellation|no,2,"[0.98, 0.95]",True,0,0.9238124999999999,0.9238124999999999,0.88,True,0.9238124999999999,False,False,"[""product_41"", ""product_41""]","[""structured"", ""unstructured""]","[""structured_row:Zenbyte Smartwatch Air 41"", ""Zenbyte Smartwatch Air 41 is manufactured by Zenbyte. The display measures 6.7 inches. Comes with 6GB of RAM. Offers 1024GB of internal storage. Battery lasts up to 10 hours. Weighs approximately 1.2kg. Noise cancellation: no.""]",1,542,candidate
DEC023_NO_FEEDBACK,train_kb,conservative_noisy_or_conflict_adjusted,3,Zenbyte Smartwatch Air 41,has_color,no,zenbyte smartwatch air 41|has_color|no,1,[0.81],False,1,0.6075,0.6075,0.88,False,0.6075,False,False,"[""product_41""]","[""unstructured""]","[""Zenbyte Smartwatch Air 41 is manufactured by Zenbyte. The display measures 6.7 inches. Comes with 6GB of RAM. Offers 1024GB of internal storage. Battery lasts up to 10 hours. Weighs approximately 1.2kg. Noise cancellation: no.""]",0,542,candidate
DEC023_NO_FEEDBACK,train_kb,conservative_noisy_or_conflict_adjusted,3,PixelWare Laptop Air 43,manufactured_by,PixelWare,pixelware laptop air 43|manufactured_by|pixelware,1,[0.98],True,0,0.735,0.735,0.88,False,0.735,False,False,"[""product_43""]","[""structured""]","[""structured_row:PixelWare Laptop Air 43""]",0,542,candidate
DEC023_NO_FEEDBACK,train_kb,conservative_noisy_or_conflict_adjusted,3,PixelWare Laptop Air 43,belongs_to_category,laptop,pixelware laptop air 43|belongs_to_category|laptop,1,[0.98],True,0,0.735,0.735,0.88,False,0.735,False,False,"[""product_43""]","[""structured""]","[""structured_row:PixelWare Laptop Air 43""]",1,542,candidate
DEC023_NO_FEEDBACK,train_kb,conservative_noisy_or_conflict_adjusted,3,PixelWare Laptop Air 43,has_price_usd,199,pixelware laptop air 43|has_price_usd|199,1,[0.98],True,0,0.735,0.735,0.88,False,0.735,False,False,"[""product_43""]","[""structured""]","[""structured_row:PixelWare Laptop Air 43""]",0,542,candidate
DEC023_NO_FEEDBACK,train_kb,conservative_noisy_or_conflict_adjusted,3,PixelWare Laptop Air 43,has_screen_size_inch,15.6,pixelware laptop air 43|has_screen_size_inch|15.6,1,[0.98],True,0,0.735,0.735,0.88,False,0.735,False,False,"[""product_43""]","[""structured""]","[""structured_row:PixelWare Laptop Air 43""]",1,542,candidate
DEC023_NO_FEEDBACK,train_kb,conservative_noisy_or_conflict_adjusted,3,PixelWare Laptop Air 43,has_ram_gb,12,pixelware laptop air 43|has_ram_gb|12,1,[0.98],True,0,0.735,0.735,0.88,False,0.735,False,False,"[""product_43""]","[""structured""]","[""structured_row:PixelWare Laptop Air 43""]",0,542,candidate
DEC023_NO_FEEDBACK,train_kb,conservative_noisy_or_conflict_adjusted,3,PixelWare Laptop Air 43,has_storage_gb,512,pixelware laptop air 43|has_storage_gb|512,1,[0.98],True,0,0.735,0.735,0.88,False,0.735,False,False,"[""product_43""]","[""structured""]","[""structured_row:PixelWare Laptop Air 43""]",0,542,candidate
DEC023_NO_FEEDBACK,train_kb,conservative_noisy_or_conflict_adjusted,3,PixelWare Laptop Air 43,has_battery_life_hours,10,pixelware laptop air 43|has_battery_life_hours|10,1,[0.98],True,0,0.735,0.735,0.88,False,0.735,False,False,"[""product_43""]","[""structured""]","[""structured_row:PixelWare Laptop Air 43""]",0,542,candidate
DEC023_NO_FEEDBACK,train_kb,conservative_noisy_or_conflict_adjusted,3,PixelWare Laptop Air 43,has_weight_kg,0.18,pixelware laptop air 43|has_weight_kg|0.18,1,[0.98],True,0,0.735,0.735,0.88,False,0.735,False,False,"[""product_43""]","[""structured""]","[""structured_row:PixelWare Laptop Air 43""]",1,542,candidate
DEC023_NO_FEEDBACK,train_kb,conservative_noisy_or_conflict_adjusted,3,PixelWare Laptop Air 43,has_color,silver,pixelware laptop air 43|has_color|silver,1,[0.98],False,0,0.735,0.735,0.88,False,0.735,False,False,"[""product_43""]","[""structured""]","[""structured_row:PixelWare Laptop Air 43""]",1,542,candidate
DEC023_NO_FEEDBACK,train_kb,conservative_noisy_or_conflict_adjusted,3,PixelWare Laptop Air 43,made_of_material,carbon fiber,pixelware laptop air 43|made_of_material|carbon fiber,1,[0.98],True,0,0.735,0.735,0.88,False,0.735,False,False,"[""product_43""]","[""structured""]","[""structured_row:PixelWare Laptop Air 43""]",0,542,candidate
DEC023_NO_FEEDBACK,train_kb,conservative_noisy_or_conflict_adjusted,3,PixelWare Laptop Air 43,target_market_region,EU,pixelware laptop air 43|target_market_region|eu,1,[0.98],True,0,0.735,0.735,0.88,False,0.735,False,False,"[""product_43""]","[""structured""]","[""structured_row:PixelWare Laptop Air 43""]",1,542,candidate
DEC023_NO_FEEDBACK,train_kb,conservative_noisy_or_conflict_adjusted,3,PixelWare Laptop Air 43,supports_fast_charging,no,pixelware laptop air 43|supports_fast_charging|no,1,[0.98],True,0,0.735,0.735,0.88,False,0.735,False,False,"[""product_43""]","[""structured""]","[""structured_row:PixelWare Laptop Air 43""]",1,542,candidate
DEC023_NO_FEEDBACK,train_kb,conservative_noisy_or_conflict_adjusted,3,PixelWare Laptop Air 43,has_noise_cancellation,no,pixelware laptop air 43|has_noise_cancellation|no,1,[0.98],True,0,0.735,0.735,0.88,False,0.735,False,False,"[""product_43""]","[""structured""]","[""structured_row:PixelWare Laptop Air 43""]",1,542,candidate
DEC023_NO_FEEDBACK,train_kb,conservative_noisy_or_conflict_adjusted,3,Auralex Smartphone Plus 44,manufactured_by,Auralex,auralex smartphone plus 44|manufactured_by|auralex,3,"[0.98, 1.0, 0.975]",True,0,0.9821953125,0.9821953125,0.88,True,0.9821953125,False,False,"[""product_44"", ""product_44"", ""product_44""]","[""structured"", ""unstructured"", ""unstructured""]","[""structured_row:Auralex Smartphone Plus 44"", ""Auralex Smartphone Plus 44 is manufactured by Auralex. It is a smartphone device. The display measures 6.7 inches. Offers 512GB of internal storage. Battery lasts up to 12 hours. Available in green. Fast charging is yes."", ""Auralex Smartphone Plus 44 is manufactured by Auralex. It is a smartphone device. The display measures 6.7 inches. Offers 512GB of internal storage. Battery lasts up to 12 hours. Available in green. Fast charging is yes.""]",1,542,candidate
DEC023_NO_FEEDBACK,train_kb,conservative_noisy_or_conflict_adjusted,3,Auralex Smartphone Plus 44,belongs_to_category,smartphone,auralex smartphone plus 44|belongs_to_category|smartphone,1,[0.98],True,1,0.735,0.3675,0.88,False,0.3675,False,False,"[""product_44""]","[""structured""]","[""structured_row:Auralex Smartphone Plus 44""]",1,542,candidate
DEC023_NO_FEEDBACK,train_kb,conservative_noisy_or_conflict_adjusted,3,Auralex Smartphone Plus 44,has_price_usd,499,auralex smartphone plus 44|has_price_usd|499,1,[0.98],True,0,0.735,0.735,0.88,False,0.735,False,False,"[""product_44""]","[""structured""]","[""structured_row:Auralex Smartphone Plus 44""]",0,542,candidate
DEC023_NO_FEEDBACK,train_kb,conservative_noisy_or_conflict_adjusted,3,Auralex Smartphone Plus 44,has_screen_size_inch,6.7,auralex smartphone plus 44|has_screen_size_inch|6.7,4,"[0.98, 1.0, 0.934, 0.98]",True,1,0.994741903125,0.4973709515625,0.88,False,0.980158125,False,True,"[""product_44"", ""product_44"", ""product_44"", ""product_23""]","[""structured"", ""unstructured"", ""unstructured"", ""unstructured""]","[""structured_row:Auralex Smartphone Plus 44"", ""Auralex Smartphone Plus 44 is manufactured by Auralex. It is a smartphone device. The display measures 6.7 inches. Offers 512GB of internal storage. Battery lasts up to 12 hours. Available in green. Fast charging is yes."", ""Auralex Smartphone Plus 44 is manufactured by Auralex. It is a smartphone device. The display measures 6.7 inches. Offers 512GB of internal storage. Battery lasts up to 12 hours. Available in green. Fast charging is yes."", ""The display measures 11.0 inches. Comes with 32GB of RAM. Battery lasts up to 10 hours. Weighs approximately 1.8kg. Available in silver. Targeted at the US market. Noise cancellation: no.""]",1,542,candidate
DEC023_NO_FEEDBACK,train_kb,conservative_noisy_or_conflict_adjusted,3,Auralex Smartphone Plus 44,has_ram_gb,12,auralex smartphone plus 44|has_ram_gb|12,1,[0.98],True,0,0.735,0.735,0.88,False,0.735,False,False,"[""product_44""]","[""structured""]","[""structured_row:Auralex Smartphone Plus 44""]",0,542,candidate
DEC023_NO_FEEDBACK,train_kb,conservative_noisy_or_conflict_adjusted,3,Auralex Smartphone Plus 44,has_storage_gb,512,auralex smartphone plus 44|has_storage_gb|512,4,"[0.98, 1.0, 0.934, 0.98]",True,1,0.994741903125,0.4973709515625,0.88,False,0.980158125,False,True,"[""product_44"", ""product_44"", ""product_44"", ""product_23""]","[""structured"", ""unstructured"", ""unstructured"", ""unstructured""]","[""structured_row:Auralex Smartphone Plus 44"", ""Auralex Smartphone Plus 44 is manufactured by Auralex. It is a smartphone device. The display measures 6.7 inches. Offers 512GB of internal storage. Battery lasts up to 12 hours. Available in green. Fast charging is yes."", ""Auralex Smartphone Plus 44 is manufactured by Auralex. It is a smartphone device. The display measures 6.7 inches. Offers 512GB of internal storage. Battery lasts up to 12 hours. Available in green. Fast charging is yes."", ""The display measures 11.0 inches. Comes with 32GB of RAM. Battery lasts up to 10 hours. Weighs approximately 1.8kg. Available in silver. Targeted at the US market. Noise cancellation: no.""]",1,542,candidate
DEC023_NO_FEEDBACK,train_kb,conservative_noisy_or_conflict_adjusted,3,Auralex Smartphone Plus 44,has_battery_life_hours,12,auralex smartphone plus 44|has_battery_life_hours|12,4,"[0.98, 1.0, 0.934, 0.98]",True,1,0.994741903125,0.4973709515625,0.88,False,0.980158125,False,True,"[""product_44"", ""product_44"", ""product_44"", ""product_23""]","[""structured"", ""unstructured"", ""unstructured"", ""unstructured""]","[""structured_row:Auralex Smartphone Plus 44"", ""Auralex Smartphone Plus 44 is manufactured by Auralex. It is a smartphone device. The display measures 6.7 inches. Offers 512GB of internal storage. Battery lasts up to 12 hours. Available in green. Fast charging is yes."", ""Auralex Smartphone Plus 44 is manufactured by Auralex. It is a smartphone device. The display measures 6.7 inches. Offers 512GB of internal storage. Battery lasts up to 12 hours. Available in green. Fast charging is yes."", ""The display measures 11.0 inches. Comes with 32GB of RAM. Battery lasts up to 10 hours. Weighs approximately 1.8kg. Available in silver. Targeted at the US market. Noise cancellation: no.""]",1,542,candidate
DEC023_NO_FEEDBACK,train_kb,conservative_noisy_or_conflict_adjusted,3,Auralex Smartphone Plus 44,has_weight_kg,0.23,auralex smartphone plus 44|has_weight_kg|0.23,1,[0.98],True,0,0.735,0.735,0.88,False,0.735,False,False,"[""product_44""]","[""structured""]","[""structured_row:Auralex Smartphone Plus 44""]",0,542,candidate
DEC023_NO_FEEDBACK,train_kb,conservative_noisy_or_conflict_adjusted,3,Auralex Smartphone Plus 44,has_color,green,auralex smartphone plus 44|has_color|green,4,"[0.98, 1.0, 0.934, 0.98]",False,1,0.994741903125,0.994741903125,0.88,True,0.980158125,False,False,"[""product_44"", ""product_44"", ""product_44"", ""product_23""]","[""structured"", ""unstructured"", ""unstructured"", ""unstructured""]","[""structured_row:Auralex Smartphone Plus 44"", ""Auralex Smartphone Plus 44 is manufactured by Auralex. It is a smartphone device. The display measures 6.7 inches. Offers 512GB of internal storage. Battery lasts up to 12 hours. Available in green. Fast charging is yes."", ""Auralex Smartphone Plus 44 is manufactured by Auralex. It is a smartphone device. The display measures 6.7 inches. Offers 512GB of internal storage. Battery lasts up to 12 hours. Available in green. Fast charging is yes."", ""The display measures 11.0 inches. Comes with 32GB of RAM. Battery lasts up to 10 hours. Weighs approximately 1.8kg. Available in silver. Targeted at the US market. Noise cancellation: no.""]",1,542,candidate
DEC023_NO_FEEDBACK,train_kb,conservative_noisy_or_conflict_adjusted,3,Auralex Smartphone Plus 44,made_of_material,carbon fiber,auralex smartphone plus 44|made_of_material|carbon fiber,1,[0.98],True,0,0.735,0.735,0.88,False,0.735,False,False,"[""product_44""]","[""structured""]","[""structured_row:Auralex Smartphone Plus 44""]",0,542,candidate
DEC023_NO_FEEDBACK,train_kb,conservative_noisy_or_conflict_adjusted,3,Auralex Smartphone Plus 44,target_market_region,US,auralex smartphone plus 44|target_market_region|us,1,[0.98],True,1,0.735,0.3675,0.88,False,0.735,False,False,"[""product_44""]","[""structured""]","[""structured_row:Auralex Smartphone Plus 44""]",0,542,candidate
DEC023_NO_FEEDBACK,train_kb,conservative_noisy_or_conflict_adjusted,3,Auralex Smartphone Plus 44,supports_fast_charging,yes,auralex smartphone plus 44|supports_fast_charging|yes,4,"[0.98, 1.0, 0.934, 0.98]",True,1,0.994741903125,0.4973709515625,0.88,False,0.980158125,False,True,"[""product_44"", ""product_44"", ""product_44"", ""product_23""]","[""structured"", ""unstructured"", ""unstructured"", ""unstructured""]","[""structured_row:Auralex Smartphone Plus 44"", ""Auralex Smartphone Plus 44 is manufactured by Auralex. It is a smartphone device. The display measures 6.7 inches. Offers 512GB of internal storage. Battery lasts up to 12 hours. Available in green. Fast charging is yes."", ""Auralex Smartphone Plus 44 is manufactured by Auralex. It is a smartphone device. The display measures 6.7 inches. Offers 512GB of internal storage. Battery lasts up to 12 hours. Available in green. Fast charging is yes."", ""The display measures 11.0 inches. Comes with 32GB of RAM. Battery lasts up to 10 hours. Weighs approximately 1.8kg. Available in silver. Targeted at the US market. Noise cancellation: no.""]",1,542,candidate
DEC023_NO_FEEDBACK,train_kb,conservative_noisy_or_conflict_adjusted,3,Auralex Smartphone Plus 44,has_noise_cancellation,no,auralex smartphone plus 44|has_noise_cancellation|no,2,"[0.98, 0.9]",True,0,0.913875,0.913875,0.88,True,0.735,True,False,"[""product_44"", ""product_19""]","[""structured"", ""unstructured""]","[""structured_row:Auralex Smartphone Plus 44"", ""The display measures 15.6 inches. Offers 1024GB of internal storage. Battery lasts up to 10 hours. Available in silver. Targeted at the Global market. Fast charging is no. Noise cancellation: no.""]",0,542,candidate
DEC023_NO_FEEDBACK,train_kb,conservative_noisy_or_conflict_adjusted,3,PixelWare Smartwatch Lite 45,manufactured_by,PixelWare,pixelware smartwatch lite 45|manufactured_by|pixelware,1,[0.98],True,0,0.735,0.735,0.88,False,0.735,False,False,"[""product_45""]","[""structured""]","[""structured_row:PixelWare Smartwatch Lite 45""]",0,542,candidate
DEC023_NO_FEEDBACK,train_kb,conservative_noisy_or_conflict_adjusted,3,PixelWare Smartwatch Lite 45,belongs_to_category,smartwatch,pixelware smartwatch lite 45|belongs_to_category|smartwatch,1,[0.98],True,0,0.735,0.735,0.88,False,0.735,False,False,"[""product_45""]","[""structured""]","[""structured_row:PixelWare Smartwatch Lite 45""]",0,542,candidate
DEC023_NO_FEEDBACK,train_kb,conservative_noisy_or_conflict_adjusted,3,PixelWare Smartwatch Lite 45,has_price_usd,249,pixelware smartwatch lite 45|has_price_usd|249,1,[0.98],True,0,0.735,0.735,0.88,False,0.735,False,False,"[""product_45""]","[""structured""]","[""structured_row:PixelWare Smartwatch Lite 45""]",1,542,candidate
DEC023_NO_FEEDBACK,train_kb,conservative_noisy_or_conflict_adjusted,3,PixelWare Smartwatch Lite 45,has_screen_size_inch,15.6,pixelware smartwatch lite 45|has_screen_size_inch|15.6,1,[0.98],True,0,0.735,0.735,0.88,False,0.735,False,False,"[""product_45""]","[""structured""]","[""structured_row:PixelWare Smartwatch Lite 45""]",1,542,candidate
DEC023_NO_FEEDBACK,train_kb,conservative_noisy_or_conflict_adjusted,3,PixelWare Smartwatch Lite 45,has_ram_gb,32,pixelware smartwatch lite 45|has_ram_gb|32,1,[0.98],True,0,0.735,0.735,0.88,False,0.735,False,False,"[""product_45""]","[""structured""]","[""structured_row:PixelWare Smartwatch Lite 45""]",0,542,candidate
DEC023_NO_FEEDBACK,train_kb,conservative_noisy_or_conflict_adjusted,3,PixelWare Smartwatch Lite 45,has_storage_gb,128,pixelware smartwatch lite 45|has_storage_gb|128,1,[0.98],True,0,0.735,0.735,0.88,False,0.735,False,False,"[""product_45""]","[""structured""]","[""structured_row:PixelWare Smartwatch Lite 45""]",1,542,candidate
DEC023_NO_FEEDBACK,train_kb,conservative_noisy_or_conflict_adjusted,3,PixelWare Smartwatch Lite 45,has_battery_life_hours,20,pixelware smartwatch lite 45|has_battery_life_hours|20,1,[0.98],True,0,0.735,0.735,0.88,False,0.735,False,False,"[""product_45""]","[""structured""]","[""structured_row:PixelWare Smartwatch Lite 45""]",1,542,candidate
DEC023_NO_FEEDBACK,train_kb,conservative_noisy_or_conflict_adjusted,3,PixelWare Smartwatch Lite 45,has_weight_kg,0.55,pixelware smartwatch lite 45|has_weight_kg|0.55,1,[0.98],True,0,0.735,0.735,0.88,False,0.735,False,False,"[""product_45""]","[""structured""]","[""structured_row:PixelWare Smartwatch Lite 45""]",0,542,candidate
DEC023_NO_FEEDBACK,train_kb,conservative_noisy_or_conflict_adjusted,3,PixelWare Smartwatch Lite 45,has_color,silver,pixelware smartwatch lite 45|has_color|silver,1,[0.98],False,0,0.735,0.735,0.88,False,0.735,False,False,"[""product_45""]","[""structured""]","[""structured_row:PixelWare Smartwatch Lite 45""]",1,542,candidate
DEC023_NO_FEEDBACK,train_kb,conservative_noisy_or_conflict_adjusted,3,PixelWare Smartwatch Lite 45,made_of_material,carbon fiber,pixelware smartwatch lite 45|made_of_material|carbon fiber,1,[0.98],True,0,0.735,0.735,0.88,False,0.735,False,False,"[""product_45""]","[""structured""]","[""structured_row:PixelWare Smartwatch Lite 45""]",0,542,candidate
DEC023_NO_FEEDBACK,train_kb,conservative_noisy_or_conflict_adjusted,3,PixelWare Smartwatch Lite 45,target_market_region,APAC,pixelware smartwatch lite 45|target_market_region|apac,1,[0.98],True,0,0.735,0.735,0.88,False,0.735,False,False,"[""product_45""]","[""structured""]","[""structured_row:PixelWare Smartwatch Lite 45""]",0,542,candidate
DEC023_NO_FEEDBACK,train_kb,conservative_noisy_or_conflict_adjusted,3,PixelWare Smartwatch Lite 45,supports_fast_charging,yes,pixelware smartwatch lite 45|supports_fast_charging|yes,1,[0.98],True,0,0.735,0.735,0.88,False,0.735,False,False,"[""product_45""]","[""structured""]","[""structured_row:PixelWare Smartwatch Lite 45""]",1,542,candidate
DEC023_NO_FEEDBACK,train_kb,conservative_noisy_or_conflict_adjusted,3,PixelWare Smartwatch Lite 45,has_noise_cancellation,no,pixelware smartwatch lite 45|has_noise_cancellation|no,1,[0.98],True,0,0.735,0.735,0.88,False,0.735,False,False,"[""product_45""]","[""structured""]","[""structured_row:PixelWare Smartwatch Lite 45""]",1,542,candidate
DEC023_NO_FEEDBACK,train_kb,conservative_noisy_or_conflict_adjusted,3,PixelWare Laptop Pro 47,manufactured_by,PixelWare,pixelware laptop pro 47|manufactured_by|pixelware,3,"[0.98, 0.95, 0.85]",True,0,0.97238203125,0.97238203125,0.88,True,0.9238124999999999,False,False,"[""product_47"", ""product_47"", ""product_47""]","[""structured"", ""unstructured"", ""unstructured""]","[""structured_row:PixelWare Laptop Pro 47"", ""PixelWare Laptop Pro 47 is manufactured by PixelWare. It is a laptop device. Priced at 1299 USD. The display measures 15.6 inches. Offers 1024GB of internal storage. Weighs approximately 0.23kg. Available in blue."", ""PixelWare Laptop Pro 47 is manufactured by PixelWare. It is a laptop device. Priced at 1299 USD. The display measures 15.6 inches. Offers 1024GB of internal storage. Weighs approximately 0.23kg. Available in blue.""]",1,542,candidate
DEC023_NO_FEEDBACK,train_kb,conservative_noisy_or_conflict_adjusted,3,PixelWare Laptop Pro 47,belongs_to_category,laptop,pixelware laptop pro 47|belongs_to_category|laptop,1,[0.98],True,0,0.735,0.735,0.88,False,0.735,False,False,"[""product_47""]","[""structured""]","[""structured_row:PixelWare Laptop Pro 47""]",1,542,candidate
DEC023_NO_FEEDBACK,train_kb,conservative_noisy_or_conflict_adjusted,3,PixelWare Laptop Pro 47,has_price_usd,1299,pixelware laptop pro 47|has_price_usd|1299,3,"[0.98, 0.92, 0.85]",True,0,0.970220625,0.970220625,0.88,True,0.91785,False,False,"[""product_47"", ""product_47"", ""product_47""]","[""structured"", ""unstructured"", ""unstructured""]","[""structured_row:PixelWare Laptop Pro 47"", ""PixelWare Laptop Pro 47 is manufactured by PixelWare. It is a laptop device. Priced at 1299 USD. The display measures 15.6 inches. Offers 1024GB of internal storage. Weighs approximately 0.23kg. Available in blue."", ""PixelWare Laptop Pro 47 is manufactured by PixelWare. It is a laptop device. Priced at 1299 USD. The display measures 15.6 inches. Offers 1024GB of internal storage. Weighs approximately 0.23kg. Available in blue.""]",1,542,candidate
DEC023_NO_FEEDBACK,train_kb,conservative_noisy_or_conflict_adjusted,3,PixelWare Laptop Pro 47,has_screen_size_inch,15.6,pixelware laptop pro 47|has_screen_size_inch|15.6,3,"[0.98, 0.93, 0.85]",True,0,0.97094109375,0.97094109375,0.88,True,0.9198375,False,False,"[""product_47"", ""product_47"", ""product_47""]","[""structured"", ""unstructured"", ""unstructured""]","[""structured_row:PixelWare Laptop Pro 47"", ""PixelWare Laptop Pro 47 is manufactured by PixelWare. It is a laptop device. Priced at 1299 USD. The display measures 15.6 inches. Offers 1024GB of internal storage. Weighs approximately 0.23kg. Available in blue."", ""PixelWare Laptop Pro 47 is manufactured by PixelWare. It is a laptop device. Priced at 1299 USD. The display measures 15.6 inches. Offers 1024GB of internal storage. Weighs approximately 0.23kg. Available in blue.""]",1,542,candidate
DEC023_NO_FEEDBACK,train_kb,conservative_noisy_or_conflict_adjusted,3,PixelWare Laptop Pro 47,has_ram_gb,12,pixelware laptop pro 47|has_ram_gb|12,1,[0.98],True,0,0.735,0.735,0.88,False,0.735,False,False,"[""product_47""]","[""structured""]","[""structured_row:PixelWare Laptop Pro 47""]",0,542,candidate
DEC023_NO_FEEDBACK,train_kb,conservative_noisy_or_conflict_adjusted,3,PixelWare Laptop Pro 47,has_storage_gb,1024,pixelware laptop pro 47|has_storage_gb|1024,3,"[0.98, 0.94, 0.85]",True,0,0.9716615625,0.9716615625,0.88,True,0.921825,False,False,"[""product_47"", ""product_47"", ""product_47""]","[""structured"", ""unstructured"", ""unstructured""]","[""structured_row:PixelWare Laptop Pro 47"", ""PixelWare Laptop Pro 47 is manufactured by PixelWare. It is a laptop device. Priced at 1299 USD. The display measures 15.6 inches. Offers 1024GB of internal storage. Weighs approximately 0.23kg. Available in blue."", ""PixelWare Laptop Pro 47 is manufactured by PixelWare. It is a laptop device. Priced at 1299 USD. The display measures 15.6 inches. Offers 1024GB of internal storage. Weighs approximately 0.23kg. Available in blue.""]",1,542,candidate
DEC023_NO_FEEDBACK,train_kb,conservative_noisy_or_conflict_adjusted,3,PixelWare Laptop Pro 47,has_battery_life_hours,20,pixelware laptop pro 47|has_battery_life_hours|20,1,[0.98],True,0,0.735,0.735,0.88,False,0.735,False,False,"[""product_47""]","[""structured""]","[""structured_row:PixelWare Laptop Pro 47""]",0,542,candidate
DEC023_NO_FEEDBACK,train_kb,conservative_noisy_or_conflict_adjusted,3,PixelWare Laptop Pro 47,has_weight_kg,0.23,pixelware laptop pro 47|has_weight_kg|0.23,3,"[0.98, 0.9, 0.85]",True,0,0.9687796875,0.9687796875,0.88,True,0.913875,False,False,"[""product_47"", ""product_47"", ""product_47""]","[""structured"", ""unstructured"", ""unstructured""]","[""structured_row:PixelWare Laptop Pro 47"", ""PixelWare Laptop Pro 47 is manufactured by PixelWare. It is a laptop device. Priced at 1299 USD. The display measures 15.6 inches. Offers 1024GB of internal storage. Weighs approximately 0.23kg. Available in blue."", ""PixelWare Laptop Pro 47 is manufactured by PixelWare. It is a laptop device. Priced at 1299 USD. The display measures 15.6 inches. Offers 1024GB of internal storage. Weighs approximately 0.23kg. Available in blue.""]",1,542,candidate
DEC023_NO_FEEDBACK,train_kb,conservative_noisy_or_conflict_adjusted,3,PixelWare Laptop Pro 47,has_color,blue,pixelware laptop pro 47|has_color|blue,3,"[0.98, 0.89, 0.85]",False,0,0.96805921875,0.96805921875,0.88,True,0.9118875,False,False,"[""product_47"", ""product_47"", ""product_47""]","[""structured"", ""unstructured"", ""unstructured""]","[""structured_row:PixelWare Laptop Pro 47"", ""PixelWare Laptop Pro 47 is manufactured by PixelWare. It is a laptop device. Priced at 1299 USD. The display measures 15.6 inches. Offers 1024GB of internal storage. Weighs approximately 0.23kg. Available in blue."", ""PixelWare Laptop Pro 47 is manufactured by PixelWare. It is a laptop device. Priced at 1299 USD. The display measures 15.6 inches. Offers 1024GB of internal storage. Weighs approximately 0.23kg. Available in blue.""]",1,542,candidate
DEC023_NO_FEEDBACK,train_kb,conservative_noisy_or_conflict_adjusted,3,PixelWare Laptop Pro 47,made_of_material,aluminum,pixelware laptop pro 47|made_of_material|aluminum,1,[0.98],True,0,0.735,0.735,0.88,False,0.735,False,False,"[""product_47""]","[""structured""]","[""structured_row:PixelWare Laptop Pro 47""]",0,542,candidate
DEC023_NO_FEEDBACK,train_kb,conservative_noisy_or_conflict_adjusted,3,PixelWare Laptop Pro 47,target_market_region,Global,pixelware laptop pro 47|target_market_region|global,1,[0.98],True,0,0.735,0.735,0.88,False,0.735,False,False,"[""product_47""]","[""structured""]","[""structured_row:PixelWare Laptop Pro 47""]",0,542,candidate
DEC023_NO_FEEDBACK,train_kb,conservative_noisy_or_conflict_adjusted,3,PixelWare Laptop Pro 47,supports_fast_charging,yes,pixelware laptop pro 47|supports_fast_charging|yes,1,[0.98],True,0,0.735,0.735,0.88,False,0.735,False,False,"[""product_47""]","[""structured""]","[""structured_row:PixelWare Laptop Pro 47""]",0,542,candidate
DEC023_NO_FEEDBACK,train_kb,conservative_noisy_or_conflict_adjusted,3,PixelWare Laptop Pro 47,has_noise_cancellation,no,pixelware laptop pro 47|has_noise_cancellation|no,1,[0.98],True,0,0.735,0.735,0.88,False,0.735,False,False,"[""product_47""]","[""structured""]","[""structured_row:PixelWare Laptop Pro 47""]",0,542,candidate
DEC023_NO_FEEDBACK,train_kb,conservative_noisy_or_conflict_adjusted,3,PixelWare Tablet Air 48,manufactured_by,PixelWare,pixelware tablet air 48|manufactured_by|pixelware,3,"[0.98, 0.95, 0.91]",True,0,0.97581046875,0.97581046875,0.88,True,0.97581046875,False,False,"[""product_48"", ""product_48"", ""product_48""]","[""structured"", ""unstructured"", ""unstructured""]","[""structured_row:PixelWare Tablet Air 48"", ""PixelWare Tablet Air 48 is manufactured by PixelWare. The display measures 11.0 inches. Comes with 16GB of RAM. Offers 128GB of internal storage. Weighs approximately 0.42kg. Available in green. Fast charging is no."", ""PixelWare Tablet Air 48 is manufactured by PixelWare. The display measures 11.0 inches. Comes with 16GB of RAM. Offers 128GB of internal storage. Weighs approximately 0.42kg. Available in green. Fast charging is no.""]",1,542,candidate
DEC023_NO_FEEDBACK,train_kb,conservative_noisy_or_conflict_adjusted,3,PixelWare Tablet Air 48,belongs_to_category,tablet,pixelware tablet air 48|belongs_to_category|tablet,1,[0.98],True,0,0.735,0.735,0.88,False,0.735,False,False,"[""product_48""]","[""structured""]","[""structured_row:PixelWare Tablet Air 48""]",0,542,candidate
DEC023_NO_FEEDBACK,train_kb,conservative_noisy_or_conflict_adjusted,3,PixelWare Tablet Air 48,has_price_usd,1299,pixelware tablet air 48|has_price_usd|1299,1,[0.98],True,0,0.735,0.735,0.88,False,0.735,False,False,"[""product_48""]","[""structured""]","[""structured_row:PixelWare Tablet Air 48""]",0,542,candidate
DEC023_NO_FEEDBACK,train_kb,conservative_noisy_or_conflict_adjusted,3,PixelWare Tablet Air 48,has_screen_size_inch,11.0,pixelware tablet air 48|has_screen_size_inch|11.0,3,"[0.98, 0.92, 0.91]",True,0,0.973917375,0.973917375,0.88,True,0.973917375,False,False,"[""product_48"", ""product_48"", ""product_48""]","[""structured"", ""unstructured"", ""unstructured""]","[""structured_row:PixelWare Tablet Air 48"", ""PixelWare Tablet Air 48 is manufactured by PixelWare. The display measures 11.0 inches. Comes with 16GB of RAM. Offers 128GB of internal storage. Weighs approximately 0.42kg. Available in green. Fast charging is no."", ""PixelWare Tablet Air 48 is manufactured by PixelWare. The display measures 11.0 inches. Comes with 16GB of RAM. Offers 128GB of internal storage. Weighs approximately 0.42kg. Available in green. Fast charging is no.""]",1,542,candidate
DEC023_NO_FEEDBACK,train_kb,conservative_noisy_or_conflict_adjusted,3,PixelWare Tablet Air 48,has_ram_gb,16,pixelware tablet air 48|has_ram_gb|16,3,"[0.98, 0.9, 0.91]",True,0,0.9726553125,0.9726553125,0.88,True,0.9726553125,False,False,"[""product_48"", ""product_48"", ""product_48""]","[""structured"", ""unstructured"", ""unstructured""]","[""structured_row:PixelWare Tablet Air 48"", ""PixelWare Tablet Air 48 is manufactured by PixelWare. The display measures 11.0 inches. Comes with 16GB of RAM. Offers 128GB of internal storage. Weighs approximately 0.42kg. Available in green. Fast charging is no."", ""PixelWare Tablet Air 48 is manufactured by PixelWare. The display measures 11.0 inches. Comes with 16GB of RAM. Offers 128GB of internal storage. Weighs approximately 0.42kg. Available in green. Fast charging is no.""]",1,542,candidate
DEC023_NO_FEEDBACK,train_kb,conservative_noisy_or_conflict_adjusted,3,PixelWare Tablet Air 48,has_storage_gb,128,pixelware tablet air 48|has_storage_gb|128,3,"[0.98, 0.94, 0.91]",True,0,0.9751794375,0.9751794375,0.88,True,0.9751794375,False,False,"[""product_48"", ""product_48"", ""product_48""]","[""structured"", ""unstructured"", ""unstructured""]","[""structured_row:PixelWare Tablet Air 48"", ""PixelWare Tablet Air 48 is manufactured by PixelWare. The display measures 11.0 inches. Comes with 16GB of RAM. Offers 128GB of internal storage. Weighs approximately 0.42kg. Available in green. Fast charging is no."", ""PixelWare Tablet Air 48 is manufactured by PixelWare. The display measures 11.0 inches. Comes with 16GB of RAM. Offers 128GB of internal storage. Weighs approximately 0.42kg. Available in green. Fast charging is no.""]",1,542,candidate
DEC023_NO_FEEDBACK,train_kb,conservative_noisy_or_conflict_adjusted,3,PixelWare Tablet Air 48,has_battery_life_hours,8,pixelware tablet air 48|has_battery_life_hours|8,1,[0.98],True,0,0.735,0.735,0.88,False,0.735,False,False,"[""product_48""]","[""structured""]","[""structured_row:PixelWare Tablet Air 48""]",0,542,candidate
DEC023_NO_FEEDBACK,train_kb,conservative_noisy_or_conflict_adjusted,3,PixelWare Tablet Air 48,has_weight_kg,0.42,pixelware tablet air 48|has_weight_kg|0.42,3,"[0.98, 0.93, 0.91]",True,0,0.97454840625,0.97454840625,0.88,True,0.97454840625,False,False,"[""product_48"", ""product_48"", ""product_48""]","[""structured"", ""unstructured"", ""unstructured""]","[""structured_row:PixelWare Tablet Air 48"", ""PixelWare Tablet Air 48 is manufactured by PixelWare. The display measures 11.0 inches. Comes with 16GB of RAM. Offers 128GB of internal storage. Weighs approximately 0.42kg. Available in green. Fast charging is no."", ""PixelWare Tablet Air 48 is manufactured by PixelWare. The display measures 11.0 inches. Comes with 16GB of RAM. Offers 128GB of internal storage. Weighs approximately 0.42kg. Available in green. Fast charging is no.""]",1,542,candidate
DEC023_NO_FEEDBACK,train_kb,conservative_noisy_or_conflict_adjusted,3,PixelWare Tablet Air 48,has_color,green,pixelware tablet air 48|has_color|green,3,"[0.98, 0.91, 0.91]",False,0,0.97328634375,0.97328634375,0.88,True,0.97328634375,False,False,"[""product_48"", ""product_48"", ""product_48""]","[""structured"", ""unstructured"", ""unstructured""]","[""structured_row:PixelWare Tablet Air 48"", ""PixelWare Tablet Air 48 is manufactured by PixelWare. The display measures 11.0 inches. Comes with 16GB of RAM. Offers 128GB of internal storage. Weighs approximately 0.42kg. Available in green. Fast charging is no."", ""PixelWare Tablet Air 48 is manufactured by PixelWare. The display measures 11.0 inches. Comes with 16GB of RAM. Offers 128GB of internal storage. Weighs approximately 0.42kg. Available in green. Fast charging is no.""]",1,542,candidate
DEC023_NO_FEEDBACK,train_kb,conservative_noisy_or_conflict_adjusted,3,PixelWare Tablet Air 48,made_of_material,aluminum,pixelware tablet air 48|made_of_material|aluminum,1,[0.98],True,0,0.735,0.735,0.88,False,0.735,False,False,"[""product_48""]","[""structured""]","[""structured_row:PixelWare Tablet Air 48""]",0,542,candidate
DEC023_NO_FEEDBACK,train_kb,conservative_noisy_or_conflict_adjusted,3,PixelWare Tablet Air 48,target_market_region,APAC,pixelware tablet air 48|target_market_region|apac,1,[0.98],True,0,0.735,0.735,0.88,False,0.735,False,False,"[""product_48""]","[""structured""]","[""structured_row:PixelWare Tablet Air 48""]",0,542,candidate
DEC023_NO_FEEDBACK,train_kb,conservative_noisy_or_conflict_adjusted,3,PixelWare Tablet Air 48,supports_fast_charging,no,pixelware tablet air 48|supports_fast_charging|no,3,"[0.98, 0.88, 0.91]",True,0,0.97139325,0.97139325,0.88,True,0.97139325,False,False,"[""product_48"", ""product_48"", ""product_48""]","[""structured"", ""unstructured"", ""unstructured""]","[""structured_row:PixelWare Tablet Air 48"", ""PixelWare Tablet Air 48 is manufactured by PixelWare. The display measures 11.0 inches. Comes with 16GB of RAM. Offers 128GB of internal storage. Weighs approximately 0.42kg. Available in green. Fast charging is no."", ""PixelWare Tablet Air 48 is manufactured by PixelWare. The display measures 11.0 inches. Comes with 16GB of RAM. Offers 128GB of internal storage. Weighs approximately 0.42kg. Available in green. Fast charging is no.""]",1,542,candidate
DEC023_NO_FEEDBACK,train_kb,conservative_noisy_or_conflict_adjusted,3,PixelWare Tablet Air 48,has_noise_cancellation,no,pixelware tablet air 48|has_noise_cancellation|no,1,[0.98],True,0,0.735,0.735,0.88,False,0.735,False,False,"[""product_48""]","[""structured""]","[""structured_row:PixelWare Tablet Air 48""]",0,542,candidate
DEC023_NO_FEEDBACK,train_kb,conservative_noisy_or_conflict_adjusted,3,Auralex Headphones Max 49,manufactured_by,Auralex,auralex headphones max 49|manufactured_by|auralex,2,"[0.98, 0.85]",True,0,0.9039375,0.9039375,0.88,True,0.9039375,False,False,"[""product_49"", ""product_49""]","[""structured"", ""unstructured""]","[""structured_row:Auralex Headphones Max 49"", ""Auralex Headphones Max 49 is manufactured by Auralex. It is a headphones device. Priced at 699 USD. Comes with 4GB of RAM. Offers 1024GB of internal storage. Weighs approximately 0.18kg. Targeted at the US market.""]",1,542,candidate
DEC023_NO_FEEDBACK,train_kb,conservative_noisy_or_conflict_adjusted,3,Auralex Headphones Max 49,belongs_to_category,headphones,auralex headphones max 49|belongs_to_category|headphones,1,[0.98],True,0,0.735,0.735,0.88,False,0.735,False,False,"[""product_49""]","[""structured""]","[""structured_row:Auralex Headphones Max 49""]",1,542,candidate
DEC023_NO_FEEDBACK,train_kb,conservative_noisy_or_conflict_adjusted,3,Auralex Headphones Max 49,has_price_usd,699,auralex headphones max 49|has_price_usd|699,3,"[0.98, 0.92, 0.92]",True,0,0.9745335,0.9745335,0.88,True,0.9745335,False,False,"[""product_49"", ""product_49"", ""product_49""]","[""structured"", ""unstructured"", ""unstructured""]","[""structured_row:Auralex Headphones Max 49"", ""Auralex Headphones Max 49 is manufactured by Auralex. It is a headphones device. Priced at 699 USD. Comes with 4GB of RAM. Offers 1024GB of internal storage. Weighs approximately 0.18kg. Targeted at the US market."", ""Auralex Headphones Max 49 is manufactured by Auralex. It is a headphones device. Priced at 699 USD. Comes with 4GB of RAM. Offers 1024GB of internal storage. Weighs approximately 0.18kg. Targeted at the US market.""]",1,542,candidate
DEC023_NO_FEEDBACK,train_kb,conservative_noisy_or_conflict_adjusted,3,Auralex Headphones Max 49,has_screen_size_inch,15.6,auralex headphones max 49|has_screen_size_inch|15.6,1,[0.98],True,0,0.735,0.735,0.88,False,0.735,False,False,"[""product_49""]","[""structured""]","[""structured_row:Auralex Headphones Max 49""]",0,542,candidate
DEC023_NO_FEEDBACK,train_kb,conservative_noisy_or_conflict_adjusted,3,Auralex Headphones Max 49,has_ram_gb,4,auralex headphones max 49|has_ram_gb|4,2,"[0.98, 0.88]",True,0,0.9099,0.9099,0.88,True,0.9099,False,False,"[""product_49"", ""product_49""]","[""structured"", ""unstructured""]","[""structured_row:Auralex Headphones Max 49"", ""Auralex Headphones Max 49 is manufactured by Auralex. It is a headphones device. Priced at 699 USD. Comes with 4GB of RAM. Offers 1024GB of internal storage. Weighs approximately 0.18kg. Targeted at the US market.""]",1,542,candidate
DEC023_NO_FEEDBACK,train_kb,conservative_noisy_or_conflict_adjusted,3,Auralex Headphones Max 49,has_storage_gb,1024,auralex headphones max 49|has_storage_gb|1024,2,"[0.98, 0.9]",True,0,0.913875,0.913875,0.88,True,0.913875,False,False,"[""product_49"", ""product_49""]","[""structured"", ""unstructured""]","[""structured_row:Auralex Headphones Max 49"", ""Auralex Headphones Max 49 is manufactured by Auralex. It is a headphones device. Priced at 699 USD. Comes with 4GB of RAM. Offers 1024GB of internal storage. Weighs approximately 0.18kg. Targeted at the US market.""]",1,542,candidate
DEC023_NO_FEEDBACK,train_kb,conservative_noisy_or_conflict_adjusted,3,Auralex Headphones Max 49,has_battery_life_hours,18,auralex headphones max 49|has_battery_life_hours|18,1,[0.98],True,0,0.735,0.735,0.88,False,0.735,False,False,"[""product_49""]","[""structured""]","[""structured_row:Auralex Headphones Max 49""]",0,542,candidate
DEC023_NO_FEEDBACK,train_kb,conservative_noisy_or_conflict_adjusted,3,Auralex Headphones Max 49,has_weight_kg,0.18,auralex headphones max 49|has_weight_kg|0.18,2,"[0.98, 0.86]",True,0,0.905925,0.905925,0.88,True,0.905925,False,False,"[""product_49"", ""product_49""]","[""structured"", ""unstructured""]","[""structured_row:Auralex Headphones Max 49"", ""Auralex Headphones Max 49 is manufactured by Auralex. It is a headphones device. Priced at 699 USD. Comes with 4GB of RAM. Offers 1024GB of internal storage. Weighs approximately 0.18kg. Targeted at the US market.""]",1,542,candidate
DEC023_NO_FEEDBACK,train_kb,conservative_noisy_or_conflict_adjusted,3,Auralex Headphones Max 49,has_color,black,auralex headphones max 49|has_color|black,1,[0.98],False,0,0.735,0.735,0.88,False,0.735,False,False,"[""product_49""]","[""structured""]","[""structured_row:Auralex Headphones Max 49""]",0,542,candidate
DEC023_NO_FEEDBACK,train_kb,conservative_noisy_or_conflict_adjusted,3,Auralex Headphones Max 49,made_of_material,aluminum,auralex headphones max 49|made_of_material|aluminum,1,[0.98],True,0,0.735,0.735,0.88,False,0.735,False,False,"[""product_49""]","[""structured""]","[""structured_row:Auralex Headphones Max 49""]",0,542,candidate
DEC023_NO_FEEDBACK,train_kb,conservative_noisy_or_conflict_adjusted,3,Auralex Headphones Max 49,target_market_region,US,auralex headphones max 49|target_market_region|us,2,"[0.98, 0.94]",True,0,0.921825,0.921825,0.88,True,0.921825,False,False,"[""product_49"", ""product_49""]","[""structured"", ""unstructured""]","[""structured_row:Auralex Headphones Max 49"", ""Auralex Headphones Max 49 is manufactured by Auralex. It is a headphones device. Priced at 699 USD. Comes with 4GB of RAM. Offers 1024GB of internal storage. Weighs approximately 0.18kg. Targeted at the US market.""]",1,542,candidate
DEC023_NO_FEEDBACK,train_kb,conservative_noisy_or_conflict_adjusted,3,Auralex Headphones Max 49,supports_fast_charging,yes,auralex headphones max 49|supports_fast_charging|yes,1,[0.98],True,0,0.735,0.735,0.88,False,0.735,False,False,"[""product_49""]","[""structured""]","[""structured_row:Auralex Headphones Max 49""]",0,542,candidate
DEC023_NO_FEEDBACK,train_kb,conservative_noisy_or_conflict_adjusted,3,Auralex Headphones Max 49,has_noise_cancellation,no,auralex headphones max 49|has_noise_cancellation|no,1,[0.98],True,0,0.735,0.735,0.88,False,0.735,False,False,"[""product_49""]","[""structured""]","[""structured_row:Auralex Headphones Max 49""]",0,542,candidate
DEC023_NO_FEEDBACK,train_kb,conservative_noisy_or_conflict_adjusted,3,Zenbyte Tablet Air 50,manufactured_by,Zenbyte,zenbyte tablet air 50|manufactured_by|zenbyte,4,"[0.98, 0.92, 0.9, 0.91]",True,0,0.991523146875,0.991523146875,0.88,True,0.97330125,False,False,"[""product_50"", ""product_50"", ""product_50"", ""product_50""]","[""structured"", ""unstructured"", ""unstructured"", ""unstructured""]","[""structured_row:Zenbyte Tablet Air 50"", ""Zenbyte Tablet Air 50 is manufactured by Zenbyte. Comes with 12GB of RAM. Battery lasts up to 12 hours. Weighs approximately 1.45kg. Built with aluminum construction. Targeted at the EU market. Fast charging is no."", ""Zenbyte Tablet Air 50 is manufactured by Zenbyte. Comes with 12GB of RAM. Battery lasts up to 12 hours. Weighs approximately 1.45kg. Built with aluminum construction. Targeted at the EU market. Fast charging is no."", ""Zenbyte Tablet Air 50 is manufactured by Zenbyte. Comes with 12GB of RAM. Battery lasts up to 12 hours. Weighs approximately 1.45kg. Built with aluminum construction. Targeted at the EU market. Fast charging is no.""]",1,542,candidate
DEC023_NO_FEEDBACK,train_kb,conservative_noisy_or_conflict_adjusted,3,Zenbyte Tablet Air 50,belongs_to_category,tablet,zenbyte tablet air 50|belongs_to_category|tablet,1,[0.98],True,0,0.735,0.735,0.88,False,0.735,False,False,"[""product_50""]","[""structured""]","[""structured_row:Zenbyte Tablet Air 50""]",0,542,candidate
DEC023_NO_FEEDBACK,train_kb,conservative_noisy_or_conflict_adjusted,3,Zenbyte Tablet Air 50,has_price_usd,199,zenbyte tablet air 50|has_price_usd|199,1,[0.98],True,0,0.735,0.735,0.88,False,0.735,False,False,"[""product_50""]","[""structured""]","[""structured_row:Zenbyte Tablet Air 50""]",0,542,candidate
DEC023_NO_FEEDBACK,train_kb,conservative_noisy_or_conflict_adjusted,3,Zenbyte Tablet Air 50,has_screen_size_inch,15.6,zenbyte tablet air 50|has_screen_size_inch|15.6,1,[0.98],True,0,0.735,0.735,0.88,False,0.735,False,False,"[""product_50""]","[""structured""]","[""structured_row:Zenbyte Tablet Air 50""]",0,542,candidate
DEC023_NO_FEEDBACK,train_kb,conservative_noisy_or_conflict_adjusted,3,Zenbyte Tablet Air 50,has_ram_gb,12,zenbyte tablet air 50|has_ram_gb|12,4,"[0.98, 0.94, 0.9, 0.91]",True,0,0.9919333171875,0.9919333171875,0.88,True,0.974593125,False,False,"[""product_50"", ""product_50"", ""product_50"", ""product_50""]","[""structured"", ""unstructured"", ""unstructured"", ""unstructured""]","[""structured_row:Zenbyte Tablet Air 50"", ""Zenbyte Tablet Air 50 is manufactured by Zenbyte. Comes with 12GB of RAM. Battery lasts up to 12 hours. Weighs approximately 1.45kg. Built with aluminum construction. Targeted at the EU market. Fast charging is no."", ""Zenbyte Tablet Air 50 is manufactured by Zenbyte. Comes with 12GB of RAM. Battery lasts up to 12 hours. Weighs approximately 1.45kg. Built with aluminum construction. Targeted at the EU market. Fast charging is no."", ""Zenbyte Tablet Air 50 is manufactured by Zenbyte. Comes with 12GB of RAM. Battery lasts up to 12 hours. Weighs approximately 1.45kg. Built with aluminum construction. Targeted at the EU market. Fast charging is no.""]",1,542,candidate
DEC023_NO_FEEDBACK,train_kb,conservative_noisy_or_conflict_adjusted,3,Zenbyte Tablet Air 50,has_storage_gb,256,zenbyte tablet air 50|has_storage_gb|256,1,[0.98],True,0,0.735,0.735,0.88,False,0.735,False,False,"[""product_50""]","[""structured""]","[""structured_row:Zenbyte Tablet Air 50""]",0,542,candidate
DEC023_NO_FEEDBACK,train_kb,conservative_noisy_or_conflict_adjusted,3,Zenbyte Tablet Air 50,has_battery_life_hours,12,zenbyte tablet air 50|has_battery_life_hours|12,4,"[0.98, 0.9, 0.9, 0.91]",True,0,0.9911129765625,0.9911129765625,0.88,True,0.972009375,False,False,"[""product_50"", ""product_50"", ""product_50"", ""product_50""]","[""structured"", ""unstructured"", ""unstructured"", ""unstructured""]","[""structured_row:Zenbyte Tablet Air 50"", ""Zenbyte Tablet Air 50 is manufactured by Zenbyte. Comes with 12GB of RAM. Battery lasts up to 12 hours. Weighs approximately 1.45kg. Built with aluminum construction. Targeted at the EU market. Fast charging is no."", ""Zenbyte Tablet Air 50 is manufactured by Zenbyte. Comes with 12GB of RAM. Battery lasts up to 12 hours. Weighs approximately 1.45kg. Built with aluminum construction. Targeted at the EU market. Fast charging is no."", ""Zenbyte Tablet Air 50 is manufactured by Zenbyte. Comes with 12GB of RAM. Battery lasts up to 12 hours. Weighs approximately 1.45kg. Built with aluminum construction. Targeted at the EU market. Fast charging is no.""]",1,542,candidate
DEC023_NO_FEEDBACK,train_kb,conservative_noisy_or_conflict_adjusted,3,Zenbyte Tablet Air 50,has_weight_kg,1.45,zenbyte tablet air 50|has_weight_kg|1.45,4,"[0.98, 0.93, 0.9, 0.91]",True,0,0.99172823203125,0.99172823203125,0.88,True,0.9739471875,False,False,"[""product_50"", ""product_50"", ""product_50"", ""product_50""]","[""structured"", ""unstructured"", ""unstructured"", ""unstructured""]","[""structured_row:Zenbyte Tablet Air 50"", ""Zenbyte Tablet Air 50 is manufactured by Zenbyte. Comes with 12GB of RAM. Battery lasts up to 12 hours. Weighs approximately 1.45kg. Built with aluminum construction. Targeted at the EU market. Fast charging is no."", ""Zenbyte Tablet Air 50 is manufactured by Zenbyte. Comes with 12GB of RAM. Battery lasts up to 12 hours. Weighs approximately 1.45kg. Built with aluminum construction. Targeted at the EU market. Fast charging is no."", ""Zenbyte Tablet Air 50 is manufactured by Zenbyte. Comes with 12GB of RAM. Battery lasts up to 12 hours. Weighs approximately 1.45kg. Built with aluminum construction. Targeted at the EU market. Fast charging is no.""]",1,542,candidate
DEC023_NO_FEEDBACK,train_kb,conservative_noisy_or_conflict_adjusted,3,Zenbyte Tablet Air 50,has_color,silver,zenbyte tablet air 50|has_color|silver,1,[0.98],False,0,0.735,0.735,0.88,False,0.735,False,False,"[""product_50""]","[""structured""]","[""structured_row:Zenbyte Tablet Air 50""]",0,542,candidate
DEC023_NO_FEEDBACK,train_kb,conservative_noisy_or_conflict_adjusted,3,Zenbyte Tablet Air 50,made_of_material,aluminum,zenbyte tablet air 50|made_of_material|aluminum,3,"[0.98, 0.91, 0.91]",True,0,0.97328634375,0.97328634375,0.88,True,0.9158625,False,False,"[""product_50"", ""product_50"", ""product_50""]","[""structured"", ""unstructured"", ""unstructured""]","[""structured_row:Zenbyte Tablet Air 50"", ""Zenbyte Tablet Air 50 is manufactured by Zenbyte. Comes with 12GB of RAM. Battery lasts up to 12 hours. Weighs approximately 1.45kg. Built with aluminum construction. Targeted at the EU market. Fast charging is no."", ""Zenbyte Tablet Air 50 is manufactured by Zenbyte. Comes with 12GB of RAM. Battery lasts up to 12 hours. Weighs approximately 1.45kg. Built with aluminum construction. Targeted at the EU market. Fast charging is no.""]",1,542,candidate
DEC023_NO_FEEDBACK,train_kb,conservative_noisy_or_conflict_adjusted,3,Zenbyte Tablet Air 50,target_market_region,EU,zenbyte tablet air 50|target_market_region|eu,4,"[0.98, 0.95, 0.9, 0.91]",True,0,0.99213840234375,0.99213840234375,0.88,True,0.9752390625,False,False,"[""product_50"", ""product_50"", ""product_50"", ""product_50""]","[""structured"", ""unstructured"", ""unstructured"", ""unstructured""]","[""structured_row:Zenbyte Tablet Air 50"", ""Zenbyte Tablet Air 50 is manufactured by Zenbyte. Comes with 12GB of RAM. Battery lasts up to 12 hours. Weighs approximately 1.45kg. Built with aluminum construction. Targeted at the EU market. Fast charging is no."", ""Zenbyte Tablet Air 50 is manufactured by Zenbyte. Comes with 12GB of RAM. Battery lasts up to 12 hours. Weighs approximately 1.45kg. Built with aluminum construction. Targeted at the EU market. Fast charging is no."", ""Zenbyte Tablet Air 50 is manufactured by Zenbyte. Comes with 12GB of RAM. Battery lasts up to 12 hours. Weighs approximately 1.45kg. Built with aluminum construction. Targeted at the EU market. Fast charging is no.""]",1,542,candidate
DEC023_NO_FEEDBACK,train_kb,conservative_noisy_or_conflict_adjusted,3,Zenbyte Tablet Air 50,supports_fast_charging,no,zenbyte tablet air 50|supports_fast_charging|no,3,"[0.98, 0.9, 0.91]",True,0,0.9726553125,0.9726553125,0.88,True,0.913875,False,False,"[""product_50"", ""product_50"", ""product_50""]","[""structured"", ""unstructured"", ""unstructured""]","[""structured_row:Zenbyte Tablet Air 50"", ""Zenbyte Tablet Air 50 is manufactured by Zenbyte. Comes with 12GB of RAM. Battery lasts up to 12 hours. Weighs approximately 1.45kg. Built with aluminum construction. Targeted at the EU market. Fast charging is no."", ""Zenbyte Tablet Air 50 is manufactured by Zenbyte. Comes with 12GB of RAM. Battery lasts up to 12 hours. Weighs approximately 1.45kg. Built with aluminum construction. Targeted at the EU market. Fast charging is no.""]",1,542,candidate
DEC023_NO_FEEDBACK,train_kb,conservative_noisy_or_conflict_adjusted,3,Zenbyte Tablet Air 50,has_noise_cancellation,no,zenbyte tablet air 50|has_noise_cancellation|no,1,[0.98],True,0,0.735,0.735,0.88,False,0.735,False,False,"[""product_50""]","[""structured""]","[""structured_row:Zenbyte Tablet Air 50""]",0,542,candidate
DEC023_NO_FEEDBACK,train_kb,conservative_noisy_or_conflict_adjusted,3,TechNova Smartphone Pro 1,has_screen_size_inch,15.6,technova smartphone pro 1|has_screen_size_inch|15.6,2,"[0.91, 0.91]",True,1,0.89919375,0.449596875,0.88,False,0.34125,False,False,"[""product_19"", ""product_45""]","[""unstructured"", ""unstructured""]","[""The display measures 15.6 inches. Offers 1024GB of internal storage. Battery lasts up to 10 hours. Available in silver. Targeted at the Global market. Fast charging is no. Noise cancellation: no."", ""Priced at 249 USD. The display measures 15.6 inches. Offers 128GB of internal storage. Battery lasts up to 20 hours. Available in silver. Fast charging is yes. Noise cancellation: no.""]",0,542,candidate
DEC023_NO_FEEDBACK,train_kb,conservative_noisy_or_conflict_adjusted,3,TechNova Smartphone Pro 1,has_storage_gb,1024,technova smartphone pro 1|has_storage_gb|1024,1,[0.91],True,3,0.6825,0.170625,0.88,False,0.170625,False,False,"[""product_19""]","[""unstructured""]","[""The display measures 15.6 inches. Offers 1024GB of internal storage. Battery lasts up to 10 hours. Available in silver. Targeted at the Global market. Fast charging is no. Noise cancellation: no.""]",0,542,candidate
DEC023_NO_FEEDBACK,train_kb,conservative_noisy_or_conflict_adjusted,3,TechNova Smartphone Pro 1,supports_fast_charging,no,technova smartphone pro 1|supports_fast_charging|no,4,"[0.91, 0.91, 0.91, 0.85]",True,1,0.9883978306640625,0.49419891533203125,0.88,False,0.449596875,False,False,"[""product_19"", ""product_20"", ""product_17"", ""product_37""]","[""unstructured"", ""unstructured"", ""unstructured"", ""unstructured""]","[""The display measures 15.6 inches. Offers 1024GB of internal storage. Battery lasts up to 10 hours. Available in silver. Targeted at the Global market. Fast charging is no. Noise cancellation: no."", ""It is a laptop device. Priced at 299 USD. The display measures 11.0 inches. Comes with 32GB of RAM. Offers 256GB of internal storage. Available in silver. Fast charging is no."", ""It is a headphones device. Priced at 299 USD. Comes with 12GB of RAM. Weighs approximately 1.2kg. Built with aluminum construction. Targeted at the Global market. Fast charging is no."", ""Priced at 1099 USD. Offers 128GB of internal storage. Battery lasts up to 14 hours. Weighs approximately 1.45kg. Available in green. Built with aluminum construction. Fast charging is no.""]",0,542,candidate
DEC023_NO_FEEDBACK,train_kb,conservative_noisy_or_conflict_adjusted,3,TechNova Smartphone Pro 1,has_noise_cancellation,no,technova smartphone pro 1|has_noise_cancellation|no,3,"[0.91, 0.91, 0.91]",True,0,0.967994015625,0.967994015625,0.88,True,0.6825,True,False,"[""product_19"", ""product_28"", ""product_45""]","[""unstructured"", ""unstructured"", ""unstructured""]","[""The display measures 15.6 inches. Offers 1024GB of internal storage. Battery lasts up to 10 hours. Available in silver. Targeted at the Global market. Fast charging is no. Noise cancellation: no."", ""Priced at 299 USD. Offers 512GB of internal storage. Battery lasts up to 8 hours. Weighs approximately 0.23kg. Available in silver. Built with plastic construction. Noise cancellation: no."", ""Priced at 249 USD. The display measures 15.6 inches. Offers 128GB of internal storage. Battery lasts up to 20 hours. Available in silver. Fast charging is yes. Noise cancellation: no.""]",0,542,candidate
DEC023_NO_FEEDBACK,train_kb,conservative_noisy_or_conflict_adjusted,3,TechNova Smartphone Pro 1,has_ram_gb,32,technova smartphone pro 1|has_ram_gb|32,1,[0.91],True,3,0.6825,0.170625,0.88,False,0.2275,False,False,"[""product_20""]","[""unstructured""]","[""It is a laptop device. Priced at 299 USD. The display measures 11.0 inches. Comes with 32GB of RAM. Offers 256GB of internal storage. Available in silver. Fast charging is no.""]",0,542,candidate
DEC023_NO_FEEDBACK,train_kb,conservative_noisy_or_conflict_adjusted,3,It is a smartphone device,belongs_to_category,smartphone,it is a smartphone device|belongs_to_category|smartphone,2,"[0.85, 0.9]",True,0,0.8821875,0.8821875,0.88,True,0.6375,True,False,"[""product_30"", ""product_30""]","[""unstructured"", ""unstructured""]","[""It is a smartphone device. Comes with 4GB of RAM. Offers 256GB of internal storage. Battery lasts up to 10 hours. Available in white. Built with aluminum construction. Targeted at the Global market."", ""It is a smartphone device. Comes with 4GB of RAM. Offers 256GB of internal storage. Battery lasts up to 10 hours. Available in white. Built with aluminum construction. Targeted at the Global market.""]",0,542,candidate
DEC023_NO_FEEDBACK,train_kb,conservative_noisy_or_conflict_adjusted,3,It is a smartphone device,has_ram_gb,4,it is a smartphone device|has_ram_gb|4,1,[0.85],True,1,0.6375,0.31875,0.88,False,0.6375,False,False,"[""product_30""]","[""unstructured""]","[""It is a smartphone device. Comes with 4GB of RAM. Offers 256GB of internal storage. Battery lasts up to 10 hours. Available in white. Built with aluminum construction. Targeted at the Global market.""]",0,542,candidate
DEC023_NO_FEEDBACK,train_kb,conservative_noisy_or_conflict_adjusted,3,It is a smartphone device,has_storage_gb,256,it is a smartphone device|has_storage_gb|256,1,[0.85],True,1,0.6375,0.31875,0.88,False,0.6375,False,False,"[""product_30""]","[""unstructured""]","[""It is a smartphone device. Comes with 4GB of RAM. Offers 256GB of internal storage. Battery lasts up to 10 hours. Available in white. Built with aluminum construction. Targeted at the Global market.""]",0,542,candidate
DEC023_NO_FEEDBACK,train_kb,conservative_noisy_or_conflict_adjusted,3,It is a smartphone device,has_battery_life_hours,10,it is a smartphone device|has_battery_life_hours|10,2,"[0.85, 0.9]",True,0,0.8821875,0.8821875,0.88,True,0.6375,True,False,"[""product_30"", ""product_30""]","[""unstructured"", ""unstructured""]","[""It is a smartphone device. Comes with 4GB of RAM. Offers 256GB of internal storage. Battery lasts up to 10 hours. Available in white. Built with aluminum construction. Targeted at the Global market."", ""It is a smartphone device. Comes with 4GB of RAM. Offers 256GB of internal storage. Battery lasts up to 10 hours. Available in white. Built with aluminum construction. Targeted at the Global market.""]",0,542,candidate
DEC023_NO_FEEDBACK,train_kb,conservative_noisy_or_conflict_adjusted,3,It is a smartphone device,has_color,white,it is a smartphone device|has_color|white,2,"[0.85, 0.9]",False,0,0.8821875,0.8821875,0.88,True,0.6375,True,False,"[""product_30"", ""product_30""]","[""unstructured"", ""unstructured""]","[""It is a smartphone device. Comes with 4GB of RAM. Offers 256GB of internal storage. Battery lasts up to 10 hours. Available in white. Built with aluminum construction. Targeted at the Global market."", ""It is a smartphone device. Comes with 4GB of RAM. Offers 256GB of internal storage. Battery lasts up to 10 hours. Available in white. Built with aluminum construction. Targeted at the Global market.""]",0,542,candidate
DEC023_NO_FEEDBACK,train_kb,conservative_noisy_or_conflict_adjusted,3,It is a smartphone device,made_of_material,aluminum,it is a smartphone device|made_of_material|aluminum,2,"[0.85, 0.9]",True,0,0.8821875,0.8821875,0.88,True,0.6375,True,False,"[""product_30"", ""product_30""]","[""unstructured"", ""unstructured""]","[""It is a smartphone device. Comes with 4GB of RAM. Offers 256GB of internal storage. Battery lasts up to 10 hours. Available in white. Built with aluminum construction. Targeted at the Global market."", ""It is a smartphone device. Comes with 4GB of RAM. Offers 256GB of internal storage. Battery lasts up to 10 hours. Available in white. Built with aluminum construction. Targeted at the Global market.""]",0,542,candidate
DEC023_NO_FEEDBACK,train_kb,conservative_noisy_or_conflict_adjusted,3,It is a smartphone device,target_market_region,Global,it is a smartphone device|target_market_region|global,2,"[0.85, 0.9]",True,0,0.8821875,0.8821875,0.88,True,0.6375,True,False,"[""product_30"", ""product_30""]","[""unstructured"", ""unstructured""]","[""It is a smartphone device. Comes with 4GB of RAM. Offers 256GB of internal storage. Battery lasts up to 10 hours. Available in white. Built with aluminum construction. Targeted at the Global market."", ""It is a smartphone device. Comes with 4GB of RAM. Offers 256GB of internal storage. Battery lasts up to 10 hours. Available in white. Built with aluminum construction. Targeted at the Global market.""]",0,542,candidate
DEC023_NO_FEEDBACK,train_kb,conservative_noisy_or_conflict_adjusted,3,Auralex Smartphone Plus 44,belongs_to_category,smartphone device,auralex smartphone plus 44|belongs_to_category|smartphone device,1,[0.934],True,1,0.7005,0.35025,0.88,False,0.35025,False,False,"[""product_44""]","[""unstructured""]","[""Auralex Smartphone Plus 44 is manufactured by Auralex. It is a smartphone device. The display measures 6.7 inches. Offers 512GB of internal storage. Battery lasts up to 12 hours. Available in green. Fast charging is yes.""]",0,542,candidate
DEC023_NO_FEEDBACK,train_kb,conservative_noisy_or_conflict_adjusted,3,TechNova Smartphone Pro 1,has_ram_gb,12,technova smartphone pro 1|has_ram_gb|12,1,[0.91],True,3,0.6825,0.170625,0.88,False,,False,False,"[""product_17""]","[""unstructured""]","[""It is a headphones device. Priced at 299 USD. Comes with 12GB of RAM. Weighs approximately 1.2kg. Built with aluminum construction. Targeted at the Global market. Fast charging is no.""]",0,542,candidate
DEC023_NO_FEEDBACK,train_kb,conservative_noisy_or_conflict_adjusted,3,Auralex Smartphone Plus 44,has_screen_size_inch,15.6,auralex smartphone plus 44|has_screen_size_inch|15.6,1,[0.9],True,1,0.675,0.3375,0.88,False,,False,False,"[""product_19""]","[""unstructured""]","[""The display measures 15.6 inches. Offers 1024GB of internal storage. Battery lasts up to 10 hours. Available in silver. Targeted at the Global market. Fast charging is no. Noise cancellation: no.""]",0,542,candidate
DEC023_NO_FEEDBACK,train_kb,conservative_noisy_or_conflict_adjusted,3,Auralex Smartphone Plus 44,has_storage_gb,1024,auralex smartphone plus 44|has_storage_gb|1024,1,[0.9],True,1,0.675,0.3375,0.88,False,,False,False,"[""product_19""]","[""unstructured""]","[""The display measures 15.6 inches. Offers 1024GB of internal storage. Battery lasts up to 10 hours. Available in silver. Targeted at the Global market. Fast charging is no. Noise cancellation: no.""]",0,542,candidate
DEC023_NO_FEEDBACK,train_kb,conservative_noisy_or_conflict_adjusted,3,Auralex Smartphone Plus 44,has_battery_life_hours,10,auralex smartphone plus 44|has_battery_life_hours|10,1,[0.9],True,1,0.675,0.3375,0.88,False,,False,False,"[""product_19""]","[""unstructured""]","[""The display measures 15.6 inches. Offers 1024GB of internal storage. Battery lasts up to 10 hours. Available in silver. Targeted at the Global market. Fast charging is no. Noise cancellation: no.""]",0,542,candidate
DEC023_NO_FEEDBACK,train_kb,conservative_noisy_or_conflict_adjusted,3,Auralex Smartphone Plus 44,has_color,silver,auralex smartphone plus 44|has_color|silver,1,[0.9],False,1,0.675,0.675,0.88,False,,False,False,"[""product_19""]","[""unstructured""]","[""The display measures 15.6 inches. Offers 1024GB of internal storage. Battery lasts up to 10 hours. Available in silver. Targeted at the Global market. Fast charging is no. Noise cancellation: no.""]",0,542,candidate
DEC023_NO_FEEDBACK,train_kb,conservative_noisy_or_conflict_adjusted,3,Auralex Smartphone Plus 44,target_market_region,Global,auralex smartphone plus 44|target_market_region|global,1,[0.9],True,1,0.675,0.3375,0.88,False,,False,False,"[""product_19""]","[""unstructured""]","[""The display measures 15.6 inches. Offers 1024GB of internal storage. Battery lasts up to 10 hours. Available in silver. Targeted at the Global market. Fast charging is no. Noise cancellation: no.""]",0,542,candidate
DEC023_NO_FEEDBACK,train_kb,conservative_noisy_or_conflict_adjusted,3,Auralex Smartphone Plus 44,supports_fast_charging,no,auralex smartphone plus 44|supports_fast_charging|no,1,[0.9],True,1,0.675,0.3375,0.88,False,,False,False,"[""product_19""]","[""unstructured""]","[""The display measures 15.6 inches. Offers 1024GB of internal storage. Battery lasts up to 10 hours. Available in silver. Targeted at the Global market. Fast charging is no. Noise cancellation: no.""]",0,542,candidate
DEC023_NO_FEEDBACK,train_kb,conservative_noisy_or_conflict_adjusted,3,It is a laptop device,belongs_to_category,laptop,it is a laptop device|belongs_to_category|laptop,1,[0.85],True,0,0.6375,0.6375,0.88,False,,False,False,"[""product_29""]","[""unstructured""]","[""It is a laptop device. The display measures 13.3 inches. Comes with 16GB of RAM. Offers 64GB of internal storage. Available in blue. Fast charging is yes. Noise cancellation: no.""]",0,542,candidate
DEC023_NO_FEEDBACK,train_kb,conservative_noisy_or_conflict_adjusted,3,The display measures 13.3 inches,has_screen_size_inch,13.3,the display measures 13.3 inches|has_screen_size_inch|13.3,1,[0.92],True,0,0.6900000000000001,0.6900000000000001,0.88,False,,False,False,"[""product_29""]","[""unstructured""]","[""It is a laptop device. The display measures 13.3 inches. Comes with 16GB of RAM. Offers 64GB of internal storage. Available in blue. Fast charging is yes. Noise cancellation: no.""]",0,542,candidate
DEC023_NO_FEEDBACK,train_kb,conservative_noisy_or_conflict_adjusted,3,Comes with 16GB of RAM,has_ram_gb,16,comes with 16gb of ram|has_ram_gb|16,1,[0.93],True,0,0.6975,0.6975,0.88,False,,False,False,"[""product_29""]","[""unstructured""]","[""It is a laptop device. The display measures 13.3 inches. Comes with 16GB of RAM. Offers 64GB of internal storage. Available in blue. Fast charging is yes. Noise cancellation: no.""]",0,542,candidate
DEC023_NO_FEEDBACK,train_kb,conservative_noisy_or_conflict_adjusted,3,Offers 64GB of internal storage,has_storage_gb,64,offers 64gb of internal storage|has_storage_gb|64,1,[0.94],True,0,0.705,0.705,0.88,False,,False,False,"[""product_29""]","[""unstructured""]","[""It is a laptop device. The display measures 13.3 inches. Comes with 16GB of RAM. Offers 64GB of internal storage. Available in blue. Fast charging is yes. Noise cancellation: no.""]",0,542,candidate
DEC023_NO_FEEDBACK,train_kb,conservative_noisy_or_conflict_adjusted,3,Available in blue,has_color,blue,available in blue|has_color|blue,1,[0.95],False,0,0.7124999999999999,0.7124999999999999,0.88,False,,False,False,"[""product_29""]","[""unstructured""]","[""It is a laptop device. The display measures 13.3 inches. Comes with 16GB of RAM. Offers 64GB of internal storage. Available in blue. Fast charging is yes. Noise cancellation: no.""]",0,542,candidate
DEC023_NO_FEEDBACK,train_kb,conservative_noisy_or_conflict_adjusted,3,Fast charging is yes,supports_fast_charging,yes,fast charging is yes|supports_fast_charging|yes,1,[0.96],True,0,0.72,0.72,0.88,False,,False,False,"[""product_29""]","[""unstructured""]","[""It is a laptop device. The display measures 13.3 inches. Comes with 16GB of RAM. Offers 64GB of internal storage. Available in blue. Fast charging is yes. Noise cancellation: no.""]",0,542,candidate
DEC023_NO_FEEDBACK,train_kb,conservative_noisy_or_conflict_adjusted,3,Noise cancellation: no,has_noise_cancellation,no,noise cancellation: no|has_noise_cancellation|no,1,[0.9],True,0,0.675,0.675,0.88,False,,False,False,"[""product_29""]","[""unstructured""]","[""It is a laptop device. The display measures 13.3 inches. Comes with 16GB of RAM. Offers 64GB of internal storage. Available in blue. Fast charging is yes. Noise cancellation: no.""]",0,542,candidate
DEC023_NO_FEEDBACK,train_kb,conservative_noisy_or_conflict_adjusted,3,It is a smartphone device,manufactured_by,Unknown,it is a smartphone device|manufactured_by|unknown,1,[0.9],True,0,0.675,0.675,0.88,False,,False,False,"[""product_30""]","[""unstructured""]","[""It is a smartphone device. Comes with 4GB of RAM. Offers 256GB of internal storage. Battery lasts up to 10 hours. Available in white. Built with aluminum construction. Targeted at the Global market.""]",0,542,candidate
DEC023_NO_FEEDBACK,train_kb,conservative_noisy_or_conflict_adjusted,3,It is a smartphone device,has_ram_gb,4GB,it is a smartphone device|has_ram_gb|4gb,1,[0.9],True,1,0.675,0.3375,0.88,False,,False,False,"[""product_30""]","[""unstructured""]","[""It is a smartphone device. Comes with 4GB of RAM. Offers 256GB of internal storage. Battery lasts up to 10 hours. Available in white. Built with aluminum construction. Targeted at the Global market.""]",0,542,candidate
DEC023_NO_FEEDBACK,train_kb,conservative_noisy_or_conflict_adjusted,3,It is a smartphone device,has_storage_gb,256GB,it is a smartphone device|has_storage_gb|256gb,1,[0.9],True,1,0.675,0.3375,0.88,False,,False,False,"[""product_30""]","[""unstructured""]","[""It is a smartphone device. Comes with 4GB of RAM. Offers 256GB of internal storage. Battery lasts up to 10 hours. Available in white. Built with aluminum construction. Targeted at the Global market.""]",0,542,candidate
DEC023_NO_FEEDBACK,train_kb,conservative_noisy_or_conflict_adjusted,3,laptop device,has_screen_size_inch,15.6,laptop device|has_screen_size_inch|15.6,1,[0.85],True,1,0.6375,0.31875,0.88,False,,False,False,"[""product_43""]","[""unstructured""]","[""It is a laptop device. The display measures 15.6 inches. Weighs approximately 0.18kg. Available in silver. Targeted at the EU market. Fast charging is no. Noise cancellation: no.""]",0,542,candidate
DEC023_NO_FEEDBACK,train_kb,conservative_noisy_or_conflict_adjusted,3,laptop device,has_weight_kg,0.18,laptop device|has_weight_kg|0.18,1,[0.85],True,0,0.6375,0.6375,0.88,False,,False,False,"[""product_43""]","[""unstructured""]","[""It is a laptop device. The display measures 15.6 inches. Weighs approximately 0.18kg. Available in silver. Targeted at the EU market. Fast charging is no. Noise cancellation: no.""]",0,542,candidate
DEC023_NO_FEEDBACK,train_kb,conservative_noisy_or_conflict_adjusted,3,laptop device,has_color,silver,laptop device|has_color|silver,1,[0.85],False,1,0.6375,0.6375,0.88,False,,False,False,"[""product_43""]","[""unstructured""]","[""It is a laptop device. The display measures 15.6 inches. Weighs approximately 0.18kg. Available in silver. Targeted at the EU market. Fast charging is no. Noise cancellation: no.""]",0,542,candidate
DEC023_NO_FEEDBACK,train_kb,conservative_noisy_or_conflict_adjusted,3,laptop device,target_market_region,EU,laptop device|target_market_region|eu,1,[0.85],True,0,0.6375,0.6375,0.88,False,,False,False,"[""product_43""]","[""unstructured""]","[""It is a laptop device. The display measures 15.6 inches. Weighs approximately 0.18kg. Available in silver. Targeted at the EU market. Fast charging is no. Noise cancellation: no.""]",0,542,candidate
DEC023_NO_FEEDBACK,train_kb,conservative_noisy_or_conflict_adjusted,3,laptop device,supports_fast_charging,no,laptop device|supports_fast_charging|no,1,[0.85],True,1,0.6375,0.31875,0.88,False,,False,False,"[""product_43""]","[""unstructured""]","[""It is a laptop device. The display measures 15.6 inches. Weighs approximately 0.18kg. Available in silver. Targeted at the EU market. Fast charging is no. Noise cancellation: no.""]",0,542,candidate
DEC023_NO_FEEDBACK,train_kb,conservative_noisy_or_conflict_adjusted,3,TechNova Smartphone Pro 1,has_price_usd,249,technova smartphone pro 1|has_price_usd|249,1,[0.91],True,2,0.6825,0.2275,0.88,False,,False,False,"[""product_45""]","[""unstructured""]","[""Priced at 249 USD. The display measures 15.6 inches. Offers 128GB of internal storage. Battery lasts up to 20 hours. Available in silver. Fast charging is yes. Noise cancellation: no.""]",0,542,candidate
DEC023_NO_FEEDBACK,train_kb,conservative_noisy_or_conflict_adjusted,3,TechNova Smartphone Pro 1,has_battery_life_hours,20,technova smartphone pro 1|has_battery_life_hours|20,1,[0.91],True,3,0.6825,0.170625,0.88,False,,False,False,"[""product_45""]","[""unstructured""]","[""Priced at 249 USD. The display measures 15.6 inches. Offers 128GB of internal storage. Battery lasts up to 20 hours. Available in silver. Fast charging is yes. Noise cancellation: no.""]",0,542,candidate
