experiment_id,run_id,prob_kb_version,iteration,subject,predicate,object,triple_key,observation_count,observation_confidences,functional_predicate,competitor_count,conservative_noisy_or_support,conflict_adjusted_final_confidence,threshold,above_threshold,previous_final_confidence,crossed_threshold_up,crossed_threshold_down,source_ids,source_types,provenance,gold_label,kb_size,status
DEC029_FULL,train_kb,conservative_noisy_or_conflict_adjusted,3,Auralex Tablet Max 1,manufactured_by,Auralex,auralex tablet max 1|manufactured_by|auralex,3,"[0.98, 0.95, 0.91]",True,0,0.97581046875,0.97581046875,0.88,True,0.97581046875,False,False,"[""product_1"", ""product_1"", ""product_1""]","[""structured"", ""unstructured"", ""unstructured""]","[""structured_row:Auralex Tablet Max 1"", ""Auralex Tablet Max 1 is manufactured by Auralex. It is a tablet device. The display measures 14.0 inches. Battery lasts up to 20 hours. Weighs approximately 1.8kg. Built with plastic construction. Noise cancellation: no."", ""Auralex Tablet Max 1 is manufactured by Auralex. It is a tablet device. The display measures 14.0 inches. Battery lasts up to 20 hours. Weighs approximately 1.8kg. Built with plastic construction. Noise cancellation: no.""]",1,576,candidate
DEC029_FULL,train_kb,conservative_noisy_or_conflict_adjusted,3,Auralex Tablet Max 1,belongs_to_category,tablet,auralex tablet max 1|belongs_to_category|tablet,1,[0.98],True,0,0.735,0.735,0.88,False,0.735,False,False,"[""product_1""]","[""structured""]","[""structured_row:Auralex Tablet Max 1""]",1,576,candidate
DEC029_FULL,train_kb,conservative_noisy_or_conflict_adjusted,3,Auralex Tablet Max 1,has_price_usd,499,auralex tablet max 1|has_price_usd|499,1,[0.98],True,0,0.735,0.735,0.88,False,0.735,False,False,"[""product_1""]","[""structured""]","[""structured_row:Auralex Tablet Max 1""]",0,576,candidate
DEC029_FULL,train_kb,conservative_noisy_or_conflict_adjusted,3,Auralex Tablet Max 1,has_screen_size_inch,14.0,auralex tablet max 1|has_screen_size_inch|14.0,3,"[0.98, 0.95, 0.91]",True,0,0.97581046875,0.97581046875,0.88,True,0.97581046875,False,False,"[""product_1"", ""product_1"", ""product_1""]","[""structured"", ""unstructured"", ""unstructured""]","[""structured_row:Auralex Tablet Max 1"", ""Auralex Tablet Max 1 is manufactured by Auralex. It is a tablet device. The display measures 14.0 inches. Battery lasts up to 20 hours. Weighs approximately 1.8kg. Built with plastic construction. Noise cancellation: no."", ""Auralex Tablet Max 1 is manufactured by Auralex. It is a tablet device. The display measures 14.0 inches. Battery lasts up to 20 hours. Weighs approximately 1.8kg. Built with plastic construction. Noise cancellation: no.""]",1,576,candidate
DEC029_FULL,train_kb,conservative_noisy_or_conflict_adjusted,3,Auralex Tablet Max 1,has_ram_gb,32,auralex tablet max 1|has_ram_gb|32,1,[0.98],True,0,0.735,0.735,0.88,False,0.735,False,False,"[""product_1""]","[""structured""]","[""structured_row:Auralex Tablet Max 1""]",0,576,candidate
DEC029_FULL,train_kb,conservative_noisy_or_conflict_adjusted,3,Auralex Tablet Max 1,has_storage_gb,128,auralex tablet max 1|has_storage_gb|128,1,[0.98],True,0,0.735,0.735,0.88,False,0.735,False,False,"[""product_1""]","[""structured""]","[""structured_row:Auralex Tablet Max 1""]",0,576,candidate
DEC029_FULL,train_kb,conservative_noisy_or_conflict_adjusted,3,Auralex Tablet Max 1,has_battery_life_hours,20,auralex tablet max 1|has_battery_life_hours|20,4,"[0.98, 0.95, 0.91, 0.924]",True,0,0.99257381390625,0.99257381390625,0.88,True,0.99257381390625,False,False,"[""product_1"", ""product_1"", ""product_1"", ""product_44""]","[""structured"", ""unstructured"", ""unstructured"", ""unstructured""]","[""structured_row:Auralex Tablet Max 1"", ""Auralex Tablet Max 1 is manufactured by Auralex. It is a tablet device. The display measures 14.0 inches. Battery lasts up to 20 hours. Weighs approximately 1.8kg. Built with plastic construction. Noise cancellation: no."", ""Auralex Tablet Max 1 is manufactured by Auralex. It is a tablet device. The display measures 14.0 inches. Battery lasts up to 20 hours. Weighs approximately 1.8kg. Built with plastic construction. Noise cancellation: no."", ""VoltEdge Laptop Plus 44 is manufactured by VoltEdge. It is a laptop device. The display measures 15.6 inches. Comes with 32GB of RAM. Weighs approximately 1.8kg. Available in white. Fast charging is no.""]",1,576,candidate
DEC029_FULL,train_kb,conservative_noisy_or_conflict_adjusted,3,Auralex Tablet Max 1,has_weight_kg,1.8,auralex tablet max 1|has_weight_kg|1.8,3,"[0.98, 0.95, 0.91]",True,0,0.97581046875,0.97581046875,0.88,True,0.97581046875,False,False,"[""product_1"", ""product_1"", ""product_1""]","[""structured"", ""unstructured"", ""unstructured""]","[""structured_row:Auralex Tablet Max 1"", ""Auralex Tablet Max 1 is manufactured by Auralex. It is a tablet device. The display measures 14.0 inches. Battery lasts up to 20 hours. Weighs approximately 1.8kg. Built with plastic construction. Noise cancellation: no."", ""Auralex Tablet Max 1 is manufactured by Auralex. It is a tablet device. The display measures 14.0 inches. Battery lasts up to 20 hours. Weighs approximately 1.8kg. Built with plastic construction. Noise cancellation: no.""]",1,576,candidate
DEC029_FULL,train_kb,conservative_noisy_or_conflict_adjusted,3,Auralex Tablet Max 1,has_color,green,auralex tablet max 1|has_color|green,1,[0.98],False,0,0.735,0.735,0.88,False,0.735,False,False,"[""product_1""]","[""structured""]","[""structured_row:Auralex Tablet Max 1""]",0,576,candidate
DEC029_FULL,train_kb,conservative_noisy_or_conflict_adjusted,3,Auralex Tablet Max 1,made_of_material,plastic,auralex tablet max 1|made_of_material|plastic,3,"[0.98, 0.95, 0.91]",True,0,0.97581046875,0.97581046875,0.88,True,0.97581046875,False,False,"[""product_1"", ""product_1"", ""product_1""]","[""structured"", ""unstructured"", ""unstructured""]","[""structured_row:Auralex Tablet Max 1"", ""Auralex Tablet Max 1 is manufactured by Auralex. It is a tablet device. The display measures 14.0 inches. Battery lasts up to 20 hours. Weighs approximately 1.8kg. Built with plastic construction. Noise cancellation: no."", ""Auralex Tablet Max 1 is manufactured by Auralex. It is a tablet device. The display measures 14.0 inches. Battery lasts up to 20 hours. Weighs approximately 1.8kg. Built with plastic construction. Noise cancellation: no.""]",1,576,candidate
DEC029_FULL,train_kb,conservative_noisy_or_conflict_adjusted,3,Auralex Tablet Max 1,target_market_region,EU,auralex tablet max 1|target_market_region|eu,1,[0.98],True,0,0.735,0.735,0.88,False,0.735,False,False,"[""product_1""]","[""structured""]","[""structured_row:Auralex Tablet Max 1""]",0,576,candidate
DEC029_FULL,train_kb,conservative_noisy_or_conflict_adjusted,3,Auralex Tablet Max 1,supports_fast_charging,yes,auralex tablet max 1|supports_fast_charging|yes,1,[0.98],True,0,0.735,0.735,0.88,False,0.735,False,False,"[""product_1""]","[""structured""]","[""structured_row:Auralex Tablet Max 1""]",0,576,candidate
DEC029_FULL,train_kb,conservative_noisy_or_conflict_adjusted,3,Auralex Tablet Max 1,has_noise_cancellation,no,auralex tablet max 1|has_noise_cancellation|no,2,"[0.98, 0.95]",True,0,0.9238124999999999,0.9238124999999999,0.88,True,0.9238124999999999,False,False,"[""product_1"", ""product_1""]","[""structured"", ""unstructured""]","[""structured_row:Auralex Tablet Max 1"", ""Auralex Tablet Max 1 is manufactured by Auralex. It is a tablet device. The display measures 14.0 inches. Battery lasts up to 20 hours. Weighs approximately 1.8kg. Built with plastic construction. Noise cancellation: no.""]",1,576,candidate
DEC029_FULL,train_kb,conservative_noisy_or_conflict_adjusted,3,Auralex Smartphone Plus 2,manufactured_by,Auralex,auralex smartphone plus 2|manufactured_by|auralex,1,[0.98],True,0,0.735,0.735,0.88,False,0.735,False,False,"[""product_2""]","[""structured""]","[""structured_row:Auralex Smartphone Plus 2""]",0,576,candidate
DEC029_FULL,train_kb,conservative_noisy_or_conflict_adjusted,3,Auralex Smartphone Plus 2,belongs_to_category,smartphone,auralex smartphone plus 2|belongs_to_category|smartphone,1,[0.98],True,0,0.735,0.735,0.88,False,0.735,False,False,"[""product_2""]","[""structured""]","[""structured_row:Auralex Smartphone Plus 2""]",0,576,candidate
DEC029_FULL,train_kb,conservative_noisy_or_conflict_adjusted,3,Auralex Smartphone Plus 2,has_price_usd,499,auralex smartphone plus 2|has_price_usd|499,1,[0.98],True,0,0.735,0.735,0.88,False,0.735,False,False,"[""product_2""]","[""structured""]","[""structured_row:Auralex Smartphone Plus 2""]",1,576,candidate
DEC029_FULL,train_kb,conservative_noisy_or_conflict_adjusted,3,Auralex Smartphone Plus 2,has_screen_size_inch,6.7,auralex smartphone plus 2|has_screen_size_inch|6.7,1,[0.98],True,0,0.735,0.735,0.88,False,0.735,False,False,"[""product_2""]","[""structured""]","[""structured_row:Auralex Smartphone Plus 2""]",1,576,candidate
DEC029_FULL,train_kb,conservative_noisy_or_conflict_adjusted,3,Auralex Smartphone Plus 2,has_ram_gb,16,auralex smartphone plus 2|has_ram_gb|16,1,[0.98],True,0,0.735,0.735,0.88,False,0.735,False,False,"[""product_2""]","[""structured""]","[""structured_row:Auralex Smartphone Plus 2""]",1,576,candidate
DEC029_FULL,train_kb,conservative_noisy_or_conflict_adjusted,3,Auralex Smartphone Plus 2,has_storage_gb,128,auralex smartphone plus 2|has_storage_gb|128,1,[0.98],True,0,0.735,0.735,0.88,False,0.735,False,False,"[""product_2""]","[""structured""]","[""structured_row:Auralex Smartphone Plus 2""]",0,576,candidate
DEC029_FULL,train_kb,conservative_noisy_or_conflict_adjusted,3,Auralex Smartphone Plus 2,has_battery_life_hours,8,auralex smartphone plus 2|has_battery_life_hours|8,1,[0.98],True,0,0.735,0.735,0.88,False,0.735,False,False,"[""product_2""]","[""structured""]","[""structured_row:Auralex Smartphone Plus 2""]",1,576,candidate
DEC029_FULL,train_kb,conservative_noisy_or_conflict_adjusted,3,Auralex Smartphone Plus 2,has_weight_kg,1.8,auralex smartphone plus 2|has_weight_kg|1.8,1,[0.98],True,0,0.735,0.735,0.88,False,0.735,False,False,"[""product_2""]","[""structured""]","[""structured_row:Auralex Smartphone Plus 2""]",1,576,candidate
DEC029_FULL,train_kb,conservative_noisy_or_conflict_adjusted,3,Auralex Smartphone Plus 2,has_color,silver,auralex smartphone plus 2|has_color|silver,1,[0.98],False,0,0.735,0.735,0.88,False,0.735,False,False,"[""product_2""]","[""structured""]","[""structured_row:Auralex Smartphone Plus 2""]",1,576,candidate
DEC029_FULL,train_kb,conservative_noisy_or_conflict_adjusted,3,Auralex Smartphone Plus 2,made_of_material,aluminum,auralex smartphone plus 2|made_of_material|aluminum,1,[0.98],True,0,0.735,0.735,0.88,False,0.735,False,False,"[""product_2""]","[""structured""]","[""structured_row:Auralex Smartphone Plus 2""]",0,576,candidate
DEC029_FULL,train_kb,conservative_noisy_or_conflict_adjusted,3,Auralex Smartphone Plus 2,target_market_region,EU,auralex smartphone plus 2|target_market_region|eu,1,[0.98],True,0,0.735,0.735,0.88,False,0.735,False,False,"[""product_2""]","[""structured""]","[""structured_row:Auralex Smartphone Plus 2""]",0,576,candidate
DEC029_FULL,train_kb,conservative_noisy_or_conflict_adjusted,3,Auralex Smartphone Plus 2,supports_fast_charging,yes,auralex smartphone plus 2|supports_fast_charging|yes,1,[0.98],True,0,0.735,0.735,0.88,False,0.735,False,False,"[""product_2""]","[""structured""]","[""structured_row:Auralex Smartphone Plus 2""]",0,576,candidate
DEC029_FULL,train_kb,conservative_noisy_or_conflict_adjusted,3,Auralex Smartphone Plus 2,has_noise_cancellation,no,auralex smartphone plus 2|has_noise_cancellation|no,1,[0.98],True,0,0.735,0.735,0.88,False,0.735,False,False,"[""product_2""]","[""structured""]","[""structured_row:Auralex Smartphone Plus 2""]",1,576,candidate
DEC029_FULL,train_kb,conservative_noisy_or_conflict_adjusted,3,TechNova Smartphone Pro 1,has_price_usd,499,technova smartphone pro 1|has_price_usd|499,1,[0.91],True,5,0.6825,0.11375,0.88,False,0.11375,False,False,"[""product_2""]","[""unstructured""]","[""Priced at 499 USD. The display measures 6.7 inches. Comes with 16GB of RAM. Battery lasts up to 8 hours. Weighs approximately 1.8kg. Available in silver. Noise cancellation: no.""]",0,576,candidate
DEC029_FULL,train_kb,conservative_noisy_or_conflict_adjusted,3,TechNova Smartphone Pro 1,has_screen_size_inch,6.7,technova smartphone pro 1|has_screen_size_inch|6.7,8,"[0.91, 0.92, 0.92, 0.91, 0.91, 0.91, 0.91, 0.91]",True,4,0.9999015567902584,0.19998031135805167,0.88,False,0.19980468828124923,False,False,"[""product_2"", ""product_49"", ""product_50"", ""product_2"", ""product_49"", ""product_50"", ""product_2"", ""product_50""]","[""unstructured"", ""unstructured"", ""unstructured"", ""unstructured"", ""unstructured"", ""unstructured"", ""unstructured"", ""unstructured""]","[""Priced at 499 USD. The display measures 6.7 inches. Comes with 16GB of RAM. Battery lasts up to 8 hours. Weighs approximately 1.8kg. Available in silver. Noise cancellation: no."", ""It is a headphones device. Priced at 1099 USD. The display measures 6.7 inches. Comes with 4GB of RAM. Battery lasts up to 12 hours. Weighs approximately 0.55kg. Targeted at the APAC market."", ""The display measures 6.7 inches. Comes with 32GB of RAM. Offers 256GB of internal storage. Available in black. Targeted at the EU market. Fast charging is yes. Noise cancellation: no."", ""Priced at 499 USD. The display measures 6.7 inches. Comes with 16GB of RAM. Battery lasts up to 8 hours. Weighs approximately 1.8kg. Available in silver. Noise cancellation: no."", ""It is a headphones device. Priced at 1099 USD. The display measures 6.7 inches. Comes with 4GB of RAM. Battery lasts up to 12 hours. Weighs approximately 0.55kg. Targeted at the APAC market."", ""The display measures 6.7 inches. Comes with 32GB of RAM. Offers 256GB of internal storage. Available in black. Targeted at the EU market. Fast charging is yes. Noise cancellation: no."", ""Priced at 499 USD. The display measures 6.7 inches. Comes with 16GB of RAM. Battery lasts up to 8 hours. Weighs approximately 1.8kg. Available in silver. Noise cancellation: no."", ""The display measures 6.7 inches. Comes with 32GB of RAM. Offers 256GB of internal storage. Available in black. Targeted at the EU market. Fast charging is yes. Noise cancellation: no.""]",0,576,candidate
DEC029_FULL,train_kb,conservative_noisy_or_conflict_adjusted,3,TechNova Smartphone Pro 1,has_ram_gb,16,technova smartphone pro 1|has_ram_gb|16,10,"[0.91, 0.94, 0.92, 0.91, 0.91, 0.91, 0.91, 0.91, 0.91, 0.91]",True,5,0.9999905564877757,0.16666509274796262,0.88,False,0.1666174909036089,False,False,"[""product_2"", ""product_30"", ""product_40"", ""product_2"", ""product_30"", ""product_32"", ""product_40"", ""product_2"", ""product_30"", ""product_40""]","[""unstructured"", ""unstructured"", ""unstructured"", ""unstructured"", ""unstructured"", ""unstructured"", ""unstructured"", ""unstructured"", ""unstructured"", ""unstructured""]","[""Priced at 499 USD. The display measures 6.7 inches. Comes with 16GB of RAM. Battery lasts up to 8 hours. Weighs approximately 1.8kg. Available in silver. Noise cancellation: no."", ""It is a smartphone device. Priced at 299 USD. The display measures 14.0 inches. Comes with 16GB of RAM. Offers 512GB of internal storage. Available in white. Built with carbon fiber construction."", ""Priced at 249 USD. Comes with 16GB of RAM. Battery lasts up to 24 hours. Weighs approximately 1.45kg. Available in white. Built with plastic construction. Fast charging is no."", ""Priced at 499 USD. The display measures 6.7 inches. Comes with 16GB of RAM. Battery lasts up to 8 hours. Weighs approximately 1.8kg. Available in silver. Noise cancellation: no."", ""It is a smartphone device. Priced at 299 USD. The display measures 14.0 inches. Comes with 16GB of RAM. Offers 512GB of internal storage. Available in white. Built with carbon fiber construction."", ""It is a tablet device. The display measures 6.1 inches. Comes with 16GB of RAM. Offers 256GB of internal storage. Weighs approximately 1.45kg. Available in silver. Built with plastic construction."", ""Priced at 249 USD. Comes with 16GB of RAM. Battery lasts up to 24 hours. Weighs approximately 1.45kg. Available in white. Built with plastic construction. Fast charging is no."", ""Priced at 499 USD. The display measures 6.7 inches. Comes with 16GB of RAM. Battery lasts up to 8 hours. Weighs approximately 1.8kg. Available in silver. Noise cancellation: no."", ""It is a smartphone device. Priced at 299 USD. The display measures 14.0 inches. Comes with 16GB of RAM. Offers 512GB of internal storage. Available in white. Built with carbon fiber construction."", ""Priced at 249 USD. Comes with 16GB of RAM. Battery lasts up to 24 hours. Weighs approximately 1.45kg. Available in white. Built with plastic construction. Fast charging is no.""]",0,576,candidate
DEC029_FULL,train_kb,conservative_noisy_or_conflict_adjusted,3,TechNova Smartphone Pro 1,has_battery_life_hours,8,technova smartphone pro 1|has_battery_life_hours|8,6,"[0.91, 0.9, 0.91, 0.91, 0.91, 0.91]",True,4,0.9989514189397193,0.19979028378794386,0.88,False,0.197919611015625,False,False,"[""product_2"", ""product_15"", ""product_2"", ""product_15"", ""product_2"", ""product_15""]","[""unstructured"", ""unstructured"", ""unstructured"", ""unstructured"", ""unstructured"", ""unstructured""]","[""Priced at 499 USD. The display measures 6.7 inches. Comes with 16GB of RAM. Battery lasts up to 8 hours. Weighs approximately 1.8kg. Available in silver. Noise cancellation: no."", ""Priced at 199 USD. The display measures 10.9 inches. Comes with 4GB of RAM. Offers 1024GB of internal storage. Battery lasts up to 8 hours. Weighs approximately 0.55kg. Targeted at the US market."", ""Priced at 499 USD. The display measures 6.7 inches. Comes with 16GB of RAM. Battery lasts up to 8 hours. Weighs approximately 1.8kg. Available in silver. Noise cancellation: no."", ""Priced at 199 USD. The display measures 10.9 inches. Comes with 4GB of RAM. Offers 1024GB of internal storage. Battery lasts up to 8 hours. Weighs approximately 0.55kg. Targeted at the US market."", ""Priced at 499 USD. The display measures 6.7 inches. Comes with 16GB of RAM. Battery lasts up to 8 hours. Weighs approximately 1.8kg. Available in silver. Noise cancellation: no."", ""Priced at 199 USD. The display measures 10.9 inches. Comes with 4GB of RAM. Offers 1024GB of internal storage. Battery lasts up to 8 hours. Weighs approximately 0.55kg. Targeted at the US market.""]",0,576,candidate
DEC029_FULL,train_kb,conservative_noisy_or_conflict_adjusted,3,TechNova Smartphone Pro 1,has_weight_kg,1.8,technova smartphone pro 1|has_weight_kg|1.8,6,"[0.91, 0.9, 0.91, 0.91, 0.91, 0.85]",True,5,0.998802801151648,0.16646713352527467,0.88,False,0.197919611015625,False,False,"[""product_2"", ""product_23"", ""product_2"", ""product_23"", ""product_2"", ""product_47""]","[""unstructured"", ""unstructured"", ""unstructured"", ""unstructured"", ""unstructured"", ""unstructured""]","[""Priced at 499 USD. The display measures 6.7 inches. Comes with 16GB of RAM. Battery lasts up to 8 hours. Weighs approximately 1.8kg. Available in silver. Noise cancellation: no."", ""It is a smartphone device. Priced at 699 USD. The display measures 13.3 inches. Weighs approximately 1.8kg. Available in green. Built with carbon fiber construction. Noise cancellation: no."", ""Priced at 499 USD. The display measures 6.7 inches. Comes with 16GB of RAM. Battery lasts up to 8 hours. Weighs approximately 1.8kg. Available in silver. Noise cancellation: no."", ""It is a smartphone device. Priced at 699 USD. The display measures 13.3 inches. Weighs approximately 1.8kg. Available in green. Built with carbon fiber construction. Noise cancellation: no."", ""Priced at 499 USD. The display measures 6.7 inches. Comes with 16GB of RAM. Battery lasts up to 8 hours. Weighs approximately 1.8kg. Available in silver. Noise cancellation: no."", ""It is a headphones device. The display measures 14.0 inches. Comes with 12GB of RAM. Battery lasts up to 20 hours. Weighs approximately 1.8kg. Built with aluminum construction. Noise cancellation: no.""]",0,576,candidate
DEC029_FULL,train_kb,conservative_noisy_or_conflict_adjusted,3,TechNova Smartphone Pro 1,has_color,silver,technova smartphone pro 1|has_color|silver,6,"[0.91, 0.91, 0.91, 0.91, 0.91, 0.91]",False,3,0.9989756169641872,0.9989756169641872,0.88,True,0.9898380999609375,False,False,"[""product_2"", ""product_2"", ""product_22"", ""product_32"", ""product_2"", ""product_22""]","[""unstructured"", ""unstructured"", ""unstructured"", ""unstructured"", ""unstructured"", ""unstructured""]","[""Priced at 499 USD. The display measures 6.7 inches. Comes with 16GB of RAM. Battery lasts up to 8 hours. Weighs approximately 1.8kg. Available in silver. Noise cancellation: no."", ""Priced at 499 USD. The display measures 6.7 inches. Comes with 16GB of RAM. Battery lasts up to 8 hours. Weighs approximately 1.8kg. Available in silver. Noise cancellation: no."", ""It is a smartwatch device. Priced at 699 USD. The display measures 6.1 inches. Weighs approximately 0.18kg. Available in silver. Built with plastic construction. Targeted at the APAC market."", ""It is a tablet device. The display measures 6.1 inches. Comes with 16GB of RAM. Offers 256GB of internal storage. Weighs approximately 1.45kg. Available in silver. Built with plastic construction."", ""Priced at 499 USD. The display measures 6.7 inches. Comes with 16GB of RAM. Battery lasts up to 8 hours. Weighs approximately 1.8kg. Available in silver. Noise cancellation: no."", ""It is a smartwatch device. Priced at 699 USD. The display measures 6.1 inches. Weighs approximately 0.18kg. Available in silver. Built with plastic construction. Targeted at the APAC market.""]",0,576,candidate
DEC029_FULL,train_kb,conservative_noisy_or_conflict_adjusted,3,Auralex Tablet Pro 8,manufactured_by,Auralex,auralex tablet pro 8|manufactured_by|auralex,2,"[0.98, 0.95]",True,0,0.9238124999999999,0.9238124999999999,0.88,True,0.9238124999999999,False,False,"[""product_8"", ""product_8""]","[""structured"", ""unstructured""]","[""structured_row:Auralex Tablet Pro 8"", ""Auralex Tablet Pro 8 is manufactured by Auralex. It is a tablet device. Offers 64GB of internal storage. Weighs approximately 0.18kg. Available in blue. Built with plastic construction. Targeted at the APAC market.""]",1,576,candidate
DEC029_FULL,train_kb,conservative_noisy_or_conflict_adjusted,3,Auralex Tablet Pro 8,belongs_to_category,tablet,auralex tablet pro 8|belongs_to_category|tablet,1,[0.98],True,0,0.735,0.735,0.88,False,0.735,False,False,"[""product_8""]","[""structured""]","[""structured_row:Auralex Tablet Pro 8""]",1,576,candidate
DEC029_FULL,train_kb,conservative_noisy_or_conflict_adjusted,3,Auralex Tablet Pro 8,has_price_usd,899,auralex tablet pro 8|has_price_usd|899,1,[0.98],True,0,0.735,0.735,0.88,False,0.735,False,False,"[""product_8""]","[""structured""]","[""structured_row:Auralex Tablet Pro 8""]",0,576,candidate
DEC029_FULL,train_kb,conservative_noisy_or_conflict_adjusted,3,Auralex Tablet Pro 8,has_screen_size_inch,10.9,auralex tablet pro 8|has_screen_size_inch|10.9,1,[0.98],True,0,0.735,0.735,0.88,False,0.735,False,False,"[""product_8""]","[""structured""]","[""structured_row:Auralex Tablet Pro 8""]",0,576,candidate
DEC029_FULL,train_kb,conservative_noisy_or_conflict_adjusted,3,Auralex Tablet Pro 8,has_ram_gb,32,auralex tablet pro 8|has_ram_gb|32,1,[0.98],True,0,0.735,0.735,0.88,False,0.735,False,False,"[""product_8""]","[""structured""]","[""structured_row:Auralex Tablet Pro 8""]",0,576,candidate
DEC029_FULL,train_kb,conservative_noisy_or_conflict_adjusted,3,Auralex Tablet Pro 8,has_storage_gb,64,auralex tablet pro 8|has_storage_gb|64,2,"[0.98, 0.95]",True,0,0.9238124999999999,0.9238124999999999,0.88,True,0.9238124999999999,False,False,"[""product_8"", ""product_8""]","[""structured"", ""unstructured""]","[""structured_row:Auralex Tablet Pro 8"", ""Auralex Tablet Pro 8 is manufactured by Auralex. It is a tablet device. Offers 64GB of internal storage. Weighs approximately 0.18kg. Available in blue. Built with plastic construction. Targeted at the APAC market.""]",1,576,candidate
DEC029_FULL,train_kb,conservative_noisy_or_conflict_adjusted,3,Auralex Tablet Pro 8,has_battery_life_hours,24,auralex tablet pro 8|has_battery_life_hours|24,1,[0.98],True,0,0.735,0.735,0.88,False,0.735,False,False,"[""product_8""]","[""structured""]","[""structured_row:Auralex Tablet Pro 8""]",0,576,candidate
DEC029_FULL,train_kb,conservative_noisy_or_conflict_adjusted,3,Auralex Tablet Pro 8,has_weight_kg,0.18,auralex tablet pro 8|has_weight_kg|0.18,2,"[0.98, 0.95]",True,0,0.9238124999999999,0.9238124999999999,0.88,True,0.9238124999999999,False,False,"[""product_8"", ""product_8""]","[""structured"", ""unstructured""]","[""structured_row:Auralex Tablet Pro 8"", ""Auralex Tablet Pro 8 is manufactured by Auralex. It is a tablet device. Offers 64GB of internal storage. Weighs approximately 0.18kg. Available in blue. Built with plastic construction. Targeted at the APAC market.""]",1,576,candidate
DEC029_FULL,train_kb,conservative_noisy_or_conflict_adjusted,3,Auralex Tablet Pro 8,has_color,blue,auralex tablet pro 8|has_color|blue,3,"[0.98, 0.95, 0.924]",False,0,0.9766104375,0.9766104375,0.88,True,0.9766104375,False,False,"[""product_8"", ""product_8"", ""product_44""]","[""structured"", ""unstructured"", ""unstructured""]","[""structured_row:Auralex Tablet Pro 8"", ""Auralex Tablet Pro 8 is manufactured by Auralex. It is a tablet device. Offers 64GB of internal storage. Weighs approximately 0.18kg. Available in blue. Built with plastic construction. Targeted at the APAC market."", ""VoltEdge Laptop Plus 44 is manufactured by VoltEdge. It is a laptop device. The display measures 15.6 inches. Comes with 32GB of RAM. Weighs approximately 1.8kg. Available in white. Fast charging is no.""]",1,576,candidate
DEC029_FULL,train_kb,conservative_noisy_or_conflict_adjusted,3,Auralex Tablet Pro 8,made_of_material,plastic,auralex tablet pro 8|made_of_material|plastic,2,"[0.98, 0.95]",True,0,0.9238124999999999,0.9238124999999999,0.88,True,0.9238124999999999,False,False,"[""product_8"", ""product_8""]","[""structured"", ""unstructured""]","[""structured_row:Auralex Tablet Pro 8"", ""Auralex Tablet Pro 8 is manufactured by Auralex. It is a tablet device. Offers 64GB of internal storage. Weighs approximately 0.18kg. Available in blue. Built with plastic construction. Targeted at the APAC market.""]",1,576,candidate
DEC029_FULL,train_kb,conservative_noisy_or_conflict_adjusted,3,Auralex Tablet Pro 8,target_market_region,APAC,auralex tablet pro 8|target_market_region|apac,2,"[0.98, 0.95]",True,0,0.9238124999999999,0.9238124999999999,0.88,True,0.9238124999999999,False,False,"[""product_8"", ""product_8""]","[""structured"", ""unstructured""]","[""structured_row:Auralex Tablet Pro 8"", ""Auralex Tablet Pro 8 is manufactured by Auralex. It is a tablet device. Offers 64GB of internal storage. Weighs approximately 0.18kg. Available in blue. Built with plastic construction. Targeted at the APAC market.""]",1,576,candidate
DEC029_FULL,train_kb,conservative_noisy_or_conflict_adjusted,3,Auralex Tablet Pro 8,supports_fast_charging,no,auralex tablet pro 8|supports_fast_charging|no,1,[0.98],True,0,0.735,0.735,0.88,False,0.735,False,False,"[""product_8""]","[""structured""]","[""structured_row:Auralex Tablet Pro 8""]",0,576,candidate
DEC029_FULL,train_kb,conservative_noisy_or_conflict_adjusted,3,Auralex Tablet Pro 8,has_noise_cancellation,no,auralex tablet pro 8|has_noise_cancellation|no,1,[0.98],True,0,0.735,0.735,0.88,False,0.735,False,False,"[""product_8""]","[""structured""]","[""structured_row:Auralex Tablet Pro 8""]",0,576,candidate
DEC029_FULL,train_kb,conservative_noisy_or_conflict_adjusted,3,TechNova Smartwatch Air 9,manufactured_by,TechNova,technova smartwatch air 9|manufactured_by|technova,4,"[0.98, 0.95, 0.91, 0.9]",True,0,0.99213840234375,0.99213840234375,0.88,True,0.97581046875,False,False,"[""product_9"", ""product_9"", ""product_9"", ""product_9""]","[""structured"", ""unstructured"", ""unstructured"", ""unstructured""]","[""structured_row:TechNova Smartwatch Air 9"", ""TechNova Smartwatch Air 9 is manufactured by TechNova. It is a smartwatch device. Priced at 899 USD. The display measures 6.1 inches. Comes with 12GB of RAM. Offers 128GB of internal storage. Built with carbon fiber construction."", ""TechNova Smartwatch Air 9 is manufactured by TechNova. It is a smartwatch device. Priced at 899 USD. The display measures 6.1 inches. Comes with 12GB of RAM. Offers 128GB of internal storage. Built with carbon fiber construction."", ""TechNova Smartwatch Air 9 is manufactured by TechNova. It is a smartwatch device. Priced at 899 USD. The display measures 6.1 inches. Comes with 12GB of RAM. Offers 128GB of internal storage. Built with carbon fiber construction.""]",1,576,candidate
DEC029_FULL,train_kb,conservative_noisy_or_conflict_adjusted,3,TechNova Smartwatch Air 9,belongs_to_category,smartwatch,technova smartwatch air 9|belongs_to_category|smartwatch,1,[0.98],True,0,0.735,0.735,0.88,False,0.735,False,False,"[""product_9""]","[""structured""]","[""structured_row:TechNova Smartwatch Air 9""]",1,576,candidate
DEC029_FULL,train_kb,conservative_noisy_or_conflict_adjusted,3,TechNova Smartwatch Air 9,has_price_usd,899,technova smartwatch air 9|has_price_usd|899,4,"[0.98, 0.92, 0.91, 0.9]",True,0,0.991523146875,0.991523146875,0.88,True,0.973917375,False,False,"[""product_9"", ""product_9"", ""product_9"", ""product_9""]","[""structured"", ""unstructured"", ""unstructured"", ""unstructured""]","[""structured_row:TechNova Smartwatch Air 9"", ""TechNova Smartwatch Air 9 is manufactured by TechNova. It is a smartwatch device. Priced at 899 USD. The display measures 6.1 inches. Comes with 12GB of RAM. Offers 128GB of internal storage. Built with carbon fiber construction."", ""TechNova Smartwatch Air 9 is manufactured by TechNova. It is a smartwatch device. Priced at 899 USD. The display measures 6.1 inches. Comes with 12GB of RAM. Offers 128GB of internal storage. Built with carbon fiber construction."", ""TechNova Smartwatch Air 9 is manufactured by TechNova. It is a smartwatch device. Priced at 899 USD. The display measures 6.1 inches. Comes with 12GB of RAM. Offers 128GB of internal storage. Built with carbon fiber construction.""]",1,576,candidate
DEC029_FULL,train_kb,conservative_noisy_or_conflict_adjusted,3,TechNova Smartwatch Air 9,has_screen_size_inch,6.1,technova smartwatch air 9|has_screen_size_inch|6.1,4,"[0.98, 0.93, 0.91, 0.9]",True,0,0.99172823203125,0.99172823203125,0.88,True,0.97454840625,False,False,"[""product_9"", ""product_9"", ""product_9"", ""product_9""]","[""structured"", ""unstructured"", ""unstructured"", ""unstructured""]","[""structured_row:TechNova Smartwatch Air 9"", ""TechNova Smartwatch Air 9 is manufactured by TechNova. It is a smartwatch device. Priced at 899 USD. The display measures 6.1 inches. Comes with 12GB of RAM. Offers 128GB of internal storage. Built with carbon fiber construction."", ""TechNova Smartwatch Air 9 is manufactured by TechNova. It is a smartwatch device. Priced at 899 USD. The display measures 6.1 inches. Comes with 12GB of RAM. Offers 128GB of internal storage. Built with carbon fiber construction."", ""TechNova Smartwatch Air 9 is manufactured by TechNova. It is a smartwatch device. Priced at 899 USD. The display measures 6.1 inches. Comes with 12GB of RAM. Offers 128GB of internal storage. Built with carbon fiber construction.""]",1,576,candidate
DEC029_FULL,train_kb,conservative_noisy_or_conflict_adjusted,3,TechNova Smartwatch Air 9,has_ram_gb,12,technova smartwatch air 9|has_ram_gb|12,4,"[0.98, 0.91, 0.91, 0.9]",True,0,0.99131806171875,0.99131806171875,0.88,True,0.97328634375,False,False,"[""product_9"", ""product_9"", ""product_9"", ""product_9""]","[""structured"", ""unstructured"", ""unstructured"", ""unstructured""]","[""structured_row:TechNova Smartwatch Air 9"", ""TechNova Smartwatch Air 9 is manufactured by TechNova. It is a smartwatch device. Priced at 899 USD. The display measures 6.1 inches. Comes with 12GB of RAM. Offers 128GB of internal storage. Built with carbon fiber construction."", ""TechNova Smartwatch Air 9 is manufactured by TechNova. It is a smartwatch device. Priced at 899 USD. The display measures 6.1 inches. Comes with 12GB of RAM. Offers 128GB of internal storage. Built with carbon fiber construction."", ""TechNova Smartwatch Air 9 is manufactured by TechNova. It is a smartwatch device. Priced at 899 USD. The display measures 6.1 inches. Comes with 12GB of RAM. Offers 128GB of internal storage. Built with carbon fiber construction.""]",1,576,candidate
DEC029_FULL,train_kb,conservative_noisy_or_conflict_adjusted,3,TechNova Smartwatch Air 9,has_storage_gb,128,technova smartwatch air 9|has_storage_gb|128,4,"[0.98, 0.9, 0.91, 0.9]",True,0,0.9911129765625,0.9911129765625,0.88,True,0.9726553125,False,False,"[""product_9"", ""product_9"", ""product_9"", ""product_9""]","[""structured"", ""unstructured"", ""unstructured"", ""unstructured""]","[""structured_row:TechNova Smartwatch Air 9"", ""TechNova Smartwatch Air 9 is manufactured by TechNova. It is a smartwatch device. Priced at 899 USD. The display measures 6.1 inches. Comes with 12GB of RAM. Offers 128GB of internal storage. Built with carbon fiber construction."", ""TechNova Smartwatch Air 9 is manufactured by TechNova. It is a smartwatch device. Priced at 899 USD. The display measures 6.1 inches. Comes with 12GB of RAM. Offers 128GB of internal storage. Built with carbon fiber construction."", ""TechNova Smartwatch Air 9 is manufactured by TechNova. It is a smartwatch device. Priced at 899 USD. The display measures 6.1 inches. Comes with 12GB of RAM. Offers 128GB of internal storage. Built with carbon fiber construction.""]",1,576,candidate
DEC029_FULL,train_kb,conservative_noisy_or_conflict_adjusted,3,TechNova Smartwatch Air 9,has_battery_life_hours,18,technova smartwatch air 9|has_battery_life_hours|18,1,[0.98],True,0,0.735,0.735,0.88,False,0.735,False,False,"[""product_9""]","[""structured""]","[""structured_row:TechNova Smartwatch Air 9""]",0,576,candidate
DEC029_FULL,train_kb,conservative_noisy_or_conflict_adjusted,3,TechNova Smartwatch Air 9,has_weight_kg,1.45,technova smartwatch air 9|has_weight_kg|1.45,1,[0.98],True,0,0.735,0.735,0.88,False,0.735,False,False,"[""product_9""]","[""structured""]","[""structured_row:TechNova Smartwatch Air 9""]",0,576,candidate
DEC029_FULL,train_kb,conservative_noisy_or_conflict_adjusted,3,TechNova Smartwatch Air 9,has_color,green,technova smartwatch air 9|has_color|green,1,[0.98],False,0,0.735,0.735,0.88,False,0.735,False,False,"[""product_9""]","[""structured""]","[""structured_row:TechNova Smartwatch Air 9""]",0,576,candidate
DEC029_FULL,train_kb,conservative_noisy_or_conflict_adjusted,3,TechNova Smartwatch Air 9,made_of_material,carbon fiber,technova smartwatch air 9|made_of_material|carbon fiber,4,"[0.98, 0.88, 0.91, 0.9]",True,0,0.99070280625,0.99070280625,0.88,True,0.97139325,False,False,"[""product_9"", ""product_9"", ""product_9"", ""product_9""]","[""structured"", ""unstructured"", ""unstructured"", ""unstructured""]","[""structured_row:TechNova Smartwatch Air 9"", ""TechNova Smartwatch Air 9 is manufactured by TechNova. It is a smartwatch device. Priced at 899 USD. The display measures 6.1 inches. Comes with 12GB of RAM. Offers 128GB of internal storage. Built with carbon fiber construction."", ""TechNova Smartwatch Air 9 is manufactured by TechNova. It is a smartwatch device. Priced at 899 USD. The display measures 6.1 inches. Comes with 12GB of RAM. Offers 128GB of internal storage. Built with carbon fiber construction."", ""TechNova Smartwatch Air 9 is manufactured by TechNova. It is a smartwatch device. Priced at 899 USD. The display measures 6.1 inches. Comes with 12GB of RAM. Offers 128GB of internal storage. Built with carbon fiber construction.""]",1,576,candidate
DEC029_FULL,train_kb,conservative_noisy_or_conflict_adjusted,3,TechNova Smartwatch Air 9,target_market_region,EU,technova smartwatch air 9|target_market_region|eu,1,[0.98],True,0,0.735,0.735,0.88,False,0.735,False,False,"[""product_9""]","[""structured""]","[""structured_row:TechNova Smartwatch Air 9""]",0,576,candidate
DEC029_FULL,train_kb,conservative_noisy_or_conflict_adjusted,3,TechNova Smartwatch Air 9,supports_fast_charging,yes,technova smartwatch air 9|supports_fast_charging|yes,1,[0.98],True,0,0.735,0.735,0.88,False,0.735,False,False,"[""product_9""]","[""structured""]","[""structured_row:TechNova Smartwatch Air 9""]",0,576,candidate
DEC029_FULL,train_kb,conservative_noisy_or_conflict_adjusted,3,TechNova Smartwatch Air 9,has_noise_cancellation,no,technova smartwatch air 9|has_noise_cancellation|no,1,[0.98],True,0,0.735,0.735,0.88,False,0.735,False,False,"[""product_9""]","[""structured""]","[""structured_row:TechNova Smartwatch Air 9""]",0,576,candidate
DEC029_FULL,train_kb,conservative_noisy_or_conflict_adjusted,3,VoltEdge Smartwatch Plus 11,manufactured_by,VoltEdge,voltedge smartwatch plus 11|manufactured_by|voltedge,4,"[0.98, 0.85, 1.0, 0.91]",True,0,0.9923750390625,0.9923750390625,0.88,True,0.975984375,False,False,"[""product_11"", ""product_11"", ""product_11"", ""product_11""]","[""structured"", ""unstructured"", ""unstructured"", ""unstructured""]","[""structured_row:VoltEdge Smartwatch Plus 11"", ""VoltEdge Smartwatch Plus 11 is manufactured by VoltEdge. It is a smartwatch device. Priced at 349 USD. Offers 1024GB of internal storage. Built with aluminum construction. Targeted at the US market. Noise cancellation: no."", ""VoltEdge Smartwatch Plus 11 is manufactured by VoltEdge. It is a smartwatch device. Priced at 349 USD. Offers 1024GB of internal storage. Built with aluminum construction. Targeted at the US market. Noise cancellation: no."", ""VoltEdge Smartwatch Plus 11 is manufactured by VoltEdge. It is a smartwatch device. Priced at 349 USD. Offers 1024GB of internal storage. Built with aluminum construction. Targeted at the US market. Noise cancellation: no.""]",1,576,candidate
DEC029_FULL,train_kb,conservative_noisy_or_conflict_adjusted,3,VoltEdge Smartwatch Plus 11,belongs_to_category,smartwatch,voltedge smartwatch plus 11|belongs_to_category|smartwatch,1,[0.98],True,0,0.735,0.735,0.88,False,0.735,False,False,"[""product_11""]","[""structured""]","[""structured_row:VoltEdge Smartwatch Plus 11""]",1,576,candidate
DEC029_FULL,train_kb,conservative_noisy_or_conflict_adjusted,3,VoltEdge Smartwatch Plus 11,has_price_usd,349,voltedge smartwatch plus 11|has_price_usd|349,4,"[0.98, 0.92, 1.0, 0.91]",True,0,0.99347934375,0.99347934375,0.88,True,0.9794625,False,False,"[""product_11"", ""product_11"", ""product_11"", ""product_11""]","[""structured"", ""unstructured"", ""unstructured"", ""unstructured""]","[""structured_row:VoltEdge Smartwatch Plus 11"", ""VoltEdge Smartwatch Plus 11 is manufactured by VoltEdge. It is a smartwatch device. Priced at 349 USD. Offers 1024GB of internal storage. Built with aluminum construction. Targeted at the US market. Noise cancellation: no."", ""VoltEdge Smartwatch Plus 11 is manufactured by VoltEdge. It is a smartwatch device. Priced at 349 USD. Offers 1024GB of internal storage. Built with aluminum construction. Targeted at the US market. Noise cancellation: no."", ""VoltEdge Smartwatch Plus 11 is manufactured by VoltEdge. It is a smartwatch device. Priced at 349 USD. Offers 1024GB of internal storage. Built with aluminum construction. Targeted at the US market. Noise cancellation: no.""]",1,576,candidate
DEC029_FULL,train_kb,conservative_noisy_or_conflict_adjusted,3,VoltEdge Smartwatch Plus 11,has_screen_size_inch,10.9,voltedge smartwatch plus 11|has_screen_size_inch|10.9,1,[0.98],True,0,0.735,0.735,0.88,False,0.735,False,False,"[""product_11""]","[""structured""]","[""structured_row:VoltEdge Smartwatch Plus 11""]",0,576,candidate
DEC029_FULL,train_kb,conservative_noisy_or_conflict_adjusted,3,VoltEdge Smartwatch Plus 11,has_ram_gb,8,voltedge smartwatch plus 11|has_ram_gb|8,1,[0.98],True,0,0.735,0.735,0.88,False,0.735,False,False,"[""product_11""]","[""structured""]","[""structured_row:VoltEdge Smartwatch Plus 11""]",0,576,candidate
DEC029_FULL,train_kb,conservative_noisy_or_conflict_adjusted,3,VoltEdge Smartwatch Plus 11,has_storage_gb,1024,voltedge smartwatch plus 11|has_storage_gb|1024,4,"[0.98, 0.88, 1.0, 0.91]",True,0,0.9928483125,0.9928483125,0.88,True,0.977475,False,False,"[""product_11"", ""product_11"", ""product_11"", ""product_11""]","[""structured"", ""unstructured"", ""unstructured"", ""unstructured""]","[""structured_row:VoltEdge Smartwatch Plus 11"", ""VoltEdge Smartwatch Plus 11 is manufactured by VoltEdge. It is a smartwatch device. Priced at 349 USD. Offers 1024GB of internal storage. Built with aluminum construction. Targeted at the US market. Noise cancellation: no."", ""VoltEdge Smartwatch Plus 11 is manufactured by VoltEdge. It is a smartwatch device. Priced at 349 USD. Offers 1024GB of internal storage. Built with aluminum construction. Targeted at the US market. Noise cancellation: no."", ""VoltEdge Smartwatch Plus 11 is manufactured by VoltEdge. It is a smartwatch device. Priced at 349 USD. Offers 1024GB of internal storage. Built with aluminum construction. Targeted at the US market. Noise cancellation: no.""]",1,576,candidate
DEC029_FULL,train_kb,conservative_noisy_or_conflict_adjusted,3,VoltEdge Smartwatch Plus 11,has_battery_life_hours,10,voltedge smartwatch plus 11|has_battery_life_hours|10,1,[0.98],True,0,0.735,0.735,0.88,False,0.735,False,False,"[""product_11""]","[""structured""]","[""structured_row:VoltEdge Smartwatch Plus 11""]",0,576,candidate
DEC029_FULL,train_kb,conservative_noisy_or_conflict_adjusted,3,VoltEdge Smartwatch Plus 11,has_weight_kg,0.55,voltedge smartwatch plus 11|has_weight_kg|0.55,1,[0.98],True,0,0.735,0.735,0.88,False,0.735,False,False,"[""product_11""]","[""structured""]","[""structured_row:VoltEdge Smartwatch Plus 11""]",0,576,candidate
DEC029_FULL,train_kb,conservative_noisy_or_conflict_adjusted,3,VoltEdge Smartwatch Plus 11,has_color,blue,voltedge smartwatch plus 11|has_color|blue,1,[0.98],False,0,0.735,0.735,0.88,False,0.735,False,False,"[""product_11""]","[""structured""]","[""structured_row:VoltEdge Smartwatch Plus 11""]",0,576,candidate
DEC029_FULL,train_kb,conservative_noisy_or_conflict_adjusted,3,VoltEdge Smartwatch Plus 11,made_of_material,aluminum,voltedge smartwatch plus 11|made_of_material|aluminum,4,"[0.98, 0.9, 1.0, 0.91]",True,0,0.993163828125,0.993163828125,0.88,True,0.97846875,False,False,"[""product_11"", ""product_11"", ""product_11"", ""product_11""]","[""structured"", ""unstructured"", ""unstructured"", ""unstructured""]","[""structured_row:VoltEdge Smartwatch Plus 11"", ""VoltEdge Smartwatch Plus 11 is manufactured by VoltEdge. It is a smartwatch device. Priced at 349 USD. Offers 1024GB of internal storage. Built with aluminum construction. Targeted at the US market. Noise cancellation: no."", ""VoltEdge Smartwatch Plus 11 is manufactured by VoltEdge. It is a smartwatch device. Priced at 349 USD. Offers 1024GB of internal storage. Built with aluminum construction. Targeted at the US market. Noise cancellation: no."", ""VoltEdge Smartwatch Plus 11 is manufactured by VoltEdge. It is a smartwatch device. Priced at 349 USD. Offers 1024GB of internal storage. Built with aluminum construction. Targeted at the US market. Noise cancellation: no.""]",1,576,candidate
DEC029_FULL,train_kb,conservative_noisy_or_conflict_adjusted,3,VoltEdge Smartwatch Plus 11,target_market_region,US,voltedge smartwatch plus 11|target_market_region|us,4,"[0.98, 0.94, 1.0, 0.91]",True,0,0.993794859375,0.993794859375,0.88,True,0.98045625,False,False,"[""product_11"", ""product_11"", ""product_11"", ""product_11""]","[""structured"", ""unstructured"", ""unstructured"", ""unstructured""]","[""structured_row:VoltEdge Smartwatch Plus 11"", ""VoltEdge Smartwatch Plus 11 is manufactured by VoltEdge. It is a smartwatch device. Priced at 349 USD. Offers 1024GB of internal storage. Built with aluminum construction. Targeted at the US market. Noise cancellation: no."", ""VoltEdge Smartwatch Plus 11 is manufactured by VoltEdge. It is a smartwatch device. Priced at 349 USD. Offers 1024GB of internal storage. Built with aluminum construction. Targeted at the US market. Noise cancellation: no."", ""VoltEdge Smartwatch Plus 11 is manufactured by VoltEdge. It is a smartwatch device. Priced at 349 USD. Offers 1024GB of internal storage. Built with aluminum construction. Targeted at the US market. Noise cancellation: no.""]",1,576,candidate
DEC029_FULL,train_kb,conservative_noisy_or_conflict_adjusted,3,VoltEdge Smartwatch Plus 11,supports_fast_charging,yes,voltedge smartwatch plus 11|supports_fast_charging|yes,1,[0.98],True,1,0.735,0.3675,0.88,False,0.3675,False,False,"[""product_11""]","[""structured""]","[""structured_row:VoltEdge Smartwatch Plus 11""]",0,576,candidate
DEC029_FULL,train_kb,conservative_noisy_or_conflict_adjusted,3,VoltEdge Smartwatch Plus 11,has_noise_cancellation,no,voltedge smartwatch plus 11|has_noise_cancellation|no,4,"[0.98, 0.89, 1.0, 0.91]",True,0,0.9930060703125,0.9930060703125,0.88,True,0.977971875,False,False,"[""product_11"", ""product_11"", ""product_11"", ""product_11""]","[""structured"", ""unstructured"", ""unstructured"", ""unstructured""]","[""structured_row:VoltEdge Smartwatch Plus 11"", ""VoltEdge Smartwatch Plus 11 is manufactured by VoltEdge. It is a smartwatch device. Priced at 349 USD. Offers 1024GB of internal storage. Built with aluminum construction. Targeted at the US market. Noise cancellation: no."", ""VoltEdge Smartwatch Plus 11 is manufactured by VoltEdge. It is a smartwatch device. Priced at 349 USD. Offers 1024GB of internal storage. Built with aluminum construction. Targeted at the US market. Noise cancellation: no."", ""VoltEdge Smartwatch Plus 11 is manufactured by VoltEdge. It is a smartwatch device. Priced at 349 USD. Offers 1024GB of internal storage. Built with aluminum construction. Targeted at the US market. Noise cancellation: no.""]",1,576,candidate
DEC029_FULL,train_kb,conservative_noisy_or_conflict_adjusted,3,Zenbyte Headphones Pro 12,manufactured_by,Zenbyte,zenbyte headphones pro 12|manufactured_by|zenbyte,3,"[0.98, 0.95, 0.85]",True,0,0.97238203125,0.97238203125,0.88,True,0.9238124999999999,False,False,"[""product_12"", ""product_12"", ""product_12""]","[""structured"", ""unstructured"", ""unstructured""]","[""structured_row:Zenbyte Headphones Pro 12"", ""Zenbyte Headphones Pro 12 is manufactured by Zenbyte. Priced at 899 USD. Comes with 12GB of RAM. Battery lasts up to 12 hours. Weighs approximately 0.18kg. Built with plastic construction. Noise cancellation: no."", ""Zenbyte Headphones Pro 12 is manufactured by Zenbyte. Priced at 899 USD. Comes with 12GB of RAM. Battery lasts up to 12 hours. Weighs approximately 0.18kg. Built with plastic construction. Noise cancellation: no.""]",1,576,candidate
DEC029_FULL,train_kb,conservative_noisy_or_conflict_adjusted,3,Zenbyte Headphones Pro 12,belongs_to_category,headphones,zenbyte headphones pro 12|belongs_to_category|headphones,1,[0.98],True,0,0.735,0.735,0.88,False,0.735,False,False,"[""product_12""]","[""structured""]","[""structured_row:Zenbyte Headphones Pro 12""]",0,576,candidate
DEC029_FULL,train_kb,conservative_noisy_or_conflict_adjusted,3,Zenbyte Headphones Pro 12,has_price_usd,899,zenbyte headphones pro 12|has_price_usd|899,3,"[0.98, 0.92, 0.85]",True,0,0.970220625,0.970220625,0.88,True,0.91785,False,False,"[""product_12"", ""product_12"", ""product_12""]","[""structured"", ""unstructured"", ""unstructured""]","[""structured_row:Zenbyte Headphones Pro 12"", ""Zenbyte Headphones Pro 12 is manufactured by Zenbyte. Priced at 899 USD. Comes with 12GB of RAM. Battery lasts up to 12 hours. Weighs approximately 0.18kg. Built with plastic construction. Noise cancellation: no."", ""Zenbyte Headphones Pro 12 is manufactured by Zenbyte. Priced at 899 USD. Comes with 12GB of RAM. Battery lasts up to 12 hours. Weighs approximately 0.18kg. Built with plastic construction. Noise cancellation: no.""]",1,576,candidate
DEC029_FULL,train_kb,conservative_noisy_or_conflict_adjusted,3,Zenbyte Headphones Pro 12,has_screen_size_inch,10.9,zenbyte headphones pro 12|has_screen_size_inch|10.9,1,[0.98],True,0,0.735,0.735,0.88,False,0.735,False,False,"[""product_12""]","[""structured""]","[""structured_row:Zenbyte Headphones Pro 12""]",0,576,candidate
DEC029_FULL,train_kb,conservative_noisy_or_conflict_adjusted,3,Zenbyte Headphones Pro 12,has_ram_gb,12,zenbyte headphones pro 12|has_ram_gb|12,3,"[0.98, 0.93, 0.85]",True,0,0.97094109375,0.97094109375,0.88,True,0.9198375,False,False,"[""product_12"", ""product_12"", ""product_12""]","[""structured"", ""unstructured"", ""unstructured""]","[""structured_row:Zenbyte Headphones Pro 12"", ""Zenbyte Headphones Pro 12 is manufactured by Zenbyte. Priced at 899 USD. Comes with 12GB of RAM. Battery lasts up to 12 hours. Weighs approximately 0.18kg. Built with plastic construction. Noise cancellation: no."", ""Zenbyte Headphones Pro 12 is manufactured by Zenbyte. Priced at 899 USD. Comes with 12GB of RAM. Battery lasts up to 12 hours. Weighs approximately 0.18kg. Built with plastic construction. Noise cancellation: no.""]",1,576,candidate
DEC029_FULL,train_kb,conservative_noisy_or_conflict_adjusted,3,Zenbyte Headphones Pro 12,has_storage_gb,1024,zenbyte headphones pro 12|has_storage_gb|1024,1,[0.98],True,0,0.735,0.735,0.88,False,0.735,False,False,"[""product_12""]","[""structured""]","[""structured_row:Zenbyte Headphones Pro 12""]",0,576,candidate
DEC029_FULL,train_kb,conservative_noisy_or_conflict_adjusted,3,Zenbyte Headphones Pro 12,has_battery_life_hours,12,zenbyte headphones pro 12|has_battery_life_hours|12,3,"[0.98, 0.94, 0.85]",True,0,0.9716615625,0.9716615625,0.88,True,0.921825,False,False,"[""product_12"", ""product_12"", ""product_12""]","[""structured"", ""unstructured"", ""unstructured""]","[""structured_row:Zenbyte Headphones Pro 12"", ""Zenbyte Headphones Pro 12 is manufactured by Zenbyte. Priced at 899 USD. Comes with 12GB of RAM. Battery lasts up to 12 hours. Weighs approximately 0.18kg. Built with plastic construction. Noise cancellation: no."", ""Zenbyte Headphones Pro 12 is manufactured by Zenbyte. Priced at 899 USD. Comes with 12GB of RAM. Battery lasts up to 12 hours. Weighs approximately 0.18kg. Built with plastic construction. Noise cancellation: no.""]",1,576,candidate
DEC029_FULL,train_kb,conservative_noisy_or_conflict_adjusted,3,Zenbyte Headphones Pro 12,has_weight_kg,0.18,zenbyte headphones pro 12|has_weight_kg|0.18,3,"[0.98, 0.9, 0.85]",True,0,0.9687796875,0.9687796875,0.88,True,0.913875,False,False,"[""product_12"", ""product_12"", ""product_12""]","[""structured"", ""unstructured"", ""unstructured""]","[""structured_row:Zenbyte Headphones Pro 12"", ""Zenbyte Headphones Pro 12 is manufactured by Zenbyte. Priced at 899 USD. Comes with 12GB of RAM. Battery lasts up to 12 hours. Weighs approximately 0.18kg. Built with plastic construction. Noise cancellation: no."", ""Zenbyte Headphones Pro 12 is manufactured by Zenbyte. Priced at 899 USD. Comes with 12GB of RAM. Battery lasts up to 12 hours. Weighs approximately 0.18kg. Built with plastic construction. Noise cancellation: no.""]",1,576,candidate
DEC029_FULL,train_kb,conservative_noisy_or_conflict_adjusted,3,Zenbyte Headphones Pro 12,has_color,white,zenbyte headphones pro 12|has_color|white,1,[0.98],False,0,0.735,0.735,0.88,False,0.735,False,False,"[""product_12""]","[""structured""]","[""structured_row:Zenbyte Headphones Pro 12""]",0,576,candidate
DEC029_FULL,train_kb,conservative_noisy_or_conflict_adjusted,3,Zenbyte Headphones Pro 12,made_of_material,plastic,zenbyte headphones pro 12|made_of_material|plastic,3,"[0.98, 0.91, 0.85]",True,0,0.96950015625,0.96950015625,0.88,True,0.9158625,False,False,"[""product_12"", ""product_12"", ""product_12""]","[""structured"", ""unstructured"", ""unstructured""]","[""structured_row:Zenbyte Headphones Pro 12"", ""Zenbyte Headphones Pro 12 is manufactured by Zenbyte. Priced at 899 USD. Comes with 12GB of RAM. Battery lasts up to 12 hours. Weighs approximately 0.18kg. Built with plastic construction. Noise cancellation: no."", ""Zenbyte Headphones Pro 12 is manufactured by Zenbyte. Priced at 899 USD. Comes with 12GB of RAM. Battery lasts up to 12 hours. Weighs approximately 0.18kg. Built with plastic construction. Noise cancellation: no.""]",1,576,candidate
DEC029_FULL,train_kb,conservative_noisy_or_conflict_adjusted,3,Zenbyte Headphones Pro 12,target_market_region,APAC,zenbyte headphones pro 12|target_market_region|apac,1,[0.98],True,0,0.735,0.735,0.88,False,0.735,False,False,"[""product_12""]","[""structured""]","[""structured_row:Zenbyte Headphones Pro 12""]",0,576,candidate
DEC029_FULL,train_kb,conservative_noisy_or_conflict_adjusted,3,Zenbyte Headphones Pro 12,supports_fast_charging,yes,zenbyte headphones pro 12|supports_fast_charging|yes,1,[0.98],True,0,0.735,0.735,0.88,False,0.735,False,False,"[""product_12""]","[""structured""]","[""structured_row:Zenbyte Headphones Pro 12""]",0,576,candidate
DEC029_FULL,train_kb,conservative_noisy_or_conflict_adjusted,3,Zenbyte Headphones Pro 12,has_noise_cancellation,no,zenbyte headphones pro 12|has_noise_cancellation|no,3,"[0.98, 0.96, 0.926]",True,0,0.9773319,0.9773319,0.88,True,0.9773319,False,False,"[""product_12"", ""product_12"", ""product_44""]","[""structured"", ""unstructured"", ""unstructured""]","[""structured_row:Zenbyte Headphones Pro 12"", ""Zenbyte Headphones Pro 12 is manufactured by Zenbyte. Priced at 899 USD. Comes with 12GB of RAM. Battery lasts up to 12 hours. Weighs approximately 0.18kg. Built with plastic construction. Noise cancellation: no."", ""VoltEdge Laptop Plus 44 is manufactured by VoltEdge. It is a laptop device. The display measures 15.6 inches. Comes with 32GB of RAM. Weighs approximately 1.8kg. Available in white. Fast charging is no.""]",1,576,candidate
DEC029_FULL,train_kb,conservative_noisy_or_conflict_adjusted,3,VoltEdge Tablet Air 13,manufactured_by,VoltEdge,voltedge tablet air 13|manufactured_by|voltedge,2,"[0.98, 0.91]",True,0,0.9158625,0.9158625,0.88,True,0.9158625,False,False,"[""product_13"", ""product_13""]","[""structured"", ""unstructured""]","[""structured_row:VoltEdge Tablet Air 13"", ""VoltEdge Tablet Air 13 is manufactured by VoltEdge. It is a tablet device. Priced at 1099 USD. Comes with 12GB of RAM. Available in black. Targeted at the US market. Fast charging is no.""]",1,576,candidate
DEC029_FULL,train_kb,conservative_noisy_or_conflict_adjusted,3,VoltEdge Tablet Air 13,belongs_to_category,tablet,voltedge tablet air 13|belongs_to_category|tablet,1,[0.98],True,0,0.735,0.735,0.88,False,0.735,False,False,"[""product_13""]","[""structured""]","[""structured_row:VoltEdge Tablet Air 13""]",1,576,candidate
DEC029_FULL,train_kb,conservative_noisy_or_conflict_adjusted,3,VoltEdge Tablet Air 13,has_price_usd,1099,voltedge tablet air 13|has_price_usd|1099,2,"[0.98, 0.91]",True,0,0.9158625,0.9158625,0.88,True,0.9158625,False,False,"[""product_13"", ""product_13""]","[""structured"", ""unstructured""]","[""structured_row:VoltEdge Tablet Air 13"", ""VoltEdge Tablet Air 13 is manufactured by VoltEdge. It is a tablet device. Priced at 1099 USD. Comes with 12GB of RAM. Available in black. Targeted at the US market. Fast charging is no.""]",1,576,candidate
DEC029_FULL,train_kb,conservative_noisy_or_conflict_adjusted,3,VoltEdge Tablet Air 13,has_screen_size_inch,11.0,voltedge tablet air 13|has_screen_size_inch|11.0,1,[0.98],True,0,0.735,0.735,0.88,False,0.735,False,False,"[""product_13""]","[""structured""]","[""structured_row:VoltEdge Tablet Air 13""]",0,576,candidate
DEC029_FULL,train_kb,conservative_noisy_or_conflict_adjusted,3,VoltEdge Tablet Air 13,has_ram_gb,12,voltedge tablet air 13|has_ram_gb|12,2,"[0.98, 0.91]",True,0,0.9158625,0.9158625,0.88,True,0.9158625,False,False,"[""product_13"", ""product_13""]","[""structured"", ""unstructured""]","[""structured_row:VoltEdge Tablet Air 13"", ""VoltEdge Tablet Air 13 is manufactured by VoltEdge. It is a tablet device. Priced at 1099 USD. Comes with 12GB of RAM. Available in black. Targeted at the US market. Fast charging is no.""]",1,576,candidate
DEC029_FULL,train_kb,conservative_noisy_or_conflict_adjusted,3,VoltEdge Tablet Air 13,has_storage_gb,512,voltedge tablet air 13|has_storage_gb|512,1,[0.98],True,0,0.735,0.735,0.88,False,0.735,False,False,"[""product_13""]","[""structured""]","[""structured_row:VoltEdge Tablet Air 13""]",0,576,candidate
DEC029_FULL,train_kb,conservative_noisy_or_conflict_adjusted,3,VoltEdge Tablet Air 13,has_battery_life_hours,8,voltedge tablet air 13|has_battery_life_hours|8,1,[0.98],True,0,0.735,0.735,0.88,False,0.735,False,False,"[""product_13""]","[""structured""]","[""structured_row:VoltEdge Tablet Air 13""]",0,576,candidate
DEC029_FULL,train_kb,conservative_noisy_or_conflict_adjusted,3,VoltEdge Tablet Air 13,has_weight_kg,0.42,voltedge tablet air 13|has_weight_kg|0.42,1,[0.98],True,0,0.735,0.735,0.88,False,0.735,False,False,"[""product_13""]","[""structured""]","[""structured_row:VoltEdge Tablet Air 13""]",0,576,candidate
DEC029_FULL,train_kb,conservative_noisy_or_conflict_adjusted,3,VoltEdge Tablet Air 13,has_color,black,voltedge tablet air 13|has_color|black,2,"[0.98, 0.91]",False,0,0.9158625,0.9158625,0.88,True,0.9158625,False,False,"[""product_13"", ""product_13""]","[""structured"", ""unstructured""]","[""structured_row:VoltEdge Tablet Air 13"", ""VoltEdge Tablet Air 13 is manufactured by VoltEdge. It is a tablet device. Priced at 1099 USD. Comes with 12GB of RAM. Available in black. Targeted at the US market. Fast charging is no.""]",1,576,candidate
DEC029_FULL,train_kb,conservative_noisy_or_conflict_adjusted,3,VoltEdge Tablet Air 13,made_of_material,carbon fiber,voltedge tablet air 13|made_of_material|carbon fiber,1,[0.98],True,0,0.735,0.735,0.88,False,0.735,False,False,"[""product_13""]","[""structured""]","[""structured_row:VoltEdge Tablet Air 13""]",0,576,candidate
DEC029_FULL,train_kb,conservative_noisy_or_conflict_adjusted,3,VoltEdge Tablet Air 13,target_market_region,US,voltedge tablet air 13|target_market_region|us,2,"[0.98, 0.91]",True,0,0.9158625,0.9158625,0.88,True,0.9158625,False,False,"[""product_13"", ""product_13""]","[""structured"", ""unstructured""]","[""structured_row:VoltEdge Tablet Air 13"", ""VoltEdge Tablet Air 13 is manufactured by VoltEdge. It is a tablet device. Priced at 1099 USD. Comes with 12GB of RAM. Available in black. Targeted at the US market. Fast charging is no.""]",1,576,candidate
DEC029_FULL,train_kb,conservative_noisy_or_conflict_adjusted,3,VoltEdge Tablet Air 13,supports_fast_charging,no,voltedge tablet air 13|supports_fast_charging|no,2,"[0.98, 0.91]",True,0,0.9158625,0.9158625,0.88,True,0.9158625,False,False,"[""product_13"", ""product_13""]","[""structured"", ""unstructured""]","[""structured_row:VoltEdge Tablet Air 13"", ""VoltEdge Tablet Air 13 is manufactured by VoltEdge. It is a tablet device. Priced at 1099 USD. Comes with 12GB of RAM. Available in black. Targeted at the US market. Fast charging is no.""]",1,576,candidate
DEC029_FULL,train_kb,conservative_noisy_or_conflict_adjusted,3,VoltEdge Tablet Air 13,has_noise_cancellation,no,voltedge tablet air 13|has_noise_cancellation|no,1,[0.98],True,0,0.735,0.735,0.88,False,0.735,False,False,"[""product_13""]","[""structured""]","[""structured_row:VoltEdge Tablet Air 13""]",0,576,candidate
DEC029_FULL,train_kb,conservative_noisy_or_conflict_adjusted,3,Zenbyte Headphones Air 15,manufactured_by,Zenbyte,zenbyte headphones air 15|manufactured_by|zenbyte,1,[0.98],True,0,0.735,0.735,0.88,False,0.735,False,False,"[""product_15""]","[""structured""]","[""structured_row:Zenbyte Headphones Air 15""]",0,576,candidate
DEC029_FULL,train_kb,conservative_noisy_or_conflict_adjusted,3,Zenbyte Headphones Air 15,belongs_to_category,headphones,zenbyte headphones air 15|belongs_to_category|headphones,1,[0.98],True,0,0.735,0.735,0.88,False,0.735,False,False,"[""product_15""]","[""structured""]","[""structured_row:Zenbyte Headphones Air 15""]",0,576,candidate
DEC029_FULL,train_kb,conservative_noisy_or_conflict_adjusted,3,Zenbyte Headphones Air 15,has_price_usd,199,zenbyte headphones air 15|has_price_usd|199,1,[0.98],True,0,0.735,0.735,0.88,False,0.735,False,False,"[""product_15""]","[""structured""]","[""structured_row:Zenbyte Headphones Air 15""]",1,576,candidate
DEC029_FULL,train_kb,conservative_noisy_or_conflict_adjusted,3,Zenbyte Headphones Air 15,has_screen_size_inch,10.9,zenbyte headphones air 15|has_screen_size_inch|10.9,1,[0.98],True,0,0.735,0.735,0.88,False,0.735,False,False,"[""product_15""]","[""structured""]","[""structured_row:Zenbyte Headphones Air 15""]",1,576,candidate
DEC029_FULL,train_kb,conservative_noisy_or_conflict_adjusted,3,Zenbyte Headphones Air 15,has_ram_gb,4,zenbyte headphones air 15|has_ram_gb|4,1,[0.98],True,0,0.735,0.735,0.88,False,0.735,False,False,"[""product_15""]","[""structured""]","[""structured_row:Zenbyte Headphones Air 15""]",1,576,candidate
DEC029_FULL,train_kb,conservative_noisy_or_conflict_adjusted,3,Zenbyte Headphones Air 15,has_storage_gb,1024,zenbyte headphones air 15|has_storage_gb|1024,1,[0.98],True,0,0.735,0.735,0.88,False,0.735,False,False,"[""product_15""]","[""structured""]","[""structured_row:Zenbyte Headphones Air 15""]",1,576,candidate
DEC029_FULL,train_kb,conservative_noisy_or_conflict_adjusted,3,Zenbyte Headphones Air 15,has_battery_life_hours,8,zenbyte headphones air 15|has_battery_life_hours|8,1,[0.98],True,0,0.735,0.735,0.88,False,0.735,False,False,"[""product_15""]","[""structured""]","[""structured_row:Zenbyte Headphones Air 15""]",1,576,candidate
DEC029_FULL,train_kb,conservative_noisy_or_conflict_adjusted,3,Zenbyte Headphones Air 15,has_weight_kg,0.55,zenbyte headphones air 15|has_weight_kg|0.55,1,[0.98],True,0,0.735,0.735,0.88,False,0.735,False,False,"[""product_15""]","[""structured""]","[""structured_row:Zenbyte Headphones Air 15""]",1,576,candidate
DEC029_FULL,train_kb,conservative_noisy_or_conflict_adjusted,3,Zenbyte Headphones Air 15,has_color,green,zenbyte headphones air 15|has_color|green,1,[0.98],False,0,0.735,0.735,0.88,False,0.735,False,False,"[""product_15""]","[""structured""]","[""structured_row:Zenbyte Headphones Air 15""]",0,576,candidate
DEC029_FULL,train_kb,conservative_noisy_or_conflict_adjusted,3,Zenbyte Headphones Air 15,made_of_material,carbon fiber,zenbyte headphones air 15|made_of_material|carbon fiber,1,[0.98],True,0,0.735,0.735,0.88,False,0.735,False,False,"[""product_15""]","[""structured""]","[""structured_row:Zenbyte Headphones Air 15""]",0,576,candidate
DEC029_FULL,train_kb,conservative_noisy_or_conflict_adjusted,3,Zenbyte Headphones Air 15,target_market_region,US,zenbyte headphones air 15|target_market_region|us,1,[0.98],True,0,0.735,0.735,0.88,False,0.735,False,False,"[""product_15""]","[""structured""]","[""structured_row:Zenbyte Headphones Air 15""]",1,576,candidate
DEC029_FULL,train_kb,conservative_noisy_or_conflict_adjusted,3,Zenbyte Headphones Air 15,supports_fast_charging,no,zenbyte headphones air 15|supports_fast_charging|no,1,[0.98],True,0,0.735,0.735,0.88,False,0.735,False,False,"[""product_15""]","[""structured""]","[""structured_row:Zenbyte Headphones Air 15""]",0,576,candidate
DEC029_FULL,train_kb,conservative_noisy_or_conflict_adjusted,3,Zenbyte Headphones Air 15,has_noise_cancellation,no,zenbyte headphones air 15|has_noise_cancellation|no,1,[0.98],True,0,0.735,0.735,0.88,False,0.735,False,False,"[""product_15""]","[""structured""]","[""structured_row:Zenbyte Headphones Air 15""]",0,576,candidate
DEC029_FULL,train_kb,conservative_noisy_or_conflict_adjusted,3,TechNova Smartphone Pro 1,has_price_usd,199,technova smartphone pro 1|has_price_usd|199,2,"[0.95, 0.91]",True,5,0.90871875,0.151453125,0.88,False,0.11874999999999998,False,False,"[""product_15"", ""product_15""]","[""unstructured"", ""unstructured""]","[""Priced at 199 USD. The display measures 10.9 inches. Comes with 4GB of RAM. Offers 1024GB of internal storage. Battery lasts up to 8 hours. Weighs approximately 0.55kg. Targeted at the US market."", ""Priced at 199 USD. The display measures 10.9 inches. Comes with 4GB of RAM. Offers 1024GB of internal storage. Battery lasts up to 8 hours. Weighs approximately 0.55kg. Targeted at the US market.""]",0,576,candidate
DEC029_FULL,train_kb,conservative_noisy_or_conflict_adjusted,3,TechNova Smartphone Pro 1,has_screen_size_inch,10.9,technova smartphone pro 1|has_screen_size_inch|10.9,3,"[0.92, 0.91, 0.91]",True,4,0.9687500625,0.19375001249999999,0.88,False,0.180315,False,False,"[""product_15"", ""product_15"", ""product_15""]","[""unstructured"", ""unstructured"", ""unstructured""]","[""Priced at 199 USD. The display measures 10.9 inches. Comes with 4GB of RAM. Offers 1024GB of internal storage. Battery lasts up to 8 hours. Weighs approximately 0.55kg. Targeted at the US market."", ""Priced at 199 USD. The display measures 10.9 inches. Comes with 4GB of RAM. Offers 1024GB of internal storage. Battery lasts up to 8 hours. Weighs approximately 0.55kg. Targeted at the US market."", ""Priced at 199 USD. The display measures 10.9 inches. Comes with 4GB of RAM. Offers 1024GB of internal storage. Battery lasts up to 8 hours. Weighs approximately 0.55kg. Targeted at the US market.""]",0,576,candidate
DEC029_FULL,train_kb,conservative_noisy_or_conflict_adjusted,3,TechNova Smartphone Pro 1,has_ram_gb,4,technova smartphone pro 1|has_ram_gb|4,6,"[0.93, 0.93, 0.91, 0.91, 0.91, 0.91]",True,5,0.9990701226345505,0.16651168710575842,0.88,False,0.16512926634765626,False,False,"[""product_15"", ""product_49"", ""product_15"", ""product_49"", ""product_15"", ""product_49""]","[""unstructured"", ""unstructured"", ""unstructured"", ""unstructured"", ""unstructured"", ""unstructured""]","[""Priced at 199 USD. The display measures 10.9 inches. Comes with 4GB of RAM. Offers 1024GB of internal storage. Battery lasts up to 8 hours. Weighs approximately 0.55kg. Targeted at the US market."", ""It is a headphones device. Priced at 1099 USD. The display measures 6.7 inches. Comes with 4GB of RAM. Battery lasts up to 12 hours. Weighs approximately 0.55kg. Targeted at the APAC market."", ""Priced at 199 USD. The display measures 10.9 inches. Comes with 4GB of RAM. Offers 1024GB of internal storage. Battery lasts up to 8 hours. Weighs approximately 0.55kg. Targeted at the US market."", ""It is a headphones device. Priced at 1099 USD. The display measures 6.7 inches. Comes with 4GB of RAM. Battery lasts up to 12 hours. Weighs approximately 0.55kg. Targeted at the APAC market."", ""Priced at 199 USD. The display measures 10.9 inches. Comes with 4GB of RAM. Offers 1024GB of internal storage. Battery lasts up to 8 hours. Weighs approximately 0.55kg. Targeted at the US market."", ""It is a headphones device. Priced at 1099 USD. The display measures 6.7 inches. Comes with 4GB of RAM. Battery lasts up to 12 hours. Weighs approximately 0.55kg. Targeted at the APAC market.""]",0,576,candidate
DEC029_FULL,train_kb,conservative_noisy_or_conflict_adjusted,3,TechNova Smartphone Pro 1,has_storage_gb,1024,technova smartphone pro 1|has_storage_gb|1024,3,"[0.94, 0.91, 0.91]",True,3,0.97026215625,0.2425655390625,0.88,False,0.226584375,False,False,"[""product_15"", ""product_15"", ""product_15""]","[""unstructured"", ""unstructured"", ""unstructured""]","[""Priced at 199 USD. The display measures 10.9 inches. Comes with 4GB of RAM. Offers 1024GB of internal storage. Battery lasts up to 8 hours. Weighs approximately 0.55kg. Targeted at the US market."", ""Priced at 199 USD. The display measures 10.9 inches. Comes with 4GB of RAM. Offers 1024GB of internal storage. Battery lasts up to 8 hours. Weighs approximately 0.55kg. Targeted at the US market."", ""Priced at 199 USD. The display measures 10.9 inches. Comes with 4GB of RAM. Offers 1024GB of internal storage. Battery lasts up to 8 hours. Weighs approximately 0.55kg. Targeted at the US market.""]",0,576,candidate
DEC029_FULL,train_kb,conservative_noisy_or_conflict_adjusted,3,TechNova Smartphone Pro 1,has_weight_kg,0.55,technova smartphone pro 1|has_weight_kg|0.55,5,"[0.96, 0.96, 0.91, 0.91, 0.91]",True,5,0.997490730825,0.1662484551375,0.88,False,0.198419358,False,False,"[""product_15"", ""product_49"", ""product_15"", ""product_49"", ""product_15""]","[""unstructured"", ""unstructured"", ""unstructured"", ""unstructured"", ""unstructured""]","[""Priced at 199 USD. The display measures 10.9 inches. Comes with 4GB of RAM. Offers 1024GB of internal storage. Battery lasts up to 8 hours. Weighs approximately 0.55kg. Targeted at the US market."", ""It is a headphones device. Priced at 1099 USD. The display measures 6.7 inches. Comes with 4GB of RAM. Battery lasts up to 12 hours. Weighs approximately 0.55kg. Targeted at the APAC market."", ""Priced at 199 USD. The display measures 10.9 inches. Comes with 4GB of RAM. Offers 1024GB of internal storage. Battery lasts up to 8 hours. Weighs approximately 0.55kg. Targeted at the US market."", ""It is a headphones device. Priced at 1099 USD. The display measures 6.7 inches. Comes with 4GB of RAM. Battery lasts up to 12 hours. Weighs approximately 0.55kg. Targeted at the APAC market."", ""Priced at 199 USD. The display measures 10.9 inches. Comes with 4GB of RAM. Offers 1024GB of internal storage. Battery lasts up to 8 hours. Weighs approximately 0.55kg. Targeted at the US market.""]",0,576,candidate
DEC029_FULL,train_kb,conservative_noisy_or_conflict_adjusted,3,TechNova Smartphone Pro 1,target_market_region,US,technova smartphone pro 1|target_market_region|us,3,"[0.89, 0.91, 0.91]",True,3,0.966481921875,0.24162048046875,0.88,False,0.2236078125,False,False,"[""product_15"", ""product_15"", ""product_15""]","[""unstructured"", ""unstructured"", ""unstructured""]","[""Priced at 199 USD. The display measures 10.9 inches. Comes with 4GB of RAM. Offers 1024GB of internal storage. Battery lasts up to 8 hours. Weighs approximately 0.55kg. Targeted at the US market."", ""Priced at 199 USD. The display measures 10.9 inches. Comes with 4GB of RAM. Offers 1024GB of internal storage. Battery lasts up to 8 hours. Weighs approximately 0.55kg. Targeted at the US market."", ""Priced at 199 USD. The display measures 10.9 inches. Comes with 4GB of RAM. Offers 1024GB of internal storage. Battery lasts up to 8 hours. Weighs approximately 0.55kg. Targeted at the US market.""]",0,576,candidate
DEC029_FULL,train_kb,conservative_noisy_or_conflict_adjusted,3,Auralex Headphones Plus 16,manufactured_by,Auralex,auralex headphones plus 16|manufactured_by|auralex,4,"[0.98, 0.95, 0.91, 0.91]",True,0,0.992319823828125,0.992319823828125,0.88,True,0.97581046875,False,False,"[""product_16"", ""product_16"", ""product_16"", ""product_16""]","[""structured"", ""unstructured"", ""unstructured"", ""unstructured""]","[""structured_row:Auralex Headphones Plus 16"", ""Auralex Headphones Plus 16 is manufactured by Auralex. It is a headphones device. Priced at 899 USD. Comes with 8GB of RAM. Targeted at the Global market. Fast charging is no. Noise cancellation: yes."", ""Auralex Headphones Plus 16 is manufactured by Auralex. It is a headphones device. Priced at 899 USD. Comes with 8GB of RAM. Targeted at the Global market. Fast charging is no. Noise cancellation: yes."", ""Auralex Headphones Plus 16 is manufactured by Auralex. It is a headphones device. Priced at 899 USD. Comes with 8GB of RAM. Targeted at the Global market. Fast charging is no. Noise cancellation: yes.""]",1,576,candidate
DEC029_FULL,train_kb,conservative_noisy_or_conflict_adjusted,3,Auralex Headphones Plus 16,belongs_to_category,headphones,auralex headphones plus 16|belongs_to_category|headphones,1,[0.98],True,0,0.735,0.735,0.88,False,0.735,False,False,"[""product_16""]","[""structured""]","[""structured_row:Auralex Headphones Plus 16""]",1,576,candidate
DEC029_FULL,train_kb,conservative_noisy_or_conflict_adjusted,3,Auralex Headphones Plus 16,has_price_usd,899,auralex headphones plus 16|has_price_usd|899,4,"[0.98, 0.95, 0.91, 0.91]",True,0,0.992319823828125,0.992319823828125,0.88,True,0.97581046875,False,False,"[""product_16"", ""product_16"", ""product_16"", ""product_16""]","[""structured"", ""unstructured"", ""unstructured"", ""unstructured""]","[""structured_row:Auralex Headphones Plus 16"", ""Auralex Headphones Plus 16 is manufactured by Auralex. It is a headphones device. Priced at 899 USD. Comes with 8GB of RAM. Targeted at the Global market. Fast charging is no. Noise cancellation: yes."", ""Auralex Headphones Plus 16 is manufactured by Auralex. It is a headphones device. Priced at 899 USD. Comes with 8GB of RAM. Targeted at the Global market. Fast charging is no. Noise cancellation: yes."", ""Auralex Headphones Plus 16 is manufactured by Auralex. It is a headphones device. Priced at 899 USD. Comes with 8GB of RAM. Targeted at the Global market. Fast charging is no. Noise cancellation: yes.""]",1,576,candidate
DEC029_FULL,train_kb,conservative_noisy_or_conflict_adjusted,3,Auralex Headphones Plus 16,has_screen_size_inch,6.7,auralex headphones plus 16|has_screen_size_inch|6.7,1,[0.98],True,0,0.735,0.735,0.88,False,0.735,False,False,"[""product_16""]","[""structured""]","[""structured_row:Auralex Headphones Plus 16""]",0,576,candidate
DEC029_FULL,train_kb,conservative_noisy_or_conflict_adjusted,3,Auralex Headphones Plus 16,has_ram_gb,8,auralex headphones plus 16|has_ram_gb|8,4,"[0.98, 0.95, 0.91, 0.91]",True,0,0.992319823828125,0.992319823828125,0.88,True,0.97581046875,False,False,"[""product_16"", ""product_16"", ""product_16"", ""product_16""]","[""structured"", ""unstructured"", ""unstructured"", ""unstructured""]","[""structured_row:Auralex Headphones Plus 16"", ""Auralex Headphones Plus 16 is manufactured by Auralex. It is a headphones device. Priced at 899 USD. Comes with 8GB of RAM. Targeted at the Global market. Fast charging is no. Noise cancellation: yes."", ""Auralex Headphones Plus 16 is manufactured by Auralex. It is a headphones device. Priced at 899 USD. Comes with 8GB of RAM. Targeted at the Global market. Fast charging is no. Noise cancellation: yes."", ""Auralex Headphones Plus 16 is manufactured by Auralex. It is a headphones device. Priced at 899 USD. Comes with 8GB of RAM. Targeted at the Global market. Fast charging is no. Noise cancellation: yes.""]",1,576,candidate
DEC029_FULL,train_kb,conservative_noisy_or_conflict_adjusted,3,Auralex Headphones Plus 16,has_storage_gb,1024,auralex headphones plus 16|has_storage_gb|1024,1,[0.98],True,0,0.735,0.735,0.88,False,0.735,False,False,"[""product_16""]","[""structured""]","[""structured_row:Auralex Headphones Plus 16""]",0,576,candidate
DEC029_FULL,train_kb,conservative_noisy_or_conflict_adjusted,3,Auralex Headphones Plus 16,has_battery_life_hours,18,auralex headphones plus 16|has_battery_life_hours|18,1,[0.98],True,0,0.735,0.735,0.88,False,0.735,False,False,"[""product_16""]","[""structured""]","[""structured_row:Auralex Headphones Plus 16""]",0,576,candidate
DEC029_FULL,train_kb,conservative_noisy_or_conflict_adjusted,3,Auralex Headphones Plus 16,has_weight_kg,1.2,auralex headphones plus 16|has_weight_kg|1.2,1,[0.98],True,0,0.735,0.735,0.88,False,0.735,False,False,"[""product_16""]","[""structured""]","[""structured_row:Auralex Headphones Plus 16""]",0,576,candidate
DEC029_FULL,train_kb,conservative_noisy_or_conflict_adjusted,3,Auralex Headphones Plus 16,has_color,blue,auralex headphones plus 16|has_color|blue,1,[0.98],False,0,0.735,0.735,0.88,False,0.735,False,False,"[""product_16""]","[""structured""]","[""structured_row:Auralex Headphones Plus 16""]",0,576,candidate
DEC029_FULL,train_kb,conservative_noisy_or_conflict_adjusted,3,Auralex Headphones Plus 16,made_of_material,carbon fiber,auralex headphones plus 16|made_of_material|carbon fiber,1,[0.98],True,0,0.735,0.735,0.88,False,0.735,False,False,"[""product_16""]","[""structured""]","[""structured_row:Auralex Headphones Plus 16""]",0,576,candidate
DEC029_FULL,train_kb,conservative_noisy_or_conflict_adjusted,3,Auralex Headphones Plus 16,target_market_region,Global,auralex headphones plus 16|target_market_region|global,4,"[0.98, 0.95, 0.91, 0.91]",True,0,0.992319823828125,0.992319823828125,0.88,True,0.97581046875,False,False,"[""product_16"", ""product_16"", ""product_16"", ""product_16""]","[""structured"", ""unstructured"", ""unstructured"", ""unstructured""]","[""structured_row:Auralex Headphones Plus 16"", ""Auralex Headphones Plus 16 is manufactured by Auralex. It is a headphones device. Priced at 899 USD. Comes with 8GB of RAM. Targeted at the Global market. Fast charging is no. Noise cancellation: yes."", ""Auralex Headphones Plus 16 is manufactured by Auralex. It is a headphones device. Priced at 899 USD. Comes with 8GB of RAM. Targeted at the Global market. Fast charging is no. Noise cancellation: yes."", ""Auralex Headphones Plus 16 is manufactured by Auralex. It is a headphones device. Priced at 899 USD. Comes with 8GB of RAM. Targeted at the Global market. Fast charging is no. Noise cancellation: yes.""]",1,576,candidate
DEC029_FULL,train_kb,conservative_noisy_or_conflict_adjusted,3,Auralex Headphones Plus 16,supports_fast_charging,no,auralex headphones plus 16|supports_fast_charging|no,4,"[0.98, 0.95, 0.91, 0.91]",True,0,0.992319823828125,0.992319823828125,0.88,True,0.97581046875,False,False,"[""product_16"", ""product_16"", ""product_16"", ""product_16""]","[""structured"", ""unstructured"", ""unstructured"", ""unstructured""]","[""structured_row:Auralex Headphones Plus 16"", ""Auralex Headphones Plus 16 is manufactured by Auralex. It is a headphones device. Priced at 899 USD. Comes with 8GB of RAM. Targeted at the Global market. Fast charging is no. Noise cancellation: yes."", ""Auralex Headphones Plus 16 is manufactured by Auralex. It is a headphones device. Priced at 899 USD. Comes with 8GB of RAM. Targeted at the Global market. Fast charging is no. Noise cancellation: yes."", ""Auralex Headphones Plus 16 is manufactured by Auralex. It is a headphones device. Priced at 899 USD. Comes with 8GB of RAM. Targeted at the Global market. Fast charging is no. Noise cancellation: yes.""]",1,576,candidate
DEC029_FULL,train_kb,conservative_noisy_or_conflict_adjusted,3,Auralex Headphones Plus 16,has_noise_cancellation,yes,auralex headphones plus 16|has_noise_cancellation|yes,4,"[0.98, 0.95, 0.91, 0.91]",True,0,0.992319823828125,0.992319823828125,0.88,True,0.97581046875,False,False,"[""product_16"", ""product_16"", ""product_16"", ""product_16""]","[""structured"", ""unstructured"", ""unstructured"", ""unstructured""]","[""structured_row:Auralex Headphones Plus 16"", ""Auralex Headphones Plus 16 is manufactured by Auralex. It is a headphones device. Priced at 899 USD. Comes with 8GB of RAM. Targeted at the Global market. Fast charging is no. Noise cancellation: yes."", ""Auralex Headphones Plus 16 is manufactured by Auralex. It is a headphones device. Priced at 899 USD. Comes with 8GB of RAM. Targeted at the Global market. Fast charging is no. Noise cancellation: yes."", ""Auralex Headphones Plus 16 is manufactured by Auralex. It is a headphones device. Priced at 899 USD. Comes with 8GB of RAM. Targeted at the Global market. Fast charging is no. Noise cancellation: yes.""]",1,576,candidate
DEC029_FULL,train_kb,conservative_noisy_or_conflict_adjusted,3,Zenbyte Tablet Pro 17,manufactured_by,Zenbyte,zenbyte tablet pro 17|manufactured_by|zenbyte,3,"[0.98, 0.92, 0.91]",True,0,0.973917375,0.973917375,0.88,True,0.91785,False,False,"[""product_17"", ""product_17"", ""product_17""]","[""structured"", ""unstructured"", ""unstructured""]","[""structured_row:Zenbyte Tablet Pro 17"", ""Zenbyte Tablet Pro 17 is manufactured by Zenbyte. It is a tablet device. Priced at 249 USD. The display measures 10.9 inches. Weighs approximately 1.45kg. Built with carbon fiber construction. Targeted at the EU market."", ""Zenbyte Tablet Pro 17 is manufactured by Zenbyte. It is a tablet device. Priced at 249 USD. The display measures 10.9 inches. Weighs approximately 1.45kg. Built with carbon fiber construction. Targeted at the EU market.""]",1,576,candidate
DEC029_FULL,train_kb,conservative_noisy_or_conflict_adjusted,3,Zenbyte Tablet Pro 17,belongs_to_category,tablet,zenbyte tablet pro 17|belongs_to_category|tablet,1,[0.98],True,0,0.735,0.735,0.88,False,0.735,False,False,"[""product_17""]","[""structured""]","[""structured_row:Zenbyte Tablet Pro 17""]",1,576,candidate
DEC029_FULL,train_kb,conservative_noisy_or_conflict_adjusted,3,Zenbyte Tablet Pro 17,has_price_usd,249,zenbyte tablet pro 17|has_price_usd|249,3,"[0.98, 0.92, 0.91]",True,0,0.973917375,0.973917375,0.88,True,0.91785,False,False,"[""product_17"", ""product_17"", ""product_17""]","[""structured"", ""unstructured"", ""unstructured""]","[""structured_row:Zenbyte Tablet Pro 17"", ""Zenbyte Tablet Pro 17 is manufactured by Zenbyte. It is a tablet device. Priced at 249 USD. The display measures 10.9 inches. Weighs approximately 1.45kg. Built with carbon fiber construction. Targeted at the EU market."", ""Zenbyte Tablet Pro 17 is manufactured by Zenbyte. It is a tablet device. Priced at 249 USD. The display measures 10.9 inches. Weighs approximately 1.45kg. Built with carbon fiber construction. Targeted at the EU market.""]",1,576,candidate
DEC029_FULL,train_kb,conservative_noisy_or_conflict_adjusted,3,Zenbyte Tablet Pro 17,has_screen_size_inch,10.9,zenbyte tablet pro 17|has_screen_size_inch|10.9,3,"[0.98, 0.92, 0.91]",True,0,0.973917375,0.973917375,0.88,True,0.91785,False,False,"[""product_17"", ""product_17"", ""product_17""]","[""structured"", ""unstructured"", ""unstructured""]","[""structured_row:Zenbyte Tablet Pro 17"", ""Zenbyte Tablet Pro 17 is manufactured by Zenbyte. It is a tablet device. Priced at 249 USD. The display measures 10.9 inches. Weighs approximately 1.45kg. Built with carbon fiber construction. Targeted at the EU market."", ""Zenbyte Tablet Pro 17 is manufactured by Zenbyte. It is a tablet device. Priced at 249 USD. The display measures 10.9 inches. Weighs approximately 1.45kg. Built with carbon fiber construction. Targeted at the EU market.""]",1,576,candidate
DEC029_FULL,train_kb,conservative_noisy_or_conflict_adjusted,3,Zenbyte Tablet Pro 17,has_ram_gb,32,zenbyte tablet pro 17|has_ram_gb|32,1,[0.98],True,0,0.735,0.735,0.88,False,0.735,False,False,"[""product_17""]","[""structured""]","[""structured_row:Zenbyte Tablet Pro 17""]",0,576,candidate
DEC029_FULL,train_kb,conservative_noisy_or_conflict_adjusted,3,Zenbyte Tablet Pro 17,has_storage_gb,512,zenbyte tablet pro 17|has_storage_gb|512,1,[0.98],True,0,0.735,0.735,0.88,False,0.735,False,False,"[""product_17""]","[""structured""]","[""structured_row:Zenbyte Tablet Pro 17""]",0,576,candidate
DEC029_FULL,train_kb,conservative_noisy_or_conflict_adjusted,3,Zenbyte Tablet Pro 17,has_battery_life_hours,10,zenbyte tablet pro 17|has_battery_life_hours|10,1,[0.98],True,0,0.735,0.735,0.88,False,0.735,False,False,"[""product_17""]","[""structured""]","[""structured_row:Zenbyte Tablet Pro 17""]",0,576,candidate
DEC029_FULL,train_kb,conservative_noisy_or_conflict_adjusted,3,Zenbyte Tablet Pro 17,has_weight_kg,1.45,zenbyte tablet pro 17|has_weight_kg|1.45,3,"[0.98, 0.92, 0.91]",True,0,0.973917375,0.973917375,0.88,True,0.91785,False,False,"[""product_17"", ""product_17"", ""product_17""]","[""structured"", ""unstructured"", ""unstructured""]","[""structured_row:Zenbyte Tablet Pro 17"", ""Zenbyte Tablet Pro 17 is manufactured by Zenbyte. It is a tablet device. Priced at 249 USD. The display measures 10.9 inches. Weighs approximately 1.45kg. Built with carbon fiber construction. Targeted at the EU market."", ""Zenbyte Tablet Pro 17 is manufactured by Zenbyte. It is a tablet device. Priced at 249 USD. The display measures 10.9 inches. Weighs approximately 1.45kg. Built with carbon fiber construction. Targeted at the EU market.""]",1,576,candidate
DEC029_FULL,train_kb,conservative_noisy_or_conflict_adjusted,3,Zenbyte Tablet Pro 17,has_color,white,zenbyte tablet pro 17|has_color|white,1,[0.98],False,0,0.735,0.735,0.88,False,0.735,False,False,"[""product_17""]","[""structured""]","[""structured_row:Zenbyte Tablet Pro 17""]",0,576,candidate
DEC029_FULL,train_kb,conservative_noisy_or_conflict_adjusted,3,Zenbyte Tablet Pro 17,made_of_material,carbon fiber,zenbyte tablet pro 17|made_of_material|carbon fiber,3,"[0.98, 0.92, 0.91]",True,0,0.973917375,0.973917375,0.88,True,0.91785,False,False,"[""product_17"", ""product_17"", ""product_17""]","[""structured"", ""unstructured"", ""unstructured""]","[""structured_row:Zenbyte Tablet Pro 17"", ""Zenbyte Tablet Pro 17 is manufactured by Zenbyte. It is a tablet device. Priced at 249 USD. The display measures 10.9 inches. Weighs approximately 1.45kg. Built with carbon fiber construction. Targeted at the EU market."", ""Zenbyte Tablet Pro 17 is manufactured by Zenbyte. It is a tablet device. Priced at 249 USD. The display measures 10.9 inches. Weighs approximately 1.45kg. Built with carbon fiber construction. Targeted at the EU market.""]",1,576,candidate
DEC029_FULL,train_kb,conservative_noisy_or_conflict_adjusted,3,Zenbyte Tablet Pro 17,target_market_region,EU,zenbyte tablet pro 17|target_market_region|eu,3,"[0.98, 0.92, 0.91]",True,0,0.973917375,0.973917375,0.88,True,0.91785,False,False,"[""product_17"", ""product_17"", ""product_17""]","[""structured"", ""unstructured"", ""unstructured""]","[""structured_row:Zenbyte Tablet Pro 17"", ""Zenbyte Tablet Pro 17 is manufactured by Zenbyte. It is a tablet device. Priced at 249 USD. The display measures 10.9 inches. Weighs approximately 1.45kg. Built with carbon fiber construction. Targeted at the EU market."", ""Zenbyte Tablet Pro 17 is manufactured by Zenbyte. It is a tablet device. Priced at 249 USD. The display measures 10.9 inches. Weighs approximately 1.45kg. Built with carbon fiber construction. Targeted at the EU market.""]",1,576,candidate
DEC029_FULL,train_kb,conservative_noisy_or_conflict_adjusted,3,Zenbyte Tablet Pro 17,supports_fast_charging,yes,zenbyte tablet pro 17|supports_fast_charging|yes,1,[0.98],True,0,0.735,0.735,0.88,False,0.735,False,False,"[""product_17""]","[""structured""]","[""structured_row:Zenbyte Tablet Pro 17""]",0,576,candidate
DEC029_FULL,train_kb,conservative_noisy_or_conflict_adjusted,3,Zenbyte Tablet Pro 17,has_noise_cancellation,no,zenbyte tablet pro 17|has_noise_cancellation|no,1,[0.98],True,0,0.735,0.735,0.88,False,0.735,False,False,"[""product_17""]","[""structured""]","[""structured_row:Zenbyte Tablet Pro 17""]",0,576,candidate
DEC029_FULL,train_kb,conservative_noisy_or_conflict_adjusted,3,VoltEdge Laptop Plus 18,manufactured_by,VoltEdge,voltedge laptop plus 18|manufactured_by|voltedge,2,"[0.98, 0.95]",True,0,0.9238124999999999,0.9238124999999999,0.88,True,0.9238124999999999,False,False,"[""product_18"", ""product_18""]","[""structured"", ""unstructured""]","[""structured_row:VoltEdge Laptop Plus 18"", ""VoltEdge Laptop Plus 18 is manufactured by VoltEdge. Battery lasts up to 10 hours. Weighs approximately 0.23kg. Available in green. Built with aluminum construction. Targeted at the Global market. Noise cancellation: no.""]",1,576,candidate
DEC029_FULL,train_kb,conservative_noisy_or_conflict_adjusted,3,VoltEdge Laptop Plus 18,belongs_to_category,laptop,voltedge laptop plus 18|belongs_to_category|laptop,1,[0.98],True,0,0.735,0.735,0.88,False,0.735,False,False,"[""product_18""]","[""structured""]","[""structured_row:VoltEdge Laptop Plus 18""]",0,576,candidate
DEC029_FULL,train_kb,conservative_noisy_or_conflict_adjusted,3,VoltEdge Laptop Plus 18,has_price_usd,349,voltedge laptop plus 18|has_price_usd|349,1,[0.98],True,0,0.735,0.735,0.88,False,0.735,False,False,"[""product_18""]","[""structured""]","[""structured_row:VoltEdge Laptop Plus 18""]",0,576,candidate
DEC029_FULL,train_kb,conservative_noisy_or_conflict_adjusted,3,VoltEdge Laptop Plus 18,has_screen_size_inch,14.0,voltedge laptop plus 18|has_screen_size_inch|14.0,1,[0.98],True,0,0.735,0.735,0.88,False,0.735,False,False,"[""product_18""]","[""structured""]","[""structured_row:VoltEdge Laptop Plus 18""]",0,576,candidate
DEC029_FULL,train_kb,conservative_noisy_or_conflict_adjusted,3,VoltEdge Laptop Plus 18,has_ram_gb,12,voltedge laptop plus 18|has_ram_gb|12,1,[0.98],True,0,0.735,0.735,0.88,False,0.735,False,False,"[""product_18""]","[""structured""]","[""structured_row:VoltEdge Laptop Plus 18""]",0,576,candidate
DEC029_FULL,train_kb,conservative_noisy_or_conflict_adjusted,3,VoltEdge Laptop Plus 18,has_storage_gb,1024,voltedge laptop plus 18|has_storage_gb|1024,1,[0.98],True,0,0.735,0.735,0.88,False,0.735,False,False,"[""product_18""]","[""structured""]","[""structured_row:VoltEdge Laptop Plus 18""]",0,576,candidate
DEC029_FULL,train_kb,conservative_noisy_or_conflict_adjusted,3,VoltEdge Laptop Plus 18,has_battery_life_hours,10,voltedge laptop plus 18|has_battery_life_hours|10,3,"[0.98, 0.95, 0.924]",True,0,0.9766104375,0.9766104375,0.88,True,0.9766104375,False,False,"[""product_18"", ""product_18"", ""product_44""]","[""structured"", ""unstructured"", ""unstructured""]","[""structured_row:VoltEdge Laptop Plus 18"", ""VoltEdge Laptop Plus 18 is manufactured by VoltEdge. Battery lasts up to 10 hours. Weighs approximately 0.23kg. Available in green. Built with aluminum construction. Targeted at the Global market. Noise cancellation: no."", ""VoltEdge Laptop Plus 44 is manufactured by VoltEdge. It is a laptop device. The display measures 15.6 inches. Comes with 32GB of RAM. Weighs approximately 1.8kg. Available in white. Fast charging is no.""]",1,576,candidate
DEC029_FULL,train_kb,conservative_noisy_or_conflict_adjusted,3,VoltEdge Laptop Plus 18,has_weight_kg,0.23,voltedge laptop plus 18|has_weight_kg|0.23,2,"[0.98, 0.95]",True,0,0.9238124999999999,0.9238124999999999,0.88,True,0.9238124999999999,False,False,"[""product_18"", ""product_18""]","[""structured"", ""unstructured""]","[""structured_row:VoltEdge Laptop Plus 18"", ""VoltEdge Laptop Plus 18 is manufactured by VoltEdge. Battery lasts up to 10 hours. Weighs approximately 0.23kg. Available in green. Built with aluminum construction. Targeted at the Global market. Noise cancellation: no.""]",1,576,candidate
DEC029_FULL,train_kb,conservative_noisy_or_conflict_adjusted,3,VoltEdge Laptop Plus 18,has_color,green,voltedge laptop plus 18|has_color|green,2,"[0.98, 0.95]",False,0,0.9238124999999999,0.9238124999999999,0.88,True,0.9238124999999999,False,False,"[""product_18"", ""product_18""]","[""structured"", ""unstructured""]","[""structured_row:VoltEdge Laptop Plus 18"", ""VoltEdge Laptop Plus 18 is manufactured by VoltEdge. Battery lasts up to 10 hours. Weighs approximately 0.23kg. Available in green. Built with aluminum construction. Targeted at the Global market. Noise cancellation: no.""]",1,576,candidate
DEC029_FULL,train_kb,conservative_noisy_or_conflict_adjusted,3,VoltEdge Laptop Plus 18,made_of_material,aluminum,voltedge laptop plus 18|made_of_material|aluminum,2,"[0.98, 0.95]",True,0,0.9238124999999999,0.9238124999999999,0.88,True,0.9238124999999999,False,False,"[""product_18"", ""product_18""]","[""structured"", ""unstructured""]","[""structured_row:VoltEdge Laptop Plus 18"", ""VoltEdge Laptop Plus 18 is manufactured by VoltEdge. Battery lasts up to 10 hours. Weighs approximately 0.23kg. Available in green. Built with aluminum construction. Targeted at the Global market. Noise cancellation: no.""]",1,576,candidate
DEC029_FULL,train_kb,conservative_noisy_or_conflict_adjusted,3,VoltEdge Laptop Plus 18,target_market_region,Global,voltedge laptop plus 18|target_market_region|global,2,"[0.98, 0.95]",True,0,0.9238124999999999,0.9238124999999999,0.88,True,0.9238124999999999,False,False,"[""product_18"", ""product_18""]","[""structured"", ""unstructured""]","[""structured_row:VoltEdge Laptop Plus 18"", ""VoltEdge Laptop Plus 18 is manufactured by VoltEdge. Battery lasts up to 10 hours. Weighs approximately 0.23kg. Available in green. Built with aluminum construction. Targeted at the Global market. Noise cancellation: no.""]",1,576,candidate
DEC029_FULL,train_kb,conservative_noisy_or_conflict_adjusted,3,VoltEdge Laptop Plus 18,supports_fast_charging,yes,voltedge laptop plus 18|supports_fast_charging|yes,1,[0.98],True,0,0.735,0.735,0.88,False,0.735,False,False,"[""product_18""]","[""structured""]","[""structured_row:VoltEdge Laptop Plus 18""]",0,576,candidate
DEC029_FULL,train_kb,conservative_noisy_or_conflict_adjusted,3,VoltEdge Laptop Plus 18,has_noise_cancellation,no,voltedge laptop plus 18|has_noise_cancellation|no,2,"[0.98, 0.95]",True,0,0.9238124999999999,0.9238124999999999,0.88,True,0.9238124999999999,False,False,"[""product_18"", ""product_18""]","[""structured"", ""unstructured""]","[""structured_row:VoltEdge Laptop Plus 18"", ""VoltEdge Laptop Plus 18 is manufactured by VoltEdge. Battery lasts up to 10 hours. Weighs approximately 0.23kg. Available in green. Built with aluminum construction. Targeted at the Global market. Noise cancellation: no.""]",1,576,candidate
DEC029_FULL,train_kb,conservative_noisy_or_conflict_adjusted,3,PixelWare Tablet Plus 19,manufactured_by,PixelWare,pixelware tablet plus 19|manufactured_by|pixelware,4,"[0.98, 0.95, 0.92, 0.91]",True,0,0.9925012453125,0.9925012453125,0.88,True,0.976381875,False,False,"[""product_19"", ""product_19"", ""product_19"", ""product_19""]","[""structured"", ""unstructured"", ""unstructured"", ""unstructured""]","[""structured_row:PixelWare Tablet Plus 19"", ""PixelWare Tablet Plus 19 is manufactured by PixelWare. It is a tablet device. Comes with 12GB of RAM. Offers 128GB of internal storage. Weighs approximately 0.18kg. Targeted at the Global market. Fast charging is yes."", ""PixelWare Tablet Plus 19 is manufactured by PixelWare. It is a tablet device. Comes with 12GB of RAM. Offers 128GB of internal storage. Weighs approximately 0.18kg. Targeted at the Global market. Fast charging is yes."", ""PixelWare Tablet Plus 19 is manufactured by PixelWare. It is a tablet device. Comes with 12GB of RAM. Offers 128GB of internal storage. Weighs approximately 0.18kg. Targeted at the Global market. Fast charging is yes.""]",1,576,candidate
DEC029_FULL,train_kb,conservative_noisy_or_conflict_adjusted,3,PixelWare Tablet Plus 19,belongs_to_category,tablet,pixelware tablet plus 19|belongs_to_category|tablet,1,[0.98],True,1,0.735,0.3675,0.88,False,0.3675,False,False,"[""product_19""]","[""structured""]","[""structured_row:PixelWare Tablet Plus 19""]",1,576,candidate
DEC029_FULL,train_kb,conservative_noisy_or_conflict_adjusted,3,PixelWare Tablet Plus 19,has_price_usd,1099,pixelware tablet plus 19|has_price_usd|1099,1,[0.98],True,0,0.735,0.735,0.88,False,0.735,False,False,"[""product_19""]","[""structured""]","[""structured_row:PixelWare Tablet Plus 19""]",0,576,candidate
DEC029_FULL,train_kb,conservative_noisy_or_conflict_adjusted,3,PixelWare Tablet Plus 19,has_screen_size_inch,11.0,pixelware tablet plus 19|has_screen_size_inch|11.0,1,[0.98],True,0,0.735,0.735,0.88,False,0.735,False,False,"[""product_19""]","[""structured""]","[""structured_row:PixelWare Tablet Plus 19""]",0,576,candidate
DEC029_FULL,train_kb,conservative_noisy_or_conflict_adjusted,3,PixelWare Tablet Plus 19,has_ram_gb,12,pixelware tablet plus 19|has_ram_gb|12,4,"[0.98, 0.92, 0.92, 0.91]",True,0,0.99191438625,0.99191438625,0.88,True,0.9745335,False,False,"[""product_19"", ""product_19"", ""product_19"", ""product_19""]","[""structured"", ""unstructured"", ""unstructured"", ""unstructured""]","[""structured_row:PixelWare Tablet Plus 19"", ""PixelWare Tablet Plus 19 is manufactured by PixelWare. It is a tablet device. Comes with 12GB of RAM. Offers 128GB of internal storage. Weighs approximately 0.18kg. Targeted at the Global market. Fast charging is yes."", ""PixelWare Tablet Plus 19 is manufactured by PixelWare. It is a tablet device. Comes with 12GB of RAM. Offers 128GB of internal storage. Weighs approximately 0.18kg. Targeted at the Global market. Fast charging is yes."", ""PixelWare Tablet Plus 19 is manufactured by PixelWare. It is a tablet device. Comes with 12GB of RAM. Offers 128GB of internal storage. Weighs approximately 0.18kg. Targeted at the Global market. Fast charging is yes.""]",1,576,candidate
DEC029_FULL,train_kb,conservative_noisy_or_conflict_adjusted,3,PixelWare Tablet Plus 19,has_storage_gb,128,pixelware tablet plus 19|has_storage_gb|128,4,"[0.98, 0.93, 0.92, 0.91]",True,0,0.9921100059375,0.9921100059375,0.88,True,0.975149625,False,False,"[""product_19"", ""product_19"", ""product_19"", ""product_19""]","[""structured"", ""unstructured"", ""unstructured"", ""unstructured""]","[""structured_row:PixelWare Tablet Plus 19"", ""PixelWare Tablet Plus 19 is manufactured by PixelWare. It is a tablet device. Comes with 12GB of RAM. Offers 128GB of internal storage. Weighs approximately 0.18kg. Targeted at the Global market. Fast charging is yes."", ""PixelWare Tablet Plus 19 is manufactured by PixelWare. It is a tablet device. Comes with 12GB of RAM. Offers 128GB of internal storage. Weighs approximately 0.18kg. Targeted at the Global market. Fast charging is yes."", ""PixelWare Tablet Plus 19 is manufactured by PixelWare. It is a tablet device. Comes with 12GB of RAM. Offers 128GB of internal storage. Weighs approximately 0.18kg. Targeted at the Global market. Fast charging is yes.""]",1,576,candidate
DEC029_FULL,train_kb,conservative_noisy_or_conflict_adjusted,3,PixelWare Tablet Plus 19,has_battery_life_hours,10,pixelware tablet plus 19|has_battery_life_hours|10,1,[0.98],True,0,0.735,0.735,0.88,False,0.735,False,False,"[""product_19""]","[""structured""]","[""structured_row:PixelWare Tablet Plus 19""]",0,576,candidate
DEC029_FULL,train_kb,conservative_noisy_or_conflict_adjusted,3,PixelWare Tablet Plus 19,has_weight_kg,0.18,pixelware tablet plus 19|has_weight_kg|0.18,4,"[0.98, 0.94, 0.92, 0.91]",True,0,0.992305625625,0.992305625625,0.88,True,0.97576575,False,False,"[""product_19"", ""product_19"", ""product_19"", ""product_19""]","[""structured"", ""unstructured"", ""unstructured"", ""unstructured""]","[""structured_row:PixelWare Tablet Plus 19"", ""PixelWare Tablet Plus 19 is manufactured by PixelWare. It is a tablet device. Comes with 12GB of RAM. Offers 128GB of internal storage. Weighs approximately 0.18kg. Targeted at the Global market. Fast charging is yes."", ""PixelWare Tablet Plus 19 is manufactured by PixelWare. It is a tablet device. Comes with 12GB of RAM. Offers 128GB of internal storage. Weighs approximately 0.18kg. Targeted at the Global market. Fast charging is yes."", ""PixelWare Tablet Plus 19 is manufactured by PixelWare. It is a tablet device. Comes with 12GB of RAM. Offers 128GB of internal storage. Weighs approximately 0.18kg. Targeted at the Global market. Fast charging is yes.""]",1,576,candidate
DEC029_FULL,train_kb,conservative_noisy_or_conflict_adjusted,3,PixelWare Tablet Plus 19,has_color,blue,pixelware tablet plus 19|has_color|blue,1,[0.98],False,0,0.735,0.735,0.88,False,0.735,False,False,"[""product_19""]","[""structured""]","[""structured_row:PixelWare Tablet Plus 19""]",0,576,candidate
DEC029_FULL,train_kb,conservative_noisy_or_conflict_adjusted,3,PixelWare Tablet Plus 19,made_of_material,aluminum,pixelware tablet plus 19|made_of_material|aluminum,1,[0.98],True,0,0.735,0.735,0.88,False,0.735,False,False,"[""product_19""]","[""structured""]","[""structured_row:PixelWare Tablet Plus 19""]",0,576,candidate
DEC029_FULL,train_kb,conservative_noisy_or_conflict_adjusted,3,PixelWare Tablet Plus 19,target_market_region,Global,pixelware tablet plus 19|target_market_region|global,4,"[0.98, 0.9, 0.92, 0.91]",True,0,0.991523146875,0.991523146875,0.88,True,0.97330125,False,False,"[""product_19"", ""product_19"", ""product_19"", ""product_19""]","[""structured"", ""unstructured"", ""unstructured"", ""unstructured""]","[""structured_row:PixelWare Tablet Plus 19"", ""PixelWare Tablet Plus 19 is manufactured by PixelWare. It is a tablet device. Comes with 12GB of RAM. Offers 128GB of internal storage. Weighs approximately 0.18kg. Targeted at the Global market. Fast charging is yes."", ""PixelWare Tablet Plus 19 is manufactured by PixelWare. It is a tablet device. Comes with 12GB of RAM. Offers 128GB of internal storage. Weighs approximately 0.18kg. Targeted at the Global market. Fast charging is yes."", ""PixelWare Tablet Plus 19 is manufactured by PixelWare. It is a tablet device. Comes with 12GB of RAM. Offers 128GB of internal storage. Weighs approximately 0.18kg. Targeted at the Global market. Fast charging is yes.""]",1,576,candidate
DEC029_FULL,train_kb,conservative_noisy_or_conflict_adjusted,3,PixelWare Tablet Plus 19,supports_fast_charging,yes,pixelware tablet plus 19|supports_fast_charging|yes,4,"[0.98, 0.88, 0.92, 0.91]",True,0,0.9911319075,0.9911319075,0.88,True,0.972069,False,False,"[""product_19"", ""product_19"", ""product_19"", ""product_19""]","[""structured"", ""unstructured"", ""unstructured"", ""unstructured""]","[""structured_row:PixelWare Tablet Plus 19"", ""PixelWare Tablet Plus 19 is manufactured by PixelWare. It is a tablet device. Comes with 12GB of RAM. Offers 128GB of internal storage. Weighs approximately 0.18kg. Targeted at the Global market. Fast charging is yes."", ""PixelWare Tablet Plus 19 is manufactured by PixelWare. It is a tablet device. Comes with 12GB of RAM. Offers 128GB of internal storage. Weighs approximately 0.18kg. Targeted at the Global market. Fast charging is yes."", ""PixelWare Tablet Plus 19 is manufactured by PixelWare. It is a tablet device. Comes with 12GB of RAM. Offers 128GB of internal storage. Weighs approximately 0.18kg. Targeted at the Global market. Fast charging is yes.""]",1,576,candidate
DEC029_FULL,train_kb,conservative_noisy_or_conflict_adjusted,3,PixelWare Tablet Plus 19,has_noise_cancellation,no,pixelware tablet plus 19|has_noise_cancellation|no,1,[0.98],True,0,0.735,0.735,0.88,False,0.735,False,False,"[""product_19""]","[""structured""]","[""structured_row:PixelWare Tablet Plus 19""]",0,576,candidate
DEC029_FULL,train_kb,conservative_noisy_or_conflict_adjusted,3,PixelWare Laptop Pro 20,manufactured_by,PixelWare,pixelware laptop pro 20|manufactured_by|pixelware,1,[0.98],True,0,0.735,0.735,0.88,False,0.735,False,False,"[""product_20""]","[""structured""]","[""structured_row:PixelWare Laptop Pro 20""]",0,576,candidate
DEC029_FULL,train_kb,conservative_noisy_or_conflict_adjusted,3,PixelWare Laptop Pro 20,belongs_to_category,laptop,pixelware laptop pro 20|belongs_to_category|laptop,1,[0.98],True,0,0.735,0.735,0.88,False,0.735,False,False,"[""product_20""]","[""structured""]","[""structured_row:PixelWare Laptop Pro 20""]",1,576,candidate
DEC029_FULL,train_kb,conservative_noisy_or_conflict_adjusted,3,PixelWare Laptop Pro 20,has_price_usd,699,pixelware laptop pro 20|has_price_usd|699,1,[0.98],True,0,0.735,0.735,0.88,False,0.735,False,False,"[""product_20""]","[""structured""]","[""structured_row:PixelWare Laptop Pro 20""]",0,576,candidate
DEC029_FULL,train_kb,conservative_noisy_or_conflict_adjusted,3,PixelWare Laptop Pro 20,has_screen_size_inch,14.0,pixelware laptop pro 20|has_screen_size_inch|14.0,1,[0.98],True,0,0.735,0.735,0.88,False,0.735,False,False,"[""product_20""]","[""structured""]","[""structured_row:PixelWare Laptop Pro 20""]",1,576,candidate
DEC029_FULL,train_kb,conservative_noisy_or_conflict_adjusted,3,PixelWare Laptop Pro 20,has_ram_gb,6,pixelware laptop pro 20|has_ram_gb|6,1,[0.98],True,0,0.735,0.735,0.88,False,0.735,False,False,"[""product_20""]","[""structured""]","[""structured_row:PixelWare Laptop Pro 20""]",1,576,candidate
DEC029_FULL,train_kb,conservative_noisy_or_conflict_adjusted,3,PixelWare Laptop Pro 20,has_storage_gb,256,pixelware laptop pro 20|has_storage_gb|256,1,[0.98],True,0,0.735,0.735,0.88,False,0.735,False,False,"[""product_20""]","[""structured""]","[""structured_row:PixelWare Laptop Pro 20""]",0,576,candidate
DEC029_FULL,train_kb,conservative_noisy_or_conflict_adjusted,3,PixelWare Laptop Pro 20,has_battery_life_hours,18,pixelware laptop pro 20|has_battery_life_hours|18,1,[0.98],True,0,0.735,0.735,0.88,False,0.735,False,False,"[""product_20""]","[""structured""]","[""structured_row:PixelWare Laptop Pro 20""]",1,576,candidate
DEC029_FULL,train_kb,conservative_noisy_or_conflict_adjusted,3,PixelWare Laptop Pro 20,has_weight_kg,0.55,pixelware laptop pro 20|has_weight_kg|0.55,1,[0.98],True,0,0.735,0.735,0.88,False,0.735,False,False,"[""product_20""]","[""structured""]","[""structured_row:PixelWare Laptop Pro 20""]",1,576,candidate
DEC029_FULL,train_kb,conservative_noisy_or_conflict_adjusted,3,PixelWare Laptop Pro 20,has_color,white,pixelware laptop pro 20|has_color|white,1,[0.98],False,0,0.735,0.735,0.88,False,0.735,False,False,"[""product_20""]","[""structured""]","[""structured_row:PixelWare Laptop Pro 20""]",0,576,candidate
DEC029_FULL,train_kb,conservative_noisy_or_conflict_adjusted,3,PixelWare Laptop Pro 20,made_of_material,aluminum,pixelware laptop pro 20|made_of_material|aluminum,1,[0.98],True,0,0.735,0.735,0.88,False,0.735,False,False,"[""product_20""]","[""structured""]","[""structured_row:PixelWare Laptop Pro 20""]",0,576,candidate
DEC029_FULL,train_kb,conservative_noisy_or_conflict_adjusted,3,PixelWare Laptop Pro 20,target_market_region,US,pixelware laptop pro 20|target_market_region|us,1,[0.98],True,0,0.735,0.735,0.88,False,0.735,False,False,"[""product_20""]","[""structured""]","[""structured_row:PixelWare Laptop Pro 20""]",1,576,candidate
DEC029_FULL,train_kb,conservative_noisy_or_conflict_adjusted,3,PixelWare Laptop Pro 20,supports_fast_charging,yes,pixelware laptop pro 20|supports_fast_charging|yes,1,[0.98],True,0,0.735,0.735,0.88,False,0.735,False,False,"[""product_20""]","[""structured""]","[""structured_row:PixelWare Laptop Pro 20""]",1,576,candidate
DEC029_FULL,train_kb,conservative_noisy_or_conflict_adjusted,3,PixelWare Laptop Pro 20,has_noise_cancellation,no,pixelware laptop pro 20|has_noise_cancellation|no,1,[0.98],True,0,0.735,0.735,0.88,False,0.735,False,False,"[""product_20""]","[""structured""]","[""structured_row:PixelWare Laptop Pro 20""]",0,576,candidate
DEC029_FULL,train_kb,conservative_noisy_or_conflict_adjusted,3,laptop device,has_screen_size_inch,14.0,laptop device|has_screen_size_inch|14.0,1,[0.91],True,0,0.6825,0.6825,0.88,False,0.6825,False,False,"[""product_20""]","[""unstructured""]","[""It is a laptop device. The display measures 14.0 inches. Comes with 6GB of RAM. Battery lasts up to 18 hours. Weighs approximately 0.55kg. Targeted at the US market. Fast charging is yes.""]",0,576,candidate
DEC029_FULL,train_kb,conservative_noisy_or_conflict_adjusted,3,laptop device,has_ram_gb,6GB,laptop device|has_ram_gb|6gb,1,[0.91],True,0,0.6825,0.6825,0.88,False,0.6825,False,False,"[""product_20""]","[""unstructured""]","[""It is a laptop device. The display measures 14.0 inches. Comes with 6GB of RAM. Battery lasts up to 18 hours. Weighs approximately 0.55kg. Targeted at the US market. Fast charging is yes.""]",0,576,candidate
DEC029_FULL,train_kb,conservative_noisy_or_conflict_adjusted,3,laptop device,has_battery_life_hours,18,laptop device|has_battery_life_hours|18,1,[0.91],True,0,0.6825,0.6825,0.88,False,0.6825,False,False,"[""product_20""]","[""unstructured""]","[""It is a laptop device. The display measures 14.0 inches. Comes with 6GB of RAM. Battery lasts up to 18 hours. Weighs approximately 0.55kg. Targeted at the US market. Fast charging is yes.""]",0,576,candidate
DEC029_FULL,train_kb,conservative_noisy_or_conflict_adjusted,3,laptop device,has_weight_kg,0.55,laptop device|has_weight_kg|0.55,1,[0.91],True,0,0.6825,0.6825,0.88,False,0.6825,False,False,"[""product_20""]","[""unstructured""]","[""It is a laptop device. The display measures 14.0 inches. Comes with 6GB of RAM. Battery lasts up to 18 hours. Weighs approximately 0.55kg. Targeted at the US market. Fast charging is yes.""]",0,576,candidate
DEC029_FULL,train_kb,conservative_noisy_or_conflict_adjusted,3,laptop device,target_market_region,US market,laptop device|target_market_region|us market,1,[0.91],True,0,0.6825,0.6825,0.88,False,0.6825,False,False,"[""product_20""]","[""unstructured""]","[""It is a laptop device. The display measures 14.0 inches. Comes with 6GB of RAM. Battery lasts up to 18 hours. Weighs approximately 0.55kg. Targeted at the US market. Fast charging is yes.""]",0,576,candidate
DEC029_FULL,train_kb,conservative_noisy_or_conflict_adjusted,3,laptop device,supports_fast_charging,yes,laptop device|supports_fast_charging|yes,1,[0.91],True,0,0.6825,0.6825,0.88,False,0.6825,False,False,"[""product_20""]","[""unstructured""]","[""It is a laptop device. The display measures 14.0 inches. Comes with 6GB of RAM. Battery lasts up to 18 hours. Weighs approximately 0.55kg. Targeted at the US market. Fast charging is yes.""]",0,576,candidate
DEC029_FULL,train_kb,conservative_noisy_or_conflict_adjusted,3,Zenbyte Smartwatch Pro 22,manufactured_by,Zenbyte,zenbyte smartwatch pro 22|manufactured_by|zenbyte,1,[0.98],True,0,0.735,0.735,0.88,False,0.735,False,False,"[""product_22""]","[""structured""]","[""structured_row:Zenbyte Smartwatch Pro 22""]",0,576,candidate
DEC029_FULL,train_kb,conservative_noisy_or_conflict_adjusted,3,Zenbyte Smartwatch Pro 22,belongs_to_category,smartwatch,zenbyte smartwatch pro 22|belongs_to_category|smartwatch,1,[0.98],True,0,0.735,0.735,0.88,False,0.735,False,False,"[""product_22""]","[""structured""]","[""structured_row:Zenbyte Smartwatch Pro 22""]",1,576,candidate
DEC029_FULL,train_kb,conservative_noisy_or_conflict_adjusted,3,Zenbyte Smartwatch Pro 22,has_price_usd,699,zenbyte smartwatch pro 22|has_price_usd|699,1,[0.98],True,0,0.735,0.735,0.88,False,0.735,False,False,"[""product_22""]","[""structured""]","[""structured_row:Zenbyte Smartwatch Pro 22""]",1,576,candidate
DEC029_FULL,train_kb,conservative_noisy_or_conflict_adjusted,3,Zenbyte Smartwatch Pro 22,has_screen_size_inch,6.1,zenbyte smartwatch pro 22|has_screen_size_inch|6.1,1,[0.98],True,0,0.735,0.735,0.88,False,0.735,False,False,"[""product_22""]","[""structured""]","[""structured_row:Zenbyte Smartwatch Pro 22""]",1,576,candidate
DEC029_FULL,train_kb,conservative_noisy_or_conflict_adjusted,3,Zenbyte Smartwatch Pro 22,has_ram_gb,4,zenbyte smartwatch pro 22|has_ram_gb|4,1,[0.98],True,0,0.735,0.735,0.88,False,0.735,False,False,"[""product_22""]","[""structured""]","[""structured_row:Zenbyte Smartwatch Pro 22""]",0,576,candidate
DEC029_FULL,train_kb,conservative_noisy_or_conflict_adjusted,3,Zenbyte Smartwatch Pro 22,has_storage_gb,512,zenbyte smartwatch pro 22|has_storage_gb|512,1,[0.98],True,0,0.735,0.735,0.88,False,0.735,False,False,"[""product_22""]","[""structured""]","[""structured_row:Zenbyte Smartwatch Pro 22""]",0,576,candidate
DEC029_FULL,train_kb,conservative_noisy_or_conflict_adjusted,3,Zenbyte Smartwatch Pro 22,has_battery_life_hours,18,zenbyte smartwatch pro 22|has_battery_life_hours|18,1,[0.98],True,0,0.735,0.735,0.88,False,0.735,False,False,"[""product_22""]","[""structured""]","[""structured_row:Zenbyte Smartwatch Pro 22""]",0,576,candidate
DEC029_FULL,train_kb,conservative_noisy_or_conflict_adjusted,3,Zenbyte Smartwatch Pro 22,has_weight_kg,0.18,zenbyte smartwatch pro 22|has_weight_kg|0.18,1,[0.98],True,0,0.735,0.735,0.88,False,0.735,False,False,"[""product_22""]","[""structured""]","[""structured_row:Zenbyte Smartwatch Pro 22""]",1,576,candidate
DEC029_FULL,train_kb,conservative_noisy_or_conflict_adjusted,3,Zenbyte Smartwatch Pro 22,has_color,silver,zenbyte smartwatch pro 22|has_color|silver,1,[0.98],False,0,0.735,0.735,0.88,False,0.735,False,False,"[""product_22""]","[""structured""]","[""structured_row:Zenbyte Smartwatch Pro 22""]",1,576,candidate
DEC029_FULL,train_kb,conservative_noisy_or_conflict_adjusted,3,Zenbyte Smartwatch Pro 22,made_of_material,plastic,zenbyte smartwatch pro 22|made_of_material|plastic,1,[0.98],True,0,0.735,0.735,0.88,False,0.735,False,False,"[""product_22""]","[""structured""]","[""structured_row:Zenbyte Smartwatch Pro 22""]",1,576,candidate
DEC029_FULL,train_kb,conservative_noisy_or_conflict_adjusted,3,Zenbyte Smartwatch Pro 22,target_market_region,APAC,zenbyte smartwatch pro 22|target_market_region|apac,1,[0.98],True,0,0.735,0.735,0.88,False,0.735,False,False,"[""product_22""]","[""structured""]","[""structured_row:Zenbyte Smartwatch Pro 22""]",1,576,candidate
DEC029_FULL,train_kb,conservative_noisy_or_conflict_adjusted,3,Zenbyte Smartwatch Pro 22,supports_fast_charging,yes,zenbyte smartwatch pro 22|supports_fast_charging|yes,1,[0.98],True,0,0.735,0.735,0.88,False,0.735,False,False,"[""product_22""]","[""structured""]","[""structured_row:Zenbyte Smartwatch Pro 22""]",0,576,candidate
DEC029_FULL,train_kb,conservative_noisy_or_conflict_adjusted,3,Zenbyte Smartwatch Pro 22,has_noise_cancellation,no,zenbyte smartwatch pro 22|has_noise_cancellation|no,1,[0.98],True,0,0.735,0.735,0.88,False,0.735,False,False,"[""product_22""]","[""structured""]","[""structured_row:Zenbyte Smartwatch Pro 22""]",0,576,candidate
DEC029_FULL,train_kb,conservative_noisy_or_conflict_adjusted,3,NeoTech Smartphone Max 23,manufactured_by,NeoTech,neotech smartphone max 23|manufactured_by|neotech,1,[0.98],True,0,0.735,0.735,0.88,False,0.735,False,False,"[""product_23""]","[""structured""]","[""structured_row:NeoTech Smartphone Max 23""]",0,576,candidate
DEC029_FULL,train_kb,conservative_noisy_or_conflict_adjusted,3,NeoTech Smartphone Max 23,belongs_to_category,smartphone,neotech smartphone max 23|belongs_to_category|smartphone,1,[0.98],True,0,0.735,0.735,0.88,False,0.735,False,False,"[""product_23""]","[""structured""]","[""structured_row:NeoTech Smartphone Max 23""]",1,576,candidate
DEC029_FULL,train_kb,conservative_noisy_or_conflict_adjusted,3,NeoTech Smartphone Max 23,has_price_usd,699,neotech smartphone max 23|has_price_usd|699,1,[0.98],True,0,0.735,0.735,0.88,False,0.735,False,False,"[""product_23""]","[""structured""]","[""structured_row:NeoTech Smartphone Max 23""]",1,576,candidate
DEC029_FULL,train_kb,conservative_noisy_or_conflict_adjusted,3,NeoTech Smartphone Max 23,has_screen_size_inch,13.3,neotech smartphone max 23|has_screen_size_inch|13.3,1,[0.98],True,0,0.735,0.735,0.88,False,0.735,False,False,"[""product_23""]","[""structured""]","[""structured_row:NeoTech Smartphone Max 23""]",1,576,candidate
DEC029_FULL,train_kb,conservative_noisy_or_conflict_adjusted,3,NeoTech Smartphone Max 23,has_ram_gb,12,neotech smartphone max 23|has_ram_gb|12,1,[0.98],True,0,0.735,0.735,0.88,False,0.735,False,False,"[""product_23""]","[""structured""]","[""structured_row:NeoTech Smartphone Max 23""]",0,576,candidate
DEC029_FULL,train_kb,conservative_noisy_or_conflict_adjusted,3,NeoTech Smartphone Max 23,has_storage_gb,512,neotech smartphone max 23|has_storage_gb|512,1,[0.98],True,0,0.735,0.735,0.88,False,0.735,False,False,"[""product_23""]","[""structured""]","[""structured_row:NeoTech Smartphone Max 23""]",0,576,candidate
DEC029_FULL,train_kb,conservative_noisy_or_conflict_adjusted,3,NeoTech Smartphone Max 23,has_battery_life_hours,14,neotech smartphone max 23|has_battery_life_hours|14,1,[0.98],True,0,0.735,0.735,0.88,False,0.735,False,False,"[""product_23""]","[""structured""]","[""structured_row:NeoTech Smartphone Max 23""]",0,576,candidate
DEC029_FULL,train_kb,conservative_noisy_or_conflict_adjusted,3,NeoTech Smartphone Max 23,has_weight_kg,1.8,neotech smartphone max 23|has_weight_kg|1.8,1,[0.98],True,0,0.735,0.735,0.88,False,0.735,False,False,"[""product_23""]","[""structured""]","[""structured_row:NeoTech Smartphone Max 23""]",1,576,candidate
DEC029_FULL,train_kb,conservative_noisy_or_conflict_adjusted,3,NeoTech Smartphone Max 23,has_color,green,neotech smartphone max 23|has_color|green,1,[0.98],False,0,0.735,0.735,0.88,False,0.735,False,False,"[""product_23""]","[""structured""]","[""structured_row:NeoTech Smartphone Max 23""]",1,576,candidate
DEC029_FULL,train_kb,conservative_noisy_or_conflict_adjusted,3,NeoTech Smartphone Max 23,made_of_material,carbon fiber,neotech smartphone max 23|made_of_material|carbon fiber,1,[0.98],True,0,0.735,0.735,0.88,False,0.735,False,False,"[""product_23""]","[""structured""]","[""structured_row:NeoTech Smartphone Max 23""]",1,576,candidate
DEC029_FULL,train_kb,conservative_noisy_or_conflict_adjusted,3,NeoTech Smartphone Max 23,target_market_region,APAC,neotech smartphone max 23|target_market_region|apac,1,[0.98],True,0,0.735,0.735,0.88,False,0.735,False,False,"[""product_23""]","[""structured""]","[""structured_row:NeoTech Smartphone Max 23""]",0,576,candidate
DEC029_FULL,train_kb,conservative_noisy_or_conflict_adjusted,3,NeoTech Smartphone Max 23,supports_fast_charging,yes,neotech smartphone max 23|supports_fast_charging|yes,1,[0.98],True,0,0.735,0.735,0.88,False,0.735,False,False,"[""product_23""]","[""structured""]","[""structured_row:NeoTech Smartphone Max 23""]",0,576,candidate
DEC029_FULL,train_kb,conservative_noisy_or_conflict_adjusted,3,NeoTech Smartphone Max 23,has_noise_cancellation,no,neotech smartphone max 23|has_noise_cancellation|no,1,[0.98],True,0,0.735,0.735,0.88,False,0.735,False,False,"[""product_23""]","[""structured""]","[""structured_row:NeoTech Smartphone Max 23""]",1,576,candidate
DEC029_FULL,train_kb,conservative_noisy_or_conflict_adjusted,3,TechNova Smartphone Pro 1,has_price_usd,699,technova smartphone pro 1|has_price_usd|699,4,"[0.92, 0.91, 0.91, 0.91]",True,5,0.99007814484375,0.165013024140625,0.88,False,0.16145834374999998,False,False,"[""product_23"", ""product_22"", ""product_23"", ""product_22""]","[""unstructured"", ""unstructured"", ""unstructured"", ""unstructured""]","[""It is a smartphone device. Priced at 699 USD. The display measures 13.3 inches. Weighs approximately 1.8kg. Available in green. Built with carbon fiber construction. Noise cancellation: no."", ""It is a smartwatch device. Priced at 699 USD. The display measures 6.1 inches. Weighs approximately 0.18kg. Available in silver. Built with plastic construction. Targeted at the APAC market."", ""It is a smartphone device. Priced at 699 USD. The display measures 13.3 inches. Weighs approximately 1.8kg. Available in green. Built with carbon fiber construction. Noise cancellation: no."", ""It is a smartwatch device. Priced at 699 USD. The display measures 6.1 inches. Weighs approximately 0.18kg. Available in silver. Built with plastic construction. Targeted at the APAC market.""]",0,576,candidate
DEC029_FULL,train_kb,conservative_noisy_or_conflict_adjusted,3,TechNova Smartphone Pro 1,has_screen_size_inch,13.3,technova smartphone pro 1|has_screen_size_inch|13.3,3,"[0.94, 0.91, 0.91]",True,4,0.97026215625,0.19405243125,0.88,False,0.1812675,False,False,"[""product_23"", ""product_23"", ""product_18""]","[""unstructured"", ""unstructured"", ""unstructured""]","[""It is a smartphone device. Priced at 699 USD. The display measures 13.3 inches. Weighs approximately 1.8kg. Available in green. Built with carbon fiber construction. Noise cancellation: no."", ""It is a smartphone device. Priced at 699 USD. The display measures 13.3 inches. Weighs approximately 1.8kg. Available in green. Built with carbon fiber construction. Noise cancellation: no."", ""VoltEdge Laptop Plus 18 is manufactured by VoltEdge. Battery lasts up to 10 hours. Weighs approximately 0.23kg. Available in green. Built with aluminum construction. Targeted at the Global market. Noise cancellation: no.""]",0,576,candidate
DEC029_FULL,train_kb,conservative_noisy_or_conflict_adjusted,3,TechNova Smartphone Pro 1,has_color,green,technova smartphone pro 1|has_color|green,2,"[0.85, 0.91]",False,3,0.88490625,0.88490625,0.88,True,0.88490625,False,False,"[""product_23"", ""product_23""]","[""unstructured"", ""unstructured""]","[""It is a smartphone device. Priced at 699 USD. The display measures 13.3 inches. Weighs approximately 1.8kg. Available in green. Built with carbon fiber construction. Noise cancellation: no."", ""It is a smartphone device. Priced at 699 USD. The display measures 13.3 inches. Weighs approximately 1.8kg. Available in green. Built with carbon fiber construction. Noise cancellation: no.""]",0,576,candidate
DEC029_FULL,train_kb,conservative_noisy_or_conflict_adjusted,3,TechNova Smartphone Pro 1,made_of_material,carbon fiber,technova smartphone pro 1|made_of_material|carbon fiber,3,"[0.88, 0.91, 0.91]",True,2,0.965725875,0.321908625,0.88,False,0.446025,False,False,"[""product_23"", ""product_30"", ""product_30""]","[""unstructured"", ""unstructured"", ""unstructured""]","[""It is a smartphone device. Priced at 699 USD. The display measures 13.3 inches. Weighs approximately 1.8kg. Available in green. Built with carbon fiber construction. Noise cancellation: no."", ""It is a smartphone device. Priced at 299 USD. The display measures 14.0 inches. Comes with 16GB of RAM. Offers 512GB of internal storage. Available in white. Built with carbon fiber construction."", ""It is a smartphone device. Priced at 299 USD. The display measures 14.0 inches. Comes with 16GB of RAM. Offers 512GB of internal storage. Available in white. Built with carbon fiber construction.""]",0,576,candidate
DEC029_FULL,train_kb,conservative_noisy_or_conflict_adjusted,3,TechNova Smartphone Pro 1,has_noise_cancellation,no,technova smartphone pro 1|has_noise_cancellation|no,10,"[0.86, 0.91, 0.91, 0.91, 0.91, 0.91, 0.91, 0.91, 0.85, 0.91]",True,0,0.9999867111866663,0.9999867111866663,0.88,True,0.9988546268418471,False,False,"[""product_23"", ""product_50"", ""product_2"", ""product_23"", ""product_31"", ""product_50"", ""product_2"", ""product_31"", ""product_47"", ""product_50""]","[""unstructured"", ""unstructured"", ""unstructured"", ""unstructured"", ""unstructured"", ""unstructured"", ""unstructured"", ""unstructured"", ""unstructured"", ""unstructured""]","[""It is a smartphone device. Priced at 699 USD. The display measures 13.3 inches. Weighs approximately 1.8kg. Available in green. Built with carbon fiber construction. Noise cancellation: no."", ""The display measures 6.7 inches. Comes with 32GB of RAM. Offers 256GB of internal storage. Available in black. Targeted at the EU market. Fast charging is yes. Noise cancellation: no."", ""Priced at 499 USD. The display measures 6.7 inches. Comes with 16GB of RAM. Battery lasts up to 8 hours. Weighs approximately 1.8kg. Available in silver. Noise cancellation: no."", ""It is a smartphone device. Priced at 699 USD. The display measures 13.3 inches. Weighs approximately 1.8kg. Available in green. Built with carbon fiber construction. Noise cancellation: no."", ""Priced at 299 USD. Comes with 6GB of RAM. Offers 64GB of internal storage. Battery lasts up to 20 hours. Built with aluminum construction. Fast charging is yes. Noise cancellation: no."", ""The display measures 6.7 inches. Comes with 32GB of RAM. Offers 256GB of internal storage. Available in black. Targeted at the EU market. Fast charging is yes. Noise cancellation: no."", ""Priced at 499 USD. The display measures 6.7 inches. Comes with 16GB of RAM. Battery lasts up to 8 hours. Weighs approximately 1.8kg. Available in silver. Noise cancellation: no."", ""Priced at 299 USD. Comes with 6GB of RAM. Offers 64GB of internal storage. Battery lasts up to 20 hours. Built with aluminum construction. Fast charging is yes. Noise cancellation: no."", ""It is a headphones device. The display measures 14.0 inches. Comes with 12GB of RAM. Battery lasts up to 20 hours. Weighs approximately 1.8kg. Built with aluminum construction. Noise cancellation: no."", ""The display measures 6.7 inches. Comes with 32GB of RAM. Offers 256GB of internal storage. Available in black. Targeted at the EU market. Fast charging is yes. Noise cancellation: no.""]",0,576,candidate
DEC029_FULL,train_kb,conservative_noisy_or_conflict_adjusted,3,TechNova Smartwatch Plus 25,manufactured_by,TechNova,technova smartwatch plus 25|manufactured_by|technova,4,"[0.98, 0.95, 0.91, 0.91]",True,0,0.992319823828125,0.992319823828125,0.88,True,0.97581046875,False,False,"[""product_25"", ""product_25"", ""product_25"", ""product_25""]","[""structured"", ""unstructured"", ""unstructured"", ""unstructured""]","[""structured_row:TechNova Smartwatch Plus 25"", ""TechNova Smartwatch Plus 25 is manufactured by TechNova. It is a smartwatch device. Comes with 8GB of RAM. Offers 256GB of internal storage. Battery lasts up to 20 hours. Available in white. Fast charging is yes."", ""TechNova Smartwatch Plus 25 is manufactured by TechNova. It is a smartwatch device. Comes with 8GB of RAM. Offers 256GB of internal storage. Battery lasts up to 20 hours. Available in white. Fast charging is yes."", ""TechNova Smartwatch Plus 25 is manufactured by TechNova. It is a smartwatch device. Comes with 8GB of RAM. Offers 256GB of internal storage. Battery lasts up to 20 hours. Available in white. Fast charging is yes.""]",1,576,candidate
DEC029_FULL,train_kb,conservative_noisy_or_conflict_adjusted,3,TechNova Smartwatch Plus 25,belongs_to_category,smartwatch,technova smartwatch plus 25|belongs_to_category|smartwatch,1,[0.98],True,0,0.735,0.735,0.88,False,0.735,False,False,"[""product_25""]","[""structured""]","[""structured_row:TechNova Smartwatch Plus 25""]",1,576,candidate
DEC029_FULL,train_kb,conservative_noisy_or_conflict_adjusted,3,TechNova Smartwatch Plus 25,has_price_usd,699,technova smartwatch plus 25|has_price_usd|699,1,[0.98],True,0,0.735,0.735,0.88,False,0.735,False,False,"[""product_25""]","[""structured""]","[""structured_row:TechNova Smartwatch Plus 25""]",0,576,candidate
DEC029_FULL,train_kb,conservative_noisy_or_conflict_adjusted,3,TechNova Smartwatch Plus 25,has_screen_size_inch,15.6,technova smartwatch plus 25|has_screen_size_inch|15.6,1,[0.98],True,0,0.735,0.735,0.88,False,0.735,False,False,"[""product_25""]","[""structured""]","[""structured_row:TechNova Smartwatch Plus 25""]",0,576,candidate
DEC029_FULL,train_kb,conservative_noisy_or_conflict_adjusted,3,TechNova Smartwatch Plus 25,has_ram_gb,8,technova smartwatch plus 25|has_ram_gb|8,4,"[0.98, 0.91, 0.91, 0.91]",True,0,0.991518414140625,0.991518414140625,0.88,True,0.97328634375,False,False,"[""product_25"", ""product_25"", ""product_25"", ""product_25""]","[""structured"", ""unstructured"", ""unstructured"", ""unstructured""]","[""structured_row:TechNova Smartwatch Plus 25"", ""TechNova Smartwatch Plus 25 is manufactured by TechNova. It is a smartwatch device. Comes with 8GB of RAM. Offers 256GB of internal storage. Battery lasts up to 20 hours. Available in white. Fast charging is yes."", ""TechNova Smartwatch Plus 25 is manufactured by TechNova. It is a smartwatch device. Comes with 8GB of RAM. Offers 256GB of internal storage. Battery lasts up to 20 hours. Available in white. Fast charging is yes."", ""TechNova Smartwatch Plus 25 is manufactured by TechNova. It is a smartwatch device. Comes with 8GB of RAM. Offers 256GB of internal storage. Battery lasts up to 20 hours. Available in white. Fast charging is yes.""]",1,576,candidate
DEC029_FULL,train_kb,conservative_noisy_or_conflict_adjusted,3,TechNova Smartwatch Plus 25,has_storage_gb,256,technova smartwatch plus 25|has_storage_gb|256,4,"[0.98, 0.92, 0.91, 0.91]",True,0,0.9917187665625,0.9917187665625,0.88,True,0.973917375,False,False,"[""product_25"", ""product_25"", ""product_25"", ""product_25""]","[""structured"", ""unstructured"", ""unstructured"", ""unstructured""]","[""structured_row:TechNova Smartwatch Plus 25"", ""TechNova Smartwatch Plus 25 is manufactured by TechNova. It is a smartwatch device. Comes with 8GB of RAM. Offers 256GB of internal storage. Battery lasts up to 20 hours. Available in white. Fast charging is yes."", ""TechNova Smartwatch Plus 25 is manufactured by TechNova. It is a smartwatch device. Comes with 8GB of RAM. Offers 256GB of internal storage. Battery lasts up to 20 hours. Available in white. Fast charging is yes."", ""TechNova Smartwatch Plus 25 is manufactured by TechNova. It is a smartwatch device. Comes with 8GB of RAM. Offers 256GB of internal storage. Battery lasts up to 20 hours. Available in white. Fast charging is yes.""]",1,576,candidate
DEC029_FULL,train_kb,conservative_noisy_or_conflict_adjusted,3,TechNova Smartwatch Plus 25,has_battery_life_hours,20,technova smartwatch plus 25|has_battery_life_hours|20,4,"[0.98, 0.9, 0.91, 0.91]",True,0,0.99131806171875,0.99131806171875,0.88,True,0.9726553125,False,False,"[""product_25"", ""product_25"", ""product_25"", ""product_25""]","[""structured"", ""unstructured"", ""unstructured"", ""unstructured""]","[""structured_row:TechNova Smartwatch Plus 25"", ""TechNova Smartwatch Plus 25 is manufactured by TechNova. It is a smartwatch device. Comes with 8GB of RAM. Offers 256GB of internal storage. Battery lasts up to 20 hours. Available in white. Fast charging is yes."", ""TechNova Smartwatch Plus 25 is manufactured by TechNova. It is a smartwatch device. Comes with 8GB of RAM. Offers 256GB of internal storage. Battery lasts up to 20 hours. Available in white. Fast charging is yes."", ""TechNova Smartwatch Plus 25 is manufactured by TechNova. It is a smartwatch device. Comes with 8GB of RAM. Offers 256GB of internal storage. Battery lasts up to 20 hours. Available in white. Fast charging is yes.""]",1,576,candidate
DEC029_FULL,train_kb,conservative_noisy_or_conflict_adjusted,3,TechNova Smartwatch Plus 25,has_weight_kg,1.8,technova smartwatch plus 25|has_weight_kg|1.8,1,[0.98],True,0,0.735,0.735,0.88,False,0.735,False,False,"[""product_25""]","[""structured""]","[""structured_row:TechNova Smartwatch Plus 25""]",0,576,candidate
DEC029_FULL,train_kb,conservative_noisy_or_conflict_adjusted,3,TechNova Smartwatch Plus 25,has_color,white,technova smartwatch plus 25|has_color|white,4,"[0.98, 0.88, 0.91, 0.91]",False,0,0.990917356875,0.990917356875,0.88,True,0.97139325,False,False,"[""product_25"", ""product_25"", ""product_25"", ""product_25""]","[""structured"", ""unstructured"", ""unstructured"", ""unstructured""]","[""structured_row:TechNova Smartwatch Plus 25"", ""TechNova Smartwatch Plus 25 is manufactured by TechNova. It is a smartwatch device. Comes with 8GB of RAM. Offers 256GB of internal storage. Battery lasts up to 20 hours. Available in white. Fast charging is yes."", ""TechNova Smartwatch Plus 25 is manufactured by TechNova. It is a smartwatch device. Comes with 8GB of RAM. Offers 256GB of internal storage. Battery lasts up to 20 hours. Available in white. Fast charging is yes."", ""TechNova Smartwatch Plus 25 is manufactured by TechNova. It is a smartwatch device. Comes with 8GB of RAM. Offers 256GB of internal storage. Battery lasts up to 20 hours. Available in white. Fast charging is yes.""]",1,576,candidate
DEC029_FULL,train_kb,conservative_noisy_or_conflict_adjusted,3,TechNova Smartwatch Plus 25,made_of_material,carbon fiber,technova smartwatch plus 25|made_of_material|carbon fiber,1,[0.98],True,0,0.735,0.735,0.88,False,0.735,False,False,"[""product_25""]","[""structured""]","[""structured_row:TechNova Smartwatch Plus 25""]",0,576,candidate
DEC029_FULL,train_kb,conservative_noisy_or_conflict_adjusted,3,TechNova Smartwatch Plus 25,target_market_region,Global,technova smartwatch plus 25|target_market_region|global,1,[0.98],True,0,0.735,0.735,0.88,False,0.735,False,False,"[""product_25""]","[""structured""]","[""structured_row:TechNova Smartwatch Plus 25""]",0,576,candidate
DEC029_FULL,train_kb,conservative_noisy_or_conflict_adjusted,3,TechNova Smartwatch Plus 25,supports_fast_charging,yes,technova smartwatch plus 25|supports_fast_charging|yes,4,"[0.98, 0.85, 0.91, 0.91]",True,0,0.990316299609375,0.990316299609375,0.88,True,0.96950015625,False,False,"[""product_25"", ""product_25"", ""product_25"", ""product_25""]","[""structured"", ""unstructured"", ""unstructured"", ""unstructured""]","[""structured_row:TechNova Smartwatch Plus 25"", ""TechNova Smartwatch Plus 25 is manufactured by TechNova. It is a smartwatch device. Comes with 8GB of RAM. Offers 256GB of internal storage. Battery lasts up to 20 hours. Available in white. Fast charging is yes."", ""TechNova Smartwatch Plus 25 is manufactured by TechNova. It is a smartwatch device. Comes with 8GB of RAM. Offers 256GB of internal storage. Battery lasts up to 20 hours. Available in white. Fast charging is yes."", ""TechNova Smartwatch Plus 25 is manufactured by TechNova. It is a smartwatch device. Comes with 8GB of RAM. Offers 256GB of internal storage. Battery lasts up to 20 hours. Available in white. Fast charging is yes.""]",1,576,candidate
DEC029_FULL,train_kb,conservative_noisy_or_conflict_adjusted,3,TechNova Smartwatch Plus 25,has_noise_cancellation,no,technova smartwatch plus 25|has_noise_cancellation|no,1,[0.98],True,0,0.735,0.735,0.88,False,0.735,False,False,"[""product_25""]","[""structured""]","[""structured_row:TechNova Smartwatch Plus 25""]",0,576,candidate
DEC029_FULL,train_kb,conservative_noisy_or_conflict_adjusted,3,Zenbyte Laptop Pro 27,manufactured_by,Zenbyte,zenbyte laptop pro 27|manufactured_by|zenbyte,2,"[0.98, 0.95]",True,0,0.9238124999999999,0.9238124999999999,0.88,True,0.9238124999999999,False,False,"[""product_27"", ""product_27""]","[""structured"", ""unstructured""]","[""structured_row:Zenbyte Laptop Pro 27"", ""Zenbyte Laptop Pro 27 is manufactured by Zenbyte. It is a laptop device. Priced at 199 USD. Weighs approximately 0.18kg. Available in blue. Targeted at the APAC market. Fast charging is no.""]",1,576,candidate
DEC029_FULL,train_kb,conservative_noisy_or_conflict_adjusted,3,Zenbyte Laptop Pro 27,belongs_to_category,laptop,zenbyte laptop pro 27|belongs_to_category|laptop,1,[0.98],True,0,0.735,0.735,0.88,False,0.735,False,False,"[""product_27""]","[""structured""]","[""structured_row:Zenbyte Laptop Pro 27""]",1,576,candidate
DEC029_FULL,train_kb,conservative_noisy_or_conflict_adjusted,3,Zenbyte Laptop Pro 27,has_price_usd,199,zenbyte laptop pro 27|has_price_usd|199,2,"[0.98, 0.92]",True,0,0.91785,0.91785,0.88,True,0.91785,False,False,"[""product_27"", ""product_27""]","[""structured"", ""unstructured""]","[""structured_row:Zenbyte Laptop Pro 27"", ""Zenbyte Laptop Pro 27 is manufactured by Zenbyte. It is a laptop device. Priced at 199 USD. Weighs approximately 0.18kg. Available in blue. Targeted at the APAC market. Fast charging is no.""]",1,576,candidate
DEC029_FULL,train_kb,conservative_noisy_or_conflict_adjusted,3,Zenbyte Laptop Pro 27,has_screen_size_inch,13.3,zenbyte laptop pro 27|has_screen_size_inch|13.3,1,[0.98],True,0,0.735,0.735,0.88,False,0.735,False,False,"[""product_27""]","[""structured""]","[""structured_row:Zenbyte Laptop Pro 27""]",0,576,candidate
DEC029_FULL,train_kb,conservative_noisy_or_conflict_adjusted,3,Zenbyte Laptop Pro 27,has_ram_gb,6,zenbyte laptop pro 27|has_ram_gb|6,1,[0.98],True,0,0.735,0.735,0.88,False,0.735,False,False,"[""product_27""]","[""structured""]","[""structured_row:Zenbyte Laptop Pro 27""]",0,576,candidate
DEC029_FULL,train_kb,conservative_noisy_or_conflict_adjusted,3,Zenbyte Laptop Pro 27,has_storage_gb,256,zenbyte laptop pro 27|has_storage_gb|256,1,[0.98],True,0,0.735,0.735,0.88,False,0.735,False,False,"[""product_27""]","[""structured""]","[""structured_row:Zenbyte Laptop Pro 27""]",0,576,candidate
DEC029_FULL,train_kb,conservative_noisy_or_conflict_adjusted,3,Zenbyte Laptop Pro 27,has_battery_life_hours,8,zenbyte laptop pro 27|has_battery_life_hours|8,1,[0.98],True,0,0.735,0.735,0.88,False,0.735,False,False,"[""product_27""]","[""structured""]","[""structured_row:Zenbyte Laptop Pro 27""]",0,576,candidate
DEC029_FULL,train_kb,conservative_noisy_or_conflict_adjusted,3,Zenbyte Laptop Pro 27,has_weight_kg,0.18,zenbyte laptop pro 27|has_weight_kg|0.18,2,"[0.98, 0.93]",True,0,0.9198375,0.9198375,0.88,True,0.9198375,False,False,"[""product_27"", ""product_27""]","[""structured"", ""unstructured""]","[""structured_row:Zenbyte Laptop Pro 27"", ""Zenbyte Laptop Pro 27 is manufactured by Zenbyte. It is a laptop device. Priced at 199 USD. Weighs approximately 0.18kg. Available in blue. Targeted at the APAC market. Fast charging is no.""]",1,576,candidate
DEC029_FULL,train_kb,conservative_noisy_or_conflict_adjusted,3,Zenbyte Laptop Pro 27,has_color,blue,zenbyte laptop pro 27|has_color|blue,2,"[0.98, 0.9]",False,0,0.913875,0.913875,0.88,True,0.913875,False,False,"[""product_27"", ""product_27""]","[""structured"", ""unstructured""]","[""structured_row:Zenbyte Laptop Pro 27"", ""Zenbyte Laptop Pro 27 is manufactured by Zenbyte. It is a laptop device. Priced at 199 USD. Weighs approximately 0.18kg. Available in blue. Targeted at the APAC market. Fast charging is no.""]",1,576,candidate
DEC029_FULL,train_kb,conservative_noisy_or_conflict_adjusted,3,Zenbyte Laptop Pro 27,made_of_material,plastic,zenbyte laptop pro 27|made_of_material|plastic,1,[0.98],True,0,0.735,0.735,0.88,False,0.735,False,False,"[""product_27""]","[""structured""]","[""structured_row:Zenbyte Laptop Pro 27""]",0,576,candidate
DEC029_FULL,train_kb,conservative_noisy_or_conflict_adjusted,3,Zenbyte Laptop Pro 27,target_market_region,APAC,zenbyte laptop pro 27|target_market_region|apac,2,"[0.98, 0.94]",True,0,0.921825,0.921825,0.88,True,0.921825,False,False,"[""product_27"", ""product_27""]","[""structured"", ""unstructured""]","[""structured_row:Zenbyte Laptop Pro 27"", ""Zenbyte Laptop Pro 27 is manufactured by Zenbyte. It is a laptop device. Priced at 199 USD. Weighs approximately 0.18kg. Available in blue. Targeted at the APAC market. Fast charging is no.""]",1,576,candidate
DEC029_FULL,train_kb,conservative_noisy_or_conflict_adjusted,3,Zenbyte Laptop Pro 27,supports_fast_charging,no,zenbyte laptop pro 27|supports_fast_charging|no,2,"[0.98, 0.88]",True,0,0.9099,0.9099,0.88,True,0.9099,False,False,"[""product_27"", ""product_27""]","[""structured"", ""unstructured""]","[""structured_row:Zenbyte Laptop Pro 27"", ""Zenbyte Laptop Pro 27 is manufactured by Zenbyte. It is a laptop device. Priced at 199 USD. Weighs approximately 0.18kg. Available in blue. Targeted at the APAC market. Fast charging is no.""]",1,576,candidate
DEC029_FULL,train_kb,conservative_noisy_or_conflict_adjusted,3,Zenbyte Laptop Pro 27,has_noise_cancellation,no,zenbyte laptop pro 27|has_noise_cancellation|no,1,[0.98],True,0,0.735,0.735,0.88,False,0.735,False,False,"[""product_27""]","[""structured""]","[""structured_row:Zenbyte Laptop Pro 27""]",0,576,candidate
DEC029_FULL,train_kb,conservative_noisy_or_conflict_adjusted,3,TechNova Smartwatch Lite 28,manufactured_by,TechNova,technova smartwatch lite 28|manufactured_by|technova,1,[0.98],True,0,0.735,0.735,0.88,False,0.735,False,False,"[""product_28""]","[""structured""]","[""structured_row:TechNova Smartwatch Lite 28""]",0,576,candidate
DEC029_FULL,train_kb,conservative_noisy_or_conflict_adjusted,3,TechNova Smartwatch Lite 28,belongs_to_category,smartwatch,technova smartwatch lite 28|belongs_to_category|smartwatch,1,[0.98],True,0,0.735,0.735,0.88,False,0.735,False,False,"[""product_28""]","[""structured""]","[""structured_row:TechNova Smartwatch Lite 28""]",1,576,candidate
DEC029_FULL,train_kb,conservative_noisy_or_conflict_adjusted,3,TechNova Smartwatch Lite 28,has_price_usd,249,technova smartwatch lite 28|has_price_usd|249,1,[0.98],True,0,0.735,0.735,0.88,False,0.735,False,False,"[""product_28""]","[""structured""]","[""structured_row:TechNova Smartwatch Lite 28""]",1,576,candidate
DEC029_FULL,train_kb,conservative_noisy_or_conflict_adjusted,3,TechNova Smartwatch Lite 28,has_screen_size_inch,15.6,technova smartwatch lite 28|has_screen_size_inch|15.6,1,[0.98],True,0,0.735,0.735,0.88,False,0.735,False,False,"[""product_28""]","[""structured""]","[""structured_row:TechNova Smartwatch Lite 28""]",0,576,candidate
DEC029_FULL,train_kb,conservative_noisy_or_conflict_adjusted,3,TechNova Smartwatch Lite 28,has_ram_gb,32,technova smartwatch lite 28|has_ram_gb|32,1,[0.98],True,0,0.735,0.735,0.88,False,0.735,False,False,"[""product_28""]","[""structured""]","[""structured_row:TechNova Smartwatch Lite 28""]",0,576,candidate
DEC029_FULL,train_kb,conservative_noisy_or_conflict_adjusted,3,TechNova Smartwatch Lite 28,has_storage_gb,512,technova smartwatch lite 28|has_storage_gb|512,1,[0.98],True,0,0.735,0.735,0.88,False,0.735,False,False,"[""product_28""]","[""structured""]","[""structured_row:TechNova Smartwatch Lite 28""]",1,576,candidate
DEC029_FULL,train_kb,conservative_noisy_or_conflict_adjusted,3,TechNova Smartwatch Lite 28,has_battery_life_hours,14,technova smartwatch lite 28|has_battery_life_hours|14,1,[0.98],True,0,0.735,0.735,0.88,False,0.735,False,False,"[""product_28""]","[""structured""]","[""structured_row:TechNova Smartwatch Lite 28""]",1,576,candidate
DEC029_FULL,train_kb,conservative_noisy_or_conflict_adjusted,3,TechNova Smartwatch Lite 28,has_weight_kg,1.2,technova smartwatch lite 28|has_weight_kg|1.2,1,[0.98],True,0,0.735,0.735,0.88,False,0.735,False,False,"[""product_28""]","[""structured""]","[""structured_row:TechNova Smartwatch Lite 28""]",1,576,candidate
DEC029_FULL,train_kb,conservative_noisy_or_conflict_adjusted,3,TechNova Smartwatch Lite 28,has_color,green,technova smartwatch lite 28|has_color|green,1,[0.98],False,0,0.735,0.735,0.88,False,0.735,False,False,"[""product_28""]","[""structured""]","[""structured_row:TechNova Smartwatch Lite 28""]",0,576,candidate
DEC029_FULL,train_kb,conservative_noisy_or_conflict_adjusted,3,TechNova Smartwatch Lite 28,made_of_material,aluminum,technova smartwatch lite 28|made_of_material|aluminum,1,[0.98],True,0,0.735,0.735,0.88,False,0.735,False,False,"[""product_28""]","[""structured""]","[""structured_row:TechNova Smartwatch Lite 28""]",0,576,candidate
DEC029_FULL,train_kb,conservative_noisy_or_conflict_adjusted,3,TechNova Smartwatch Lite 28,target_market_region,Global,technova smartwatch lite 28|target_market_region|global,1,[0.98],True,0,0.735,0.735,0.88,False,0.735,False,False,"[""product_28""]","[""structured""]","[""structured_row:TechNova Smartwatch Lite 28""]",1,576,candidate
DEC029_FULL,train_kb,conservative_noisy_or_conflict_adjusted,3,TechNova Smartwatch Lite 28,supports_fast_charging,yes,technova smartwatch lite 28|supports_fast_charging|yes,1,[0.98],True,0,0.735,0.735,0.88,False,0.735,False,False,"[""product_28""]","[""structured""]","[""structured_row:TechNova Smartwatch Lite 28""]",1,576,candidate
DEC029_FULL,train_kb,conservative_noisy_or_conflict_adjusted,3,TechNova Smartwatch Lite 28,has_noise_cancellation,no,technova smartwatch lite 28|has_noise_cancellation|no,1,[0.98],True,0,0.735,0.735,0.88,False,0.735,False,False,"[""product_28""]","[""structured""]","[""structured_row:TechNova Smartwatch Lite 28""]",0,576,candidate
DEC029_FULL,train_kb,conservative_noisy_or_conflict_adjusted,3,TechNova Smartphone Pro 1,has_price_usd,249,technova smartphone pro 1|has_price_usd|249,3,"[0.95, 0.85, 0.91]",True,5,0.966910546875,0.1611517578125,0.88,False,0.1611517578125,False,False,"[""product_28"", ""product_40"", ""product_28""]","[""unstructured"", ""unstructured"", ""unstructured""]","[""It is a smartwatch device. Priced at 249 USD. Offers 512GB of internal storage. Battery lasts up to 14 hours. Weighs approximately 1.2kg. Targeted at the Global market. Fast charging is yes."", ""Priced at 249 USD. Comes with 16GB of RAM. Battery lasts up to 24 hours. Weighs approximately 1.45kg. Available in white. Built with plastic construction. Fast charging is no."", ""It is a smartwatch device. Priced at 249 USD. Offers 512GB of internal storage. Battery lasts up to 14 hours. Weighs approximately 1.2kg. Targeted at the Global market. Fast charging is yes.""]",0,576,candidate
DEC029_FULL,train_kb,conservative_noisy_or_conflict_adjusted,3,TechNova Smartphone Pro 1,has_storage_gb,512,technova smartphone pro 1|has_storage_gb|512,5,"[0.92, 0.95, 0.91, 0.91, 0.91]",True,3,0.9971474666425781,0.24928686666064453,0.88,False,0.2477539107421875,False,False,"[""product_28"", ""product_30"", ""product_28"", ""product_30"", ""product_30""]","[""unstructured"", ""unstructured"", ""unstructured"", ""unstructured"", ""unstructured""]","[""It is a smartwatch device. Priced at 249 USD. Offers 512GB of internal storage. Battery lasts up to 14 hours. Weighs approximately 1.2kg. Targeted at the Global market. Fast charging is yes."", ""It is a smartphone device. Priced at 299 USD. The display measures 14.0 inches. Comes with 16GB of RAM. Offers 512GB of internal storage. Available in white. Built with carbon fiber construction."", ""It is a smartwatch device. Priced at 249 USD. Offers 512GB of internal storage. Battery lasts up to 14 hours. Weighs approximately 1.2kg. Targeted at the Global market. Fast charging is yes."", ""It is a smartphone device. Priced at 299 USD. The display measures 14.0 inches. Comes with 16GB of RAM. Offers 512GB of internal storage. Available in white. Built with carbon fiber construction."", ""It is a smartphone device. Priced at 299 USD. The display measures 14.0 inches. Comes with 16GB of RAM. Offers 512GB of internal storage. Available in white. Built with carbon fiber construction.""]",0,576,candidate
DEC029_FULL,train_kb,conservative_noisy_or_conflict_adjusted,3,TechNova Smartphone Pro 1,has_battery_life_hours,14,technova smartphone pro 1|has_battery_life_hours|14,3,"[0.93, 0.91, 0.91]",True,4,0.969506109375,0.193901221875,0.88,False,0.18079125000000001,False,False,"[""product_28"", ""product_28"", ""product_18""]","[""unstructured"", ""unstructured"", ""unstructured""]","[""It is a smartwatch device. Priced at 249 USD. Offers 512GB of internal storage. Battery lasts up to 14 hours. Weighs approximately 1.2kg. Targeted at the Global market. Fast charging is yes."", ""It is a smartwatch device. Priced at 249 USD. Offers 512GB of internal storage. Battery lasts up to 14 hours. Weighs approximately 1.2kg. Targeted at the Global market. Fast charging is yes."", ""VoltEdge Laptop Plus 18 is manufactured by VoltEdge. Battery lasts up to 10 hours. Weighs approximately 0.23kg. Available in green. Built with aluminum construction. Targeted at the Global market. Noise cancellation: no.""]",0,576,candidate
DEC029_FULL,train_kb,conservative_noisy_or_conflict_adjusted,3,TechNova Smartphone Pro 1,has_weight_kg,1.2,technova smartphone pro 1|has_weight_kg|1.2,2,"[0.94, 0.91]",True,5,0.9063375,0.15105625,0.88,False,0.1812675,False,False,"[""product_28"", ""product_28""]","[""unstructured"", ""unstructured""]","[""It is a smartwatch device. Priced at 249 USD. Offers 512GB of internal storage. Battery lasts up to 14 hours. Weighs approximately 1.2kg. Targeted at the Global market. Fast charging is yes."", ""It is a smartwatch device. Priced at 249 USD. Offers 512GB of internal storage. Battery lasts up to 14 hours. Weighs approximately 1.2kg. Targeted at the Global market. Fast charging is yes.""]",0,576,candidate
DEC029_FULL,train_kb,conservative_noisy_or_conflict_adjusted,3,TechNova Smartphone Pro 1,target_market_region,Global,technova smartphone pro 1|target_market_region|global,2,"[0.9, 0.91]",True,3,0.8968125,0.224203125,0.88,False,0.224203125,False,False,"[""product_28"", ""product_28""]","[""unstructured"", ""unstructured""]","[""It is a smartwatch device. Priced at 249 USD. Offers 512GB of internal storage. Battery lasts up to 14 hours. Weighs approximately 1.2kg. Targeted at the Global market. Fast charging is yes."", ""It is a smartwatch device. Priced at 249 USD. Offers 512GB of internal storage. Battery lasts up to 14 hours. Weighs approximately 1.2kg. Targeted at the Global market. Fast charging is yes.""]",0,576,candidate
DEC029_FULL,train_kb,conservative_noisy_or_conflict_adjusted,3,TechNova Smartphone Pro 1,supports_fast_charging,yes,technova smartphone pro 1|supports_fast_charging|yes,6,"[0.96, 0.9, 0.91, 0.91, 0.91, 0.91]",True,1,0.9990752670964453,0.49953763354822267,0.88,False,0.495413315625,False,False,"[""product_28"", ""product_50"", ""product_28"", ""product_50"", ""product_31"", ""product_50""]","[""unstructured"", ""unstructured"", ""unstructured"", ""unstructured"", ""unstructured"", ""unstructured""]","[""It is a smartwatch device. Priced at 249 USD. Offers 512GB of internal storage. Battery lasts up to 14 hours. Weighs approximately 1.2kg. Targeted at the Global market. Fast charging is yes."", ""The display measures 6.7 inches. Comes with 32GB of RAM. Offers 256GB of internal storage. Available in black. Targeted at the EU market. Fast charging is yes. Noise cancellation: no."", ""It is a smartwatch device. Priced at 249 USD. Offers 512GB of internal storage. Battery lasts up to 14 hours. Weighs approximately 1.2kg. Targeted at the Global market. Fast charging is yes."", ""The display measures 6.7 inches. Comes with 32GB of RAM. Offers 256GB of internal storage. Available in black. Targeted at the EU market. Fast charging is yes. Noise cancellation: no."", ""Priced at 299 USD. Comes with 6GB of RAM. Offers 64GB of internal storage. Battery lasts up to 20 hours. Built with aluminum construction. Fast charging is yes. Noise cancellation: no."", ""The display measures 6.7 inches. Comes with 32GB of RAM. Offers 256GB of internal storage. Available in black. Targeted at the EU market. Fast charging is yes. Noise cancellation: no.""]",0,576,candidate
DEC029_FULL,train_kb,conservative_noisy_or_conflict_adjusted,3,Zenbyte Smartwatch Plus 29,manufactured_by,Zenbyte,zenbyte smartwatch plus 29|manufactured_by|zenbyte,3,"[0.98, 0.95, 0.91]",True,0,0.97581046875,0.97581046875,0.88,True,0.97581046875,False,False,"[""product_29"", ""product_29"", ""product_29""]","[""structured"", ""unstructured"", ""unstructured""]","[""structured_row:Zenbyte Smartwatch Plus 29"", ""Zenbyte Smartwatch Plus 29 is manufactured by Zenbyte. It is a smartwatch device. Priced at 299 USD. Comes with 4GB of RAM. Weighs approximately 1.2kg. Built with aluminum construction. Targeted at the Global market."", ""Zenbyte Smartwatch Plus 29 is manufactured by Zenbyte. It is a smartwatch device. Priced at 299 USD. Comes with 4GB of RAM. Weighs approximately 1.2kg. Built with aluminum construction. Targeted at the Global market.""]",1,576,candidate
DEC029_FULL,train_kb,conservative_noisy_or_conflict_adjusted,3,Zenbyte Smartwatch Plus 29,belongs_to_category,smartwatch,zenbyte smartwatch plus 29|belongs_to_category|smartwatch,1,[0.98],True,0,0.735,0.735,0.88,False,0.735,False,False,"[""product_29""]","[""structured""]","[""structured_row:Zenbyte Smartwatch Plus 29""]",1,576,candidate
DEC029_FULL,train_kb,conservative_noisy_or_conflict_adjusted,3,Zenbyte Smartwatch Plus 29,has_price_usd,299,zenbyte smartwatch plus 29|has_price_usd|299,3,"[0.98, 0.92, 0.91]",True,0,0.973917375,0.973917375,0.88,True,0.973917375,False,False,"[""product_29"", ""product_29"", ""product_29""]","[""structured"", ""unstructured"", ""unstructured""]","[""structured_row:Zenbyte Smartwatch Plus 29"", ""Zenbyte Smartwatch Plus 29 is manufactured by Zenbyte. It is a smartwatch device. Priced at 299 USD. Comes with 4GB of RAM. Weighs approximately 1.2kg. Built with aluminum construction. Targeted at the Global market."", ""Zenbyte Smartwatch Plus 29 is manufactured by Zenbyte. It is a smartwatch device. Priced at 299 USD. Comes with 4GB of RAM. Weighs approximately 1.2kg. Built with aluminum construction. Targeted at the Global market.""]",1,576,candidate
DEC029_FULL,train_kb,conservative_noisy_or_conflict_adjusted,3,Zenbyte Smartwatch Plus 29,has_screen_size_inch,11.0,zenbyte smartwatch plus 29|has_screen_size_inch|11.0,1,[0.98],True,0,0.735,0.735,0.88,False,0.735,False,False,"[""product_29""]","[""structured""]","[""structured_row:Zenbyte Smartwatch Plus 29""]",0,576,candidate
DEC029_FULL,train_kb,conservative_noisy_or_conflict_adjusted,3,Zenbyte Smartwatch Plus 29,has_ram_gb,4,zenbyte smartwatch plus 29|has_ram_gb|4,3,"[0.98, 0.91, 0.91]",True,0,0.97328634375,0.97328634375,0.88,True,0.97328634375,False,False,"[""product_29"", ""product_29"", ""product_29""]","[""structured"", ""unstructured"", ""unstructured""]","[""structured_row:Zenbyte Smartwatch Plus 29"", ""Zenbyte Smartwatch Plus 29 is manufactured by Zenbyte. It is a smartwatch device. Priced at 299 USD. Comes with 4GB of RAM. Weighs approximately 1.2kg. Built with aluminum construction. Targeted at the Global market."", ""Zenbyte Smartwatch Plus 29 is manufactured by Zenbyte. It is a smartwatch device. Priced at 299 USD. Comes with 4GB of RAM. Weighs approximately 1.2kg. Built with aluminum construction. Targeted at the Global market.""]",1,576,candidate
DEC029_FULL,train_kb,conservative_noisy_or_conflict_adjusted,3,Zenbyte Smartwatch Plus 29,has_storage_gb,512,zenbyte smartwatch plus 29|has_storage_gb|512,1,[0.98],True,0,0.735,0.735,0.88,False,0.735,False,False,"[""product_29""]","[""structured""]","[""structured_row:Zenbyte Smartwatch Plus 29""]",0,576,candidate
DEC029_FULL,train_kb,conservative_noisy_or_conflict_adjusted,3,Zenbyte Smartwatch Plus 29,has_battery_life_hours,12,zenbyte smartwatch plus 29|has_battery_life_hours|12,1,[0.98],True,0,0.735,0.735,0.88,False,0.735,False,False,"[""product_29""]","[""structured""]","[""structured_row:Zenbyte Smartwatch Plus 29""]",0,576,candidate
DEC029_FULL,train_kb,conservative_noisy_or_conflict_adjusted,3,Zenbyte Smartwatch Plus 29,has_weight_kg,1.2,zenbyte smartwatch plus 29|has_weight_kg|1.2,3,"[0.98, 0.9, 0.91]",True,0,0.9726553125,0.9726553125,0.88,True,0.9726553125,False,False,"[""product_29"", ""product_29"", ""product_29""]","[""structured"", ""unstructured"", ""unstructured""]","[""structured_row:Zenbyte Smartwatch Plus 29"", ""Zenbyte Smartwatch Plus 29 is manufactured by Zenbyte. It is a smartwatch device. Priced at 299 USD. Comes with 4GB of RAM. Weighs approximately 1.2kg. Built with aluminum construction. Targeted at the Global market."", ""Zenbyte Smartwatch Plus 29 is manufactured by Zenbyte. It is a smartwatch device. Priced at 299 USD. Comes with 4GB of RAM. Weighs approximately 1.2kg. Built with aluminum construction. Targeted at the Global market.""]",1,576,candidate
DEC029_FULL,train_kb,conservative_noisy_or_conflict_adjusted,3,Zenbyte Smartwatch Plus 29,has_color,blue,zenbyte smartwatch plus 29|has_color|blue,1,[0.98],False,0,0.735,0.735,0.88,False,0.735,False,False,"[""product_29""]","[""structured""]","[""structured_row:Zenbyte Smartwatch Plus 29""]",0,576,candidate
DEC029_FULL,train_kb,conservative_noisy_or_conflict_adjusted,3,Zenbyte Smartwatch Plus 29,made_of_material,aluminum,zenbyte smartwatch plus 29|made_of_material|aluminum,3,"[0.98, 0.88, 0.91]",True,0,0.97139325,0.97139325,0.88,True,0.97139325,False,False,"[""product_29"", ""product_29"", ""product_29""]","[""structured"", ""unstructured"", ""unstructured""]","[""structured_row:Zenbyte Smartwatch Plus 29"", ""Zenbyte Smartwatch Plus 29 is manufactured by Zenbyte. It is a smartwatch device. Priced at 299 USD. Comes with 4GB of RAM. Weighs approximately 1.2kg. Built with aluminum construction. Targeted at the Global market."", ""Zenbyte Smartwatch Plus 29 is manufactured by Zenbyte. It is a smartwatch device. Priced at 299 USD. Comes with 4GB of RAM. Weighs approximately 1.2kg. Built with aluminum construction. Targeted at the Global market.""]",1,576,candidate
DEC029_FULL,train_kb,conservative_noisy_or_conflict_adjusted,3,Zenbyte Smartwatch Plus 29,target_market_region,Global,zenbyte smartwatch plus 29|target_market_region|global,3,"[0.98, 0.85, 0.91]",True,0,0.96950015625,0.96950015625,0.88,True,0.96950015625,False,False,"[""product_29"", ""product_29"", ""product_29""]","[""structured"", ""unstructured"", ""unstructured""]","[""structured_row:Zenbyte Smartwatch Plus 29"", ""Zenbyte Smartwatch Plus 29 is manufactured by Zenbyte. It is a smartwatch device. Priced at 299 USD. Comes with 4GB of RAM. Weighs approximately 1.2kg. Built with aluminum construction. Targeted at the Global market."", ""Zenbyte Smartwatch Plus 29 is manufactured by Zenbyte. It is a smartwatch device. Priced at 299 USD. Comes with 4GB of RAM. Weighs approximately 1.2kg. Built with aluminum construction. Targeted at the Global market.""]",1,576,candidate
DEC029_FULL,train_kb,conservative_noisy_or_conflict_adjusted,3,Zenbyte Smartwatch Plus 29,supports_fast_charging,no,zenbyte smartwatch plus 29|supports_fast_charging|no,1,[0.98],True,0,0.735,0.735,0.88,False,0.735,False,False,"[""product_29""]","[""structured""]","[""structured_row:Zenbyte Smartwatch Plus 29""]",0,576,candidate
DEC029_FULL,train_kb,conservative_noisy_or_conflict_adjusted,3,Zenbyte Smartwatch Plus 29,has_noise_cancellation,no,zenbyte smartwatch plus 29|has_noise_cancellation|no,1,[0.98],True,0,0.735,0.735,0.88,False,0.735,False,False,"[""product_29""]","[""structured""]","[""structured_row:Zenbyte Smartwatch Plus 29""]",0,576,candidate
DEC029_FULL,train_kb,conservative_noisy_or_conflict_adjusted,3,TechNova Smartphone Air 30,manufactured_by,TechNova,technova smartphone air 30|manufactured_by|technova,1,[0.98],True,0,0.735,0.735,0.88,False,0.735,False,False,"[""product_30""]","[""structured""]","[""structured_row:TechNova Smartphone Air 30""]",0,576,candidate
DEC029_FULL,train_kb,conservative_noisy_or_conflict_adjusted,3,TechNova Smartphone Air 30,belongs_to_category,smartphone,technova smartphone air 30|belongs_to_category|smartphone,1,[0.98],True,0,0.735,0.735,0.88,False,0.735,False,False,"[""product_30""]","[""structured""]","[""structured_row:TechNova Smartphone Air 30""]",1,576,candidate
DEC029_FULL,train_kb,conservative_noisy_or_conflict_adjusted,3,TechNova Smartphone Air 30,has_price_usd,299,technova smartphone air 30|has_price_usd|299,1,[0.98],True,0,0.735,0.735,0.88,False,0.735,False,False,"[""product_30""]","[""structured""]","[""structured_row:TechNova Smartphone Air 30""]",1,576,candidate
DEC029_FULL,train_kb,conservative_noisy_or_conflict_adjusted,3,TechNova Smartphone Air 30,has_screen_size_inch,14.0,technova smartphone air 30|has_screen_size_inch|14.0,1,[0.98],True,0,0.735,0.735,0.88,False,0.735,False,False,"[""product_30""]","[""structured""]","[""structured_row:TechNova Smartphone Air 30""]",1,576,candidate
DEC029_FULL,train_kb,conservative_noisy_or_conflict_adjusted,3,TechNova Smartphone Air 30,has_ram_gb,16,technova smartphone air 30|has_ram_gb|16,1,[0.98],True,0,0.735,0.735,0.88,False,0.735,False,False,"[""product_30""]","[""structured""]","[""structured_row:TechNova Smartphone Air 30""]",1,576,candidate
DEC029_FULL,train_kb,conservative_noisy_or_conflict_adjusted,3,TechNova Smartphone Air 30,has_storage_gb,512,technova smartphone air 30|has_storage_gb|512,1,[0.98],True,0,0.735,0.735,0.88,False,0.735,False,False,"[""product_30""]","[""structured""]","[""structured_row:TechNova Smartphone Air 30""]",1,576,candidate
DEC029_FULL,train_kb,conservative_noisy_or_conflict_adjusted,3,TechNova Smartphone Air 30,has_battery_life_hours,12,technova smartphone air 30|has_battery_life_hours|12,1,[0.98],True,0,0.735,0.735,0.88,False,0.735,False,False,"[""product_30""]","[""structured""]","[""structured_row:TechNova Smartphone Air 30""]",0,576,candidate
DEC029_FULL,train_kb,conservative_noisy_or_conflict_adjusted,3,TechNova Smartphone Air 30,has_weight_kg,0.55,technova smartphone air 30|has_weight_kg|0.55,1,[0.98],True,0,0.735,0.735,0.88,False,0.735,False,False,"[""product_30""]","[""structured""]","[""structured_row:TechNova Smartphone Air 30""]",0,576,candidate
DEC029_FULL,train_kb,conservative_noisy_or_conflict_adjusted,3,TechNova Smartphone Air 30,has_color,white,technova smartphone air 30|has_color|white,1,[0.98],False,0,0.735,0.735,0.88,False,0.735,False,False,"[""product_30""]","[""structured""]","[""structured_row:TechNova Smartphone Air 30""]",1,576,candidate
DEC029_FULL,train_kb,conservative_noisy_or_conflict_adjusted,3,TechNova Smartphone Air 30,made_of_material,carbon fiber,technova smartphone air 30|made_of_material|carbon fiber,1,[0.98],True,0,0.735,0.735,0.88,False,0.735,False,False,"[""product_30""]","[""structured""]","[""structured_row:TechNova Smartphone Air 30""]",1,576,candidate
DEC029_FULL,train_kb,conservative_noisy_or_conflict_adjusted,3,TechNova Smartphone Air 30,target_market_region,APAC,technova smartphone air 30|target_market_region|apac,1,[0.98],True,0,0.735,0.735,0.88,False,0.735,False,False,"[""product_30""]","[""structured""]","[""structured_row:TechNova Smartphone Air 30""]",0,576,candidate
DEC029_FULL,train_kb,conservative_noisy_or_conflict_adjusted,3,TechNova Smartphone Air 30,supports_fast_charging,yes,technova smartphone air 30|supports_fast_charging|yes,1,[0.98],True,0,0.735,0.735,0.88,False,0.735,False,False,"[""product_30""]","[""structured""]","[""structured_row:TechNova Smartphone Air 30""]",0,576,candidate
DEC029_FULL,train_kb,conservative_noisy_or_conflict_adjusted,3,TechNova Smartphone Air 30,has_noise_cancellation,no,technova smartphone air 30|has_noise_cancellation|no,1,[0.98],True,0,0.735,0.735,0.88,False,0.735,False,False,"[""product_30""]","[""structured""]","[""structured_row:TechNova Smartphone Air 30""]",0,576,candidate
DEC029_FULL,train_kb,conservative_noisy_or_conflict_adjusted,3,TechNova Smartphone Pro 1,has_price_usd,299,technova smartphone pro 1|has_price_usd|299,4,"[0.92, 0.91, 0.91, 0.91]",True,5,0.99007814484375,0.165013024140625,0.88,False,0.1502625,False,False,"[""product_30"", ""product_30"", ""product_30"", ""product_31""]","[""unstructured"", ""unstructured"", ""unstructured"", ""unstructured""]","[""It is a smartphone device. Priced at 299 USD. The display measures 14.0 inches. Comes with 16GB of RAM. Offers 512GB of internal storage. Available in white. Built with carbon fiber construction."", ""It is a smartphone device. Priced at 299 USD. The display measures 14.0 inches. Comes with 16GB of RAM. Offers 512GB of internal storage. Available in white. Built with carbon fiber construction."", ""It is a smartphone device. Priced at 299 USD. The display measures 14.0 inches. Comes with 16GB of RAM. Offers 512GB of internal storage. Available in white. Built with carbon fiber construction."", ""Priced at 299 USD. Comes with 6GB of RAM. Offers 64GB of internal storage. Battery lasts up to 20 hours. Built with aluminum construction. Fast charging is yes. Noise cancellation: no.""]",0,576,candidate
DEC029_FULL,train_kb,conservative_noisy_or_conflict_adjusted,3,TechNova Smartphone Pro 1,has_screen_size_inch,14.0,technova smartphone pro 1|has_screen_size_inch|14.0,4,"[0.93, 0.91, 0.91, 0.85]",True,4,0.9889459646484375,0.1977891929296875,0.88,False,0.18079125000000001,False,False,"[""product_30"", ""product_30"", ""product_30"", ""product_47""]","[""unstructured"", ""unstructured"", ""unstructured"", ""unstructured""]","[""It is a smartphone device. Priced at 299 USD. The display measures 14.0 inches. Comes with 16GB of RAM. Offers 512GB of internal storage. Available in white. Built with carbon fiber construction."", ""It is a smartphone device. Priced at 299 USD. The display measures 14.0 inches. Comes with 16GB of RAM. Offers 512GB of internal storage. Available in white. Built with carbon fiber construction."", ""It is a smartphone device. Priced at 299 USD. The display measures 14.0 inches. Comes with 16GB of RAM. Offers 512GB of internal storage. Available in white. Built with carbon fiber construction."", ""It is a headphones device. The display measures 14.0 inches. Comes with 12GB of RAM. Battery lasts up to 20 hours. Weighs approximately 1.8kg. Built with aluminum construction. Noise cancellation: no.""]",0,576,candidate
DEC029_FULL,train_kb,conservative_noisy_or_conflict_adjusted,3,TechNova Smartphone Pro 1,has_color,white,technova smartphone pro 1|has_color|white,6,"[0.96, 0.86, 0.91, 0.91, 0.91, 0.91]",False,3,0.9989899071361172,0.9989899071361172,0.88,True,0.98997985875,False,False,"[""product_30"", ""product_40"", ""product_30"", ""product_40"", ""product_18"", ""product_30""]","[""unstructured"", ""unstructured"", ""unstructured"", ""unstructured"", ""unstructured"", ""unstructured""]","[""It is a smartphone device. Priced at 299 USD. The display measures 14.0 inches. Comes with 16GB of RAM. Offers 512GB of internal storage. Available in white. Built with carbon fiber construction."", ""Priced at 249 USD. Comes with 16GB of RAM. Battery lasts up to 24 hours. Weighs approximately 1.45kg. Available in white. Built with plastic construction. Fast charging is no."", ""It is a smartphone device. Priced at 299 USD. The display measures 14.0 inches. Comes with 16GB of RAM. Offers 512GB of internal storage. Available in white. Built with carbon fiber construction."", ""Priced at 249 USD. Comes with 16GB of RAM. Battery lasts up to 24 hours. Weighs approximately 1.45kg. Available in white. Built with plastic construction. Fast charging is no."", ""VoltEdge Laptop Plus 18 is manufactured by VoltEdge. Battery lasts up to 10 hours. Weighs approximately 0.23kg. Available in green. Built with aluminum construction. Targeted at the Global market. Noise cancellation: no."", ""It is a smartphone device. Priced at 299 USD. The display measures 14.0 inches. Comes with 16GB of RAM. Offers 512GB of internal storage. Available in white. Built with carbon fiber construction.""]",0,576,candidate
DEC029_FULL,train_kb,conservative_noisy_or_conflict_adjusted,3,PixelWare Smartphone Lite 31,manufactured_by,PixelWare,pixelware smartphone lite 31|manufactured_by|pixelware,1,[0.98],True,0,0.735,0.735,0.88,False,0.735,False,False,"[""product_31""]","[""structured""]","[""structured_row:PixelWare Smartphone Lite 31""]",0,576,candidate
DEC029_FULL,train_kb,conservative_noisy_or_conflict_adjusted,3,PixelWare Smartphone Lite 31,belongs_to_category,smartphone,pixelware smartphone lite 31|belongs_to_category|smartphone,1,[0.98],True,0,0.735,0.735,0.88,False,0.735,False,False,"[""product_31""]","[""structured""]","[""structured_row:PixelWare Smartphone Lite 31""]",0,576,candidate
DEC029_FULL,train_kb,conservative_noisy_or_conflict_adjusted,3,PixelWare Smartphone Lite 31,has_price_usd,299,pixelware smartphone lite 31|has_price_usd|299,1,[0.98],True,0,0.735,0.735,0.88,False,0.735,False,False,"[""product_31""]","[""structured""]","[""structured_row:PixelWare Smartphone Lite 31""]",1,576,candidate
DEC029_FULL,train_kb,conservative_noisy_or_conflict_adjusted,3,PixelWare Smartphone Lite 31,has_screen_size_inch,11.0,pixelware smartphone lite 31|has_screen_size_inch|11.0,1,[0.98],True,0,0.735,0.735,0.88,False,0.735,False,False,"[""product_31""]","[""structured""]","[""structured_row:PixelWare Smartphone Lite 31""]",0,576,candidate
DEC029_FULL,train_kb,conservative_noisy_or_conflict_adjusted,3,PixelWare Smartphone Lite 31,has_ram_gb,6,pixelware smartphone lite 31|has_ram_gb|6,1,[0.98],True,0,0.735,0.735,0.88,False,0.735,False,False,"[""product_31""]","[""structured""]","[""structured_row:PixelWare Smartphone Lite 31""]",1,576,candidate
DEC029_FULL,train_kb,conservative_noisy_or_conflict_adjusted,3,PixelWare Smartphone Lite 31,has_storage_gb,64,pixelware smartphone lite 31|has_storage_gb|64,1,[0.98],True,0,0.735,0.735,0.88,False,0.735,False,False,"[""product_31""]","[""structured""]","[""structured_row:PixelWare Smartphone Lite 31""]",1,576,candidate
DEC029_FULL,train_kb,conservative_noisy_or_conflict_adjusted,3,PixelWare Smartphone Lite 31,has_battery_life_hours,20,pixelware smartphone lite 31|has_battery_life_hours|20,1,[0.98],True,0,0.735,0.735,0.88,False,0.735,False,False,"[""product_31""]","[""structured""]","[""structured_row:PixelWare Smartphone Lite 31""]",1,576,candidate
DEC029_FULL,train_kb,conservative_noisy_or_conflict_adjusted,3,PixelWare Smartphone Lite 31,has_weight_kg,1.8,pixelware smartphone lite 31|has_weight_kg|1.8,1,[0.98],True,0,0.735,0.735,0.88,False,0.735,False,False,"[""product_31""]","[""structured""]","[""structured_row:PixelWare Smartphone Lite 31""]",0,576,candidate
DEC029_FULL,train_kb,conservative_noisy_or_conflict_adjusted,3,PixelWare Smartphone Lite 31,has_color,white,pixelware smartphone lite 31|has_color|white,1,[0.98],False,0,0.735,0.735,0.88,False,0.735,False,False,"[""product_31""]","[""structured""]","[""structured_row:PixelWare Smartphone Lite 31""]",0,576,candidate
DEC029_FULL,train_kb,conservative_noisy_or_conflict_adjusted,3,PixelWare Smartphone Lite 31,made_of_material,aluminum,pixelware smartphone lite 31|made_of_material|aluminum,1,[0.98],True,0,0.735,0.735,0.88,False,0.735,False,False,"[""product_31""]","[""structured""]","[""structured_row:PixelWare Smartphone Lite 31""]",1,576,candidate
DEC029_FULL,train_kb,conservative_noisy_or_conflict_adjusted,3,PixelWare Smartphone Lite 31,target_market_region,EU,pixelware smartphone lite 31|target_market_region|eu,1,[0.98],True,0,0.735,0.735,0.88,False,0.735,False,False,"[""product_31""]","[""structured""]","[""structured_row:PixelWare Smartphone Lite 31""]",0,576,candidate
DEC029_FULL,train_kb,conservative_noisy_or_conflict_adjusted,3,PixelWare Smartphone Lite 31,supports_fast_charging,yes,pixelware smartphone lite 31|supports_fast_charging|yes,1,[0.98],True,0,0.735,0.735,0.88,False,0.735,False,False,"[""product_31""]","[""structured""]","[""structured_row:PixelWare Smartphone Lite 31""]",1,576,candidate
DEC029_FULL,train_kb,conservative_noisy_or_conflict_adjusted,3,PixelWare Smartphone Lite 31,has_noise_cancellation,no,pixelware smartphone lite 31|has_noise_cancellation|no,1,[0.98],True,0,0.735,0.735,0.88,False,0.735,False,False,"[""product_31""]","[""structured""]","[""structured_row:PixelWare Smartphone Lite 31""]",1,576,candidate
DEC029_FULL,train_kb,conservative_noisy_or_conflict_adjusted,3,TechNova Tablet Max 32,manufactured_by,TechNova,technova tablet max 32|manufactured_by|technova,1,[0.98],True,0,0.735,0.735,0.88,False,0.735,False,False,"[""product_32""]","[""structured""]","[""structured_row:TechNova Tablet Max 32""]",0,576,candidate
DEC029_FULL,train_kb,conservative_noisy_or_conflict_adjusted,3,TechNova Tablet Max 32,belongs_to_category,tablet,technova tablet max 32|belongs_to_category|tablet,1,[0.98],True,0,0.735,0.735,0.88,False,0.735,False,False,"[""product_32""]","[""structured""]","[""structured_row:TechNova Tablet Max 32""]",1,576,candidate
DEC029_FULL,train_kb,conservative_noisy_or_conflict_adjusted,3,TechNova Tablet Max 32,has_price_usd,899,technova tablet max 32|has_price_usd|899,1,[0.98],True,0,0.735,0.735,0.88,False,0.735,False,False,"[""product_32""]","[""structured""]","[""structured_row:TechNova Tablet Max 32""]",0,576,candidate
DEC029_FULL,train_kb,conservative_noisy_or_conflict_adjusted,3,TechNova Tablet Max 32,has_screen_size_inch,6.1,technova tablet max 32|has_screen_size_inch|6.1,1,[0.98],True,0,0.735,0.735,0.88,False,0.735,False,False,"[""product_32""]","[""structured""]","[""structured_row:TechNova Tablet Max 32""]",1,576,candidate
DEC029_FULL,train_kb,conservative_noisy_or_conflict_adjusted,3,TechNova Tablet Max 32,has_ram_gb,16,technova tablet max 32|has_ram_gb|16,1,[0.98],True,0,0.735,0.735,0.88,False,0.735,False,False,"[""product_32""]","[""structured""]","[""structured_row:TechNova Tablet Max 32""]",1,576,candidate
DEC029_FULL,train_kb,conservative_noisy_or_conflict_adjusted,3,TechNova Tablet Max 32,has_storage_gb,256,technova tablet max 32|has_storage_gb|256,1,[0.98],True,0,0.735,0.735,0.88,False,0.735,False,False,"[""product_32""]","[""structured""]","[""structured_row:TechNova Tablet Max 32""]",1,576,candidate
DEC029_FULL,train_kb,conservative_noisy_or_conflict_adjusted,3,TechNova Tablet Max 32,has_battery_life_hours,20,technova tablet max 32|has_battery_life_hours|20,1,[0.98],True,0,0.735,0.735,0.88,False,0.735,False,False,"[""product_32""]","[""structured""]","[""structured_row:TechNova Tablet Max 32""]",0,576,candidate
DEC029_FULL,train_kb,conservative_noisy_or_conflict_adjusted,3,TechNova Tablet Max 32,has_weight_kg,1.45,technova tablet max 32|has_weight_kg|1.45,1,[0.98],True,0,0.735,0.735,0.88,False,0.735,False,False,"[""product_32""]","[""structured""]","[""structured_row:TechNova Tablet Max 32""]",1,576,candidate
DEC029_FULL,train_kb,conservative_noisy_or_conflict_adjusted,3,TechNova Tablet Max 32,has_color,silver,technova tablet max 32|has_color|silver,1,[0.98],False,0,0.735,0.735,0.88,False,0.735,False,False,"[""product_32""]","[""structured""]","[""structured_row:TechNova Tablet Max 32""]",1,576,candidate
DEC029_FULL,train_kb,conservative_noisy_or_conflict_adjusted,3,TechNova Tablet Max 32,made_of_material,plastic,technova tablet max 32|made_of_material|plastic,1,[0.98],True,0,0.735,0.735,0.88,False,0.735,False,False,"[""product_32""]","[""structured""]","[""structured_row:TechNova Tablet Max 32""]",1,576,candidate
DEC029_FULL,train_kb,conservative_noisy_or_conflict_adjusted,3,TechNova Tablet Max 32,target_market_region,Global,technova tablet max 32|target_market_region|global,1,[0.98],True,0,0.735,0.735,0.88,False,0.735,False,False,"[""product_32""]","[""structured""]","[""structured_row:TechNova Tablet Max 32""]",0,576,candidate
DEC029_FULL,train_kb,conservative_noisy_or_conflict_adjusted,3,TechNova Tablet Max 32,supports_fast_charging,yes,technova tablet max 32|supports_fast_charging|yes,1,[0.98],True,0,0.735,0.735,0.88,False,0.735,False,False,"[""product_32""]","[""structured""]","[""structured_row:TechNova Tablet Max 32""]",0,576,candidate
DEC029_FULL,train_kb,conservative_noisy_or_conflict_adjusted,3,TechNova Tablet Max 32,has_noise_cancellation,no,technova tablet max 32|has_noise_cancellation|no,1,[0.98],True,0,0.735,0.735,0.88,False,0.735,False,False,"[""product_32""]","[""structured""]","[""structured_row:TechNova Tablet Max 32""]",0,576,candidate
DEC029_FULL,train_kb,conservative_noisy_or_conflict_adjusted,3,tablet device,has_screen_size_inch,6.1,tablet device|has_screen_size_inch|6.1,1,[0.85],True,0,0.6375,0.6375,0.88,False,0.6375,False,False,"[""product_32""]","[""unstructured""]","[""It is a tablet device. The display measures 6.1 inches. Comes with 16GB of RAM. Offers 256GB of internal storage. Weighs approximately 1.45kg. Available in silver. Built with plastic construction.""]",0,576,candidate
DEC029_FULL,train_kb,conservative_noisy_or_conflict_adjusted,3,tablet device,has_ram_gb,16,tablet device|has_ram_gb|16,1,[0.92],True,0,0.6900000000000001,0.6900000000000001,0.88,False,0.6900000000000001,False,False,"[""product_32""]","[""unstructured""]","[""It is a tablet device. The display measures 6.1 inches. Comes with 16GB of RAM. Offers 256GB of internal storage. Weighs approximately 1.45kg. Available in silver. Built with plastic construction.""]",0,576,candidate
DEC029_FULL,train_kb,conservative_noisy_or_conflict_adjusted,3,tablet device,has_storage_gb,256,tablet device|has_storage_gb|256,1,[0.88],True,0,0.66,0.66,0.88,False,0.66,False,False,"[""product_32""]","[""unstructured""]","[""It is a tablet device. The display measures 6.1 inches. Comes with 16GB of RAM. Offers 256GB of internal storage. Weighs approximately 1.45kg. Available in silver. Built with plastic construction.""]",0,576,candidate
DEC029_FULL,train_kb,conservative_noisy_or_conflict_adjusted,3,tablet device,has_weight_kg,1.45,tablet device|has_weight_kg|1.45,1,[0.9],True,0,0.675,0.675,0.88,False,0.675,False,False,"[""product_32""]","[""unstructured""]","[""It is a tablet device. The display measures 6.1 inches. Comes with 16GB of RAM. Offers 256GB of internal storage. Weighs approximately 1.45kg. Available in silver. Built with plastic construction.""]",0,576,candidate
DEC029_FULL,train_kb,conservative_noisy_or_conflict_adjusted,3,tablet device,has_color,silver,tablet device|has_color|silver,1,[0.86],False,0,0.645,0.645,0.88,False,0.645,False,False,"[""product_32""]","[""unstructured""]","[""It is a tablet device. The display measures 6.1 inches. Comes with 16GB of RAM. Offers 256GB of internal storage. Weighs approximately 1.45kg. Available in silver. Built with plastic construction.""]",0,576,candidate
DEC029_FULL,train_kb,conservative_noisy_or_conflict_adjusted,3,tablet device,made_of_material,plastic,tablet device|made_of_material|plastic,1,[0.89],True,0,0.6675,0.6675,0.88,False,0.6675,False,False,"[""product_32""]","[""unstructured""]","[""It is a tablet device. The display measures 6.1 inches. Comes with 16GB of RAM. Offers 256GB of internal storage. Weighs approximately 1.45kg. Available in silver. Built with plastic construction.""]",0,576,candidate
DEC029_FULL,train_kb,conservative_noisy_or_conflict_adjusted,3,VoltEdge Smartwatch Plus 34,manufactured_by,VoltEdge,voltedge smartwatch plus 34|manufactured_by|voltedge,4,"[0.98, 0.85, 1.0, 0.98]",True,0,0.993635859375,0.993635859375,0.88,True,0.975984375,False,False,"[""product_34"", ""product_34"", ""product_34"", ""product_34""]","[""structured"", ""unstructured"", ""unstructured"", ""unstructured""]","[""structured_row:VoltEdge Smartwatch Plus 34"", ""VoltEdge Smartwatch Plus 34 is manufactured by VoltEdge. It is a smartwatch device. The display measures 6.1 inches. Offers 256GB of internal storage. Battery lasts up to 14 hours. Fast charging is yes. Noise cancellation: no."", ""VoltEdge Smartwatch Plus 34 is manufactured by VoltEdge. It is a smartwatch device. The display measures 6.1 inches. Offers 256GB of internal storage. Battery lasts up to 14 hours. Fast charging is yes. Noise cancellation: no."", ""VoltEdge Smartwatch Plus 34 is manufactured by VoltEdge. It is a smartwatch device. The display measures 6.1 inches. Offers 256GB of internal storage. Battery lasts up to 14 hours. Fast charging is yes. Noise cancellation: no.""]",1,576,candidate
DEC029_FULL,train_kb,conservative_noisy_or_conflict_adjusted,3,VoltEdge Smartwatch Plus 34,belongs_to_category,smartwatch,voltedge smartwatch plus 34|belongs_to_category|smartwatch,1,[0.98],True,0,0.735,0.735,0.88,False,0.735,False,False,"[""product_34""]","[""structured""]","[""structured_row:VoltEdge Smartwatch Plus 34""]",1,576,candidate
DEC029_FULL,train_kb,conservative_noisy_or_conflict_adjusted,3,VoltEdge Smartwatch Plus 34,has_price_usd,349,voltedge smartwatch plus 34|has_price_usd|349,1,[0.98],True,0,0.735,0.735,0.88,False,0.735,False,False,"[""product_34""]","[""structured""]","[""structured_row:VoltEdge Smartwatch Plus 34""]",0,576,candidate
DEC029_FULL,train_kb,conservative_noisy_or_conflict_adjusted,3,VoltEdge Smartwatch Plus 34,has_screen_size_inch,6.1,voltedge smartwatch plus 34|has_screen_size_inch|6.1,4,"[0.98, 0.92, 1.0, 0.98]",True,0,0.9945575625,0.9945575625,0.88,True,0.9794625,False,False,"[""product_34"", ""product_34"", ""product_34"", ""product_34""]","[""structured"", ""unstructured"", ""unstructured"", ""unstructured""]","[""structured_row:VoltEdge Smartwatch Plus 34"", ""VoltEdge Smartwatch Plus 34 is manufactured by VoltEdge. It is a smartwatch device. The display measures 6.1 inches. Offers 256GB of internal storage. Battery lasts up to 14 hours. Fast charging is yes. Noise cancellation: no."", ""VoltEdge Smartwatch Plus 34 is manufactured by VoltEdge. It is a smartwatch device. The display measures 6.1 inches. Offers 256GB of internal storage. Battery lasts up to 14 hours. Fast charging is yes. Noise cancellation: no."", ""VoltEdge Smartwatch Plus 34 is manufactured by VoltEdge. It is a smartwatch device. The display measures 6.1 inches. Offers 256GB of internal storage. Battery lasts up to 14 hours. Fast charging is yes. Noise cancellation: no.""]",1,576,candidate
DEC029_FULL,train_kb,conservative_noisy_or_conflict_adjusted,3,VoltEdge Smartwatch Plus 34,has_ram_gb,16,voltedge smartwatch plus 34|has_ram_gb|16,1,[0.98],True,0,0.735,0.735,0.88,False,0.735,False,False,"[""product_34""]","[""structured""]","[""structured_row:VoltEdge Smartwatch Plus 34""]",0,576,candidate
DEC029_FULL,train_kb,conservative_noisy_or_conflict_adjusted,3,VoltEdge Smartwatch Plus 34,has_storage_gb,256,voltedge smartwatch plus 34|has_storage_gb|256,4,"[0.98, 0.88, 1.0, 0.98]",True,0,0.994030875,0.994030875,0.88,True,0.977475,False,False,"[""product_34"", ""product_34"", ""product_34"", ""product_34""]","[""structured"", ""unstructured"", ""unstructured"", ""unstructured""]","[""structured_row:VoltEdge Smartwatch Plus 34"", ""VoltEdge Smartwatch Plus 34 is manufactured by VoltEdge. It is a smartwatch device. The display measures 6.1 inches. Offers 256GB of internal storage. Battery lasts up to 14 hours. Fast charging is yes. Noise cancellation: no."", ""VoltEdge Smartwatch Plus 34 is manufactured by VoltEdge. It is a smartwatch device. The display measures 6.1 inches. Offers 256GB of internal storage. Battery lasts up to 14 hours. Fast charging is yes. Noise cancellation: no."", ""VoltEdge Smartwatch Plus 34 is manufactured by VoltEdge. It is a smartwatch device. The display measures 6.1 inches. Offers 256GB of internal storage. Battery lasts up to 14 hours. Fast charging is yes. Noise cancellation: no.""]",1,576,candidate
DEC029_FULL,train_kb,conservative_noisy_or_conflict_adjusted,3,VoltEdge Smartwatch Plus 34,has_battery_life_hours,14,voltedge smartwatch plus 34|has_battery_life_hours|14,4,"[0.98, 0.9, 1.0, 0.98]",True,0,0.99429421875,0.99429421875,0.88,True,0.97846875,False,False,"[""product_34"", ""product_34"", ""product_34"", ""product_34""]","[""structured"", ""unstructured"", ""unstructured"", ""unstructured""]","[""structured_row:VoltEdge Smartwatch Plus 34"", ""VoltEdge Smartwatch Plus 34 is manufactured by VoltEdge. It is a smartwatch device. The display measures 6.1 inches. Offers 256GB of internal storage. Battery lasts up to 14 hours. Fast charging is yes. Noise cancellation: no."", ""VoltEdge Smartwatch Plus 34 is manufactured by VoltEdge. It is a smartwatch device. The display measures 6.1 inches. Offers 256GB of internal storage. Battery lasts up to 14 hours. Fast charging is yes. Noise cancellation: no."", ""VoltEdge Smartwatch Plus 34 is manufactured by VoltEdge. It is a smartwatch device. The display measures 6.1 inches. Offers 256GB of internal storage. Battery lasts up to 14 hours. Fast charging is yes. Noise cancellation: no.""]",1,576,candidate
DEC029_FULL,train_kb,conservative_noisy_or_conflict_adjusted,3,VoltEdge Smartwatch Plus 34,has_weight_kg,1.45,voltedge smartwatch plus 34|has_weight_kg|1.45,1,[0.98],True,0,0.735,0.735,0.88,False,0.735,False,False,"[""product_34""]","[""structured""]","[""structured_row:VoltEdge Smartwatch Plus 34""]",0,576,candidate
DEC029_FULL,train_kb,conservative_noisy_or_conflict_adjusted,3,VoltEdge Smartwatch Plus 34,has_color,white,voltedge smartwatch plus 34|has_color|white,1,[0.98],False,0,0.735,0.735,0.88,False,0.735,False,False,"[""product_34""]","[""structured""]","[""structured_row:VoltEdge Smartwatch Plus 34""]",0,576,candidate
DEC029_FULL,train_kb,conservative_noisy_or_conflict_adjusted,3,VoltEdge Smartwatch Plus 34,made_of_material,aluminum,voltedge smartwatch plus 34|made_of_material|aluminum,1,[0.98],True,0,0.735,0.735,0.88,False,0.735,False,False,"[""product_34""]","[""structured""]","[""structured_row:VoltEdge Smartwatch Plus 34""]",0,576,candidate
DEC029_FULL,train_kb,conservative_noisy_or_conflict_adjusted,3,VoltEdge Smartwatch Plus 34,target_market_region,US,voltedge smartwatch plus 34|target_market_region|us,1,[0.98],True,0,0.735,0.735,0.88,False,0.735,False,False,"[""product_34""]","[""structured""]","[""structured_row:VoltEdge Smartwatch Plus 34""]",0,576,candidate
DEC029_FULL,train_kb,conservative_noisy_or_conflict_adjusted,3,VoltEdge Smartwatch Plus 34,supports_fast_charging,yes,voltedge smartwatch plus 34|supports_fast_charging|yes,4,"[0.98, 0.89, 1.0, 0.98]",True,0,0.994162546875,0.994162546875,0.88,True,0.977971875,False,False,"[""product_34"", ""product_34"", ""product_34"", ""product_34""]","[""structured"", ""unstructured"", ""unstructured"", ""unstructured""]","[""structured_row:VoltEdge Smartwatch Plus 34"", ""VoltEdge Smartwatch Plus 34 is manufactured by VoltEdge. It is a smartwatch device. The display measures 6.1 inches. Offers 256GB of internal storage. Battery lasts up to 14 hours. Fast charging is yes. Noise cancellation: no."", ""VoltEdge Smartwatch Plus 34 is manufactured by VoltEdge. It is a smartwatch device. The display measures 6.1 inches. Offers 256GB of internal storage. Battery lasts up to 14 hours. Fast charging is yes. Noise cancellation: no."", ""VoltEdge Smartwatch Plus 34 is manufactured by VoltEdge. It is a smartwatch device. The display measures 6.1 inches. Offers 256GB of internal storage. Battery lasts up to 14 hours. Fast charging is yes. Noise cancellation: no.""]",1,576,candidate
DEC029_FULL,train_kb,conservative_noisy_or_conflict_adjusted,3,VoltEdge Smartwatch Plus 34,has_noise_cancellation,no,voltedge smartwatch plus 34|has_noise_cancellation|no,4,"[0.98, 0.86, 1.0, 0.98]",True,0,0.99376753125,0.99376753125,0.88,True,0.97648125,False,False,"[""product_34"", ""product_34"", ""product_34"", ""product_34""]","[""structured"", ""unstructured"", ""unstructured"", ""unstructured""]","[""structured_row:VoltEdge Smartwatch Plus 34"", ""VoltEdge Smartwatch Plus 34 is manufactured by VoltEdge. It is a smartwatch device. The display measures 6.1 inches. Offers 256GB of internal storage. Battery lasts up to 14 hours. Fast charging is yes. Noise cancellation: no."", ""VoltEdge Smartwatch Plus 34 is manufactured by VoltEdge. It is a smartwatch device. The display measures 6.1 inches. Offers 256GB of internal storage. Battery lasts up to 14 hours. Fast charging is yes. Noise cancellation: no."", ""VoltEdge Smartwatch Plus 34 is manufactured by VoltEdge. It is a smartwatch device. The display measures 6.1 inches. Offers 256GB of internal storage. Battery lasts up to 14 hours. Fast charging is yes. Noise cancellation: no.""]",1,576,candidate
DEC029_FULL,train_kb,conservative_noisy_or_conflict_adjusted,3,Auralex Smartwatch Lite 36,manufactured_by,Auralex,auralex smartwatch lite 36|manufactured_by|auralex,1,[0.98],True,0,0.735,0.735,0.88,False,0.735,False,False,"[""product_36""]","[""structured""]","[""structured_row:Auralex Smartwatch Lite 36""]",0,576,candidate
DEC029_FULL,train_kb,conservative_noisy_or_conflict_adjusted,3,Auralex Smartwatch Lite 36,belongs_to_category,smartwatch,auralex smartwatch lite 36|belongs_to_category|smartwatch,1,[0.98],True,0,0.735,0.735,0.88,False,0.735,False,False,"[""product_36""]","[""structured""]","[""structured_row:Auralex Smartwatch Lite 36""]",1,576,candidate
DEC029_FULL,train_kb,conservative_noisy_or_conflict_adjusted,3,Auralex Smartwatch Lite 36,has_price_usd,199,auralex smartwatch lite 36|has_price_usd|199,1,[0.98],True,0,0.735,0.735,0.88,False,0.735,False,False,"[""product_36""]","[""structured""]","[""structured_row:Auralex Smartwatch Lite 36""]",0,576,candidate
DEC029_FULL,train_kb,conservative_noisy_or_conflict_adjusted,3,Auralex Smartwatch Lite 36,has_screen_size_inch,6.7,auralex smartwatch lite 36|has_screen_size_inch|6.7,1,[0.98],True,0,0.735,0.735,0.88,False,0.735,False,False,"[""product_36""]","[""structured""]","[""structured_row:Auralex Smartwatch Lite 36""]",1,576,candidate
DEC029_FULL,train_kb,conservative_noisy_or_conflict_adjusted,3,Auralex Smartwatch Lite 36,has_ram_gb,12,auralex smartwatch lite 36|has_ram_gb|12,1,[0.98],True,0,0.735,0.735,0.88,False,0.735,False,False,"[""product_36""]","[""structured""]","[""structured_row:Auralex Smartwatch Lite 36""]",0,576,candidate
DEC029_FULL,train_kb,conservative_noisy_or_conflict_adjusted,3,Auralex Smartwatch Lite 36,has_storage_gb,512,auralex smartwatch lite 36|has_storage_gb|512,1,[0.98],True,0,0.735,0.735,0.88,False,0.735,False,False,"[""product_36""]","[""structured""]","[""structured_row:Auralex Smartwatch Lite 36""]",1,576,candidate
DEC029_FULL,train_kb,conservative_noisy_or_conflict_adjusted,3,Auralex Smartwatch Lite 36,has_battery_life_hours,20,auralex smartwatch lite 36|has_battery_life_hours|20,1,[0.98],True,0,0.735,0.735,0.88,False,0.735,False,False,"[""product_36""]","[""structured""]","[""structured_row:Auralex Smartwatch Lite 36""]",1,576,candidate
DEC029_FULL,train_kb,conservative_noisy_or_conflict_adjusted,3,Auralex Smartwatch Lite 36,has_weight_kg,0.55,auralex smartwatch lite 36|has_weight_kg|0.55,1,[0.98],True,0,0.735,0.735,0.88,False,0.735,False,False,"[""product_36""]","[""structured""]","[""structured_row:Auralex Smartwatch Lite 36""]",0,576,candidate
DEC029_FULL,train_kb,conservative_noisy_or_conflict_adjusted,3,Auralex Smartwatch Lite 36,has_color,green,auralex smartwatch lite 36|has_color|green,1,[0.98],False,0,0.735,0.735,0.88,False,0.735,False,False,"[""product_36""]","[""structured""]","[""structured_row:Auralex Smartwatch Lite 36""]",1,576,candidate
DEC029_FULL,train_kb,conservative_noisy_or_conflict_adjusted,3,Auralex Smartwatch Lite 36,made_of_material,plastic,auralex smartwatch lite 36|made_of_material|plastic,1,[0.98],True,0,0.735,0.735,0.88,False,0.735,False,False,"[""product_36""]","[""structured""]","[""structured_row:Auralex Smartwatch Lite 36""]",1,576,candidate
DEC029_FULL,train_kb,conservative_noisy_or_conflict_adjusted,3,Auralex Smartwatch Lite 36,target_market_region,APAC,auralex smartwatch lite 36|target_market_region|apac,1,[0.98],True,0,0.735,0.735,0.88,False,0.735,False,False,"[""product_36""]","[""structured""]","[""structured_row:Auralex Smartwatch Lite 36""]",0,576,candidate
DEC029_FULL,train_kb,conservative_noisy_or_conflict_adjusted,3,Auralex Smartwatch Lite 36,supports_fast_charging,yes,auralex smartwatch lite 36|supports_fast_charging|yes,1,[0.98],True,0,0.735,0.735,0.88,False,0.735,False,False,"[""product_36""]","[""structured""]","[""structured_row:Auralex Smartwatch Lite 36""]",1,576,candidate
DEC029_FULL,train_kb,conservative_noisy_or_conflict_adjusted,3,Auralex Smartwatch Lite 36,has_noise_cancellation,no,auralex smartwatch lite 36|has_noise_cancellation|no,1,[0.98],True,0,0.735,0.735,0.88,False,0.735,False,False,"[""product_36""]","[""structured""]","[""structured_row:Auralex Smartwatch Lite 36""]",0,576,candidate
DEC029_FULL,train_kb,conservative_noisy_or_conflict_adjusted,3,smartwatch device,has_screen_size_inch,6.7,smartwatch device|has_screen_size_inch|6.7,1,[0.85],True,0,0.6375,0.6375,0.88,False,0.6375,False,False,"[""product_36""]","[""unstructured""]","[""It is a smartwatch device. The display measures 6.7 inches. Offers 512GB of internal storage. Battery lasts up to 20 hours. Available in green. Built with plastic construction. Fast charging is yes.""]",0,576,candidate
DEC029_FULL,train_kb,conservative_noisy_or_conflict_adjusted,3,smartwatch device,has_storage_gb,512,smartwatch device|has_storage_gb|512,1,[0.85],True,0,0.6375,0.6375,0.88,False,0.6375,False,False,"[""product_36""]","[""unstructured""]","[""It is a smartwatch device. The display measures 6.7 inches. Offers 512GB of internal storage. Battery lasts up to 20 hours. Available in green. Built with plastic construction. Fast charging is yes.""]",0,576,candidate
DEC029_FULL,train_kb,conservative_noisy_or_conflict_adjusted,3,smartwatch device,has_battery_life_hours,20,smartwatch device|has_battery_life_hours|20,1,[0.85],True,0,0.6375,0.6375,0.88,False,0.6375,False,False,"[""product_36""]","[""unstructured""]","[""It is a smartwatch device. The display measures 6.7 inches. Offers 512GB of internal storage. Battery lasts up to 20 hours. Available in green. Built with plastic construction. Fast charging is yes.""]",0,576,candidate
DEC029_FULL,train_kb,conservative_noisy_or_conflict_adjusted,3,smartwatch device,has_color,green,smartwatch device|has_color|green,1,[0.85],False,0,0.6375,0.6375,0.88,False,0.6375,False,False,"[""product_36""]","[""unstructured""]","[""It is a smartwatch device. The display measures 6.7 inches. Offers 512GB of internal storage. Battery lasts up to 20 hours. Available in green. Built with plastic construction. Fast charging is yes.""]",0,576,candidate
DEC029_FULL,train_kb,conservative_noisy_or_conflict_adjusted,3,smartwatch device,made_of_material,plastic,smartwatch device|made_of_material|plastic,1,[0.85],True,1,0.6375,0.31875,0.88,False,0.31875,False,False,"[""product_36""]","[""unstructured""]","[""It is a smartwatch device. The display measures 6.7 inches. Offers 512GB of internal storage. Battery lasts up to 20 hours. Available in green. Built with plastic construction. Fast charging is yes.""]",0,576,candidate
DEC029_FULL,train_kb,conservative_noisy_or_conflict_adjusted,3,smartwatch device,supports_fast_charging,yes,smartwatch device|supports_fast_charging|yes,1,[0.85],True,1,0.6375,0.31875,0.88,False,0.31875,False,False,"[""product_36""]","[""unstructured""]","[""It is a smartwatch device. The display measures 6.7 inches. Offers 512GB of internal storage. Battery lasts up to 20 hours. Available in green. Built with plastic construction. Fast charging is yes.""]",0,576,candidate
DEC029_FULL,train_kb,conservative_noisy_or_conflict_adjusted,3,Auralex Headphones Lite 37,manufactured_by,Auralex,auralex headphones lite 37|manufactured_by|auralex,2,"[0.98, 0.95]",True,0,0.9238124999999999,0.9238124999999999,0.88,True,0.9238124999999999,False,False,"[""product_37"", ""product_37""]","[""structured"", ""unstructured""]","[""structured_row:Auralex Headphones Lite 37"", ""Auralex Headphones Lite 37 is manufactured by Auralex. Offers 512GB of internal storage. Battery lasts up to 14 hours. Weighs approximately 0.55kg. Built with carbon fiber construction. Targeted at the Global market. Noise cancellation: no.""]",1,576,candidate
DEC029_FULL,train_kb,conservative_noisy_or_conflict_adjusted,3,Auralex Headphones Lite 37,belongs_to_category,headphones,auralex headphones lite 37|belongs_to_category|headphones,1,[0.98],True,0,0.735,0.735,0.88,False,0.735,False,False,"[""product_37""]","[""structured""]","[""structured_row:Auralex Headphones Lite 37""]",0,576,candidate
DEC029_FULL,train_kb,conservative_noisy_or_conflict_adjusted,3,Auralex Headphones Lite 37,has_price_usd,1299,auralex headphones lite 37|has_price_usd|1299,1,[0.98],True,0,0.735,0.735,0.88,False,0.735,False,False,"[""product_37""]","[""structured""]","[""structured_row:Auralex Headphones Lite 37""]",0,576,candidate
DEC029_FULL,train_kb,conservative_noisy_or_conflict_adjusted,3,Auralex Headphones Lite 37,has_screen_size_inch,6.7,auralex headphones lite 37|has_screen_size_inch|6.7,1,[0.98],True,0,0.735,0.735,0.88,False,0.735,False,False,"[""product_37""]","[""structured""]","[""structured_row:Auralex Headphones Lite 37""]",0,576,candidate
DEC029_FULL,train_kb,conservative_noisy_or_conflict_adjusted,3,Auralex Headphones Lite 37,has_ram_gb,6,auralex headphones lite 37|has_ram_gb|6,1,[0.98],True,0,0.735,0.735,0.88,False,0.735,False,False,"[""product_37""]","[""structured""]","[""structured_row:Auralex Headphones Lite 37""]",0,576,candidate
DEC029_FULL,train_kb,conservative_noisy_or_conflict_adjusted,3,Auralex Headphones Lite 37,has_storage_gb,512,auralex headphones lite 37|has_storage_gb|512,2,"[0.98, 0.92]",True,0,0.91785,0.91785,0.88,True,0.91785,False,False,"[""product_37"", ""product_37""]","[""structured"", ""unstructured""]","[""structured_row:Auralex Headphones Lite 37"", ""Auralex Headphones Lite 37 is manufactured by Auralex. Offers 512GB of internal storage. Battery lasts up to 14 hours. Weighs approximately 0.55kg. Built with carbon fiber construction. Targeted at the Global market. Noise cancellation: no.""]",1,576,candidate
DEC029_FULL,train_kb,conservative_noisy_or_conflict_adjusted,3,Auralex Headphones Lite 37,has_battery_life_hours,14,auralex headphones lite 37|has_battery_life_hours|14,2,"[0.98, 0.93]",True,0,0.9198375,0.9198375,0.88,True,0.9198375,False,False,"[""product_37"", ""product_37""]","[""structured"", ""unstructured""]","[""structured_row:Auralex Headphones Lite 37"", ""Auralex Headphones Lite 37 is manufactured by Auralex. Offers 512GB of internal storage. Battery lasts up to 14 hours. Weighs approximately 0.55kg. Built with carbon fiber construction. Targeted at the Global market. Noise cancellation: no.""]",1,576,candidate
DEC029_FULL,train_kb,conservative_noisy_or_conflict_adjusted,3,Auralex Headphones Lite 37,has_weight_kg,0.55,auralex headphones lite 37|has_weight_kg|0.55,2,"[0.98, 0.94]",True,0,0.921825,0.921825,0.88,True,0.921825,False,False,"[""product_37"", ""product_37""]","[""structured"", ""unstructured""]","[""structured_row:Auralex Headphones Lite 37"", ""Auralex Headphones Lite 37 is manufactured by Auralex. Offers 512GB of internal storage. Battery lasts up to 14 hours. Weighs approximately 0.55kg. Built with carbon fiber construction. Targeted at the Global market. Noise cancellation: no.""]",1,576,candidate
DEC029_FULL,train_kb,conservative_noisy_or_conflict_adjusted,3,Auralex Headphones Lite 37,has_color,black,auralex headphones lite 37|has_color|black,1,[0.98],False,0,0.735,0.735,0.88,False,0.735,False,False,"[""product_37""]","[""structured""]","[""structured_row:Auralex Headphones Lite 37""]",0,576,candidate
DEC029_FULL,train_kb,conservative_noisy_or_conflict_adjusted,3,Auralex Headphones Lite 37,made_of_material,carbon fiber,auralex headphones lite 37|made_of_material|carbon fiber,2,"[0.98, 0.9]",True,0,0.913875,0.913875,0.88,True,0.913875,False,False,"[""product_37"", ""product_37""]","[""structured"", ""unstructured""]","[""structured_row:Auralex Headphones Lite 37"", ""Auralex Headphones Lite 37 is manufactured by Auralex. Offers 512GB of internal storage. Battery lasts up to 14 hours. Weighs approximately 0.55kg. Built with carbon fiber construction. Targeted at the Global market. Noise cancellation: no.""]",1,576,candidate
DEC029_FULL,train_kb,conservative_noisy_or_conflict_adjusted,3,Auralex Headphones Lite 37,target_market_region,Global,auralex headphones lite 37|target_market_region|global,3,"[0.98, 0.96, 0.926]",True,0,0.9773319,0.9773319,0.88,True,0.9773319,False,False,"[""product_37"", ""product_37"", ""product_44""]","[""structured"", ""unstructured"", ""unstructured""]","[""structured_row:Auralex Headphones Lite 37"", ""Auralex Headphones Lite 37 is manufactured by Auralex. Offers 512GB of internal storage. Battery lasts up to 14 hours. Weighs approximately 0.55kg. Built with carbon fiber construction. Targeted at the Global market. Noise cancellation: no."", ""VoltEdge Laptop Plus 44 is manufactured by VoltEdge. It is a laptop device. The display measures 15.6 inches. Comes with 32GB of RAM. Weighs approximately 1.8kg. Available in white. Fast charging is no.""]",1,576,candidate
DEC029_FULL,train_kb,conservative_noisy_or_conflict_adjusted,3,Auralex Headphones Lite 37,supports_fast_charging,yes,auralex headphones lite 37|supports_fast_charging|yes,1,[0.98],True,0,0.735,0.735,0.88,False,0.735,False,False,"[""product_37""]","[""structured""]","[""structured_row:Auralex Headphones Lite 37""]",0,576,candidate
DEC029_FULL,train_kb,conservative_noisy_or_conflict_adjusted,3,Auralex Headphones Lite 37,has_noise_cancellation,no,auralex headphones lite 37|has_noise_cancellation|no,2,"[0.98, 0.85]",True,0,0.9039375,0.9039375,0.88,True,0.9039375,False,False,"[""product_37"", ""product_37""]","[""structured"", ""unstructured""]","[""structured_row:Auralex Headphones Lite 37"", ""Auralex Headphones Lite 37 is manufactured by Auralex. Offers 512GB of internal storage. Battery lasts up to 14 hours. Weighs approximately 0.55kg. Built with carbon fiber construction. Targeted at the Global market. Noise cancellation: no.""]",1,576,candidate
DEC029_FULL,train_kb,conservative_noisy_or_conflict_adjusted,3,Zenbyte Smartwatch Max 39,manufactured_by,Zenbyte,zenbyte smartwatch max 39|manufactured_by|zenbyte,1,[0.98],True,0,0.735,0.735,0.88,False,0.735,False,False,"[""product_39""]","[""structured""]","[""structured_row:Zenbyte Smartwatch Max 39""]",0,576,candidate
DEC029_FULL,train_kb,conservative_noisy_or_conflict_adjusted,3,Zenbyte Smartwatch Max 39,belongs_to_category,smartwatch,zenbyte smartwatch max 39|belongs_to_category|smartwatch,1,[0.98],True,0,0.735,0.735,0.88,False,0.735,False,False,"[""product_39""]","[""structured""]","[""structured_row:Zenbyte Smartwatch Max 39""]",1,576,candidate
DEC029_FULL,train_kb,conservative_noisy_or_conflict_adjusted,3,Zenbyte Smartwatch Max 39,has_price_usd,1299,zenbyte smartwatch max 39|has_price_usd|1299,1,[0.98],True,0,0.735,0.735,0.88,False,0.735,False,False,"[""product_39""]","[""structured""]","[""structured_row:Zenbyte Smartwatch Max 39""]",1,576,candidate
DEC029_FULL,train_kb,conservative_noisy_or_conflict_adjusted,3,Zenbyte Smartwatch Max 39,has_screen_size_inch,6.7,zenbyte smartwatch max 39|has_screen_size_inch|6.7,1,[0.98],True,0,0.735,0.735,0.88,False,0.735,False,False,"[""product_39""]","[""structured""]","[""structured_row:Zenbyte Smartwatch Max 39""]",0,576,candidate
DEC029_FULL,train_kb,conservative_noisy_or_conflict_adjusted,3,Zenbyte Smartwatch Max 39,has_ram_gb,16,zenbyte smartwatch max 39|has_ram_gb|16,1,[0.98],True,0,0.735,0.735,0.88,False,0.735,False,False,"[""product_39""]","[""structured""]","[""structured_row:Zenbyte Smartwatch Max 39""]",1,576,candidate
DEC029_FULL,train_kb,conservative_noisy_or_conflict_adjusted,3,Zenbyte Smartwatch Max 39,has_storage_gb,128,zenbyte smartwatch max 39|has_storage_gb|128,1,[0.98],True,0,0.735,0.735,0.88,False,0.735,False,False,"[""product_39""]","[""structured""]","[""structured_row:Zenbyte Smartwatch Max 39""]",0,576,candidate
DEC029_FULL,train_kb,conservative_noisy_or_conflict_adjusted,3,Zenbyte Smartwatch Max 39,has_battery_life_hours,10,zenbyte smartwatch max 39|has_battery_life_hours|10,1,[0.98],True,0,0.735,0.735,0.88,False,0.735,False,False,"[""product_39""]","[""structured""]","[""structured_row:Zenbyte Smartwatch Max 39""]",0,576,candidate
DEC029_FULL,train_kb,conservative_noisy_or_conflict_adjusted,3,Zenbyte Smartwatch Max 39,has_weight_kg,0.23,zenbyte smartwatch max 39|has_weight_kg|0.23,1,[0.98],True,0,0.735,0.735,0.88,False,0.735,False,False,"[""product_39""]","[""structured""]","[""structured_row:Zenbyte Smartwatch Max 39""]",1,576,candidate
DEC029_FULL,train_kb,conservative_noisy_or_conflict_adjusted,3,Zenbyte Smartwatch Max 39,has_color,black,zenbyte smartwatch max 39|has_color|black,1,[0.98],False,0,0.735,0.735,0.88,False,0.735,False,False,"[""product_39""]","[""structured""]","[""structured_row:Zenbyte Smartwatch Max 39""]",0,576,candidate
DEC029_FULL,train_kb,conservative_noisy_or_conflict_adjusted,3,Zenbyte Smartwatch Max 39,made_of_material,aluminum,zenbyte smartwatch max 39|made_of_material|aluminum,1,[0.98],True,0,0.735,0.735,0.88,False,0.735,False,False,"[""product_39""]","[""structured""]","[""structured_row:Zenbyte Smartwatch Max 39""]",1,576,candidate
DEC029_FULL,train_kb,conservative_noisy_or_conflict_adjusted,3,Zenbyte Smartwatch Max 39,target_market_region,Global,zenbyte smartwatch max 39|target_market_region|global,1,[0.98],True,0,0.735,0.735,0.88,False,0.735,False,False,"[""product_39""]","[""structured""]","[""structured_row:Zenbyte Smartwatch Max 39""]",0,576,candidate
DEC029_FULL,train_kb,conservative_noisy_or_conflict_adjusted,3,Zenbyte Smartwatch Max 39,supports_fast_charging,no,zenbyte smartwatch max 39|supports_fast_charging|no,1,[0.98],True,0,0.735,0.735,0.88,False,0.735,False,False,"[""product_39""]","[""structured""]","[""structured_row:Zenbyte Smartwatch Max 39""]",1,576,candidate
DEC029_FULL,train_kb,conservative_noisy_or_conflict_adjusted,3,Zenbyte Smartwatch Max 39,has_noise_cancellation,no,zenbyte smartwatch max 39|has_noise_cancellation|no,1,[0.98],True,0,0.735,0.735,0.88,False,0.735,False,False,"[""product_39""]","[""structured""]","[""structured_row:Zenbyte Smartwatch Max 39""]",1,576,candidate
DEC029_FULL,train_kb,conservative_noisy_or_conflict_adjusted,3,smartwatch device,has_price_usd,1299,smartwatch device|has_price_usd|1299,1,[0.85],True,0,0.6375,0.6375,0.88,False,0.6375,False,False,"[""product_39""]","[""unstructured""]","[""It is a smartwatch device. Priced at 1299 USD. Comes with 16GB of RAM. Weighs approximately 0.23kg. Built with aluminum construction. Fast charging is no. Noise cancellation: no.""]",0,576,candidate
DEC029_FULL,train_kb,conservative_noisy_or_conflict_adjusted,3,smartwatch device,has_ram_gb,16,smartwatch device|has_ram_gb|16,1,[0.92],True,0,0.6900000000000001,0.6900000000000001,0.88,False,0.6900000000000001,False,False,"[""product_39""]","[""unstructured""]","[""It is a smartwatch device. Priced at 1299 USD. Comes with 16GB of RAM. Weighs approximately 0.23kg. Built with aluminum construction. Fast charging is no. Noise cancellation: no.""]",0,576,candidate
DEC029_FULL,train_kb,conservative_noisy_or_conflict_adjusted,3,smartwatch device,has_weight_kg,0.23,smartwatch device|has_weight_kg|0.23,1,[0.88],True,0,0.66,0.66,0.88,False,0.66,False,False,"[""product_39""]","[""unstructured""]","[""It is a smartwatch device. Priced at 1299 USD. Comes with 16GB of RAM. Weighs approximately 0.23kg. Built with aluminum construction. Fast charging is no. Noise cancellation: no.""]",0,576,candidate
DEC029_FULL,train_kb,conservative_noisy_or_conflict_adjusted,3,smartwatch device,made_of_material,aluminum,smartwatch device|made_of_material|aluminum,1,[0.9],True,1,0.675,0.3375,0.88,False,0.3375,False,False,"[""product_39""]","[""unstructured""]","[""It is a smartwatch device. Priced at 1299 USD. Comes with 16GB of RAM. Weighs approximately 0.23kg. Built with aluminum construction. Fast charging is no. Noise cancellation: no.""]",0,576,candidate
DEC029_FULL,train_kb,conservative_noisy_or_conflict_adjusted,3,smartwatch device,supports_fast_charging,no,smartwatch device|supports_fast_charging|no,1,[0.86],True,1,0.645,0.3225,0.88,False,0.3225,False,False,"[""product_39""]","[""unstructured""]","[""It is a smartwatch device. Priced at 1299 USD. Comes with 16GB of RAM. Weighs approximately 0.23kg. Built with aluminum construction. Fast charging is no. Noise cancellation: no.""]",0,576,candidate
DEC029_FULL,train_kb,conservative_noisy_or_conflict_adjusted,3,smartwatch device,has_noise_cancellation,no,smartwatch device|has_noise_cancellation|no,1,[0.89],True,0,0.6675,0.6675,0.88,False,0.6675,False,False,"[""product_39""]","[""unstructured""]","[""It is a smartwatch device. Priced at 1299 USD. Comes with 16GB of RAM. Weighs approximately 0.23kg. Built with aluminum construction. Fast charging is no. Noise cancellation: no.""]",0,576,candidate
DEC029_FULL,train_kb,conservative_noisy_or_conflict_adjusted,3,NeoTech Headphones Air 40,manufactured_by,NeoTech,neotech headphones air 40|manufactured_by|neotech,1,[0.98],True,0,0.735,0.735,0.88,False,0.735,False,False,"[""product_40""]","[""structured""]","[""structured_row:NeoTech Headphones Air 40""]",0,576,candidate
DEC029_FULL,train_kb,conservative_noisy_or_conflict_adjusted,3,NeoTech Headphones Air 40,belongs_to_category,headphones,neotech headphones air 40|belongs_to_category|headphones,1,[0.98],True,0,0.735,0.735,0.88,False,0.735,False,False,"[""product_40""]","[""structured""]","[""structured_row:NeoTech Headphones Air 40""]",0,576,candidate
DEC029_FULL,train_kb,conservative_noisy_or_conflict_adjusted,3,NeoTech Headphones Air 40,has_price_usd,249,neotech headphones air 40|has_price_usd|249,1,[0.98],True,0,0.735,0.735,0.88,False,0.735,False,False,"[""product_40""]","[""structured""]","[""structured_row:NeoTech Headphones Air 40""]",1,576,candidate
DEC029_FULL,train_kb,conservative_noisy_or_conflict_adjusted,3,NeoTech Headphones Air 40,has_screen_size_inch,6.7,neotech headphones air 40|has_screen_size_inch|6.7,1,[0.98],True,0,0.735,0.735,0.88,False,0.735,False,False,"[""product_40""]","[""structured""]","[""structured_row:NeoTech Headphones Air 40""]",0,576,candidate
DEC029_FULL,train_kb,conservative_noisy_or_conflict_adjusted,3,NeoTech Headphones Air 40,has_ram_gb,16,neotech headphones air 40|has_ram_gb|16,1,[0.98],True,0,0.735,0.735,0.88,False,0.735,False,False,"[""product_40""]","[""structured""]","[""structured_row:NeoTech Headphones Air 40""]",1,576,candidate
DEC029_FULL,train_kb,conservative_noisy_or_conflict_adjusted,3,NeoTech Headphones Air 40,has_storage_gb,512,neotech headphones air 40|has_storage_gb|512,1,[0.98],True,0,0.735,0.735,0.88,False,0.735,False,False,"[""product_40""]","[""structured""]","[""structured_row:NeoTech Headphones Air 40""]",0,576,candidate
DEC029_FULL,train_kb,conservative_noisy_or_conflict_adjusted,3,NeoTech Headphones Air 40,has_battery_life_hours,24,neotech headphones air 40|has_battery_life_hours|24,1,[0.98],True,0,0.735,0.735,0.88,False,0.735,False,False,"[""product_40""]","[""structured""]","[""structured_row:NeoTech Headphones Air 40""]",1,576,candidate
DEC029_FULL,train_kb,conservative_noisy_or_conflict_adjusted,3,NeoTech Headphones Air 40,has_weight_kg,1.45,neotech headphones air 40|has_weight_kg|1.45,1,[0.98],True,0,0.735,0.735,0.88,False,0.735,False,False,"[""product_40""]","[""structured""]","[""structured_row:NeoTech Headphones Air 40""]",1,576,candidate
DEC029_FULL,train_kb,conservative_noisy_or_conflict_adjusted,3,NeoTech Headphones Air 40,has_color,white,neotech headphones air 40|has_color|white,1,[0.98],False,0,0.735,0.735,0.88,False,0.735,False,False,"[""product_40""]","[""structured""]","[""structured_row:NeoTech Headphones Air 40""]",1,576,candidate
DEC029_FULL,train_kb,conservative_noisy_or_conflict_adjusted,3,NeoTech Headphones Air 40,made_of_material,plastic,neotech headphones air 40|made_of_material|plastic,1,[0.98],True,0,0.735,0.735,0.88,False,0.735,False,False,"[""product_40""]","[""structured""]","[""structured_row:NeoTech Headphones Air 40""]",1,576,candidate
DEC029_FULL,train_kb,conservative_noisy_or_conflict_adjusted,3,NeoTech Headphones Air 40,target_market_region,Global,neotech headphones air 40|target_market_region|global,1,[0.98],True,0,0.735,0.735,0.88,False,0.735,False,False,"[""product_40""]","[""structured""]","[""structured_row:NeoTech Headphones Air 40""]",0,576,candidate
DEC029_FULL,train_kb,conservative_noisy_or_conflict_adjusted,3,NeoTech Headphones Air 40,supports_fast_charging,no,neotech headphones air 40|supports_fast_charging|no,1,[0.98],True,0,0.735,0.735,0.88,False,0.735,False,False,"[""product_40""]","[""structured""]","[""structured_row:NeoTech Headphones Air 40""]",1,576,candidate
DEC029_FULL,train_kb,conservative_noisy_or_conflict_adjusted,3,NeoTech Headphones Air 40,has_noise_cancellation,no,neotech headphones air 40|has_noise_cancellation|no,1,[0.98],True,0,0.735,0.735,0.88,False,0.735,False,False,"[""product_40""]","[""structured""]","[""structured_row:NeoTech Headphones Air 40""]",0,576,candidate
DEC029_FULL,train_kb,conservative_noisy_or_conflict_adjusted,3,TechNova Smartphone Pro 1,has_battery_life_hours,24,technova smartphone pro 1|has_battery_life_hours|24,2,"[0.88, 0.91]",True,4,0.89205,0.17841,0.88,False,0.17841,False,False,"[""product_40"", ""product_40""]","[""unstructured"", ""unstructured""]","[""Priced at 249 USD. Comes with 16GB of RAM. Battery lasts up to 24 hours. Weighs approximately 1.45kg. Available in white. Built with plastic construction. Fast charging is no."", ""Priced at 249 USD. Comes with 16GB of RAM. Battery lasts up to 24 hours. Weighs approximately 1.45kg. Available in white. Built with plastic construction. Fast charging is no.""]",0,576,candidate
DEC029_FULL,train_kb,conservative_noisy_or_conflict_adjusted,3,TechNova Smartphone Pro 1,has_weight_kg,1.45,technova smartphone pro 1|has_weight_kg|1.45,3,"[0.9, 0.91, 0.91]",True,5,0.96723796875,0.161206328125,0.88,False,0.19344759375,False,False,"[""product_40"", ""product_32"", ""product_40""]","[""unstructured"", ""unstructured"", ""unstructured""]","[""Priced at 249 USD. Comes with 16GB of RAM. Battery lasts up to 24 hours. Weighs approximately 1.45kg. Available in white. Built with plastic construction. Fast charging is no."", ""It is a tablet device. The display measures 6.1 inches. Comes with 16GB of RAM. Offers 256GB of internal storage. Weighs approximately 1.45kg. Available in silver. Built with plastic construction."", ""Priced at 249 USD. Comes with 16GB of RAM. Battery lasts up to 24 hours. Weighs approximately 1.45kg. Available in white. Built with plastic construction. Fast charging is no.""]",0,576,candidate
DEC029_FULL,train_kb,conservative_noisy_or_conflict_adjusted,3,TechNova Smartphone Pro 1,made_of_material,plastic,technova smartphone pro 1|made_of_material|plastic,5,"[0.89, 0.91, 0.91, 0.91, 0.91]",True,2,0.9966211682370117,0.3322070560790039,0.88,False,0.4946790050976563,False,False,"[""product_40"", ""product_22"", ""product_32"", ""product_40"", ""product_22""]","[""unstructured"", ""unstructured"", ""unstructured"", ""unstructured"", ""unstructured""]","[""Priced at 249 USD. Comes with 16GB of RAM. Battery lasts up to 24 hours. Weighs approximately 1.45kg. Available in white. Built with plastic construction. Fast charging is no."", ""It is a smartwatch device. Priced at 699 USD. The display measures 6.1 inches. Weighs approximately 0.18kg. Available in silver. Built with plastic construction. Targeted at the APAC market."", ""It is a tablet device. The display measures 6.1 inches. Comes with 16GB of RAM. Offers 256GB of internal storage. Weighs approximately 1.45kg. Available in silver. Built with plastic construction."", ""Priced at 249 USD. Comes with 16GB of RAM. Battery lasts up to 24 hours. Weighs approximately 1.45kg. Available in white. Built with plastic construction. Fast charging is no."", ""It is a smartwatch device. Priced at 699 USD. The display measures 6.1 inches. Weighs approximately 0.18kg. Available in silver. Built with plastic construction. Targeted at the APAC market.""]",0,576,candidate
DEC029_FULL,train_kb,conservative_noisy_or_conflict_adjusted,3,NeoTech Smartphone Pro 41,manufactured_by,NeoTech,neotech smartphone pro 41|manufactured_by|neotech,4,"[0.98, 0.9, 0.91, 0.92]",True,0,0.991523146875,0.991523146875,0.88,True,0.9726553125,False,False,"[""product_41"", ""product_41"", ""product_41"", ""product_41""]","[""structured"", ""unstructured"", ""unstructured"", ""unstructured""]","[""structured_row:NeoTech Smartphone Pro 41"", ""NeoTech Smartphone Pro 41 is manufactured by NeoTech. It is a smartphone device. Offers 64GB of internal storage. Weighs approximately 1.8kg. Available in green. Built with aluminum construction. Targeted at the APAC market."", ""NeoTech Smartphone Pro 41 is manufactured by NeoTech. It is a smartphone device. Offers 64GB of internal storage. Weighs approximately 1.8kg. Available in green. Built with aluminum construction. Targeted at the APAC market."", ""NeoTech Smartphone Pro 41 is manufactured by NeoTech. It is a smartphone device. Offers 64GB of internal storage. Weighs approximately 1.8kg. Available in green. Built with aluminum construction. Targeted at the APAC market.""]",1,576,candidate
DEC029_FULL,train_kb,conservative_noisy_or_conflict_adjusted,3,NeoTech Smartphone Pro 41,belongs_to_category,smartphone,neotech smartphone pro 41|belongs_to_category|smartphone,2,"[0.98, 0.85]",True,0,0.9039375,0.9039375,0.88,True,0.735,True,False,"[""product_41"", ""product_41""]","[""structured"", ""unstructured""]","[""structured_row:NeoTech Smartphone Pro 41"", ""NeoTech Smartphone Pro 41 is manufactured by NeoTech. It is a smartphone device. Offers 64GB of internal storage. Weighs approximately 1.8kg. Available in green. Built with aluminum construction. Targeted at the APAC market.""]",1,576,candidate
DEC029_FULL,train_kb,conservative_noisy_or_conflict_adjusted,3,NeoTech Smartphone Pro 41,has_price_usd,299,neotech smartphone pro 41|has_price_usd|299,1,[0.98],True,0,0.735,0.735,0.88,False,0.735,False,False,"[""product_41""]","[""structured""]","[""structured_row:NeoTech Smartphone Pro 41""]",0,576,candidate
DEC029_FULL,train_kb,conservative_noisy_or_conflict_adjusted,3,NeoTech Smartphone Pro 41,has_screen_size_inch,14.0,neotech smartphone pro 41|has_screen_size_inch|14.0,1,[0.98],True,0,0.735,0.735,0.88,False,0.735,False,False,"[""product_41""]","[""structured""]","[""structured_row:NeoTech Smartphone Pro 41""]",0,576,candidate
DEC029_FULL,train_kb,conservative_noisy_or_conflict_adjusted,3,NeoTech Smartphone Pro 41,has_ram_gb,8,neotech smartphone pro 41|has_ram_gb|8,1,[0.98],True,0,0.735,0.735,0.88,False,0.735,False,False,"[""product_41""]","[""structured""]","[""structured_row:NeoTech Smartphone Pro 41""]",0,576,candidate
DEC029_FULL,train_kb,conservative_noisy_or_conflict_adjusted,3,NeoTech Smartphone Pro 41,has_storage_gb,64,neotech smartphone pro 41|has_storage_gb|64,4,"[0.98, 0.9, 0.91, 0.9]",True,0,0.9911129765625,0.9911129765625,0.88,True,0.9726553125,False,False,"[""product_41"", ""product_41"", ""product_41"", ""product_41""]","[""structured"", ""unstructured"", ""unstructured"", ""unstructured""]","[""structured_row:NeoTech Smartphone Pro 41"", ""NeoTech Smartphone Pro 41 is manufactured by NeoTech. It is a smartphone device. Offers 64GB of internal storage. Weighs approximately 1.8kg. Available in green. Built with aluminum construction. Targeted at the APAC market."", ""NeoTech Smartphone Pro 41 is manufactured by NeoTech. It is a smartphone device. Offers 64GB of internal storage. Weighs approximately 1.8kg. Available in green. Built with aluminum construction. Targeted at the APAC market."", ""NeoTech Smartphone Pro 41 is manufactured by NeoTech. It is a smartphone device. Offers 64GB of internal storage. Weighs approximately 1.8kg. Available in green. Built with aluminum construction. Targeted at the APAC market.""]",1,576,candidate
DEC029_FULL,train_kb,conservative_noisy_or_conflict_adjusted,3,NeoTech Smartphone Pro 41,has_battery_life_hours,24,neotech smartphone pro 41|has_battery_life_hours|24,1,[0.98],True,0,0.735,0.735,0.88,False,0.735,False,False,"[""product_41""]","[""structured""]","[""structured_row:NeoTech Smartphone Pro 41""]",0,576,candidate
DEC029_FULL,train_kb,conservative_noisy_or_conflict_adjusted,3,NeoTech Smartphone Pro 41,has_weight_kg,1.8,neotech smartphone pro 41|has_weight_kg|1.8,4,"[0.98, 0.9, 0.91, 0.95]",True,0,0.99213840234375,0.99213840234375,0.88,True,0.9726553125,False,False,"[""product_41"", ""product_41"", ""product_41"", ""product_41""]","[""structured"", ""unstructured"", ""unstructured"", ""unstructured""]","[""structured_row:NeoTech Smartphone Pro 41"", ""NeoTech Smartphone Pro 41 is manufactured by NeoTech. It is a smartphone device. Offers 64GB of internal storage. Weighs approximately 1.8kg. Available in green. Built with aluminum construction. Targeted at the APAC market."", ""NeoTech Smartphone Pro 41 is manufactured by NeoTech. It is a smartphone device. Offers 64GB of internal storage. Weighs approximately 1.8kg. Available in green. Built with aluminum construction. Targeted at the APAC market."", ""NeoTech Smartphone Pro 41 is manufactured by NeoTech. It is a smartphone device. Offers 64GB of internal storage. Weighs approximately 1.8kg. Available in green. Built with aluminum construction. Targeted at the APAC market.""]",1,576,candidate
DEC029_FULL,train_kb,conservative_noisy_or_conflict_adjusted,3,NeoTech Smartphone Pro 41,has_color,green,neotech smartphone pro 41|has_color|green,4,"[0.98, 0.9, 0.91, 0.94]",False,0,0.9919333171875,0.9919333171875,0.88,True,0.9726553125,False,False,"[""product_41"", ""product_41"", ""product_41"", ""product_41""]","[""structured"", ""unstructured"", ""unstructured"", ""unstructured""]","[""structured_row:NeoTech Smartphone Pro 41"", ""NeoTech Smartphone Pro 41 is manufactured by NeoTech. It is a smartphone device. Offers 64GB of internal storage. Weighs approximately 1.8kg. Available in green. Built with aluminum construction. Targeted at the APAC market."", ""NeoTech Smartphone Pro 41 is manufactured by NeoTech. It is a smartphone device. Offers 64GB of internal storage. Weighs approximately 1.8kg. Available in green. Built with aluminum construction. Targeted at the APAC market."", ""NeoTech Smartphone Pro 41 is manufactured by NeoTech. It is a smartphone device. Offers 64GB of internal storage. Weighs approximately 1.8kg. Available in green. Built with aluminum construction. Targeted at the APAC market.""]",1,576,candidate
DEC029_FULL,train_kb,conservative_noisy_or_conflict_adjusted,3,NeoTech Smartphone Pro 41,made_of_material,aluminum,neotech smartphone pro 41|made_of_material|aluminum,4,"[0.98, 0.9, 0.91, 0.93]",True,0,0.99172823203125,0.99172823203125,0.88,True,0.9726553125,False,False,"[""product_41"", ""product_41"", ""product_41"", ""product_41""]","[""structured"", ""unstructured"", ""unstructured"", ""unstructured""]","[""structured_row:NeoTech Smartphone Pro 41"", ""NeoTech Smartphone Pro 41 is manufactured by NeoTech. It is a smartphone device. Offers 64GB of internal storage. Weighs approximately 1.8kg. Available in green. Built with aluminum construction. Targeted at the APAC market."", ""NeoTech Smartphone Pro 41 is manufactured by NeoTech. It is a smartphone device. Offers 64GB of internal storage. Weighs approximately 1.8kg. Available in green. Built with aluminum construction. Targeted at the APAC market."", ""NeoTech Smartphone Pro 41 is manufactured by NeoTech. It is a smartphone device. Offers 64GB of internal storage. Weighs approximately 1.8kg. Available in green. Built with aluminum construction. Targeted at the APAC market.""]",1,576,candidate
DEC029_FULL,train_kb,conservative_noisy_or_conflict_adjusted,3,NeoTech Smartphone Pro 41,target_market_region,APAC,neotech smartphone pro 41|target_market_region|apac,4,"[0.98, 0.9, 0.91, 0.91]",True,0,0.99131806171875,0.99131806171875,0.88,True,0.9726553125,False,False,"[""product_41"", ""product_41"", ""product_41"", ""product_41""]","[""structured"", ""unstructured"", ""unstructured"", ""unstructured""]","[""structured_row:NeoTech Smartphone Pro 41"", ""NeoTech Smartphone Pro 41 is manufactured by NeoTech. It is a smartphone device. Offers 64GB of internal storage. Weighs approximately 1.8kg. Available in green. Built with aluminum construction. Targeted at the APAC market."", ""NeoTech Smartphone Pro 41 is manufactured by NeoTech. It is a smartphone device. Offers 64GB of internal storage. Weighs approximately 1.8kg. Available in green. Built with aluminum construction. Targeted at the APAC market."", ""NeoTech Smartphone Pro 41 is manufactured by NeoTech. It is a smartphone device. Offers 64GB of internal storage. Weighs approximately 1.8kg. Available in green. Built with aluminum construction. Targeted at the APAC market.""]",1,576,candidate
DEC029_FULL,train_kb,conservative_noisy_or_conflict_adjusted,3,NeoTech Smartphone Pro 41,supports_fast_charging,yes,neotech smartphone pro 41|supports_fast_charging|yes,1,[0.98],True,0,0.735,0.735,0.88,False,0.735,False,False,"[""product_41""]","[""structured""]","[""structured_row:NeoTech Smartphone Pro 41""]",0,576,candidate
DEC029_FULL,train_kb,conservative_noisy_or_conflict_adjusted,3,NeoTech Smartphone Pro 41,has_noise_cancellation,no,neotech smartphone pro 41|has_noise_cancellation|no,1,[0.98],True,0,0.735,0.735,0.88,False,0.735,False,False,"[""product_41""]","[""structured""]","[""structured_row:NeoTech Smartphone Pro 41""]",0,576,candidate
DEC029_FULL,train_kb,conservative_noisy_or_conflict_adjusted,3,PixelWare Tablet Lite 43,manufactured_by,PixelWare,pixelware tablet lite 43|manufactured_by|pixelware,1,[0.98],True,0,0.735,0.735,0.88,False,0.735,False,False,"[""product_43""]","[""structured""]","[""structured_row:PixelWare Tablet Lite 43""]",1,576,candidate
DEC029_FULL,train_kb,conservative_noisy_or_conflict_adjusted,3,PixelWare Tablet Lite 43,belongs_to_category,tablet,pixelware tablet lite 43|belongs_to_category|tablet,1,[0.98],True,0,0.735,0.735,0.88,False,0.735,False,False,"[""product_43""]","[""structured""]","[""structured_row:PixelWare Tablet Lite 43""]",1,576,candidate
DEC029_FULL,train_kb,conservative_noisy_or_conflict_adjusted,3,PixelWare Tablet Lite 43,has_price_usd,349,pixelware tablet lite 43|has_price_usd|349,1,[0.98],True,0,0.735,0.735,0.88,False,0.735,False,False,"[""product_43""]","[""structured""]","[""structured_row:PixelWare Tablet Lite 43""]",0,576,candidate
DEC029_FULL,train_kb,conservative_noisy_or_conflict_adjusted,3,PixelWare Tablet Lite 43,has_screen_size_inch,13.3,pixelware tablet lite 43|has_screen_size_inch|13.3,1,[0.98],True,0,0.735,0.735,0.88,False,0.735,False,False,"[""product_43""]","[""structured""]","[""structured_row:PixelWare Tablet Lite 43""]",1,576,candidate
DEC029_FULL,train_kb,conservative_noisy_or_conflict_adjusted,3,PixelWare Tablet Lite 43,has_ram_gb,16,pixelware tablet lite 43|has_ram_gb|16,1,[0.98],True,0,0.735,0.735,0.88,False,0.735,False,False,"[""product_43""]","[""structured""]","[""structured_row:PixelWare Tablet Lite 43""]",1,576,candidate
DEC029_FULL,train_kb,conservative_noisy_or_conflict_adjusted,3,PixelWare Tablet Lite 43,has_storage_gb,128,pixelware tablet lite 43|has_storage_gb|128,1,[0.98],True,0,0.735,0.735,0.88,False,0.735,False,False,"[""product_43""]","[""structured""]","[""structured_row:PixelWare Tablet Lite 43""]",0,576,candidate
DEC029_FULL,train_kb,conservative_noisy_or_conflict_adjusted,3,PixelWare Tablet Lite 43,has_battery_life_hours,24,pixelware tablet lite 43|has_battery_life_hours|24,1,[0.98],True,0,0.735,0.735,0.88,False,0.735,False,False,"[""product_43""]","[""structured""]","[""structured_row:PixelWare Tablet Lite 43""]",1,576,candidate
DEC029_FULL,train_kb,conservative_noisy_or_conflict_adjusted,3,PixelWare Tablet Lite 43,has_weight_kg,0.55,pixelware tablet lite 43|has_weight_kg|0.55,1,[0.98],True,0,0.735,0.735,0.88,False,0.735,False,False,"[""product_43""]","[""structured""]","[""structured_row:PixelWare Tablet Lite 43""]",1,576,candidate
DEC029_FULL,train_kb,conservative_noisy_or_conflict_adjusted,3,PixelWare Tablet Lite 43,has_color,silver,pixelware tablet lite 43|has_color|silver,1,[0.98],False,0,0.735,0.735,0.88,False,0.735,False,False,"[""product_43""]","[""structured""]","[""structured_row:PixelWare Tablet Lite 43""]",0,576,candidate
DEC029_FULL,train_kb,conservative_noisy_or_conflict_adjusted,3,PixelWare Tablet Lite 43,made_of_material,carbon fiber,pixelware tablet lite 43|made_of_material|carbon fiber,1,[0.98],True,0,0.735,0.735,0.88,False,0.735,False,False,"[""product_43""]","[""structured""]","[""structured_row:PixelWare Tablet Lite 43""]",0,576,candidate
DEC029_FULL,train_kb,conservative_noisy_or_conflict_adjusted,3,PixelWare Tablet Lite 43,target_market_region,Global,pixelware tablet lite 43|target_market_region|global,1,[0.98],True,0,0.735,0.735,0.88,False,0.735,False,False,"[""product_43""]","[""structured""]","[""structured_row:PixelWare Tablet Lite 43""]",1,576,candidate
DEC029_FULL,train_kb,conservative_noisy_or_conflict_adjusted,3,PixelWare Tablet Lite 43,supports_fast_charging,yes,pixelware tablet lite 43|supports_fast_charging|yes,1,[0.98],True,0,0.735,0.735,0.88,False,0.735,False,False,"[""product_43""]","[""structured""]","[""structured_row:PixelWare Tablet Lite 43""]",0,576,candidate
DEC029_FULL,train_kb,conservative_noisy_or_conflict_adjusted,3,PixelWare Tablet Lite 43,has_noise_cancellation,no,pixelware tablet lite 43|has_noise_cancellation|no,1,[0.98],True,0,0.735,0.735,0.88,False,0.735,False,False,"[""product_43""]","[""structured""]","[""structured_row:PixelWare Tablet Lite 43""]",0,576,candidate
DEC029_FULL,train_kb,conservative_noisy_or_conflict_adjusted,3,VoltEdge Laptop Plus 44,manufactured_by,VoltEdge,voltedge laptop plus 44|manufactured_by|voltedge,5,"[0.98, 1.0, 0.934, 0.98, 0.98]",True,0,0.998606604328125,0.998606604328125,0.88,True,0.980158125,False,False,"[""product_44"", ""product_44"", ""product_44"", ""product_44"", ""product_44""]","[""structured"", ""unstructured"", ""unstructured"", ""unstructured"", ""unstructured""]","[""structured_row:VoltEdge Laptop Plus 44"", ""VoltEdge Laptop Plus 44 is manufactured by VoltEdge. It is a laptop device. The display measures 15.6 inches. Comes with 32GB of RAM. Weighs approximately 1.8kg. Available in white. Fast charging is no."", ""VoltEdge Laptop Plus 44 is manufactured by VoltEdge. It is a laptop device. The display measures 15.6 inches. Comes with 32GB of RAM. Weighs approximately 1.8kg. Available in white. Fast charging is no."", ""VoltEdge Laptop Plus 44 is manufactured by VoltEdge. It is a laptop device. The display measures 15.6 inches. Comes with 32GB of RAM. Weighs approximately 1.8kg. Available in white. Fast charging is no."", ""VoltEdge Laptop Plus 44 is manufactured by VoltEdge. It is a laptop device. The display measures 15.6 inches. Comes with 32GB of RAM. Weighs approximately 1.8kg. Available in white. Fast charging is no.""]",1,576,candidate
DEC029_FULL,train_kb,conservative_noisy_or_conflict_adjusted,3,VoltEdge Laptop Plus 44,belongs_to_category,laptop,voltedge laptop plus 44|belongs_to_category|laptop,1,[0.98],True,0,0.735,0.735,0.88,False,0.735,False,False,"[""product_44""]","[""structured""]","[""structured_row:VoltEdge Laptop Plus 44""]",1,576,candidate
DEC029_FULL,train_kb,conservative_noisy_or_conflict_adjusted,3,VoltEdge Laptop Plus 44,has_price_usd,299,voltedge laptop plus 44|has_price_usd|299,1,[0.98],True,0,0.735,0.735,0.88,False,0.735,False,False,"[""product_44""]","[""structured""]","[""structured_row:VoltEdge Laptop Plus 44""]",0,576,candidate
DEC029_FULL,train_kb,conservative_noisy_or_conflict_adjusted,3,VoltEdge Laptop Plus 44,has_screen_size_inch,15.6,voltedge laptop plus 44|has_screen_size_inch|15.6,4,"[0.98, 1.0, 0.934, 0.98]",True,0,0.994741903125,0.994741903125,0.88,True,0.980158125,False,False,"[""product_44"", ""product_44"", ""product_44"", ""product_44""]","[""structured"", ""unstructured"", ""unstructured"", ""unstructured""]","[""structured_row:VoltEdge Laptop Plus 44"", ""VoltEdge Laptop Plus 44 is manufactured by VoltEdge. It is a laptop device. The display measures 15.6 inches. Comes with 32GB of RAM. Weighs approximately 1.8kg. Available in white. Fast charging is no."", ""VoltEdge Laptop Plus 44 is manufactured by VoltEdge. It is a laptop device. The display measures 15.6 inches. Comes with 32GB of RAM. Weighs approximately 1.8kg. Available in white. Fast charging is no."", ""VoltEdge Laptop Plus 44 is manufactured by VoltEdge. It is a laptop device. The display measures 15.6 inches. Comes with 32GB of RAM. Weighs approximately 1.8kg. Available in white. Fast charging is no.""]",1,576,candidate
DEC029_FULL,train_kb,conservative_noisy_or_conflict_adjusted,3,VoltEdge Laptop Plus 44,has_ram_gb,32,voltedge laptop plus 44|has_ram_gb|32,4,"[0.98, 1.0, 0.934, 0.98]",True,0,0.994741903125,0.994741903125,0.88,True,0.980158125,False,False,"[""product_44"", ""product_44"", ""product_44"", ""product_44""]","[""structured"", ""unstructured"", ""unstructured"", ""unstructured""]","[""structured_row:VoltEdge Laptop Plus 44"", ""VoltEdge Laptop Plus 44 is manufactured by VoltEdge. It is a laptop device. The display measures 15.6 inches. Comes with 32GB of RAM. Weighs approximately 1.8kg. Available in white. Fast charging is no."", ""VoltEdge Laptop Plus 44 is manufactured by VoltEdge. It is a laptop device. The display measures 15.6 inches. Comes with 32GB of RAM. Weighs approximately 1.8kg. Available in white. Fast charging is no."", ""VoltEdge Laptop Plus 44 is manufactured by VoltEdge. It is a laptop device. The display measures 15.6 inches. Comes with 32GB of RAM. Weighs approximately 1.8kg. Available in white. Fast charging is no.""]",1,576,candidate
DEC029_FULL,train_kb,conservative_noisy_or_conflict_adjusted,3,VoltEdge Laptop Plus 44,has_storage_gb,1024,voltedge laptop plus 44|has_storage_gb|1024,1,[0.98],True,0,0.735,0.735,0.88,False,0.735,False,False,"[""product_44""]","[""structured""]","[""structured_row:VoltEdge Laptop Plus 44""]",0,576,candidate
DEC029_FULL,train_kb,conservative_noisy_or_conflict_adjusted,3,VoltEdge Laptop Plus 44,has_battery_life_hours,18,voltedge laptop plus 44|has_battery_life_hours|18,1,[0.98],True,0,0.735,0.735,0.88,False,0.735,False,False,"[""product_44""]","[""structured""]","[""structured_row:VoltEdge Laptop Plus 44""]",0,576,candidate
DEC029_FULL,train_kb,conservative_noisy_or_conflict_adjusted,3,VoltEdge Laptop Plus 44,has_weight_kg,1.8,voltedge laptop plus 44|has_weight_kg|1.8,4,"[0.98, 1.0, 0.934, 0.98]",True,0,0.994741903125,0.994741903125,0.88,True,0.980158125,False,False,"[""product_44"", ""product_44"", ""product_44"", ""product_44""]","[""structured"", ""unstructured"", ""unstructured"", ""unstructured""]","[""structured_row:VoltEdge Laptop Plus 44"", ""VoltEdge Laptop Plus 44 is manufactured by VoltEdge. It is a laptop device. The display measures 15.6 inches. Comes with 32GB of RAM. Weighs approximately 1.8kg. Available in white. Fast charging is no."", ""VoltEdge Laptop Plus 44 is manufactured by VoltEdge. It is a laptop device. The display measures 15.6 inches. Comes with 32GB of RAM. Weighs approximately 1.8kg. Available in white. Fast charging is no."", ""VoltEdge Laptop Plus 44 is manufactured by VoltEdge. It is a laptop device. The display measures 15.6 inches. Comes with 32GB of RAM. Weighs approximately 1.8kg. Available in white. Fast charging is no.""]",1,576,candidate
DEC029_FULL,train_kb,conservative_noisy_or_conflict_adjusted,3,VoltEdge Laptop Plus 44,has_color,white,voltedge laptop plus 44|has_color|white,4,"[0.98, 1.0, 0.934, 0.98]",False,0,0.994741903125,0.994741903125,0.88,True,0.980158125,False,False,"[""product_44"", ""product_44"", ""product_44"", ""product_44""]","[""structured"", ""unstructured"", ""unstructured"", ""unstructured""]","[""structured_row:VoltEdge Laptop Plus 44"", ""VoltEdge Laptop Plus 44 is manufactured by VoltEdge. It is a laptop device. The display measures 15.6 inches. Comes with 32GB of RAM. Weighs approximately 1.8kg. Available in white. Fast charging is no."", ""VoltEdge Laptop Plus 44 is manufactured by VoltEdge. It is a laptop device. The display measures 15.6 inches. Comes with 32GB of RAM. Weighs approximately 1.8kg. Available in white. Fast charging is no."", ""VoltEdge Laptop Plus 44 is manufactured by VoltEdge. It is a laptop device. The display measures 15.6 inches. Comes with 32GB of RAM. Weighs approximately 1.8kg. Available in white. Fast charging is no.""]",1,576,candidate
DEC029_FULL,train_kb,conservative_noisy_or_conflict_adjusted,3,VoltEdge Laptop Plus 44,made_of_material,plastic,voltedge laptop plus 44|made_of_material|plastic,1,[0.98],True,0,0.735,0.735,0.88,False,0.735,False,False,"[""product_44""]","[""structured""]","[""structured_row:VoltEdge Laptop Plus 44""]",0,576,candidate
DEC029_FULL,train_kb,conservative_noisy_or_conflict_adjusted,3,VoltEdge Laptop Plus 44,target_market_region,Global,voltedge laptop plus 44|target_market_region|global,1,[0.98],True,0,0.735,0.735,0.88,False,0.735,False,False,"[""product_44""]","[""structured""]","[""structured_row:VoltEdge Laptop Plus 44""]",0,576,candidate
DEC029_FULL,train_kb,conservative_noisy_or_conflict_adjusted,3,VoltEdge Laptop Plus 44,supports_fast_charging,no,voltedge laptop plus 44|supports_fast_charging|no,4,"[0.98, 1.0, 0.934, 0.98]",True,0,0.994741903125,0.994741903125,0.88,True,0.980158125,False,False,"[""product_44"", ""product_44"", ""product_44"", ""product_44""]","[""structured"", ""unstructured"", ""unstructured"", ""unstructured""]","[""structured_row:VoltEdge Laptop Plus 44"", ""VoltEdge Laptop Plus 44 is manufactured by VoltEdge. It is a laptop device. The display measures 15.6 inches. Comes with 32GB of RAM. Weighs approximately 1.8kg. Available in white. Fast charging is no."", ""VoltEdge Laptop Plus 44 is manufactured by VoltEdge. It is a laptop device. The display measures 15.6 inches. Comes with 32GB of RAM. Weighs approximately 1.8kg. Available in white. Fast charging is no."", ""VoltEdge Laptop Plus 44 is manufactured by VoltEdge. It is a laptop device. The display measures 15.6 inches. Comes with 32GB of RAM. Weighs approximately 1.8kg. Available in white. Fast charging is no.""]",1,576,candidate
DEC029_FULL,train_kb,conservative_noisy_or_conflict_adjusted,3,VoltEdge Laptop Plus 44,has_noise_cancellation,no,voltedge laptop plus 44|has_noise_cancellation|no,1,[0.98],True,0,0.735,0.735,0.88,False,0.735,False,False,"[""product_44""]","[""structured""]","[""structured_row:VoltEdge Laptop Plus 44""]",0,576,candidate
DEC029_FULL,train_kb,conservative_noisy_or_conflict_adjusted,3,PixelWare Smartphone Max 45,manufactured_by,PixelWare,pixelware smartphone max 45|manufactured_by|pixelware,3,"[0.98, 0.92, 0.91]",True,0,0.973917375,0.973917375,0.88,True,0.973917375,False,False,"[""product_45"", ""product_45"", ""product_45""]","[""structured"", ""unstructured"", ""unstructured""]","[""structured_row:PixelWare Smartphone Max 45"", ""PixelWare Smartphone Max 45 is manufactured by PixelWare. It is a smartphone device. Comes with 32GB of RAM. Weighs approximately 0.18kg. Available in black. Fast charging is yes. Noise cancellation: no."", ""PixelWare Smartphone Max 45 is manufactured by PixelWare. It is a smartphone device. Comes with 32GB of RAM. Weighs approximately 0.18kg. Available in black. Fast charging is yes. Noise cancellation: no.""]",1,576,candidate
DEC029_FULL,train_kb,conservative_noisy_or_conflict_adjusted,3,PixelWare Smartphone Max 45,belongs_to_category,smartphone,pixelware smartphone max 45|belongs_to_category|smartphone,1,[0.98],True,0,0.735,0.735,0.88,False,0.735,False,False,"[""product_45""]","[""structured""]","[""structured_row:PixelWare Smartphone Max 45""]",1,576,candidate
DEC029_FULL,train_kb,conservative_noisy_or_conflict_adjusted,3,PixelWare Smartphone Max 45,has_price_usd,1099,pixelware smartphone max 45|has_price_usd|1099,1,[0.98],True,0,0.735,0.735,0.88,False,0.735,False,False,"[""product_45""]","[""structured""]","[""structured_row:PixelWare Smartphone Max 45""]",0,576,candidate
DEC029_FULL,train_kb,conservative_noisy_or_conflict_adjusted,3,PixelWare Smartphone Max 45,has_screen_size_inch,10.9,pixelware smartphone max 45|has_screen_size_inch|10.9,1,[0.98],True,0,0.735,0.735,0.88,False,0.735,False,False,"[""product_45""]","[""structured""]","[""structured_row:PixelWare Smartphone Max 45""]",0,576,candidate
DEC029_FULL,train_kb,conservative_noisy_or_conflict_adjusted,3,PixelWare Smartphone Max 45,has_ram_gb,32,pixelware smartphone max 45|has_ram_gb|32,3,"[0.98, 0.85, 0.91]",True,0,0.96950015625,0.96950015625,0.88,True,0.96950015625,False,False,"[""product_45"", ""product_45"", ""product_45""]","[""structured"", ""unstructured"", ""unstructured""]","[""structured_row:PixelWare Smartphone Max 45"", ""PixelWare Smartphone Max 45 is manufactured by PixelWare. It is a smartphone device. Comes with 32GB of RAM. Weighs approximately 0.18kg. Available in black. Fast charging is yes. Noise cancellation: no."", ""PixelWare Smartphone Max 45 is manufactured by PixelWare. It is a smartphone device. Comes with 32GB of RAM. Weighs approximately 0.18kg. Available in black. Fast charging is yes. Noise cancellation: no.""]",1,576,candidate
DEC029_FULL,train_kb,conservative_noisy_or_conflict_adjusted,3,PixelWare Smartphone Max 45,has_storage_gb,512,pixelware smartphone max 45|has_storage_gb|512,1,[0.98],True,0,0.735,0.735,0.88,False,0.735,False,False,"[""product_45""]","[""structured""]","[""structured_row:PixelWare Smartphone Max 45""]",0,576,candidate
DEC029_FULL,train_kb,conservative_noisy_or_conflict_adjusted,3,PixelWare Smartphone Max 45,has_battery_life_hours,24,pixelware smartphone max 45|has_battery_life_hours|24,1,[0.98],True,0,0.735,0.735,0.88,False,0.735,False,False,"[""product_45""]","[""structured""]","[""structured_row:PixelWare Smartphone Max 45""]",0,576,candidate
DEC029_FULL,train_kb,conservative_noisy_or_conflict_adjusted,3,PixelWare Smartphone Max 45,has_weight_kg,0.18,pixelware smartphone max 45|has_weight_kg|0.18,3,"[0.98, 0.88, 0.91]",True,0,0.97139325,0.97139325,0.88,True,0.97139325,False,False,"[""product_45"", ""product_45"", ""product_45""]","[""structured"", ""unstructured"", ""unstructured""]","[""structured_row:PixelWare Smartphone Max 45"", ""PixelWare Smartphone Max 45 is manufactured by PixelWare. It is a smartphone device. Comes with 32GB of RAM. Weighs approximately 0.18kg. Available in black. Fast charging is yes. Noise cancellation: no."", ""PixelWare Smartphone Max 45 is manufactured by PixelWare. It is a smartphone device. Comes with 32GB of RAM. Weighs approximately 0.18kg. Available in black. Fast charging is yes. Noise cancellation: no.""]",1,576,candidate
DEC029_FULL,train_kb,conservative_noisy_or_conflict_adjusted,3,PixelWare Smartphone Max 45,has_color,black,pixelware smartphone max 45|has_color|black,3,"[0.98, 0.9, 0.91]",False,0,0.9726553125,0.9726553125,0.88,True,0.9726553125,False,False,"[""product_45"", ""product_45"", ""product_45""]","[""structured"", ""unstructured"", ""unstructured""]","[""structured_row:PixelWare Smartphone Max 45"", ""PixelWare Smartphone Max 45 is manufactured by PixelWare. It is a smartphone device. Comes with 32GB of RAM. Weighs approximately 0.18kg. Available in black. Fast charging is yes. Noise cancellation: no."", ""PixelWare Smartphone Max 45 is manufactured by PixelWare. It is a smartphone device. Comes with 32GB of RAM. Weighs approximately 0.18kg. Available in black. Fast charging is yes. Noise cancellation: no.""]",1,576,candidate
DEC029_FULL,train_kb,conservative_noisy_or_conflict_adjusted,3,PixelWare Smartphone Max 45,made_of_material,plastic,pixelware smartphone max 45|made_of_material|plastic,1,[0.98],True,0,0.735,0.735,0.88,False,0.735,False,False,"[""product_45""]","[""structured""]","[""structured_row:PixelWare Smartphone Max 45""]",0,576,candidate
DEC029_FULL,train_kb,conservative_noisy_or_conflict_adjusted,3,PixelWare Smartphone Max 45,target_market_region,US,pixelware smartphone max 45|target_market_region|us,1,[0.98],True,0,0.735,0.735,0.88,False,0.735,False,False,"[""product_45""]","[""structured""]","[""structured_row:PixelWare Smartphone Max 45""]",0,576,candidate
DEC029_FULL,train_kb,conservative_noisy_or_conflict_adjusted,3,PixelWare Smartphone Max 45,supports_fast_charging,yes,pixelware smartphone max 45|supports_fast_charging|yes,3,"[0.98, 0.94, 0.91]",True,0,0.9751794375,0.9751794375,0.88,True,0.9751794375,False,False,"[""product_45"", ""product_45"", ""product_45""]","[""structured"", ""unstructured"", ""unstructured""]","[""structured_row:PixelWare Smartphone Max 45"", ""PixelWare Smartphone Max 45 is manufactured by PixelWare. It is a smartphone device. Comes with 32GB of RAM. Weighs approximately 0.18kg. Available in black. Fast charging is yes. Noise cancellation: no."", ""PixelWare Smartphone Max 45 is manufactured by PixelWare. It is a smartphone device. Comes with 32GB of RAM. Weighs approximately 0.18kg. Available in black. Fast charging is yes. Noise cancellation: no.""]",1,576,candidate
DEC029_FULL,train_kb,conservative_noisy_or_conflict_adjusted,3,PixelWare Smartphone Max 45,has_noise_cancellation,no,pixelware smartphone max 45|has_noise_cancellation|no,3,"[0.98, 0.92, 0.91]",True,0,0.973917375,0.973917375,0.88,True,0.973917375,False,False,"[""product_45"", ""product_45"", ""product_45""]","[""structured"", ""unstructured"", ""unstructured""]","[""structured_row:PixelWare Smartphone Max 45"", ""PixelWare Smartphone Max 45 is manufactured by PixelWare. It is a smartphone device. Comes with 32GB of RAM. Weighs approximately 0.18kg. Available in black. Fast charging is yes. Noise cancellation: no."", ""PixelWare Smartphone Max 45 is manufactured by PixelWare. It is a smartphone device. Comes with 32GB of RAM. Weighs approximately 0.18kg. Available in black. Fast charging is yes. Noise cancellation: no.""]",1,576,candidate
DEC029_FULL,train_kb,conservative_noisy_or_conflict_adjusted,3,Zenbyte Headphones Plus 47,manufactured_by,Zenbyte,zenbyte headphones plus 47|manufactured_by|zenbyte,1,[0.98],True,0,0.735,0.735,0.88,False,0.735,False,False,"[""product_47""]","[""structured""]","[""structured_row:Zenbyte Headphones Plus 47""]",0,576,candidate
DEC029_FULL,train_kb,conservative_noisy_or_conflict_adjusted,3,Zenbyte Headphones Plus 47,belongs_to_category,headphones,zenbyte headphones plus 47|belongs_to_category|headphones,1,[0.98],True,0,0.735,0.735,0.88,False,0.735,False,False,"[""product_47""]","[""structured""]","[""structured_row:Zenbyte Headphones Plus 47""]",1,576,candidate
DEC029_FULL,train_kb,conservative_noisy_or_conflict_adjusted,3,Zenbyte Headphones Plus 47,has_price_usd,1099,zenbyte headphones plus 47|has_price_usd|1099,1,[0.98],True,0,0.735,0.735,0.88,False,0.735,False,False,"[""product_47""]","[""structured""]","[""structured_row:Zenbyte Headphones Plus 47""]",0,576,candidate
DEC029_FULL,train_kb,conservative_noisy_or_conflict_adjusted,3,Zenbyte Headphones Plus 47,has_screen_size_inch,14.0,zenbyte headphones plus 47|has_screen_size_inch|14.0,1,[0.98],True,0,0.735,0.735,0.88,False,0.735,False,False,"[""product_47""]","[""structured""]","[""structured_row:Zenbyte Headphones Plus 47""]",1,576,candidate
DEC029_FULL,train_kb,conservative_noisy_or_conflict_adjusted,3,Zenbyte Headphones Plus 47,has_ram_gb,12,zenbyte headphones plus 47|has_ram_gb|12,1,[0.98],True,0,0.735,0.735,0.88,False,0.735,False,False,"[""product_47""]","[""structured""]","[""structured_row:Zenbyte Headphones Plus 47""]",1,576,candidate
DEC029_FULL,train_kb,conservative_noisy_or_conflict_adjusted,3,Zenbyte Headphones Plus 47,has_storage_gb,1024,zenbyte headphones plus 47|has_storage_gb|1024,1,[0.98],True,0,0.735,0.735,0.88,False,0.735,False,False,"[""product_47""]","[""structured""]","[""structured_row:Zenbyte Headphones Plus 47""]",0,576,candidate
DEC029_FULL,train_kb,conservative_noisy_or_conflict_adjusted,3,Zenbyte Headphones Plus 47,has_battery_life_hours,20,zenbyte headphones plus 47|has_battery_life_hours|20,1,[0.98],True,0,0.735,0.735,0.88,False,0.735,False,False,"[""product_47""]","[""structured""]","[""structured_row:Zenbyte Headphones Plus 47""]",1,576,candidate
DEC029_FULL,train_kb,conservative_noisy_or_conflict_adjusted,3,Zenbyte Headphones Plus 47,has_weight_kg,1.8,zenbyte headphones plus 47|has_weight_kg|1.8,1,[0.98],True,0,0.735,0.735,0.88,False,0.735,False,False,"[""product_47""]","[""structured""]","[""structured_row:Zenbyte Headphones Plus 47""]",1,576,candidate
DEC029_FULL,train_kb,conservative_noisy_or_conflict_adjusted,3,Zenbyte Headphones Plus 47,has_color,silver,zenbyte headphones plus 47|has_color|silver,1,[0.98],False,0,0.735,0.735,0.88,False,0.735,False,False,"[""product_47""]","[""structured""]","[""structured_row:Zenbyte Headphones Plus 47""]",0,576,candidate
DEC029_FULL,train_kb,conservative_noisy_or_conflict_adjusted,3,Zenbyte Headphones Plus 47,made_of_material,aluminum,zenbyte headphones plus 47|made_of_material|aluminum,1,[0.98],True,0,0.735,0.735,0.88,False,0.735,False,False,"[""product_47""]","[""structured""]","[""structured_row:Zenbyte Headphones Plus 47""]",1,576,candidate
DEC029_FULL,train_kb,conservative_noisy_or_conflict_adjusted,3,Zenbyte Headphones Plus 47,target_market_region,US,zenbyte headphones plus 47|target_market_region|us,1,[0.98],True,0,0.735,0.735,0.88,False,0.735,False,False,"[""product_47""]","[""structured""]","[""structured_row:Zenbyte Headphones Plus 47""]",0,576,candidate
DEC029_FULL,train_kb,conservative_noisy_or_conflict_adjusted,3,Zenbyte Headphones Plus 47,supports_fast_charging,yes,zenbyte headphones plus 47|supports_fast_charging|yes,1,[0.98],True,0,0.735,0.735,0.88,False,0.735,False,False,"[""product_47""]","[""structured""]","[""structured_row:Zenbyte Headphones Plus 47""]",0,576,candidate
DEC029_FULL,train_kb,conservative_noisy_or_conflict_adjusted,3,Zenbyte Headphones Plus 47,has_noise_cancellation,no,zenbyte headphones plus 47|has_noise_cancellation|no,1,[0.98],True,0,0.735,0.735,0.88,False,0.735,False,False,"[""product_47""]","[""structured""]","[""structured_row:Zenbyte Headphones Plus 47""]",1,576,candidate
DEC029_FULL,train_kb,conservative_noisy_or_conflict_adjusted,3,Auralex Headphones Pro 48,manufactured_by,Auralex,auralex headphones pro 48|manufactured_by|auralex,4,"[0.98, 0.95, 0.924, 0.99]",True,0,0.99397718765625,0.99397718765625,0.88,True,0.9766104375,False,False,"[""product_48"", ""product_48"", ""product_48"", ""product_48""]","[""structured"", ""unstructured"", ""unstructured"", ""unstructured""]","[""structured_row:Auralex Headphones Pro 48"", ""Auralex Headphones Pro 48 is manufactured by Auralex. Comes with 32GB of RAM. Available in green. Built with plastic construction. Targeted at the EU market. Fast charging is no. Noise cancellation: yes."", ""Auralex Headphones Pro 48 is manufactured by Auralex. Comes with 32GB of RAM. Available in green. Built with plastic construction. Targeted at the EU market. Fast charging is no. Noise cancellation: yes."", ""Auralex Headphones Pro 48 is manufactured by Auralex. Comes with 32GB of RAM. Available in green. Built with plastic construction. Targeted at the EU market. Fast charging is no. Noise cancellation: yes.""]",1,576,candidate
DEC029_FULL,train_kb,conservative_noisy_or_conflict_adjusted,3,Auralex Headphones Pro 48,belongs_to_category,headphones,auralex headphones pro 48|belongs_to_category|headphones,1,[0.98],True,0,0.735,0.735,0.88,False,0.735,False,False,"[""product_48""]","[""structured""]","[""structured_row:Auralex Headphones Pro 48""]",0,576,candidate
DEC029_FULL,train_kb,conservative_noisy_or_conflict_adjusted,3,Auralex Headphones Pro 48,has_price_usd,349,auralex headphones pro 48|has_price_usd|349,1,[0.98],True,0,0.735,0.735,0.88,False,0.735,False,False,"[""product_48""]","[""structured""]","[""structured_row:Auralex Headphones Pro 48""]",0,576,candidate
DEC029_FULL,train_kb,conservative_noisy_or_conflict_adjusted,3,Auralex Headphones Pro 48,has_screen_size_inch,14.0,auralex headphones pro 48|has_screen_size_inch|14.0,1,[0.98],True,0,0.735,0.735,0.88,False,0.735,False,False,"[""product_48""]","[""structured""]","[""structured_row:Auralex Headphones Pro 48""]",0,576,candidate
DEC029_FULL,train_kb,conservative_noisy_or_conflict_adjusted,3,Auralex Headphones Pro 48,has_ram_gb,32,auralex headphones pro 48|has_ram_gb|32,4,"[0.98, 0.95, 0.924, 0.99]",True,0,0.99397718765625,0.99397718765625,0.88,True,0.9766104375,False,False,"[""product_48"", ""product_48"", ""product_48"", ""product_48""]","[""structured"", ""unstructured"", ""unstructured"", ""unstructured""]","[""structured_row:Auralex Headphones Pro 48"", ""Auralex Headphones Pro 48 is manufactured by Auralex. Comes with 32GB of RAM. Available in green. Built with plastic construction. Targeted at the EU market. Fast charging is no. Noise cancellation: yes."", ""Auralex Headphones Pro 48 is manufactured by Auralex. Comes with 32GB of RAM. Available in green. Built with plastic construction. Targeted at the EU market. Fast charging is no. Noise cancellation: yes."", ""Auralex Headphones Pro 48 is manufactured by Auralex. Comes with 32GB of RAM. Available in green. Built with plastic construction. Targeted at the EU market. Fast charging is no. Noise cancellation: yes.""]",1,576,candidate
DEC029_FULL,train_kb,conservative_noisy_or_conflict_adjusted,3,Auralex Headphones Pro 48,has_storage_gb,512,auralex headphones pro 48|has_storage_gb|512,1,[0.98],True,0,0.735,0.735,0.88,False,0.735,False,False,"[""product_48""]","[""structured""]","[""structured_row:Auralex Headphones Pro 48""]",0,576,candidate
DEC029_FULL,train_kb,conservative_noisy_or_conflict_adjusted,3,Auralex Headphones Pro 48,has_battery_life_hours,14,auralex headphones pro 48|has_battery_life_hours|14,1,[0.98],True,0,0.735,0.735,0.88,False,0.735,False,False,"[""product_48""]","[""structured""]","[""structured_row:Auralex Headphones Pro 48""]",0,576,candidate
DEC029_FULL,train_kb,conservative_noisy_or_conflict_adjusted,3,Auralex Headphones Pro 48,has_weight_kg,1.45,auralex headphones pro 48|has_weight_kg|1.45,1,[0.98],True,0,0.735,0.735,0.88,False,0.735,False,False,"[""product_48""]","[""structured""]","[""structured_row:Auralex Headphones Pro 48""]",0,576,candidate
DEC029_FULL,train_kb,conservative_noisy_or_conflict_adjusted,3,Auralex Headphones Pro 48,has_color,green,auralex headphones pro 48|has_color|green,5,"[0.98, 0.95, 0.924, 0.924, 0.99]",False,0,0.9981509966104688,0.9981509966104688,0.88,True,0.9928194043125,False,False,"[""product_48"", ""product_48"", ""product_44"", ""product_48"", ""product_48""]","[""structured"", ""unstructured"", ""unstructured"", ""unstructured"", ""unstructured""]","[""structured_row:Auralex Headphones Pro 48"", ""Auralex Headphones Pro 48 is manufactured by Auralex. Comes with 32GB of RAM. Available in green. Built with plastic construction. Targeted at the EU market. Fast charging is no. Noise cancellation: yes."", ""VoltEdge Laptop Plus 44 is manufactured by VoltEdge. It is a laptop device. The display measures 15.6 inches. Comes with 32GB of RAM. Weighs approximately 1.8kg. Available in white. Fast charging is no."", ""Auralex Headphones Pro 48 is manufactured by Auralex. Comes with 32GB of RAM. Available in green. Built with plastic construction. Targeted at the EU market. Fast charging is no. Noise cancellation: yes."", ""Auralex Headphones Pro 48 is manufactured by Auralex. Comes with 32GB of RAM. Available in green. Built with plastic construction. Targeted at the EU market. Fast charging is no. Noise cancellation: yes.""]",1,576,candidate
DEC029_FULL,train_kb,conservative_noisy_or_conflict_adjusted,3,Auralex Headphones Pro 48,made_of_material,plastic,auralex headphones pro 48|made_of_material|plastic,4,"[0.98, 0.95, 0.924, 0.99]",True,0,0.99397718765625,0.99397718765625,0.88,True,0.9766104375,False,False,"[""product_48"", ""product_48"", ""product_48"", ""product_48""]","[""structured"", ""unstructured"", ""unstructured"", ""unstructured""]","[""structured_row:Auralex Headphones Pro 48"", ""Auralex Headphones Pro 48 is manufactured by Auralex. Comes with 32GB of RAM. Available in green. Built with plastic construction. Targeted at the EU market. Fast charging is no. Noise cancellation: yes."", ""Auralex Headphones Pro 48 is manufactured by Auralex. Comes with 32GB of RAM. Available in green. Built with plastic construction. Targeted at the EU market. Fast charging is no. Noise cancellation: yes."", ""Auralex Headphones Pro 48 is manufactured by Auralex. Comes with 32GB of RAM. Available in green. Built with plastic construction. Targeted at the EU market. Fast charging is no. Noise cancellation: yes.""]",1,576,candidate
DEC029_FULL,train_kb,conservative_noisy_or_conflict_adjusted,3,Auralex Headphones Pro 48,target_market_region,EU,auralex headphones pro 48|target_market_region|eu,4,"[0.98, 0.95, 0.924, 0.99]",True,0,0.99397718765625,0.99397718765625,0.88,True,0.9766104375,False,False,"[""product_48"", ""product_48"", ""product_48"", ""product_48""]","[""structured"", ""unstructured"", ""unstructured"", ""unstructured""]","[""structured_row:Auralex Headphones Pro 48"", ""Auralex Headphones Pro 48 is manufactured by Auralex. Comes with 32GB of RAM. Available in green. Built with plastic construction. Targeted at the EU market. Fast charging is no. Noise cancellation: yes."", ""Auralex Headphones Pro 48 is manufactured by Auralex. Comes with 32GB of RAM. Available in green. Built with plastic construction. Targeted at the EU market. Fast charging is no. Noise cancellation: yes."", ""Auralex Headphones Pro 48 is manufactured by Auralex. Comes with 32GB of RAM. Available in green. Built with plastic construction. Targeted at the EU market. Fast charging is no. Noise cancellation: yes.""]",1,576,candidate
DEC029_FULL,train_kb,conservative_noisy_or_conflict_adjusted,3,Auralex Headphones Pro 48,supports_fast_charging,no,auralex headphones pro 48|supports_fast_charging|no,4,"[0.98, 0.95, 0.924, 0.99]",True,0,0.99397718765625,0.99397718765625,0.88,True,0.9766104375,False,False,"[""product_48"", ""product_48"", ""product_48"", ""product_48""]","[""structured"", ""unstructured"", ""unstructured"", ""unstructured""]","[""structured_row:Auralex Headphones Pro 48"", ""Auralex Headphones Pro 48 is manufactured by Auralex. Comes with 32GB of RAM. Available in green. Built with plastic construction. Targeted at the EU market. Fast charging is no. Noise cancellation: yes."", ""Auralex Headphones Pro 48 is manufactured by Auralex. Comes with 32GB of RAM. Available in green. Built with plastic construction. Targeted at the EU market. Fast charging is no. Noise cancellation: yes."", ""Auralex Headphones Pro 48 is manufactured by Auralex. Comes with 32GB of RAM. Available in green. Built with plastic construction. Targeted at the EU market. Fast charging is no. Noise cancellation: yes.""]",1,576,candidate
DEC029_FULL,train_kb,conservative_noisy_or_conflict_adjusted,3,Auralex Headphones Pro 48,has_noise_cancellation,yes,auralex headphones pro 48|has_noise_cancellation|yes,4,"[0.98, 0.95, 0.924, 0.99]",True,0,0.99397718765625,0.99397718765625,0.88,True,0.9766104375,False,False,"[""product_48"", ""product_48"", ""product_48"", ""product_48""]","[""structured"", ""unstructured"", ""unstructured"", ""unstructured""]","[""structured_row:Auralex Headphones Pro 48"", ""Auralex Headphones Pro 48 is manufactured by Auralex. Comes with 32GB of RAM. Available in green. Built with plastic construction. Targeted at the EU market. Fast charging is no. Noise cancellation: yes."", ""Auralex Headphones Pro 48 is manufactured by Auralex. Comes with 32GB of RAM. Available in green. Built with plastic construction. Targeted at the EU market. Fast charging is no. Noise cancellation: yes."", ""Auralex Headphones Pro 48 is manufactured by Auralex. Comes with 32GB of RAM. Available in green. Built with plastic construction. Targeted at the EU market. Fast charging is no. Noise cancellation: yes.""]",1,576,candidate
DEC029_FULL,train_kb,conservative_noisy_or_conflict_adjusted,3,NeoTech Headphones Air 49,manufactured_by,NeoTech,neotech headphones air 49|manufactured_by|neotech,1,[0.98],True,0,0.735,0.735,0.88,False,0.735,False,False,"[""product_49""]","[""structured""]","[""structured_row:NeoTech Headphones Air 49""]",0,576,candidate
DEC029_FULL,train_kb,conservative_noisy_or_conflict_adjusted,3,NeoTech Headphones Air 49,belongs_to_category,headphones,neotech headphones air 49|belongs_to_category|headphones,1,[0.98],True,0,0.735,0.735,0.88,False,0.735,False,False,"[""product_49""]","[""structured""]","[""structured_row:NeoTech Headphones Air 49""]",1,576,candidate
DEC029_FULL,train_kb,conservative_noisy_or_conflict_adjusted,3,NeoTech Headphones Air 49,has_price_usd,1099,neotech headphones air 49|has_price_usd|1099,1,[0.98],True,0,0.735,0.735,0.88,False,0.735,False,False,"[""product_49""]","[""structured""]","[""structured_row:NeoTech Headphones Air 49""]",1,576,candidate
DEC029_FULL,train_kb,conservative_noisy_or_conflict_adjusted,3,NeoTech Headphones Air 49,has_screen_size_inch,6.7,neotech headphones air 49|has_screen_size_inch|6.7,1,[0.98],True,0,0.735,0.735,0.88,False,0.735,False,False,"[""product_49""]","[""structured""]","[""structured_row:NeoTech Headphones Air 49""]",1,576,candidate
DEC029_FULL,train_kb,conservative_noisy_or_conflict_adjusted,3,NeoTech Headphones Air 49,has_ram_gb,4,neotech headphones air 49|has_ram_gb|4,1,[0.98],True,0,0.735,0.735,0.88,False,0.735,False,False,"[""product_49""]","[""structured""]","[""structured_row:NeoTech Headphones Air 49""]",1,576,candidate
DEC029_FULL,train_kb,conservative_noisy_or_conflict_adjusted,3,NeoTech Headphones Air 49,has_storage_gb,1024,neotech headphones air 49|has_storage_gb|1024,1,[0.98],True,0,0.735,0.735,0.88,False,0.735,False,False,"[""product_49""]","[""structured""]","[""structured_row:NeoTech Headphones Air 49""]",0,576,candidate
DEC029_FULL,train_kb,conservative_noisy_or_conflict_adjusted,3,NeoTech Headphones Air 49,has_battery_life_hours,12,neotech headphones air 49|has_battery_life_hours|12,1,[0.98],True,0,0.735,0.735,0.88,False,0.735,False,False,"[""product_49""]","[""structured""]","[""structured_row:NeoTech Headphones Air 49""]",1,576,candidate
DEC029_FULL,train_kb,conservative_noisy_or_conflict_adjusted,3,NeoTech Headphones Air 49,has_weight_kg,0.55,neotech headphones air 49|has_weight_kg|0.55,1,[0.98],True,0,0.735,0.735,0.88,False,0.735,False,False,"[""product_49""]","[""structured""]","[""structured_row:NeoTech Headphones Air 49""]",1,576,candidate
DEC029_FULL,train_kb,conservative_noisy_or_conflict_adjusted,3,NeoTech Headphones Air 49,has_color,blue,neotech headphones air 49|has_color|blue,1,[0.98],False,0,0.735,0.735,0.88,False,0.735,False,False,"[""product_49""]","[""structured""]","[""structured_row:NeoTech Headphones Air 49""]",0,576,candidate
DEC029_FULL,train_kb,conservative_noisy_or_conflict_adjusted,3,NeoTech Headphones Air 49,made_of_material,plastic,neotech headphones air 49|made_of_material|plastic,1,[0.98],True,0,0.735,0.735,0.88,False,0.735,False,False,"[""product_49""]","[""structured""]","[""structured_row:NeoTech Headphones Air 49""]",0,576,candidate
DEC029_FULL,train_kb,conservative_noisy_or_conflict_adjusted,3,NeoTech Headphones Air 49,target_market_region,APAC,neotech headphones air 49|target_market_region|apac,1,[0.98],True,0,0.735,0.735,0.88,False,0.735,False,False,"[""product_49""]","[""structured""]","[""structured_row:NeoTech Headphones Air 49""]",1,576,candidate
DEC029_FULL,train_kb,conservative_noisy_or_conflict_adjusted,3,NeoTech Headphones Air 49,supports_fast_charging,yes,neotech headphones air 49|supports_fast_charging|yes,1,[0.98],True,0,0.735,0.735,0.88,False,0.735,False,False,"[""product_49""]","[""structured""]","[""structured_row:NeoTech Headphones Air 49""]",0,576,candidate
DEC029_FULL,train_kb,conservative_noisy_or_conflict_adjusted,3,NeoTech Headphones Air 49,has_noise_cancellation,no,neotech headphones air 49|has_noise_cancellation|no,1,[0.98],True,0,0.735,0.735,0.88,False,0.735,False,False,"[""product_49""]","[""structured""]","[""structured_row:NeoTech Headphones Air 49""]",0,576,candidate
DEC029_FULL,train_kb,conservative_noisy_or_conflict_adjusted,3,TechNova Smartphone Pro 1,has_price_usd,1099,technova smartphone pro 1|has_price_usd|1099,2,"[0.95, 0.91]",True,5,0.90871875,0.151453125,0.88,False,0.151453125,False,False,"[""product_49"", ""product_49""]","[""unstructured"", ""unstructured""]","[""It is a headphones device. Priced at 1099 USD. The display measures 6.7 inches. Comes with 4GB of RAM. Battery lasts up to 12 hours. Weighs approximately 0.55kg. Targeted at the APAC market."", ""It is a headphones device. Priced at 1099 USD. The display measures 6.7 inches. Comes with 4GB of RAM. Battery lasts up to 12 hours. Weighs approximately 0.55kg. Targeted at the APAC market.""]",0,576,candidate
DEC029_FULL,train_kb,conservative_noisy_or_conflict_adjusted,3,TechNova Smartphone Pro 1,has_battery_life_hours,12,technova smartphone pro 1|has_battery_life_hours|12,2,"[0.94, 0.91]",True,4,0.9063375,0.1812675,0.88,False,0.1812675,False,False,"[""product_49"", ""product_49""]","[""unstructured"", ""unstructured""]","[""It is a headphones device. Priced at 1099 USD. The display measures 6.7 inches. Comes with 4GB of RAM. Battery lasts up to 12 hours. Weighs approximately 0.55kg. Targeted at the APAC market."", ""It is a headphones device. Priced at 1099 USD. The display measures 6.7 inches. Comes with 4GB of RAM. Battery lasts up to 12 hours. Weighs approximately 0.55kg. Targeted at the APAC market.""]",0,576,candidate
DEC029_FULL,train_kb,conservative_noisy_or_conflict_adjusted,3,TechNova Smartphone Pro 1,target_market_region,APAC,technova smartphone pro 1|target_market_region|apac,4,"[0.9, 0.91, 0.91, 0.91]",True,3,0.989598055078125,0.24739951376953126,0.88,False,0.2418094921875,False,False,"[""product_49"", ""product_22"", ""product_49"", ""product_22""]","[""unstructured"", ""unstructured"", ""unstructured"", ""unstructured""]","[""It is a headphones device. Priced at 1099 USD. The display measures 6.7 inches. Comes with 4GB of RAM. Battery lasts up to 12 hours. Weighs approximately 0.55kg. Targeted at the APAC market."", ""It is a smartwatch device. Priced at 699 USD. The display measures 6.1 inches. Weighs approximately 0.18kg. Available in silver. Built with plastic construction. Targeted at the APAC market."", ""It is a headphones device. Priced at 1099 USD. The display measures 6.7 inches. Comes with 4GB of RAM. Battery lasts up to 12 hours. Weighs approximately 0.55kg. Targeted at the APAC market."", ""It is a smartwatch device. Priced at 699 USD. The display measures 6.1 inches. Weighs approximately 0.18kg. Available in silver. Built with plastic construction. Targeted at the APAC market.""]",0,576,candidate
DEC029_FULL,train_kb,conservative_noisy_or_conflict_adjusted,3,PixelWare Tablet Lite 50,manufactured_by,PixelWare,pixelware tablet lite 50|manufactured_by|pixelware,1,[0.98],True,0,0.735,0.735,0.88,False,0.735,False,False,"[""product_50""]","[""structured""]","[""structured_row:PixelWare Tablet Lite 50""]",0,576,candidate
DEC029_FULL,train_kb,conservative_noisy_or_conflict_adjusted,3,PixelWare Tablet Lite 50,belongs_to_category,tablet,pixelware tablet lite 50|belongs_to_category|tablet,1,[0.98],True,0,0.735,0.735,0.88,False,0.735,False,False,"[""product_50""]","[""structured""]","[""structured_row:PixelWare Tablet Lite 50""]",0,576,candidate
DEC029_FULL,train_kb,conservative_noisy_or_conflict_adjusted,3,PixelWare Tablet Lite 50,has_price_usd,699,pixelware tablet lite 50|has_price_usd|699,1,[0.98],True,0,0.735,0.735,0.88,False,0.735,False,False,"[""product_50""]","[""structured""]","[""structured_row:PixelWare Tablet Lite 50""]",0,576,candidate
DEC029_FULL,train_kb,conservative_noisy_or_conflict_adjusted,3,PixelWare Tablet Lite 50,has_screen_size_inch,6.7,pixelware tablet lite 50|has_screen_size_inch|6.7,1,[0.98],True,0,0.735,0.735,0.88,False,0.735,False,False,"[""product_50""]","[""structured""]","[""structured_row:PixelWare Tablet Lite 50""]",1,576,candidate
DEC029_FULL,train_kb,conservative_noisy_or_conflict_adjusted,3,PixelWare Tablet Lite 50,has_ram_gb,32,pixelware tablet lite 50|has_ram_gb|32,1,[0.98],True,0,0.735,0.735,0.88,False,0.735,False,False,"[""product_50""]","[""structured""]","[""structured_row:PixelWare Tablet Lite 50""]",1,576,candidate
DEC029_FULL,train_kb,conservative_noisy_or_conflict_adjusted,3,PixelWare Tablet Lite 50,has_storage_gb,256,pixelware tablet lite 50|has_storage_gb|256,1,[0.98],True,0,0.735,0.735,0.88,False,0.735,False,False,"[""product_50""]","[""structured""]","[""structured_row:PixelWare Tablet Lite 50""]",1,576,candidate
DEC029_FULL,train_kb,conservative_noisy_or_conflict_adjusted,3,PixelWare Tablet Lite 50,has_battery_life_hours,8,pixelware tablet lite 50|has_battery_life_hours|8,1,[0.98],True,0,0.735,0.735,0.88,False,0.735,False,False,"[""product_50""]","[""structured""]","[""structured_row:PixelWare Tablet Lite 50""]",0,576,candidate
DEC029_FULL,train_kb,conservative_noisy_or_conflict_adjusted,3,PixelWare Tablet Lite 50,has_weight_kg,0.23,pixelware tablet lite 50|has_weight_kg|0.23,1,[0.98],True,0,0.735,0.735,0.88,False,0.735,False,False,"[""product_50""]","[""structured""]","[""structured_row:PixelWare Tablet Lite 50""]",0,576,candidate
DEC029_FULL,train_kb,conservative_noisy_or_conflict_adjusted,3,PixelWare Tablet Lite 50,has_color,black,pixelware tablet lite 50|has_color|black,1,[0.98],False,0,0.735,0.735,0.88,False,0.735,False,False,"[""product_50""]","[""structured""]","[""structured_row:PixelWare Tablet Lite 50""]",1,576,candidate
DEC029_FULL,train_kb,conservative_noisy_or_conflict_adjusted,3,PixelWare Tablet Lite 50,made_of_material,aluminum,pixelware tablet lite 50|made_of_material|aluminum,1,[0.98],True,0,0.735,0.735,0.88,False,0.735,False,False,"[""product_50""]","[""structured""]","[""structured_row:PixelWare Tablet Lite 50""]",0,576,candidate
DEC029_FULL,train_kb,conservative_noisy_or_conflict_adjusted,3,PixelWare Tablet Lite 50,target_market_region,EU,pixelware tablet lite 50|target_market_region|eu,1,[0.98],True,0,0.735,0.735,0.88,False,0.735,False,False,"[""product_50""]","[""structured""]","[""structured_row:PixelWare Tablet Lite 50""]",1,576,candidate
DEC029_FULL,train_kb,conservative_noisy_or_conflict_adjusted,3,PixelWare Tablet Lite 50,supports_fast_charging,yes,pixelware tablet lite 50|supports_fast_charging|yes,1,[0.98],True,0,0.735,0.735,0.88,False,0.735,False,False,"[""product_50""]","[""structured""]","[""structured_row:PixelWare Tablet Lite 50""]",1,576,candidate
DEC029_FULL,train_kb,conservative_noisy_or_conflict_adjusted,3,PixelWare Tablet Lite 50,has_noise_cancellation,no,pixelware tablet lite 50|has_noise_cancellation|no,1,[0.98],True,0,0.735,0.735,0.88,False,0.735,False,False,"[""product_50""]","[""structured""]","[""structured_row:PixelWare Tablet Lite 50""]",1,576,candidate
DEC029_FULL,train_kb,conservative_noisy_or_conflict_adjusted,3,TechNova Smartphone Pro 1,has_ram_gb,32,technova smartphone pro 1|has_ram_gb|32,3,"[0.93, 0.91, 0.91]",True,5,0.969506109375,0.1615843515625,0.88,False,0.150659375,False,False,"[""product_50"", ""product_50"", ""product_50""]","[""unstructured"", ""unstructured"", ""unstructured""]","[""The display measures 6.7 inches. Comes with 32GB of RAM. Offers 256GB of internal storage. Available in black. Targeted at the EU market. Fast charging is yes. Noise cancellation: no."", ""The display measures 6.7 inches. Comes with 32GB of RAM. Offers 256GB of internal storage. Available in black. Targeted at the EU market. Fast charging is yes. Noise cancellation: no."", ""The display measures 6.7 inches. Comes with 32GB of RAM. Offers 256GB of internal storage. Available in black. Targeted at the EU market. Fast charging is yes. Noise cancellation: no.""]",0,576,candidate
DEC029_FULL,train_kb,conservative_noisy_or_conflict_adjusted,3,TechNova Smartphone Pro 1,has_storage_gb,256,technova smartphone pro 1|has_storage_gb|256,4,"[0.94, 0.91, 0.91, 0.91]",True,3,0.990558234609375,0.24763955865234374,0.88,False,0.2425655390625,False,False,"[""product_50"", ""product_32"", ""product_50"", ""product_50""]","[""unstructured"", ""unstructured"", ""unstructured"", ""unstructured""]","[""The display measures 6.7 inches. Comes with 32GB of RAM. Offers 256GB of internal storage. Available in black. Targeted at the EU market. Fast charging is yes. Noise cancellation: no."", ""It is a tablet device. The display measures 6.1 inches. Comes with 16GB of RAM. Offers 256GB of internal storage. Weighs approximately 1.45kg. Available in silver. Built with plastic construction."", ""The display measures 6.7 inches. Comes with 32GB of RAM. Offers 256GB of internal storage. Available in black. Targeted at the EU market. Fast charging is yes. Noise cancellation: no."", ""The display measures 6.7 inches. Comes with 32GB of RAM. Offers 256GB of internal storage. Available in black. Targeted at the EU market. Fast charging is yes. Noise cancellation: no.""]",0,576,candidate
DEC029_FULL,train_kb,conservative_noisy_or_conflict_adjusted,3,TechNova Smartphone Pro 1,has_color,black,technova smartphone pro 1|has_color|black,3,"[0.95, 0.91, 0.91]",False,3,0.971018203125,0.971018203125,0.88,True,0.90871875,False,False,"[""product_50"", ""product_50"", ""product_50""]","[""unstructured"", ""unstructured"", ""unstructured""]","[""The display measures 6.7 inches. Comes with 32GB of RAM. Offers 256GB of internal storage. Available in black. Targeted at the EU market. Fast charging is yes. Noise cancellation: no."", ""The display measures 6.7 inches. Comes with 32GB of RAM. Offers 256GB of internal storage. Available in black. Targeted at the EU market. Fast charging is yes. Noise cancellation: no."", ""The display measures 6.7 inches. Comes with 32GB of RAM. Offers 256GB of internal storage. Available in black. Targeted at the EU market. Fast charging is yes. Noise cancellation: no.""]",0,576,candidate
DEC029_FULL,train_kb,conservative_noisy_or_conflict_adjusted,3,TechNova Smartphone Pro 1,target_market_region,EU,technova smartphone pro 1|target_market_region|eu,3,"[0.96, 0.91, 0.91]",True,3,0.97177425,0.2429435625,0.88,False,0.227775,False,False,"[""product_50"", ""product_50"", ""product_50""]","[""unstructured"", ""unstructured"", ""unstructured""]","[""The display measures 6.7 inches. Comes with 32GB of RAM. Offers 256GB of internal storage. Available in black. Targeted at the EU market. Fast charging is yes. Noise cancellation: no."", ""The display measures 6.7 inches. Comes with 32GB of RAM. Offers 256GB of internal storage. Available in black. Targeted at the EU market. Fast charging is yes. Noise cancellation: no."", ""The display measures 6.7 inches. Comes with 32GB of RAM. Offers 256GB of internal storage. Available in black. Targeted at the EU market. Fast charging is yes. Noise cancellation: no.""]",0,576,candidate
DEC029_FULL,train_kb,conservative_noisy_or_conflict_adjusted,3,TechNova Smartphone Pro 1,supports_fast_charging,no,technova smartphone pro 1|supports_fast_charging|no,2,"[0.91, 0.91]",True,1,0.89919375,0.449596875,0.88,False,0.449596875,False,False,"[""product_2"", ""product_40""]","[""unstructured"", ""unstructured""]","[""Priced at 499 USD. The display measures 6.7 inches. Comes with 16GB of RAM. Battery lasts up to 8 hours. Weighs approximately 1.8kg. Available in silver. Noise cancellation: no."", ""Priced at 249 USD. Comes with 16GB of RAM. Battery lasts up to 24 hours. Weighs approximately 1.45kg. Available in white. Built with plastic construction. Fast charging is no.""]",0,576,candidate
DEC029_FULL,train_kb,conservative_noisy_or_conflict_adjusted,3,VoltEdge Smartwatch Plus 11,supports_fast_charging,no,voltedge smartwatch plus 11|supports_fast_charging|no,2,"[1.0, 0.91]",True,1,0.920625,0.4603125,0.88,False,0.375,False,False,"[""product_11"", ""product_11""]","[""unstructured"", ""unstructured""]","[""VoltEdge Smartwatch Plus 11 is manufactured by VoltEdge. It is a smartwatch device. Priced at 349 USD. Offers 1024GB of internal storage. Built with aluminum construction. Targeted at the US market. Noise cancellation: no."", ""VoltEdge Smartwatch Plus 11 is manufactured by VoltEdge. It is a smartwatch device. Priced at 349 USD. Offers 1024GB of internal storage. Built with aluminum construction. Targeted at the US market. Noise cancellation: no.""]",0,576,candidate
DEC029_FULL,train_kb,conservative_noisy_or_conflict_adjusted,3,PixelWare Tablet Plus 19,belongs_to_category,tablet device,pixelware tablet plus 19|belongs_to_category|tablet device,1,[0.92],True,1,0.6900000000000001,0.34500000000000003,0.88,False,0.34500000000000003,False,False,"[""product_19""]","[""unstructured""]","[""PixelWare Tablet Plus 19 is manufactured by PixelWare. It is a tablet device. Comes with 12GB of RAM. Offers 128GB of internal storage. Weighs approximately 0.18kg. Targeted at the Global market. Fast charging is yes.""]",0,576,candidate
DEC029_FULL,train_kb,conservative_noisy_or_conflict_adjusted,3,TechNova Smartphone Pro 1,has_ram_gb,8,technova smartphone pro 1|has_ram_gb|8,2,"[0.91, 0.91]",True,5,0.89919375,0.149865625,0.88,False,0.149865625,False,False,"[""product_22"", ""product_23""]","[""unstructured"", ""unstructured""]","[""It is a smartwatch device. Priced at 699 USD. The display measures 6.1 inches. Weighs approximately 0.18kg. Available in silver. Built with plastic construction. Targeted at the APAC market."", ""It is a smartphone device. Priced at 699 USD. The display measures 13.3 inches. Weighs approximately 1.8kg. Available in green. Built with carbon fiber construction. Noise cancellation: no.""]",0,576,candidate
DEC029_FULL,train_kb,conservative_noisy_or_conflict_adjusted,3,TechNova Smartphone Pro 1,has_screen_size_inch,6.1,technova smartphone pro 1|has_screen_size_inch|6.1,3,"[0.91, 0.91, 0.91]",True,4,0.967994015625,0.193598803125,0.88,False,0.17983875,False,False,"[""product_22"", ""product_32"", ""product_22""]","[""unstructured"", ""unstructured"", ""unstructured""]","[""It is a smartwatch device. Priced at 699 USD. The display measures 6.1 inches. Weighs approximately 0.18kg. Available in silver. Built with plastic construction. Targeted at the APAC market."", ""It is a tablet device. The display measures 6.1 inches. Comes with 16GB of RAM. Offers 256GB of internal storage. Weighs approximately 1.45kg. Available in silver. Built with plastic construction."", ""It is a smartwatch device. Priced at 699 USD. The display measures 6.1 inches. Weighs approximately 0.18kg. Available in silver. Built with plastic construction. Targeted at the APAC market.""]",0,576,candidate
DEC029_FULL,train_kb,conservative_noisy_or_conflict_adjusted,3,TechNova Smartphone Pro 1,has_weight_kg,0.18,technova smartphone pro 1|has_weight_kg|0.18,2,"[0.91, 0.91]",True,5,0.89919375,0.149865625,0.88,False,0.1365,False,False,"[""product_22"", ""product_22""]","[""unstructured"", ""unstructured""]","[""It is a smartwatch device. Priced at 699 USD. The display measures 6.1 inches. Weighs approximately 0.18kg. Available in silver. Built with plastic construction. Targeted at the APAC market."", ""It is a smartwatch device. Priced at 699 USD. The display measures 6.1 inches. Weighs approximately 0.18kg. Available in silver. Built with plastic construction. Targeted at the APAC market.""]",0,576,candidate
DEC029_FULL,train_kb,conservative_noisy_or_conflict_adjusted,3,TechNova Smartphone Pro 1,has_ram_gb,6,technova smartphone pro 1|has_ram_gb|6,2,"[0.91, 0.91]",True,5,0.89919375,0.149865625,0.88,False,0.11375,False,False,"[""product_31"", ""product_31""]","[""unstructured"", ""unstructured""]","[""Priced at 299 USD. Comes with 6GB of RAM. Offers 64GB of internal storage. Battery lasts up to 20 hours. Built with aluminum construction. Fast charging is yes. Noise cancellation: no."", ""Priced at 299 USD. Comes with 6GB of RAM. Offers 64GB of internal storage. Battery lasts up to 20 hours. Built with aluminum construction. Fast charging is yes. Noise cancellation: no.""]",0,576,candidate
DEC029_FULL,train_kb,conservative_noisy_or_conflict_adjusted,3,TechNova Smartphone Pro 1,has_storage_gb,64,technova smartphone pro 1|has_storage_gb|64,2,"[0.91, 0.91]",True,3,0.89919375,0.2247984375,0.88,False,0.170625,False,False,"[""product_31"", ""product_31""]","[""unstructured"", ""unstructured""]","[""Priced at 299 USD. Comes with 6GB of RAM. Offers 64GB of internal storage. Battery lasts up to 20 hours. Built with aluminum construction. Fast charging is yes. Noise cancellation: no."", ""Priced at 299 USD. Comes with 6GB of RAM. Offers 64GB of internal storage. Battery lasts up to 20 hours. Built with aluminum construction. Fast charging is yes. Noise cancellation: no.""]",0,576,candidate
DEC029_FULL,train_kb,conservative_noisy_or_conflict_adjusted,3,TechNova Smartphone Pro 1,has_battery_life_hours,20,technova smartphone pro 1|has_battery_life_hours|20,3,"[0.91, 0.91, 0.85]",True,4,0.963457734375,0.192691546875,0.88,False,0.1365,False,False,"[""product_31"", ""product_31"", ""product_47""]","[""unstructured"", ""unstructured"", ""unstructured""]","[""Priced at 299 USD. Comes with 6GB of RAM. Offers 64GB of internal storage. Battery lasts up to 20 hours. Built with aluminum construction. Fast charging is yes. Noise cancellation: no."", ""Priced at 299 USD. Comes with 6GB of RAM. Offers 64GB of internal storage. Battery lasts up to 20 hours. Built with aluminum construction. Fast charging is yes. Noise cancellation: no."", ""It is a headphones device. The display measures 14.0 inches. Comes with 12GB of RAM. Battery lasts up to 20 hours. Weighs approximately 1.8kg. Built with aluminum construction. Noise cancellation: no.""]",0,576,candidate
DEC029_FULL,train_kb,conservative_noisy_or_conflict_adjusted,3,It,has_screen_size_inch,6.7,it|has_screen_size_inch|6.7,1,[0.85],True,0,0.6375,0.6375,0.88,False,0.6375,False,False,"[""product_36""]","[""unstructured""]","[""It is a smartwatch device. The display measures 6.7 inches. Offers 512GB of internal storage. Battery lasts up to 20 hours. Available in green. Built with plastic construction. Fast charging is yes.""]",0,576,candidate
DEC029_FULL,train_kb,conservative_noisy_or_conflict_adjusted,3,It,has_storage_gb,512,it|has_storage_gb|512,1,[0.85],True,0,0.6375,0.6375,0.88,False,0.6375,False,False,"[""product_36""]","[""unstructured""]","[""It is a smartwatch device. The display measures 6.7 inches. Offers 512GB of internal storage. Battery lasts up to 20 hours. Available in green. Built with plastic construction. Fast charging is yes.""]",0,576,candidate
DEC029_FULL,train_kb,conservative_noisy_or_conflict_adjusted,3,It,has_battery_life_hours,20,it|has_battery_life_hours|20,1,[0.85],True,0,0.6375,0.6375,0.88,False,0.6375,False,False,"[""product_36""]","[""unstructured""]","[""It is a smartwatch device. The display measures 6.7 inches. Offers 512GB of internal storage. Battery lasts up to 20 hours. Available in green. Built with plastic construction. Fast charging is yes.""]",0,576,candidate
DEC029_FULL,train_kb,conservative_noisy_or_conflict_adjusted,3,It,has_color,green,it|has_color|green,1,[0.85],False,0,0.6375,0.6375,0.88,False,0.6375,False,False,"[""product_36""]","[""unstructured""]","[""It is a smartwatch device. The display measures 6.7 inches. Offers 512GB of internal storage. Battery lasts up to 20 hours. Available in green. Built with plastic construction. Fast charging is yes.""]",0,576,candidate
DEC029_FULL,train_kb,conservative_noisy_or_conflict_adjusted,3,It,made_of_material,plastic,it|made_of_material|plastic,1,[0.85],True,0,0.6375,0.6375,0.88,False,0.6375,False,False,"[""product_36""]","[""unstructured""]","[""It is a smartwatch device. The display measures 6.7 inches. Offers 512GB of internal storage. Battery lasts up to 20 hours. Available in green. Built with plastic construction. Fast charging is yes.""]",0,576,candidate
DEC029_FULL,train_kb,conservative_noisy_or_conflict_adjusted,3,It,supports_fast_charging,yes,it|supports_fast_charging|yes,1,[0.85],True,0,0.6375,0.6375,0.88,False,0.6375,False,False,"[""product_36""]","[""unstructured""]","[""It is a smartwatch device. The display measures 6.7 inches. Offers 512GB of internal storage. Battery lasts up to 20 hours. Available in green. Built with plastic construction. Fast charging is yes.""]",0,576,candidate
DEC029_FULL,train_kb,conservative_noisy_or_conflict_adjusted,3,It is a smartwatch device.,has_screen_size_inch,null,it is a smartwatch device.|has_screen_size_inch|null,1,[0.85],True,0,0.6375,0.6375,0.88,False,0.6375,False,False,"[""product_39""]","[""unstructured""]","[""It is a smartwatch device. Priced at 1299 USD. Comes with 16GB of RAM. Weighs approximately 0.23kg. Built with aluminum construction. Fast charging is no. Noise cancellation: no.""]",0,576,candidate
DEC029_FULL,train_kb,conservative_noisy_or_conflict_adjusted,3,It is a smartwatch device.,has_price_usd,1299,it is a smartwatch device.|has_price_usd|1299,1,[0.85],True,0,0.6375,0.6375,0.88,False,0.6375,False,False,"[""product_39""]","[""unstructured""]","[""It is a smartwatch device. Priced at 1299 USD. Comes with 16GB of RAM. Weighs approximately 0.23kg. Built with aluminum construction. Fast charging is no. Noise cancellation: no.""]",0,576,candidate
DEC029_FULL,train_kb,conservative_noisy_or_conflict_adjusted,3,It is a smartwatch device.,has_ram_gb,16,it is a smartwatch device.|has_ram_gb|16,1,[0.85],True,0,0.6375,0.6375,0.88,False,0.6375,False,False,"[""product_39""]","[""unstructured""]","[""It is a smartwatch device. Priced at 1299 USD. Comes with 16GB of RAM. Weighs approximately 0.23kg. Built with aluminum construction. Fast charging is no. Noise cancellation: no.""]",0,576,candidate
DEC029_FULL,train_kb,conservative_noisy_or_conflict_adjusted,3,It is a smartwatch device.,has_weight_kg,0.23,it is a smartwatch device.|has_weight_kg|0.23,1,[0.85],True,0,0.6375,0.6375,0.88,False,0.6375,False,False,"[""product_39""]","[""unstructured""]","[""It is a smartwatch device. Priced at 1299 USD. Comes with 16GB of RAM. Weighs approximately 0.23kg. Built with aluminum construction. Fast charging is no. Noise cancellation: no.""]",0,576,candidate
DEC029_FULL,train_kb,conservative_noisy_or_conflict_adjusted,3,It is a smartwatch device.,supports_fast_charging,no,it is a smartwatch device.|supports_fast_charging|no,1,[0.85],True,0,0.6375,0.6375,0.88,False,0.6375,False,False,"[""product_39""]","[""unstructured""]","[""It is a smartwatch device. Priced at 1299 USD. Comes with 16GB of RAM. Weighs approximately 0.23kg. Built with aluminum construction. Fast charging is no. Noise cancellation: no.""]",0,576,candidate
DEC029_FULL,train_kb,conservative_noisy_or_conflict_adjusted,3,It is a smartwatch device.,has_noise_cancellation,no,it is a smartwatch device.|has_noise_cancellation|no,1,[0.85],True,0,0.6375,0.6375,0.88,False,0.6375,False,False,"[""product_39""]","[""unstructured""]","[""It is a smartwatch device. Priced at 1299 USD. Comes with 16GB of RAM. Weighs approximately 0.23kg. Built with aluminum construction. Fast charging is no. Noise cancellation: no.""]",0,576,candidate
DEC029_FULL,train_kb,conservative_noisy_or_conflict_adjusted,3,TechNova Smartphone Pro 1,has_ram_gb,12,technova smartphone pro 1|has_ram_gb|12,2,"[0.9, 0.85]",True,5,0.8821875,0.14703125,0.88,False,0.1125,False,False,"[""product_47"", ""product_47""]","[""unstructured"", ""unstructured""]","[""It is a headphones device. The display measures 14.0 inches. Comes with 12GB of RAM. Battery lasts up to 20 hours. Weighs approximately 1.8kg. Built with aluminum construction. Noise cancellation: no."", ""It is a headphones device. The display measures 14.0 inches. Comes with 12GB of RAM. Battery lasts up to 20 hours. Weighs approximately 1.8kg. Built with aluminum construction. Noise cancellation: no.""]",0,576,candidate
DEC029_FULL,train_kb,conservative_noisy_or_conflict_adjusted,3,TechNova Smartphone Pro 1,manufactured_by,TechNova,technova smartphone pro 1|manufactured_by|technova,1,[0.91],True,0,0.6825,0.6825,0.88,False,,False,False,"[""product_18""]","[""unstructured""]","[""VoltEdge Laptop Plus 18 is manufactured by VoltEdge. Battery lasts up to 10 hours. Weighs approximately 0.23kg. Available in green. Built with aluminum construction. Targeted at the Global market. Noise cancellation: no.""]",0,576,candidate
DEC029_FULL,train_kb,conservative_noisy_or_conflict_adjusted,3,TechNova Smartphone Pro 1,has_weight_kg,0.23,technova smartphone pro 1|has_weight_kg|0.23,1,[0.91],True,5,0.6825,0.11375,0.88,False,,False,False,"[""product_18""]","[""unstructured""]","[""VoltEdge Laptop Plus 18 is manufactured by VoltEdge. Battery lasts up to 10 hours. Weighs approximately 0.23kg. Available in green. Built with aluminum construction. Targeted at the Global market. Noise cancellation: no.""]",0,576,candidate
DEC029_FULL,train_kb,conservative_noisy_or_conflict_adjusted,3,TechNova Smartphone Pro 1,made_of_material,aluminum,technova smartphone pro 1|made_of_material|aluminum,3,"[0.91, 0.91, 0.85]",True,2,0.963457734375,0.32115257812500003,0.88,False,,False,False,"[""product_18"", ""product_31"", ""product_47""]","[""unstructured"", ""unstructured"", ""unstructured""]","[""VoltEdge Laptop Plus 18 is manufactured by VoltEdge. Battery lasts up to 10 hours. Weighs approximately 0.23kg. Available in green. Built with aluminum construction. Targeted at the Global market. Noise cancellation: no."", ""Priced at 299 USD. Comes with 6GB of RAM. Offers 64GB of internal storage. Battery lasts up to 20 hours. Built with aluminum construction. Fast charging is yes. Noise cancellation: no."", ""It is a headphones device. The display measures 14.0 inches. Comes with 12GB of RAM. Battery lasts up to 20 hours. Weighs approximately 1.8kg. Built with aluminum construction. Noise cancellation: no.""]",0,576,candidate
DEC029_FULL,train_kb,conservative_noisy_or_conflict_adjusted,3,It is a laptop device,belongs_to_category,laptop,it is a laptop device|belongs_to_category|laptop,1,[0.85],True,0,0.6375,0.6375,0.88,False,,False,False,"[""product_20""]","[""unstructured""]","[""It is a laptop device. The display measures 14.0 inches. Comes with 6GB of RAM. Battery lasts up to 18 hours. Weighs approximately 0.55kg. Targeted at the US market. Fast charging is yes.""]",0,576,candidate
DEC029_FULL,train_kb,conservative_noisy_or_conflict_adjusted,3,It is a laptop device,manufactured_by,unknown,it is a laptop device|manufactured_by|unknown,1,[0.85],True,0,0.6375,0.6375,0.88,False,,False,False,"[""product_20""]","[""unstructured""]","[""It is a laptop device. The display measures 14.0 inches. Comes with 6GB of RAM. Battery lasts up to 18 hours. Weighs approximately 0.55kg. Targeted at the US market. Fast charging is yes.""]",0,576,candidate
DEC029_FULL,train_kb,conservative_noisy_or_conflict_adjusted,3,The display measures 14.0 inches,has_screen_size_inch,14.0,the display measures 14.0 inches|has_screen_size_inch|14.0,1,[0.92],True,0,0.6900000000000001,0.6900000000000001,0.88,False,,False,False,"[""product_20""]","[""unstructured""]","[""It is a laptop device. The display measures 14.0 inches. Comes with 6GB of RAM. Battery lasts up to 18 hours. Weighs approximately 0.55kg. Targeted at the US market. Fast charging is yes.""]",0,576,candidate
DEC029_FULL,train_kb,conservative_noisy_or_conflict_adjusted,3,The display measures 14.0 inches,belongs_to_category,laptop,the display measures 14.0 inches|belongs_to_category|laptop,1,[0.85],True,0,0.6375,0.6375,0.88,False,,False,False,"[""product_20""]","[""unstructured""]","[""It is a laptop device. The display measures 14.0 inches. Comes with 6GB of RAM. Battery lasts up to 18 hours. Weighs approximately 0.55kg. Targeted at the US market. Fast charging is yes.""]",0,576,candidate
DEC029_FULL,train_kb,conservative_noisy_or_conflict_adjusted,3,Comes with 6GB of RAM,has_ram_gb,6,comes with 6gb of ram|has_ram_gb|6,1,[0.93],True,0,0.6975,0.6975,0.88,False,,False,False,"[""product_20""]","[""unstructured""]","[""It is a laptop device. The display measures 14.0 inches. Comes with 6GB of RAM. Battery lasts up to 18 hours. Weighs approximately 0.55kg. Targeted at the US market. Fast charging is yes.""]",0,576,candidate
DEC029_FULL,train_kb,conservative_noisy_or_conflict_adjusted,3,Battery lasts up to 18 hours,has_battery_life_hours,18,battery lasts up to 18 hours|has_battery_life_hours|18,1,[0.94],True,0,0.705,0.705,0.88,False,,False,False,"[""product_20""]","[""unstructured""]","[""It is a laptop device. The display measures 14.0 inches. Comes with 6GB of RAM. Battery lasts up to 18 hours. Weighs approximately 0.55kg. Targeted at the US market. Fast charging is yes.""]",0,576,candidate
DEC029_FULL,train_kb,conservative_noisy_or_conflict_adjusted,3,Weighs approximately 0.55kg,has_weight_kg,0.55,weighs approximately 0.55kg|has_weight_kg|0.55,1,[0.95],True,0,0.7124999999999999,0.7124999999999999,0.88,False,,False,False,"[""product_20""]","[""unstructured""]","[""It is a laptop device. The display measures 14.0 inches. Comes with 6GB of RAM. Battery lasts up to 18 hours. Weighs approximately 0.55kg. Targeted at the US market. Fast charging is yes.""]",0,576,candidate
DEC029_FULL,train_kb,conservative_noisy_or_conflict_adjusted,3,Targeted at the US market,target_market_region,US,targeted at the us market|target_market_region|us,1,[0.96],True,0,0.72,0.72,0.88,False,,False,False,"[""product_20""]","[""unstructured""]","[""It is a laptop device. The display measures 14.0 inches. Comes with 6GB of RAM. Battery lasts up to 18 hours. Weighs approximately 0.55kg. Targeted at the US market. Fast charging is yes.""]",0,576,candidate
DEC029_FULL,train_kb,conservative_noisy_or_conflict_adjusted,3,Fast charging is yes,supports_fast_charging,yes,fast charging is yes|supports_fast_charging|yes,2,"[0.9, 0.92]",True,0,0.89925,0.89925,0.88,True,,True,False,"[""product_20"", ""product_36""]","[""unstructured"", ""unstructured""]","[""It is a laptop device. The display measures 14.0 inches. Comes with 6GB of RAM. Battery lasts up to 18 hours. Weighs approximately 0.55kg. Targeted at the US market. Fast charging is yes."", ""It is a smartwatch device. The display measures 6.7 inches. Offers 512GB of internal storage. Battery lasts up to 20 hours. Available in green. Built with plastic construction. Fast charging is yes.""]",0,576,candidate
DEC029_FULL,train_kb,conservative_noisy_or_conflict_adjusted,3,It is a smartwatch device,belongs_to_category,smartwatch,it is a smartwatch device|belongs_to_category|smartwatch,2,"[0.85, 0.85]",True,0,0.8685937499999999,0.8685937499999999,0.88,False,,False,False,"[""product_28"", ""product_36""]","[""unstructured"", ""unstructured""]","[""It is a smartwatch device. Priced at 249 USD. Offers 512GB of internal storage. Battery lasts up to 14 hours. Weighs approximately 1.2kg. Targeted at the Global market. Fast charging is yes."", ""It is a smartwatch device. The display measures 6.7 inches. Offers 512GB of internal storage. Battery lasts up to 20 hours. Available in green. Built with plastic construction. Fast charging is yes.""]",0,576,candidate
DEC029_FULL,train_kb,conservative_noisy_or_conflict_adjusted,3,It is a smartwatch device,target_market_region,Global,it is a smartwatch device|target_market_region|global,1,[0.85],True,1,0.6375,0.31875,0.88,False,,False,False,"[""product_28""]","[""unstructured""]","[""It is a smartwatch device. Priced at 249 USD. Offers 512GB of internal storage. Battery lasts up to 14 hours. Weighs approximately 1.2kg. Targeted at the Global market. Fast charging is yes.""]",0,576,candidate
DEC029_FULL,train_kb,conservative_noisy_or_conflict_adjusted,3,It is a smartwatch device,supports_fast_charging,yes,it is a smartwatch device|supports_fast_charging|yes,1,[0.85],True,0,0.6375,0.6375,0.88,False,,False,False,"[""product_28""]","[""unstructured""]","[""It is a smartwatch device. Priced at 249 USD. Offers 512GB of internal storage. Battery lasts up to 14 hours. Weighs approximately 1.2kg. Targeted at the Global market. Fast charging is yes.""]",0,576,candidate
DEC029_FULL,train_kb,conservative_noisy_or_conflict_adjusted,3,Priced at 249 USD,has_price_usd,249,priced at 249 usd|has_price_usd|249,1,[0.85],True,0,0.6375,0.6375,0.88,False,,False,False,"[""product_28""]","[""unstructured""]","[""It is a smartwatch device. Priced at 249 USD. Offers 512GB of internal storage. Battery lasts up to 14 hours. Weighs approximately 1.2kg. Targeted at the Global market. Fast charging is yes.""]",0,576,candidate
DEC029_FULL,train_kb,conservative_noisy_or_conflict_adjusted,3,Offers 512GB of internal storage,has_storage_gb,512,offers 512gb of internal storage|has_storage_gb|512,2,"[0.85, 0.92]",True,0,0.887625,0.887625,0.88,True,,True,False,"[""product_28"", ""product_36""]","[""unstructured"", ""unstructured""]","[""It is a smartwatch device. Priced at 249 USD. Offers 512GB of internal storage. Battery lasts up to 14 hours. Weighs approximately 1.2kg. Targeted at the Global market. Fast charging is yes."", ""It is a smartwatch device. The display measures 6.7 inches. Offers 512GB of internal storage. Battery lasts up to 20 hours. Available in green. Built with plastic construction. Fast charging is yes.""]",0,576,candidate
DEC029_FULL,train_kb,conservative_noisy_or_conflict_adjusted,3,Battery lasts up to 14 hours,has_battery_life_hours,14,battery lasts up to 14 hours|has_battery_life_hours|14,1,[0.85],True,0,0.6375,0.6375,0.88,False,,False,False,"[""product_28""]","[""unstructured""]","[""It is a smartwatch device. Priced at 249 USD. Offers 512GB of internal storage. Battery lasts up to 14 hours. Weighs approximately 1.2kg. Targeted at the Global market. Fast charging is yes.""]",0,576,candidate
DEC029_FULL,train_kb,conservative_noisy_or_conflict_adjusted,3,Weighs approximately 1.2kg,has_weight_kg,1.2,weighs approximately 1.2kg|has_weight_kg|1.2,1,[0.85],True,0,0.6375,0.6375,0.88,False,,False,False,"[""product_28""]","[""unstructured""]","[""It is a smartwatch device. Priced at 249 USD. Offers 512GB of internal storage. Battery lasts up to 14 hours. Weighs approximately 1.2kg. Targeted at the Global market. Fast charging is yes.""]",0,576,candidate
DEC029_FULL,train_kb,conservative_noisy_or_conflict_adjusted,3,It is a tablet device,belongs_to_category,tablet,it is a tablet device|belongs_to_category|tablet,1,[0.85],True,0,0.6375,0.6375,0.88,False,,False,False,"[""product_32""]","[""unstructured""]","[""It is a tablet device. The display measures 6.1 inches. Comes with 16GB of RAM. Offers 256GB of internal storage. Weighs approximately 1.45kg. Available in silver. Built with plastic construction.""]",0,576,candidate
DEC029_FULL,train_kb,conservative_noisy_or_conflict_adjusted,3,It is a tablet device,has_screen_size_inch,6.1,it is a tablet device|has_screen_size_inch|6.1,1,[0.85],True,0,0.6375,0.6375,0.88,False,,False,False,"[""product_32""]","[""unstructured""]","[""It is a tablet device. The display measures 6.1 inches. Comes with 16GB of RAM. Offers 256GB of internal storage. Weighs approximately 1.45kg. Available in silver. Built with plastic construction.""]",0,576,candidate
DEC029_FULL,train_kb,conservative_noisy_or_conflict_adjusted,3,It is a tablet device,has_ram_gb,16,it is a tablet device|has_ram_gb|16,1,[0.85],True,0,0.6375,0.6375,0.88,False,,False,False,"[""product_32""]","[""unstructured""]","[""It is a tablet device. The display measures 6.1 inches. Comes with 16GB of RAM. Offers 256GB of internal storage. Weighs approximately 1.45kg. Available in silver. Built with plastic construction.""]",0,576,candidate
DEC029_FULL,train_kb,conservative_noisy_or_conflict_adjusted,3,It is a tablet device,has_storage_gb,256,it is a tablet device|has_storage_gb|256,1,[0.85],True,0,0.6375,0.6375,0.88,False,,False,False,"[""product_32""]","[""unstructured""]","[""It is a tablet device. The display measures 6.1 inches. Comes with 16GB of RAM. Offers 256GB of internal storage. Weighs approximately 1.45kg. Available in silver. Built with plastic construction.""]",0,576,candidate
DEC029_FULL,train_kb,conservative_noisy_or_conflict_adjusted,3,It is a tablet device,has_weight_kg,1.45,it is a tablet device|has_weight_kg|1.45,1,[0.85],True,0,0.6375,0.6375,0.88,False,,False,False,"[""product_32""]","[""unstructured""]","[""It is a tablet device. The display measures 6.1 inches. Comes with 16GB of RAM. Offers 256GB of internal storage. Weighs approximately 1.45kg. Available in silver. Built with plastic construction.""]",0,576,candidate
DEC029_FULL,train_kb,conservative_noisy_or_conflict_adjusted,3,It is a tablet device,has_color,silver,it is a tablet device|has_color|silver,1,[0.85],False,0,0.6375,0.6375,0.88,False,,False,False,"[""product_32""]","[""unstructured""]","[""It is a tablet device. The display measures 6.1 inches. Comes with 16GB of RAM. Offers 256GB of internal storage. Weighs approximately 1.45kg. Available in silver. Built with plastic construction.""]",0,576,candidate
DEC029_FULL,train_kb,conservative_noisy_or_conflict_adjusted,3,It is a tablet device,made_of_material,plastic,it is a tablet device|made_of_material|plastic,1,[0.85],True,0,0.6375,0.6375,0.88,False,,False,False,"[""product_32""]","[""unstructured""]","[""It is a tablet device. The display measures 6.1 inches. Comes with 16GB of RAM. Offers 256GB of internal storage. Weighs approximately 1.45kg. Available in silver. Built with plastic construction.""]",0,576,candidate
DEC029_FULL,train_kb,conservative_noisy_or_conflict_adjusted,3,It is a smartwatch device,target_market_region,smartwatch,it is a smartwatch device|target_market_region|smartwatch,1,[0.85],True,1,0.6375,0.31875,0.88,False,,False,False,"[""product_36""]","[""unstructured""]","[""It is a smartwatch device. The display measures 6.7 inches. Offers 512GB of internal storage. Battery lasts up to 20 hours. Available in green. Built with plastic construction. Fast charging is yes.""]",0,576,candidate
DEC029_FULL,train_kb,conservative_noisy_or_conflict_adjusted,3,The display measures 6.7 inches,has_screen_size_inch,6.7,the display measures 6.7 inches|has_screen_size_inch|6.7,1,[0.92],True,0,0.6900000000000001,0.6900000000000001,0.88,False,,False,False,"[""product_36""]","[""unstructured""]","[""It is a smartwatch device. The display measures 6.7 inches. Offers 512GB of internal storage. Battery lasts up to 20 hours. Available in green. Built with plastic construction. Fast charging is yes.""]",0,576,candidate
DEC029_FULL,train_kb,conservative_noisy_or_conflict_adjusted,3,The display measures 6.7 inches,manufactured_by,unknown,the display measures 6.7 inches|manufactured_by|unknown,1,[0.85],True,0,0.6375,0.6375,0.88,False,,False,False,"[""product_36""]","[""unstructured""]","[""It is a smartwatch device. The display measures 6.7 inches. Offers 512GB of internal storage. Battery lasts up to 20 hours. Available in green. Built with plastic construction. Fast charging is yes.""]",0,576,candidate
DEC029_FULL,train_kb,conservative_noisy_or_conflict_adjusted,3,Battery lasts up to 20 hours,has_battery_life_hours,20,battery lasts up to 20 hours|has_battery_life_hours|20,1,[0.92],True,0,0.6900000000000001,0.6900000000000001,0.88,False,,False,False,"[""product_36""]","[""unstructured""]","[""It is a smartwatch device. The display measures 6.7 inches. Offers 512GB of internal storage. Battery lasts up to 20 hours. Available in green. Built with plastic construction. Fast charging is yes.""]",0,576,candidate
DEC029_FULL,train_kb,conservative_noisy_or_conflict_adjusted,3,Available in green,has_color,green,available in green|has_color|green,1,[0.92],False,0,0.6900000000000001,0.6900000000000001,0.88,False,,False,False,"[""product_36""]","[""unstructured""]","[""It is a smartwatch device. The display measures 6.7 inches. Offers 512GB of internal storage. Battery lasts up to 20 hours. Available in green. Built with plastic construction. Fast charging is yes.""]",0,576,candidate
DEC029_FULL,train_kb,conservative_noisy_or_conflict_adjusted,3,Built with plastic construction,made_of_material,plastic,built with plastic construction|made_of_material|plastic,1,[0.92],True,0,0.6900000000000001,0.6900000000000001,0.88,False,,False,False,"[""product_36""]","[""unstructured""]","[""It is a smartwatch device. The display measures 6.7 inches. Offers 512GB of internal storage. Battery lasts up to 20 hours. Available in green. Built with plastic construction. Fast charging is yes.""]",0,576,candidate
DEC029_FULL,train_kb,conservative_noisy_or_conflict_adjusted,3,It is a smartwatch device.,belongs_to_category,smartwatch,it is a smartwatch device.|belongs_to_category|smartwatch,1,[0.85],True,0,0.6375,0.6375,0.88,False,,False,False,"[""product_39""]","[""unstructured""]","[""It is a smartwatch device. Priced at 1299 USD. Comes with 16GB of RAM. Weighs approximately 0.23kg. Built with aluminum construction. Fast charging is no. Noise cancellation: no.""]",0,576,candidate
DEC029_FULL,train_kb,conservative_noisy_or_conflict_adjusted,3,Priced at 1299 USD.,has_price_usd,1299,priced at 1299 usd.|has_price_usd|1299,1,[0.92],True,0,0.6900000000000001,0.6900000000000001,0.88,False,,False,False,"[""product_39""]","[""unstructured""]","[""It is a smartwatch device. Priced at 1299 USD. Comes with 16GB of RAM. Weighs approximately 0.23kg. Built with aluminum construction. Fast charging is no. Noise cancellation: no.""]",0,576,candidate
DEC029_FULL,train_kb,conservative_noisy_or_conflict_adjusted,3,Comes with 16GB of RAM.,has_ram_gb,16,comes with 16gb of ram.|has_ram_gb|16,1,[0.93],True,0,0.6975,0.6975,0.88,False,,False,False,"[""product_39""]","[""unstructured""]","[""It is a smartwatch device. Priced at 1299 USD. Comes with 16GB of RAM. Weighs approximately 0.23kg. Built with aluminum construction. Fast charging is no. Noise cancellation: no.""]",0,576,candidate
DEC029_FULL,train_kb,conservative_noisy_or_conflict_adjusted,3,Weighs approximately 0.23kg.,has_weight_kg,0.23,weighs approximately 0.23kg.|has_weight_kg|0.23,1,[0.94],True,0,0.705,0.705,0.88,False,,False,False,"[""product_39""]","[""unstructured""]","[""It is a smartwatch device. Priced at 1299 USD. Comes with 16GB of RAM. Weighs approximately 0.23kg. Built with aluminum construction. Fast charging is no. Noise cancellation: no.""]",0,576,candidate
DEC029_FULL,train_kb,conservative_noisy_or_conflict_adjusted,3,Built with aluminum construction.,made_of_material,aluminum,built with aluminum construction.|made_of_material|aluminum,1,[0.95],True,0,0.7124999999999999,0.7124999999999999,0.88,False,,False,False,"[""product_39""]","[""unstructured""]","[""It is a smartwatch device. Priced at 1299 USD. Comes with 16GB of RAM. Weighs approximately 0.23kg. Built with aluminum construction. Fast charging is no. Noise cancellation: no.""]",0,576,candidate
DEC029_FULL,train_kb,conservative_noisy_or_conflict_adjusted,3,Fast charging is no.,supports_fast_charging,no,fast charging is no.|supports_fast_charging|no,1,[0.96],True,0,0.72,0.72,0.88,False,,False,False,"[""product_39""]","[""unstructured""]","[""It is a smartwatch device. Priced at 1299 USD. Comes with 16GB of RAM. Weighs approximately 0.23kg. Built with aluminum construction. Fast charging is no. Noise cancellation: no.""]",0,576,candidate
DEC029_FULL,train_kb,conservative_noisy_or_conflict_adjusted,3,Noise cancellation: no.,has_noise_cancellation,no,noise cancellation: no.|has_noise_cancellation|no,1,[0.96],True,0,0.72,0.72,0.88,False,,False,False,"[""product_39""]","[""unstructured""]","[""It is a smartwatch device. Priced at 1299 USD. Comes with 16GB of RAM. Weighs approximately 0.23kg. Built with aluminum construction. Fast charging is no. Noise cancellation: no.""]",0,576,candidate
